{"type":"FeatureCollection","name":"p35-subset","crs":{"type":"name","properties":{"name":"urn:ogc:def:crs:EPSG::32648"}},"features":[{"type":"Feature","properties":{"building":"retail","height":6.4,"heightSource":"inferred"},"geometry":{"type":"MultiPolygon","coordinates":[[[[462689.41,1734196.88],[462710.38,1734219.41],[462719.9,1734210.67],[462698.92,1734188.12],[462689.41,1734196.88]]]]}},{"type":"Feature","properties":{"building":"residential","height":3.2,"heightSource":"inferred"},"geometry":{"type":"MultiPolygon","coordinates":[[[[466852.64,1733636.38],[466864.19,1733632.73],[466860.52,1733621.24],[466848.96,1733624.89],[466852.64,1733636.38]]]]}},{"type":"Feature","properties":{"building":"yes","height":6,"heightSource":"default"},"geometry":{"type":"MultiPolygon","coordinates":[[[[467092.67,1733453.2],[467061.34,1733460.04],[467062.35,1733464.6],[467058.23,1733465.52],[467059.92,1733473.18],[467063.88,1733472.31],[467064.73,1733476.16],[467077.63,1733473.32],[467078.65,1733477.9],[467085.06,1733476.47],[467084.12,1733472.27],[467098.81,1733469.01],[467097.83,1733464.67],[467100.99,1733462.96],[467099.68,1733457.01],[467093.8,1733458.3],[467092.67,1733453.2]]]]}},{"type":"Feature","properties":{"building":"yes","height":6,"heightSource":"default"},"geometry":{"type":"MultiPolygon","coordinates":[[[[467104.15,1733491.57],[467121.94,1733488.52],[467124.31,1733502.28],[467097.68,1733506.84],[467096.46,1733499.79],[467093.22,1733500.33],[467092.26,1733494.77],[467095.92,1733494.14],[467094.76,1733487.44],[467103.19,1733486],[467104.15,1733491.57]]]]}},{"type":"Feature","properties":{"building":"kindergarten","height":6,"heightSource":"default"},"geometry":{"type":"MultiPolygon","coordinates":[[[[466842.17,1733762.68],[466850.04,1733790.48],[466862.07,1733787.11],[466854.2,1733759.33],[466842.17,1733762.68]]]]}},{"type":"Feature","properties":{"building":"school","height":6,"heightSource":"default"},"geometry":{"type":"MultiPolygon","coordinates":[[[[466860.72,1733833],[466883.28,1733826.45],[466875.36,1733799.5],[466865.69,1733802.3],[466853.51,1733805.84],[466856.23,1733815.1],[466850.97,1733816.63],[466853.62,1733825.62],[466858.17,1733824.3],[466860.72,1733833]]]]}},{"type":"Feature","properties":{"building":"school","height":6,"heightSource":"default"},"geometry":{"type":"MultiPolygon","coordinates":[[[[466811.76,1733841.57],[466848.37,1733832.23],[466845.57,1733821.35],[466808.95,1733830.68],[466811.76,1733841.57]]]]}},{"type":"Feature","properties":{"building":"school","height":6,"heightSource":"default"},"geometry":{"type":"MultiPolygon","coordinates":[[[[466736.29,1733864.49],[466811.28,1733843.41],[466807.71,1733830.9],[466732.72,1733851.99],[466736.29,1733864.49]]]]}},{"type":"Feature","properties":{"building":"school","height":6,"heightSource":"default"},"geometry":{"type":"MultiPolygon","coordinates":[[[[466683.33,1733785.23],[466701.77,1733844.92],[466714.02,1733841.18],[466695.57,1733781.49],[466683.33,1733785.23]]]]}},{"type":"Feature","properties":{"building":"school","height":6,"heightSource":"default"},"geometry":{"type":"MultiPolygon","coordinates":[[[[466720.96,1733773.99],[466732.24,1733810.79],[466734.03,1733810.25],[466739.89,1733829.36],[466748.43,1733826.77],[466742.85,1733808.58],[466745.22,1733807.87],[466733.64,1733770.14],[466720.96,1733773.99]]]]}},{"type":"Feature","properties":{"building":"yes","height":6,"heightSource":"default"},"geometry":{"type":"MultiPolygon","coordinates":[[[[466728.08,1733727.18],[466750.08,1733719.99],[466740.62,1733691.38],[466718.62,1733698.56],[466728.08,1733727.18]]]]}},{"type":"Feature","properties":{"building":"yes","height":6,"heightSource":"default"},"geometry":{"type":"MultiPolygon","coordinates":[[[[467043.8,1733533.21],[467048.88,1733543.09],[467060.17,1733537.9],[467055.15,1733527.95],[467043.8,1733533.21]]]]}},{"type":"Feature","properties":{"building":"yes","height":6,"heightSource":"default"},"geometry":{"type":"MultiPolygon","coordinates":[[[[466880.25,1733693.3],[466891.2,1733689.77],[466887.77,1733678.54],[466876.58,1733682.54],[466880.25,1733693.3]]]]}},{"type":"Feature","properties":{"building":"yes","height":6,"heightSource":"default"},"geometry":{"type":"MultiPolygon","coordinates":[[[[466875.28,1733680.41],[466887.74,1733676.77],[466884.65,1733666.33],[466872.2,1733669.97],[466875.28,1733680.41]]]]}},{"type":"Feature","properties":{"building":"yes","height":6,"heightSource":"default"},"geometry":{"type":"MultiPolygon","coordinates":[[[[466862.19,1733641.89],[466865.5,1733650.93],[466876.56,1733647.81],[466875.57,1733644.26],[466878.79,1733643.28],[466876.73,1733637.08],[466862.19,1733641.89]]]]}},{"type":"Feature","properties":{"building":"yes","height":6,"heightSource":"default"},"geometry":{"type":"MultiPolygon","coordinates":[[[[466849.15,1733608.56],[466856.75,1733606.61],[466853.58,1733594.31],[466845.97,1733596.26],[466849.15,1733608.56]]]]}},{"type":"Feature","properties":{"building":"yes","height":6,"heightSource":"default"},"geometry":{"type":"MultiPolygon","coordinates":[[[[466841.76,1733616.85],[466848.68,1733614.98],[466847.77,1733611.66],[466849.11,1733611.3],[466844.95,1733596.06],[466836.69,1733598.29],[466841.76,1733616.85]]]]}},{"type":"Feature","properties":{"building":"house","height":6,"heightSource":"default"},"geometry":{"type":"MultiPolygon","coordinates":[[[[466867.08,1733632.11],[466875.47,1733629.14],[466872.2,1733619.46],[466864.09,1733622.57],[466867.08,1733632.11]]]]}},{"type":"Feature","properties":{"building":"house","height":6,"heightSource":"default"},"geometry":{"type":"MultiPolygon","coordinates":[[[[466901.93,1733686.11],[466912.88,1733683.01],[466909.88,1733671.17],[466899.06,1733674.29],[466901.93,1733686.11]]]]}},{"type":"Feature","properties":{"building":"yes","height":6,"heightSource":"default"},"geometry":{"type":"MultiPolygon","coordinates":[[[[466900.01,1733668.77],[466907.58,1733666.74],[466905.41,1733659.48],[466897.96,1733661.65],[466900.01,1733668.77]]]]}},{"type":"Feature","properties":{"building":"yes","height":6,"heightSource":"default"},"geometry":{"type":"MultiPolygon","coordinates":[[[[466883.86,1733623.98],[466894.44,1733620.04],[466898.46,1733618.36],[466895.01,1733609.47],[466880.4,1733615.09],[466883.86,1733623.98]]]]}},{"type":"Feature","properties":{"building":"yes","height":6,"heightSource":"default"},"geometry":{"type":"MultiPolygon","coordinates":[[[[466883.86,1733623.98],[466888.07,1733635.15],[466898.65,1733631.22],[466894.44,1733620.04],[466883.86,1733623.98]]]]}},{"type":"Feature","properties":{"building":"yes","height":6,"heightSource":"default"},"geometry":{"type":"MultiPolygon","coordinates":[[[[466834.61,1733634.44],[466839.08,1733643.17],[466849.5,1733637.65],[466844.88,1733629.05],[466834.61,1733634.44]]]]}},{"type":"Feature","properties":{"building":"yes","height":6,"heightSource":"default"},"geometry":{"type":"MultiPolygon","coordinates":[[[[466908.39,1733607.95],[466909.99,1733611.99],[466907.47,1733612.97],[466912.87,1733626.63],[466915.56,1733625.58],[466917.94,1733631.59],[466923.44,1733629.43],[466921.47,1733624.46],[466923.68,1733623.59],[466916.28,1733604.86],[466908.39,1733607.95]]]]}},{"type":"Feature","properties":{"building":"yes","height":6,"heightSource":"default"},"geometry":{"type":"MultiPolygon","coordinates":[[[[466920.55,1733601.35],[466930,1733627.24],[466927.88,1733628.01],[466932.9,1733641.8],[466942.2,1733638.45],[466927.73,1733598.76],[466920.55,1733601.35]]]]}},{"type":"Feature","properties":{"building":"yes","height":6,"heightSource":"default"},"geometry":{"type":"MultiPolygon","coordinates":[[[[466929.05,1733598.46],[466934.37,1733614.49],[466946.38,1733609.91],[466942,1733594.58],[466929.05,1733598.46]]]]}},{"type":"Feature","properties":{"building":"yes","height":6,"heightSource":"default"},"geometry":{"type":"MultiPolygon","coordinates":[[[[466867.32,1733696.25],[466875.6,1733693.84],[466873.42,1733685.3],[466865.03,1733687.7],[466867.32,1733696.25]]]]}},{"type":"Feature","properties":{"building":"yes","height":6,"heightSource":"default"},"geometry":{"type":"MultiPolygon","coordinates":[[[[466855.35,1733699.02],[466864.17,1733696.35],[466861,1733686.4],[466852.15,1733688.97],[466855.35,1733699.02]]]]}},{"type":"Feature","properties":{"building":"yes","height":6,"heightSource":"default"},"geometry":{"type":"MultiPolygon","coordinates":[[[[466846.75,1733701.72],[466855.35,1733699.02],[466852.15,1733688.97],[466843.55,1733691.66],[466846.75,1733701.72]]]]}},{"type":"Feature","properties":{"building":"yes","height":6,"heightSource":"default"},"geometry":{"type":"MultiPolygon","coordinates":[[[[466824.82,1733649.2],[466833.27,1733645.3],[466829.04,1733636.24],[466820.59,1733640.12],[466824.82,1733649.2]]]]}},{"type":"Feature","properties":{"building":"yes","height":6,"heightSource":"default"},"geometry":{"type":"MultiPolygon","coordinates":[[[[465160.54,1734521.42],[465174.09,1734551.74],[465222.1,1734531.76],[465208.54,1734501.95],[465160.54,1734521.42]]]]}},{"type":"Feature","properties":{"building":"yes","height":6,"heightSource":"default"},"geometry":{"type":"MultiPolygon","coordinates":[[[[466819.14,1733606.79],[466822.79,1733616.13],[466831.2,1733612.01],[466827.56,1733603.16],[466819.14,1733606.79]]]]}},{"type":"Feature","properties":{"building":"yes","height":6,"heightSource":"default"},"geometry":{"type":"MultiPolygon","coordinates":[[[[466822.26,1733589.18],[466828.58,1733600.71],[466835.04,1733597.22],[466828.71,1733585.68],[466822.26,1733589.18]]]]}},{"type":"Feature","properties":{"building":"yes","height":6,"heightSource":"default"},"geometry":{"type":"MultiPolygon","coordinates":[[[[466855.43,1733590.32],[466858.43,1733600.98],[466868.66,1733597.69],[466865.01,1733586.7],[466855.43,1733590.32]]]]}},{"type":"Feature","properties":{"building":"yes","height":6,"heightSource":"default"},"geometry":{"type":"MultiPolygon","coordinates":[[[[466886.16,1733596.51],[466897.21,1733591.74],[466892.89,1733580.1],[466881.02,1733584.54],[466886.16,1733596.51]]]]}},{"type":"Feature","properties":{"building":"yes","height":6,"heightSource":"default"},"geometry":{"type":"MultiPolygon","coordinates":[[[[466895.89,1733582.86],[466900.35,1733594.99],[466910.27,1733591.12],[466905.93,1733578.42],[466902.5,1733579.85],[466900.61,1733574.28],[466896.16,1733576.14],[466898.61,1733581.28],[466895.89,1733582.86]]]]}},{"type":"Feature","properties":{"building":"yes","height":6,"heightSource":"default"},"geometry":{"type":"MultiPolygon","coordinates":[[[[466911.84,1733587.4],[466919.74,1733584.54],[466915.7,1733570.83],[466907.22,1733573.98],[466911.84,1733587.4]]]]}},{"type":"Feature","properties":{"building":"yes","height":6,"heightSource":"default"},"geometry":{"type":"MultiPolygon","coordinates":[[[[466929.66,1733585.09],[466937.99,1733582.08],[466934.1,1733571.81],[466925.76,1733574.96],[466929.66,1733585.09]]]]}},{"type":"Feature","properties":{"building":"yes","height":6,"heightSource":"default"},"geometry":{"type":"MultiPolygon","coordinates":[[[[466942.16,1733581.51],[466950.2,1733578.49],[466947.17,1733569.07],[466938.84,1733572.08],[466942.16,1733581.51]]]]}},{"type":"Feature","properties":{"building":"yes","height":6,"heightSource":"default"},"geometry":{"type":"MultiPolygon","coordinates":[[[[466960.57,1733577.65],[466970.17,1733574.47],[466966.99,1733563.76],[466957.65,1733567.34],[466960.57,1733577.65]]]]}},{"type":"Feature","properties":{"building":"yes","height":6,"heightSource":"default"},"geometry":{"type":"MultiPolygon","coordinates":[[[[466970.95,1733572.6],[466979.13,1733570.31],[466976.11,1733558.45],[466968.34,1733560.18],[466969.93,1733564.04],[466968.35,1733564.33],[466970.95,1733572.6]]]]}},{"type":"Feature","properties":{"building":"yes","height":6,"heightSource":"default"},"geometry":{"type":"MultiPolygon","coordinates":[[[[466984.31,1733568.58],[466993.21,1733565.86],[466989.04,1733555.29],[466979.99,1733558.59],[466984.31,1733568.58]]]]}},{"type":"Feature","properties":{"building":"yes","height":6,"heightSource":"default"},"geometry":{"type":"MultiPolygon","coordinates":[[[[466995.51,1733564.85],[467006.29,1733561.26],[467002.24,1733551.14],[466991.62,1733555.14],[466995.51,1733564.85]]]]}},{"type":"Feature","properties":{"building":"yes","height":6,"heightSource":"default"},"geometry":{"type":"MultiPolygon","coordinates":[[[[466774.46,1733726.7],[466782.37,1733723.65],[466780.05,1733716.44],[466771.97,1733719.56],[466774.46,1733726.7]]]]}},{"type":"Feature","properties":{"building":"yes","height":6,"heightSource":"default"},"geometry":{"type":"MultiPolygon","coordinates":[[[[467011.92,1733559.55],[467022.3,1733556.06],[467018.4,1733544.25],[467008.03,1733548.37],[467011.92,1733559.55]]]]}},{"type":"Feature","properties":{"building":"yes","height":6,"heightSource":"default"},"geometry":{"type":"MultiPolygon","coordinates":[[[[467028.3,1733558.91],[467040.69,1733553.55],[467033.03,1733537.14],[467020.78,1733542.76],[467028.3,1733558.91]]]]}},{"type":"Feature","properties":{"building":"yes","height":6,"heightSource":"default"},"geometry":{"type":"MultiPolygon","coordinates":[[[[467027.6,1733569.38],[467030.78,1733579.11],[467038.83,1733575.75],[467040.04,1733578.24],[467048.3,1733574.87],[467043.5,1733562.87],[467027.6,1733569.38]]]]}},{"type":"Feature","properties":{"building":"yes","height":6,"heightSource":"default"},"geometry":{"type":"MultiPolygon","coordinates":[[[[467053.43,1733577.67],[467055.95,1733585.9],[467066.4,1733582.09],[467063.66,1733573.88],[467053.43,1733577.67]]]]}},{"type":"Feature","properties":{"building":"yes","height":6,"heightSource":"default"},"geometry":{"type":"MultiPolygon","coordinates":[[[[466984.61,1733600.38],[466994.2,1733596.91],[466990.47,1733586.95],[466980.9,1733590.64],[466984.61,1733600.38]]]]}},{"type":"Feature","properties":{"building":"yes","height":6,"heightSource":"default"},"geometry":{"type":"MultiPolygon","coordinates":[[[[466953.15,1733608.33],[466961.75,1733605.07],[466962.3,1733606.37],[466972.74,1733602.67],[466969.79,1733592.29],[466959.12,1733595.44],[466959.02,1733597.39],[466950.74,1733600.43],[466953.15,1733608.33]]]]}},{"type":"Feature","properties":{"building":"yes","height":6,"heightSource":"default"},"geometry":{"type":"MultiPolygon","coordinates":[[[[466793.3,1733627.49],[466802.49,1733623.47],[466797.16,1733614.76],[466793.58,1733616.48],[466788.98,1733618.78],[466793.3,1733627.49]]]]}},{"type":"Feature","properties":{"building":"commercial","height":6,"heightSource":"default"},"geometry":{"type":"MultiPolygon","coordinates":[[[[465639.66,1734087.88],[465705.67,1734089.69],[465706.56,1734057.78],[465640.55,1734055.97],[465639.66,1734087.88]]]]}},{"type":"Feature","properties":{"building":"commercial","height":6,"heightSource":"default"},"geometry":{"type":"MultiPolygon","coordinates":[[[[465619.9,1734035.56],[465657.81,1734010.37],[465632.45,1733971.56],[465593.4,1733994.47],[465619.9,1734035.56]]]]}},{"type":"Feature","properties":{"building":"commercial","height":6,"heightSource":"default"},"geometry":{"type":"MultiPolygon","coordinates":[[[[465560.61,1733937.91],[465596.23,1733914.48],[465558.98,1733861.78],[465524.88,1733888.21],[465560.61,1733937.91]]]]}},{"type":"Feature","properties":{"building":"commercial","height":6,"heightSource":"default"},"geometry":{"type":"MultiPolygon","coordinates":[[[[465496.57,1734077.39],[465587.93,1734038.7],[465570.36,1733997.73],[465511.4,1734022.69],[465507.43,1734013.41],[465452.03,1734036.86],[465463.67,1734064.03],[465486.67,1734054.3],[465496.57,1734077.39]]]]}},{"type":"Feature","properties":{"building":"commercial","height":6,"heightSource":"default"},"geometry":{"type":"MultiPolygon","coordinates":[[[[465477.1,1734077.63],[465476.64,1734104.99],[465500.16,1734105.93],[465502.12,1734078.59],[465477.1,1734077.63]]]]}},{"type":"Feature","properties":{"building":"commercial","height":6,"heightSource":"default"},"geometry":{"type":"MultiPolygon","coordinates":[[[[465505.02,1734107.33],[465546.84,1734111.81],[465550.29,1734083.03],[465508.46,1734079.62],[465505.02,1734107.33]]]]}},{"type":"Feature","properties":{"building":"yes","height":6,"heightSource":"default"},"geometry":{"type":"MultiPolygon","coordinates":[[[[465581.26,1734112.85],[465608.05,1734114.54],[465611.52,1734098.73],[465598.89,1734098.54],[465594.5,1734082.31],[465573.16,1734087.97],[465576.23,1734097.27],[465579.93,1734095.75],[465583.21,1734103.97],[465581.26,1734112.85]]]]}},{"type":"Feature","properties":{"building":"yes","height":6,"heightSource":"default"},"geometry":{"type":"MultiPolygon","coordinates":[[[[462685.58,1734035.47],[462695.82,1734040.87],[462700.17,1734033.28],[462689.91,1734027.02],[462685.58,1734035.47]]]]}},{"type":"Feature","properties":{"building":"yes","height":6,"heightSource":"default"},"geometry":{"type":"MultiPolygon","coordinates":[[[[462674.6,1734049.61],[462693.13,1734055.62],[462696.61,1734045.02],[462678.09,1734039.02],[462674.6,1734049.61]]]]}},{"type":"Feature","properties":{"building":"yes","height":6,"heightSource":"default"},"geometry":{"type":"MultiPolygon","coordinates":[[[[462704.47,1734254.63],[462711.1,1734265.19],[462725.31,1734257.17],[462719.26,1734246.17],[462704.47,1734254.63]]]]}},{"type":"Feature","properties":{"building":"yes","height":6,"heightSource":"default"},"geometry":{"type":"MultiPolygon","coordinates":[[[[462723,1734244.6],[462727.46,1734255.74],[462735.79,1734252.86],[462731.33,1734241.02],[462723,1734244.6]]]]}},{"type":"Feature","properties":{"building":"retail","height":9.6,"heightSource":"inferred"},"geometry":{"type":"MultiPolygon","coordinates":[[[[462744.33,1734242.8],[462747.76,1734252.21],[462757.17,1734248.82],[462753.73,1734239.41],[462744.33,1734242.8]]]]}},{"type":"Feature","properties":{"building":"commercial","height":3.2,"heightSource":"inferred"},"geometry":{"type":"MultiPolygon","coordinates":[[[[462755.93,1734238.55],[462760.18,1734250.82],[462754.77,1734252.67],[462758.38,1734263.1],[462772.68,1734258.2],[462764.81,1734235.51],[462755.93,1734238.55]]]]}},{"type":"Feature","properties":{"building":"retail","height":6,"heightSource":"default"},"geometry":{"type":"MultiPolygon","coordinates":[[[[462731.12,1734207.17],[462749.51,1734201.42],[462740.55,1734174.31],[462722.17,1734180.76],[462731.12,1734207.17]]]]}},{"type":"Feature","properties":{"building":"commercial","height":6,"heightSource":"default"},"geometry":{"type":"MultiPolygon","coordinates":[[[[462762.58,1734208.26],[462775.97,1734203.36],[462772.02,1734192.73],[462758.64,1734197.63],[462762.58,1734208.26]]]]}},{"type":"Feature","properties":{"building":"yes","height":6,"heightSource":"default"},"geometry":{"type":"MultiPolygon","coordinates":[[[[465473.79,1734285.13],[465453.33,1734292.1],[465458.58,1734305.72],[465478.89,1734298.21],[465473.79,1734285.13]]]]}},{"type":"Feature","properties":{"building":"yes","height":6,"heightSource":"default"},"geometry":{"type":"MultiPolygon","coordinates":[[[[465528.65,1734276.75],[465545.15,1734271.25],[465542.51,1734263.43],[465525.89,1734268.93],[465528.65,1734276.75]]]]}},{"type":"Feature","properties":{"building":"yes","height":6,"heightSource":"default"},"geometry":{"type":"MultiPolygon","coordinates":[[[[466804.91,1733655.18],[466812.11,1733652.34],[466807.35,1733640.47],[466799.96,1733643.13],[466804.91,1733655.18]]]]}},{"type":"Feature","properties":{"building":"yes","height":6,"heightSource":"default"},"geometry":{"type":"MultiPolygon","coordinates":[[[[466782.54,1733663.12],[466792.21,1733658.97],[466784.8,1733644.47],[466775.51,1733647.87],[466782.54,1733663.12]]]]}},{"type":"Feature","properties":{"building":"yes","height":6,"heightSource":"default"},"geometry":{"type":"MultiPolygon","coordinates":[[[[466767.18,1733662.2],[466773.08,1733674.45],[466782.37,1733669.72],[466775.9,1733657.29],[466767.18,1733662.2]]]]}},{"type":"Feature","properties":{"building":"yes","height":6,"heightSource":"default"},"geometry":{"type":"MultiPolygon","coordinates":[[[[466892.18,1733648.33],[466894.63,1733654.89],[466904.26,1733650.87],[466901.95,1733644.16],[466892.18,1733648.33]]]]}},{"type":"Feature","properties":{"building":"yes","height":6,"heightSource":"default"},"geometry":{"type":"MultiPolygon","coordinates":[[[[466928.58,1733675.55],[466937.2,1733672.4],[466934.03,1733663.83],[466925.27,1733667.13],[466928.58,1733675.55]]]]}},{"type":"Feature","properties":{"building":"yes","height":6,"heightSource":"default"},"geometry":{"type":"MultiPolygon","coordinates":[[[[466939.78,1733671.67],[466948.27,1733668.95],[466945.08,1733657.24],[466936.31,1733660.12],[466939.78,1733671.67]]]]}},{"type":"Feature","properties":{"building":"yes","height":6,"heightSource":"default"},"geometry":{"type":"MultiPolygon","coordinates":[[[[466963.63,1733664.22],[466976.41,1733659.92],[466972.81,1733649.35],[466960.17,1733653.66],[466963.63,1733664.22]]]]}},{"type":"Feature","properties":{"building":"yes","height":6,"heightSource":"default"},"geometry":{"type":"MultiPolygon","coordinates":[[[[466980.16,1733662.91],[466988.2,1733659.9],[466984.6,1733649.62],[466976.26,1733652.48],[466980.16,1733662.91]]]]}},{"type":"Feature","properties":{"building":"yes","height":6,"heightSource":"default"},"geometry":{"type":"MultiPolygon","coordinates":[[[[466966.76,1733618.17],[466976.23,1733614.7],[466973.28,1733606.58],[466963.81,1733610.06],[466966.76,1733618.17]]]]}},{"type":"Feature","properties":{"building":"yes","height":6,"heightSource":"default"},"geometry":{"type":"MultiPolygon","coordinates":[[[[466991,1733658.62],[466999.82,1733655.9],[466997.3,1733648.22],[466988.7,1733650.94],[466991,1733658.62]]]]}},{"type":"Feature","properties":{"building":"yes","height":6,"heightSource":"default"},"geometry":{"type":"MultiPolygon","coordinates":[[[[467001.56,1733653.3],[467016.37,1733648.73],[467014.06,1733638.67],[466998.39,1733643.35],[467001.56,1733653.3]]]]}},{"type":"Feature","properties":{"building":"yes","height":6,"heightSource":"default"},"geometry":{"type":"MultiPolygon","coordinates":[[[[467040.54,1733642.63],[467059.47,1733636.45],[467056.08,1733625.41],[467039.53,1733630.51],[467041.28,1733634.41],[467038.23,1733635.6],[467040.54,1733642.63]]]]}},{"type":"Feature","properties":{"building":"yes","height":6,"heightSource":"default"},"geometry":{"type":"MultiPolygon","coordinates":[[[[466753.4,1733668.74],[466760.41,1733665.98],[466755.88,1733654.81],[466748.89,1733657.3],[466753.4,1733668.74]]]]}},{"type":"Feature","properties":{"building":"yes","height":6,"heightSource":"default"},"geometry":{"type":"MultiPolygon","coordinates":[[[[466734.89,1733675.22],[466743.4,1733672.22],[466739.88,1733662.54],[466731.38,1733665.28],[466734.89,1733675.22]]]]}},{"type":"Feature","properties":{"building":"yes","height":6,"heightSource":"default"},"geometry":{"type":"MultiPolygon","coordinates":[[[[466717.63,1733676.74],[466727.64,1733673.24],[466731.1,1733681.59],[466721.48,1733685.71],[466717.63,1733676.74]]]]}},{"type":"Feature","properties":{"building":"yes","height":6,"heightSource":"default"},"geometry":{"type":"MultiPolygon","coordinates":[[[[466718.88,1733673.26],[466729.13,1733670.01],[466726.37,1733662.31],[466716.12,1733665.55],[466717.09,1733668.3],[466718.28,1733671.58],[466718.88,1733673.26]]]]}},{"type":"Feature","properties":{"building":"yes","height":6,"heightSource":"default"},"geometry":{"type":"MultiPolygon","coordinates":[[[[466712.47,1733678.04],[466702.43,1733680.85],[466704.79,1733689.17],[466714.83,1733686.37],[466712.47,1733678.04]]]]}},{"type":"Feature","properties":{"building":"yes","height":6,"heightSource":"default"},"geometry":{"type":"MultiPolygon","coordinates":[[[[466718.28,1733671.58],[466710.96,1733674.2],[466709.78,1733670.94],[466717.09,1733668.3],[466718.28,1733671.58]]]]}},{"type":"Feature","properties":{"building":"yes","height":6,"heightSource":"default"},"geometry":{"type":"MultiPolygon","coordinates":[[[[466651.4,1733685.95],[466657.09,1733702.5],[466665.44,1733699.67],[466659.74,1733683.11],[466651.4,1733685.95]]]]}},{"type":"Feature","properties":{"building":"yes","height":6,"heightSource":"default"},"geometry":{"type":"MultiPolygon","coordinates":[[[[466668.16,1733702.61],[466660.21,1733705.51],[466664.24,1733716.42],[466672.2,1733713.51],[466668.16,1733702.61]]]]}},{"type":"Feature","properties":{"building":"yes","height":6,"heightSource":"default"},"geometry":{"type":"MultiPolygon","coordinates":[[[[466669.84,1733744.14],[466673.81,1733756.55],[466688.6,1733751.87],[466684.62,1733739.48],[466669.84,1733744.14]]]]}},{"type":"Feature","properties":{"building":"yes","height":6,"heightSource":"default"},"geometry":{"type":"MultiPolygon","coordinates":[[[[466751.35,1733718.15],[466753.73,1733728.83],[466763.33,1733726.73],[466762.39,1733722.48],[466770.85,1733720.62],[466768.23,1733708.87],[466759.58,1733710.77],[466760.76,1733716.09],[466751.35,1733718.15]]]]}},{"type":"Feature","properties":{"building":"yes","height":6,"heightSource":"default"},"geometry":{"type":"MultiPolygon","coordinates":[[[[466790.98,1733720.35],[466800.63,1733717.65],[466797.94,1733708.2],[466788.3,1733710.92],[466790.98,1733720.35]]]]}},{"type":"Feature","properties":{"building":"yes","height":6,"heightSource":"default"},"geometry":{"type":"MultiPolygon","coordinates":[[[[466775.28,1733687.89],[466783.65,1733686.05],[466781.6,1733676.84],[466773.23,1733678.69],[466775.28,1733687.89]]]]}},{"type":"Feature","properties":{"building":"yes","height":6,"heightSource":"default"},"geometry":{"type":"MultiPolygon","coordinates":[[[[466819.31,1733712.1],[466828.96,1733708.57],[466825.73,1733699.89],[466816.09,1733703.43],[466819.31,1733712.1]]]]}},{"type":"Feature","properties":{"building":"yes","height":6,"heightSource":"default"},"geometry":{"type":"MultiPolygon","coordinates":[[[[466810.67,1733693.35],[466814.49,1733702.87],[466824.42,1733698.93],[466820.6,1733689.42],[466810.67,1733693.35]]]]}},{"type":"Feature","properties":{"building":"yes","height":6,"heightSource":"default"},"geometry":{"type":"MultiPolygon","coordinates":[[[[466833.1,1733706.37],[466841.86,1733703.02],[466837.96,1733692.96],[466829.2,1733696.31],[466833.1,1733706.37]]]]}},{"type":"Feature","properties":{"building":"yes","height":6,"heightSource":"default"},"geometry":{"type":"MultiPolygon","coordinates":[[[[466817.3,1733673.42],[466820.85,1733681.96],[466830.13,1733678.14],[466826.57,1733669.6],[466817.3,1733673.42]]]]}},{"type":"Feature","properties":{"building":"yes","height":6,"heightSource":"default"},"geometry":{"type":"MultiPolygon","coordinates":[[[[466827.75,1733663.79],[466832.44,1733675.37],[466841.05,1733671.92],[466836.37,1733660.34],[466827.75,1733663.79]]]]}},{"type":"Feature","properties":{"building":"yes","height":6,"heightSource":"default"},"geometry":{"type":"MultiPolygon","coordinates":[[[[466843.62,1733647.25],[466847.89,1733657.55],[466857.66,1733653.55],[466853.39,1733643.26],[466843.62,1733647.25]]]]}},{"type":"Feature","properties":{"building":"yes","height":6,"heightSource":"default"},"geometry":{"type":"MultiPolygon","coordinates":[[[[466784.85,1733563.22],[466789.62,1733573.91],[466798.62,1733569.42],[466793.6,1733558.98],[466784.85,1733563.22]]]]}},{"type":"Feature","properties":{"building":"yes","height":6,"heightSource":"default"},"geometry":{"type":"MultiPolygon","coordinates":[[[[466772.09,1733634.9],[466779.58,1733630.48],[466768.95,1733612.89],[466762.92,1733616.54],[466768.4,1733625.49],[466767.25,1733626.77],[466772.09,1733634.9]]]]}},{"type":"Feature","properties":{"building":"yes","height":6,"heightSource":"default"},"geometry":{"type":"MultiPolygon","coordinates":[[[[466758.68,1733640.14],[466768.13,1733636.55],[466763,1733623.17],[466753.56,1733626.76],[466758.68,1733640.14]]]]}},{"type":"Feature","properties":{"building":"yes","height":6,"heightSource":"default"},"geometry":{"type":"MultiPolygon","coordinates":[[[[466747.85,1733642.82],[466754.21,1733640.43],[466750.04,1733629.49],[466745.19,1733631.31],[466747.29,1733636.8],[466746,1733637.94],[466747.85,1733642.82]]]]}},{"type":"Feature","properties":{"building":"yes","height":6,"heightSource":"default"},"geometry":{"type":"MultiPolygon","coordinates":[[[[466736.24,1733649.24],[466745.72,1733645.65],[466741.24,1733632.95],[466732.91,1733635.4],[466735.51,1733641.53],[466734.08,1733642.53],[466736.24,1733649.24]]]]}},{"type":"Feature","properties":{"building":"yes","height":6,"heightSource":"default"},"geometry":{"type":"MultiPolygon","coordinates":[[[[466704.74,1733630.58],[466708.63,1733639.28],[466716.96,1733635.7],[466713.36,1733627],[466704.74,1733630.58]]]]}},{"type":"Feature","properties":{"building":"yes","height":6,"heightSource":"default"},"geometry":{"type":"MultiPolygon","coordinates":[[[[466698.46,1733660.43],[466707.51,1733657.42],[466704.61,1733647.57],[466695.28,1733649.73],[466695.71,1733651.86],[466688.25,1733653.45],[466691.42,1733662.59],[466698.46,1733660.43]]]]}},{"type":"Feature","properties":{"building":"yes","height":6,"heightSource":"default"},"geometry":{"type":"MultiPolygon","coordinates":[[[[466685.49,1733637.04],[466699.27,1733631.44],[466695.53,1733621.16],[466681.45,1733626.9],[466685.49,1733637.04]]]]}},{"type":"Feature","properties":{"building":"yes","height":6,"heightSource":"default"},"geometry":{"type":"MultiPolygon","coordinates":[[[[466673.17,1733668.32],[466681.65,1733665.46],[466680.84,1733663.41],[466678.33,1733657.18],[466670.15,1733660.19],[466673.17,1733668.32]]]]}},{"type":"Feature","properties":{"building":"yes","height":6,"heightSource":"default"},"geometry":{"type":"MultiPolygon","coordinates":[[[[466680.84,1733663.41],[466687.97,1733661.73],[466683.35,1733646.89],[466676.59,1733648.89],[466680.84,1733663.41]]]]}},{"type":"Feature","properties":{"building":"yes","height":6,"heightSource":"default"},"geometry":{"type":"MultiPolygon","coordinates":[[[[466649.62,1733675.07],[466658.09,1733672.35],[466655.34,1733663.64],[466647.16,1733666.23],[466649.62,1733675.07]]]]}},{"type":"Feature","properties":{"building":"yes","height":6,"heightSource":"default"},"geometry":{"type":"MultiPolygon","coordinates":[[[[466641.54,1733654.95],[466650.3,1733651.65],[466645.97,1733638.09],[466636.77,1733641.68],[466641.54,1733654.95]]]]}},{"type":"Feature","properties":{"building":"yes","height":6,"heightSource":"default"},"geometry":{"type":"MultiPolygon","coordinates":[[[[466668.52,1733634.77],[466672.69,1733632.05],[466667.22,1733624.34],[466663.06,1733627.36],[466668.52,1733634.77]]]]}},{"type":"Feature","properties":{"building":"yes","height":6,"heightSource":"default"},"geometry":{"type":"MultiPolygon","coordinates":[[[[466871.75,1733575.35],[466882.51,1733572.36],[466875.98,1733554.46],[466865.97,1733557.96],[466871.75,1733575.35]]]]}},{"type":"Feature","properties":{"building":"yes","height":6,"heightSource":"default"},"geometry":{"type":"MultiPolygon","coordinates":[[[[466903.81,1733570.68],[466912.53,1733568.02],[466910.06,1733561.81],[466901.71,1733564.66],[466903.81,1733570.68]]]]}},{"type":"Feature","properties":{"building":"yes","height":6,"heightSource":"default"},"geometry":{"type":"MultiPolygon","coordinates":[[[[466885.42,1733567.5],[466894.32,1733564.67],[466890.7,1733553.55],[466881.79,1733556.58],[466885.42,1733567.5]]]]}},{"type":"Feature","properties":{"building":"yes","height":6,"heightSource":"default"},"geometry":{"type":"MultiPolygon","coordinates":[[[[466870.03,1733554.71],[466878.75,1733552.24],[466876.08,1733545.47],[466868.13,1733548.11],[466870.03,1733554.71]]]]}},{"type":"Feature","properties":{"building":"yes","height":6,"heightSource":"default"},"geometry":{"type":"MultiPolygon","coordinates":[[[[466859.59,1733547],[466868.88,1733544.35],[466865.64,1733535.31],[466856.73,1733537.95],[466859.59,1733547]]]]}},{"type":"Feature","properties":{"building":"yes","height":6,"heightSource":"default"},"geometry":{"type":"MultiPolygon","coordinates":[[[[466895.63,1733553.55],[466906.05,1733549.57],[466901.3,1733537.7],[466891.45,1733541.86],[466895.63,1733553.55]]]]}},{"type":"Feature","properties":{"building":"yes","height":6,"heightSource":"default"},"geometry":{"type":"MultiPolygon","coordinates":[[[[466898.06,1733530.17],[466906.59,1733527.52],[466902.97,1733516.22],[466894.64,1733518.87],[466898.06,1733530.17]]]]}},{"type":"Feature","properties":{"building":"yes","height":6,"heightSource":"default"},"geometry":{"type":"MultiPolygon","coordinates":[[[[466869.81,1733536.99],[466880.62,1733532.27],[466876.81,1733523.61],[466865.63,1733528.34],[466869.81,1733536.99]]]]}},{"type":"Feature","properties":{"building":"yes","height":6,"heightSource":"default"},"geometry":{"type":"MultiPolygon","coordinates":[[[[466940,1733547.26],[466949.09,1733546.49],[466948.14,1733535.75],[466939.03,1733536.89],[466940,1733547.26]]]]}},{"type":"Feature","properties":{"building":"yes","height":6,"heightSource":"default"},"geometry":{"type":"MultiPolygon","coordinates":[[[[466913.23,1733523.56],[466919.29,1733521.28],[466916.24,1733511.11],[466910.18,1733513.76],[466913.23,1733523.56]]]]}},{"type":"Feature","properties":{"building":"yes","height":6,"heightSource":"default"},"geometry":{"type":"MultiPolygon","coordinates":[[[[466939.96,1733519.75],[466949.62,1733517.46],[466947.14,1733506.92],[466937.48,1733509.39],[466939.96,1733519.75]]]]}},{"type":"Feature","properties":{"building":"yes","height":6,"heightSource":"default"},"geometry":{"type":"MultiPolygon","coordinates":[[[[466963.67,1733524.8],[466972.58,1733523.09],[466970.67,1733513.48],[466961.56,1733514.81],[466963.67,1733524.8]]]]}},{"type":"Feature","properties":{"building":"yes","height":6,"heightSource":"default"},"geometry":{"type":"MultiPolygon","coordinates":[[[[466990.35,1733540.69],[467002.2,1733538.9],[467000.18,1733525.61],[466988.33,1733527.41],[466990.35,1733540.69]]]]}},{"type":"Feature","properties":{"building":"yes","height":6,"heightSource":"default"},"geometry":{"type":"MultiPolygon","coordinates":[[[[467003.76,1733526.81],[467023.38,1733518.61],[467018.71,1733507.59],[466999.09,1733515.8],[467003.76,1733526.81]]]]}},{"type":"Feature","properties":{"building":"residential","height":6,"heightSource":"default"},"geometry":{"type":"MultiPolygon","coordinates":[[[[467102.14,1733550.42],[467122.41,1733540.96],[467119.75,1733533.43],[467098.53,1733542.89],[467102.14,1733550.42]]]]}},{"type":"Feature","properties":{"building":"residential","height":6,"heightSource":"default"},"geometry":{"type":"MultiPolygon","coordinates":[[[[467125.26,1733537.76],[467134.35,1733533.41],[467130.54,1733523.62],[467120.51,1733528.16],[467125.26,1733537.76]]]]}},{"type":"Feature","properties":{"building":"residential","height":6,"heightSource":"default"},"geometry":{"type":"MultiPolygon","coordinates":[[[[467065.66,1733629.43],[467075.13,1733627.34],[467070.94,1733613.97],[467062.03,1733616.43],[467065.66,1733629.43]]]]}},{"type":"Feature","properties":{"building":"residential","height":6,"heightSource":"default"},"geometry":{"type":"MultiPolygon","coordinates":[[[[466996.05,1733623.7],[467012.16,1733622.34],[467013.9,1733635.91],[466998.72,1733637.25],[466996.05,1733623.7]]]]}},{"type":"Feature","properties":{"building":"residential","height":6,"heightSource":"default"},"geometry":{"type":"MultiPolygon","coordinates":[[[[467087.07,1733626.57],[467096.94,1733623.93],[467093.31,1733610.92],[467083.45,1733613.58],[467087.07,1733626.57]]]]}},{"type":"Feature","properties":{"building":"residential","height":6,"heightSource":"default"},"geometry":{"type":"MultiPolygon","coordinates":[[[[467049.33,1733616.45],[467060.13,1733613.61],[467057.27,1733603.63],[467046.85,1733606.65],[467049.33,1733616.45]]]]}},{"type":"Feature","properties":{"building":"residential","height":6,"heightSource":"default"},"geometry":{"type":"MultiPolygon","coordinates":[[[[467044.94,1733600.82],[467052.53,1733598.74],[467050.43,1733591.38],[467042.47,1733593.48],[467044.94,1733600.82]]]]}},{"type":"Feature","properties":{"building":"residential","height":6,"heightSource":"default"},"geometry":{"type":"MultiPolygon","coordinates":[[[[467105.14,1733624.09],[467126.91,1733616.26],[467120.78,1733600.25],[467099.45,1733608.72],[467105.14,1733624.09]]]]}},{"type":"Feature","properties":{"building":"residential","height":6,"heightSource":"default"},"geometry":{"type":"MultiPolygon","coordinates":[[[[467148.68,1733608.22],[467170.01,1733602.78],[467165.43,1733586.98],[467144.3,1733592.64],[467148.68,1733608.22]]]]}},{"type":"Feature","properties":{"building":"yes","height":6,"heightSource":"default"},"geometry":{"type":"MultiPolygon","coordinates":[[[[467191.31,1733569.84],[467192.21,1733580.45],[467179.14,1733581.98],[467178.47,1733571.38],[467191.31,1733569.84]]]]}},{"type":"Feature","properties":{"building":"yes","height":6,"heightSource":"default"},"geometry":{"type":"MultiPolygon","coordinates":[[[[467134.52,1733605.21],[467142.57,1733602.82],[467139.73,1733592],[467131.23,1733594.83],[467134.52,1733605.21]]]]}},{"type":"Feature","properties":{"building":"yes","height":6,"heightSource":"default"},"geometry":{"type":"MultiPolygon","coordinates":[[[[467172.13,1733556.82],[467181.39,1733554.45],[467179.13,1733544.5],[467169.37,1733546.88],[467172.13,1733556.82]]]]}},{"type":"Feature","properties":{"building":"yes","height":6,"heightSource":"default"},"geometry":{"type":"MultiPolygon","coordinates":[[[[467181.39,1733554.45],[467189.9,1733552.94],[467187.88,1733543.74],[467179.13,1733544.5],[467181.39,1733554.45]]]]}},{"type":"Feature","properties":{"building":"yes","height":6,"heightSource":"default"},"geometry":{"type":"MultiPolygon","coordinates":[[[[465625,1734096.6],[465637.42,1734092.39],[465634.3,1734082.25],[465621.65,1734086.24],[465625,1734096.6]]]]}},{"type":"Feature","properties":{"building":"yes","height":6,"heightSource":"default"},"geometry":{"type":"MultiPolygon","coordinates":[[[[465640.09,1734101.22],[465641.93,1734110.9],[465651.67,1734108.91],[465649.83,1734099.07],[465640.09,1734101.22]]]]}},{"type":"Feature","properties":{"building":"yes","height":6,"heightSource":"default"},"geometry":{"type":"MultiPolygon","coordinates":[[[[465641.44,1734113.2],[465642.77,1734122.54],[465653.83,1734120.72],[465652.66,1734111.38],[465641.44,1734113.2]]]]}},{"type":"Feature","properties":{"building":"yes","height":6,"heightSource":"default"},"geometry":{"type":"MultiPolygon","coordinates":[[[[465671.88,1734119.21],[465682.56,1734117.69],[465680.67,1734104.45],[465669.99,1734105.96],[465671.88,1734119.21]]]]}},{"type":"Feature","properties":{"building":"yes","height":6,"heightSource":"default"},"geometry":{"type":"MultiPolygon","coordinates":[[[[465683.04,1734113.13],[465692.45,1734112.46],[465691.27,1734102.62],[465682.03,1734103.29],[465683.04,1734113.13]]]]}},{"type":"Feature","properties":{"building":"yes","height":6,"heightSource":"default"},"geometry":{"type":"MultiPolygon","coordinates":[[[[465695.09,1734115.74],[465704,1734113.92],[465702,1734103.26],[465692.93,1734104.91],[465695.09,1734115.74]]]]}},{"type":"Feature","properties":{"building":"yes","height":6,"heightSource":"default"},"geometry":{"type":"MultiPolygon","coordinates":[[[[465729.08,1734104.2],[465738.33,1734101.24],[465733.85,1734088.11],[465724.77,1734091.75],[465729.08,1734104.2]]]]}},{"type":"Feature","properties":{"building":"yes","height":6,"heightSource":"default"},"geometry":{"type":"MultiPolygon","coordinates":[[[[465725.4,1734070.09],[465733.48,1734066.95],[465730,1734056.95],[465721.75,1734060.08],[465725.4,1734070.09]]]]}},{"type":"Feature","properties":{"building":"yes","height":6,"heightSource":"default"},"geometry":{"type":"MultiPolygon","coordinates":[[[[465771.33,1734090.19],[465781.06,1734086.07],[465777.58,1734077.88],[465768.01,1734082],[465771.33,1734090.19]]]]}},{"type":"Feature","properties":{"building":"yes","height":6,"heightSource":"default"},"geometry":{"type":"MultiPolygon","coordinates":[[[[465783.2,1734085.92],[465790.96,1734083.27],[465788.3,1734074.42],[465780.38,1734077.38],[465783.2,1734085.92]]]]}},{"type":"Feature","properties":{"building":"yes","height":6,"heightSource":"default"},"geometry":{"type":"MultiPolygon","coordinates":[[[[465798.22,1734079.66],[465808.94,1734075.54],[465803.97,1734062.42],[465793.25,1734066.38],[465798.22,1734079.66]]]]}},{"type":"Feature","properties":{"building":"yes","height":6,"heightSource":"default"},"geometry":{"type":"MultiPolygon","coordinates":[[[[465821.15,1734071.74],[465830.22,1734068.78],[465827.4,1734059.59],[465818.33,1734062.72],[465821.15,1734071.74]]]]}},{"type":"Feature","properties":{"building":"yes","height":6,"heightSource":"default"},"geometry":{"type":"MultiPolygon","coordinates":[[[[465863.88,1734058.06],[465884.67,1734049.67],[465881.2,1734039.67],[465871.46,1734044.27],[465871.46,1734045.91],[465860.9,1734049.86],[465863.88,1734058.06]]]]}},{"type":"Feature","properties":{"building":"yes","height":6,"heightSource":"default"},"geometry":{"type":"MultiPolygon","coordinates":[[[[465887.14,1734046.87],[465898.19,1734042.26],[465893.72,1734031.12],[465882.34,1734035.89],[465887.14,1734046.87]]]]}},{"type":"Feature","properties":{"building":"yes","height":6,"heightSource":"default"},"geometry":{"type":"MultiPolygon","coordinates":[[[[465902.32,1734043.41],[465922.62,1734034.85],[465918.81,1734025.33],[465910.06,1734029.12],[465908.24,1734024.36],[465896.19,1734029.63],[465902.32,1734043.41]]]]}},{"type":"Feature","properties":{"building":"yes","height":6,"heightSource":"default"},"geometry":{"type":"MultiPolygon","coordinates":[[[[465861.21,1734039.04],[465877.87,1734033.27],[465875.07,1734025.39],[465858.4,1734031.17],[465861.21,1734039.04]]]]}},{"type":"Feature","properties":{"building":"yes","height":6,"heightSource":"default"},"geometry":{"type":"MultiPolygon","coordinates":[[[[465852.29,1734031.34],[465863.17,1734027.38],[465860.19,1734018.69],[465849.3,1734022.49],[465852.29,1734031.34]]]]}},{"type":"Feature","properties":{"building":"yes","height":6,"heightSource":"default"},"geometry":{"type":"MultiPolygon","coordinates":[[[[465879.35,1734023.75],[465886.77,1734020.47],[465882.3,1734010.78],[465875.05,1734013.75],[465879.35,1734023.75]]]]}},{"type":"Feature","properties":{"building":"yes","height":6,"heightSource":"default"},"geometry":{"type":"MultiPolygon","coordinates":[[[[465852.43,1734016.9],[465862.5,1734013.77],[465860.01,1734003.94],[465848.94,1734007.06],[465852.43,1734016.9]]]]}},{"type":"Feature","properties":{"building":"yes","height":6,"heightSource":"default"},"geometry":{"type":"MultiPolygon","coordinates":[[[[465930.97,1734033.41],[465940.35,1734029.58],[465934.42,1734015.25],[465927.25,1734018.19],[465929.89,1734024.57],[465927.68,1734025.47],[465930.97,1734033.41]]]]}},{"type":"Feature","properties":{"building":"yes","height":6,"heightSource":"default"},"geometry":{"type":"MultiPolygon","coordinates":[[[[465946.05,1734027.75],[465955.28,1734023.31],[465948.01,1734009.7],[465938.93,1734013.65],[465946.05,1734027.75]]]]}},{"type":"Feature","properties":{"building":"yes","height":6,"heightSource":"default"},"geometry":{"type":"MultiPolygon","coordinates":[[[[465984.81,1734006.2],[465992.73,1734002.91],[465987.76,1733992.25],[465980.18,1733995.38],[465984.81,1734006.2]]]]}},{"type":"Feature","properties":{"building":"yes","height":6,"heightSource":"default"},"geometry":{"type":"MultiPolygon","coordinates":[[[[465995.54,1734007.17],[466005.77,1734003.72],[465999.81,1733991.42],[465990.9,1733994.88],[465995.54,1734007.17]]]]}},{"type":"Feature","properties":{"building":"yes","height":6,"heightSource":"default"},"geometry":{"type":"MultiPolygon","coordinates":[[[[466002.95,1733990.26],[466009.57,1734003.05],[466016.99,1733999.76],[466011.03,1733986.48],[466002.95,1733990.26]]]]}},{"type":"Feature","properties":{"building":"yes","height":6,"heightSource":"default"},"geometry":{"type":"MultiPolygon","coordinates":[[[[466025.57,1733994.5],[466034.48,1733991.03],[466030.16,1733978.9],[466020.76,1733982.52],[466025.57,1733994.5]]]]}},{"type":"Feature","properties":{"building":"yes","height":6,"heightSource":"default"},"geometry":{"type":"MultiPolygon","coordinates":[[[[466037.78,1733993.16],[466051.31,1733987.9],[466047.34,1733976.26],[466032.98,1733982.02],[466037.78,1733993.16]]]]}},{"type":"Feature","properties":{"building":"yes","height":6,"heightSource":"default"},"geometry":{"type":"MultiPolygon","coordinates":[[[[465849.42,1733989.02],[465852.4,1733998.53],[465859.83,1733996.38],[465856.84,1733986.54],[465849.42,1733989.02]]]]}},{"type":"Feature","properties":{"building":"yes","height":6,"heightSource":"default"},"geometry":{"type":"MultiPolygon","coordinates":[[[[465859.48,1733987.2],[465863.46,1733997.86],[465871.71,1733994.73],[465867.57,1733983.74],[465859.48,1733987.2]]]]}},{"type":"Feature","properties":{"building":"yes","height":6,"heightSource":"default"},"geometry":{"type":"MultiPolygon","coordinates":[[[[465935.55,1733961.33],[465942,1733970.67],[465931.78,1733976.75],[465925.99,1733966.76],[465935.55,1733961.33]]]]}},{"type":"Feature","properties":{"building":"yes","height":6,"heightSource":"default"},"geometry":{"type":"MultiPolygon","coordinates":[[[[465957.51,1733965.56],[465965.6,1733962.1],[465960.63,1733950.79],[465953.04,1733954.24],[465957.51,1733965.56]]]]}},{"type":"Feature","properties":{"building":"yes","height":6,"heightSource":"default"},"geometry":{"type":"MultiPolygon","coordinates":[[[[465963.77,1733950.62],[465968.23,1733961.44],[465975.33,1733958.48],[465971.02,1733947.49],[465963.77,1733950.62]]]]}},{"type":"Feature","properties":{"building":"yes","height":6,"heightSource":"default"},"geometry":{"type":"MultiPolygon","coordinates":[[[[465972.5,1733945.35],[465978.14,1733958.14],[465987.21,1733954.04],[465981.57,1733941.08],[465972.5,1733945.35]]]]}},{"type":"Feature","properties":{"building":"yes","height":6,"heightSource":"default"},"geometry":{"type":"MultiPolygon","coordinates":[[[[466018.57,1733950.87],[466031.76,1733946.09],[466028.96,1733938.22],[466015.75,1733943.16],[466018.57,1733950.87]]]]}},{"type":"Feature","properties":{"building":"yes","height":6,"heightSource":"default"},"geometry":{"type":"MultiPolygon","coordinates":[[[[466017.72,1733937.58],[466027.46,1733933.47],[466023.65,1733924.28],[466014.08,1733928.4],[466017.72,1733937.58]]]]}},{"type":"Feature","properties":{"building":"yes","height":6,"heightSource":"default"},"geometry":{"type":"MultiPolygon","coordinates":[[[[465996.92,1733933.83],[466000.73,1733943.02],[466008.65,1733939.89],[466004.83,1733930.05],[465996.92,1733933.83]]]]}},{"type":"Feature","properties":{"building":"yes","height":6,"heightSource":"default"},"geometry":{"type":"MultiPolygon","coordinates":[[[[465993.98,1733951.23],[465997.29,1733959.1],[466004.55,1733955.81],[466000.91,1733947.78],[465993.98,1733951.23]]]]}},{"type":"Feature","properties":{"building":"yes","height":6,"heightSource":"default"},"geometry":{"type":"MultiPolygon","coordinates":[[[[465984.61,1733976.35],[465987.25,1733981.92],[465994.51,1733978.79],[465991.53,1733972.72],[465984.61,1733976.35]]]]}},{"type":"Feature","properties":{"building":"yes","height":6,"heightSource":"default"},"geometry":{"type":"MultiPolygon","coordinates":[[[[466054.58,1733965.9],[466060.55,1733981.48],[466067.14,1733979.01],[466061.68,1733962.94],[466054.58,1733965.9]]]]}},{"type":"Feature","properties":{"building":"yes","height":6,"heightSource":"default"},"geometry":{"type":"MultiPolygon","coordinates":[[[[466106.91,1733966.32],[466116.81,1733962.37],[466112.34,1733951.55],[466102.93,1733955.99],[466106.91,1733966.32]]]]}},{"type":"Feature","properties":{"building":"yes","height":6,"heightSource":"default"},"geometry":{"type":"MultiPolygon","coordinates":[[[[466120.27,1733957.11],[466129.18,1733953.16],[466126.19,1733942.5],[466116.62,1733945.8],[466120.27,1733957.11]]]]}},{"type":"Feature","properties":{"building":"yes","height":6,"heightSource":"default"},"geometry":{"type":"MultiPolygon","coordinates":[[[[466136.94,1733948.72],[466147.32,1733945.09],[466143.52,1733935.1],[466133.12,1733939.05],[466136.94,1733948.72]]]]}},{"type":"Feature","properties":{"building":"yes","height":6,"heightSource":"default"},"geometry":{"type":"MultiPolygon","coordinates":[[[[466054.37,1733932.76],[466045.79,1733935.41],[466048.94,1733943.77],[466057.85,1733941.13],[466054.37,1733932.76]]]]}},{"type":"Feature","properties":{"building":"yes","height":6,"heightSource":"default"},"geometry":{"type":"MultiPolygon","coordinates":[[[[466035.69,1733918.03],[466041.17,1733933.77],[466050.57,1733929.65],[466049.41,1733926.38],[466061.95,1733921.92],[466057.14,1733909.3],[466035.69,1733918.03]]]]}},{"type":"Feature","properties":{"building":"yes","height":6,"heightSource":"default"},"geometry":{"type":"MultiPolygon","coordinates":[[[[466115.44,1733930.7],[466125.34,1733926.92],[466121.69,1733918.39],[466111.47,1733922.18],[466115.44,1733930.7]]]]}},{"type":"Feature","properties":{"building":"yes","height":6,"heightSource":"default"},"geometry":{"type":"MultiPolygon","coordinates":[[[[466164,1733944.08],[466173.73,1733940.13],[466169.42,1733929.64],[466171.91,1733929.31],[466168.09,1733919.96],[466156.37,1733925.23],[466164,1733944.08]]]]}},{"type":"Feature","properties":{"building":"yes","height":6,"heightSource":"default"},"geometry":{"type":"MultiPolygon","coordinates":[[[[466071.67,1733908.13],[466074.98,1733917.97],[466089.83,1733912.04],[466086.18,1733902.04],[466071.67,1733908.13]]]]}},{"type":"Feature","properties":{"building":"yes","height":6,"heightSource":"default"},"geometry":{"type":"MultiPolygon","coordinates":[[[[466094.13,1733914.17],[466102.53,1733910.38],[466095.58,1733898.09],[466087.83,1733902.53],[466094.13,1733914.17]]]]}},{"type":"Feature","properties":{"building":"yes","height":6,"heightSource":"default"},"geometry":{"type":"MultiPolygon","coordinates":[[[[466104.02,1733908.08],[466112.27,1733904.29],[466106.31,1733890.52],[466097.56,1733894.47],[466104.02,1733908.08]]]]}},{"type":"Feature","properties":{"building":"yes","height":6,"heightSource":"default"},"geometry":{"type":"MultiPolygon","coordinates":[[[[466135.04,1733901.64],[466143.62,1733898.84],[466140.48,1733887.36],[466131.23,1733890.33],[466131.94,1733892.44],[466135.04,1733901.64]]]]}},{"type":"Feature","properties":{"building":"yes","height":6,"heightSource":"default"},"geometry":{"type":"MultiPolygon","coordinates":[[[[466120.33,1733888.38],[466123.82,1733895.75],[466131.94,1733892.44],[466128.75,1733884.59],[466120.33,1733888.38]]]]}},{"type":"Feature","properties":{"building":"yes","height":6,"heightSource":"default"},"geometry":{"type":"MultiPolygon","coordinates":[[[[466176.77,1733938.32],[466183.81,1733935.24],[466180.13,1733928.1],[466173.39,1733931.39],[466176.77,1733938.32]]]]}},{"type":"Feature","properties":{"building":"yes","height":6,"heightSource":"default"},"geometry":{"type":"MultiPolygon","coordinates":[[[[466184.96,1733934.59],[466191.79,1733931.73],[466188.89,1733924.73],[466181.93,1733927.82],[466184.96,1733934.59]]]]}},{"type":"Feature","properties":{"building":"yes","height":6,"heightSource":"default"},"geometry":{"type":"MultiPolygon","coordinates":[[[[466193.44,1733931.87],[466200.76,1733929.28],[466197.3,1733919.93],[466189.76,1733922.73],[466193.44,1733931.87]]]]}},{"type":"Feature","properties":{"building":"yes","height":6,"heightSource":"default"},"geometry":{"type":"MultiPolygon","coordinates":[[[[466200.9,1733925.36],[466207.87,1733922.92],[466203.32,1733910.14],[466196.28,1733912.94],[466200.9,1733925.36]]]]}},{"type":"Feature","properties":{"building":"yes","height":6,"heightSource":"default"},"geometry":{"type":"MultiPolygon","coordinates":[[[[466212.13,1733925.68],[466219.73,1733922.64],[466216.16,1733913.86],[466208.56,1733916.9],[466212.13,1733925.68]]]]}},{"type":"Feature","properties":{"building":"yes","height":6,"heightSource":"default"},"geometry":{"type":"MultiPolygon","coordinates":[[[[466222.59,1733911.4],[466225.62,1733919.39],[466232.37,1733916.67],[466229.34,1733908.25],[466222.59,1733911.4]]]]}},{"type":"Feature","properties":{"building":"yes","height":6,"heightSource":"default"},"geometry":{"type":"MultiPolygon","coordinates":[[[[466233.08,1733906.27],[466236.89,1733916.11],[466246.5,1733912.45],[466242.69,1733902.6],[466234.55,1733905.71],[466233.08,1733906.27]]]]}},{"type":"Feature","properties":{"building":"yes","height":6,"heightSource":"default"},"geometry":{"type":"MultiPolygon","coordinates":[[[[466234.55,1733905.71],[466232.51,1733900.43],[466229.4,1733901.62],[466226.74,1733894.72],[466238,1733890.45],[466242.69,1733902.6],[466234.55,1733905.71]]]]}},{"type":"Feature","properties":{"building":"yes","height":6,"heightSource":"default"},"geometry":{"type":"MultiPolygon","coordinates":[[[[466158.15,1733871.51],[466161.38,1733879.53],[466169.33,1733876.37],[466166.09,1733868.34],[466158.15,1733871.51]]]]}},{"type":"Feature","properties":{"building":"yes","height":6,"heightSource":"default"},"geometry":{"type":"MultiPolygon","coordinates":[[[[466175.72,1733867.41],[466179.53,1733877.59],[466188.45,1733874.28],[466184.65,1733864.11],[466175.72,1733867.41]]]]}},{"type":"Feature","properties":{"building":"yes","height":6,"heightSource":"default"},"geometry":{"type":"MultiPolygon","coordinates":[[[[466190.69,1733871.78],[466206.03,1733866.05],[466200.83,1733852.31],[466185.49,1733858.05],[466190.69,1733871.78]]]]}},{"type":"Feature","properties":{"building":"yes","height":6,"heightSource":"default"},"geometry":{"type":"MultiPolygon","coordinates":[[[[466208.08,1733853.05],[466211.19,1733860.68],[466221.81,1733856.4],[466218.7,1733848.76],[466208.08,1733853.05]]]]}},{"type":"Feature","properties":{"building":"house","height":6,"heightSource":"default"},"geometry":{"type":"MultiPolygon","coordinates":[[[[466214.72,1733860.12],[466219.54,1733872.84],[466217.9,1733873.45],[466225.38,1733893.2],[466234.12,1733889.93],[466230.91,1733881.46],[466235.4,1733879.78],[466226.31,1733855.79],[466214.72,1733860.12]]]]}},{"type":"Feature","properties":{"building":"house","height":6,"heightSource":"default"},"geometry":{"type":"MultiPolygon","coordinates":[[[[466253.83,1733905.39],[466262.58,1733902.13],[466258.68,1733891.58],[466249.67,1733895.2],[466253.83,1733905.39]]]]}},{"type":"Feature","properties":{"building":"house","height":6,"heightSource":"default"},"geometry":{"type":"MultiPolygon","coordinates":[[[[466249.3,1733893.21],[466257.93,1733889.71],[466254.79,1733881.64],[466246.04,1733885],[466249.3,1733893.21]]]]}},{"type":"Feature","properties":{"building":"house","height":6,"heightSource":"default"},"geometry":{"type":"MultiPolygon","coordinates":[[[[466267.96,1733904.99],[466274.71,1733902.12],[466269.19,1733888.83],[466262.43,1733891.69],[466267.96,1733904.99]]]]}},{"type":"Feature","properties":{"building":"house","height":6,"heightSource":"default"},"geometry":{"type":"MultiPolygon","coordinates":[[[[466276.59,1733899.5],[466283.84,1733896.76],[466277.31,1733879.74],[466270.31,1733882.61],[466276.59,1733899.5]]]]}},{"type":"Feature","properties":{"building":"house","height":6,"heightSource":"default"},"geometry":{"type":"MultiPolygon","coordinates":[[[[466246.65,1733881.27],[466263.04,1733874.54],[466259.77,1733866.83],[466243.51,1733873.33],[466246.65,1733881.27]]]]}},{"type":"Feature","properties":{"building":"house","height":6,"heightSource":"default"},"geometry":{"type":"MultiPolygon","coordinates":[[[[466298.34,1733889.65],[466306.59,1733885.91],[466300.38,1733871.62],[466291.81,1733875.61],[466298.34,1733889.65]]]]}},{"type":"Feature","properties":{"building":"house","height":6,"heightSource":"default"},"geometry":{"type":"MultiPolygon","coordinates":[[[[466241.01,1733867.73],[466256.26,1733860.87],[466252.87,1733852.17],[466236.99,1733859.16],[466241.01,1733867.73]]]]}},{"type":"Feature","properties":{"building":"house","height":6,"heightSource":"default"},"geometry":{"type":"MultiPolygon","coordinates":[[[[466235.23,1733854.81],[466243.74,1733851.69],[466238.83,1733838.77],[466230.08,1733842.51],[466235.23,1733854.81]]]]}},{"type":"Feature","properties":{"building":"house","height":6,"heightSource":"default"},"geometry":{"type":"MultiPolygon","coordinates":[[[[466254.61,1733850.92],[466259.89,1733864.34],[466268.64,1733860.48],[466263.37,1733847.18],[466254.61,1733850.92]]]]}},{"type":"Feature","properties":{"building":"house","height":6,"heightSource":"default"},"geometry":{"type":"MultiPolygon","coordinates":[[[[466274.98,1733827.9],[466267.85,1733831.63],[466264.84,1733825.05],[466257.09,1733829.04],[466260.85,1733835.63],[466259.1,1733836.37],[466264.24,1733846.44],[466265.62,1733845.56],[466268.26,1733851.53],[466283.01,1733843.42],[466274.98,1733827.9]]]]}},{"type":"Feature","properties":{"building":"house","height":6,"heightSource":"default"},"geometry":{"type":"MultiPolygon","coordinates":[[[[466306.59,1733885.91],[466308.08,1733888.89],[466316.68,1733885.1],[466307.61,1733864],[466298.79,1733868.02],[466300.38,1733871.62],[466306.59,1733885.91]]]]}},{"type":"Feature","properties":{"building":"house","height":6,"heightSource":"default"},"geometry":{"type":"MultiPolygon","coordinates":[[[[466317,1733881.73],[466323.64,1733878.58],[466314.68,1733860.63],[466308.37,1733863.67],[466317,1733881.73]]]]}},{"type":"Feature","properties":{"building":"house","height":6,"heightSource":"default"},"geometry":{"type":"MultiPolygon","coordinates":[[[[466324.95,1733875.23],[466333.54,1733870.89],[466328.3,1733860.4],[466330.3,1733859.33],[466325.44,1733848.49],[466315,1733853.92],[466324.95,1733875.23]]]]}},{"type":"Feature","properties":{"building":"house","height":6,"heightSource":"default"},"geometry":{"type":"MultiPolygon","coordinates":[[[[466274.71,1733820.05],[466277.66,1733829.03],[466286.37,1733825.65],[466283.42,1733816.68],[466274.71,1733820.05]]]]}},{"type":"Feature","properties":{"building":"house","height":6,"heightSource":"default"},"geometry":{"type":"MultiPolygon","coordinates":[[[[466287.31,1733814.26],[466293.59,1733828.68],[466296.72,1733834.89],[466318.47,1733824.29],[466314.96,1733817.95],[466322.47,1733814.95],[466316.56,1733801.54],[466287.31,1733814.26]]]]}},{"type":"Feature","properties":{"building":"house","height":6,"heightSource":"default"},"geometry":{"type":"MultiPolygon","coordinates":[[[[466347.82,1733872.61],[466356.08,1733868.99],[466352.06,1733859.79],[466343.68,1733863.41],[466347.82,1733872.61]]]]}},{"type":"Feature","properties":{"building":"house","height":6,"heightSource":"default"},"geometry":{"type":"MultiPolygon","coordinates":[[[[466364.95,1733861.52],[466379.21,1733856.52],[466374.94,1733846.09],[466360.55,1733851.21],[466364.95,1733861.52]]]]}},{"type":"Feature","properties":{"building":"house","height":6,"heightSource":"default"},"geometry":{"type":"MultiPolygon","coordinates":[[[[466411.25,1733843.27],[466407.47,1733832.95],[466400.22,1733835.32],[466401.48,1733837.81],[466391.47,1733840.93],[466394.36,1733848.51],[466411.25,1733843.27]]]]}},{"type":"Feature","properties":{"building":"house","height":6,"heightSource":"default"},"geometry":{"type":"MultiPolygon","coordinates":[[[[466420.6,1733829.57],[466424.12,1733838.65],[466433.75,1733834.15],[466434.88,1733837.14],[466444,1733833.14],[466439.99,1733822.45],[466431.24,1733826.45],[466430.74,1733825.21],[466420.6,1733829.57]]]]}},{"type":"Feature","properties":{"building":"house","height":6,"heightSource":"default"},"geometry":{"type":"MultiPolygon","coordinates":[[[[466349.43,1733807.47],[466344.28,1733795.78],[466335.53,1733799.65],[466341.05,1733810.96],[466349.43,1733807.47]]]]}},{"type":"Feature","properties":{"building":"house","height":6,"heightSource":"default"},"geometry":{"type":"MultiPolygon","coordinates":[[[[466383.06,1733798.47],[466392.2,1733795.59],[466387.05,1733780.93],[466377.79,1733784.42],[466383.06,1733798.47]]]]}},{"type":"Feature","properties":{"building":"house","height":6,"heightSource":"default"},"geometry":{"type":"MultiPolygon","coordinates":[[[[466351.92,1733806.96],[466356.94,1733816.4],[466363.82,1733812.54],[466358.68,1733803.09],[466351.92,1733806.96]]]]}},{"type":"Feature","properties":{"building":"house","height":6,"heightSource":"default"},"geometry":{"type":"MultiPolygon","coordinates":[[[[466448.43,1733818.66],[466452.82,1733827.49],[466459.32,1733824.37],[466454.93,1733815.17],[466448.43,1733818.66]]]]}},{"type":"Feature","properties":{"building":"house","height":6,"heightSource":"default"},"geometry":{"type":"MultiPolygon","coordinates":[[[[466457.19,1733813.56],[466461.57,1733823.61],[466470.45,1733819.87],[466466.31,1733809.31],[466457.19,1733813.56]]]]}},{"type":"Feature","properties":{"building":"house","height":6,"heightSource":"default"},"geometry":{"type":"MultiPolygon","coordinates":[[[[466456.42,1733804.97],[466464.92,1733801.48],[466462.16,1733794.52],[466453.53,1733798.38],[466456.42,1733804.97]]]]}},{"type":"Feature","properties":{"building":"house","height":6,"heightSource":"default"},"geometry":{"type":"MultiPolygon","coordinates":[[[[466442.53,1733798.66],[466451.28,1733795.16],[466448.51,1733788.2],[466439.76,1733791.69],[466442.53,1733798.66]]]]}},{"type":"Feature","properties":{"building":"house","height":6,"heightSource":"default"},"geometry":{"type":"MultiPolygon","coordinates":[[[[466481.1,1733821.97],[466489.96,1733818.97],[466485.7,1733807.04],[466476.7,1733810.16],[466481.1,1733821.97]]]]}},{"type":"Feature","properties":{"building":"house","height":6,"heightSource":"default"},"geometry":{"type":"MultiPolygon","coordinates":[[[[466481.17,1733789.02],[466487.8,1733787.27],[466485.66,1733779.69],[466478.9,1733781.69],[466481.17,1733789.02]]]]}},{"type":"Feature","properties":{"building":"house","height":6,"heightSource":"default"},"geometry":{"type":"MultiPolygon","coordinates":[[[[466500.97,1733811.5],[466510.6,1733808.12],[466506.83,1733797.94],[466497.2,1733801.56],[466500.97,1733811.5]]]]}},{"type":"Feature","properties":{"building":"house","height":6,"heightSource":"default"},"geometry":{"type":"MultiPolygon","coordinates":[[[[466530.61,1733803.99],[466539.49,1733801],[466536.47,1733791.18],[466526.96,1733794.31],[466530.61,1733803.99]]]]}},{"type":"Feature","properties":{"building":"house","height":6,"heightSource":"default"},"geometry":{"type":"MultiPolygon","coordinates":[[[[466545.47,1733784.2],[466549.11,1733795.14],[466557.62,1733792.01],[466553.84,1733781.08],[466545.47,1733784.2]]]]}},{"type":"Feature","properties":{"building":"house","height":6,"heightSource":"default"},"geometry":{"type":"MultiPolygon","coordinates":[[[[466559.36,1733789.03],[466567.87,1733786.28],[466564.1,1733774.73],[466555.46,1733777.35],[466559.36,1733789.03]]]]}},{"type":"Feature","properties":{"building":"yes","height":6,"heightSource":"default"},"geometry":{"type":"MultiPolygon","coordinates":[[[[466518.32,1733780.14],[466515.4,1733757.64],[466503.27,1733758.9],[466506.55,1733781.77],[466518.32,1733780.14]]]]}},{"type":"Feature","properties":{"building":"yes","height":6,"heightSource":"default"},"geometry":{"type":"MultiPolygon","coordinates":[[[[466466.24,1733764.05],[466462.73,1733754.36],[466454.47,1733757.1],[466457.87,1733766.8],[466466.24,1733764.05]]]]}},{"type":"Feature","properties":{"building":"house","height":6,"heightSource":"default"},"geometry":{"type":"MultiPolygon","coordinates":[[[[466468.61,1733753.11],[466473.26,1733766.78],[466482.63,1733763.53],[466478.35,1733749.99],[466468.61,1733753.11]]]]}},{"type":"Feature","properties":{"building":"house","height":6,"heightSource":"default"},"geometry":{"type":"MultiPolygon","coordinates":[[[[466500.01,1733753.43],[466496.23,1733739.88],[466486.85,1733742.51],[466490.88,1733756.19],[466500.01,1733753.43]]]]}},{"type":"Feature","properties":{"building":"house","height":6,"heightSource":"default"},"geometry":{"type":"MultiPolygon","coordinates":[[[[466514.14,1733751.05],[466510.36,1733736.39],[466500.24,1733738.64],[466504.13,1733753.56],[466514.14,1733751.05]]]]}},{"type":"Feature","properties":{"building":"house","height":6,"heightSource":"default"},"geometry":{"type":"MultiPolygon","coordinates":[[[[466527.64,1733746.31],[466524.12,1733733.51],[466515.62,1733735.25],[466518.89,1733748.44],[466527.64,1733746.31]]]]}},{"type":"Feature","properties":{"building":"house","height":6,"heightSource":"default"},"geometry":{"type":"MultiPolygon","coordinates":[[[[466554.79,1733740.79],[466552.02,1733730.23],[466543.14,1733732.6],[466546.41,1733743.3],[466554.79,1733740.79]]]]}},{"type":"Feature","properties":{"building":"yes","height":6,"heightSource":"default"},"geometry":{"type":"MultiPolygon","coordinates":[[[[466606.92,1733767.56],[466618.55,1733763.41],[466615.96,1733754.84],[466603.89,1733759.14],[466606.92,1733767.56]]]]}},{"type":"Feature","properties":{"building":"yes","height":6,"heightSource":"default"},"geometry":{"type":"MultiPolygon","coordinates":[[[[466644.28,1733766.51],[466657.64,1733762.92],[466655.04,1733752.49],[466641.4,1733756.23],[466644.28,1733766.51]]]]}},{"type":"Feature","properties":{"building":"house","height":6,"heightSource":"default"},"geometry":{"type":"MultiPolygon","coordinates":[[[[466665.4,1733759.48],[466662.8,1733750.35],[466656.77,1733751.78],[466659.37,1733761.2],[466665.4,1733759.48]]]]}},{"type":"Feature","properties":{"building":"house","height":6,"heightSource":"default"},"geometry":{"type":"MultiPolygon","coordinates":[[[[466659.2,1733744.36],[466656.59,1733734.22],[466648.99,1733736.23],[466652.01,1733746.79],[466659.2,1733744.36]]]]}},{"type":"Feature","properties":{"building":"yes","height":6,"heightSource":"default"},"geometry":{"type":"MultiPolygon","coordinates":[[[[466650.52,1733709.52],[466644.61,1733692.95],[466632.82,1733697.4],[466638.89,1733713.54],[466650.52,1733709.52]]]]}},{"type":"Feature","properties":{"building":"yes","height":6,"heightSource":"default"},"geometry":{"type":"MultiPolygon","coordinates":[[[[465373.76,1734176.13],[465386.6,1734172],[465380.91,1734154.04],[465368.28,1734158.18],[465373.76,1734176.13]]]]}},{"type":"Feature","properties":{"building":"yes","height":6,"heightSource":"default"},"geometry":{"type":"MultiPolygon","coordinates":[[[[465260.92,1734178.25],[465273.99,1734178.23],[465273.98,1734167.85],[465260.91,1734168.08],[465260.92,1734178.25]]]]}},{"type":"Feature","properties":{"building":"yes","height":6,"heightSource":"default"},"geometry":{"type":"MultiPolygon","coordinates":[[[[465294.45,1734166.3],[465301.63,1734165.41],[465300.54,1734158.71],[465293.35,1734159.59],[465294.45,1734166.3]]]]}},{"type":"Feature","properties":{"building":"yes","height":6,"heightSource":"default"},"geometry":{"type":"MultiPolygon","coordinates":[[[[465295.3,1734151.58],[465303.8,1734150.7],[465303.35,1734145.72],[465294.64,1734146.6],[465295.3,1734151.58]]]]}},{"type":"Feature","properties":{"building":"yes","height":6,"heightSource":"default"},"geometry":{"type":"MultiPolygon","coordinates":[[[[465369.58,1734148.86],[465367.17,1734141.72],[465374.57,1734138.9],[465377.19,1734146.25],[465369.58,1734148.86]]]]}},{"type":"Feature","properties":{"building":"yes","height":6,"heightSource":"default"},"geometry":{"type":"MultiPolygon","coordinates":[[[[465490.57,1734218.42],[465514.43,1734220.39],[465515.86,1734209.24],[465491.42,1734206.72],[465490.57,1734218.42]]]]}},{"type":"Feature","properties":{"building":"yes","height":6,"heightSource":"default"},"geometry":{"type":"MultiPolygon","coordinates":[[[[465548.99,1734262.9],[465565.07,1734257.73],[465560.74,1734242.31],[465544.37,1734248.05],[465548.99,1734262.9]]]]}},{"type":"Feature","properties":{"building":"yes","height":6,"heightSource":"default"},"geometry":{"type":"MultiPolygon","coordinates":[[[[465556.35,1734235.9],[465582.36,1734226.61],[465576.66,1734210.86],[465562.66,1734215.85],[465560.74,1734210.52],[465548.72,1734214.81],[465556.35,1734235.9]]]]}},{"type":"Feature","properties":{"building":"yes","height":6,"heightSource":"default"},"geometry":{"type":"MultiPolygon","coordinates":[[[[465621.93,1734234.23],[465625.93,1734243.83],[465633.51,1734240.05],[465629.51,1734230.63],[465621.93,1734234.23]]]]}},{"type":"Feature","properties":{"building":"yes","height":6,"heightSource":"default"},"geometry":{"type":"MultiPolygon","coordinates":[[[[465635.39,1734237.21],[465644.3,1734232.87],[465641.06,1734225.53],[465636.14,1734227.6],[465632.72,1734220.64],[465627.79,1734222.71],[465635.39,1734237.21]]]]}},{"type":"Feature","properties":{"building":"yes","height":6,"heightSource":"default"},"geometry":{"type":"MultiPolygon","coordinates":[[[[465663.07,1734229.83],[465657.55,1734213.82],[465649.4,1734216.09],[465654.73,1734232.1],[465663.07,1734229.83]]]]}},{"type":"Feature","properties":{"building":"yes","height":6,"heightSource":"default"},"geometry":{"type":"MultiPolygon","coordinates":[[[[465669.49,1734210.78],[465677.26,1734207.95],[465674.6,1734198.91],[465666.63,1734202.11],[465669.49,1734210.78]]]]}},{"type":"Feature","properties":{"building":"yes","height":6,"heightSource":"default"},"geometry":{"type":"MultiPolygon","coordinates":[[[[465841.08,1733966.84],[465844.27,1733974.46],[465851.84,1733971.33],[465848.65,1733963.71],[465841.08,1733966.84]]]]}},{"type":"Feature","properties":{"building":"yes","height":6,"heightSource":"default"},"geometry":{"type":"MultiPolygon","coordinates":[[[[465761.99,1733928.5],[465768.85,1733940.17],[465778.9,1733934.35],[465772.05,1733922.68],[465761.99,1733928.5]]]]}},{"type":"Feature","properties":{"building":"yes","height":6,"heightSource":"default"},"geometry":{"type":"MultiPolygon","coordinates":[[[[465776.03,1733899.63],[465762.51,1733909.76],[465769.04,1733918.36],[465782.56,1733908.23],[465776.03,1733899.63]]]]}},{"type":"Feature","properties":{"building":"yes","height":6,"heightSource":"default"},"geometry":{"type":"MultiPolygon","coordinates":[[[[465850.83,1733962.79],[465853.49,1733971.27],[465861.46,1733968.24],[465858.79,1733959.57],[465850.83,1733962.79]]]]}},{"type":"Feature","properties":{"building":"yes","height":6,"heightSource":"default"},"geometry":{"type":"MultiPolygon","coordinates":[[[[465881.19,1733957.39],[465898.25,1733950.22],[465894.24,1733940.8],[465877.18,1733947.98],[465881.19,1733957.39]]]]}},{"type":"Feature","properties":{"building":"yes","height":6,"heightSource":"default"},"geometry":{"type":"MultiPolygon","coordinates":[[[[465901.42,1733941.8],[465905.23,1733951.59],[465913.38,1733947.81],[465909.57,1733938.39],[465901.42,1733941.8]]]]}},{"type":"Feature","properties":{"building":"yes","height":6,"heightSource":"default"},"geometry":{"type":"MultiPolygon","coordinates":[[[[465916.01,1733932.12],[465925.94,1733948.17],[465939.16,1733940.08],[465929.23,1733924.04],[465916.01,1733932.12]]]]}},{"type":"Feature","properties":{"building":"yes","height":6,"heightSource":"default"},"geometry":{"type":"MultiPolygon","coordinates":[[[[465812.73,1733915.3],[465827.18,1733907.84],[465822.88,1733899.61],[465808.43,1733907.06],[465812.73,1733915.3]]]]}},{"type":"Feature","properties":{"building":"yes","height":6,"heightSource":"default"},"geometry":{"type":"MultiPolygon","coordinates":[[[[465811.87,1733921],[465815.72,1733927.66],[465827.32,1733921.01],[465823.45,1733914.36],[465811.87,1733921]]]]}},{"type":"Feature","properties":{"building":"yes","height":6,"heightSource":"default"},"geometry":{"type":"MultiPolygon","coordinates":[[[[465889.47,1733885.49],[465911.28,1733874.3],[465906.93,1733865.92],[465898.15,1733870.42],[465897.23,1733868.63],[465884.18,1733875.32],[465889.47,1733885.49]]]]}},{"type":"Feature","properties":{"building":"yes","height":6,"heightSource":"default"},"geometry":{"type":"MultiPolygon","coordinates":[[[[465916.51,1733886.93],[465928.28,1733897.66],[465935.86,1733889.74],[465923.52,1733879],[465916.51,1733886.93]]]]}},{"type":"Feature","properties":{"building":"yes","height":6,"heightSource":"default"},"geometry":{"type":"MultiPolygon","coordinates":[[[[465933.64,1733928.18],[465940.29,1733937.97],[465948.63,1733932.68],[465942.16,1733922.51],[465933.64,1733928.18]]]]}},{"type":"Feature","properties":{"building":"yes","height":6,"heightSource":"default"},"geometry":{"type":"MultiPolygon","coordinates":[[[[465942.54,1733919.3],[465951.1,1733932.3],[465957.91,1733927.95],[465948.98,1733914.97],[465942.54,1733919.3]]]]}},{"type":"Feature","properties":{"building":"yes","height":6,"heightSource":"default"},"geometry":{"type":"MultiPolygon","coordinates":[[[[465975.92,1733924.53],[465984.83,1733920.57],[465979.69,1733907.38],[465970.41,1733911.54],[465975.92,1733924.53]]]]}},{"type":"Feature","properties":{"building":"yes","height":6,"heightSource":"default"},"geometry":{"type":"MultiPolygon","coordinates":[[[[465979.49,1733900.98],[465989.33,1733892.48],[465984.02,1733886.08],[465974.74,1733894.57],[465979.49,1733900.98]]]]}},{"type":"Feature","properties":{"building":"yes","height":6,"heightSource":"default"},"geometry":{"type":"MultiPolygon","coordinates":[[[[465992.6,1733918.66],[466001.32,1733914.89],[465997.7,1733906.6],[465988.79,1733910.76],[465992.6,1733918.66]]]]}},{"type":"Feature","properties":{"building":"yes","height":6,"heightSource":"default"},"geometry":{"type":"MultiPolygon","coordinates":[[[[466002.32,1733914.13],[466008.07,1733911.75],[466003.18,1733901.44],[465997.56,1733903.81],[466002.32,1733914.13]]]]}},{"type":"Feature","properties":{"building":"yes","height":6,"heightSource":"default"},"geometry":{"type":"MultiPolygon","coordinates":[[[[466009.46,1733911.25],[466020.45,1733906.89],[466015.56,1733895.32],[466004.56,1733899.82],[466009.46,1733911.25]]]]}},{"type":"Feature","properties":{"building":"yes","height":6,"heightSource":"default"},"geometry":{"type":"MultiPolygon","coordinates":[[[[466002.18,1733895.1],[466014.43,1733889.98],[466011.16,1733881.28],[465998.53,1733886.28],[466002.18,1733895.1]]]]}},{"type":"Feature","properties":{"building":"yes","height":6,"heightSource":"default"},"geometry":{"type":"MultiPolygon","coordinates":[[[[465959.45,1733854.01],[465962.96,1733862.09],[465969.34,1733859.59],[465965.58,1733851.39],[465959.45,1733854.01]]]]}},{"type":"Feature","properties":{"building":"yes","height":6,"heightSource":"default"},"geometry":{"type":"MultiPolygon","coordinates":[[[[465968.2,1733850.27],[465972.59,1733860.2],[465982.35,1733855.72],[465977.7,1733845.77],[465968.2,1733850.27]]]]}},{"type":"Feature","properties":{"building":"yes","height":6,"heightSource":"default"},"geometry":{"type":"MultiPolygon","coordinates":[[[[465983.71,1733851.12],[465988.11,1733860.43],[465997.86,1733856.19],[465993.47,1733847],[465983.71,1733851.12]]]]}},{"type":"Feature","properties":{"building":"yes","height":6,"heightSource":"default"},"geometry":{"type":"MultiPolygon","coordinates":[[[[465978.69,1733841.68],[465982.21,1733849.37],[465991.46,1733845.39],[465987.7,1733837.8],[465978.69,1733841.68]]]]}},{"type":"Feature","properties":{"building":"yes","height":6,"heightSource":"default"},"geometry":{"type":"MultiPolygon","coordinates":[[[[466037.97,1733901.26],[466044.6,1733898.77],[466040.95,1733890.32],[466034.45,1733893.32],[466037.97,1733901.26]]]]}},{"type":"Feature","properties":{"building":"yes","height":6,"heightSource":"default"},"geometry":{"type":"MultiPolygon","coordinates":[[[[466046.1,1733898.64],[466055.97,1733895.14],[466052.58,1733886.57],[466042.95,1733890.32],[466046.1,1733898.64]]]]}},{"type":"Feature","properties":{"building":"yes","height":6,"heightSource":"default"},"geometry":{"type":"MultiPolygon","coordinates":[[[[466053.82,1733883.95],[466057.97,1733894.14],[466081.6,1733885.04],[466077.21,1733874.47],[466053.82,1733883.95]]]]}},{"type":"Feature","properties":{"building":"yes","height":6,"heightSource":"default"},"geometry":{"type":"MultiPolygon","coordinates":[[[[466028.56,1733885.86],[466037.68,1733882.74],[466033.92,1733872.68],[466024.79,1733875.92],[466028.56,1733885.86]]]]}},{"type":"Feature","properties":{"building":"yes","height":6,"heightSource":"default"},"geometry":{"type":"MultiPolygon","coordinates":[[[[466019.27,1733867.22],[466022.41,1733873.93],[466031.66,1733870.19],[466028.39,1733862.86],[466019.27,1733867.22]]]]}},{"type":"Feature","properties":{"building":"yes","height":6,"heightSource":"default"},"geometry":{"type":"MultiPolygon","coordinates":[[[[466087.84,1733872.96],[466090.73,1733880.42],[466106.36,1733873.81],[466103.09,1733865.86],[466087.84,1733872.96]]]]}},{"type":"Feature","properties":{"building":"yes","height":6,"heightSource":"default"},"geometry":{"type":"MultiPolygon","coordinates":[[[[466016,1733853.56],[466019.14,1733862.12],[466030.27,1733857.76],[466026.75,1733848.94],[466016,1733853.56]]]]}},{"type":"Feature","properties":{"building":"yes","height":6,"heightSource":"default"},"geometry":{"type":"MultiPolygon","coordinates":[[[[466010.23,1733844.24],[466013.74,1733852.31],[466022.75,1733848.45],[466018.98,1733840.49],[466010.23,1733844.24]]]]}},{"type":"Feature","properties":{"building":"yes","height":6,"heightSource":"default"},"geometry":{"type":"MultiPolygon","coordinates":[[[[466033.86,1733836.24],[466040.99,1733833.24],[466035.6,1733821.69],[466028.59,1733825.07],[466033.86,1733836.24]]]]}},{"type":"Feature","properties":{"building":"yes","height":6,"heightSource":"default"},"geometry":{"type":"MultiPolygon","coordinates":[[[[466053.41,1733856.61],[466061.66,1733853.23],[466058.65,1733846.4],[466050.65,1733849.77],[466053.41,1733856.61]]]]}},{"type":"Feature","properties":{"building":"yes","height":6,"heightSource":"default"},"geometry":{"type":"MultiPolygon","coordinates":[[[[466116.98,1733867.82],[466125.74,1733864.08],[466122.34,1733856.51],[466113.46,1733859.99],[466116.98,1733867.82]]]]}},{"type":"Feature","properties":{"building":"yes","height":6,"heightSource":"default"},"geometry":{"type":"MultiPolygon","coordinates":[[[[466128.24,1733863.21],[466137.73,1733859.46],[466132.97,1733848.03],[466123.59,1733851.9],[466128.24,1733863.21]]]]}},{"type":"Feature","properties":{"building":"yes","height":6,"heightSource":"default"},"geometry":{"type":"MultiPolygon","coordinates":[[[[466106.8,1733835.27],[466111.32,1733844.83],[466117.07,1733842.09],[466112.55,1733832.52],[466106.8,1733835.27]]]]}},{"type":"Feature","properties":{"building":"yes","height":6,"heightSource":"default"},"geometry":{"type":"MultiPolygon","coordinates":[[[[466057.01,1733838.69],[466059.27,1733844.29],[466064.65,1733842.17],[466062.26,1733836.45],[466057.01,1733838.69]]]]}},{"type":"Feature","properties":{"building":"yes","height":6,"heightSource":"default"},"geometry":{"type":"MultiPolygon","coordinates":[[[[466063.37,1733824.52],[466071.62,1733821.14],[466068.48,1733811.2],[466059.48,1733814.7],[466063.37,1733824.52]]]]}},{"type":"Feature","properties":{"building":"yes","height":6,"heightSource":"default"},"geometry":{"type":"MultiPolygon","coordinates":[[[[466071.36,1733811.94],[466074,1733819.27],[466080.5,1733816.4],[466077.49,1733809.08],[466071.36,1733811.94]]]]}},{"type":"Feature","properties":{"building":"yes","height":6,"heightSource":"default"},"geometry":{"type":"MultiPolygon","coordinates":[[[[466144.47,1733841.92],[466146.6,1733850.12],[466155.37,1733847.38],[466152.85,1733839.29],[466144.47,1733841.92]]]]}},{"type":"Feature","properties":{"building":"yes","height":6,"heightSource":"default"},"geometry":{"type":"MultiPolygon","coordinates":[[[[466180.5,1733844.23],[466189,1733840.73],[466184.86,1733830.79],[466176.23,1733834.17],[466180.5,1733844.23]]]]}},{"type":"Feature","properties":{"building":"yes","height":6,"heightSource":"default"},"geometry":{"type":"MultiPolygon","coordinates":[[[[466154.93,1733844.04],[466159.29,1733855.02],[466179.66,1733847.05],[466175.3,1733836.06],[466154.93,1733844.04]]]]}},{"type":"Feature","properties":{"building":"yes","height":6,"heightSource":"default"},"geometry":{"type":"MultiPolygon","coordinates":[[[[466196.62,1733833.76],[466203.5,1733830.52],[466199.74,1733822.07],[466192.86,1733825.06],[466196.62,1733833.76]]]]}},{"type":"Feature","properties":{"building":"yes","height":6,"heightSource":"default"},"geometry":{"type":"MultiPolygon","coordinates":[[[[466203.62,1733822.56],[466210.75,1733819.69],[466207.48,1733811.74],[466200.1,1733814.49],[466203.62,1733822.56]]]]}},{"type":"Feature","properties":{"building":"yes","height":6,"heightSource":"default"},"geometry":{"type":"MultiPolygon","coordinates":[[[[466192.34,1733812.75],[466206.59,1733807.14],[466202.83,1733799.44],[466188.82,1733805.05],[466192.34,1733812.75]]]]}},{"type":"Feature","properties":{"building":"yes","height":6,"heightSource":"default"},"geometry":{"type":"MultiPolygon","coordinates":[[[[466178.92,1733786.91],[466194.17,1733779.06],[466188.9,1733767.37],[466180.02,1733770.99],[466182.78,1733776.34],[466175.4,1733779.46],[466178.92,1733786.91]]]]}},{"type":"Feature","properties":{"building":"yes","height":6,"heightSource":"default"},"geometry":{"type":"MultiPolygon","coordinates":[[[[466229.39,1733826.88],[466237.39,1733823.38],[466232,1733811.95],[466224.5,1733815.69],[466229.39,1733826.88]]]]}},{"type":"Feature","properties":{"building":"yes","height":6,"heightSource":"default"},"geometry":{"type":"MultiPolygon","coordinates":[[[[466219.37,1733813.83],[466227.36,1733809.85],[466223.22,1733800.03],[466214.98,1733804.01],[466219.37,1733813.83]]]]}},{"type":"Feature","properties":{"building":"yes","height":6,"heightSource":"default"},"geometry":{"type":"MultiPolygon","coordinates":[[[[466196.57,1733756.79],[466201.33,1733767.33],[466210.23,1733762.61],[466204.53,1733752.63],[466196.57,1733756.79]]]]}},{"type":"Feature","properties":{"building":"yes","height":6,"heightSource":"default"},"geometry":{"type":"MultiPolygon","coordinates":[[[[466210.07,1733780.52],[466213.31,1733788.04],[466221.65,1733784.07],[466218.02,1733776.36],[466210.07,1733780.52]]]]}},{"type":"Feature","properties":{"building":"yes","height":6,"heightSource":"default"},"geometry":{"type":"MultiPolygon","coordinates":[[[[466231.14,1733795.56],[466226.76,1733785.96],[466214.25,1733790.31],[466219.21,1733800.48],[466231.14,1733795.56]]]]}},{"type":"Feature","properties":{"building":"yes","height":6,"heightSource":"default"},"geometry":{"type":"MultiPolygon","coordinates":[[[[466256.2,1733815.5],[466272.89,1733809.44],[466271.74,1733806.43],[466280.08,1733802.46],[466275.7,1733793.04],[466268.51,1733796.63],[466264.31,1733787.78],[466256.73,1733790.62],[466261.3,1733801.92],[466252.39,1733805.13],[466256.2,1733815.5]]]]}},{"type":"Feature","properties":{"building":"yes","height":6,"heightSource":"default"},"geometry":{"type":"MultiPolygon","coordinates":[[[[466651.75,1733654.02],[466659.53,1733666.56],[466667.9,1733661.08],[466660.37,1733648.65],[466651.75,1733654.02]]]]}},{"type":"Feature","properties":{"building":"house","height":6,"heightSource":"default"},"geometry":{"type":"MultiPolygon","coordinates":[[[[466213.13,1733749],[466215.87,1733754.99],[466221.04,1733752.56],[466218.44,1733746.28],[466213.13,1733749]]]]}},{"type":"Feature","properties":{"building":"house","height":6,"heightSource":"default"},"geometry":{"type":"MultiPolygon","coordinates":[[[[466231.54,1733753.54],[466226.77,1733742.7],[466220.03,1733745.99],[466224.78,1733756.56],[466231.54,1733753.54]]]]}},{"type":"Feature","properties":{"building":"house","height":6,"heightSource":"default"},"geometry":{"type":"MultiPolygon","coordinates":[[[[466246.92,1733760.09],[466254.82,1733757.22],[466250.92,1733748.09],[466243.17,1733751.39],[466246.92,1733760.09]]]]}},{"type":"Feature","properties":{"building":"house","height":6,"heightSource":"default"},"geometry":{"type":"MultiPolygon","coordinates":[[[[466254.37,1733742.37],[466262.7,1733738.93],[466258.36,1733728.8],[466249.89,1733732.66],[466254.37,1733742.37]]]]}},{"type":"Feature","properties":{"building":"house","height":6,"heightSource":"default"},"geometry":{"type":"MultiPolygon","coordinates":[[[[466282.22,1733720.05],[466286.4,1733729.75],[466294,1733726.17],[466289.82,1733716.61],[466282.22,1733720.05]]]]}},{"type":"Feature","properties":{"building":"house","height":6,"heightSource":"default"},"geometry":{"type":"MultiPolygon","coordinates":[[[[466305.93,1733721.58],[466313.83,1733717.86],[466310.79,1733712.01],[466303.19,1733715.74],[466305.93,1733721.58]]]]}},{"type":"Feature","properties":{"building":"house","height":6,"heightSource":"default"},"geometry":{"type":"MultiPolygon","coordinates":[[[[466343.12,1733701.82],[466353.35,1733721.94],[466361.11,1733718.5],[466351.16,1733697.81],[466343.12,1733701.82]]]]}},{"type":"Feature","properties":{"building":"yes","height":6,"heightSource":"default"},"geometry":{"type":"MultiPolygon","coordinates":[[[[466372.75,1733712.62],[466380.81,1733720.9],[466377.21,1733724.33],[466369.3,1733715.91],[466372.75,1733712.62]]]]}},{"type":"Feature","properties":{"building":"yes","height":6,"heightSource":"default"},"geometry":{"type":"MultiPolygon","coordinates":[[[[466286.56,1733787.01],[466293.41,1733802.36],[466308.1,1733796.4],[466302.3,1733784.91],[466296.42,1733787.28],[466294.43,1733783.13],[466286.56,1733787.01]]]]}},{"type":"Feature","properties":{"building":"yes","height":6,"heightSource":"default"},"geometry":{"type":"MultiPolygon","coordinates":[[[[466308.67,1733793.94],[466303.81,1733782.93],[466317.64,1733776.78],[466322.59,1733788.08],[466308.67,1733793.94]]]]}},{"type":"Feature","properties":{"building":"yes","height":6,"heightSource":"default"},"geometry":{"type":"MultiPolygon","coordinates":[[[[466362.58,1733775.16],[466358.86,1733764.23],[466349.39,1733767.28],[466353.54,1733778.42],[466362.58,1733775.16]]]]}},{"type":"Feature","properties":{"building":"yes","height":6,"heightSource":"default"},"geometry":{"type":"MultiPolygon","coordinates":[[[[466416.44,1733720.52],[466439.33,1733710.99],[466433.46,1733697.05],[466424.53,1733700.78],[466427.28,1733707.31],[466413.32,1733713.13],[466416.44,1733720.52]]]]}},{"type":"Feature","properties":{"building":"yes","height":6,"heightSource":"default"},"geometry":{"type":"MultiPolygon","coordinates":[[[[466468.26,1733737.98],[466459.03,1733710.88],[466447.55,1733714.75],[466456.78,1733741.85],[466468.26,1733737.98]]]]}},{"type":"Feature","properties":{"building":"yes","height":6,"heightSource":"default"},"geometry":{"type":"MultiPolygon","coordinates":[[[[466474.46,1733733.48],[466490.36,1733728.48],[466487.95,1733719.61],[466480.11,1733722.87],[466477.05,1733714],[466468.34,1733716.39],[466474.46,1733733.48]]]]}},{"type":"Feature","properties":{"building":"yes","height":6,"heightSource":"default"},"geometry":{"type":"MultiPolygon","coordinates":[[[[466504.52,1733725.65],[466499.25,1733701.19],[466488.8,1733703.37],[466494.28,1733727.83],[466504.52,1733725.65]]]]}},{"type":"Feature","properties":{"building":"yes","height":6,"heightSource":"default"},"geometry":{"type":"MultiPolygon","coordinates":[[[[466569.95,1733683.22],[466576.24,1733699.23],[466584.39,1733695.82],[466578.29,1733679.62],[466569.95,1733683.22]]]]}},{"type":"Feature","properties":{"building":"yes","height":6,"heightSource":"default"},"geometry":{"type":"MultiPolygon","coordinates":[[[[466629.88,1733682.94],[466626.07,1733672.4],[466635.35,1733669.18],[466639.16,1733679.91],[466629.88,1733682.94]]]]}},{"type":"Feature","properties":{"building":"yes","height":6,"heightSource":"default"},"geometry":{"type":"MultiPolygon","coordinates":[[[[466605.75,1733656.4],[466615.98,1733649.98],[466609.14,1733639.63],[466598.71,1733645.67],[466605.75,1733656.4]]]]}},{"type":"Feature","properties":{"building":"yes","height":6,"heightSource":"default"},"geometry":{"type":"MultiPolygon","coordinates":[[[[466009.72,1733816.23],[466027.21,1733809.48],[466017.28,1733787.52],[466000.12,1733795.25],[466009.72,1733816.23]]]]}},{"type":"Feature","properties":{"building":"yes","height":6,"heightSource":"default"},"geometry":{"type":"MultiPolygon","coordinates":[[[[465986.05,1733776.74],[465992.85,1733790.34],[466006.37,1733783.75],[465999.42,1733769.49],[465986.05,1733776.74]]]]}},{"type":"Feature","properties":{"building":"yes","height":6,"heightSource":"default"},"geometry":{"type":"MultiPolygon","coordinates":[[[[465978.91,1733742.78],[465986.36,1733760.17],[466003.03,1733753.42],[465995.66,1733735.61],[465978.91,1733742.78]]]]}},{"type":"Feature","properties":{"building":"yes","height":6,"heightSource":"default"},"geometry":{"type":"MultiPolygon","coordinates":[[[[466032.53,1733789.64],[466038.43,1733802.19],[466046.38,1733798.71],[466040.15,1733785.63],[466032.53,1733789.64]]]]}},{"type":"Feature","properties":{"building":"yes","height":6,"heightSource":"default"},"geometry":{"type":"MultiPolygon","coordinates":[[[[466066.95,1733790.13],[466060.06,1733772.29],[466052.33,1733775],[466059.55,1733792.96],[466066.95,1733790.13]]]]}},{"type":"Feature","properties":{"building":"yes","height":6,"heightSource":"default"},"geometry":{"type":"MultiPolygon","coordinates":[[[[466021.92,1733740.07],[466016.95,1733726.29],[466007.54,1733729.93],[466013.18,1733743.37],[466021.92,1733740.07]]]]}},{"type":"Feature","properties":{"building":"yes","height":6,"heightSource":"default"},"geometry":{"type":"MultiPolygon","coordinates":[[[[466151.71,1733743.59],[466157.67,1733756.71],[466166.75,1733752.93],[466160.79,1733739.48],[466151.71,1733743.59]]]]}},{"type":"Feature","properties":{"building":"yes","height":6,"heightSource":"default"},"geometry":{"type":"MultiPolygon","coordinates":[[[[466160.94,1733735.38],[466168.57,1733753.09],[466179.29,1733748.81],[466171.5,1733730.93],[466160.94,1733735.38]]]]}},{"type":"Feature","properties":{"building":"yes","height":6,"heightSource":"default"},"geometry":{"type":"MultiPolygon","coordinates":[[[[466141.76,1733714.24],[466145.41,1733724.9],[466154.81,1733721.61],[466151,1733710.29],[466141.76,1733714.24]]]]}},{"type":"Feature","properties":{"building":"yes","height":6,"heightSource":"default"},"geometry":{"type":"MultiPolygon","coordinates":[[[[466199.88,1733738.47],[466225.73,1733728.14],[466220.26,1733715.73],[466194.41,1733726.18],[466199.88,1733738.47]]]]}},{"type":"Feature","properties":{"building":"yes","height":6,"heightSource":"default"},"geometry":{"type":"MultiPolygon","coordinates":[[[[466227.74,1733725.99],[466235.36,1733722.69],[466230.31,1733714],[466223.27,1733717.43],[466227.74,1733725.99]]]]}},{"type":"Feature","properties":{"building":"yes","height":6,"heightSource":"default"},"geometry":{"type":"MultiPolygon","coordinates":[[[[466172.2,1733683.38],[466185.85,1733676.64],[466181.68,1733670.08],[466168.46,1733676.38],[466172.2,1733683.38]]]]}},{"type":"Feature","properties":{"building":"yes","height":6,"heightSource":"default"},"geometry":{"type":"MultiPolygon","coordinates":[[[[466253.31,1733718.39],[466248.12,1733705.54],[466256.31,1733701.81],[466261.5,1733714.95],[466253.31,1733718.39]]]]}},{"type":"Feature","properties":{"building":"yes","height":6,"heightSource":"default"},"geometry":{"type":"MultiPolygon","coordinates":[[[[466255.72,1733694.96],[466265.38,1733714.8],[466273.28,1733711.21],[466263.62,1733690.66],[466255.72,1733694.96]]]]}},{"type":"Feature","properties":{"building":"yes","height":6,"heightSource":"default"},"geometry":{"type":"MultiPolygon","coordinates":[[[[466282.61,1733701.49],[466278.13,1733689.65],[466269.52,1733692.94],[466274.42,1733704.93],[466282.61,1733701.49]]]]}},{"type":"Feature","properties":{"building":"yes","height":6,"heightSource":"default"},"geometry":{"type":"MultiPolygon","coordinates":[[[[466308.84,1733676.21],[466317.32,1733691.13],[466325.95,1733686.28],[466319.63,1733675.17],[466325.32,1733671.98],[466323.16,1733668.17],[466308.84,1733676.21]]]]}},{"type":"Feature","properties":{"building":"yes","height":6,"heightSource":"default"},"geometry":{"type":"MultiPolygon","coordinates":[[[[466327.27,1733678.57],[466331.02,1733684.99],[466337.05,1733682.27],[466333.16,1733675],[466327.27,1733678.57]]]]}},{"type":"Feature","properties":{"building":"yes","height":6,"heightSource":"default"},"geometry":{"type":"MultiPolygon","coordinates":[[[[466269.03,1733660.66],[466264.71,1733652.95],[466253.94,1733658.54],[466257.98,1733666.82],[466269.03,1733660.66]]]]}},{"type":"Feature","properties":{"building":"yes","height":6,"heightSource":"default"},"geometry":{"type":"MultiPolygon","coordinates":[[[[466196.15,1733659.54],[466199.55,1733668.12],[466210.55,1733663.38],[466206.78,1733654.68],[466196.15,1733659.54]]]]}},{"type":"Feature","properties":{"building":"yes","height":6,"heightSource":"default"},"geometry":{"type":"MultiPolygon","coordinates":[[[[466209.58,1733655.38],[466212.4,1733661.12],[466218.01,1733658.81],[466215.19,1733652.59],[466209.58,1733655.38]]]]}},{"type":"Feature","properties":{"building":"yes","height":6,"heightSource":"default"},"geometry":{"type":"MultiPolygon","coordinates":[[[[466359.29,1733677.36],[466375.52,1733670.61],[466368.01,1733652.76],[466351.77,1733659.51],[466359.29,1733677.36]]]]}},{"type":"Feature","properties":{"building":"yes","height":6,"heightSource":"default"},"geometry":{"type":"MultiPolygon","coordinates":[[[[466342.33,1733664.21],[466350.08,1733661.08],[466347.1,1733653.86],[466339.35,1733656.83],[466342.33,1733664.21]]]]}},{"type":"Feature","properties":{"building":"yes","height":6,"heightSource":"default"},"geometry":{"type":"MultiPolygon","coordinates":[[[[466367.47,1733606.27],[466372.56,1733614.33],[466387.89,1733604.78],[466382.8,1733596.71],[466367.47,1733606.27]]]]}},{"type":"Feature","properties":{"building":"yes","height":6,"heightSource":"default"},"geometry":{"type":"MultiPolygon","coordinates":[[[[466405.62,1733599.21],[466410.87,1733596.29],[466407.25,1733589.85],[466401.99,1733592.75],[466405.62,1733599.21]]]]}},{"type":"Feature","properties":{"building":"yes","height":6,"heightSource":"default"},"geometry":{"type":"MultiPolygon","coordinates":[[[[466296.79,1733590.72],[466293.66,1733583.22],[466282.01,1733588.03],[466285.14,1733595.53],[466296.79,1733590.72]]]]}},{"type":"Feature","properties":{"building":"yes","height":6,"heightSource":"default"},"geometry":{"type":"MultiPolygon","coordinates":[[[[466314.48,1733587.74],[466308.82,1733575.95],[466301.19,1733579.55],[466306.84,1733591.35],[466314.48,1733587.74]]]]}},{"type":"Feature","properties":{"building":"yes","height":6,"heightSource":"default"},"geometry":{"type":"MultiPolygon","coordinates":[[[[465964.79,1733708.65],[465970.55,1733716.14],[465973.38,1733714],[465978.02,1733720.03],[465983.68,1733715.73],[465986.4,1733719.27],[465992.04,1733714.98],[465978.92,1733697.92],[465964.79,1733708.65]]]]}},{"type":"Feature","properties":{"building":"yes","height":6,"heightSource":"default"},"geometry":{"type":"MultiPolygon","coordinates":[[[[465936.91,1733813.68],[465942.27,1733820.81],[465947.7,1733816.8],[465942.34,1733809.65],[465936.91,1733813.68]]]]}},{"type":"Feature","properties":{"building":"yes","height":6,"heightSource":"default"},"geometry":{"type":"MultiPolygon","coordinates":[[[[465950.72,1733837.97],[465944.02,1733823.2],[465933,1733828.14],[465939.7,1733842.91],[465950.72,1733837.97]]]]}},{"type":"Feature","properties":{"building":"yes","height":6,"heightSource":"default"},"geometry":{"type":"MultiPolygon","coordinates":[[[[465954.18,1733822.79],[465959.79,1733831.92],[465967.24,1733827.39],[465961.62,1733818.27],[465954.18,1733822.79]]]]}},{"type":"Feature","properties":{"building":"yes","height":6,"heightSource":"default"},"geometry":{"type":"MultiPolygon","coordinates":[[[[466047.96,1733684.47],[466052.18,1733695.27],[466060.63,1733692.02],[466056.41,1733681.22],[466047.96,1733684.47]]]]}},{"type":"Feature","properties":{"building":"yes","height":6,"heightSource":"default"},"geometry":{"type":"MultiPolygon","coordinates":[[[[465925.38,1733843.64],[465920.91,1733834.21],[465913,1733837.92],[465917.46,1733847.34],[465925.38,1733843.64]]]]}},{"type":"Feature","properties":{"building":"yes","height":6,"heightSource":"default"},"geometry":{"type":"MultiPolygon","coordinates":[[[[465788.53,1733884.25],[465796.91,1733898.75],[465805.54,1733893.81],[465803.38,1733890.07],[465804.78,1733889.27],[465801.9,1733884.3],[465806.35,1733881.76],[465803.01,1733875.98],[465788.53,1733884.25]]]]}},{"type":"Feature","properties":{"building":"yes","height":6,"heightSource":"default"},"geometry":{"type":"MultiPolygon","coordinates":[[[[465793.98,1733847.84],[465802.25,1733843.06],[465796.56,1733833.32],[465788.28,1733838.11],[465793.98,1733847.84]]]]}},{"type":"Feature","properties":{"building":"yes","height":6,"heightSource":"default"},"geometry":{"type":"MultiPolygon","coordinates":[[[[465812.25,1733860.18],[465808.24,1733853.14],[465802.48,1733856.38],[465806.49,1733863.43],[465812.25,1733860.18]]]]}},{"type":"Feature","properties":{"building":"yes","height":6,"heightSource":"default"},"geometry":{"type":"MultiPolygon","coordinates":[[[[465821.35,1733872.69],[465828.41,1733885.01],[465834.94,1733881.3],[465833.88,1733879.45],[465836.43,1733878.01],[465837.01,1733880],[465843.33,1733876.42],[465836.33,1733864.21],[465821.35,1733872.69]]]]}},{"type":"Feature","properties":{"building":"yes","height":6,"heightSource":"default"},"geometry":{"type":"MultiPolygon","coordinates":[[[[465520.92,1734015.8],[465516.3,1734005.23],[465511.88,1734007.13],[465506.12,1733993.97],[465498.17,1733997.4],[465503.52,1734009.61],[465506.23,1734008.43],[465511.28,1734019.96],[465520.92,1734015.8]]]]}},{"type":"Feature","properties":{"building":"yes","height":6,"heightSource":"default"},"geometry":{"type":"MultiPolygon","coordinates":[[[[465530.31,1733997.07],[465535.15,1734008.3],[465544.54,1734004.3],[465539.7,1733993.07],[465530.31,1733997.07]]]]}},{"type":"Feature","properties":{"building":"yes","height":6,"heightSource":"default"},"geometry":{"type":"MultiPolygon","coordinates":[[[[465529.51,1733982.72],[465534.11,1733994.79],[465543.16,1733991.38],[465538.56,1733979.3],[465529.51,1733982.72]]]]}},{"type":"Feature","properties":{"building":"yes","height":6,"heightSource":"default"},"geometry":{"type":"MultiPolygon","coordinates":[[[[466846.18,1733584.88],[466852.17,1733581.58],[466848.6,1733575.16],[466842.61,1733578.46],[466846.18,1733584.88]]]]}},{"type":"Feature","properties":{"building":"yes","height":6,"heightSource":"default"},"geometry":{"type":"MultiPolygon","coordinates":[[[[466858.93,1733494.09],[466861.23,1733501.53],[466869.47,1733499.02],[466867.16,1733491.57],[466858.93,1733494.09]]]]}},{"type":"Feature","properties":{"building":"yes","height":6,"heightSource":"default"},"geometry":{"type":"MultiPolygon","coordinates":[[[[466869,1733481.58],[466872.38,1733495.32],[466890.64,1733490.89],[466888.74,1733483.16],[466877.65,1733485.85],[466876.17,1733479.84],[466869,1733481.58]]]]}},{"type":"Feature","properties":{"building":"yes","height":6,"heightSource":"default"},"geometry":{"type":"MultiPolygon","coordinates":[[[[466882.55,1733477.18],[466880.63,1733466.37],[466866.08,1733468.93],[466868,1733479.74],[466882.55,1733477.18]]]]}},{"type":"Feature","properties":{"building":"yes","height":6,"heightSource":"default"},"geometry":{"type":"MultiPolygon","coordinates":[[[[466952.54,1733470],[466951.11,1733462.87],[466941.98,1733464.68],[466943.41,1733471.81],[466952.54,1733470]]]]}},{"type":"Feature","properties":{"building":"yes","height":6,"heightSource":"default"},"geometry":{"type":"MultiPolygon","coordinates":[[[[466802.44,1733420],[466805.57,1733431.35],[466813.87,1733429.09],[466810.74,1733417.75],[466802.44,1733420]]]]}},{"type":"Feature","properties":{"building":"yes","height":6,"heightSource":"default"},"geometry":{"type":"MultiPolygon","coordinates":[[[[467200.96,1733592.17],[467216.46,1733589.31],[467214.07,1733576.58],[467198.58,1733579.44],[467200.96,1733592.17]]]]}},{"type":"Feature","properties":{"building":"yes","height":6,"heightSource":"default"},"geometry":{"type":"MultiPolygon","coordinates":[[[[467198.68,1733565.49],[467211.86,1733565.8],[467212.16,1733554.01],[467198.97,1733553.68],[467198.68,1733565.49]]]]}},{"type":"Feature","properties":{"building":"yes","height":6,"heightSource":"default"},"geometry":{"type":"MultiPolygon","coordinates":[[[[467226.01,1733572.29],[467228.73,1733584.6],[467243.03,1733581.47],[467241.34,1733573.89],[467236.58,1733574.93],[467235.53,1733570.2],[467226.01,1733572.29]]]]}},{"type":"Feature","properties":{"building":"yes","height":6,"heightSource":"default"},"geometry":{"type":"MultiPolygon","coordinates":[[[[467228.92,1733564.76],[467238.36,1733561.72],[467235.49,1733552.92],[467226.06,1733555.96],[467228.92,1733564.76]]]]}},{"type":"Feature","properties":{"building":"yes","height":6,"heightSource":"default"},"geometry":{"type":"MultiPolygon","coordinates":[[[[467229.43,1733511.89],[467198.12,1733517.09],[467200.92,1733533.77],[467222.56,1733530.18],[467221.87,1733526.05],[467231.54,1733524.44],[467229.43,1733511.89]]]]}},{"type":"Feature","properties":{"building":"yes","height":6,"heightSource":"default"},"geometry":{"type":"MultiPolygon","coordinates":[[[[467273.44,1733574.61],[467265.61,1733547.76],[467256.37,1733550.43],[467258.84,1733558.94],[467242.46,1733563.65],[467244.7,1733571.31],[467260.68,1733566.71],[467263.79,1733577.39],[467273.44,1733574.61]]]]}},{"type":"Feature","properties":{"building":"yes","height":6,"heightSource":"default"},"geometry":{"type":"MultiPolygon","coordinates":[[[[467243.66,1733558.79],[467253.91,1733555.46],[467250.81,1733546.06],[467240.56,1733549.4],[467243.66,1733558.79]]]]}},{"type":"Feature","properties":{"building":"yes","height":6,"heightSource":"default"},"geometry":{"type":"MultiPolygon","coordinates":[[[[467271.13,1733561.11],[467274.15,1733570.64],[467280.22,1733568.73],[467281.23,1733571.87],[467287.96,1733569.75],[467288.48,1733571.36],[467298.3,1733568.28],[467293.76,1733554],[467271.13,1733561.11]]]]}},{"type":"Feature","properties":{"building":"yes","height":6,"heightSource":"default"},"geometry":{"type":"MultiPolygon","coordinates":[[[[467274.89,1733558.94],[467293.01,1733553.43],[467290.25,1733544.47],[467287.77,1733545.23],[467276.44,1733548.67],[467272.14,1733549.98],[467274.89,1733558.94]]]]}},{"type":"Feature","properties":{"building":"yes","height":6,"heightSource":"default"},"geometry":{"type":"MultiPolygon","coordinates":[[[[467276.44,1733548.67],[467273.91,1733540.68],[467285.55,1733537.18],[467287.77,1733545.23],[467276.44,1733548.67]]]]}},{"type":"Feature","properties":{"building":"yes","height":6,"heightSource":"default"},"geometry":{"type":"MultiPolygon","coordinates":[[[[467233.08,1733536.18],[467235.81,1733544.09],[467242.48,1733541.82],[467239.74,1733533.9],[467233.08,1733536.18]]]]}},{"type":"Feature","properties":{"building":"yes","height":6,"heightSource":"default"},"geometry":{"type":"MultiPolygon","coordinates":[[[[467251.16,1733540.05],[467259.37,1733537.08],[467254.62,1733524.16],[467246.43,1733527.13],[467251.16,1733540.05]]]]}},{"type":"Feature","properties":{"building":"yes","height":6,"heightSource":"default"},"geometry":{"type":"MultiPolygon","coordinates":[[[[467263.82,1733541.22],[467271.56,1733538.34],[467267.62,1733527.83],[467259.87,1733530.71],[467263.82,1733541.22]]]]}},{"type":"Feature","properties":{"building":"yes","height":6,"heightSource":"default"},"geometry":{"type":"MultiPolygon","coordinates":[[[[467235.05,1733505.78],[467239.77,1733520.95],[467255.84,1733516],[467252.67,1733505.79],[467248.67,1733507.01],[467247.14,1733502.07],[467235.05,1733505.78]]]]}},{"type":"Feature","properties":{"building":"yes","height":6,"heightSource":"default"},"geometry":{"type":"MultiPolygon","coordinates":[[[[467261.55,1733512.26],[467267.03,1733510.56],[467265.37,1733505.24],[467259.87,1733506.94],[467261.55,1733512.26]]]]}},{"type":"Feature","properties":{"building":"yes","height":6,"heightSource":"default"},"geometry":{"type":"MultiPolygon","coordinates":[[[[467306.33,1733561.82],[467313.8,1733560.1],[467310.91,1733550.53],[467303.29,1733552.84],[467306.33,1733561.82]]]]}},{"type":"Feature","properties":{"building":"yes","height":6,"heightSource":"default"},"geometry":{"type":"MultiPolygon","coordinates":[[[[467293.69,1733526.88],[467298.48,1733540.81],[467304.02,1733538.92],[467302.82,1733535.4],[467305.57,1733534.47],[467301.99,1733524.06],[467293.69,1733526.88]]]]}},{"type":"Feature","properties":{"building":"yes","height":6,"heightSource":"default"},"geometry":{"type":"MultiPolygon","coordinates":[[[[467317.55,1733546.74],[467315.89,1733536.37],[467308.95,1733537.46],[467310.61,1733547.84],[467317.55,1733546.74]]]]}},{"type":"Feature","properties":{"building":"yes","height":6,"heightSource":"default"},"geometry":{"type":"MultiPolygon","coordinates":[[[[467323.95,1733540.59],[467325.64,1733548.48],[467331.58,1733547.21],[467329.88,1733539.34],[467323.95,1733540.59]]]]}},{"type":"Feature","properties":{"building":"yes","height":6,"heightSource":"default"},"geometry":{"type":"MultiPolygon","coordinates":[[[[467350.23,1733542.19],[467347.33,1733530.73],[467338.18,1733533.01],[467341.09,1733544.48],[467350.23,1733542.19]]]]}},{"type":"Feature","properties":{"building":"yes","height":6,"heightSource":"default"},"geometry":{"type":"MultiPolygon","coordinates":[[[[467373.14,1733541.32],[467369.81,1733531.45],[467361.42,1733534.24],[467364.76,1733544.11],[467373.14,1733541.32]]]]}},{"type":"Feature","properties":{"building":"yes","height":6,"heightSource":"default"},"geometry":{"type":"MultiPolygon","coordinates":[[[[467305.62,1733497.45],[467302.73,1733487.17],[467291.06,1733490.4],[467293.5,1733499.11],[467300.62,1733497.15],[467301.06,1733498.7],[467305.62,1733497.45]]]]}},{"type":"Feature","properties":{"building":"yes","height":6,"heightSource":"default"},"geometry":{"type":"MultiPolygon","coordinates":[[[[467315.75,1733496.34],[467324.44,1733494.22],[467322.23,1733485.29],[467313.55,1733487.4],[467315.75,1733496.34]]]]}},{"type":"Feature","properties":{"building":"yes","height":6,"heightSource":"default"},"geometry":{"type":"MultiPolygon","coordinates":[[[[467307.9,1733517.82],[467316.23,1733516.44],[467314.59,1733506.59],[467306.24,1733507.98],[467307.9,1733517.82]]]]}},{"type":"Feature","properties":{"building":"yes","height":6,"heightSource":"default"},"geometry":{"type":"MultiPolygon","coordinates":[[[[467330.4,1733483.55],[467332.4,1733492.34],[467339.87,1733490.66],[467337.87,1733481.88],[467330.4,1733483.55]]]]}},{"type":"Feature","properties":{"building":"yes","height":6,"heightSource":"default"},"geometry":{"type":"MultiPolygon","coordinates":[[[[467349.57,1733533.85],[467357.9,1733531.51],[467355.14,1733521.87],[467346.81,1733524.21],[467349.57,1733533.85]]]]}},{"type":"Feature","properties":{"building":"yes","height":6,"heightSource":"default"},"geometry":{"type":"MultiPolygon","coordinates":[[[[467359.33,1733522.99],[467356.69,1733513.17],[467364.63,1733511.06],[467367.27,1733520.88],[467359.33,1733522.99]]]]}},{"type":"Feature","properties":{"building":"yes","height":6,"heightSource":"default"},"geometry":{"type":"MultiPolygon","coordinates":[[[[467361.11,1733478.66],[467364.06,1733488.86],[467373.1,1733486.27],[467370.15,1733476.08],[467361.11,1733478.66]]]]}},{"type":"Feature","properties":{"building":"yes","height":6,"heightSource":"default"},"geometry":{"type":"MultiPolygon","coordinates":[[[[467388.43,1733506.48],[467395.74,1733504.55],[467392.76,1733493.4],[467385.46,1733495.32],[467388.43,1733506.48]]]]}},{"type":"Feature","properties":{"building":"yes","height":6,"heightSource":"default"},"geometry":{"type":"MultiPolygon","coordinates":[[[[467374.39,1733486.51],[467382.62,1733484.07],[467379.73,1733474.41],[467371.5,1733476.85],[467374.39,1733486.51]]]]}},{"type":"Feature","properties":{"building":"yes","height":6,"heightSource":"default"},"geometry":{"type":"MultiPolygon","coordinates":[[[[467379.59,1733527.9],[467383.27,1733538.12],[467398.62,1733532.67],[467394.94,1733522.45],[467379.59,1733527.9]]]]}},{"type":"Feature","properties":{"building":"yes","height":6,"heightSource":"default"},"geometry":{"type":"MultiPolygon","coordinates":[[[[467375.76,1733540.62],[467381.94,1733538.46],[467378.62,1733529.04],[467372.45,1733531.2],[467375.76,1733540.62]]]]}},{"type":"Feature","properties":{"building":"yes","height":6,"heightSource":"default"},"geometry":{"type":"MultiPolygon","coordinates":[[[[467400.54,1733535.31],[467406.8,1733533.29],[467402.63,1733520.54],[467396.37,1733522.56],[467400.54,1733535.31]]]]}},{"type":"Feature","properties":{"building":"yes","height":6,"heightSource":"default"},"geometry":{"type":"MultiPolygon","coordinates":[[[[467405.28,1733522.05],[467408.57,1733531.74],[467416.56,1733529.06],[467413.27,1733519.37],[467405.28,1733522.05]]]]}},{"type":"Feature","properties":{"building":"yes","height":6,"heightSource":"default"},"geometry":{"type":"MultiPolygon","coordinates":[[[[467417.36,1733520.46],[467419.87,1733527.56],[467427.31,1733524.96],[467424.8,1733517.86],[467417.36,1733520.46]]]]}},{"type":"Feature","properties":{"building":"yes","height":6,"heightSource":"default"},"geometry":{"type":"MultiPolygon","coordinates":[[[[467427.17,1733519.54],[467429.63,1733526.85],[467437.58,1733524.19],[467435.12,1733516.9],[467427.17,1733519.54]]]]}},{"type":"Feature","properties":{"building":"yes","height":6,"heightSource":"default"},"geometry":{"type":"MultiPolygon","coordinates":[[[[467440.69,1733507.4],[467449.52,1733505.39],[467447.43,1733496.26],[467438.58,1733498.27],[467440.69,1733507.4]]]]}},{"type":"Feature","properties":{"building":"yes","height":6,"heightSource":"default"},"geometry":{"type":"MultiPolygon","coordinates":[[[[467377.29,1733510.84],[467379.93,1733518.41],[467389.18,1733515.23],[467386.55,1733507.65],[467377.29,1733510.84]]]]}},{"type":"Feature","properties":{"building":"yes","height":6,"heightSource":"default"},"geometry":{"type":"MultiPolygon","coordinates":[[[[467443.88,1733514.78],[467447.57,1733523.72],[467466.2,1733516.14],[467462.51,1733507.19],[467443.88,1733514.78]]]]}},{"type":"Feature","properties":{"building":"yes","height":6,"heightSource":"default"},"geometry":{"type":"MultiPolygon","coordinates":[[[[467458.54,1733501.96],[467468.06,1733499.99],[467466.15,1733490.89],[467456.62,1733492.86],[467458.54,1733501.96]]]]}},{"type":"Feature","properties":{"building":"yes","height":6,"heightSource":"default"},"geometry":{"type":"MultiPolygon","coordinates":[[[[467473.92,1733514.86],[467483.54,1733511.63],[467481.81,1733506.56],[467472.2,1733509.8],[467473.92,1733514.86]]]]}},{"type":"Feature","properties":{"building":"yes","height":6,"heightSource":"default"},"geometry":{"type":"MultiPolygon","coordinates":[[[[467484.57,1733498.95],[467488.6,1733509.2],[467498.04,1733505.53],[467494,1733495.29],[467484.57,1733498.95]]]]}},{"type":"Feature","properties":{"building":"yes","height":6,"heightSource":"default"},"geometry":{"type":"MultiPolygon","coordinates":[[[[467468.69,1733474.03],[467476,1733471.31],[467477.02,1733474.01],[467485.3,1733470.92],[467480.75,1733458.84],[467465.15,1733464.64],[467468.69,1733474.03]]]]}},{"type":"Feature","properties":{"building":"yes","height":6,"heightSource":"default"},"geometry":{"type":"MultiPolygon","coordinates":[[[[467435.43,1733471.96],[467439.51,1733487.57],[467447.1,1733485.6],[467443,1733470.01],[467435.43,1733471.96]]]]}},{"type":"Feature","properties":{"building":"yes","height":6,"heightSource":"default"},"geometry":{"type":"MultiPolygon","coordinates":[[[[467445.08,1733460.69],[467447.72,1733470.18],[467455.19,1733468.13],[467452.56,1733458.64],[467445.08,1733460.69]]]]}},{"type":"Feature","properties":{"building":"yes","height":6,"heightSource":"default"},"geometry":{"type":"MultiPolygon","coordinates":[[[[467475.09,1733451.07],[467474.11,1733448.02],[467478.35,1733446.68],[467475.28,1733437.1],[467459.81,1733441.99],[467462.9,1733451.65],[467467.82,1733450.09],[467468.78,1733453.06],[467475.09,1733451.07]]]]}},{"type":"Feature","properties":{"building":"yes","height":6,"heightSource":"default"},"geometry":{"type":"MultiPolygon","coordinates":[[[[467415.87,1733453.63],[467421.15,1733469.7],[467430.48,1733466.66],[467428.48,1733460.59],[467435.92,1733458.17],[467432.64,1733448.19],[467415.87,1733453.63]]]]}},{"type":"Feature","properties":{"building":"yes","height":6,"heightSource":"default"},"geometry":{"type":"MultiPolygon","coordinates":[[[[467404.7,1733467.3],[467408,1733478.12],[467409.48,1733477.68],[467410.87,1733482.25],[467419.8,1733479.56],[467418.04,1733473.76],[467416.34,1733474.27],[467413.42,1733464.67],[467404.7,1733467.3]]]]}},{"type":"Feature","properties":{"building":"yes","height":6,"heightSource":"default"},"geometry":{"type":"MultiPolygon","coordinates":[[[[467388.21,1733470.62],[467390.74,1733480.97],[467401.16,1733478.45],[467398.62,1733468.1],[467388.21,1733470.62]]]]}},{"type":"Feature","properties":{"building":"yes","height":6,"heightSource":"default"},"geometry":{"type":"MultiPolygon","coordinates":[[[[467389.78,1733447.52],[467384.42,1733430.98],[467372.86,1733434.68],[467377.04,1733447.57],[467380.03,1733446.61],[467381.21,1733450.26],[467389.78,1733447.52]]]]}},{"type":"Feature","properties":{"building":"yes","height":6,"heightSource":"default"},"geometry":{"type":"MultiPolygon","coordinates":[[[[467365.03,1733435.9],[467367.71,1733444.25],[467373.82,1733442.32],[467371.14,1733433.96],[467365.03,1733435.9]]]]}},{"type":"Feature","properties":{"building":"yes","height":6,"heightSource":"default"},"geometry":{"type":"MultiPolygon","coordinates":[[[[467231.01,1733493.94],[467240.99,1733490.71],[467235.76,1733474.73],[467225.78,1733477.96],[467231.01,1733493.94]]]]}},{"type":"Feature","properties":{"building":"yes","height":6,"heightSource":"default"},"geometry":{"type":"MultiPolygon","coordinates":[[[[467243.92,1733488.86],[467252.84,1733486.14],[467248.91,1733473.39],[467239.99,1733476.12],[467243.92,1733488.86]]]]}},{"type":"Feature","properties":{"building":"yes","height":6,"heightSource":"default"},"geometry":{"type":"MultiPolygon","coordinates":[[[[467255.89,1733485.57],[467264.57,1733482.88],[467260.75,1733470.66],[467252.05,1733473.33],[467255.89,1733485.57]]]]}},{"type":"Feature","properties":{"building":"yes","height":6,"heightSource":"default"},"geometry":{"type":"MultiPolygon","coordinates":[[[[467281.62,1733456.47],[467287.41,1733473.57],[467299.71,1733469.46],[467293.92,1733452.36],[467281.62,1733456.47]]]]}},{"type":"Feature","properties":{"building":"yes","height":6,"heightSource":"default"},"geometry":{"type":"MultiPolygon","coordinates":[[[[467302.03,1733470.1],[467310.65,1733467.43],[467307.37,1733456.94],[467298.75,1733459.61],[467302.03,1733470.1]]]]}},{"type":"Feature","properties":{"building":"yes","height":6,"heightSource":"default"},"geometry":{"type":"MultiPolygon","coordinates":[[[[467317.23,1733461.11],[467324.05,1733458.96],[467321.11,1733449.76],[467314.31,1733451.91],[467317.23,1733461.11]]]]}},{"type":"Feature","properties":{"building":"yes","height":6,"heightSource":"default"},"geometry":{"type":"MultiPolygon","coordinates":[[[[467323.11,1733449.37],[467325.46,1733457.37],[467332.53,1733455.32],[467330.19,1733447.33],[467323.11,1733449.37]]]]}},{"type":"Feature","properties":{"building":"yes","height":6,"heightSource":"default"},"geometry":{"type":"MultiPolygon","coordinates":[[[[467493.79,1733452.6],[467501.42,1733473.96],[467521.64,1733466.83],[467519.02,1733459.45],[467507.09,1733463.64],[467502.1,1733449.67],[467493.79,1733452.6]]]]}},{"type":"Feature","properties":{"building":"yes","height":6,"heightSource":"default"},"geometry":{"type":"MultiPolygon","coordinates":[[[[467501.73,1733475.08],[467504.85,1733484.28],[467514.41,1733481.08],[467511.29,1733471.87],[467501.73,1733475.08]]]]}},{"type":"Feature","properties":{"building":"yes","height":6,"heightSource":"default"},"geometry":{"type":"MultiPolygon","coordinates":[[[[467508.7,1733488.66],[467512.95,1733500.93],[467521.34,1733498.07],[467517.09,1733485.78],[467508.7,1733488.66]]]]}},{"type":"Feature","properties":{"building":"yes","height":6,"heightSource":"default"},"geometry":{"type":"MultiPolygon","coordinates":[[[[467518.61,1733487.22],[467531.44,1733482.73],[467528.09,1733473.29],[467515.26,1733477.78],[467518.61,1733487.22]]]]}},{"type":"Feature","properties":{"building":"yes","height":6,"heightSource":"default"},"geometry":{"type":"MultiPolygon","coordinates":[[[[467525.45,1733487.47],[467528.81,1733497.91],[467535.3,1733495.85],[467534.49,1733493.28],[467549.32,1733488.57],[467546.78,1733480.69],[467525.45,1733487.47]]]]}},{"type":"Feature","properties":{"building":"yes","height":6,"heightSource":"default"},"geometry":{"type":"MultiPolygon","coordinates":[[[[467545.47,1733471.08],[467552.45,1733490.3],[467558.65,1733488.07],[467551.67,1733468.86],[467545.47,1733471.08]]]]}},{"type":"Feature","properties":{"building":"yes","height":6,"heightSource":"default"},"geometry":{"type":"MultiPolygon","coordinates":[[[[467559.6,1733476.62],[467557.09,1733468.76],[467554.66,1733469.53],[467553.69,1733466.5],[467565.17,1733462.9],[467571.39,1733482.44],[467559.54,1733486.17],[467556.79,1733477.5],[467559.6,1733476.62]]]]}},{"type":"Feature","properties":{"building":"yes","height":6,"heightSource":"default"},"geometry":{"type":"MultiPolygon","coordinates":[[[[467498.18,1733434.8],[467502.1,1733445.94],[467510.5,1733443.02],[467506.57,1733431.88],[467498.18,1733434.8]]]]}},{"type":"Feature","properties":{"building":"yes","height":6,"heightSource":"default"},"geometry":{"type":"MultiPolygon","coordinates":[[[[467578.17,1733473.15],[467581.83,1733485.44],[467591.65,1733482.55],[467587.99,1733470.26],[467578.17,1733473.15]]]]}},{"type":"Feature","properties":{"building":"yes","height":6,"heightSource":"default"},"geometry":{"type":"MultiPolygon","coordinates":[[[[467599.51,1733482.4],[467606.9,1733481.3],[467605.7,1733473.37],[467598.31,1733474.47],[467599.51,1733482.4]]]]}},{"type":"Feature","properties":{"building":"yes","height":6,"heightSource":"default"},"geometry":{"type":"MultiPolygon","coordinates":[[[[467618.28,1733470.38],[467628.75,1733468.49],[467627.33,1733460.64],[467616.84,1733462.52],[467618.28,1733470.38]]]]}},{"type":"Feature","properties":{"building":"yes","height":6,"heightSource":"default"},"geometry":{"type":"MultiPolygon","coordinates":[[[[467631.69,1733473.53],[467640.61,1733470.97],[467637.78,1733461.22],[467628.85,1733463.78],[467631.69,1733473.53]]]]}},{"type":"Feature","properties":{"building":"yes","height":6,"heightSource":"default"},"geometry":{"type":"MultiPolygon","coordinates":[[[[467644.72,1733459.68],[467651.33,1733457.66],[467649.01,1733449.81],[467642.55,1733451.96],[467644.72,1733459.68]]]]}},{"type":"Feature","properties":{"building":"yes","height":6,"heightSource":"default"},"geometry":{"type":"MultiPolygon","coordinates":[[[[467660.36,1733468.99],[467668.91,1733468.36],[467668.14,1733458.08],[467659.59,1733458.71],[467660.36,1733468.99]]]]}},{"type":"Feature","properties":{"building":"yes","height":6,"heightSource":"default"},"geometry":{"type":"MultiPolygon","coordinates":[[[[465634.71,1734177.93],[465648.66,1734176.52],[465647.98,1734169.82],[465643.72,1734170.26],[465642.76,1734160.71],[465647.44,1734160.24],[465646.59,1734151.9],[465637.04,1734152.87],[465638,1734162.23],[465633.16,1734162.71],[465634.71,1734177.93]]]]}},{"type":"Feature","properties":{"building":"yes","height":6,"heightSource":"default"},"geometry":{"type":"MultiPolygon","coordinates":[[[[465655.83,1734184.16],[465665.5,1734181.2],[465665.12,1734179.93],[465670.92,1734178.15],[465668.77,1734171.17],[465662.56,1734173.07],[465661.2,1734168.68],[465655.86,1734170.32],[465657.01,1734174.01],[465653.06,1734175.21],[465655.83,1734184.16]]]]}},{"type":"Feature","properties":{"building":"yes","height":6,"heightSource":"default"},"geometry":{"type":"MultiPolygon","coordinates":[[[[466233.57,1733942.66],[466237.59,1733952.85],[466253.65,1733946.61],[466248.85,1733934.4],[466239.55,1733938.02],[466240.34,1733940.03],[466233.57,1733942.66]]]]}},{"type":"Feature","properties":{"building":"yes","height":6,"heightSource":"default"},"geometry":{"type":"MultiPolygon","coordinates":[[[[466223.09,1733943.41],[466226.43,1733952.15],[466234.03,1733949.3],[466230.7,1733940.54],[466223.09,1733943.41]]]]}},{"type":"Feature","properties":{"building":"yes","height":6,"heightSource":"default"},"geometry":{"type":"MultiPolygon","coordinates":[[[[466204.19,1733954.48],[466209.35,1733963.13],[466216.8,1733958.74],[466211.62,1733950.08],[466204.19,1733954.48]]]]}},{"type":"Feature","properties":{"building":"yes","height":6,"heightSource":"default"},"geometry":{"type":"MultiPolygon","coordinates":[[[[466195.56,1733958.75],[466202.11,1733969.69],[466209.31,1733965.42],[466202.77,1733954.48],[466195.56,1733958.75]]]]}},{"type":"Feature","properties":{"building":"yes","height":6,"heightSource":"default"},"geometry":{"type":"MultiPolygon","coordinates":[[[[466184.74,1733961.31],[466189.06,1733970.71],[466197.72,1733966.78],[466193.4,1733957.38],[466184.74,1733961.31]]]]}},{"type":"Feature","properties":{"building":"yes","height":6,"heightSource":"default"},"geometry":{"type":"MultiPolygon","coordinates":[[[[466175.63,1733964.92],[466179.03,1733973.98],[466186.14,1733971.35],[466182.76,1733962.28],[466175.63,1733964.92]]]]}},{"type":"Feature","properties":{"building":"yes","height":6,"heightSource":"default"},"geometry":{"type":"MultiPolygon","coordinates":[[[[466178.59,1733978.84],[466184.63,1733993.03],[466196.34,1733988.1],[466190.29,1733973.91],[466178.59,1733978.84]]]]}},{"type":"Feature","properties":{"building":"yes","height":6,"heightSource":"default"},"geometry":{"type":"MultiPolygon","coordinates":[[[[466255.4,1733960.99],[466252.89,1733954.4],[466260.28,1733951.62],[466262.8,1733958.22],[466255.4,1733960.99]]]]}},{"type":"Feature","properties":{"building":"yes","height":6,"heightSource":"default"},"geometry":{"type":"MultiPolygon","coordinates":[[[[466256.85,1733961.58],[466259.46,1733967.87],[466266.33,1733965.05],[466263.71,1733958.76],[466256.85,1733961.58]]]]}},{"type":"Feature","properties":{"building":"yes","height":6,"heightSource":"default"},"geometry":{"type":"MultiPolygon","coordinates":[[[[466267.24,1733971.69],[466258.44,1733975.47],[466261.23,1733981.87],[466257.57,1733983.43],[466261.45,1733992.32],[466271.51,1733987.99],[466268.67,1733981.48],[466271.05,1733980.45],[466267.24,1733971.69]]]]}},{"type":"Feature","properties":{"building":"yes","height":6,"heightSource":"default"},"geometry":{"type":"MultiPolygon","coordinates":[[[[466911.31,1733707.12],[466915.2,1733718.7],[466924.89,1733715.47],[466920.98,1733703.9],[466911.31,1733707.12]]]]}},{"type":"Feature","properties":{"building":"yes","height":6,"heightSource":"default"},"geometry":{"type":"MultiPolygon","coordinates":[[[[466888.52,1733712.82],[466894.61,1733730.98],[466904.49,1733727.72],[466898.4,1733709.55],[466888.52,1733712.82]]]]}},{"type":"Feature","properties":{"building":"yes","height":6,"heightSource":"default"},"geometry":{"type":"MultiPolygon","coordinates":[[[[466864.01,1733719.38],[466869.46,1733735.19],[466878.4,1733732.15],[466872.95,1733716.34],[466864.01,1733719.38]]]]}},{"type":"Feature","properties":{"building":"yes","height":6,"heightSource":"default"},"geometry":{"type":"MultiPolygon","coordinates":[[[[466945.31,1733695.47],[466947.82,1733704.33],[466958.1,1733701.45],[466955.58,1733692.59],[466945.31,1733695.47]]]]}},{"type":"Feature","properties":{"building":"yes","height":6,"heightSource":"default"},"geometry":{"type":"MultiPolygon","coordinates":[[[[466967.51,1733688.24],[466969.86,1733700.07],[466980.3,1733698.02],[466977.94,1733686.18],[466967.51,1733688.24]]]]}},{"type":"Feature","properties":{"building":"yes","height":6,"heightSource":"default"},"geometry":{"type":"MultiPolygon","coordinates":[[[[466988.43,1733681.82],[466994.37,1733702.71],[467003.92,1733700.03],[467006.75,1733709.98],[466997.67,1733712.53],[466995.06,1733703.36],[466985.31,1733706.11],[466979.15,1733684.44],[466988.43,1733681.82]]]]}},{"type":"Feature","properties":{"building":"yes","height":6,"heightSource":"default"},"geometry":{"type":"MultiPolygon","coordinates":[[[[466991.27,1733681.41],[466994.51,1733691.45],[467003.13,1733688.71],[466999.9,1733678.66],[466991.27,1733681.41]]]]}},{"type":"Feature","properties":{"building":"yes","height":6,"heightSource":"default"},"geometry":{"type":"MultiPolygon","coordinates":[[[[467006.24,1733677.06],[467009.72,1733687.57],[467026.9,1733681.94],[467024.19,1733673.73],[467016.75,1733676.16],[467016,1733673.87],[467006.24,1733677.06]]]]}},{"type":"Feature","properties":{"building":"yes","height":6,"heightSource":"default"},"geometry":{"type":"MultiPolygon","coordinates":[[[[467026.53,1733671.97],[467030.58,1733684.79],[467039.99,1733681.86],[467035.96,1733669.03],[467026.53,1733671.97]]]]}},{"type":"Feature","properties":{"building":"yes","height":6,"heightSource":"default"},"geometry":{"type":"MultiPolygon","coordinates":[[[[467042.7,1733669.64],[467043.9,1733676.39],[467049.54,1733675.4],[467048.33,1733668.65],[467042.7,1733669.64]]]]}},{"type":"Feature","properties":{"building":"yes","height":6,"heightSource":"default"},"geometry":{"type":"MultiPolygon","coordinates":[[[[467044.39,1733675.78],[467044.97,1733691.72],[467046.21,1733691.67],[467046.29,1733693.86],[467055.01,1733693.55],[467054.87,1733689.35],[467054.29,1733688.77],[467054.04,1733682.05],[467050.46,1733682.18],[467050.23,1733675.57],[467044.39,1733675.78]]]]}},{"type":"Feature","properties":{"building":"yes","height":6,"heightSource":"default"},"geometry":{"type":"MultiPolygon","coordinates":[[[[467057.03,1733672.08],[467058.72,1733685.99],[467066.17,1733685.11],[467064.47,1733671.18],[467057.03,1733672.08]]]]}},{"type":"Feature","properties":{"building":"yes","height":6,"heightSource":"default"},"geometry":{"type":"MultiPolygon","coordinates":[[[[467067.08,1733675.13],[467067.71,1733685.72],[467076.46,1733685.21],[467075.84,1733674.62],[467067.08,1733675.13]]]]}},{"type":"Feature","properties":{"building":"yes","height":6,"heightSource":"default"},"geometry":{"type":"MultiPolygon","coordinates":[[[[467065.54,1733664.02],[467067.81,1733673.15],[467075.18,1733671.32],[467072.89,1733662.2],[467065.54,1733664.02]]]]}},{"type":"Feature","properties":{"building":"yes","height":6,"heightSource":"default"},"geometry":{"type":"MultiPolygon","coordinates":[[[[467089.83,1733650.33],[467092.84,1733661.54],[467106.07,1733658.03],[467103.06,1733646.82],[467089.83,1733650.33]]]]}},{"type":"Feature","properties":{"building":"yes","height":6,"heightSource":"default"},"geometry":{"type":"MultiPolygon","coordinates":[[[[467077.01,1733653.69],[467080.06,1733664.31],[467089.43,1733661.66],[467086.38,1733651.04],[467077.01,1733653.69]]]]}},{"type":"Feature","properties":{"building":"yes","height":6,"heightSource":"default"},"geometry":{"type":"MultiPolygon","coordinates":[[[[467097.99,1733667.9],[467101.87,1733680.91],[467111.27,1733678.14],[467107.4,1733665.14],[467097.99,1733667.9]]]]}},{"type":"Feature","properties":{"building":"yes","height":6,"heightSource":"default"},"geometry":{"type":"MultiPolygon","coordinates":[[[[467079.35,1733676.93],[467080.61,1733686.6],[467088.4,1733685.59],[467087.13,1733675.93],[467079.35,1733676.93]]]]}},{"type":"Feature","properties":{"building":"yes","height":6,"heightSource":"default"},"geometry":{"type":"MultiPolygon","coordinates":[[[[467090.71,1733675.16],[467091.73,1733682.75],[467098.19,1733681.88],[467097.17,1733674.3],[467090.71,1733675.16]]]]}},{"type":"Feature","properties":{"building":"yes","height":6,"heightSource":"default"},"geometry":{"type":"MultiPolygon","coordinates":[[[[467073.1,1733693.19],[467073.85,1733702.32],[467087.7,1733701.18],[467086.93,1733692.06],[467073.1,1733693.19]]]]}},{"type":"Feature","properties":{"building":"yes","height":6,"heightSource":"default"},"geometry":{"type":"MultiPolygon","coordinates":[[[[467091.52,1733685.27],[467093.91,1733693.48],[467102.34,1733691.06],[467099.94,1733682.83],[467091.52,1733685.27]]]]}},{"type":"Feature","properties":{"building":"yes","height":6,"heightSource":"default"},"geometry":{"type":"MultiPolygon","coordinates":[[[[467103.07,1733681.95],[467105.78,1733691.24],[467115.93,1733688.33],[467113.21,1733679.03],[467103.07,1733681.95]]]]}},{"type":"Feature","properties":{"building":"yes","height":6,"heightSource":"default"},"geometry":{"type":"MultiPolygon","coordinates":[[[[467117.84,1733694.91],[467121.02,1733704.66],[467111.05,1733707.86],[467110.21,1733705.28],[467106.1,1733706.61],[467103.77,1733699.42],[467117.84,1733694.91]]]]}},{"type":"Feature","properties":{"building":"yes","height":6,"heightSource":"default"},"geometry":{"type":"MultiPolygon","coordinates":[[[[467082.83,1733730.32],[467079.7,1733720.58],[467088.78,1733717.7],[467091.91,1733727.44],[467082.83,1733730.32]]]]}},{"type":"Feature","properties":{"building":"yes","height":6,"heightSource":"default"},"geometry":{"type":"MultiPolygon","coordinates":[[[[467008.12,1733751.21],[467020.36,1733749.01],[467017.93,1733735.64],[467005.68,1733737.83],[467008.12,1733751.21]]]]}},{"type":"Feature","properties":{"building":"yes","height":6,"heightSource":"default"},"geometry":{"type":"MultiPolygon","coordinates":[[[[467020.76,1733747.34],[467029.58,1733745.82],[467027.55,1733734.12],[467024.36,1733734.67],[467023.16,1733727.74],[467018.71,1733728.5],[467019.9,1733735.32],[467018.71,1733735.54],[467020.76,1733747.34]]]]}},{"type":"Feature","properties":{"building":"yes","height":6,"heightSource":"default"},"geometry":{"type":"MultiPolygon","coordinates":[[[[467034.79,1733743.68],[467042.69,1733741.82],[467039.63,1733728.97],[467032.98,1733730.53],[467034.07,1733735.13],[467032.82,1733735.42],[467034.79,1733743.68]]]]}},{"type":"Feature","properties":{"building":"yes","height":6,"heightSource":"default"},"geometry":{"type":"MultiPolygon","coordinates":[[[[467008.38,1733735.62],[467017.63,1733734.34],[467016.19,1733723.96],[467006.94,1733725.23],[467008.38,1733735.62]]]]}},{"type":"Feature","properties":{"building":"yes","height":6,"heightSource":"default"},"geometry":{"type":"MultiPolygon","coordinates":[[[[466994.64,1733716.87],[466997.88,1733726.32],[467007.13,1733723.18],[467003.88,1733713.73],[466994.64,1733716.87]]]]}},{"type":"Feature","properties":{"building":"yes","height":6,"heightSource":"default"},"geometry":{"type":"MultiPolygon","coordinates":[[[[467018.47,1733711.08],[467020.66,1733720.19],[467029.38,1733718.11],[467027.19,1733709.01],[467018.47,1733711.08]]]]}},{"type":"Feature","properties":{"building":"yes","height":6,"heightSource":"default"},"geometry":{"type":"MultiPolygon","coordinates":[[[[467029.38,1733707.59],[467030.78,1733715.98],[467040.17,1733714.42],[467038.76,1733706.04],[467029.38,1733707.59]]]]}},{"type":"Feature","properties":{"building":"yes","height":6,"heightSource":"default"},"geometry":{"type":"MultiPolygon","coordinates":[[[[467053.68,1733722.59],[467064.9,1733720.42],[467062.99,1733710.73],[467051.78,1733712.91],[467053.68,1733722.59]]]]}},{"type":"Feature","properties":{"building":"yes","height":6,"heightSource":"default"},"geometry":{"type":"MultiPolygon","coordinates":[[[[466937.46,1733769.76],[466946.49,1733767.51],[466943.79,1733756.78],[466934.75,1733759.04],[466937.46,1733769.76]]]]}},{"type":"Feature","properties":{"building":"yes","height":6,"heightSource":"default"},"geometry":{"type":"MultiPolygon","coordinates":[[[[466927.37,1733742.52],[466930.26,1733750.84],[466940.77,1733747.23],[466937.87,1733738.91],[466927.37,1733742.52]]]]}},{"type":"Feature","properties":{"building":"yes","height":6,"heightSource":"default"},"geometry":{"type":"MultiPolygon","coordinates":[[[[466954.76,1733767.56],[466962.39,1733765.27],[466959.6,1733756.14],[466951.99,1733758.43],[466954.76,1733767.56]]]]}},{"type":"Feature","properties":{"building":"yes","height":6,"heightSource":"default"},"geometry":{"type":"MultiPolygon","coordinates":[[[[466962.47,1733754.3],[466965.42,1733763.79],[466973.56,1733761.29],[466970.61,1733751.8],[466962.47,1733754.3]]]]}},{"type":"Feature","properties":{"building":"yes","height":6,"heightSource":"default"},"geometry":{"type":"MultiPolygon","coordinates":[[[[466979.27,1733749.28],[466982.69,1733758.62],[466990.38,1733755.83],[466984.46,1733739.68],[466977.86,1733742.07],[466980.36,1733748.88],[466979.27,1733749.28]]]]}},{"type":"Feature","properties":{"building":"yes","height":6,"heightSource":"default"},"geometry":{"type":"MultiPolygon","coordinates":[[[[466990.43,1733738.09],[466994.2,1733749.24],[467002.92,1733746.32],[466999.15,1733735.17],[466990.43,1733738.09]]]]}},{"type":"Feature","properties":{"building":"yes","height":6,"heightSource":"default"},"geometry":{"type":"MultiPolygon","coordinates":[[[[466963.03,1733719.81],[466969.52,1733736.29],[466976.66,1733733.52],[466979.47,1733740.67],[466985.19,1733738.45],[466982.43,1733731.45],[466979.06,1733731.7],[466972.87,1733715.98],[466963.03,1733719.81]]]]}},{"type":"Feature","properties":{"building":"yes","height":6,"heightSource":"default"},"geometry":{"type":"MultiPolygon","coordinates":[[[[466916.77,1733721.12],[466920.04,1733730.2],[466928.59,1733727.16],[466925.32,1733718.07],[466916.77,1733721.12]]]]}},{"type":"Feature","properties":{"building":"yes","height":6,"heightSource":"default"},"geometry":{"type":"MultiPolygon","coordinates":[[[[466851.52,1733725.07],[466857.12,1733738.98],[466864.28,1733736.14],[466858.68,1733722.22],[466851.52,1733725.07]]]]}},{"type":"Feature","properties":{"building":"yes","height":6,"heightSource":"default"},"geometry":{"type":"MultiPolygon","coordinates":[[[[466849.32,1733723.72],[466854.71,1733736.86],[466848.34,1733739.43],[466842.96,1733726.29],[466849.32,1733723.72]]]]}},{"type":"Feature","properties":{"building":"yes","height":6,"heightSource":"default"},"geometry":{"type":"MultiPolygon","coordinates":[[[[466853.1,1733742.49],[466856.52,1733749.99],[466864.49,1733746.39],[466861.06,1733738.9],[466853.1,1733742.49]]]]}},{"type":"Feature","properties":{"building":"yes","height":6,"heightSource":"default"},"geometry":{"type":"MultiPolygon","coordinates":[[[[466880.89,1733741.94],[466873.34,1733744.6],[466875.43,1733750.46],[466882.98,1733747.8],[466880.89,1733741.94]]]]}},{"type":"Feature","properties":{"building":"yes","height":6,"heightSource":"default"},"geometry":{"type":"MultiPolygon","coordinates":[[[[466884.09,1733746.25],[466887.25,1733754.58],[466896.97,1733750.94],[466899.39,1733757.31],[466897.26,1733758.11],[466899.68,1733764.48],[466916.11,1733758.32],[466908.11,1733737.25],[466884.09,1733746.25]]]]}},{"type":"Feature","properties":{"building":"yes","height":6,"heightSource":"default"},"geometry":{"type":"MultiPolygon","coordinates":[[[[465689.78,1734168.36],[465684.08,1734151.9],[465678.71,1734153.74],[465679.42,1734155.79],[465676.71,1734156.71],[465681.7,1734171.13],[465689.78,1734168.36]]]]}},{"type":"Feature","properties":{"building":"yes","height":6,"heightSource":"default"},"geometry":{"type":"MultiPolygon","coordinates":[[[[465704.64,1734164.87],[465698.08,1734145.32],[465689.23,1734148.24],[465690.45,1734151.87],[465688.76,1734152.43],[465692.16,1734162.58],[465694.49,1734161.8],[465696.43,1734167.58],[465704.64,1734164.87]]]]}},{"type":"Feature","properties":{"building":"hospital","height":6,"heightSource":"default"},"geometry":{"type":"MultiPolygon","coordinates":[[[[461721.25,1735675.18],[461734.34,1735698.53],[461753.8,1735687.77],[461740.71,1735664.42],[461721.25,1735675.18]]]]}},{"type":"Feature","properties":{"building":"hospital","height":6,"heightSource":"default"},"geometry":{"type":"MultiPolygon","coordinates":[[[[461740.74,1735717.09],[461739.43,1735717.84],[461752.7,1735740.53],[461762.21,1735735.04],[461764.61,1735739.15],[461779.01,1735730.83],[461762.52,1735702.63],[461765.83,1735700.72],[461758.17,1735687.62],[461732.25,1735702.57],[461740.74,1735717.09]]]]}},{"type":"Feature","properties":{"building":"yes","height":6,"heightSource":"default"},"geometry":{"type":"MultiPolygon","coordinates":[[[[461700.01,1735718.3],[461718.01,1735747.47],[461736.74,1735736.06],[461718.74,1735706.88],[461700.01,1735718.3]]]]}},{"type":"Feature","properties":{"building":"yes","height":6,"heightSource":"default"},"geometry":{"type":"MultiPolygon","coordinates":[[[[461724.67,1735695.3],[461717.34,1735682.61],[461693.74,1735696.06],[461698.44,1735704.2],[461706.56,1735699.56],[461709.21,1735704.14],[461724.67,1735695.3]]]]}},{"type":"Feature","properties":{"building":"yes","height":6,"heightSource":"default"},"geometry":{"type":"MultiPolygon","coordinates":[[[[461653.02,1735757.04],[461668.15,1735783.09],[461687.35,1735772.09],[461672.23,1735746.02],[461653.02,1735757.04]]]]}},{"type":"Feature","properties":{"building":"yes","height":6,"heightSource":"default"},"geometry":{"type":"MultiPolygon","coordinates":[[[[461651.57,1735755.19],[461665.54,1735747.48],[461661.06,1735739.47],[461647.09,1735747.18],[461651.57,1735755.19]]]]}},{"type":"Feature","properties":{"building":"yes","height":6,"heightSource":"default"},"geometry":{"type":"MultiPolygon","coordinates":[[[[461634.28,1735713.73],[461638.27,1735720.12],[461636.24,1735721.36],[461640.01,1735727.4],[461638.98,1735728.04],[461644.34,1735736.67],[461652.96,1735731.36],[461649.73,1735726.15],[461650.73,1735725.54],[461647.15,1735719.77],[461647.49,1735717.75],[461642.01,1735708.96],[461634.28,1735713.73]]]]}},{"type":"Feature","properties":{"building":"yes","height":6,"heightSource":"default"},"geometry":{"type":"MultiPolygon","coordinates":[[[[465711.21,1734150.68],[465718.65,1734146.57],[465712.65,1734135.86],[465705.22,1734139.97],[465711.21,1734150.68]]]]}},{"type":"Feature","properties":{"building":"yes","height":6,"heightSource":"default"},"geometry":{"type":"MultiPolygon","coordinates":[[[[465722.74,1734134.66],[465730.67,1734149.39],[465723.69,1734153.1],[465715.76,1734138.37],[465722.74,1734134.66]]]]}},{"type":"Feature","properties":{"building":"yes","height":6,"heightSource":"default"},"geometry":{"type":"MultiPolygon","coordinates":[[[[465711.9,1734151.62],[465718.34,1734147.53],[465724.03,1734156.38],[465717.59,1734160.47],[465711.9,1734151.62]]]]}},{"type":"Feature","properties":{"building":"yes","height":6,"heightSource":"default"},"geometry":{"type":"MultiPolygon","coordinates":[[[[465734.67,1734152.15],[465737.81,1734159.83],[465743.73,1734157.45],[465740.59,1734149.77],[465734.67,1734152.15]]]]}},{"type":"Feature","properties":{"building":"yes","height":6,"heightSource":"default"},"geometry":{"type":"MultiPolygon","coordinates":[[[[465745.48,1734148.19],[465739.64,1734132.87],[465745.98,1734130.48],[465745.09,1734128.16],[465752.58,1734125.33],[465754.9,1734131.39],[465756.95,1734130.61],[465761.37,1734142.2],[465745.48,1734148.19]]]]}},{"type":"Feature","properties":{"building":"yes","height":6,"heightSource":"default"},"geometry":{"type":"MultiPolygon","coordinates":[[[[465778.09,1734116.01],[465782.04,1734124.51],[465790.82,1734120.48],[465786.88,1734111.98],[465778.09,1734116.01]]]]}},{"type":"Feature","properties":{"building":"yes","height":6,"heightSource":"default"},"geometry":{"type":"MultiPolygon","coordinates":[[[[465799.63,1734118.09],[465795.94,1734108.83],[465788.13,1734111.89],[465791.81,1734121.16],[465799.63,1734118.09]]]]}},{"type":"Feature","properties":{"building":"yes","height":6,"heightSource":"default"},"geometry":{"type":"MultiPolygon","coordinates":[[[[465804.63,1734102.68],[465808.02,1734115.39],[465817.47,1734112.9],[465814.08,1734100.18],[465804.63,1734102.68]]]]}},{"type":"Feature","properties":{"building":"yes","height":6,"heightSource":"default"},"geometry":{"type":"MultiPolygon","coordinates":[[[[465865.56,1734105.92],[465859.85,1734085.41],[465850.37,1734088.02],[465856.08,1734108.54],[465865.56,1734105.92]]]]}},{"type":"Feature","properties":{"building":"yes","height":6,"heightSource":"default"},"geometry":{"type":"MultiPolygon","coordinates":[[[[465579.61,1734256.45],[465588.32,1734252.26],[465583.9,1734243.17],[465575.19,1734247.35],[465579.61,1734256.45]]]]}},{"type":"Feature","properties":{"building":"yes","height":6,"heightSource":"default"},"geometry":{"type":"MultiPolygon","coordinates":[[[[461912.24,1735955.52],[461906.58,1735971.03],[461917.63,1735975.02],[461922.88,1735960.63],[461932.61,1735964.13],[461937.28,1735951.35],[461928.02,1735948.01],[461933.11,1735934.07],[461921.25,1735929.79],[461915.8,1735944.74],[461911.41,1735943.15],[461907.51,1735953.82],[461912.24,1735955.52]]]]}},{"type":"Feature","properties":{"building":"yes","height":6,"heightSource":"default"},"geometry":{"type":"MultiPolygon","coordinates":[[[[465666.38,1734185.24],[465650.01,1734190.5],[465656.04,1734209.01],[465661.94,1734207.12],[465658.39,1734196.22],[465668.87,1734192.84],[465666.38,1734185.24]]]]}},{"type":"Feature","properties":{"building":"yes","height":6,"heightSource":"default"},"geometry":{"type":"MultiPolygon","coordinates":[[[[465671.14,1734230.91],[465682.35,1734227.21],[465681.67,1734225.15],[465687.13,1734223.35],[465683.53,1734212.61],[465666.87,1734218.11],[465671.14,1734230.91]]]]}},{"type":"Feature","properties":{"building":"yes","height":6,"heightSource":"default"},"geometry":{"type":"MultiPolygon","coordinates":[[[[465706.84,1734182.02],[465689.52,1734188.51],[465692.94,1734197.55],[465710.27,1734191.06],[465706.84,1734182.02]]]]}},{"type":"Feature","properties":{"building":"yes","height":6,"heightSource":"default"},"geometry":{"type":"MultiPolygon","coordinates":[[[[465704.75,1734200.81],[465694.41,1734204.58],[465700.57,1734221.28],[465710.91,1734217.51],[465704.75,1734200.81]]]]}},{"type":"Feature","properties":{"building":"yes","height":6,"heightSource":"default"},"geometry":{"type":"MultiPolygon","coordinates":[[[[465727.1,1734195.03],[465732.5,1734191.41],[465731.5,1734189.92],[465734.75,1734187.73],[465733.94,1734186.54],[465736.52,1734183.82],[465729.72,1734172.72],[465734.86,1734169.6],[465731.1,1734163.47],[465719.27,1734170.62],[465721.86,1734174.85],[465717.26,1734180.57],[465727.1,1734195.03]]]]}},{"type":"Feature","properties":{"building":"yes","height":6,"heightSource":"default"},"geometry":{"type":"MultiPolygon","coordinates":[[[[465715.6,1734203.9],[465720.02,1734210.92],[465727.46,1734206.29],[465723.04,1734199.27],[465715.6,1734203.9]]]]}},{"type":"Feature","properties":{"building":"yes","height":6,"heightSource":"default"},"geometry":{"type":"MultiPolygon","coordinates":[[[[465711.67,1734193.72],[465716.41,1734200.8],[465722.13,1734197.01],[465717.38,1734189.93],[465711.67,1734193.72]]]]}},{"type":"Feature","properties":{"building":"yes","height":6,"heightSource":"default"},"geometry":{"type":"MultiPolygon","coordinates":[[[[465767.38,1734186.53],[465771.23,1734194.18],[465779.25,1734190.21],[465775.4,1734182.55],[465767.38,1734186.53]]]]}},{"type":"Feature","properties":{"building":"yes","height":6,"heightSource":"default"},"geometry":{"type":"MultiPolygon","coordinates":[[[[465781.17,1734190.35],[465788.95,1734186.6],[465785.16,1734178.84],[465777.39,1734182.6],[465781.17,1734190.35]]]]}},{"type":"Feature","properties":{"building":"yes","height":6,"heightSource":"default"},"geometry":{"type":"MultiPolygon","coordinates":[[[[465795.59,1734183.57],[465803.77,1734179.92],[465793.96,1734158.16],[465785.77,1734161.8],[465795.59,1734183.57]]]]}},{"type":"Feature","properties":{"building":"yes","height":6,"heightSource":"default"},"geometry":{"type":"MultiPolygon","coordinates":[[[[465827.84,1734170.58],[465837.16,1734167.05],[465833.21,1734156.75],[465823.9,1734160.28],[465827.84,1734170.58]]]]}},{"type":"Feature","properties":{"building":"yes","height":6,"heightSource":"default"},"geometry":{"type":"MultiPolygon","coordinates":[[[[465843.01,1734146.1],[465850.99,1734166.62],[465859.46,1734163.36],[465857.03,1734157.1],[465859.79,1734156.04],[465856.99,1734148.83],[465853.97,1734149.12],[465851.53,1734142.83],[465843.01,1734146.1]]]]}},{"type":"Feature","properties":{"building":"yes","height":6,"heightSource":"default"},"geometry":{"type":"MultiPolygon","coordinates":[[[[465880.54,1734147.2],[465874.81,1734132.07],[465864.71,1734135.85],[465871.43,1734153.6],[465878.73,1734150.87],[465877.74,1734148.25],[465880.54,1734147.2]]]]}},{"type":"Feature","properties":{"building":"yes","height":6,"heightSource":"default"},"geometry":{"type":"MultiPolygon","coordinates":[[[[465862.3,1734129.9],[465871.78,1734126.33],[465868.73,1734118.34],[465859.25,1734121.91],[465862.3,1734129.9]]]]}},{"type":"Feature","properties":{"building":"yes","height":6,"heightSource":"default"},"geometry":{"type":"MultiPolygon","coordinates":[[[[465838.85,1734139.37],[465848.04,1734136.32],[465847.53,1734134.82],[465861.26,1734130.29],[465858.49,1734122.01],[465835.57,1734129.57],[465838.85,1734139.37]]]]}},{"type":"Feature","properties":{"building":"yes","height":6,"heightSource":"default"},"geometry":{"type":"MultiPolygon","coordinates":[[[[467114.58,1733649.4],[467124.77,1733646.67],[467122.85,1733639.56],[467112.67,1733642.3],[467114.58,1733649.4]]]]}},{"type":"Feature","properties":{"building":"yes","height":6,"heightSource":"default"},"geometry":{"type":"MultiPolygon","coordinates":[[[[467116.38,1733651.84],[467118.68,1733660.1],[467127.9,1733657.56],[467125.6,1733649.3],[467116.38,1733651.84]]]]}},{"type":"Feature","properties":{"building":"yes","height":6,"heightSource":"default"},"geometry":{"type":"MultiPolygon","coordinates":[[[[467123.17,1733672.7],[467126.4,1733682.92],[467137.07,1733679.58],[467133.84,1733669.38],[467123.17,1733672.7]]]]}},{"type":"Feature","properties":{"building":"yes","height":6,"heightSource":"default"},"geometry":{"type":"MultiPolygon","coordinates":[[[[467144.28,1733669.96],[467152.19,1733666.38],[467149.62,1733660.77],[467141.7,1733664.37],[467144.28,1733669.96]]]]}},{"type":"Feature","properties":{"building":"yes","height":6,"heightSource":"default"},"geometry":{"type":"MultiPolygon","coordinates":[[[[467143.52,1733644.59],[467153.58,1733641.91],[467154.14,1733643.99],[467163.07,1733641.61],[467160.4,1733631.72],[467150.99,1733634.23],[467150.55,1733632.63],[467140.98,1733635.18],[467143.52,1733644.59]]]]}},{"type":"Feature","properties":{"building":"yes","height":6,"heightSource":"default"},"geometry":{"type":"MultiPolygon","coordinates":[[[[467136.51,1733701.51],[467140.8,1733712.09],[467150.07,1733708.37],[467147.68,1733702.45],[467150.84,1733701.19],[467148.14,1733694.53],[467141.44,1733697.22],[467142.25,1733699.21],[467136.51,1733701.51]]]]}},{"type":"Feature","properties":{"building":"yes","height":6,"heightSource":"default"},"geometry":{"type":"MultiPolygon","coordinates":[[[[467131.4,1733698.12],[467141.14,1733695.2],[467139.5,1733689.81],[467129.77,1733692.72],[467131.4,1733698.12]]]]}},{"type":"Feature","properties":{"building":"yes","height":6,"heightSource":"default"},"geometry":{"type":"MultiPolygon","coordinates":[[[[467150.55,1733687.85],[467154.87,1733706.12],[467162.46,1733704.33],[467158.14,1733686.07],[467150.55,1733687.85]]]]}},{"type":"Feature","properties":{"building":"yes","height":6,"heightSource":"default"},"geometry":{"type":"MultiPolygon","coordinates":[[[[467174.06,1733697.88],[467181.06,1733696.19],[467177.36,1733681.11],[467185.33,1733679.18],[467182.9,1733669.2],[467175.05,1733671.09],[467172.97,1733662.62],[467166.04,1733664.29],[467168.16,1733672.93],[467170.49,1733672.37],[467174.37,1733688.22],[467171.85,1733688.84],[467174.06,1733697.88]]]]}},{"type":"Feature","properties":{"building":"yes","height":6,"heightSource":"default"},"geometry":{"type":"MultiPolygon","coordinates":[[[[467145.33,1733687.65],[467156.35,1733684.16],[467153.6,1733675.53],[467142.57,1733679.03],[467145.33,1733687.65]]]]}},{"type":"Feature","properties":{"building":"yes","height":6,"heightSource":"default"},"geometry":{"type":"MultiPolygon","coordinates":[[[[467166.29,1733645.33],[467170.31,1733644.43],[467171.51,1733649.77],[467178.77,1733648.14],[467176.01,1733635.93],[467183.65,1733634.23],[467181.3,1733623.85],[467173.37,1733625.62],[467174.47,1733630.54],[467163.51,1733632.98],[467166.29,1733645.33]]]]}},{"type":"Feature","properties":{"building":"yes","height":6,"heightSource":"default"},"geometry":{"type":"MultiPolygon","coordinates":[[[[467189.96,1733624.57],[467192.72,1733633.82],[467201.88,1733631.11],[467199.12,1733621.86],[467189.96,1733624.57]]]]}},{"type":"Feature","properties":{"building":"yes","height":6,"heightSource":"default"},"geometry":{"type":"MultiPolygon","coordinates":[[[[467213.93,1733626.16],[467224.65,1733623.43],[467221.9,1733612.76],[467211.18,1733615.49],[467213.93,1733626.16]]]]}},{"type":"Feature","properties":{"building":"yes","height":6,"heightSource":"default"},"geometry":{"type":"MultiPolygon","coordinates":[[[[467225.13,1733610.93],[467227.7,1733622.17],[467237.8,1733619.88],[467235.22,1733608.65],[467225.13,1733610.93]]]]}},{"type":"Feature","properties":{"building":"yes","height":6,"heightSource":"default"},"geometry":{"type":"MultiPolygon","coordinates":[[[[467247.62,1733604.45],[467250.16,1733614.39],[467259.55,1733612.02],[467257.01,1733602.08],[467247.62,1733604.45]]]]}},{"type":"Feature","properties":{"building":"yes","height":6,"heightSource":"default"},"geometry":{"type":"MultiPolygon","coordinates":[[[[467264.06,1733612.91],[467272.95,1733610.42],[467268.89,1733596.16],[467263.02,1733597.81],[467264.69,1733603.68],[467261.68,1733604.53],[467264.06,1733612.91]]]]}},{"type":"Feature","properties":{"building":"yes","height":6,"heightSource":"default"},"geometry":{"type":"MultiPolygon","coordinates":[[[[467262.8,1733618.91],[467265.52,1733628.36],[467273.57,1733626.07],[467270.84,1733616.62],[467262.8,1733618.91]]]]}},{"type":"Feature","properties":{"building":"yes","height":6,"heightSource":"default"},"geometry":{"type":"MultiPolygon","coordinates":[[[[467274.31,1733611.88],[467284.39,1733609.11],[467279.71,1733592.3],[467269.63,1733595.07],[467274.31,1733611.88]]]]}},{"type":"Feature","properties":{"building":"yes","height":6,"heightSource":"default"},"geometry":{"type":"MultiPolygon","coordinates":[[[[467291.22,1733602.6],[467297.19,1733600.66],[467294.12,1733591.32],[467288.15,1733593.26],[467291.22,1733602.6]]]]}},{"type":"Feature","properties":{"building":"yes","height":6,"heightSource":"default"},"geometry":{"type":"MultiPolygon","coordinates":[[[[467299.73,1733602.15],[467305.75,1733600.21],[467302.33,1733589.77],[467296.32,1733591.71],[467299.73,1733602.15]]]]}},{"type":"Feature","properties":{"building":"yes","height":6,"heightSource":"default"},"geometry":{"type":"MultiPolygon","coordinates":[[[[467306.23,1733618.62],[467314.13,1733616.49],[467312.82,1733611.67],[467304.91,1733613.8],[467306.23,1733618.62]]]]}},{"type":"Feature","properties":{"building":"yes","height":6,"heightSource":"default"},"geometry":{"type":"MultiPolygon","coordinates":[[[[467298.76,1733611.21],[467305.69,1733609.68],[467304.17,1733602.9],[467297.24,1733604.43],[467298.76,1733611.21]]]]}},{"type":"Feature","properties":{"building":"yes","height":6,"heightSource":"default"},"geometry":{"type":"MultiPolygon","coordinates":[[[[467317.61,1733596.65],[467326.12,1733594.32],[467323.66,1733585.47],[467315.16,1733587.8],[467317.61,1733596.65]]]]}},{"type":"Feature","properties":{"building":"yes","height":6,"heightSource":"default"},"geometry":{"type":"MultiPolygon","coordinates":[[[[467332.09,1733587.99],[467340.4,1733586.14],[467338.37,1733577.1],[467330.06,1733578.93],[467332.09,1733587.99]]]]}},{"type":"Feature","properties":{"building":"yes","height":6,"heightSource":"default"},"geometry":{"type":"MultiPolygon","coordinates":[[[[467358.96,1733586.25],[467366.14,1733584.03],[467363.23,1733574.75],[467356.05,1733576.98],[467358.96,1733586.25]]]]}},{"type":"Feature","properties":{"building":"yes","height":6,"heightSource":"default"},"geometry":{"type":"MultiPolygon","coordinates":[[[[467347.43,1733609.47],[467357.08,1733606.58],[467354.14,1733596.9],[467344.49,1733599.79],[467347.43,1733609.47]]]]}},{"type":"Feature","properties":{"building":"yes","height":6,"heightSource":"default"},"geometry":{"type":"MultiPolygon","coordinates":[[[[467326.54,1733618.33],[467336.8,1733614.79],[467333.55,1733605.5],[467325.87,1733608.16],[467326.91,1733611.14],[467324.33,1733612.04],[467326.54,1733618.33]]]]}},{"type":"Feature","properties":{"building":"yes","height":6,"heightSource":"default"},"geometry":{"type":"MultiPolygon","coordinates":[[[[467304.17,1733624.11],[467306.71,1733632.12],[467317.75,1733628.66],[467315.21,1733620.66],[467304.17,1733624.11]]]]}},{"type":"Feature","properties":{"building":"yes","height":6,"heightSource":"default"},"geometry":{"type":"MultiPolygon","coordinates":[[[[467310.16,1733641.74],[467320.73,1733638.82],[467318.39,1733630.4],[467307.83,1733633.3],[467310.16,1733641.74]]]]}},{"type":"Feature","properties":{"building":"yes","height":6,"heightSource":"default"},"geometry":{"type":"MultiPolygon","coordinates":[[[[467320.8,1733659.97],[467329.73,1733657.01],[467323.94,1733639.84],[467315.02,1733642.8],[467320.8,1733659.97]]]]}},{"type":"Feature","properties":{"building":"yes","height":6,"heightSource":"default"},"geometry":{"type":"MultiPolygon","coordinates":[[[[467312.01,1733661.25],[467318.93,1733659.26],[467316.78,1733651.85],[467309.85,1733653.84],[467312.01,1733661.25]]]]}},{"type":"Feature","properties":{"building":"yes","height":6,"heightSource":"default"},"geometry":{"type":"MultiPolygon","coordinates":[[[[467309.32,1733660.38],[467306.1,1733647.18],[467297.41,1733649.28],[467298.34,1733653.37],[467300.56,1733661.41],[467300.63,1733662.47],[467309.32,1733660.38]]]]}},{"type":"Feature","properties":{"building":"yes","height":6,"heightSource":"default"},"geometry":{"type":"MultiPolygon","coordinates":[[[[467298.34,1733653.37],[467292.1,1733655.08],[467294.33,1733663.11],[467300.56,1733661.41],[467298.34,1733653.37]]]]}},{"type":"Feature","properties":{"building":"yes","height":6,"heightSource":"default"},"geometry":{"type":"MultiPolygon","coordinates":[[[[467279.03,1733671.79],[467288.76,1733669.12],[467285.83,1733658.6],[467276.11,1733661.26],[467279.03,1733671.79]]]]}},{"type":"Feature","properties":{"building":"yes","height":6,"heightSource":"default"},"geometry":{"type":"MultiPolygon","coordinates":[[[[467296.15,1733649.05],[467303.37,1733646.75],[467300.81,1733638.83],[467293.6,1733641.13],[467296.15,1733649.05]]]]}},{"type":"Feature","properties":{"building":"yes","height":6,"heightSource":"default"},"geometry":{"type":"MultiPolygon","coordinates":[[[[467272.8,1733657.95],[467288.14,1733654.3],[467285.96,1733645.24],[467270.62,1733648.89],[467272.8,1733657.95]]]]}},{"type":"Feature","properties":{"building":"yes","height":6,"heightSource":"default"},"geometry":{"type":"MultiPolygon","coordinates":[[[[465869.32,1734077.87],[465877.96,1734102.14],[465886.76,1734099.05],[465878.12,1734074.77],[465869.32,1734077.87]]]]}},{"type":"Feature","properties":{"building":"yes","height":6,"heightSource":"default"},"geometry":{"type":"MultiPolygon","coordinates":[[[[465878.76,1734074.36],[465887.51,1734098.11],[465894.55,1734095.56],[465885.8,1734071.79],[465878.76,1734074.36]]]]}},{"type":"Feature","properties":{"building":"yes","height":6,"heightSource":"default"},"geometry":{"type":"MultiPolygon","coordinates":[[[[465896.14,1734095.67],[465887.05,1734071.52],[465894.76,1734068.66],[465903.85,1734092.8],[465896.14,1734095.67]]]]}},{"type":"Feature","properties":{"building":"yes","height":6,"heightSource":"default"},"geometry":{"type":"MultiPolygon","coordinates":[[[[465901.41,1734068.64],[465906.74,1734080.71],[465916.57,1734076.41],[465911.24,1734064.34],[465901.41,1734068.64]]]]}},{"type":"Feature","properties":{"building":"yes","height":6,"heightSource":"default"},"geometry":{"type":"MultiPolygon","coordinates":[[[[465917.18,1734069.01],[465923.16,1734082.25],[465930.57,1734078.96],[465924.59,1734065.72],[465917.18,1734069.01]]]]}},{"type":"Feature","properties":{"building":"yes","height":6,"heightSource":"default"},"geometry":{"type":"MultiPolygon","coordinates":[[[[465935,1734083.43],[465925.02,1734065.44],[465931.7,1734061.78],[465941.68,1734079.77],[465935,1734083.43]]]]}},{"type":"Feature","properties":{"building":"yes","height":6,"heightSource":"default"},"geometry":{"type":"MultiPolygon","coordinates":[[[[465935.33,1734062.09],[465940.59,1734072.61],[465947.91,1734068.99],[465942.66,1734058.48],[465935.33,1734062.09]]]]}},{"type":"Feature","properties":{"building":"yes","height":6,"heightSource":"default"},"geometry":{"type":"MultiPolygon","coordinates":[[[[465895.01,1734141.42],[465897.59,1734149.21],[465904.2,1734147.04],[465901.61,1734139.25],[465895.01,1734141.42]]]]}},{"type":"Feature","properties":{"building":"yes","height":6,"heightSource":"default"},"geometry":{"type":"MultiPolygon","coordinates":[[[[465884.17,1734112.51],[465892.74,1734109.22],[465889.23,1734100.15],[465880.64,1734103.43],[465884.17,1734112.51]]]]}},{"type":"Feature","properties":{"building":"yes","height":6,"heightSource":"default"},"geometry":{"type":"MultiPolygon","coordinates":[[[[465908.1,1734142.54],[465916.11,1734139.39],[465913.06,1734131.76],[465905.05,1734134.91],[465908.1,1734142.54]]]]}},{"type":"Feature","properties":{"building":"yes","height":6,"heightSource":"default"},"geometry":{"type":"MultiPolygon","coordinates":[[[[465931.47,1734132.77],[465940.26,1734129.35],[465936.31,1734119.36],[465927.54,1734122.79],[465931.47,1734132.77]]]]}},{"type":"Feature","properties":{"building":"yes","height":6,"heightSource":"default"},"geometry":{"type":"MultiPolygon","coordinates":[[[[465943.39,1734129.38],[465952.02,1734126.36],[465944.63,1734105.53],[465935.99,1734108.56],[465943.39,1734129.38]]]]}},{"type":"Feature","properties":{"building":"yes","height":6,"heightSource":"default"},"geometry":{"type":"MultiPolygon","coordinates":[[[[465965.13,1734121.71],[465972.54,1734118.72],[465965.29,1734100.97],[465957.88,1734103.97],[465965.13,1734121.71]]]]}},{"type":"Feature","properties":{"building":"yes","height":6,"heightSource":"default"},"geometry":{"type":"MultiPolygon","coordinates":[[[[465983.99,1734116.83],[465993.16,1734113.28],[465986.82,1734097.09],[465977.66,1734100.65],[465983.99,1734116.83]]]]}},{"type":"Feature","properties":{"building":"yes","height":6,"heightSource":"default"},"geometry":{"type":"MultiPolygon","coordinates":[[[[465993.02,1734109.75],[466001.56,1734106.41],[465994.93,1734089.68],[465986.39,1734093.02],[465993.02,1734109.75]]]]}},{"type":"Feature","properties":{"building":"yes","height":6,"heightSource":"default"},"geometry":{"type":"MultiPolygon","coordinates":[[[[465912.86,1734111.95],[465918.58,1734123.95],[465925.51,1734120.69],[465919.79,1734108.69],[465912.86,1734111.95]]]]}},{"type":"Feature","properties":{"building":"yes","height":6,"heightSource":"default"},"geometry":{"type":"MultiPolygon","coordinates":[[[[465959.49,1734062.78],[465965.56,1734075.22],[465972.06,1734072.09],[465965.98,1734059.65],[465959.49,1734062.78]]]]}},{"type":"Feature","properties":{"building":"yes","height":6,"heightSource":"default"},"geometry":{"type":"MultiPolygon","coordinates":[[[[465962.88,1734044.01],[465972.7,1734067.07],[465982.04,1734063.14],[465972.22,1734040.08],[465962.88,1734044.01]]]]}},{"type":"Feature","properties":{"building":"yes","height":6,"heightSource":"default"},"geometry":{"type":"MultiPolygon","coordinates":[[[[465976.45,1734044.53],[465981.52,1734056.59],[465990.26,1734052.96],[465985.2,1734040.9],[465976.45,1734044.53]]]]}},{"type":"Feature","properties":{"building":"yes","height":6,"heightSource":"default"},"geometry":{"type":"MultiPolygon","coordinates":[[[[465985.21,1734035.7],[465993.28,1734054.98],[466000.48,1734052.01],[465992.42,1734032.73],[465985.21,1734035.7]]]]}},{"type":"Feature","properties":{"building":"yes","height":6,"heightSource":"default"},"geometry":{"type":"MultiPolygon","coordinates":[[[[465996.57,1734031.79],[465999.53,1734039.29],[466006.67,1734036.51],[466003.72,1734029.01],[465996.57,1734031.79]]]]}},{"type":"Feature","properties":{"building":"yes","height":6,"heightSource":"default"},"geometry":{"type":"MultiPolygon","coordinates":[[[[466020.61,1734026.13],[466024.03,1734036.51],[466031.7,1734034.01],[466028.27,1734023.63],[466020.61,1734026.13]]]]}},{"type":"Feature","properties":{"building":"yes","height":6,"heightSource":"default"},"geometry":{"type":"MultiPolygon","coordinates":[[[[466048.4,1734014.85],[466054.75,1734032.12],[466064.45,1734028.58],[466058.09,1734011.32],[466048.4,1734014.85]]]]}},{"type":"Feature","properties":{"building":"yes","height":6,"heightSource":"default"},"geometry":{"type":"MultiPolygon","coordinates":[[[[466001.23,1734084.14],[466009.82,1734101.61],[466015.97,1734098.62],[466007.38,1734081.14],[466001.23,1734084.14]]]]}},{"type":"Feature","properties":{"building":"yes","height":6,"heightSource":"default"},"geometry":{"type":"MultiPolygon","coordinates":[[[[466027.27,1734098.57],[466040.67,1734094.21],[466037.93,1734085.89],[466024.53,1734090.23],[466027.27,1734098.57]]]]}},{"type":"Feature","properties":{"building":"yes","height":6,"heightSource":"default"},"geometry":{"type":"MultiPolygon","coordinates":[[[[466059.93,1734060.76],[466072.54,1734055.74],[466069,1734046.97],[466071.66,1734045.92],[466066.81,1734033.87],[466061.05,1734036.15],[466065.94,1734048.29],[466056.43,1734052.08],[466059.93,1734060.76]]]]}},{"type":"Feature","properties":{"building":"yes","height":6,"heightSource":"default"},"geometry":{"type":"MultiPolygon","coordinates":[[[[466071.55,1734072.63],[466078.69,1734069.83],[466075.21,1734061.07],[466068.06,1734063.88],[466071.55,1734072.63]]]]}},{"type":"Feature","properties":{"building":"yes","height":6,"heightSource":"default"},"geometry":{"type":"MultiPolygon","coordinates":[[[[466050.95,1734084.92],[466062.3,1734080.7],[466058.54,1734070.68],[466047.18,1734074.91],[466050.95,1734084.92]]]]}},{"type":"Feature","properties":{"building":"yes","height":6,"heightSource":"default"},"geometry":{"type":"MultiPolygon","coordinates":[[[[466076.55,1734020.63],[466079.38,1734028.78],[466087.32,1734026.06],[466084.49,1734017.91],[466076.55,1734020.63]]]]}},{"type":"Feature","properties":{"building":"yes","height":6,"heightSource":"default"},"geometry":{"type":"MultiPolygon","coordinates":[[[[466070.22,1734010.03],[466073.75,1734020],[466084.97,1734016.08],[466081.44,1734006.1],[466070.22,1734010.03]]]]}},{"type":"Feature","properties":{"building":"yes","height":6,"heightSource":"default"},"geometry":{"type":"MultiPolygon","coordinates":[[[[466083.44,1733998.93],[466085.89,1734006.53],[466093.74,1734004.04],[466091.29,1733996.43],[466083.44,1733998.93]]]]}},{"type":"Feature","properties":{"building":"yes","height":6,"heightSource":"default"},"geometry":{"type":"MultiPolygon","coordinates":[[[[466084.33,1734008.1],[466087.1,1734015.9],[466095.85,1734012.83],[466093.08,1734005.04],[466084.33,1734008.1]]]]}},{"type":"Feature","properties":{"building":"yes","height":6,"heightSource":"default"},"geometry":{"type":"MultiPolygon","coordinates":[[[[466101.28,1734018.6],[466110.24,1734016.48],[466108.12,1734007.65],[466099.17,1734009.76],[466101.28,1734018.6]]]]}},{"type":"Feature","properties":{"building":"yes","height":6,"heightSource":"default"},"geometry":{"type":"MultiPolygon","coordinates":[[[[466143.1,1733987.53],[466151.68,1733984.01],[466147.3,1733973.46],[466138.72,1733976.99],[466143.1,1733987.53]]]]}},{"type":"Feature","properties":{"building":"yes","height":6,"heightSource":"default"},"geometry":{"type":"MultiPolygon","coordinates":[[[[466092.57,1734074.4],[466100.62,1734071.48],[466097.61,1734063.27],[466089.55,1734066.19],[466092.57,1734074.4]]]]}},{"type":"Feature","properties":{"building":"yes","height":6,"heightSource":"default"},"geometry":{"type":"MultiPolygon","coordinates":[[[[466105.6,1734068.95],[466115.21,1734065.7],[466111.1,1734053.69],[466101.49,1734056.95],[466105.6,1734068.95]]]]}},{"type":"Feature","properties":{"building":"yes","height":6,"heightSource":"default"},"geometry":{"type":"MultiPolygon","coordinates":[[[[466123.2,1734058.35],[466127.26,1734057.05],[466128.07,1734059.53],[466133.79,1734057.69],[466128.2,1734040.51],[466118.42,1734043.65],[466123.2,1734058.35]]]]}},{"type":"Feature","properties":{"building":"yes","height":6,"heightSource":"default"},"geometry":{"type":"MultiPolygon","coordinates":[[[[466134.55,1734057.17],[466142.17,1734054.57],[466139.11,1734045.69],[466131.49,1734048.29],[466134.55,1734057.17]]]]}},{"type":"Feature","properties":{"building":"yes","height":6,"heightSource":"default"},"geometry":{"type":"MultiPolygon","coordinates":[[[[466149.71,1734051.15],[466158.33,1734047.99],[466152.16,1734031.38],[466145.16,1734033.96],[466148.29,1734042.39],[466146.67,1734042.97],[466149.71,1734051.15]]]]}},{"type":"Feature","properties":{"building":"yes","height":6,"heightSource":"default"},"geometry":{"type":"MultiPolygon","coordinates":[[[[466104.82,1734037.3],[466106.82,1734044.45],[466112.42,1734042.9],[466110.41,1734035.75],[466104.82,1734037.3]]]]}},{"type":"Feature","properties":{"building":"yes","height":6,"heightSource":"default"},"geometry":{"type":"MultiPolygon","coordinates":[[[[466104.04,1734033.83],[466111.8,1734031.12],[466109.71,1734025.21],[466101.95,1734027.92],[466104.04,1734033.83]]]]}},{"type":"Feature","properties":{"building":"yes","height":6,"heightSource":"default"},"geometry":{"type":"MultiPolygon","coordinates":[[[[466118.45,1734033.56],[466127.49,1734029.51],[466125.07,1734024.17],[466116.03,1734028.22],[466118.45,1734033.56]]]]}},{"type":"Feature","properties":{"building":"yes","height":6,"heightSource":"default"},"geometry":{"type":"MultiPolygon","coordinates":[[[[466129.25,1734020.64],[466136.98,1734017.64],[466134.27,1734010.78],[466126.55,1734013.79],[466129.25,1734020.64]]]]}},{"type":"Feature","properties":{"building":"yes","height":6,"heightSource":"default"},"geometry":{"type":"MultiPolygon","coordinates":[[[[466162.62,1734048.65],[466171.71,1734044.58],[466168.27,1734036.97],[466159.18,1734041.03],[466162.62,1734048.65]]]]}},{"type":"Feature","properties":{"building":"yes","height":6,"heightSource":"default"},"geometry":{"type":"MultiPolygon","coordinates":[[[[466172.55,1734033.36],[466176.24,1734041.93],[466183.18,1734038.97],[466179.49,1734030.4],[466172.55,1734033.36]]]]}},{"type":"Feature","properties":{"building":"yes","height":6,"heightSource":"default"},"geometry":{"type":"MultiPolygon","coordinates":[[[[466191.71,1734036],[466187.25,1734023.6],[466179.83,1734026.23],[466184.28,1734038.64],[466191.71,1734036]]]]}},{"type":"Feature","properties":{"building":"yes","height":6,"heightSource":"default"},"geometry":{"type":"MultiPolygon","coordinates":[[[[466211.22,1734009.43],[466203.3,1734012.46],[466208.07,1734024.8],[466216,1734021.77],[466211.22,1734009.43]]]]}},{"type":"Feature","properties":{"building":"yes","height":6,"heightSource":"default"},"geometry":{"type":"MultiPolygon","coordinates":[[[[466145.28,1733994.43],[466149.1,1734003.55],[466158.93,1733999.47],[466155.11,1733990.35],[466145.28,1733994.43]]]]}},{"type":"Feature","properties":{"building":"yes","height":6,"heightSource":"default"},"geometry":{"type":"MultiPolygon","coordinates":[[[[466153.19,1734012.3],[466162.27,1734008.06],[466158.97,1734001.08],[466149.89,1734005.31],[466153.19,1734012.3]]]]}},{"type":"Feature","properties":{"building":"yes","height":6,"heightSource":"default"},"geometry":{"type":"MultiPolygon","coordinates":[[[[466155.6,1734030.85],[466158.85,1734038.27],[466167.85,1734034.37],[466164.59,1734026.94],[466155.6,1734030.85]]]]}},{"type":"Feature","properties":{"building":"yes","height":6,"heightSource":"default"},"geometry":{"type":"MultiPolygon","coordinates":[[[[466233.37,1734005.32],[466237.57,1734014.86],[466246.52,1734010.96],[466242.32,1734001.42],[466233.37,1734005.32]]]]}},{"type":"Feature","properties":{"building":"yes","height":6,"heightSource":"default"},"geometry":{"type":"MultiPolygon","coordinates":[[[[466264.56,1734002.35],[466274.97,1733998.27],[466272.04,1733990.89],[466261.63,1733994.96],[466264.56,1734002.35]]]]}},{"type":"Feature","properties":{"building":"house","height":3.2,"heightSource":"inferred"},"geometry":{"type":"MultiPolygon","coordinates":[[[[467571.21,1733666.97],[467576.33,1733673.93],[467582.4,1733669.59],[467577.65,1733662.81],[467571.21,1733666.97]]]]}},{"type":"Feature","properties":{"building":"house","height":3.2,"heightSource":"inferred"},"geometry":{"type":"MultiPolygon","coordinates":[[[[467536.69,1733664.75],[467542.02,1733675.11],[467550.35,1733670.76],[467544.84,1733660.59],[467536.69,1733664.75]]]]}},{"type":"Feature","properties":{"building":"house","height":3.2,"heightSource":"inferred"},"geometry":{"type":"MultiPolygon","coordinates":[[[[467515.3,1733691.36],[467519.86,1733699.83],[467528.58,1733695.29],[467523.64,1733686.64],[467515.3,1733691.36]]]]}},{"type":"Feature","properties":{"building":"house","height":3.2,"heightSource":"inferred"},"geometry":{"type":"MultiPolygon","coordinates":[[[[467590.33,1733641.88],[467594.7,1733649.21],[467602.09,1733645.06],[467597.52,1733636.97],[467590.33,1733641.88]]]]}},{"type":"Feature","properties":{"building":"house","height":3.2,"heightSource":"inferred"},"geometry":{"type":"MultiPolygon","coordinates":[[[[467507.03,1733725.96],[467517.37,1733719.94],[467511.03,1733711.95],[467502.13,1733717.4],[467507.03,1733725.96]]]]}},{"type":"Feature","properties":{"building":"house","height":3.2,"heightSource":"inferred"},"geometry":{"type":"MultiPolygon","coordinates":[[[[467575.31,1733629.89],[467567.26,1733633.33],[467569.85,1733638.18],[467577.7,1733636.01],[467575.31,1733629.89]]]]}},{"type":"Feature","properties":{"building":"house","height":3.2,"heightSource":"inferred"},"geometry":{"type":"MultiPolygon","coordinates":[[[[467549.43,1733623.93],[467567.81,1733618.18],[467565.79,1733612.48],[467557.47,1733616.19],[467555.73,1733610.49],[467546.25,1733613.64],[467549.43,1733623.93]]]]}},{"type":"Feature","properties":{"building":"house","height":3.2,"heightSource":"inferred"},"geometry":{"type":"MultiPolygon","coordinates":[[[[467534.81,1733655.65],[467531.35,1733645.09],[467539.39,1733642.5],[467541.7,1733652.5],[467534.81,1733655.65]]]]}},{"type":"Feature","properties":{"building":"house","height":3.2,"heightSource":"inferred"},"geometry":{"type":"MultiPolygon","coordinates":[[[[467530.48,1733642.23],[467541.68,1733638.51],[467536.77,1733622.23],[467527,1733625.39],[467529.61,1733632.23],[467527.81,1733632.72],[467530.48,1733642.23]]]]}},{"type":"Feature","properties":{"building":"house","height":3.2,"heightSource":"inferred"},"geometry":{"type":"MultiPolygon","coordinates":[[[[467526.3,1733623.71],[467538.85,1733619.09],[467534.53,1733608.43],[467522.32,1733612.55],[467526.3,1733623.71]]]]}},{"type":"Feature","properties":{"building":"house","height":3.2,"heightSource":"inferred"},"geometry":{"type":"MultiPolygon","coordinates":[[[[467523.39,1733659.14],[467530.64,1733656.18],[467526.5,1733646.67],[467519.57,1733649.63],[467523.39,1733659.14]]]]}},{"type":"Feature","properties":{"building":"house","height":3.2,"heightSource":"inferred"},"geometry":{"type":"MultiPolygon","coordinates":[[[[467519.2,1733622.23],[467506.33,1733625.7],[467504,1733615.04],[467516.71,1733611.41],[467519.2,1733622.23]]]]}},{"type":"Feature","properties":{"building":"house","height":3.2,"heightSource":"inferred"},"geometry":{"type":"MultiPolygon","coordinates":[[[[467518.08,1733643.89],[467526.16,1733641.91],[467523.84,1733629.45],[467515.42,1733631.92],[467518.08,1733643.89]]]]}},{"type":"Feature","properties":{"building":"house","height":3.2,"heightSource":"inferred"},"geometry":{"type":"MultiPolygon","coordinates":[[[[467506.17,1733633.25],[467508.66,1733642.92],[467516.5,1733640.78],[467514.1,1733630.77],[467506.17,1733633.25]]]]}},{"type":"Feature","properties":{"building":"house","height":3.2,"heightSource":"inferred"},"geometry":{"type":"MultiPolygon","coordinates":[[[[467493.12,1733626.62],[467502.94,1733624.06],[467500.79,1733616.44],[467491.14,1733619.24],[467493.12,1733626.62]]]]}},{"type":"Feature","properties":{"building":"house","height":3.2,"heightSource":"inferred"},"geometry":{"type":"MultiPolygon","coordinates":[[[[467496.7,1733639.65],[467494.77,1733629.9],[467485.87,1733631.88],[467488.12,1733641.64],[467496.7,1733639.65]]]]}},{"type":"Feature","properties":{"building":"house","height":3.2,"heightSource":"inferred"},"geometry":{"type":"MultiPolygon","coordinates":[[[[467487.95,1733644.92],[467490.44,1733653.2],[467496.05,1733651.39],[467493.65,1733643.19],[467487.95,1733644.92]]]]}},{"type":"Feature","properties":{"building":"house","height":3.2,"heightSource":"inferred"},"geometry":{"type":"MultiPolygon","coordinates":[[[[467495.72,1733656.97],[467499.62,1733666.47],[467507.79,1733662.86],[467503.48,1733653.35],[467495.72,1733656.97]]]]}},{"type":"Feature","properties":{"building":"house","height":3.2,"heightSource":"inferred"},"geometry":{"type":"MultiPolygon","coordinates":[[[[467464.91,1733631.37],[467467.22,1733640.22],[467477.7,1733637.2],[467475.11,1733628.36],[467464.91,1733631.37]]]]}},{"type":"Feature","properties":{"building":"house","height":3.2,"heightSource":"inferred"},"geometry":{"type":"MultiPolygon","coordinates":[[[[467452.85,1733643.67],[467462.33,1733641.23],[467459.58,1733631.52],[467450.68,1733633.67],[467452.85,1733643.67]]]]}},{"type":"Feature","properties":{"building":"house","height":3.2,"heightSource":"inferred"},"geometry":{"type":"MultiPolygon","coordinates":[[[[467469.99,1733668.93],[467479.21,1733685.05],[467485.53,1733681.61],[467482.65,1733676.48],[467485.24,1733674.76],[467479.33,1733664.06],[467469.99,1733668.93]]]]}},{"type":"Feature","properties":{"building":"house","height":3.2,"heightSource":"inferred"},"geometry":{"type":"MultiPolygon","coordinates":[[[[467474.15,1733659.63],[467473.13,1733650.64],[467464.65,1733651.79],[467466.24,1733660.94],[467474.15,1733659.63]]]]}},{"type":"Feature","properties":{"building":"house","height":3.2,"heightSource":"inferred"},"geometry":{"type":"MultiPolygon","coordinates":[[[[467455.31,1733654.38],[467457.91,1733666.22],[467465.53,1733664.37],[467463.07,1733652.51],[467455.31,1733654.38]]]]}},{"type":"Feature","properties":{"building":"house","height":3.2,"heightSource":"inferred"},"geometry":{"type":"MultiPolygon","coordinates":[[[[467455.63,1733676.8],[467467.13,1733674.07],[467464.96,1733665.94],[467453.47,1733668.38],[467455.63,1733676.8]]]]}},{"type":"Feature","properties":{"building":"house","height":3.2,"heightSource":"inferred"},"geometry":{"type":"MultiPolygon","coordinates":[[[[467456.49,1733678.66],[467459.67,1733688.22],[467468.43,1733685.07],[467465.02,1733675.65],[467456.49,1733678.66]]]]}},{"type":"Feature","properties":{"building":"house","height":3.2,"heightSource":"inferred"},"geometry":{"type":"MultiPolygon","coordinates":[[[[467442.72,1733665.97],[467452.79,1733665.09],[467451.77,1733656.45],[467441.43,1733657.4],[467442.72,1733665.97]]]]}},{"type":"Feature","properties":{"building":"house","height":3.2,"heightSource":"inferred"},"geometry":{"type":"MultiPolygon","coordinates":[[[[467433.97,1733651.77],[467451.36,1733650.75],[467451.23,1733640.84],[467433.78,1733642.09],[467433.97,1733651.77]]]]}},{"type":"Feature","properties":{"building":"house","height":3.2,"heightSource":"inferred"},"geometry":{"type":"MultiPolygon","coordinates":[[[[467422.23,1733649.84],[467430.39,1733649.73],[467429.71,1733637.67],[467421.46,1733638.06],[467422.15,1733648.48],[467422.23,1733649.84]]]]}},{"type":"Feature","properties":{"building":"house","height":3.2,"heightSource":"inferred"},"geometry":{"type":"MultiPolygon","coordinates":[[[[467440.58,1733632.8],[467433.07,1733633.96],[467433.66,1733641.17],[467441.17,1733640.18],[467440.58,1733632.8]]]]}},{"type":"Feature","properties":{"building":"house","height":3.2,"heightSource":"inferred"},"geometry":{"type":"MultiPolygon","coordinates":[[[[467442.9,1733640.42],[467441.65,1733633.28],[467449.49,1733631.3],[467450.82,1733638.77],[467442.9,1733640.42]]]]}},{"type":"Feature","properties":{"building":"house","height":3.2,"heightSource":"inferred"},"geometry":{"type":"MultiPolygon","coordinates":[[[[467454.63,1733651.15],[467464.05,1733648.35],[467462.55,1733642.69],[467453.22,1733645.41],[467454.63,1733651.15]]]]}},{"type":"Feature","properties":{"building":"house","height":3.2,"heightSource":"inferred"},"geometry":{"type":"MultiPolygon","coordinates":[[[[467412.21,1733651.46],[467409.89,1733643.01],[467420.36,1733639.22],[467422.15,1733648.48],[467412.21,1733651.46]]]]}},{"type":"Feature","properties":{"building":"house","height":3.2,"heightSource":"inferred"},"geometry":{"type":"MultiPolygon","coordinates":[[[[467449.75,1733700.05],[467458.94,1733694.47],[467453.75,1733686.34],[467444.7,1733691.77],[467449.75,1733700.05]]]]}},{"type":"Feature","properties":{"building":"house","height":3.2,"heightSource":"inferred"},"geometry":{"type":"MultiPolygon","coordinates":[[[[467449.17,1733701.19],[467441.4,1733688.92],[467430.76,1733694.93],[467433.5,1733699.64],[467436.23,1733697.07],[467441.99,1733705.49],[467449.17,1733701.19]]]]}},{"type":"Feature","properties":{"building":"house","height":3.2,"heightSource":"inferred"},"geometry":{"type":"MultiPolygon","coordinates":[[[[467428.31,1733687.8],[467435.79,1733687.36],[467435.19,1733674.51],[467427.72,1733674.81],[467428.31,1733687.8]]]]}},{"type":"Feature","properties":{"building":"house","height":3.2,"heightSource":"inferred"},"geometry":{"type":"MultiPolygon","coordinates":[[[[467427.02,1733684.52],[467425.42,1733674.95],[467416.81,1733676.81],[467418.53,1733686.25],[467427.02,1733684.52]]]]}},{"type":"Feature","properties":{"building":"house","height":3.2,"heightSource":"inferred"},"geometry":{"type":"MultiPolygon","coordinates":[[[[467414.98,1733709.1],[467422.61,1733717.37],[467428.49,1733711.79],[467420.72,1733703.38],[467414.98,1733709.1]]]]}},{"type":"Feature","properties":{"building":"house","height":3.2,"heightSource":"inferred"},"geometry":{"type":"MultiPolygon","coordinates":[[[[467402.89,1733691.4],[467408.93,1733700.4],[467416.68,1733694.53],[467410.21,1733685.39],[467402.89,1733691.4]]]]}},{"type":"Feature","properties":{"building":"house","height":3.2,"heightSource":"inferred"},"geometry":{"type":"MultiPolygon","coordinates":[[[[467413.63,1733675.39],[467423.69,1733672.95],[467421.53,1733665.1],[467411.19,1733667.83],[467413.63,1733675.39]]]]}},{"type":"Feature","properties":{"building":"house","height":3.2,"heightSource":"inferred"},"geometry":{"type":"MultiPolygon","coordinates":[[[[467408.3,1733665.41],[467417.35,1733662.82],[467414.47,1733652.4],[467405.28,1733654.84],[467408.3,1733665.41]]]]}},{"type":"Feature","properties":{"building":"house","height":3.2,"heightSource":"inferred"},"geometry":{"type":"MultiPolygon","coordinates":[[[[467399.81,1733654.85],[467409,1733652.12],[467407.13,1733644.69],[467397.65,1733647.57],[467399.81,1733654.85]]]]}},{"type":"Feature","properties":{"building":"house","height":3.2,"heightSource":"inferred"},"geometry":{"type":"MultiPolygon","coordinates":[[[[467398.96,1733661.42],[467396.64,1733649.42],[467387.74,1733651.58],[467390.92,1733663.58],[467398.96,1733661.42]]]]}},{"type":"Feature","properties":{"building":"house","height":3.2,"heightSource":"inferred"},"geometry":{"type":"MultiPolygon","coordinates":[[[[467375.82,1733664.59],[467383.73,1733662.87],[467381.56,1733653.88],[467373.37,1733656.17],[467375.82,1733664.59]]]]}},{"type":"Feature","properties":{"building":"house","height":3.2,"heightSource":"inferred"},"geometry":{"type":"MultiPolygon","coordinates":[[[[467373.96,1733666.74],[467371.21,1733656.17],[467362.45,1733658.62],[467365.06,1733669.46],[467373.96,1733666.74]]]]}},{"type":"Feature","properties":{"building":"house","height":3.2,"heightSource":"inferred"},"geometry":{"type":"MultiPolygon","coordinates":[[[[467401.44,1733684.12],[467397.11,1733676.28],[467387.78,1733681.43],[467392.24,1733689.57],[467401.44,1733684.12]]]]}},{"type":"Feature","properties":{"building":"house","height":3.2,"heightSource":"inferred"},"geometry":{"type":"MultiPolygon","coordinates":[[[[467371.55,1733687.02],[467379.16,1733684.59],[467376.13,1733675.3],[467368.37,1733677.89],[467371.55,1733687.02]]]]}},{"type":"Feature","properties":{"building":"house","height":3.2,"heightSource":"inferred"},"geometry":{"type":"MultiPolygon","coordinates":[[[[467381.04,1733693.58],[467388.65,1733687.57],[467384.18,1733682.29],[467376.86,1733687.73],[467381.04,1733693.58]]]]}},{"type":"Feature","properties":{"building":"house","height":3.2,"heightSource":"inferred"},"geometry":{"type":"MultiPolygon","coordinates":[[[[467384.06,1733694.86],[467392.98,1733702.56],[467398.87,1733697.12],[467389.51,1733688.85],[467384.06,1733694.86]]]]}},{"type":"Feature","properties":{"building":"house","height":3.2,"heightSource":"inferred"},"geometry":{"type":"MultiPolygon","coordinates":[[[[467341.21,1733664.05],[467344.52,1733675.04],[467357.02,1733670.74],[467353.27,1733659.46],[467341.21,1733664.05]]]]}},{"type":"Feature","properties":{"building":"house","height":3.2,"heightSource":"inferred"},"geometry":{"type":"MultiPolygon","coordinates":[[[[467351.15,1733682.6],[467358.05,1733681.87],[467357.17,1733673.45],[467350.42,1733674.46],[467351.15,1733682.6]]]]}},{"type":"Feature","properties":{"building":"house","height":3.2,"heightSource":"inferred"},"geometry":{"type":"MultiPolygon","coordinates":[[[[467358.34,1733683.3],[467349.85,1733683.74],[467350.73,1733692.75],[467358.64,1733692.16],[467358.34,1733683.3]]]]}},{"type":"Feature","properties":{"building":"house","height":3.2,"heightSource":"inferred"},"geometry":{"type":"MultiPolygon","coordinates":[[[[467363.96,1733693.72],[467352.31,1733693.74],[467352.47,1733698.74],[467354.76,1733698.45],[467355.05,1733702.02],[467363.82,1733701.87],[467363.96,1733693.72]]]]}},{"type":"Feature","properties":{"building":"house","height":3.2,"heightSource":"inferred"},"geometry":{"type":"MultiPolygon","coordinates":[[[[467357.08,1733711.73],[467365.71,1733709.28],[467363.53,1733703],[467354.92,1733705.59],[467357.08,1733711.73]]]]}},{"type":"Feature","properties":{"building":"house","height":3.2,"heightSource":"inferred"},"geometry":{"type":"MultiPolygon","coordinates":[[[[467377.06,1733716.85],[467373.17,1733708.85],[467383.52,1733703.12],[467387.55,1733711.54],[467377.06,1733716.85]]]]}},{"type":"Feature","properties":{"building":"house","height":3.2,"heightSource":"inferred"},"geometry":{"type":"MultiPolygon","coordinates":[[[[467390.58,1733717.53],[467398.78,1733727.23],[467406.1,1733721.66],[467397.9,1733711.67],[467390.58,1733717.53]]]]}},{"type":"Feature","properties":{"building":"house","height":3.2,"heightSource":"inferred"},"geometry":{"type":"MultiPolygon","coordinates":[[[[467377.65,1733719.55],[467384.13,1733730.68],[467393.6,1733726.68],[467386.84,1733715.12],[467377.65,1733719.55]]]]}},{"type":"Feature","properties":{"building":"house","height":3.2,"heightSource":"inferred"},"geometry":{"type":"MultiPolygon","coordinates":[[[[467371.76,1733725.85],[467377.94,1733723.41],[467375.92,1733718.42],[467370.17,1733721.14],[467371.76,1733725.85]]]]}},{"type":"Feature","properties":{"building":"house","height":3.2,"heightSource":"inferred"},"geometry":{"type":"MultiPolygon","coordinates":[[[[467378.53,1733735.84],[467375.21,1733726.7],[467367.89,1733728.99],[467371.49,1733737.99],[467378.53,1733735.84]]]]}},{"type":"Feature","properties":{"building":"house","height":3.2,"heightSource":"inferred"},"geometry":{"type":"MultiPolygon","coordinates":[[[[467436.3,1733742.58],[467443.91,1733738.57],[467440.74,1733733],[467432.99,1733737.31],[467436.3,1733742.58]]]]}},{"type":"Feature","properties":{"building":"house","height":3.2,"heightSource":"inferred"},"geometry":{"type":"MultiPolygon","coordinates":[[[[467388.95,1733790.78],[467399,1733786.33],[467406.04,1733783.33],[467403.15,1733777.19],[467385.63,1733784.36],[467388.95,1733790.78]]]]}},{"type":"Feature","properties":{"building":"house","height":3.2,"heightSource":"inferred"},"geometry":{"type":"MultiPolygon","coordinates":[[[[467389.77,1733764.64],[467393.66,1733773.92],[467402.42,1733770.62],[467398.68,1733761.2],[467389.77,1733764.64]]]]}},{"type":"Feature","properties":{"building":"house","height":3.2,"heightSource":"inferred"},"geometry":{"type":"MultiPolygon","coordinates":[[[[467426.68,1733743.17],[467422.49,1733733.75],[467412.59,1733738.47],[467417.92,1733747.75],[467426.68,1733743.17]]]]}},{"type":"Feature","properties":{"building":"house","height":3.2,"heightSource":"inferred"},"geometry":{"type":"MultiPolygon","coordinates":[[[[467396.35,1733742.92],[467400.39,1733751.49],[467407.14,1733748.34],[467403.09,1733739.63],[467396.35,1733742.92]]]]}},{"type":"Feature","properties":{"building":"house","height":3.2,"heightSource":"inferred"},"geometry":{"type":"MultiPolygon","coordinates":[[[[467390.91,1733755.36],[467386.15,1733744.09],[467378.24,1733747.66],[467383.87,1733758.66],[467390.91,1733755.36]]]]}},{"type":"Feature","properties":{"building":"house","height":3.2,"heightSource":"inferred"},"geometry":{"type":"MultiPolygon","coordinates":[[[[467372.66,1733763.1],[467366.32,1733750.68],[467358.71,1733754.69],[467365.63,1733766.96],[467372.66,1733763.1]]]]}},{"type":"Feature","properties":{"building":"house","height":3.2,"heightSource":"inferred"},"geometry":{"type":"MultiPolygon","coordinates":[[[[467359.45,1733765.97],[467352.97,1733756.7],[467344.79,1733762.28],[467351.55,1733771.56],[467359.45,1733765.97]]]]}},{"type":"Feature","properties":{"building":"house","height":3.2,"heightSource":"inferred"},"geometry":{"type":"MultiPolygon","coordinates":[[[[467343.51,1733768.69],[467340.34,1733758.52],[467332.6,1733761.02],[467335.67,1733771.19],[467343.51,1733768.69]]]]}},{"type":"Feature","properties":{"building":"house","height":3.2,"heightSource":"inferred"},"geometry":{"type":"MultiPolygon","coordinates":[[[[467316.4,1733776.85],[467325,1733774.13],[467321.72,1733764.72],[467313.33,1733767.54],[467316.4,1733776.85]]]]}},{"type":"Feature","properties":{"building":"house","height":3.2,"heightSource":"inferred"},"geometry":{"type":"MultiPolygon","coordinates":[[[[467343.34,1733731.67],[467347.83,1733743.79],[467355.88,1733740.54],[467351.51,1733727.99],[467343.34,1733731.67]]]]}},{"type":"Feature","properties":{"building":"house","height":3.2,"heightSource":"inferred"},"geometry":{"type":"MultiPolygon","coordinates":[[[[467329.21,1733746.3],[467339.77,1733742.4],[467336.38,1733733.64],[467325.82,1733737.44],[467329.21,1733746.3]]]]}},{"type":"Feature","properties":{"building":"house","height":3.2,"heightSource":"inferred"},"geometry":{"type":"MultiPolygon","coordinates":[[[[467342.96,1733728.66],[467349.72,1733726.85],[467348.73,1733721.28],[467341.8,1733723.26],[467342.96,1733728.66]]]]}},{"type":"Feature","properties":{"building":"house","height":3.2,"heightSource":"inferred"},"geometry":{"type":"MultiPolygon","coordinates":[[[[467339.97,1733720.31],[467347.4,1733718.16],[467345.74,1733710.29],[467338.31,1733712.43],[467339.97,1733720.31]]]]}},{"type":"Feature","properties":{"building":"house","height":3.2,"heightSource":"inferred"},"geometry":{"type":"MultiPolygon","coordinates":[[[[467334.85,1733714.41],[467328.74,1733715.72],[467330.4,1733722.77],[467336.18,1733721.3],[467334.85,1733714.41]]]]}},{"type":"Feature","properties":{"building":"yes","height":3.2,"heightSource":"inferred"},"geometry":{"type":"MultiPolygon","coordinates":[[[[467326.99,1733690.01],[467337.62,1733686.76],[467334.47,1733675.45],[467323.34,1733678.95],[467326.99,1733690.01]]]]}},{"type":"Feature","properties":{"building":"house","height":3.2,"heightSource":"inferred"},"geometry":{"type":"MultiPolygon","coordinates":[[[[467309.08,1733681.46],[467312.36,1733693.51],[467324.74,1733690.01],[467320.59,1733677.84],[467309.08,1733681.46]]]]}},{"type":"Feature","properties":{"building":"house","height":3.2,"heightSource":"inferred"},"geometry":{"type":"MultiPolygon","coordinates":[[[[467315.5,1733699.72],[467325.62,1733696.98],[467324.11,1733691.26],[467314.24,1733694.25],[467315.5,1733699.72]]]]}},{"type":"Feature","properties":{"building":"house","height":3.2,"heightSource":"inferred"},"geometry":{"type":"MultiPolygon","coordinates":[[[[467293.46,1733691.92],[467302.09,1733688.92],[467299.2,1733678.49],[467290.19,1733681.85],[467293.46,1733691.92]]]]}},{"type":"Feature","properties":{"building":"house","height":3.2,"heightSource":"inferred"},"geometry":{"type":"MultiPolygon","coordinates":[[[[467283.92,1733624.57],[467286.94,1733638.87],[467297.2,1733635.99],[467293.79,1733621.71],[467283.92,1733624.57]]]]}},{"type":"Feature","properties":{"building":"house","height":3.2,"heightSource":"inferred"},"geometry":{"type":"MultiPolygon","coordinates":[[[[467273.94,1733644.61],[467281.94,1733642.73],[467280.43,1733635.02],[467272.42,1733636.9],[467273.94,1733644.61]]]]}},{"type":"Feature","properties":{"building":"house","height":3.2,"heightSource":"inferred"},"geometry":{"type":"MultiPolygon","coordinates":[[[[467258.69,1733655.19],[467269.95,1733653.68],[467268.43,1733644.36],[467257.05,1733645.99],[467258.69,1733655.19]]]]}},{"type":"Feature","properties":{"building":"house","height":3.2,"heightSource":"inferred"},"geometry":{"type":"MultiPolygon","coordinates":[[[[467245.4,1733634.95],[467253.77,1733632.2],[467251.51,1733624.24],[467243.13,1733626.74],[467245.4,1733634.95]]]]}},{"type":"Feature","properties":{"building":"house","height":3.2,"heightSource":"inferred"},"geometry":{"type":"MultiPolygon","coordinates":[[[[467243.77,1733635.83],[467241.51,1733627.12],[467231.5,1733629.49],[467233.65,1733638.45],[467243.77,1733635.83]]]]}},{"type":"Feature","properties":{"building":"house","height":3.2,"heightSource":"inferred"},"geometry":{"type":"MultiPolygon","coordinates":[[[[467241.71,1733680.58],[467240.33,1733671.88],[467248.33,1733670.51],[467249.6,1733679.21],[467241.71,1733680.58]]]]}},{"type":"Feature","properties":{"building":"house","height":3.2,"heightSource":"inferred"},"geometry":{"type":"MultiPolygon","coordinates":[[[[467228.45,1733683.59],[467210.7,1733688.96],[467206.92,1733679.27],[467225.06,1733672.9],[467228.45,1733683.59]]]]}},{"type":"Feature","properties":{"building":"house","height":3.2,"heightSource":"inferred"},"geometry":{"type":"MultiPolygon","coordinates":[[[[467208.44,1733691.2],[467205.93,1733681.13],[467196.8,1733684.25],[467199.82,1733693.57],[467208.44,1733691.2]]]]}},{"type":"Feature","properties":{"building":"house","height":3.2,"heightSource":"inferred"},"geometry":{"type":"MultiPolygon","coordinates":[[[[467532.45,1733526.7],[467541.08,1733524.41],[467539.34,1733517.41],[467531.16,1733519.7],[467532.45,1733526.7]]]]}},{"type":"Feature","properties":{"building":"house","height":3.2,"heightSource":"inferred"},"geometry":{"type":"MultiPolygon","coordinates":[[[[467527.87,1733533.71],[467523.83,1733521.01],[467516.08,1733523.15],[467519.82,1733535.86],[467527.87,1733533.71]]]]}},{"type":"Feature","properties":{"building":"house","height":3.2,"heightSource":"inferred"},"geometry":{"type":"MultiPolygon","coordinates":[[[[467533.78,1733549.55],[467531.76,1733540.84],[467522.86,1733543.43],[467525.17,1733552.13],[467533.78,1733549.55]]]]}},{"type":"Feature","properties":{"building":"house","height":3.2,"heightSource":"inferred"},"geometry":{"type":"MultiPolygon","coordinates":[[[[467539.2,1733597.08],[467548.27,1733594.94],[467546.28,1733586.09],[467537.04,1733588.56],[467539.2,1733597.08]]]]}},{"type":"Feature","properties":{"building":"house","height":3.2,"heightSource":"inferred"},"geometry":{"type":"MultiPolygon","coordinates":[[[[467537.04,1733588.56],[467534.71,1733578.39],[467544.12,1733575.75],[467546.28,1733586.09],[467537.04,1733588.56]]]]}},{"type":"Feature","properties":{"building":"house","height":3.2,"heightSource":"inferred"},"geometry":{"type":"MultiPolygon","coordinates":[[[[467564.23,1733527.54],[467561.57,1733514.26],[467552.82,1733516.41],[467555.65,1733529.85],[467564.23,1733527.54]]]]}},{"type":"Feature","properties":{"building":"house","height":3.2,"heightSource":"inferred"},"geometry":{"type":"MultiPolygon","coordinates":[[[[467507.81,1733603.43],[467517.88,1733599.64],[467514.39,1733588.66],[467504,1733592.45],[467507.81,1733603.43]]]]}},{"type":"Feature","properties":{"building":"house","height":3.2,"heightSource":"inferred"},"geometry":{"type":"MultiPolygon","coordinates":[[[[467518.81,1733598.98],[467529.04,1733595.83],[467526.09,1733586.31],[467515.97,1733589.68],[467518.81,1733598.98]]]]}},{"type":"Feature","properties":{"building":"house","height":3.2,"heightSource":"inferred"},"geometry":{"type":"MultiPolygon","coordinates":[[[[467504.17,1733565.67],[467513.97,1733563.05],[467511.11,1733552.45],[467501.22,1733555.28],[467504.17,1733565.67]]]]}},{"type":"Feature","properties":{"building":"house","height":3.2,"heightSource":"inferred"},"geometry":{"type":"MultiPolygon","coordinates":[[[[467490.5,1733607.57],[467488.96,1733597.3],[467495.6,1733596.1],[467496.93,1733606.48],[467490.5,1733607.57]]]]}},{"type":"Feature","properties":{"building":"house","height":3.2,"heightSource":"inferred"},"geometry":{"type":"MultiPolygon","coordinates":[[[[467474.28,1733612.69],[467470.23,1733598.84],[467462.61,1733600.9],[467467.31,1733614.97],[467474.28,1733612.69]]]]}},{"type":"Feature","properties":{"building":"house","height":3.2,"heightSource":"inferred"},"geometry":{"type":"MultiPolygon","coordinates":[[[[467503.75,1733582.67],[467512.46,1733581.14],[467511.58,1733574.54],[467502.43,1733576.17],[467503.75,1733582.67]]]]}},{"type":"Feature","properties":{"building":"house","height":3.2,"heightSource":"inferred"},"geometry":{"type":"MultiPolygon","coordinates":[[[[467515.73,1733581.02],[467524.56,1733579.16],[467522.69,1733572.35],[467514.31,1733573.99],[467515.73,1733581.02]]]]}},{"type":"Feature","properties":{"building":"house","height":3.2,"heightSource":"inferred"},"geometry":{"type":"MultiPolygon","coordinates":[[[[467494.8,1733566.44],[467502.64,1733565.35],[467500.77,1733554.2],[467493.04,1733555.41],[467494.8,1733566.44]]]]}},{"type":"Feature","properties":{"building":"house","height":3.2,"heightSource":"inferred"},"geometry":{"type":"MultiPolygon","coordinates":[[[[467462.96,1733610.26],[467459.57,1733599.44],[467451.3,1733601.94],[467454.91,1733612.87],[467462.96,1733610.26]]]]}},{"type":"Feature","properties":{"building":"house","height":3.2,"heightSource":"inferred"},"geometry":{"type":"MultiPolygon","coordinates":[[[[467438.59,1733621.87],[467448.93,1733619.16],[467446.3,1733608.88],[467436.17,1733611.6],[467438.59,1733621.87]]]]}},{"type":"Feature","properties":{"building":"house","height":3.2,"heightSource":"inferred"},"geometry":{"type":"MultiPolygon","coordinates":[[[[467435.86,1733619.07],[467433.34,1733607.16],[467425.6,1733607.93],[467426.04,1733609.56],[467424.19,1733609.88],[467424.85,1733614.86],[467427.03,1733614.53],[467428.23,1733620.26],[467435.86,1733619.07]]]]}},{"type":"Feature","properties":{"building":"house","height":3.2,"heightSource":"inferred"},"geometry":{"type":"MultiPolygon","coordinates":[[[[467414.85,1733628.19],[467423.56,1733626.01],[467421.37,1733618.12],[467412.88,1733619.96],[467414.85,1733628.19]]]]}},{"type":"Feature","properties":{"building":"house","height":3.2,"heightSource":"inferred"},"geometry":{"type":"MultiPolygon","coordinates":[[[[467397.25,1733623.53],[467404.71,1733621.38],[467402.69,1733613.81],[467395.22,1733615.53],[467397.25,1733623.53]]]]}},{"type":"Feature","properties":{"building":"house","height":3.2,"heightSource":"inferred"},"geometry":{"type":"MultiPolygon","coordinates":[[[[467383.33,1733639.54],[467391.51,1733637.11],[467389.06,1733628.82],[467380.87,1733631.4],[467383.33,1733639.54]]]]}},{"type":"Feature","properties":{"building":"house","height":3.2,"heightSource":"inferred"},"geometry":{"type":"MultiPolygon","coordinates":[[[[467360.48,1733646.86],[467381.18,1733640.55],[467376.54,1733622.99],[467366.06,1733625.28],[467368.23,1733633.28],[467362.63,1733635],[467361.62,1733630.87],[467356.44,1733632.01],[467360.48,1733646.86]]]]}},{"type":"Feature","properties":{"building":"house","height":3.2,"heightSource":"inferred"},"geometry":{"type":"MultiPolygon","coordinates":[[[[467337.21,1733650.9],[467346.83,1733648.6],[467344.81,1733638.31],[467334.47,1733640.47],[467337.21,1733650.9]]]]}},{"type":"Feature","properties":{"building":"house","height":3.2,"heightSource":"inferred"},"geometry":{"type":"MultiPolygon","coordinates":[[[[467348.13,1733647.88],[467357.47,1733646.29],[467355.44,1733635.3],[467345.81,1733637.32],[467348.13,1733647.88]]]]}},{"type":"Feature","properties":{"building":"house","height":3.2,"heightSource":"inferred"},"geometry":{"type":"MultiPolygon","coordinates":[[[[467333.88,1733637.91],[467340.93,1733635.75],[467339.92,1733630.9],[467332.44,1733632.91],[467333.88,1733637.91]]]]}},{"type":"Feature","properties":{"building":"house","height":3.2,"heightSource":"inferred"},"geometry":{"type":"MultiPolygon","coordinates":[[[[467330.71,1733632.91],[467341.64,1733629.18],[467338.74,1733620.61],[467327.69,1733624.06],[467330.71,1733632.91]]]]}},{"type":"Feature","properties":{"building":"house","height":3.2,"heightSource":"inferred"},"geometry":{"type":"MultiPolygon","coordinates":[[[[467346.66,1733628.18],[467352.41,1733627.45],[467350.96,1733620.59],[467345.36,1733621.47],[467346.66,1733628.18]]]]}},{"type":"Feature","properties":{"building":"house","height":3.2,"heightSource":"inferred"},"geometry":{"type":"MultiPolygon","coordinates":[[[[467357.15,1733627.59],[467363.34,1733629.15],[467364.77,1733623.15],[467358.44,1733621.72],[467357.15,1733627.59]]]]}},{"type":"Feature","properties":{"building":"house","height":3.2,"heightSource":"inferred"},"geometry":{"type":"MultiPolygon","coordinates":[[[[467376.54,1733622.99],[467384.74,1733620.69],[467381.7,1733610.41],[467373.66,1733612.85],[467376.54,1733622.99]]]]}},{"type":"Feature","properties":{"building":"house","height":3.2,"heightSource":"inferred"},"geometry":{"type":"MultiPolygon","coordinates":[[[[467368.57,1733572.59],[467373.05,1733584.01],[467384.97,1733579.55],[467380.63,1733567.71],[467368.57,1733572.59]]]]}},{"type":"Feature","properties":{"building":"house","height":3.2,"heightSource":"inferred"},"geometry":{"type":"MultiPolygon","coordinates":[[[[467397.15,1733557.98],[467400.33,1733570.11],[467411.54,1733566.66],[467407.78,1733554.82],[467397.15,1733557.98]]]]}},{"type":"Feature","properties":{"building":"house","height":3.2,"heightSource":"inferred"},"geometry":{"type":"MultiPolygon","coordinates":[[[[467415.97,1733555.8],[467420.16,1733568.94],[467430.36,1733566.21],[467425.74,1733552.65],[467415.97,1733555.8]]]]}},{"type":"Feature","properties":{"building":"house","height":3.2,"heightSource":"inferred"},"geometry":{"type":"MultiPolygon","coordinates":[[[[467431.63,1733549.07],[467435.09,1733560.63],[467444.14,1733558.05],[467440.54,1733546.2],[467431.63,1733549.07]]]]}},{"type":"Feature","properties":{"building":"house","height":3.2,"heightSource":"inferred"},"geometry":{"type":"MultiPolygon","coordinates":[[[[467439.13,1733563.19],[467442.15,1733573.76],[467451.35,1733570.75],[467448.18,1733560.04],[467439.13,1733563.19]]]]}},{"type":"Feature","properties":{"building":"house","height":3.2,"heightSource":"inferred"},"geometry":{"type":"MultiPolygon","coordinates":[[[[467460.82,1733555.31],[467470.3,1733552.44],[467466.69,1733540.17],[467456.92,1733543.04],[467460.82,1733555.31]]]]}},{"type":"Feature","properties":{"building":"house","height":3.2,"heightSource":"inferred"},"geometry":{"type":"MultiPolygon","coordinates":[[[[467478.48,1733550.01],[467475.45,1733538.44],[467468.12,1733540.17],[467471.15,1733551.86],[467478.48,1733550.01]]]]}},{"type":"Feature","properties":{"building":"house","height":3.2,"heightSource":"inferred"},"geometry":{"type":"MultiPolygon","coordinates":[[[[467480.49,1733548],[467489.11,1733545.41],[467486.8,1733536.13],[467478.03,1733538.86],[467480.49,1733548]]]]}},{"type":"Feature","properties":{"building":"house","height":3.2,"heightSource":"inferred"},"geometry":{"type":"MultiPolygon","coordinates":[[[[467489.97,1733544.7],[467498.73,1733541.84],[467496.27,1733532.27],[467487.37,1733535.14],[467489.97,1733544.7]]]]}},{"type":"Feature","properties":{"building":"house","height":3.2,"heightSource":"inferred"},"geometry":{"type":"MultiPolygon","coordinates":[[[[467501.17,1733541.26],[467509.37,1733538.81],[467506.91,1733528.68],[467498.58,1733531.26],[467501.17,1733541.26]]]]}},{"type":"Feature","properties":{"building":"house","height":3.2,"heightSource":"inferred"},"geometry":{"type":"MultiPolygon","coordinates":[[[[467631.51,1733371.47],[467640.25,1733367.68],[467635.77,1733356.86],[467625.05,1733360.82],[467627.54,1733369.02],[467630.51,1733368.03],[467631.51,1733371.47]]]]}},{"type":"Feature","properties":{"building":"house","height":3.2,"heightSource":"inferred"},"geometry":{"type":"MultiPolygon","coordinates":[[[[467505.08,1733307.2],[467513.09,1733304.44],[467508.82,1733290.53],[467500.56,1733293.4],[467505.08,1733307.2]]]]}},{"type":"Feature","properties":{"building":"house","height":3.2,"heightSource":"inferred"},"geometry":{"type":"MultiPolygon","coordinates":[[[[467459.8,1733275.42],[467462.44,1733281.51],[467471.94,1733277.76],[467469.17,1733270.92],[467459.8,1733275.42]]]]}},{"type":"Feature","properties":{"building":"house","height":3.2,"heightSource":"inferred"},"geometry":{"type":"MultiPolygon","coordinates":[[[[467317.23,1733712.05],[467325.65,1733710.07],[467323.99,1733703.84],[467315.9,1733705.82],[467317.23,1733712.05]]]]}},{"type":"Feature","properties":{"building":"house","height":3.2,"heightSource":"inferred"},"geometry":{"type":"MultiPolygon","coordinates":[[[[467296.74,1733697.47],[467303.67,1733695.01],[467302.68,1733690.74],[467295.75,1733693.05],[467296.74,1733697.47]]]]}},{"type":"Feature","properties":{"building":"house","height":3.2,"heightSource":"inferred"},"geometry":{"type":"MultiPolygon","coordinates":[[[[467287.75,1733759.67],[467299.3,1733756.2],[467295.65,1733745.88],[467285.77,1733748.82],[467284.6,1733749.18],[467287.75,1733759.67]]]]}},{"type":"Feature","properties":{"building":"house","height":3.2,"heightSource":"inferred"},"geometry":{"type":"MultiPolygon","coordinates":[[[[467261.68,1733768.72],[467270.6,1733766.42],[467267.94,1733756.58],[467259.02,1733759.38],[467261.68,1733768.72]]]]}},{"type":"Feature","properties":{"building":"house","height":3.2,"heightSource":"inferred"},"geometry":{"type":"MultiPolygon","coordinates":[[[[467280.34,1733731.49],[467285.77,1733748.82],[467295.65,1733745.88],[467290.54,1733727.98],[467280.34,1733731.49]]]]}},{"type":"Feature","properties":{"building":"house","height":3.2,"heightSource":"inferred"},"geometry":{"type":"MultiPolygon","coordinates":[[[[467232.88,1733697.88],[467236.37,1733711.66],[467244.61,1733709.35],[467241.29,1733695.24],[467232.88,1733697.88]]]]}},{"type":"Feature","properties":{"building":"house","height":3.2,"heightSource":"inferred"},"geometry":{"type":"MultiPolygon","coordinates":[[[[467237.69,1733712.96],[467242.16,1733725.76],[467249.92,1733723.44],[467245.44,1733710.5],[467237.69,1733712.96]]]]}},{"type":"Feature","properties":{"building":"house","height":3.2,"heightSource":"inferred"},"geometry":{"type":"MultiPolygon","coordinates":[[[[467222.66,1733708.73],[467226.14,1733718.4],[467236.37,1733714.45],[467230.57,1733698.87],[467221.99,1733701.34],[467224.32,1733707.9],[467222.66,1733708.73]]]]}},{"type":"Feature","properties":{"building":"house","height":3.2,"heightSource":"inferred"},"geometry":{"type":"MultiPolygon","coordinates":[[[[467220.29,1733712.38],[467216.27,1733703.23],[467208.82,1733706.24],[467211.48,1733712.52],[467212.95,1733715.57],[467220.29,1733712.38]]]]}},{"type":"Feature","properties":{"building":"house","height":3.2,"heightSource":"inferred"},"geometry":{"type":"MultiPolygon","coordinates":[[[[467194.61,1733716.31],[467204.02,1733713.51],[467201.69,1733705.31],[467192.12,1733708.27],[467194.61,1733716.31]]]]}},{"type":"Feature","properties":{"building":"house","height":3.2,"heightSource":"inferred"},"geometry":{"type":"MultiPolygon","coordinates":[[[[467198.58,1733725.98],[467208.32,1733722.52],[467206,1733714.81],[467196.26,1733717.95],[467198.58,1733725.98]]]]}},{"type":"Feature","properties":{"building":"house","height":3.2,"heightSource":"inferred"},"geometry":{"type":"MultiPolygon","coordinates":[[[[467604.18,1733612.16],[467609.8,1733616.15],[467618.28,1733604.28],[467613.1,1733601.16],[467610.66,1733605.32],[467609.13,1733604.35],[467604.18,1733612.16]]]]}},{"type":"Feature","properties":{"building":"house","height":3.2,"heightSource":"inferred"},"geometry":{"type":"MultiPolygon","coordinates":[[[[467627.46,1733625.65],[467634.44,1733629.97],[467644.6,1733614.64],[467641.76,1733612.75],[467636.49,1733620.17],[467632.51,1733617.9],[467627.46,1733625.65]]]]}},{"type":"Feature","properties":{"building":"house","height":3.2,"heightSource":"inferred"},"geometry":{"type":"MultiPolygon","coordinates":[[[[467655.59,1733605.85],[467656.64,1733610.74],[467661.66,1733609.51],[467660.52,1733604.61],[467655.59,1733605.85]]]]}},{"type":"Feature","properties":{"building":"house","height":3.2,"heightSource":"inferred"},"geometry":{"type":"MultiPolygon","coordinates":[[[[467629.32,1733602.21],[467634.08,1733609.55],[467640.61,1733605.11],[467639.37,1733603.14],[467646.57,1733598.89],[467642.02,1733593.33],[467629.32,1733602.21]]]]}},{"type":"Feature","properties":{"building":"house","height":3.2,"heightSource":"inferred"},"geometry":{"type":"MultiPolygon","coordinates":[[[[467676.34,1733631.73],[467679.81,1733638.29],[467686.75,1733634.67],[467683.11,1733628.12],[467676.34,1733631.73]]]]}},{"type":"Feature","properties":{"building":"house","height":3.2,"heightSource":"inferred"},"geometry":{"type":"MultiPolygon","coordinates":[[[[467182.28,1733728.17],[467178.23,1733717.63],[467175.82,1733718.55],[467174.09,1733714.04],[467170.41,1733715.44],[467172.26,1733720.1],[467170.97,1733720.58],[467174.41,1733730.86],[467182.28,1733728.17]]]]}},{"type":"Feature","properties":{"building":"house","height":3.2,"heightSource":"inferred"},"geometry":{"type":"MultiPolygon","coordinates":[[[[467221.05,1733742.44],[467231.84,1733738.97],[467228.88,1733730.96],[467218,1733734.55],[467221.05,1733742.44]]]]}},{"type":"Feature","properties":{"building":"house","height":3.2,"heightSource":"inferred"},"geometry":{"type":"MultiPolygon","coordinates":[[[[467212.96,1733716.47],[467216.68,1733726.53],[467225.39,1733723.17],[467221.89,1733713],[467212.96,1733716.47]]]]}},{"type":"Feature","properties":{"building":"house","height":3.2,"heightSource":"inferred"},"geometry":{"type":"MultiPolygon","coordinates":[[[[467163.53,1733723.13],[467166.71,1733732.55],[467173.24,1733729.95],[467170.17,1733720.61],[467163.53,1733723.13]]]]}},{"type":"Feature","properties":{"building":"house","height":3.2,"heightSource":"inferred"},"geometry":{"type":"MultiPolygon","coordinates":[[[[467143.87,1733739.34],[467153.36,1733735.64],[467147.89,1733722.44],[467138.4,1733726.56],[467143.87,1733739.34]]]]}},{"type":"Feature","properties":{"building":"house","height":3.2,"heightSource":"inferred"},"geometry":{"type":"MultiPolygon","coordinates":[[[[467155.09,1733738.02],[467163.18,1733735.22],[467159.28,1733723.98],[467151.19,1733726.95],[467155.09,1733738.02]]]]}},{"type":"Feature","properties":{"building":"house","height":3.2,"heightSource":"inferred"},"geometry":{"type":"MultiPolygon","coordinates":[[[[467176.3,1733731.5],[467178.87,1733737.41],[467190.5,1733731.89],[467187.93,1733725.82],[467176.3,1733731.5]]]]}},{"type":"Feature","properties":{"building":"house","height":3.2,"heightSource":"inferred"},"geometry":{"type":"MultiPolygon","coordinates":[[[[467146.69,1733744.1],[467149.67,1733751.81],[467158.91,1733748.84],[467155.84,1733740.88],[467146.69,1733744.1]]]]}},{"type":"Feature","properties":{"building":"house","height":3.2,"heightSource":"inferred"},"geometry":{"type":"MultiPolygon","coordinates":[[[[467156.83,1733740.3],[467159.15,1733747.11],[467165.91,1733745.06],[467163.43,1733737.75],[467156.83,1733740.3]]]]}},{"type":"Feature","properties":{"building":"house","height":3.2,"heightSource":"inferred"},"geometry":{"type":"MultiPolygon","coordinates":[[[[467185.33,1733751.01],[467197.86,1733746.32],[467195.54,1733738.85],[467190.34,1733741.08],[467189.19,1733737.8],[467182.26,1733740.11],[467182.67,1733740.93],[467178.7,1733742.41],[467181.28,1733749.54],[467184.57,1733748.14],[467185.33,1733751.01]]]]}},{"type":"Feature","properties":{"building":"house","height":3.2,"heightSource":"inferred"},"geometry":{"type":"MultiPolygon","coordinates":[[[[467212.14,1733736.94],[467215.16,1733746.63],[467221.16,1733744.63],[467218,1733734.55],[467215.27,1733735.82],[467212.14,1733736.94]]]]}},{"type":"Feature","properties":{"building":"house","height":3.2,"heightSource":"inferred"},"geometry":{"type":"MultiPolygon","coordinates":[[[[467219.46,1733778.57],[467230.72,1733776.58],[467228.69,1733764.51],[467217.56,1733767.02],[467219.46,1733778.57]]]]}},{"type":"Feature","properties":{"building":"yes","height":3.2,"heightSource":"inferred"},"geometry":{"type":"MultiPolygon","coordinates":[[[[467272.7,1733738.34],[467278.32,1733736.47],[467276.7,1733731.62],[467271.32,1733733.74],[467272.7,1733738.34]]]]}},{"type":"Feature","properties":{"building":"house","height":3.2,"heightSource":"inferred"},"geometry":{"type":"MultiPolygon","coordinates":[[[[467192.53,1733757.61],[467194.87,1733767.66],[467204.57,1733765.43],[467204.01,1733762.46],[467210.43,1733761.31],[467207.91,1733751.73],[467198.41,1733754.49],[467198.54,1733755.85],[467192.53,1733757.61]]]]}},{"type":"Feature","properties":{"building":"house","height":3.2,"heightSource":"inferred"},"geometry":{"type":"MultiPolygon","coordinates":[[[[467152.62,1733756.67],[467154.75,1733765.74],[467164.89,1733763.61],[467162.5,1733754.41],[467152.62,1733756.67]]]]}},{"type":"Feature","properties":{"building":"house","height":3.2,"heightSource":"inferred"},"geometry":{"type":"MultiPolygon","coordinates":[[[[467157.89,1733767.48],[467159.9,1733775.19],[467170.54,1733772.56],[467168.15,1733764.72],[467157.89,1733767.48]]]]}},{"type":"Feature","properties":{"building":"house","height":3.2,"heightSource":"inferred"},"geometry":{"type":"MultiPolygon","coordinates":[[[[467165.54,1733775.54],[467167.42,1733782.01],[467176.93,1733780.01],[467174.54,1733772.8],[467165.54,1733775.54]]]]}},{"type":"Feature","properties":{"building":"house","height":3.2,"heightSource":"inferred"},"geometry":{"type":"MultiPolygon","coordinates":[[[[467210.84,1733784.56],[467219.46,1733782.43],[467216.95,1733771.74],[467208.31,1733773.87],[467210.84,1733784.56]]]]}},{"type":"Feature","properties":{"building":"house","height":3.2,"heightSource":"inferred"},"geometry":{"type":"MultiPolygon","coordinates":[[[[467207.33,1733783.81],[467204.19,1733772.14],[467193.56,1733775.38],[467194.69,1733779.86],[467197.07,1733779.24],[467198.45,1733784.45],[467201.82,1733783.2],[467202.46,1733785.19],[467207.33,1733783.81]]]]}},{"type":"Feature","properties":{"building":"house","height":3.2,"heightSource":"inferred"},"geometry":{"type":"MultiPolygon","coordinates":[[[[467194.45,1733787.44],[467191.69,1733777.12],[467183.3,1733780],[467186.33,1733790.06],[467194.45,1733787.44]]]]}},{"type":"Feature","properties":{"building":"house","height":3.2,"heightSource":"inferred"},"geometry":{"type":"MultiPolygon","coordinates":[[[[467182.08,1733794.42],[467179.56,1733784.73],[467171.8,1733786.97],[467174.2,1733796.67],[467182.08,1733794.42]]]]}},{"type":"Feature","properties":{"building":"house","height":3.2,"heightSource":"inferred"},"geometry":{"type":"MultiPolygon","coordinates":[[[[467162.94,1733799.29],[467172.32,1733796.55],[467169.05,1733786.11],[467159.68,1733789.23],[467162.94,1733799.29]]]]}},{"type":"Feature","properties":{"building":"house","height":3.2,"heightSource":"inferred"},"geometry":{"type":"MultiPolygon","coordinates":[[[[467237.84,1733792.46],[467231.22,1733797.56],[467237.29,1733805.46],[467243.93,1733800.17],[467237.84,1733792.46]]]]}},{"type":"Feature","properties":{"building":"yes","height":3.2,"heightSource":"inferred"},"geometry":{"type":"MultiPolygon","coordinates":[[[[467242.03,1733794.52],[467245.06,1733798.48],[467249.61,1733795.45],[467246.76,1733791.5],[467242.03,1733794.52]]]]}},{"type":"Feature","properties":{"building":"yes","height":3.2,"heightSource":"inferred"},"geometry":{"type":"MultiPolygon","coordinates":[[[[467198.99,1733803.63],[467190.08,1733806.66],[467192.94,1733817.39],[467201.85,1733814.75],[467198.99,1733803.63]]]]}},{"type":"Feature","properties":{"building":"house","height":3.2,"heightSource":"inferred"},"geometry":{"type":"MultiPolygon","coordinates":[[[[467174.54,1733809.32],[467165.25,1733812.16],[467168.49,1733822.14],[467177.39,1733819.12],[467174.54,1733809.32]]]]}},{"type":"Feature","properties":{"building":"house","height":3.2,"heightSource":"inferred"},"geometry":{"type":"MultiPolygon","coordinates":[[[[467158.44,1733826.68],[467155.01,1733815.57],[467146.29,1733818.03],[467150.29,1733829.33],[467158.44,1733826.68]]]]}},{"type":"Feature","properties":{"building":"house","height":3.2,"heightSource":"inferred"},"geometry":{"type":"MultiPolygon","coordinates":[[[[467145.74,1733829.15],[467143.26,1733820.67],[467137,1733822.18],[467139.3,1733830.48],[467145.74,1733829.15]]]]}},{"type":"Feature","properties":{"building":"house","height":3.2,"heightSource":"inferred"},"geometry":{"type":"MultiPolygon","coordinates":[[[[467100.43,1733839.39],[467110.48,1733838.06],[467108.95,1733828.45],[467099.09,1733829.78],[467100.43,1733839.39]]]]}},{"type":"Feature","properties":{"building":"house","height":3.2,"heightSource":"inferred"},"geometry":{"type":"MultiPolygon","coordinates":[[[[467076.18,1733847.9],[467085.46,1733844.69],[467082.22,1733835.08],[467072.74,1733838.31],[467076.18,1733847.9]]]]}},{"type":"Feature","properties":{"building":"house","height":3.2,"heightSource":"inferred"},"geometry":{"type":"MultiPolygon","coordinates":[[[[467135.28,1733805.42],[467152.34,1733801.62],[467149.67,1733792.59],[467141.33,1733794.86],[467140.95,1733792.6],[467132.8,1733794.68],[467135.28,1733805.42]]]]}},{"type":"Feature","properties":{"building":"house","height":3.2,"heightSource":"inferred"},"geometry":{"type":"MultiPolygon","coordinates":[[[[467116.32,1733810.53],[467125.42,1733808.26],[467122.75,1733797.9],[467113.46,1733800.36],[467116.32,1733810.53]]]]}},{"type":"Feature","properties":{"building":"house","height":3.2,"heightSource":"inferred"},"geometry":{"type":"MultiPolygon","coordinates":[[[[467137.88,1733767.54],[467128.01,1733770.75],[467130.02,1733778.19],[467140.36,1733775.45],[467137.88,1733767.54]]]]}},{"type":"Feature","properties":{"building":"house","height":3.2,"heightSource":"inferred"},"geometry":{"type":"MultiPolygon","coordinates":[[[[467135.79,1733766.4],[467133.88,1733758.69],[467124.18,1733761.34],[467126.31,1733769.06],[467135.79,1733766.4]]]]}},{"type":"Feature","properties":{"building":"house","height":3.2,"heightSource":"inferred"},"geometry":{"type":"MultiPolygon","coordinates":[[[[467124.57,1733746.63],[467133.86,1733743.8],[467130.62,1733731.93],[467121.33,1733734.58],[467124.57,1733746.63]]]]}},{"type":"Feature","properties":{"building":"house","height":3.2,"heightSource":"inferred"},"geometry":{"type":"MultiPolygon","coordinates":[[[[467120.78,1733748.91],[467116.77,1733734.4],[467108.06,1733737.06],[467112.26,1733751.17],[467120.78,1733748.91]]]]}},{"type":"Feature","properties":{"building":"yes","height":3.2,"heightSource":"inferred"},"geometry":{"type":"MultiPolygon","coordinates":[[[[467105.51,1733806.97],[467113.08,1733804.89],[467110.8,1733795.84],[467103.21,1733797.93],[467105.51,1733806.97]]]]}},{"type":"Feature","properties":{"building":"house","height":3.2,"heightSource":"inferred"},"geometry":{"type":"MultiPolygon","coordinates":[[[[467093.94,1733809.81],[467105.51,1733806.97],[467103.21,1733797.93],[467096.39,1733800.01],[467095.25,1733796.43],[467090.7,1733797.76],[467093.94,1733809.81]]]]}},{"type":"Feature","properties":{"building":"house","height":3.2,"heightSource":"inferred"},"geometry":{"type":"MultiPolygon","coordinates":[[[[467090.35,1733816.6],[467085.96,1733800.4],[467078.77,1733802.48],[467079.91,1733806.44],[467073.46,1733808.15],[467075.37,1733816.25],[467079.93,1733815.31],[467080.32,1733817.12],[467082.01,1733816.63],[467082.57,1733818.5],[467090.35,1733816.6]]]]}},{"type":"Feature","properties":{"building":"house","height":3.2,"heightSource":"inferred"},"geometry":{"type":"MultiPolygon","coordinates":[[[[467065.05,1733796.95],[467080.74,1733792.7],[467078.76,1733783.29],[467063.08,1733787.43],[467065.05,1733796.95]]]]}},{"type":"Feature","properties":{"building":"house","height":3.2,"heightSource":"inferred"},"geometry":{"type":"MultiPolygon","coordinates":[[[[466989.87,1733846.84],[467001.4,1733844.45],[466997.47,1733828],[466986.57,1733830.4],[466989.87,1733846.84]]]]}},{"type":"Feature","properties":{"building":"house","height":3.2,"heightSource":"inferred"},"geometry":{"type":"MultiPolygon","coordinates":[[[[467060.22,1733822.27],[467068.97,1733820.29],[467065.65,1733806.19],[467057.07,1733808.83],[467060.22,1733822.27]]]]}},{"type":"Feature","properties":{"building":"house","height":3.2,"heightSource":"inferred"},"geometry":{"type":"MultiPolygon","coordinates":[[[[467051.98,1733826.06],[467049.65,1733816.38],[467039.42,1733819.52],[467042.24,1733829.03],[467051.98,1733826.06]]]]}},{"type":"Feature","properties":{"building":"house","height":3.2,"heightSource":"inferred"},"geometry":{"type":"MultiPolygon","coordinates":[[[[467035.64,1733825.59],[467032.48,1733815.75],[467023.73,1733818.07],[467026.55,1733828.06],[467035.64,1733825.59]]]]}},{"type":"Feature","properties":{"building":"yes","height":3.2,"heightSource":"inferred"},"geometry":{"type":"MultiPolygon","coordinates":[[[[467012.35,1733827.1],[467019.95,1733825.29],[467018.62,1733818.56],[467010.69,1733820.38],[467012.35,1733827.1]]]]}},{"type":"Feature","properties":{"building":"yes","height":3.2,"heightSource":"inferred"},"geometry":{"type":"MultiPolygon","coordinates":[[[[467099.09,1733751.35],[467096.1,1733743.64],[467088.84,1733745.79],[467091.33,1733753.66],[467099.09,1733751.35]]]]}},{"type":"Feature","properties":{"building":"house","height":3.2,"heightSource":"inferred"},"geometry":{"type":"MultiPolygon","coordinates":[[[[467090.18,1733759.07],[467087.18,1733747.1],[467071.67,1733751.55],[467075.32,1733763.03],[467090.18,1733759.07]]]]}},{"type":"Feature","properties":{"building":"house","height":3.2,"heightSource":"inferred"},"geometry":{"type":"MultiPolygon","coordinates":[[[[467072.35,1733762.55],[467069.53,1733751.88],[467061.78,1733754.19],[467064.44,1733764.68],[467072.35,1733762.55]]]]}},{"type":"Feature","properties":{"building":"house","height":3.2,"heightSource":"inferred"},"geometry":{"type":"MultiPolygon","coordinates":[[[[467053.96,1733857.68],[467061.63,1733855.32],[467059.07,1733844.58],[467050.61,1733846.93],[467053.96,1733857.68]]]]}},{"type":"Feature","properties":{"building":"house","height":3.2,"heightSource":"inferred"},"geometry":{"type":"MultiPolygon","coordinates":[[[[467031.56,1733864.16],[467039.42,1733862.19],[467037.05,1733853.2],[467029.38,1733855.76],[467031.56,1733864.16]]]]}},{"type":"Feature","properties":{"building":"house","height":3.2,"heightSource":"inferred"},"geometry":{"type":"MultiPolygon","coordinates":[[[[467020.15,1733867.31],[467028.61,1733865.14],[467026.03,1733854.79],[467017.38,1733857.35],[467020.15,1733867.31]]]]}},{"type":"Feature","properties":{"building":"house","height":3.2,"heightSource":"inferred"},"geometry":{"type":"MultiPolygon","coordinates":[[[[467009.53,1733869.87],[467006.37,1733858.92],[466996.15,1733861.87],[466999.9,1733872.81],[467009.53,1733869.87]]]]}},{"type":"Feature","properties":{"building":"house","height":3.2,"heightSource":"inferred"},"geometry":{"type":"MultiPolygon","coordinates":[[[[466984.57,1733880.65],[466980.81,1733868.15],[466973.54,1733870.31],[466977.49,1733882.61],[466984.57,1733880.65]]]]}},{"type":"Feature","properties":{"building":"house","height":3.2,"heightSource":"inferred"},"geometry":{"type":"MultiPolygon","coordinates":[[[[466966.47,1733886.03],[466975.93,1733882.92],[466972.91,1733873.08],[466963,1733876.86],[466966.47,1733886.03]]]]}},{"type":"Feature","properties":{"building":"yes","height":3.2,"heightSource":"inferred"},"geometry":{"type":"MultiPolygon","coordinates":[[[[467003.22,1733882.77],[467005.11,1733888.63],[467012.91,1733886.19],[467011,1733880.11],[467003.22,1733882.77]]]]}},{"type":"Feature","properties":{"building":"house","height":3.2,"heightSource":"inferred"},"geometry":{"type":"MultiPolygon","coordinates":[[[[467050.61,1733755.01],[467053.75,1733764.37],[467062.33,1733761.23],[467059.35,1733751.89],[467050.61,1733755.01]]]]}},{"type":"Feature","properties":{"building":"house","height":3.2,"heightSource":"inferred"},"geometry":{"type":"MultiPolygon","coordinates":[[[[467041.71,1733767.82],[467051.77,1733765.02],[467048.79,1733753.54],[467038.72,1733756.51],[467041.71,1733767.82]]]]}},{"type":"Feature","properties":{"building":"house","height":3.2,"heightSource":"inferred"},"geometry":{"type":"MultiPolygon","coordinates":[[[[467026.03,1733771.95],[467034.94,1733769.97],[467032.12,1733758.81],[467023.54,1733761.29],[467026.03,1733771.95]]]]}},{"type":"Feature","properties":{"building":"house","height":3.2,"heightSource":"inferred"},"geometry":{"type":"MultiPolygon","coordinates":[[[[467015.48,1733783.95],[467026.71,1733780.81],[467023.55,1733768.02],[467012,1733770.99],[467015.48,1733783.95]]]]}},{"type":"Feature","properties":{"building":"house","height":3.2,"heightSource":"inferred"},"geometry":{"type":"MultiPolygon","coordinates":[[[[466989.88,1733772.5],[466994.36,1733788.9],[467006.25,1733785.43],[467001.26,1733768.87],[466989.88,1733772.5]]]]}},{"type":"Feature","properties":{"building":"house","height":3.2,"heightSource":"inferred"},"geometry":{"type":"MultiPolygon","coordinates":[[[[466975.78,1733838.14],[466979.26,1733851.26],[466988.02,1733849.45],[466984.52,1733835.99],[466975.78,1733838.14]]]]}},{"type":"Feature","properties":{"building":"house","height":3.2,"heightSource":"inferred"},"geometry":{"type":"MultiPolygon","coordinates":[[[[466973.96,1733835.35],[466981.22,1733833.7],[466979.22,1733824.03],[466971.63,1733825.68],[466973.96,1733835.35]]]]}},{"type":"Feature","properties":{"building":"house","height":3.2,"heightSource":"inferred"},"geometry":{"type":"MultiPolygon","coordinates":[[[[466950.69,1733838.01],[466962.23,1733833.9],[466959.25,1733825.21],[466947.71,1733829.48],[466950.69,1733838.01]]]]}},{"type":"Feature","properties":{"building":"house","height":3.2,"heightSource":"inferred"},"geometry":{"type":"MultiPolygon","coordinates":[[[[466964.88,1733835.53],[466953.5,1733838.83],[466956.32,1733847.52],[466967.7,1733844.06],[466964.88,1733835.53]]]]}},{"type":"Feature","properties":{"building":"house","height":3.2,"heightSource":"inferred"},"geometry":{"type":"MultiPolygon","coordinates":[[[[466981.15,1733785.63],[466987.26,1733783.49],[466984.77,1733775.46],[466978.49,1733777.59],[466981.15,1733785.63]]]]}},{"type":"Feature","properties":{"building":"house","height":3.2,"heightSource":"inferred"},"geometry":{"type":"MultiPolygon","coordinates":[[[[466972.08,1733790.9],[466980.33,1733788.25],[466977.35,1733778.75],[466969.26,1733781.23],[466972.08,1733790.9]]]]}},{"type":"Feature","properties":{"building":"house","height":3.2,"heightSource":"inferred"},"geometry":{"type":"MultiPolygon","coordinates":[[[[466970.26,1733790.9],[466967.44,1733781.06],[466959.86,1733783.53],[466962.68,1733793.7],[466970.26,1733790.9]]]]}},{"type":"Feature","properties":{"building":"house","height":3.2,"heightSource":"inferred"},"geometry":{"type":"MultiPolygon","coordinates":[[[[466946.01,1733798.32],[466955.08,1733795.51],[466952.93,1733786.17],[466943.02,1733788.81],[466946.01,1733798.32]]]]}},{"type":"Feature","properties":{"building":"yes","height":6.4,"heightSource":"inferred"},"geometry":{"type":"MultiPolygon","coordinates":[[[[466905.26,1733817.1],[466901.83,1733804.49],[466894.25,1733806],[466897.68,1733819],[466905.26,1733817.1]]]]}},{"type":"Feature","properties":{"building":"yes","height":6.4,"heightSource":"inferred"},"geometry":{"type":"MultiPolygon","coordinates":[[[[466887.63,1733823.17],[466896.17,1733820.89],[466893.11,1733810.15],[466885.15,1733812.62],[466887.63,1733823.17]]]]}},{"type":"Feature","properties":{"building":"yes","height":6,"heightSource":"default"},"geometry":{"type":"MultiPolygon","coordinates":[[[[466897.95,1733873.28],[466890.33,1733851.99],[466876.88,1733856.34],[466882.2,1733870.28],[466886.94,1733868.59],[466890.18,1733876.11],[466897.95,1733873.28]]]]}},{"type":"Feature","properties":{"building":"yes","height":6,"heightSource":"default"},"geometry":{"type":"MultiPolygon","coordinates":[[[[466911.01,1733854.23],[466908.9,1733843.49],[466901.7,1733845],[466904.18,1733855.36],[466911.01,1733854.23]]]]}},{"type":"Feature","properties":{"building":"yes","height":6,"heightSource":"default"},"geometry":{"type":"MultiPolygon","coordinates":[[[[466934.15,1733859.84],[466937.2,1733868.14],[466948.95,1733864.53],[466946.47,1733859.07],[466943.25,1733860.02],[466942.11,1733857.38],[466934.15,1733859.84]]]]}},{"type":"Feature","properties":{"building":"yes","height":6,"heightSource":"default"},"geometry":{"type":"MultiPolygon","coordinates":[[[[466915.93,1733847.24],[466917.45,1733854.97],[466925.6,1733853.45],[466924.45,1733845.53],[466915.93,1733847.24]]]]}},{"type":"Feature","properties":{"building":"yes","height":6,"heightSource":"default"},"geometry":{"type":"MultiPolygon","coordinates":[[[[466916.3,1733845.55],[466923.69,1733843.65],[466921.03,1733834.8],[466913.82,1733836.31],[466916.3,1733845.55]]]]}},{"type":"Feature","properties":{"building":"yes","height":6,"heightSource":"default"},"geometry":{"type":"MultiPolygon","coordinates":[[[[466887.09,1733841.06],[466884.99,1733833.35],[466876.46,1733835.62],[466878.75,1733843.72],[466887.09,1733841.06]]]]}},{"type":"Feature","properties":{"building":"yes","height":6,"heightSource":"default"},"geometry":{"type":"MultiPolygon","coordinates":[[[[466938.48,1733837.22],[466936,1733829.12],[466926.9,1733831.96],[466929,1733839.69],[466938.48,1733837.22]]]]}},{"type":"Feature","properties":{"building":"house","height":3.2,"heightSource":"inferred"},"geometry":{"type":"MultiPolygon","coordinates":[[[[466678.19,1733844.02],[466685.59,1733841.37],[466683.68,1733836.1],[466675.71,1733838.94],[466678.19,1733844.02]]]]}},{"type":"Feature","properties":{"building":"yes","height":6,"heightSource":"default"},"geometry":{"type":"MultiPolygon","coordinates":[[[[466673.83,1733848.93],[466667.74,1733831.03],[466659.78,1733834.06],[466666.64,1733851.76],[466673.83,1733848.93]]]]}},{"type":"Feature","properties":{"building":"house","height":3.2,"heightSource":"inferred"},"geometry":{"type":"MultiPolygon","coordinates":[[[[466643.68,1733846.9],[466648.63,1733857.07],[466657.72,1733853.47],[466652.97,1733843.3],[466643.68,1733846.9]]]]}},{"type":"Feature","properties":{"building":"house","height":3.2,"heightSource":"inferred"},"geometry":{"type":"MultiPolygon","coordinates":[[[[466669.25,1733820.85],[466677.58,1733818.4],[466675.1,1733809.92],[466666.77,1733812.37],[466669.25,1733820.85]]]]}},{"type":"Feature","properties":{"building":"yes","height":6,"heightSource":"default"},"geometry":{"type":"MultiPolygon","coordinates":[[[[466661.26,1733809.94],[466655.94,1733798.45],[466643.24,1733804.12],[466644.76,1733807.51],[466641.54,1733809.4],[466645.54,1733817.49],[466661.26,1733809.94]]]]}},{"type":"Feature","properties":{"building":"house","height":3.2,"heightSource":"inferred"},"geometry":{"type":"MultiPolygon","coordinates":[[[[466663.71,1733793.35],[466674.51,1733790.32],[466671.84,1733781.46],[466661.41,1733784.12],[466663.71,1733793.35]]]]}},{"type":"Feature","properties":{"building":"house","height":3.2,"heightSource":"inferred"},"geometry":{"type":"MultiPolygon","coordinates":[[[[466655.74,1733793.74],[466653.26,1733784.7],[466659.71,1733783.18],[466661.62,1733792.03],[466655.74,1733793.74]]]]}},{"type":"Feature","properties":{"building":"house","height":3.2,"heightSource":"inferred"},"geometry":{"type":"MultiPolygon","coordinates":[[[[466653.98,1733795.11],[466651.67,1733785.69],[466643.2,1733787.7],[466645.94,1733797.26],[466653.98,1733795.11]]]]}},{"type":"Feature","properties":{"building":"house","height":3.2,"heightSource":"inferred"},"geometry":{"type":"MultiPolygon","coordinates":[[[[466636.46,1733804.42],[466633.15,1733794.71],[466626.25,1733797.16],[466630.01,1733806.72],[466636.46,1733804.42]]]]}},{"type":"Feature","properties":{"building":"house","height":3.2,"heightSource":"inferred"},"geometry":{"type":"MultiPolygon","coordinates":[[[[466620.96,1733809.73],[466627.56,1733805.43],[466622.23,1733796.88],[466615.63,1733800.88],[466620.96,1733809.73]]]]}},{"type":"Feature","properties":{"building":"yes","height":6,"heightSource":"default"},"geometry":{"type":"MultiPolygon","coordinates":[[[[466603.18,1733769.39],[466600.79,1733760.19],[466578.65,1733766.82],[466581.67,1733775.76],[466603.18,1733769.39]]]]}},{"type":"Feature","properties":{"building":"yes","height":6,"heightSource":"default"},"geometry":{"type":"MultiPolygon","coordinates":[[[[466618.99,1733813.62],[466614.18,1733803.94],[466606.92,1733807.73],[466612.05,1733817.56],[466618.99,1733813.62]]]]}},{"type":"Feature","properties":{"building":"yes","height":6,"heightSource":"default"},"geometry":{"type":"MultiPolygon","coordinates":[[[[466608.25,1733814.62],[466604.27,1733804.45],[466598.17,1733806.92],[466602.48,1733816.75],[466608.25,1733814.62]]]]}},{"type":"Feature","properties":{"building":"yes","height":6,"heightSource":"default"},"geometry":{"type":"MultiPolygon","coordinates":[[[[466616.74,1733859.22],[466621.04,1733867.91],[466626.65,1733865.77],[466622.35,1733856.92],[466616.74,1733859.22]]]]}},{"type":"Feature","properties":{"building":"yes","height":6,"heightSource":"default"},"geometry":{"type":"MultiPolygon","coordinates":[[[[466573.48,1733849.11],[466578.44,1733856.66],[466590.15,1733849.59],[466584.86,1733842.05],[466573.48,1733849.11]]]]}},{"type":"Feature","properties":{"building":"house","height":3.2,"heightSource":"inferred"},"geometry":{"type":"MultiPolygon","coordinates":[[[[466557.11,1733833.4],[466551.3,1733818.96],[466543.55,1733821.44],[466549.68,1733836.19],[466557.11,1733833.4]]]]}},{"type":"Feature","properties":{"building":"yes","height":6,"heightSource":"default"},"geometry":{"type":"MultiPolygon","coordinates":[[[[466546.55,1733835.21],[466541.74,1733821.76],[466534.32,1733824.07],[466539.45,1733837.19],[466546.55,1733835.21]]]]}},{"type":"Feature","properties":{"building":"house","height":3.2,"heightSource":"inferred"},"geometry":{"type":"MultiPolygon","coordinates":[[[[466535.99,1733838.67],[466532.01,1733827.68],[466522.76,1733830.49],[466527.08,1733841.64],[466535.99,1733838.67]]]]}},{"type":"Feature","properties":{"building":"house","height":3.2,"heightSource":"inferred"},"geometry":{"type":"MultiPolygon","coordinates":[[[[466524.43,1733839.51],[466521.11,1733831.97],[466514.36,1733834.76],[466517.83,1733842.3],[466524.43,1733839.51]]]]}},{"type":"Feature","properties":{"building":"house","height":3.2,"heightSource":"inferred"},"geometry":{"type":"MultiPolygon","coordinates":[[[[466509.25,1733848.72],[466504.94,1733838.38],[466496.2,1733842.18],[466501.17,1733852.01],[466509.25,1733848.72]]]]}},{"type":"Feature","properties":{"building":"house","height":6,"heightSource":"default"},"geometry":{"type":"MultiPolygon","coordinates":[[[[466497.71,1733850.71],[466494.22,1733840.21],[466486.62,1733842.68],[466489.95,1733853.01],[466497.71,1733850.71]]]]}},{"type":"Feature","properties":{"building":"house","height":3.2,"heightSource":"inferred"},"geometry":{"type":"MultiPolygon","coordinates":[[[[466523.64,1733865.43],[466518.67,1733855.27],[466511.9,1733858.23],[466516.88,1733868.23],[466523.64,1733865.43]]]]}},{"type":"Feature","properties":{"building":"house","height":3.2,"heightSource":"inferred"},"geometry":{"type":"MultiPolygon","coordinates":[[[[466564.29,1733892.93],[466571.22,1733889.81],[466567.91,1733882.26],[466561.31,1733885.55],[466564.29,1733892.93]]]]}},{"type":"Feature","properties":{"building":"yes","height":6,"heightSource":"default"},"geometry":{"type":"MultiPolygon","coordinates":[[[[466538.85,1733876.56],[466544.14,1733881.64],[466553.29,1733873.33],[466556.32,1733870.57],[466558.97,1733868.17],[466553.02,1733863.26],[466538.85,1733876.56]]]]}},{"type":"Feature","properties":{"building":"house","height":3.2,"heightSource":"inferred"},"geometry":{"type":"MultiPolygon","coordinates":[[[[466537.39,1733893.3],[466541.86,1733902.65],[466549.28,1733899.02],[466544.98,1733889.68],[466537.39,1733893.3]]]]}},{"type":"Feature","properties":{"building":"house","height":3.2,"heightSource":"inferred"},"geometry":{"type":"MultiPolygon","coordinates":[[[[466532.28,1733905.29],[466540.03,1733901.67],[466534.24,1733886.58],[466527.8,1733889.21],[466530.95,1733896.1],[466528.64,1733896.6],[466532.28,1733905.29]]]]}},{"type":"Feature","properties":{"building":"house","height":3.2,"heightSource":"inferred"},"geometry":{"type":"MultiPolygon","coordinates":[[[[466512.47,1733902.85],[466515.95,1733911.22],[466518.93,1733909.9],[466519.58,1733911.86],[466524.7,1733909.24],[466519.73,1733899.23],[466512.47,1733902.85]]]]}},{"type":"Feature","properties":{"building":"house","height":3.2,"heightSource":"inferred"},"geometry":{"type":"MultiPolygon","coordinates":[[[[466511.52,1733904.55],[466505.53,1733906.81],[466508.91,1733914.63],[466514.79,1733912.14],[466511.52,1733904.55]]]]}},{"type":"Feature","properties":{"building":"yes","height":6,"heightSource":"default"},"geometry":{"type":"MultiPolygon","coordinates":[[[[466488.27,1733914.17],[466496.02,1733911.05],[466492.38,1733901.35],[466484.63,1733904.35],[466488.27,1733914.17]]]]}},{"type":"Feature","properties":{"building":"house","height":3.2,"heightSource":"inferred"},"geometry":{"type":"MultiPolygon","coordinates":[[[[466532.25,1733874.93],[466538.87,1733870.08],[466533.35,1733863],[466527.11,1733867.61],[466532.25,1733874.93]]]]}},{"type":"Feature","properties":{"building":"yes","height":6,"heightSource":"default"},"geometry":{"type":"MultiPolygon","coordinates":[[[[466553.29,1733873.33],[466557.65,1733878.01],[466561.15,1733875.01],[466556.32,1733870.57],[466553.29,1733873.33]]]]}},{"type":"Feature","properties":{"building":"yes","height":6,"heightSource":"default"},"geometry":{"type":"MultiPolygon","coordinates":[[[[466506.01,1733898.48],[466514.02,1733895.36],[466511.88,1733889.13],[466503.37,1733892.51],[466506.01,1733898.48]]]]}},{"type":"Feature","properties":{"building":"house","height":3.2,"heightSource":"inferred"},"geometry":{"type":"MultiPolygon","coordinates":[[[[466479.81,1733866.8],[466489.19,1733863.06],[466483.93,1733851.01],[466474.54,1733855],[466479.81,1733866.8]]]]}},{"type":"Feature","properties":{"building":"house","height":3.2,"heightSource":"inferred"},"geometry":{"type":"MultiPolygon","coordinates":[[[[466466.05,1733866.58],[466473.68,1733863.21],[466468.03,1733850.66],[466460.78,1733853.66],[466466.05,1733866.58]]]]}},{"type":"Feature","properties":{"building":"house","height":3.2,"heightSource":"inferred"},"geometry":{"type":"MultiPolygon","coordinates":[[[[466446.27,1733876.21],[466456.51,1733872.8],[466451.75,1733859.05],[466441.52,1733862.08],[466446.27,1733876.21]]]]}},{"type":"Feature","properties":{"building":"house","height":3.2,"heightSource":"inferred"},"geometry":{"type":"MultiPolygon","coordinates":[[[[466429.03,1733885.27],[466437.75,1733881.69],[466432.61,1733869.63],[466424.09,1733874.16],[466429.03,1733885.27]]]]}},{"type":"Feature","properties":{"building":"house","height":3.2,"heightSource":"inferred"},"geometry":{"type":"MultiPolygon","coordinates":[[[[466430.93,1733886.79],[466434.35,1733895.44],[466443.07,1733891.67],[466439.08,1733882.63],[466430.93,1733886.79]]]]}},{"type":"Feature","properties":{"building":"yes","height":6,"heightSource":"default"},"geometry":{"type":"MultiPolygon","coordinates":[[[[466449.32,1733883.55],[466458.99,1733880.52],[466457.08,1733874.12],[466447.22,1733877.34],[466449.32,1733883.55]]]]}},{"type":"Feature","properties":{"building":"house","height":3.2,"heightSource":"inferred"},"geometry":{"type":"MultiPolygon","coordinates":[[[[466451.81,1733899.19],[466462.42,1733894.65],[466459.18,1733886.18],[466448.39,1733890.9],[466451.81,1733899.19]]]]}},{"type":"Feature","properties":{"building":"house","height":3.2,"heightSource":"inferred"},"geometry":{"type":"MultiPolygon","coordinates":[[[[466458.65,1733912.56],[466467.75,1733908.97],[466463.56,1733897.86],[466455.79,1733901.26],[466457.31,1733904.64],[466455.42,1733905.59],[466458.65,1733912.56]]]]}},{"type":"Feature","properties":{"building":"house","height":3.2,"heightSource":"inferred"},"geometry":{"type":"MultiPolygon","coordinates":[[[[466386.77,1733905.13],[466395.3,1733901.92],[466392.44,1733894.19],[466389.98,1733894.76],[466386.74,1733886.29],[466370.63,1733892.34],[466375.01,1733903.45],[466384.86,1733899.29],[466386.77,1733905.13]]]]}},{"type":"Feature","properties":{"building":"yes","height":6,"heightSource":"default"},"geometry":{"type":"MultiPolygon","coordinates":[[[[466368.01,1733912.13],[466363.04,1733891.79],[466349.59,1733895.38],[466355.69,1733915.91],[466368.01,1733912.13]]]]}},{"type":"Feature","properties":{"building":"yes","height":6,"heightSource":"default"},"geometry":{"type":"MultiPolygon","coordinates":[[[[466428.36,1733944.26],[466436.32,1733940.11],[466427.38,1733924.67],[466419.62,1733929.01],[466428.36,1733944.26]]]]}},{"type":"Feature","properties":{"building":"yes","height":6,"heightSource":"default"},"geometry":{"type":"MultiPolygon","coordinates":[[[[466411.67,1733941.08],[466420,1733936.17],[466411.83,1733923.18],[466405.01,1733927.15],[466408.24,1733932.8],[466406.73,1733934.12],[466411.67,1733941.08]]]]}},{"type":"Feature","properties":{"building":"house","height":3.2,"heightSource":"inferred"},"geometry":{"type":"MultiPolygon","coordinates":[[[[466406,1733953.16],[466399.9,1733940.16],[466390.25,1733946.01],[466396.52,1733957.7],[466406,1733953.16]]]]}},{"type":"Feature","properties":{"building":"yes","height":6,"heightSource":"default"},"geometry":{"type":"MultiPolygon","coordinates":[[[[466420.18,1733924.49],[466427.19,1733921.66],[466422.82,1733912.62],[466416,1733915.82],[466420.18,1733924.49]]]]}},{"type":"Feature","properties":{"building":"house","height":3.2,"heightSource":"inferred"},"geometry":{"type":"MultiPolygon","coordinates":[[[[466338.72,1733975.87],[466347.81,1733971.71],[466343.06,1733962.49],[466334.72,1733966.64],[466338.72,1733975.87]]]]}},{"type":"Feature","properties":{"building":"house","height":3.2,"heightSource":"inferred"},"geometry":{"type":"MultiPolygon","coordinates":[[[[466326.11,1733915.77],[466334.07,1733912.75],[466329.88,1733901.82],[466322.11,1733905.79],[466326.11,1733915.77]]]]}},{"type":"Feature","properties":{"building":"house","height":3.2,"heightSource":"inferred"},"geometry":{"type":"MultiPolygon","coordinates":[[[[466335.05,1733938.94],[466343.39,1733935.72],[466339.58,1733926.49],[466331.82,1733929.52],[466335.05,1733938.94]]]]}},{"type":"Feature","properties":{"building":"house","height":3.2,"heightSource":"inferred"},"geometry":{"type":"MultiPolygon","coordinates":[[[[466314.17,1733923.33],[466322.7,1733919.92],[466318.51,1733909.19],[466310.36,1733912.59],[466314.17,1733923.33]]]]}},{"type":"Feature","properties":{"building":"house","height":3.2,"heightSource":"inferred"},"geometry":{"type":"MultiPolygon","coordinates":[[[[466301,1733991.56],[466294.71,1733973.68],[466283.92,1733977.46],[466288.29,1733988.01],[466291.7,1733987.24],[466292.84,1733990.26],[466295.69,1733989.31],[466296.83,1733992.71],[466301,1733991.56]]]]}},{"type":"Feature","properties":{"building":"yes","height":6,"heightSource":"default"},"geometry":{"type":"MultiPolygon","coordinates":[[[[466309.27,1733944.25],[466314.79,1733954.42],[466307.97,1733958.2],[466302.64,1733947.85],[466309.27,1733944.25]]]]}},{"type":"Feature","properties":{"building":"house","height":3.2,"heightSource":"inferred"},"geometry":{"type":"MultiPolygon","coordinates":[[[[466281.43,1733968.61],[466291.67,1733965.76],[466289.76,1733958.61],[466279.14,1733961.25],[466281.43,1733968.61]]]]}},{"type":"Feature","properties":{"building":"house","height":3.2,"heightSource":"inferred"},"geometry":{"type":"MultiPolygon","coordinates":[[[[466328.67,1733980.41],[466336.25,1733977],[466331.88,1733968.72],[466324.67,1733972.12],[466328.67,1733980.41]]]]}},{"type":"Feature","properties":{"building":"yes","height":6,"heightSource":"default"},"geometry":{"type":"MultiPolygon","coordinates":[[[[466303.36,1733919.95],[466298.98,1733912.99],[466293.49,1733916],[466297.86,1733923.17],[466303.36,1733919.95]]]]}},{"type":"Feature","properties":{"building":"yes","height":6,"heightSource":"default"},"geometry":{"type":"MultiPolygon","coordinates":[[[[466334.3,1733940.44],[466331.63,1733934.04],[466324.43,1733936.12],[466327.48,1733942.35],[466334.3,1733940.44]]]]}},{"type":"Feature","properties":{"building":"house","height":3.2,"heightSource":"inferred"},"geometry":{"type":"MultiPolygon","coordinates":[[[[466287.26,1733931.65],[466282.5,1733919.23],[466291.22,1733915.63],[466295.78,1733928.63],[466287.26,1733931.65]]]]}},{"type":"Feature","properties":{"building":"house","height":3.2,"heightSource":"inferred"},"geometry":{"type":"MultiPolygon","coordinates":[[[[466279.9,1733959.75],[466278.19,1733952.6],[466286.72,1733950.32],[466288.25,1733957.48],[466279.9,1733959.75]]]]}},{"type":"Feature","properties":{"building":"yes","height":6,"heightSource":"default"},"geometry":{"type":"MultiPolygon","coordinates":[[[[466299.63,1733964.62],[466296.39,1733955.95],[466291.66,1733957.29],[466294.89,1733965.94],[466299.63,1733964.62]]]]}},{"type":"Feature","properties":{"building":"house","height":3.2,"heightSource":"inferred"},"geometry":{"type":"MultiPolygon","coordinates":[[[[466285.18,1733941.83],[466292.39,1733939],[466289.53,1733932.41],[466282.33,1733935.25],[466285.18,1733941.83]]]]}},{"type":"Feature","properties":{"building":"house","height":3.2,"heightSource":"inferred"},"geometry":{"type":"MultiPolygon","coordinates":[[[[466271.73,1733948.83],[466280.82,1733945.24],[466277.97,1733936.96],[466268.88,1733940.73],[466271.73,1733948.83]]]]}},{"type":"Feature","properties":{"building":"house","height":3.2,"heightSource":"inferred"},"geometry":{"type":"MultiPolygon","coordinates":[[[[466273.98,1733935.82],[466281.37,1733931.86],[466277.39,1733923.76],[466270,1733927.73],[466273.98,1733935.82]]]]}},{"type":"Feature","properties":{"building":"house","height":3.2,"heightSource":"inferred"},"geometry":{"type":"MultiPolygon","coordinates":[[[[466272.48,1733936.96],[466267.34,1733927.17],[466261.84,1733928.87],[466266.79,1733939.04],[466272.48,1733936.96]]]]}},{"type":"Feature","properties":{"building":"yes","height":6,"heightSource":"default"},"geometry":{"type":"MultiPolygon","coordinates":[[[[466953.62,1733925.61],[466967.56,1733920.18],[466963.41,1733911.52],[466950.35,1733916.53],[466953.62,1733925.61]]]]}},{"type":"Feature","properties":{"building":"yes","height":6,"heightSource":"default"},"geometry":{"type":"MultiPolygon","coordinates":[[[[466924.22,1733924.79],[466933.58,1733920.88],[466925.71,1733901.41],[466916.13,1733905.53],[466924.22,1733924.79]]]]}},{"type":"Feature","properties":{"building":"yes","height":6,"heightSource":"default"},"geometry":{"type":"MultiPolygon","coordinates":[[[[466763.93,1734050.56],[466785.26,1734044.28],[466785.27,1734045.97],[466797.54,1734042.36],[466797.19,1734041.14],[466805.63,1734038.65],[466801.68,1734025.4],[466767.93,1734035.34],[466769.04,1734039.08],[466761.19,1734041.39],[466763.93,1734050.56]]]]}},{"type":"Feature","properties":{"building":"yes","height":6,"heightSource":"default"},"geometry":{"type":"MultiPolygon","coordinates":[[[[466786.56,1734049.53],[466788.69,1734056.91],[466805.89,1734052.02],[466803.76,1734044.63],[466786.56,1734049.53]]]]}},{"type":"Feature","properties":{"building":"yes","height":6,"heightSource":"default"},"geometry":{"type":"MultiPolygon","coordinates":[[[[466695.74,1734043.71],[466698.34,1734054.71],[466718.92,1734049.92],[466716.31,1734038.9],[466695.74,1734043.71]]]]}},{"type":"Feature","properties":{"building":"yes","height":6,"heightSource":"default"},"geometry":{"type":"MultiPolygon","coordinates":[[[[466692.2,1734027.04],[466715.51,1734021.38],[466713.01,1734011.21],[466708.83,1734012.22],[466707.64,1734007.31],[466701.66,1734008.77],[466700.79,1734005.21],[466694.96,1734006.62],[466696.12,1734011.39],[466692.11,1734012.36],[466693.02,1734016.11],[466689.71,1734016.92],[466692.2,1734027.04]]]]}},{"type":"Feature","properties":{"building":"yes","height":6,"heightSource":"default"},"geometry":{"type":"MultiPolygon","coordinates":[[[[466722,1733989.5],[466726.97,1734007.32],[466734.44,1734005.26],[466729.46,1733987.45],[466722,1733989.5]]]]}},{"type":"Feature","properties":{"building":"yes","height":6,"heightSource":"default"},"geometry":{"type":"MultiPolygon","coordinates":[[[[466778.77,1734060.86],[466763.94,1734064.51],[466766.32,1734074.06],[466773.6,1734072.26],[466774.28,1734075],[466781.83,1734073.14],[466778.77,1734060.86]]]]}},{"type":"Feature","properties":{"building":"yes","height":6,"heightSource":"default"},"geometry":{"type":"MultiPolygon","coordinates":[[[[466684.95,1733934.46],[466703.68,1733926.86],[466699.75,1733917.34],[466681.46,1733925.17],[466684.95,1733934.46]]]]}},{"type":"Feature","properties":{"building":"yes","height":6,"heightSource":"default"},"geometry":{"type":"MultiPolygon","coordinates":[[[[466636.21,1733965.5],[466632.7,1733945.37],[466642.06,1733944.06],[466645.57,1733963.74],[466636.21,1733965.5]]]]}},{"type":"Feature","properties":{"building":"yes","height":6,"heightSource":"default"},"geometry":{"type":"MultiPolygon","coordinates":[[[[466630.33,1733962.45],[466626.36,1733944.4],[466621.44,1733945.47],[466622.66,1733951.04],[466612.07,1733953.34],[466613.63,1733960.46],[466620.9,1733958.89],[466622.07,1733964.24],[466630.33,1733962.45]]]]}},{"type":"Feature","properties":{"building":"yes","height":6,"heightSource":"default"},"geometry":{"type":"MultiPolygon","coordinates":[[[[466602.87,1733952.78],[466598.45,1733942.91],[466593.15,1733945.25],[466597.57,1733955.12],[466602.87,1733952.78]]]]}},{"type":"Feature","properties":{"building":"house","height":3.2,"heightSource":"inferred"},"geometry":{"type":"MultiPolygon","coordinates":[[[[466584.57,1733962.11],[466593.94,1733957.76],[466588.47,1733946.52],[466578.9,1733951.08],[466584.57,1733962.11]]]]}},{"type":"Feature","properties":{"building":"yes","height":6,"heightSource":"default"},"geometry":{"type":"MultiPolygon","coordinates":[[[[466577.41,1733979.65],[466569.77,1733963.63],[466562.38,1733967.12],[466570.01,1733983.14],[466577.41,1733979.65]]]]}},{"type":"Feature","properties":{"building":"house","height":3.2,"heightSource":"inferred"},"geometry":{"type":"MultiPolygon","coordinates":[[[[466618.47,1733900.36],[466627.4,1733897.32],[466623.9,1733886.93],[466615.19,1733890.19],[466618.47,1733900.36]]]]}},{"type":"Feature","properties":{"building":"house","height":3.2,"heightSource":"inferred"},"geometry":{"type":"MultiPolygon","coordinates":[[[[466611.59,1733904.84],[466606.44,1733891.2],[466599.87,1733893.65],[466600.71,1733895.88],[466596.8,1733897.35],[466598.86,1733902.79],[466602.06,1733901.6],[466604.31,1733907.56],[466611.59,1733904.84]]]]}},{"type":"Feature","properties":{"building":"house","height":3.2,"heightSource":"inferred"},"geometry":{"type":"MultiPolygon","coordinates":[[[[466592.42,1733929.13],[466586.33,1733917.29],[466573.45,1733923.82],[466579.54,1733935.68],[466592.42,1733929.13]]]]}},{"type":"Feature","properties":{"building":"house","height":3.2,"heightSource":"inferred"},"geometry":{"type":"MultiPolygon","coordinates":[[[[466569.49,1733918.62],[466579.06,1733914.28],[466575.56,1733904.54],[466565.99,1733908.89],[466569.49,1733918.62]]]]}},{"type":"Feature","properties":{"building":"house","height":3.2,"heightSource":"inferred"},"geometry":{"type":"MultiPolygon","coordinates":[[[[466558.17,1733923.18],[466566.43,1733919.93],[466563.38,1733911.92],[466555.1,1733915.4],[466558.17,1733923.18]]]]}},{"type":"Feature","properties":{"building":"house","height":3.2,"heightSource":"inferred"},"geometry":{"type":"MultiPolygon","coordinates":[[[[466543.47,1733924.95],[466552.67,1733921.44],[466549.44,1733913.08],[466540.23,1733916.6],[466543.47,1733924.95]]]]}},{"type":"Feature","properties":{"building":"yes","height":6,"heightSource":"default"},"geometry":{"type":"MultiPolygon","coordinates":[[[[466568.62,1733984.22],[466561.11,1733968.61],[466553.46,1733971.87],[466561.14,1733988.05],[466568.62,1733984.22]]]]}},{"type":"Feature","properties":{"building":"house","height":3.2,"heightSource":"inferred"},"geometry":{"type":"MultiPolygon","coordinates":[[[[466520.89,1734002.39],[466531.25,1733998.66],[466528.37,1733990.76],[466518.01,1733994.49],[466520.89,1734002.39]]]]}},{"type":"Feature","properties":{"building":"yes","height":6,"heightSource":"default"},"geometry":{"type":"MultiPolygon","coordinates":[[[[466513,1733974.23],[466528.31,1733966.94],[466524.58,1733959.21],[466509.28,1733966.5],[466513,1733974.23]]]]}},{"type":"Feature","properties":{"building":"house","height":3.2,"heightSource":"inferred"},"geometry":{"type":"MultiPolygon","coordinates":[[[[466497.23,1733937.27],[466500.89,1733947.37],[466509.71,1733944.49],[466505.86,1733934.21],[466497.23,1733937.27]]]]}},{"type":"Feature","properties":{"building":"house","height":3.2,"heightSource":"inferred"},"geometry":{"type":"MultiPolygon","coordinates":[[[[466517.51,1733944.87],[466526.44,1733939.97],[466521.28,1733930.68],[466512.35,1733935.58],[466517.51,1733944.87]]]]}},{"type":"Feature","properties":{"building":"yes","height":6,"heightSource":"default"},"geometry":{"type":"MultiPolygon","coordinates":[[[[466538.45,1734135.23],[466549.3,1734166.86],[466565.18,1734161.47],[466554.34,1734129.85],[466538.45,1734135.23]]]]}},{"type":"Feature","properties":{"building":"house","height":3.2,"heightSource":"inferred"},"geometry":{"type":"MultiPolygon","coordinates":[[[[466595.75,1734201.78],[466604.58,1734197.43],[466603.12,1734194.51],[466611.13,1734190.57],[466607.79,1734183.88],[466590.96,1734192.16],[466595.75,1734201.78]]]]}},{"type":"Feature","properties":{"building":"yes","height":6,"heightSource":"default"},"geometry":{"type":"MultiPolygon","coordinates":[[[[466703.14,1734142.74],[466710.1,1734138.96],[466706.3,1734131.42],[466699.09,1734135.2],[466703.14,1734142.74]]]]}},{"type":"Feature","properties":{"building":"yes","height":6,"heightSource":"default"},"geometry":{"type":"MultiPolygon","coordinates":[[[[466696.37,1734088.95],[466705.51,1734110.05],[466714.22,1734107.15],[466705.34,1734085.54],[466696.37,1734088.95]]]]}},{"type":"Feature","properties":{"building":"yes","height":6,"heightSource":"default"},"geometry":{"type":"MultiPolygon","coordinates":[[[[466423.12,1734521.46],[466442.48,1734506.33],[466434.75,1734497.15],[466415.84,1734512.07],[466423.12,1734521.46]]]]}},{"type":"Feature","properties":{"building":"yes","height":6,"heightSource":"default"},"geometry":{"type":"MultiPolygon","coordinates":[[[[466461.83,1734543.65],[466443.05,1734553.91],[466447.95,1734562.78],[466451.83,1734560.66],[466453.04,1734562.89],[466463.7,1734557.07],[466463.03,1734554.23],[466466.6,1734552.28],[466461.83,1734543.65]]]]}},{"type":"Feature","properties":{"building":"yes","height":6,"heightSource":"default"},"geometry":{"type":"MultiPolygon","coordinates":[[[[466436.44,1734446.82],[466441.07,1734453.38],[466434.92,1734456.89],[466430.06,1734450.99],[466436.44,1734446.82]]]]}},{"type":"Feature","properties":{"building":"grandstand","height":6,"heightSource":"default"},"geometry":{"type":"MultiPolygon","coordinates":[[[[465133.63,1734447.37],[465143.09,1734443.42],[465128.5,1734404.04],[465118.38,1734408.88],[465133.63,1734447.37]]]]}},{"type":"Feature","properties":{"building":"yes","height":6,"heightSource":"default"},"geometry":{"type":"MultiPolygon","coordinates":[[[[465264.88,1734450.01],[465273.46,1734447.59],[465268.59,1734430.97],[465259.57,1734434.26],[465264.88,1734450.01]]]]}},{"type":"Feature","properties":{"building":"yes","height":6,"heightSource":"default"},"geometry":{"type":"MultiPolygon","coordinates":[[[[465258.01,1734420.92],[465264.17,1734418.72],[465261.07,1734409.96],[465255.35,1734412.38],[465258.01,1734420.92]]]]}},{"type":"Feature","properties":{"building":"yes","height":6,"heightSource":"default"},"geometry":{"type":"MultiPolygon","coordinates":[[[[465238.6,1734376.86],[465245.47,1734374.57],[465242.47,1734365.66],[465235.6,1734367.95],[465238.6,1734376.86]]]]}},{"type":"Feature","properties":{"building":"yes","height":6,"heightSource":"default"},"geometry":{"type":"MultiPolygon","coordinates":[[[[465309.97,1734577.57],[465302.12,1734580.16],[465307.02,1734594.86],[465314.88,1734592.27],[465309.97,1734577.57]]]]}},{"type":"Feature","properties":{"building":"yes","height":6,"heightSource":"default"},"geometry":{"type":"MultiPolygon","coordinates":[[[[465326.65,1734584.99],[465321.7,1734568.88],[465310.08,1734572.41],[465315.04,1734588.52],[465326.65,1734584.99]]]]}},{"type":"Feature","properties":{"building":"yes","height":6,"heightSource":"default"},"geometry":{"type":"MultiPolygon","coordinates":[[[[465326.34,1734578.72],[465334.53,1734576.27],[465332.32,1734568.96],[465324.13,1734571.41],[465326.34,1734578.72]]]]}},{"type":"Feature","properties":{"building":"yes","height":6,"heightSource":"default"},"geometry":{"type":"MultiPolygon","coordinates":[[[[465275.64,1734559.56],[465305.58,1734551.69],[465301.36,1734535.86],[465277.08,1734542.24],[465278.5,1734547.6],[465272.85,1734549.08],[465275.64,1734559.56]]]]}},{"type":"Feature","properties":{"building":"yes","height":6,"heightSource":"default"},"geometry":{"type":"MultiPolygon","coordinates":[[[[465318.6,1734595.51],[465320.84,1734603.53],[465329.38,1734601.19],[465327.14,1734593.16],[465318.6,1734595.51]]]]}},{"type":"Feature","properties":{"building":"yes","height":6,"heightSource":"default"},"geometry":{"type":"MultiPolygon","coordinates":[[[[465351.78,1734583.89],[465348,1734569.87],[465339.51,1734572.14],[465343.31,1734586.14],[465351.78,1734583.89]]]]}},{"type":"Feature","properties":{"building":"yes","height":6,"heightSource":"default"},"geometry":{"type":"MultiPolygon","coordinates":[[[[465367.52,1734564.33],[465364.27,1734552.91],[465357.18,1734554.9],[465360.43,1734566.32],[465367.52,1734564.33]]]]}},{"type":"Feature","properties":{"building":"yes","height":6,"heightSource":"default"},"geometry":{"type":"MultiPolygon","coordinates":[[[[465333.97,1734593.89],[465336.31,1734600.96],[465344.59,1734598.49],[465341.96,1734590.7],[465333.97,1734593.89]]]]}},{"type":"Feature","properties":{"building":"yes","height":6,"heightSource":"default"},"geometry":{"type":"MultiPolygon","coordinates":[[[[465345,1734596.94],[465363.45,1734592.21],[465360.6,1734581.28],[465353.1,1734583.21],[465354.84,1734589.93],[465346.58,1734592.05],[465345.54,1734588.04],[465342.87,1734588.72],[465345,1734596.94]]]]}},{"type":"Feature","properties":{"building":"yes","height":6,"heightSource":"default"},"geometry":{"type":"MultiPolygon","coordinates":[[[[465418.27,1734547.64],[465415.08,1734538.25],[465406.38,1734541.17],[465409.57,1734550.56],[465418.27,1734547.64]]]]}},{"type":"Feature","properties":{"building":"house","height":3.2,"heightSource":"inferred"},"geometry":{"type":"MultiPolygon","coordinates":[[[[465421.82,1734545.94],[465430.54,1734542.67],[465427.37,1734534.25],[465418.62,1734537.49],[465421.82,1734545.94]]]]}},{"type":"Feature","properties":{"building":"house","height":3.2,"heightSource":"inferred"},"geometry":{"type":"MultiPolygon","coordinates":[[[[465431.54,1734544.94],[465432.3,1734544.65],[465441.19,1734541.22],[465441.92,1734540.94],[465437.75,1734530.25],[465427.37,1734534.25],[465431.11,1734543.85],[465431.54,1734544.94]]]]}},{"type":"Feature","properties":{"building":"yes","height":6,"heightSource":"default"},"geometry":{"type":"MultiPolygon","coordinates":[[[[465422.75,1734546.96],[465425.52,1734554.17],[465426.32,1734553.74],[465427.41,1734556.69],[465435.76,1734553.44],[465435.16,1734551.9],[465432.3,1734544.65],[465431.54,1734544.94],[465430.54,1734542.67],[465421.82,1734545.94],[465422.75,1734546.96]]]]}},{"type":"Feature","properties":{"building":"yes","height":6,"heightSource":"default"},"geometry":{"type":"MultiPolygon","coordinates":[[[[465435.16,1734551.9],[465443.97,1734548.44],[465441.19,1734541.22],[465432.3,1734544.65],[465435.16,1734551.9]]]]}},{"type":"Feature","properties":{"building":"yes","height":6,"heightSource":"default"},"geometry":{"type":"MultiPolygon","coordinates":[[[[465358.95,1734573.78],[465368.42,1734571.36],[465366.65,1734566.11],[465357.63,1734568.54],[465358.95,1734573.78]]]]}},{"type":"Feature","properties":{"building":"yes","height":6,"heightSource":"default"},"geometry":{"type":"MultiPolygon","coordinates":[[[[465432.95,1734575.64],[465438.67,1734573.88],[465437.13,1734568.19],[465431.4,1734570.17],[465432.95,1734575.64]]]]}},{"type":"Feature","properties":{"building":"house","height":3.2,"heightSource":"inferred"},"geometry":{"type":"MultiPolygon","coordinates":[[[[465314.1,1734524.47],[465319.92,1734542.78],[465328.46,1734540.1],[465322.63,1734521.79],[465314.1,1734524.47]]]]}},{"type":"Feature","properties":{"building":"house","height":3.2,"heightSource":"inferred"},"geometry":{"type":"MultiPolygon","coordinates":[[[[465369.82,1734530.62],[465378.88,1734527.13],[465375.19,1734517.67],[465366.13,1734521.15],[465369.82,1734530.62]]]]}},{"type":"Feature","properties":{"building":"house","height":3.2,"heightSource":"inferred"},"geometry":{"type":"MultiPolygon","coordinates":[[[[465381.33,1734530.47],[465389.75,1734527.68],[465384.48,1734511.89],[465376.05,1734514.67],[465381.33,1734530.47]]]]}},{"type":"Feature","properties":{"building":"house","height":3.2,"heightSource":"inferred"},"geometry":{"type":"MultiPolygon","coordinates":[[[[465409.38,1734517.72],[465420.53,1734514.26],[465417.25,1734503.79],[465406.11,1734507.25],[465409.38,1734517.72]]]]}},{"type":"Feature","properties":{"building":"house","height":3.2,"heightSource":"inferred"},"geometry":{"type":"MultiPolygon","coordinates":[[[[465475.92,1734530.47],[465485.08,1734526.86],[465481.21,1734517.16],[465472.04,1734520.76],[465475.92,1734530.47]]]]}},{"type":"Feature","properties":{"building":"house","height":3.2,"heightSource":"inferred"},"geometry":{"type":"MultiPolygon","coordinates":[[[[465489.47,1734524.12],[465498.71,1734520.61],[465494.95,1734511.64],[465486.15,1734514.94],[465489.47,1734524.12]]]]}},{"type":"Feature","properties":{"building":"house","height":3.2,"heightSource":"inferred"},"geometry":{"type":"MultiPolygon","coordinates":[[[[465508.4,1734518.19],[465517.86,1734514.67],[465514.32,1734504.17],[465504.86,1734508.13],[465508.4,1734518.19]]]]}},{"type":"Feature","properties":{"building":"house","height":3.2,"heightSource":"inferred"},"geometry":{"type":"MultiPolygon","coordinates":[[[[465529.28,1734518.01],[465541.36,1734513.75],[465539.47,1734508.43],[465537.07,1734509.27],[465533.96,1734500.56],[465524.28,1734503.97],[465529.28,1734518.01]]]]}},{"type":"Feature","properties":{"building":"yes","height":6,"heightSource":"default"},"geometry":{"type":"MultiPolygon","coordinates":[[[[465557.09,1734532.99],[465566.77,1734528.82],[465564.34,1734521.17],[465553.99,1734525.12],[465557.09,1734532.99]]]]}},{"type":"Feature","properties":{"building":"yes","height":6,"heightSource":"default"},"geometry":{"type":"MultiPolygon","coordinates":[[[[465552.88,1734520.75],[465562.75,1734515.98],[465558.62,1734507.54],[465548.74,1734512.31],[465552.88,1734520.75]]]]}},{"type":"Feature","properties":{"building":"house","height":3.2,"heightSource":"inferred"},"geometry":{"type":"MultiPolygon","coordinates":[[[[465548.23,1734500.62],[465557.69,1734497.32],[465553.05,1734485.73],[465543.81,1734489.24],[465548.23,1734500.62]]]]}},{"type":"Feature","properties":{"building":"house","height":3.2,"heightSource":"inferred"},"geometry":{"type":"MultiPolygon","coordinates":[[[[465393.88,1734485.66],[465409.38,1734480.76],[465405.76,1734469.46],[465401.19,1734470.92],[465400.39,1734468.44],[465389.47,1734471.9],[465393.88,1734485.66]]]]}},{"type":"Feature","properties":{"building":"house","height":3.2,"heightSource":"inferred"},"geometry":{"type":"MultiPolygon","coordinates":[[[[465415.15,1734455.95],[465410.28,1734440.21],[465401.04,1734443.07],[465405.91,1734458.6],[465415.15,1734455.95]]]]}},{"type":"Feature","properties":{"building":"house","height":3.2,"heightSource":"inferred"},"geometry":{"type":"MultiPolygon","coordinates":[[[[465422.02,1734466.68],[465418.68,1734456.36],[465407.12,1734460.06],[465409.53,1734467.49],[465415.52,1734465.57],[465416.46,1734468.46],[465422.02,1734466.68]]]]}},{"type":"Feature","properties":{"building":"house","height":3.2,"heightSource":"inferred"},"geometry":{"type":"MultiPolygon","coordinates":[[[[465430.21,1734513.06],[465438.51,1734510.54],[465435.94,1734502.2],[465427.63,1734504.74],[465430.21,1734513.06]]]]}},{"type":"Feature","properties":{"building":"house","height":3.2,"heightSource":"inferred"},"geometry":{"type":"MultiPolygon","coordinates":[[[[465429.17,1734487.6],[465437.14,1734484.07],[465431.37,1734471.23],[465423.4,1734474.76],[465429.17,1734487.6]]]]}},{"type":"Feature","properties":{"building":"house","height":3.2,"heightSource":"inferred"},"geometry":{"type":"MultiPolygon","coordinates":[[[[465461.5,1734503.07],[465471.04,1734499.51],[465467.92,1734491.25],[465458.37,1734494.81],[465461.5,1734503.07]]]]}},{"type":"Feature","properties":{"building":"house","height":3.2,"heightSource":"inferred"},"geometry":{"type":"MultiPolygon","coordinates":[[[[465471.44,1734496.97],[465479.87,1734494.36],[465477.09,1734486.13],[465468.52,1734489.32],[465471.44,1734496.97]]]]}},{"type":"Feature","properties":{"building":"house","height":3.2,"heightSource":"inferred"},"geometry":{"type":"MultiPolygon","coordinates":[[[[465483.96,1734491.84],[465492.81,1734488.93],[465488.44,1734475.8],[465479.59,1734478.71],[465483.96,1734491.84]]]]}},{"type":"Feature","properties":{"building":"house","height":3.2,"heightSource":"inferred"},"geometry":{"type":"MultiPolygon","coordinates":[[[[465499.61,1734490.43],[465509.91,1734486.95],[465506.7,1734475.85],[465496.26,1734479.47],[465499.61,1734490.43]]]]}},{"type":"Feature","properties":{"building":"house","height":3.2,"heightSource":"inferred"},"geometry":{"type":"MultiPolygon","coordinates":[[[[465517.17,1734481.59],[465526.46,1734478.26],[465522.09,1734467.02],[465513.09,1734470.49],[465517.17,1734481.59]]]]}},{"type":"Feature","properties":{"building":"house","height":3.2,"heightSource":"inferred"},"geometry":{"type":"MultiPolygon","coordinates":[[[[465539.81,1734473.34],[465549.4,1734470.3],[465546.48,1734460.92],[465536.89,1734464.25],[465539.81,1734473.34]]]]}},{"type":"Feature","properties":{"building":"house","height":3.2,"heightSource":"inferred"},"geometry":{"type":"MultiPolygon","coordinates":[[[[465433.07,1734461.39],[465443.17,1734458.37],[465440.13,1734448.82],[465430.53,1734451.59],[465433.07,1734461.39]]]]}},{"type":"Feature","properties":{"building":"house","height":3.2,"heightSource":"inferred"},"geometry":{"type":"MultiPolygon","coordinates":[[[[465528.58,1734447.54],[465538.41,1734443.21],[465535.17,1734435.92],[465525.33,1734440.25],[465528.58,1734447.54]]]]}},{"type":"Feature","properties":{"building":"house","height":3.2,"heightSource":"inferred"},"geometry":{"type":"MultiPolygon","coordinates":[[[[465498.35,1734444.09],[465496.2,1734434.49],[465484.69,1734437.03],[465486.82,1734446.63],[465498.35,1734444.09]]]]}},{"type":"Feature","properties":{"building":"house","height":6.4,"heightSource":"inferred"},"geometry":{"type":"MultiPolygon","coordinates":[[[[465467.71,1734353.29],[465476.29,1734350.43],[465475.65,1734348.51],[465480.53,1734346.88],[465479.23,1734343.02],[465487.95,1734340.11],[465485.95,1734334.23],[465477.17,1734337.17],[465475.23,1734331.43],[465461.83,1734335.91],[465467.71,1734353.29]]]]}},{"type":"Feature","properties":{"building":"yes","height":6,"heightSource":"default"},"geometry":{"type":"MultiPolygon","coordinates":[[[[465461.59,1734333.86],[465468.33,1734331.42],[465465.88,1734325],[465459.13,1734327.43],[465461.59,1734333.86]]]]}},{"type":"Feature","properties":{"building":"house","height":3.2,"heightSource":"inferred"},"geometry":{"type":"MultiPolygon","coordinates":[[[[465541.08,1734326.72],[465552.67,1734323.95],[465549.61,1734311.28],[465540.54,1734313.44],[465541.2,1734316.18],[465538.67,1734316.78],[465541.08,1734326.72]]]]}},{"type":"Feature","properties":{"building":"house","height":3.2,"heightSource":"inferred"},"geometry":{"type":"MultiPolygon","coordinates":[[[[465556.01,1734298.84],[465565.77,1734295.67],[465562.6,1734286.54],[465553.4,1734289.69],[465556.01,1734298.84]]]]}},{"type":"Feature","properties":{"building":"house","height":3.2,"heightSource":"inferred"},"geometry":{"type":"MultiPolygon","coordinates":[[[[465575.69,1734295.95],[465583.64,1734293.29],[465582.42,1734289.66],[465587.03,1734288.11],[465585.19,1734282.68],[465581.55,1734283.9],[465579.34,1734277.42],[465572.37,1734279.75],[465574.41,1734285.76],[465576.04,1734285.2],[465577.14,1734288.45],[465573.55,1734289.65],[465575.69,1734295.95]]]]}},{"type":"Feature","properties":{"building":"house","height":3.2,"heightSource":"inferred"},"geometry":{"type":"MultiPolygon","coordinates":[[[[465590.03,1734293.2],[465599.77,1734289.41],[465591.82,1734270.39],[465582.58,1734274.34],[465590.03,1734293.2]]]]}},{"type":"Feature","properties":{"building":"house","height":3.2,"heightSource":"inferred"},"geometry":{"type":"MultiPolygon","coordinates":[[[[465590.89,1734306.98],[465596.68,1734321.07],[465586.12,1734324.86],[465580.82,1734310.6],[465590.89,1734306.98]]]]}},{"type":"Feature","properties":{"building":"yes","height":6,"heightSource":"default"},"geometry":{"type":"MultiPolygon","coordinates":[[[[465600.47,1734316.38],[465608.95,1734313.11],[465602.82,1734297.35],[465594.33,1734300.61],[465600.47,1734316.38]]]]}},{"type":"Feature","properties":{"building":"yes","height":6,"heightSource":"default"},"geometry":{"type":"MultiPolygon","coordinates":[[[[465600.06,1734283.45],[465608.22,1734280.33],[465610.71,1734286.8],[465618.38,1734283.86],[465615.29,1734275.87],[465613.62,1734276.52],[465609.96,1734267.03],[465604.51,1734269.11],[465606.14,1734273.33],[465597.43,1734276.65],[465600.06,1734283.45]]]]}},{"type":"Feature","properties":{"building":"house","height":3.2,"heightSource":"inferred"},"geometry":{"type":"MultiPolygon","coordinates":[[[[465617.42,1734276.09],[465628.05,1734272.39],[465624.74,1734263.04],[465614.1,1734267.23],[465617.42,1734276.09]]]]}},{"type":"Feature","properties":{"building":"house","height":3.2,"heightSource":"inferred"},"geometry":{"type":"MultiPolygon","coordinates":[[[[465632.81,1734270.24],[465651.33,1734263.86],[465647.97,1734254.19],[465641.33,1734256.46],[465640.27,1734253.45],[465628.38,1734257.53],[465632.81,1734270.24]]]]}},{"type":"Feature","properties":{"building":"house","height":3.2,"heightSource":"inferred"},"geometry":{"type":"MultiPolygon","coordinates":[[[[465651.98,1734261.38],[465661.37,1734258.51],[465658.09,1734248.08],[465648.34,1734251.32],[465651.98,1734261.38]]]]}},{"type":"Feature","properties":{"building":"house","height":3.2,"heightSource":"inferred"},"geometry":{"type":"MultiPolygon","coordinates":[[[[465683.75,1734257.24],[465692.51,1734253.86],[465687.98,1734240.7],[465679.23,1734243.94],[465683.75,1734257.24]]]]}},{"type":"Feature","properties":{"building":"house","height":3.2,"heightSource":"inferred"},"geometry":{"type":"MultiPolygon","coordinates":[[[[465700.16,1734267.16],[465697.64,1734258.96],[465688.01,1734262.95],[465686.77,1734259.97],[465678,1734262.97],[465681.9,1734274.27],[465700.16,1734267.16]]]]}},{"type":"Feature","properties":{"building":"house","height":3.2,"heightSource":"inferred"},"geometry":{"type":"MultiPolygon","coordinates":[[[[465586.92,1734353.91],[465595.18,1734350.78],[465591.04,1734341.27],[465583.11,1734344.72],[465586.92,1734353.91]]]]}},{"type":"Feature","properties":{"building":"house","height":3.2,"heightSource":"inferred"},"geometry":{"type":"MultiPolygon","coordinates":[[[[465598.68,1734348.89],[465606.76,1734345.6],[465603.69,1734338.15],[465595.6,1734341.44],[465598.68,1734348.89]]]]}},{"type":"Feature","properties":{"building":"house","height":3.2,"heightSource":"inferred"},"geometry":{"type":"MultiPolygon","coordinates":[[[[465610.52,1734347.96],[465619.27,1734345.33],[465612.96,1734329.42],[465604.38,1734332.55],[465610.52,1734347.96]]]]}},{"type":"Feature","properties":{"building":"house","height":3.2,"heightSource":"inferred"},"geometry":{"type":"MultiPolygon","coordinates":[[[[465620.41,1734334.33],[465629.97,1734331.7],[465626.99,1734321.36],[465617.25,1734324.49],[465620.41,1734334.33]]]]}},{"type":"Feature","properties":{"building":"house","height":3.2,"heightSource":"inferred"},"geometry":{"type":"MultiPolygon","coordinates":[[[[465640.38,1734334.3],[465648.47,1734331.67],[465645.31,1734322.16],[465637.56,1734325.28],[465640.38,1734334.3]]]]}},{"type":"Feature","properties":{"building":"house","height":3.2,"heightSource":"inferred"},"geometry":{"type":"MultiPolygon","coordinates":[[[[465669.91,1734322.61],[465677.01,1734320.14],[465671.53,1734305.05],[465664.27,1734307.69],[465669.91,1734322.61]]]]}},{"type":"Feature","properties":{"building":"house","height":3.2,"heightSource":"inferred"},"geometry":{"type":"MultiPolygon","coordinates":[[[[465678.49,1734319.32],[465687.68,1734316.08],[465684.22,1734306.43],[465675.04,1734309.67],[465678.49,1734319.32]]]]}},{"type":"Feature","properties":{"building":"house","height":3.2,"heightSource":"inferred"},"geometry":{"type":"MultiPolygon","coordinates":[[[[465690.9,1734314.06],[465698.66,1734311.36],[465693.35,1734296.23],[465685.58,1734298.93],[465690.9,1734314.06]]]]}},{"type":"Feature","properties":{"building":"house","height":3.2,"heightSource":"inferred"},"geometry":{"type":"MultiPolygon","coordinates":[[[[465702.75,1734312.02],[465711.25,1734308.9],[465708.36,1734300.95],[465699.73,1734304.19],[465702.75,1734312.02]]]]}},{"type":"Feature","properties":{"building":"house","height":3.2,"heightSource":"inferred"},"geometry":{"type":"MultiPolygon","coordinates":[[[[465689.58,1734290.16],[465704.33,1734284.66],[465700.82,1734275.1],[465686.19,1734280.96],[465689.58,1734290.16]]]]}},{"type":"Feature","properties":{"building":"yes","height":3.2,"heightSource":"inferred"},"geometry":{"type":"MultiPolygon","coordinates":[[[[465646.78,1734282.64],[465669.16,1734274.27],[465667.27,1734266.94],[465644.14,1734275.19],[465646.78,1734282.64]]]]}},{"type":"Feature","properties":{"building":"yes","height":3.2,"heightSource":"inferred"},"geometry":{"type":"MultiPolygon","coordinates":[[[[465728.6,1734302.55],[465736.91,1734299.37],[465733.76,1734291.22],[465725.45,1734294.4],[465728.6,1734302.55]]]]}},{"type":"Feature","properties":{"building":"house","height":3.2,"heightSource":"inferred"},"geometry":{"type":"MultiPolygon","coordinates":[[[[465738.99,1734298.39],[465748.04,1734294.66],[465744.57,1734285.96],[465735.39,1734289.54],[465738.99,1734298.39]]]]}},{"type":"Feature","properties":{"building":"house","height":3.2,"heightSource":"inferred"},"geometry":{"type":"MultiPolygon","coordinates":[[[[465724.66,1734281.26],[465720.94,1734271.99],[465727.11,1734269.54],[465730.85,1734278.8],[465724.66,1734281.26]]]]}},{"type":"Feature","properties":{"building":"house","height":3.2,"heightSource":"inferred"},"geometry":{"type":"MultiPolygon","coordinates":[[[[465717.68,1734271.86],[465727.59,1734268.14],[465724.42,1734260.42],[465714.79,1734264.15],[465717.68,1734271.86]]]]}},{"type":"Feature","properties":{"building":"house","height":3.2,"heightSource":"inferred"},"geometry":{"type":"MultiPolygon","coordinates":[[[[465727.73,1734266.77],[465735.8,1734263.9],[465732.97,1734256.31],[465724.53,1734259.69],[465727.73,1734266.77]]]]}},{"type":"Feature","properties":{"building":"yes","height":6,"heightSource":"default"},"geometry":{"type":"MultiPolygon","coordinates":[[[[465714.65,1734259.26],[465721.46,1734256.59],[465718.32,1734250],[465711.69,1734252.87],[465714.65,1734259.26]]]]}},{"type":"Feature","properties":{"building":"house","height":3.2,"heightSource":"inferred"},"geometry":{"type":"MultiPolygon","coordinates":[[[[465708,1734244.06],[465716.38,1734241.25],[465712.6,1734230.13],[465704.22,1734232.94],[465708,1734244.06]]]]}},{"type":"Feature","properties":{"building":"house","height":3.2,"heightSource":"inferred"},"geometry":{"type":"MultiPolygon","coordinates":[[[[465738.34,1734239.65],[465732.82,1734230.08],[465724.32,1734235.07],[465729.71,1734244.25],[465738.34,1734239.65]]]]}},{"type":"Feature","properties":{"building":"house","height":3.2,"heightSource":"inferred"},"geometry":{"type":"MultiPolygon","coordinates":[[[[465751.51,1734284.79],[465754.85,1734294.38],[465763.34,1734291.45],[465759.99,1734281.87],[465751.51,1734284.79]]]]}},{"type":"Feature","properties":{"building":"house","height":3.2,"heightSource":"inferred"},"geometry":{"type":"MultiPolygon","coordinates":[[[[465769.79,1734274.65],[465776.07,1734287.83],[465784.07,1734284.59],[465777.8,1734270.79],[465769.79,1734274.65]]]]}},{"type":"Feature","properties":{"building":"house","height":3.2,"heightSource":"inferred"},"geometry":{"type":"MultiPolygon","coordinates":[[[[465810.9,1734272.79],[465804.62,1734258.63],[465812.74,1734255.01],[465818.9,1734269.42],[465810.9,1734272.79]]]]}},{"type":"Feature","properties":{"building":"house","height":3.2,"heightSource":"inferred"},"geometry":{"type":"MultiPolygon","coordinates":[[[[465825.7,1734265.21],[465839.77,1734259.86],[465836.1,1734250.32],[465828.31,1734253.28],[465827.13,1734250.23],[465820.85,1734252.63],[465825.7,1734265.21]]]]}},{"type":"Feature","properties":{"building":"yes","height":6,"heightSource":"default"},"geometry":{"type":"MultiPolygon","coordinates":[[[[465782.29,1734238.03],[465793.28,1734233.34],[465789.48,1734224.53],[465778.48,1734229.22],[465782.29,1734238.03]]]]}},{"type":"Feature","properties":{"building":"yes","height":6,"heightSource":"default"},"geometry":{"type":"MultiPolygon","coordinates":[[[[465749.55,1734221.66],[465753.34,1734231.15],[465762.66,1734227.48],[465758.87,1734217.98],[465749.55,1734221.66]]]]}},{"type":"Feature","properties":{"building":"house","height":3.2,"heightSource":"inferred"},"geometry":{"type":"MultiPolygon","coordinates":[[[[465760.08,1734217.93],[465763.59,1734227.02],[465771.65,1734223.87],[465768.03,1734214.46],[465760.08,1734217.93]]]]}},{"type":"Feature","properties":{"building":"yes","height":6,"heightSource":"default"},"geometry":{"type":"MultiPolygon","coordinates":[[[[465772.06,1734213.26],[465775.34,1734221.05],[465786.23,1734216.38],[465782.62,1734208.6],[465772.06,1734213.26]]]]}},{"type":"Feature","properties":{"building":"house","height":3.2,"heightSource":"inferred"},"geometry":{"type":"MultiPolygon","coordinates":[[[[465788.62,1734215.62],[465795.7,1734212.04],[465792.75,1734205.65],[465785.56,1734209.24],[465788.62,1734215.62]]]]}},{"type":"Feature","properties":{"building":"house","height":3.2,"heightSource":"inferred"},"geometry":{"type":"MultiPolygon","coordinates":[[[[465797.37,1734212.13],[465804.72,1734208.49],[465798.94,1734196.95],[465791.6,1734200.59],[465797.37,1734212.13]]]]}},{"type":"Feature","properties":{"building":"house","height":3.2,"heightSource":"inferred"},"geometry":{"type":"MultiPolygon","coordinates":[[[[465804.28,1734198.71],[465808.76,1734208.88],[465816.27,1734205.62],[465811.57,1734195.24],[465804.28,1734198.71]]]]}},{"type":"Feature","properties":{"building":"house","height":3.2,"heightSource":"inferred"},"geometry":{"type":"MultiPolygon","coordinates":[[[[465862.35,1734190.53],[465870.44,1734186.37],[465865.94,1734177.7],[465857.84,1734181.86],[465862.35,1734190.53]]]]}},{"type":"Feature","properties":{"building":"house","height":3.2,"heightSource":"inferred"},"geometry":{"type":"MultiPolygon","coordinates":[[[[465895.11,1734175.69],[465891.18,1734165.16],[465886.84,1734166.76],[465885.66,1734163.59],[465878.57,1734166.21],[465883.68,1734179.91],[465895.11,1734175.69]]]]}},{"type":"Feature","properties":{"building":"house","height":3.2,"heightSource":"inferred"},"geometry":{"type":"MultiPolygon","coordinates":[[[[465889.48,1734192.23],[465899.74,1734188.2],[465896.42,1734179.84],[465886.16,1734183.88],[465889.48,1734192.23]]]]}},{"type":"Feature","properties":{"building":"house","height":3.2,"heightSource":"inferred"},"geometry":{"type":"MultiPolygon","coordinates":[[[[465890.29,1734203.1],[465903.11,1734198.59],[465900.22,1734190.46],[465887.4,1734194.97],[465890.29,1734203.1]]]]}},{"type":"Feature","properties":{"building":"house","height":3.2,"heightSource":"inferred"},"geometry":{"type":"MultiPolygon","coordinates":[[[[465886.56,1734215.42],[465896.21,1734212.1],[465893.92,1734205.52],[465884.27,1734208.83],[465886.56,1734215.42]]]]}},{"type":"Feature","properties":{"building":"yes","height":6,"heightSource":"default"},"geometry":{"type":"MultiPolygon","coordinates":[[[[465879.59,1734231.73],[465884.94,1734245.89],[465893,1734242.84],[465887.64,1734228.24],[465879.59,1734231.73]]]]}},{"type":"Feature","properties":{"building":"yes","height":6,"heightSource":"default"},"geometry":{"type":"MultiPolygon","coordinates":[[[[465903.78,1734242.19],[465917.17,1734237.72],[465913.12,1734225.71],[465899.84,1734230.18],[465903.78,1734242.19]]]]}},{"type":"Feature","properties":{"building":"yes","height":6,"heightSource":"default"},"geometry":{"type":"MultiPolygon","coordinates":[[[[465928.04,1734190.83],[465949.92,1734183.86],[465944.49,1734167.06],[465922.62,1734174.03],[465928.04,1734190.83]]]]}},{"type":"Feature","properties":{"building":"yes","height":6,"heightSource":"default"},"geometry":{"type":"MultiPolygon","coordinates":[[[[465925.63,1734227.73],[465922.14,1734217.57],[465932.7,1734214.1],[465936.02,1734224.59],[465925.63,1734227.73]]]]}},{"type":"Feature","properties":{"building":"yes","height":6,"heightSource":"default"},"geometry":{"type":"MultiPolygon","coordinates":[[[[465920.16,1734213.63],[465931.71,1734209.85],[465929.05,1734201.48],[465917.66,1734205.26],[465920.16,1734213.63]]]]}},{"type":"Feature","properties":{"building":"house","height":3.2,"heightSource":"inferred"},"geometry":{"type":"MultiPolygon","coordinates":[[[[465966.81,1734216.02],[465976.92,1734212.13],[465973.78,1734204.06],[465963.67,1734207.94],[465966.81,1734216.02]]]]}},{"type":"Feature","properties":{"building":"yes","height":6,"heightSource":"default"},"geometry":{"type":"MultiPolygon","coordinates":[[[[465948.77,1734166.41],[465959.66,1734162.29],[465951.38,1734140.67],[465940.48,1734144.79],[465948.77,1734166.41]]]]}},{"type":"Feature","properties":{"building":"house","height":3.2,"heightSource":"inferred"},"geometry":{"type":"MultiPolygon","coordinates":[[[[465964.4,1734137.01],[465968.34,1734148.11],[465978.29,1734144.62],[465974.34,1734133.52],[465964.4,1734137.01]]]]}},{"type":"Feature","properties":{"building":"house","height":3.2,"heightSource":"inferred"},"geometry":{"type":"MultiPolygon","coordinates":[[[[465993.59,1734196.79],[465996.41,1734204.66],[466004.66,1734202.03],[466001.84,1734193.82],[465993.59,1734196.79]]]]}},{"type":"Feature","properties":{"building":"house","height":3.2,"heightSource":"inferred"},"geometry":{"type":"MultiPolygon","coordinates":[[[[466014.03,1734198.89],[466022.72,1734196.59],[466020.31,1734187.59],[466011.62,1734189.89],[466014.03,1734198.89]]]]}},{"type":"Feature","properties":{"building":"house","height":3.2,"heightSource":"inferred"},"geometry":{"type":"MultiPolygon","coordinates":[[[[466023.3,1734192.65],[466030.71,1734190.01],[466027.58,1734181.31],[466020.16,1734183.95],[466023.3,1734192.65]]]]}},{"type":"Feature","properties":{"building":"house","height":3.2,"heightSource":"inferred"},"geometry":{"type":"MultiPolygon","coordinates":[[[[466040.47,1734185.49],[466046.48,1734183.81],[466044.86,1734178.13],[466047.92,1734177.27],[466047.1,1734174.36],[466044.42,1734175.12],[466042.41,1734168.01],[466035.98,1734169.81],[466036.93,1734173.14],[466035.43,1734173.56],[466037.01,1734179.12],[466038.54,1734178.7],[466040.47,1734185.49]]]]}},{"type":"Feature","properties":{"building":"house","height":3.2,"heightSource":"inferred"},"geometry":{"type":"MultiPolygon","coordinates":[[[[466052.13,1734186.61],[466060.27,1734184.3],[466056.38,1734170.81],[466048.24,1734173.14],[466052.13,1734186.61]]]]}},{"type":"Feature","properties":{"building":"house","height":3.2,"heightSource":"inferred"},"geometry":{"type":"MultiPolygon","coordinates":[[[[466066.5,1734180.5],[466069.83,1734179.62],[466070.38,1734181.66],[466076.55,1734180.04],[466072.94,1734166.53],[466063.44,1734169.03],[466066.5,1734180.5]]]]}},{"type":"Feature","properties":{"building":"yes","height":6,"heightSource":"default"},"geometry":{"type":"MultiPolygon","coordinates":[[[[466048.28,1734171.3],[466055.58,1734169.27],[466053.47,1734161.76],[466046.17,1734163.78],[466048.28,1734171.3]]]]}},{"type":"Feature","properties":{"building":"yes","height":6,"heightSource":"default"},"geometry":{"type":"MultiPolygon","coordinates":[[[[466056.98,1734169.68],[466072.42,1734165.77],[466069.95,1734156.17],[466065.72,1734157.25],[466065.26,1734155.47],[466054.07,1734158.3],[466056.98,1734169.68]]]]}},{"type":"Feature","properties":{"building":"house","height":3.2,"heightSource":"inferred"},"geometry":{"type":"MultiPolygon","coordinates":[[[[466082.92,1734176.17],[466091.49,1734173.04],[466089.18,1734166.81],[466080.62,1734169.95],[466082.92,1734176.17]]]]}},{"type":"Feature","properties":{"building":"yes","height":6,"heightSource":"default"},"geometry":{"type":"MultiPolygon","coordinates":[[[[466092.14,1734169.02],[466114.09,1734161.69],[466107.36,1734141.79],[466098.84,1734144.63],[466102.18,1734154.47],[466088.74,1734158.96],[466092.14,1734169.02]]]]}},{"type":"Feature","properties":{"building":"house","height":3.2,"heightSource":"inferred"},"geometry":{"type":"MultiPolygon","coordinates":[[[[466084.85,1734147.34],[466095.71,1734143.56],[466091.98,1734132.96],[466081.12,1734136.75],[466084.85,1734147.34]]]]}},{"type":"Feature","properties":{"building":"yes","height":6,"heightSource":"default"},"geometry":{"type":"MultiPolygon","coordinates":[[[[466090.57,1734123.62],[466097.24,1734121.46],[466095.19,1734115.21],[466088.53,1734117.37],[466090.57,1734123.62]]]]}},{"type":"Feature","properties":{"building":"house","height":3.2,"heightSource":"inferred"},"geometry":{"type":"MultiPolygon","coordinates":[[[[466067.52,1734134.9],[466078.81,1734132.55],[466076.77,1734122.86],[466065.48,1734125.21],[466067.52,1734134.9]]]]}},{"type":"Feature","properties":{"building":"house","height":3.2,"heightSource":"inferred"},"geometry":{"type":"MultiPolygon","coordinates":[[[[465975.94,1734130.02],[465980.83,1734143.44],[465989.77,1734140.23],[465984.87,1734126.81],[465975.94,1734130.02]]]]}},{"type":"Feature","properties":{"building":"house","height":3.2,"heightSource":"inferred"},"geometry":{"type":"MultiPolygon","coordinates":[[[[465995.35,1734128.31],[465996.36,1734131.08],[465993.8,1734132],[465996.16,1734138.52],[466004.86,1734135.4],[466001.48,1734126.09],[465995.35,1734128.31]]]]}},{"type":"Feature","properties":{"building":"house","height":3.2,"heightSource":"inferred"},"geometry":{"type":"MultiPolygon","coordinates":[[[[466007.07,1734117.15],[466013.41,1734136.84],[466023.88,1734133.51],[466017.53,1734113.82],[466007.07,1734117.15]]]]}},{"type":"Feature","properties":{"building":"yes","height":6,"heightSource":"default"},"geometry":{"type":"MultiPolygon","coordinates":[[[[466026.76,1734122.65],[466038.13,1734119.89],[466037.05,1734115.51],[466034.55,1734116.12],[466033.26,1734110.9],[466024.41,1734113.05],[466026.76,1734122.65]]]]}},{"type":"Feature","properties":{"building":"house","height":3.2,"heightSource":"inferred"},"geometry":{"type":"MultiPolygon","coordinates":[[[[466040.31,1734123.18],[466047.94,1734120.99],[466044.17,1734108.07],[466036.54,1734110.26],[466040.31,1734123.18]]]]}},{"type":"Feature","properties":{"building":"yes","height":6,"heightSource":"default"},"geometry":{"type":"MultiPolygon","coordinates":[[[[466046.77,1734150.3],[466051.87,1734149.24],[466050.45,1734142.5],[466045.36,1734143.56],[466046.77,1734150.3]]]]}},{"type":"Feature","properties":{"building":"house","height":3.2,"heightSource":"inferred"},"geometry":{"type":"MultiPolygon","coordinates":[[[[466072.78,1734109.1],[466069.44,1734099.97],[466057.92,1734104.13],[466061.28,1734113.26],[466072.78,1734109.1]]]]}},{"type":"Feature","properties":{"building":"house","height":6,"heightSource":"default"},"geometry":{"type":"MultiPolygon","coordinates":[[[[466084.56,1734116.52],[466095.2,1734113.16],[466092.12,1734103.56],[466081.48,1734106.93],[466084.56,1734116.52]]]]}},{"type":"Feature","properties":{"building":"yes","height":6,"heightSource":"default"},"geometry":{"type":"MultiPolygon","coordinates":[[[[466080.01,1734099.57],[466088.32,1734096.84],[466090.2,1734102.47],[466081.89,1734105.2],[466080.01,1734099.57]]]]}},{"type":"Feature","properties":{"building":"yes","height":6,"heightSource":"default"},"geometry":{"type":"MultiPolygon","coordinates":[[[[466079.28,1734090.77],[466087.05,1734088.02],[466089.57,1734095.05],[466081.81,1734097.8],[466079.28,1734090.77]]]]}},{"type":"Feature","properties":{"building":"yes","height":6,"heightSource":"default"},"geometry":{"type":"MultiPolygon","coordinates":[[[[466420.12,1734066.77],[466424.41,1734079.32],[466434.21,1734076.01],[466429.92,1734063.45],[466420.12,1734066.77]]]]}},{"type":"Feature","properties":{"building":"yes","height":6,"heightSource":"default"},"geometry":{"type":"MultiPolygon","coordinates":[[[[466398.07,1734071.43],[466406.45,1734092.3],[466415.85,1734088.57],[466412.83,1734081.03],[466415.76,1734079.87],[466413.47,1734074.16],[466409.53,1734075.71],[466406.48,1734068.1],[466398.07,1734071.43]]]]}},{"type":"Feature","properties":{"building":"house","height":3.2,"heightSource":"inferred"},"geometry":{"type":"MultiPolygon","coordinates":[[[[466385.04,1734074.37],[466389,1734085.16],[466400.89,1734080.85],[466396.94,1734070.06],[466385.04,1734074.37]]]]}},{"type":"Feature","properties":{"building":"house","height":3.2,"heightSource":"inferred"},"geometry":{"type":"MultiPolygon","coordinates":[[[[466410.42,1734117.4],[466406.04,1734104.6],[466393.03,1734109.01],[466395.34,1734115.76],[466399.59,1734114.33],[466401.66,1734120.37],[466410.42,1734117.4]]]]}},{"type":"Feature","properties":{"building":"yes","height":6,"heightSource":"default"},"geometry":{"type":"MultiPolygon","coordinates":[[[[466352.67,1734097.81],[466359.5,1734095.04],[466356.37,1734087.43],[466349.54,1734090.19],[466352.67,1734097.81]]]]}},{"type":"Feature","properties":{"building":"yes","height":6,"heightSource":"default"},"geometry":{"type":"MultiPolygon","coordinates":[[[[466258.21,1734137.46],[466286.15,1734127.04],[466280.99,1734113.34],[466253.05,1734123.77],[466258.21,1734137.46]]]]}},{"type":"Feature","properties":{"building":"house","height":3.2,"heightSource":"inferred"},"geometry":{"type":"MultiPolygon","coordinates":[[[[466237.54,1734140.83],[466247.37,1734137.61],[466244.18,1734128.02],[466234.37,1734131.24],[466237.54,1734140.83]]]]}},{"type":"Feature","properties":{"building":"yes","height":6,"heightSource":"default"},"geometry":{"type":"MultiPolygon","coordinates":[[[[466241.44,1734158.58],[466249.33,1734155.86],[466246.02,1734146.15],[466238.11,1734149.3],[466241.44,1734158.58]]]]}},{"type":"Feature","properties":{"building":"yes","height":6,"heightSource":"default"},"geometry":{"type":"MultiPolygon","coordinates":[[[[466236.09,1734142.74],[466231.62,1734130.88],[466223.86,1734134.04],[466228.49,1734145.46],[466236.09,1734142.74]]]]}},{"type":"Feature","properties":{"building":"house","height":3.2,"heightSource":"inferred"},"geometry":{"type":"MultiPolygon","coordinates":[[[[466215.85,1734151.53],[466211.7,1734142.38],[466205.54,1734145.14],[466209.69,1734154.29],[466215.85,1734151.53]]]]}},{"type":"Feature","properties":{"building":"yes","height":6,"heightSource":"default"},"geometry":{"type":"MultiPolygon","coordinates":[[[[466258.02,1734172.11],[466252.76,1734159.41],[466238.53,1734165.22],[466243.79,1734177.92],[466258.02,1734172.11]]]]}},{"type":"Feature","properties":{"building":"yes","height":6,"heightSource":"default"},"geometry":{"type":"MultiPolygon","coordinates":[[[[466242.19,1734179.43],[466237.36,1734167.33],[466229.1,1734170.6],[466230.13,1734173.21],[466224.3,1734175.51],[466226.71,1734181.55],[466230.86,1734179.91],[466232.73,1734184.61],[466237.87,1734182.58],[466242.19,1734179.43]]]]}},{"type":"Feature","properties":{"building":"yes","height":6,"heightSource":"default"},"geometry":{"type":"MultiPolygon","coordinates":[[[[466252.84,1734193.99],[466263.81,1734189.54],[466260.78,1734182.18],[466249.81,1734186.62],[466252.84,1734193.99]]]]}},{"type":"Feature","properties":{"building":"house","height":3.2,"heightSource":"inferred"},"geometry":{"type":"MultiPolygon","coordinates":[[[[466172.17,1734164.96],[466181.91,1734161.06],[466177.69,1734150.69],[466167.95,1734154.59],[466172.17,1734164.96]]]]}},{"type":"Feature","properties":{"building":"yes","height":6,"heightSource":"default"},"geometry":{"type":"MultiPolygon","coordinates":[[[[466163.92,1734171.07],[466168.55,1734180.76],[466161.93,1734183.89],[466157.3,1734174.2],[466163.92,1734171.07]]]]}},{"type":"Feature","properties":{"building":"yes","height":6,"heightSource":"default"},"geometry":{"type":"MultiPolygon","coordinates":[[[[466133.6,1734181.72],[466148.26,1734176.32],[466144.9,1734167.34],[466130.25,1734172.75],[466133.6,1734181.72]]]]}},{"type":"Feature","properties":{"building":"house","height":3.2,"heightSource":"inferred"},"geometry":{"type":"MultiPolygon","coordinates":[[[[466138.38,1734195.52],[466148.37,1734191.16],[466143.53,1734180.25],[466133.55,1734184.61],[466138.38,1734195.52]]]]}},{"type":"Feature","properties":{"building":"house","height":3.2,"heightSource":"inferred"},"geometry":{"type":"MultiPolygon","coordinates":[[[[466138.1,1734197.74],[466143.65,1734208.55],[466155.24,1734202.69],[466149.7,1734191.87],[466138.1,1734197.74]]]]}},{"type":"Feature","properties":{"building":"yes","height":6,"heightSource":"default"},"geometry":{"type":"MultiPolygon","coordinates":[[[[466175.36,1734220.4],[466183.66,1734215.95],[466179.24,1734207.82],[466170.94,1734212.26],[466175.36,1734220.4]]]]}},{"type":"Feature","properties":{"building":"house","height":3.2,"heightSource":"inferred"},"geometry":{"type":"MultiPolygon","coordinates":[[[[466157.29,1734225.07],[466165.62,1734220.68],[466161.33,1734212.65],[466153,1734217.05],[466157.29,1734225.07]]]]}},{"type":"Feature","properties":{"building":"house","height":3.2,"heightSource":"inferred"},"geometry":{"type":"MultiPolygon","coordinates":[[[[466158.26,1734225.68],[466162.17,1734233.5],[466170.46,1734229.41],[466166.54,1734221.58],[466158.26,1734225.68]]]]}},{"type":"Feature","properties":{"building":"yes","height":6,"heightSource":"default"},"geometry":{"type":"MultiPolygon","coordinates":[[[[466149.06,1734183.38],[466152.19,1734190.56],[466159.88,1734187.25],[466156.76,1734180.07],[466149.06,1734183.38]]]]}},{"type":"Feature","properties":{"building":"yes","height":6,"heightSource":"default"},"geometry":{"type":"MultiPolygon","coordinates":[[[[466172.47,1734179.82],[466176.38,1734187.83],[466184.32,1734184.02],[466180.41,1734176],[466172.47,1734179.82]]]]}},{"type":"Feature","properties":{"building":"yes","height":6,"heightSource":"default"},"geometry":{"type":"MultiPolygon","coordinates":[[[[465552.8,1734578.42],[465571.93,1734572.93],[465569.79,1734565.57],[465550.65,1734571.05],[465552.8,1734578.42]]]]}},{"type":"Feature","properties":{"building":"house","height":3.2,"heightSource":"inferred"},"geometry":{"type":"MultiPolygon","coordinates":[[[[465595.96,1734563.55],[465607.1,1734560.06],[465604.59,1734552.19],[465593.46,1734555.69],[465595.96,1734563.55]]]]}},{"type":"Feature","properties":{"building":"yes","height":6,"heightSource":"default"},"geometry":{"type":"MultiPolygon","coordinates":[[[[465603.12,1734568.86],[465606.16,1734582.49],[465615.11,1734580.53],[465613.97,1734575.39],[465620.45,1734573.97],[465618.56,1734565.47],[465603.12,1734568.86]]]]}},{"type":"Feature","properties":{"building":"house","height":3.2,"heightSource":"inferred"},"geometry":{"type":"MultiPolygon","coordinates":[[[[465729.85,1734547.92],[465733.47,1734557.16],[465742.65,1734553.6],[465739.03,1734544.35],[465729.85,1734547.92]]]]}},{"type":"Feature","properties":{"building":"house","height":3.2,"heightSource":"inferred"},"geometry":{"type":"MultiPolygon","coordinates":[[[[465762.48,1734509.25],[465770.1,1734506.85],[465767.91,1734499.72],[465760.29,1734502.32],[465762.48,1734509.25]]]]}},{"type":"Feature","properties":{"building":"yes","height":6,"heightSource":"default"},"geometry":{"type":"MultiPolygon","coordinates":[[[[465769.69,1734498.43],[465775.06,1734514.75],[465786.06,1734511.19],[465780.69,1734494.86],[465769.69,1734498.43]]]]}},{"type":"Feature","properties":{"building":"house","height":3.2,"heightSource":"inferred"},"geometry":{"type":"MultiPolygon","coordinates":[[[[465795.17,1734491.04],[465798.23,1734500.45],[465806.06,1734497.94],[465803,1734488.53],[465795.17,1734491.04]]]]}},{"type":"Feature","properties":{"building":"house","height":3.2,"heightSource":"inferred"},"geometry":{"type":"MultiPolygon","coordinates":[[[[465836.98,1734486.34],[465846.06,1734483.13],[465843.18,1734475.1],[465834.09,1734478.31],[465836.98,1734486.34]]]]}},{"type":"Feature","properties":{"building":"yes","height":6,"heightSource":"default"},"geometry":{"type":"MultiPolygon","coordinates":[[[[465848.08,1734472.25],[465852.24,1734483.24],[465862.41,1734479.45],[465858.24,1734468.45],[465848.08,1734472.25]]]]}},{"type":"Feature","properties":{"building":"yes","height":6,"heightSource":"default"},"geometry":{"type":"MultiPolygon","coordinates":[[[[465873.52,1734482.46],[465869.37,1734470.34],[465878.51,1734466.43],[465881.58,1734474.43],[465879.4,1734480.72],[465873.52,1734482.46]]]]}},{"type":"Feature","properties":{"building":"yes","height":6,"heightSource":"default"},"geometry":{"type":"MultiPolygon","coordinates":[[[[465904.56,1734459.4],[465901.02,1734449.24],[465909.75,1734446.24],[465913.29,1734456.4],[465904.56,1734459.4]]]]}},{"type":"Feature","properties":{"building":"house","height":3.2,"heightSource":"inferred"},"geometry":{"type":"MultiPolygon","coordinates":[[[[465920.27,1734442.76],[465924.83,1734452.45],[465933.79,1734448.29],[465929.24,1734438.6],[465920.27,1734442.76]]]]}},{"type":"Feature","properties":{"building":"house","height":3.2,"heightSource":"inferred"},"geometry":{"type":"MultiPolygon","coordinates":[[[[465940.67,1734436.32],[465944.05,1734445.07],[465951.78,1734442.12],[465948.41,1734433.38],[465940.67,1734436.32]]]]}},{"type":"Feature","properties":{"building":"yes","height":6,"heightSource":"default"},"geometry":{"type":"MultiPolygon","coordinates":[[[[465961.46,1734444.42],[465967.69,1734438.61],[465963.83,1734434.53],[465957.61,1734440.33],[465961.46,1734444.42]]]]}},{"type":"Feature","properties":{"building":"house","height":3.2,"heightSource":"inferred"},"geometry":{"type":"MultiPolygon","coordinates":[[[[466086.26,1734427.58],[466095.68,1734421.42],[466091.11,1734414.52],[466089.01,1734415.88],[466087.31,1734413.31],[466083.85,1734415.57],[466085.09,1734417.44],[466081.22,1734419.96],[466086.26,1734427.58]]]]}},{"type":"Feature","properties":{"building":"house","height":3.2,"heightSource":"inferred"},"geometry":{"type":"MultiPolygon","coordinates":[[[[465998.08,1734415.35],[466001.52,1734424.48],[466010.68,1734421.07],[466007.25,1734411.94],[465998.08,1734415.35]]]]}},{"type":"Feature","properties":{"building":"yes","height":6,"heightSource":"default"},"geometry":{"type":"MultiPolygon","coordinates":[[[[466021.17,1734415.03],[466027.87,1734411.69],[466024.47,1734404.95],[466017.76,1734408.29],[466021.17,1734415.03]]]]}},{"type":"Feature","properties":{"building":"house","height":3.2,"heightSource":"inferred"},"geometry":{"type":"MultiPolygon","coordinates":[[[[466024.7,1734400.48],[466031.41,1734413.91],[466041.63,1734408.87],[466034.9,1734395.43],[466024.7,1734400.48]]]]}},{"type":"Feature","properties":{"building":"house","height":3.2,"heightSource":"inferred"},"geometry":{"type":"MultiPolygon","coordinates":[[[[466046.56,1734397.03],[466039.36,1734400.55],[466043.56,1734409.06],[466050.78,1734405.54],[466046.56,1734397.03]]]]}},{"type":"Feature","properties":{"building":"house","height":3.2,"heightSource":"inferred"},"geometry":{"type":"MultiPolygon","coordinates":[[[[466060.49,1734405.14],[466055.57,1734395.26],[466049.2,1734398.39],[466054.13,1734408.28],[466060.49,1734405.14]]]]}},{"type":"Feature","properties":{"building":"house","height":3.2,"heightSource":"inferred"},"geometry":{"type":"MultiPolygon","coordinates":[[[[466110.72,1734412.11],[466123.3,1734405.85],[466119.59,1734398.49],[466116.28,1734400.13],[466114.05,1734395.7],[466107.74,1734398.83],[466110.5,1734404.31],[466107.54,1734405.79],[466110.72,1734412.11]]]]}},{"type":"Feature","properties":{"building":"yes","height":6,"heightSource":"default"},"geometry":{"type":"MultiPolygon","coordinates":[[[[466032.01,1734432.15],[466040.43,1734428.09],[466036.54,1734420.13],[466028.12,1734424.18],[466032.01,1734432.15]]]]}},{"type":"Feature","properties":{"building":"yes","height":6,"heightSource":"default"},"geometry":{"type":"MultiPolygon","coordinates":[[[[466153.9,1734346.25],[466156.6,1734357.32],[466171.17,1734353.81],[466168.69,1734343.62],[466164.5,1734344.62],[466163.45,1734340.33],[466158.68,1734341.48],[466159.52,1734344.91],[466153.9,1734346.25]]]]}},{"type":"Feature","properties":{"building":"yes","height":6,"heightSource":"default"},"geometry":{"type":"MultiPolygon","coordinates":[[[[466183.66,1734348.38],[466185.45,1734357.23],[466214.69,1734351.38],[466212.89,1734342.53],[466183.66,1734348.38]]]]}},{"type":"Feature","properties":{"building":"yes","height":6,"heightSource":"default"},"geometry":{"type":"MultiPolygon","coordinates":[[[[466164.77,1734326.75],[466188.62,1734321],[466185.64,1734308.83],[466161.81,1734314.58],[466164.77,1734326.75]]]]}},{"type":"Feature","properties":{"building":"yes","height":6,"heightSource":"default"},"geometry":{"type":"MultiPolygon","coordinates":[[[[466154.16,1734298.79],[466158.12,1734314.38],[466188.94,1734306.68],[466184.98,1734291.08],[466154.16,1734298.79]]]]}},{"type":"Feature","properties":{"building":"yes","height":6,"heightSource":"default"},"geometry":{"type":"MultiPolygon","coordinates":[[[[466259.67,1734304.98],[466255.2,1734290.31],[466228.02,1734298.49],[466232.5,1734313.16],[466259.67,1734304.98]]]]}},{"type":"Feature","properties":{"building":"yes","height":6,"heightSource":"default"},"geometry":{"type":"MultiPolygon","coordinates":[[[[466267.16,1734320.34],[466308.35,1734305.12],[466301.38,1734286.48],[466260.18,1734301.69],[466267.16,1734320.34]]]]}},{"type":"Feature","properties":{"building":"yes","height":6,"heightSource":"default"},"geometry":{"type":"MultiPolygon","coordinates":[[[[466321,1734305.11],[466362.8,1734289.41],[466353.81,1734265.78],[466312.01,1734281.47],[466321,1734305.11]]]]}},{"type":"Feature","properties":{"building":"yes","height":6,"heightSource":"default"},"geometry":{"type":"MultiPolygon","coordinates":[[[[466372.15,1734306.86],[466387.64,1734301.98],[466383.86,1734290.08],[466368.35,1734294.97],[466372.15,1734306.86]]]]}},{"type":"Feature","properties":{"building":"yes","height":6,"heightSource":"default"},"geometry":{"type":"MultiPolygon","coordinates":[[[[466371.59,1734284.94],[466382.04,1734281.76],[466378.2,1734269.28],[466367.73,1734272.47],[466371.59,1734284.94]]]]}},{"type":"Feature","properties":{"building":"yes","height":6,"heightSource":"default"},"geometry":{"type":"MultiPolygon","coordinates":[[[[466374.42,1734263.65],[466362.54,1734240.68],[466352.49,1734245.82],[466364.37,1734268.78],[466374.42,1734263.65]]]]}},{"type":"Feature","properties":{"building":"yes","height":6,"heightSource":"default"},"geometry":{"type":"MultiPolygon","coordinates":[[[[465565.09,1734480.3],[465571.62,1734496.64],[465579.66,1734493.47],[465573.13,1734477.13],[465565.09,1734480.3]]]]}},{"type":"Feature","properties":{"building":"house","height":3.2,"heightSource":"inferred"},"geometry":{"type":"MultiPolygon","coordinates":[[[[465583.63,1734484.39],[465592.69,1734480.67],[465588.79,1734471.29],[465579.73,1734475.02],[465583.63,1734484.39]]]]}},{"type":"Feature","properties":{"building":"house","height":3.2,"heightSource":"inferred"},"geometry":{"type":"MultiPolygon","coordinates":[[[[465596.44,1734528.71],[465592.55,1734519.18],[465583.85,1734522.69],[465587.76,1734532.23],[465596.44,1734528.71]]]]}},{"type":"Feature","properties":{"building":"house","height":3.2,"heightSource":"inferred"},"geometry":{"type":"MultiPolygon","coordinates":[[[[465605.39,1734468.47],[465610.31,1734481.53],[465623.2,1734476.73],[465618.28,1734463.69],[465605.39,1734468.47]]]]}},{"type":"Feature","properties":{"building":"yes","height":6,"heightSource":"default"},"geometry":{"type":"MultiPolygon","coordinates":[[[[465624.28,1734457.57],[465631.47,1734473.63],[465640.34,1734469.72],[465633.14,1734453.65],[465624.28,1734457.57]]]]}},{"type":"Feature","properties":{"building":"house","height":3.2,"heightSource":"inferred"},"geometry":{"type":"MultiPolygon","coordinates":[[[[465635.65,1734454.7],[465640.51,1734466.29],[465648.23,1734463.09],[465643.36,1734451.49],[465635.65,1734454.7]]]]}},{"type":"Feature","properties":{"building":"house","height":3.2,"heightSource":"inferred"},"geometry":{"type":"MultiPolygon","coordinates":[[[[465661.46,1734456.65],[465656.46,1734444.64],[465648.21,1734448.03],[465653.21,1734460.05],[465661.46,1734456.65]]]]}},{"type":"Feature","properties":{"building":"house","height":3.2,"heightSource":"inferred"},"geometry":{"type":"MultiPolygon","coordinates":[[[[465665.43,1734441.83],[465669.13,1734450.86],[465678.33,1734447.14],[465674.63,1734438.12],[465665.43,1734441.83]]]]}},{"type":"Feature","properties":{"building":"house","height":3.2,"heightSource":"inferred"},"geometry":{"type":"MultiPolygon","coordinates":[[[[465690.52,1734427.34],[465695.38,1734439.69],[465706.13,1734435.51],[465701.26,1734423.17],[465690.52,1734427.34]]]]}},{"type":"Feature","properties":{"building":"yes","height":6,"heightSource":"default"},"geometry":{"type":"MultiPolygon","coordinates":[[[[465603.18,1734515.51],[465605.82,1734522.64],[465599.28,1734525.03],[465596.65,1734517.9],[465603.18,1734515.51]]]]}},{"type":"Feature","properties":{"building":"house","height":3.2,"heightSource":"inferred"},"geometry":{"type":"MultiPolygon","coordinates":[[[[465617.44,1734509.37],[465620.17,1734516.61],[465625.72,1734514.55],[465622.98,1734507.31],[465617.44,1734509.37]]]]}},{"type":"Feature","properties":{"building":"house","height":3.2,"heightSource":"inferred"},"geometry":{"type":"MultiPolygon","coordinates":[[[[465642.48,1734512.79],[465646.06,1734521.93],[465655.28,1734518.36],[465652.72,1734511.81],[465648.02,1734513.62],[465647,1734511.04],[465642.48,1734512.79]]]]}},{"type":"Feature","properties":{"building":"yes","height":6,"heightSource":"default"},"geometry":{"type":"MultiPolygon","coordinates":[[[[465635.32,1734498.5],[465637.81,1734503.71],[465642.71,1734501.39],[465640.22,1734496.19],[465635.32,1734498.5]]]]}},{"type":"Feature","properties":{"building":"house","height":3.2,"heightSource":"inferred"},"geometry":{"type":"MultiPolygon","coordinates":[[[[465653.01,1734495.71],[465648.73,1734484.77],[465640.92,1734487.79],[465645.21,1734498.73],[465653.01,1734495.71]]]]}},{"type":"Feature","properties":{"building":"yes","height":6,"heightSource":"default"},"geometry":{"type":"MultiPolygon","coordinates":[[[[465654.17,1734494.36],[465661.62,1734491.55],[465656.47,1734478.08],[465649.02,1734480.89],[465654.17,1734494.36]]]]}},{"type":"Feature","properties":{"building":"house","height":3.2,"heightSource":"inferred"},"geometry":{"type":"MultiPolygon","coordinates":[[[[465682.27,1734510.4],[465692.99,1734506.43],[465689.77,1734497.84],[465679.05,1734501.81],[465682.27,1734510.4]]]]}},{"type":"Feature","properties":{"building":"house","height":3.2,"heightSource":"inferred"},"geometry":{"type":"MultiPolygon","coordinates":[[[[465734.36,1734474.81],[465737.95,1734483.72],[465747.8,1734479.8],[465744.21,1734470.88],[465734.36,1734474.81]]]]}},{"type":"Feature","properties":{"building":"house","height":3.2,"heightSource":"inferred"},"geometry":{"type":"MultiPolygon","coordinates":[[[[465751.28,1734477.61],[465760.06,1734473],[465754.76,1734463.02],[465745.97,1734467.63],[465751.28,1734477.61]]]]}},{"type":"Feature","properties":{"building":"house","height":3.2,"heightSource":"inferred"},"geometry":{"type":"MultiPolygon","coordinates":[[[[465768.17,1734468.81],[465763.82,1734459.99],[465756.61,1734463.49],[465760.95,1734472.32],[465768.17,1734468.81]]]]}},{"type":"Feature","properties":{"building":"house","height":3.2,"heightSource":"inferred"},"geometry":{"type":"MultiPolygon","coordinates":[[[[465756.74,1734448.89],[465765.97,1734445.1],[465762.02,1734435.57],[465752.78,1734439.36],[465756.74,1734448.89]]]]}},{"type":"Feature","properties":{"building":"house","height":3.2,"heightSource":"inferred"},"geometry":{"type":"MultiPolygon","coordinates":[[[[465728.06,1734425.42],[465724.51,1734416.6],[465714.15,1734420.74],[465717.7,1734429.53],[465728.06,1734425.42]]]]}},{"type":"Feature","properties":{"building":"house","height":3.2,"heightSource":"inferred"},"geometry":{"type":"MultiPolygon","coordinates":[[[[465738.47,1734423.49],[465735.1,1734414.85],[465726.84,1734418.03],[465730.2,1734426.66],[465738.47,1734423.49]]]]}},{"type":"Feature","properties":{"building":"house","height":3.2,"heightSource":"inferred"},"geometry":{"type":"MultiPolygon","coordinates":[[[[465741.71,1734409.49],[465746.17,1734420.73],[465753.9,1734417.7],[465749.44,1734406.46],[465741.71,1734409.49]]]]}},{"type":"Feature","properties":{"building":"house","height":3.2,"heightSource":"inferred"},"geometry":{"type":"MultiPolygon","coordinates":[[[[465792.03,1734454.81],[465781.32,1734458.87],[465787.09,1734473.89],[465797.8,1734469.82],[465792.03,1734454.81]]]]}},{"type":"Feature","properties":{"building":"house","height":3.2,"heightSource":"inferred"},"geometry":{"type":"MultiPolygon","coordinates":[[[[465811.19,1734464.16],[465805.28,1734447.33],[465792.86,1734451.64],[465798.79,1734468.48],[465811.19,1734464.16]]]]}},{"type":"Feature","properties":{"building":"house","height":3.2,"heightSource":"inferred"},"geometry":{"type":"MultiPolygon","coordinates":[[[[465816.03,1734432.05],[465819.04,1734440.6],[465826.35,1734438.07],[465823.36,1734429.52],[465816.03,1734432.05]]]]}},{"type":"Feature","properties":{"building":"house","height":3.2,"heightSource":"inferred"},"geometry":{"type":"MultiPolygon","coordinates":[[[[465831.59,1734428.71],[465836.41,1734441.48],[465843.86,1734438.69],[465839.03,1734425.92],[465831.59,1734428.71]]]]}},{"type":"Feature","properties":{"building":"house","height":3.2,"heightSource":"inferred"},"geometry":{"type":"MultiPolygon","coordinates":[[[[465845.28,1734445.64],[465848.76,1734455],[465857.9,1734451.65],[465854.4,1734442.27],[465845.28,1734445.64]]]]}},{"type":"Feature","properties":{"building":"house","height":3.2,"heightSource":"inferred"},"geometry":{"type":"MultiPolygon","coordinates":[[[[465861.31,1734429.15],[465851.7,1734432.33],[465856.08,1734445.43],[465860.34,1734444.02],[465860.91,1734445.72],[465866.26,1734443.96],[465861.31,1734429.15]]]]}},{"type":"Feature","properties":{"building":"house","height":3.2,"heightSource":"inferred"},"geometry":{"type":"MultiPolygon","coordinates":[[[[465875.42,1734432.52],[465878.65,1734441.05],[465887.72,1734437.67],[465884.49,1734429.13],[465875.42,1734432.52]]]]}},{"type":"Feature","properties":{"building":"house","height":3.2,"heightSource":"inferred"},"geometry":{"type":"MultiPolygon","coordinates":[[[[465889.9,1734424.33],[465893.8,1734434.56],[465902.9,1734431.13],[465899,1734420.9],[465889.9,1734424.33]]]]}},{"type":"Feature","properties":{"building":"house","height":3.2,"heightSource":"inferred"},"geometry":{"type":"MultiPolygon","coordinates":[[[[465901.65,1734424.66],[465911.69,1734421.13],[465905.84,1734404.7],[465895.81,1734408.22],[465901.65,1734424.66]]]]}},{"type":"Feature","properties":{"building":"house","height":3.2,"heightSource":"inferred"},"geometry":{"type":"MultiPolygon","coordinates":[[[[465914.15,1734411.81],[465918.92,1734425.31],[465928.75,1734421.87],[465923.97,1734408.37],[465914.15,1734411.81]]]]}},{"type":"Feature","properties":{"building":"house","height":3.2,"heightSource":"inferred"},"geometry":{"type":"MultiPolygon","coordinates":[[[[465854.27,1734425.08],[465861.52,1734422.34],[465858.72,1734415.05],[465851.47,1734417.8],[465854.27,1734425.08]]]]}},{"type":"Feature","properties":{"building":"house","height":3.2,"heightSource":"inferred"},"geometry":{"type":"MultiPolygon","coordinates":[[[[465863.4,1734422.7],[465870.94,1734419.16],[465866.31,1734409.41],[465858.77,1734412.95],[465863.4,1734422.7]]]]}},{"type":"Feature","properties":{"building":"house","height":3.2,"heightSource":"inferred"},"geometry":{"type":"MultiPolygon","coordinates":[[[[465774.59,1734431.34],[465786.58,1734427.44],[465783.74,1734418.81],[465771.74,1734422.72],[465774.59,1734431.34]]]]}},{"type":"Feature","properties":{"building":"house","height":3.2,"heightSource":"inferred"},"geometry":{"type":"MultiPolygon","coordinates":[[[[465764.14,1734410.41],[465768.89,1734422.29],[465779.69,1734418.01],[465775.57,1734407.72],[465773.3,1734408.62],[465771.43,1734403.99],[465766.71,1734405.87],[465767.93,1734408.9],[465764.14,1734410.41]]]]}},{"type":"Feature","properties":{"building":"house","height":3.2,"heightSource":"inferred"},"geometry":{"type":"MultiPolygon","coordinates":[[[[465777.68,1734400.76],[465781.64,1734411.42],[465790.24,1734408.25],[465786.28,1734397.61],[465777.68,1734400.76]]]]}},{"type":"Feature","properties":{"building":"house","height":3.2,"heightSource":"inferred"},"geometry":{"type":"MultiPolygon","coordinates":[[[[465791.31,1734405.41],[465798.19,1734403.13],[465794.79,1734393.05],[465787.92,1734395.33],[465791.31,1734405.41]]]]}},{"type":"Feature","properties":{"building":"house","height":3.2,"heightSource":"inferred"},"geometry":{"type":"MultiPolygon","coordinates":[[[[465800.12,1734418.23],[465803.9,1734427],[465811.28,1734423.87],[465807.52,1734415.09],[465800.12,1734418.23]]]]}},{"type":"Feature","properties":{"building":"house","height":3.2,"heightSource":"inferred"},"geometry":{"type":"MultiPolygon","coordinates":[[[[465799.37,1734399.73],[465802.62,1734408.07],[465812.47,1734404.28],[465809.22,1734395.95],[465799.37,1734399.73]]]]}},{"type":"Feature","properties":{"building":"house","height":3.2,"heightSource":"inferred"},"geometry":{"type":"MultiPolygon","coordinates":[[[[465810.64,1734395.78],[465819.5,1734392.18],[465815.9,1734383.43],[465807.04,1734387.02],[465810.64,1734395.78]]]]}},{"type":"Feature","properties":{"building":"house","height":3.2,"heightSource":"inferred"},"geometry":{"type":"MultiPolygon","coordinates":[[[[465817.4,1734380.87],[465821.55,1734391.1],[465829.3,1734387.99],[465825.15,1734377.76],[465817.4,1734380.87]]]]}},{"type":"Feature","properties":{"building":"house","height":3.2,"heightSource":"inferred"},"geometry":{"type":"MultiPolygon","coordinates":[[[[465832.89,1734375.95],[465837.67,1734388.58],[465846.06,1734385.45],[465841.29,1734372.8],[465832.89,1734375.95]]]]}},{"type":"Feature","properties":{"building":"house","height":3.2,"heightSource":"inferred"},"geometry":{"type":"MultiPolygon","coordinates":[[[[465843.55,1734374.68],[465847.41,1734383.08],[465856.32,1734379.03],[465852.46,1734370.64],[465843.55,1734374.68]]]]}},{"type":"Feature","properties":{"building":"yes","height":6,"heightSource":"default"},"geometry":{"type":"MultiPolygon","coordinates":[[[[465811.83,1734396.4],[465813.97,1734401.49],[465822.33,1734398.04],[465820.19,1734392.93],[465811.83,1734396.4]]]]}},{"type":"Feature","properties":{"building":"yes","height":6,"heightSource":"default"},"geometry":{"type":"MultiPolygon","coordinates":[[[[465824.07,1734397.53],[465833.15,1734394.04],[465830.9,1734388.25],[465821.82,1734391.74],[465824.07,1734397.53]]]]}},{"type":"Feature","properties":{"building":"yes","height":6,"heightSource":"default"},"geometry":{"type":"MultiPolygon","coordinates":[[[[465848.01,1734383.45],[465851.18,1734390.95],[465859.42,1734387.51],[465856.25,1734380],[465848.01,1734383.45]]]]}},{"type":"Feature","properties":{"building":"house","height":3.2,"heightSource":"inferred"},"geometry":{"type":"MultiPolygon","coordinates":[[[[465855.37,1734372.93],[465859.69,1734385.75],[465868.11,1734382.94],[465863.8,1734370.11],[465855.37,1734372.93]]]]}},{"type":"Feature","properties":{"building":"yes","height":6,"heightSource":"default"},"geometry":{"type":"MultiPolygon","coordinates":[[[[465837.26,1734402.71],[465840.44,1734413.41],[465848.77,1734410.98],[465845.59,1734400.26],[465837.26,1734402.71]]]]}},{"type":"Feature","properties":{"building":"house","height":3.2,"heightSource":"inferred"},"geometry":{"type":"MultiPolygon","coordinates":[[[[465870.71,1734363.33],[465874.26,1734374.57],[465866.96,1734376.85],[465863.4,1734365.62],[465870.71,1734363.33]]]]}},{"type":"Feature","properties":{"building":"house","height":3.2,"heightSource":"inferred"},"geometry":{"type":"MultiPolygon","coordinates":[[[[465879.59,1734365.11],[465881.35,1734368.44],[465878.49,1734369.93],[465882.76,1734378.05],[465895.32,1734371.53],[465889.31,1734360.07],[465879.59,1734365.11]]]]}},{"type":"Feature","properties":{"building":"yes","height":6,"heightSource":"default"},"geometry":{"type":"MultiPolygon","coordinates":[[[[465909.32,1734388.86],[465921.74,1734384.16],[465918.1,1734374.67],[465905.69,1734379.37],[465909.32,1734388.86]]]]}},{"type":"Feature","properties":{"building":"yes","height":6,"heightSource":"default"},"geometry":{"type":"MultiPolygon","coordinates":[[[[465904.44,1734378.6],[465916.87,1734372.72],[465913.41,1734365.53],[465900.99,1734371.41],[465904.44,1734378.6]]]]}},{"type":"Feature","properties":{"building":"yes","height":6,"heightSource":"default"},"geometry":{"type":"MultiPolygon","coordinates":[[[[465924.8,1734344.86],[465928.22,1734354.33],[465934.76,1734352],[465931.34,1734342.53],[465924.8,1734344.86]]]]}},{"type":"Feature","properties":{"building":"yes","height":6,"heightSource":"default"},"geometry":{"type":"MultiPolygon","coordinates":[[[[465935.91,1734352.31],[465952.87,1734346.48],[465949.35,1734336.37],[465932.4,1734342.2],[465935.91,1734352.31]]]]}},{"type":"Feature","properties":{"building":"yes","height":6,"heightSource":"default"},"geometry":{"type":"MultiPolygon","coordinates":[[[[465932.27,1734372.38],[465937,1734377.32],[465943,1734371.64],[465938.28,1734366.71],[465932.27,1734372.38]]]]}},{"type":"Feature","properties":{"building":"house","height":3.2,"heightSource":"inferred"},"geometry":{"type":"MultiPolygon","coordinates":[[[[465951.24,1734398.46],[465943.03,1734401.48],[465946.57,1734410.96],[465950.44,1734409.54],[465951.48,1734412.33],[465955.81,1734410.73],[465951.24,1734398.46]]]]}},{"type":"Feature","properties":{"building":"house","height":3.2,"heightSource":"inferred"},"geometry":{"type":"MultiPolygon","coordinates":[[[[465952.46,1734398.29],[465955.83,1734407.39],[465964.13,1734404.35],[465960.76,1734395.26],[465952.46,1734398.29]]]]}},{"type":"Feature","properties":{"building":"house","height":3.2,"heightSource":"inferred"},"geometry":{"type":"MultiPolygon","coordinates":[[[[465972.46,1734401.06],[465969.9,1734393.52],[465962.35,1734396.05],[465964.92,1734403.6],[465972.46,1734401.06]]]]}},{"type":"Feature","properties":{"building":"house","height":3.2,"heightSource":"inferred"},"geometry":{"type":"MultiPolygon","coordinates":[[[[465982.02,1734375.45],[465985.61,1734385.88],[465995.76,1734382.44],[465992.17,1734372],[465982.02,1734375.45]]]]}},{"type":"Feature","properties":{"building":"house","height":3.2,"heightSource":"inferred"},"geometry":{"type":"MultiPolygon","coordinates":[[[[465985.3,1734389.22],[465989.85,1734398.64],[465999.98,1734393.8],[465995.43,1734384.39],[465985.3,1734389.22]]]]}},{"type":"Feature","properties":{"building":"house","height":3.2,"heightSource":"inferred"},"geometry":{"type":"MultiPolygon","coordinates":[[[[465970.08,1734355.44],[465980.8,1734351.5],[465977.43,1734342.47],[465966.72,1734346.41],[465970.08,1734355.44]]]]}},{"type":"Feature","properties":{"building":"house","height":3.2,"heightSource":"inferred"},"geometry":{"type":"MultiPolygon","coordinates":[[[[465960.97,1734329.83],[465966.61,1734344.6],[465973.34,1734342.06],[465967.71,1734327.3],[465960.97,1734329.83]]]]}},{"type":"Feature","properties":{"building":"house","height":3.2,"heightSource":"inferred"},"geometry":{"type":"MultiPolygon","coordinates":[[[[465972.65,1734330.55],[465976.31,1734338.69],[465984.11,1734335.23],[465980.47,1734327.09],[465972.65,1734330.55]]]]}},{"type":"Feature","properties":{"building":"yes","height":6,"heightSource":"default"},"geometry":{"type":"MultiPolygon","coordinates":[[[[465985.94,1734324.77],[465988.37,1734330.62],[465993.08,1734328.68],[465990.65,1734322.84],[465985.94,1734324.77]]]]}},{"type":"Feature","properties":{"building":"house","height":3.2,"heightSource":"inferred"},"geometry":{"type":"MultiPolygon","coordinates":[[[[465994.62,1734320.77],[465997.32,1734328.31],[466004.96,1734325.61],[466002.27,1734318.06],[465994.62,1734320.77]]]]}},{"type":"Feature","properties":{"building":"yes","height":6,"heightSource":"default"},"geometry":{"type":"MultiPolygon","coordinates":[[[[466016.49,1734324.83],[466025.66,1734321.91],[466021.64,1734309.46],[466012.48,1734312.37],[466016.49,1734324.83]]]]}},{"type":"Feature","properties":{"building":"house","height":3.2,"heightSource":"inferred"},"geometry":{"type":"MultiPolygon","coordinates":[[[[466026.29,1734303.78],[466030.37,1734314.89],[466038.22,1734312.04],[466034.14,1734300.93],[466026.29,1734303.78]]]]}},{"type":"Feature","properties":{"building":"yes","height":6,"heightSource":"default"},"geometry":{"type":"MultiPolygon","coordinates":[[[[466032.22,1734339.51],[466035.88,1734347.78],[466045.08,1734343.76],[466041.42,1734335.49],[466032.22,1734339.51]]]]}},{"type":"Feature","properties":{"building":"house","height":3.2,"heightSource":"inferred"},"geometry":{"type":"MultiPolygon","coordinates":[[[[466058.41,1734341.59],[466068.45,1734337.34],[466064.45,1734328.02],[466054.41,1734332.28],[466058.41,1734341.59]]]]}},{"type":"Feature","properties":{"building":"house","height":3.2,"heightSource":"inferred"},"geometry":{"type":"MultiPolygon","coordinates":[[[[466039.7,1734298.85],[466046.5,1734317.72],[466058.32,1734313.51],[466054.81,1734303.77],[466050.55,1734305.29],[466047.25,1734296.15],[466039.7,1734298.85]]]]}},{"type":"Feature","properties":{"building":"yes","height":6,"heightSource":"default"},"geometry":{"type":"MultiPolygon","coordinates":[[[[466075.24,1734321.25],[466071.13,1734311.62],[466055.92,1734318.04],[466058.48,1734324.03],[466060.98,1734322.97],[466062.53,1734326.6],[466075.24,1734321.25]]]]}},{"type":"Feature","properties":{"building":"house","height":3.2,"heightSource":"inferred"},"geometry":{"type":"MultiPolygon","coordinates":[[[[466073.06,1734308.53],[466065.8,1734289.22],[466054.14,1734293.54],[466061.41,1734312.85],[466073.06,1734308.53]]]]}},{"type":"Feature","properties":{"building":"yes","height":6,"heightSource":"default"},"geometry":{"type":"MultiPolygon","coordinates":[[[[466069.86,1734289.32],[466075.91,1734304.37],[466086.68,1734300.09],[466081.66,1734287.65],[466080.44,1734288.12],[466079.4,1734285.54],[466069.86,1734289.32]]]]}},{"type":"Feature","properties":{"building":"yes","height":6,"heightSource":"default"},"geometry":{"type":"MultiPolygon","coordinates":[[[[466174.22,1734258.9],[466176.32,1734265.04],[466170.18,1734267.12],[466168.08,1734260.98],[466174.22,1734258.9]]]]}},{"type":"Feature","properties":{"building":"house","height":3.2,"heightSource":"inferred"},"geometry":{"type":"MultiPolygon","coordinates":[[[[466083.43,1734286.68],[466085.98,1734294.32],[466095.54,1734291.17],[466093,1734283.53],[466083.43,1734286.68]]]]}},{"type":"Feature","properties":{"building":"house","height":3.2,"heightSource":"inferred"},"geometry":{"type":"MultiPolygon","coordinates":[[[[466105.9,1734290.83],[466115.3,1734288.43],[466112.48,1734277.51],[466103.07,1734279.93],[466105.9,1734290.83]]]]}},{"type":"Feature","properties":{"building":"yes","height":6,"heightSource":"default"},"geometry":{"type":"MultiPolygon","coordinates":[[[[466098.43,1734310.77],[466102.1,1734318.38],[466109.62,1734314.78],[466105.95,1734307.18],[466098.43,1734310.77]]]]}},{"type":"Feature","properties":{"building":"house","height":3.2,"heightSource":"inferred"},"geometry":{"type":"MultiPolygon","coordinates":[[[[465554.88,1734453.33],[465558.55,1734463.73],[465567.45,1734460.63],[465563.79,1734450.23],[465554.88,1734453.33]]]]}},{"type":"Feature","properties":{"building":"yes","height":6,"heightSource":"default"},"geometry":{"type":"MultiPolygon","coordinates":[[[[465549,1734426.1],[465552.94,1734437.37],[465559.54,1734435.09],[465555.61,1734423.82],[465549,1734426.1]]]]}},{"type":"Feature","properties":{"building":"yes","height":6,"heightSource":"default"},"geometry":{"type":"MultiPolygon","coordinates":[[[[465559.48,1734413.75],[465555.02,1734402.36],[465542.31,1734407.27],[465546.78,1734418.65],[465559.48,1734413.75]]]]}},{"type":"Feature","properties":{"building":"house","height":6.4,"heightSource":"inferred"},"geometry":{"type":"MultiPolygon","coordinates":[[[[465569.61,1734449.06],[465573.15,1734458.65],[465581.59,1734455.57],[465578.05,1734445.98],[465569.61,1734449.06]]]]}},{"type":"Feature","properties":{"building":"house","height":6.4,"heightSource":"inferred"},"geometry":{"type":"MultiPolygon","coordinates":[[[[465580.97,1734445.68],[465583.96,1734453.96],[465591.26,1734451.36],[465588.25,1734443.08],[465580.97,1734445.68]]]]}},{"type":"Feature","properties":{"building":"house","height":6.4,"heightSource":"inferred"},"geometry":{"type":"MultiPolygon","coordinates":[[[[465598.44,1734433.95],[465603.2,1734444.56],[465610.61,1734441.28],[465605.85,1734430.67],[465598.44,1734433.95]]]]}},{"type":"Feature","properties":{"building":"house","height":6.4,"heightSource":"inferred"},"geometry":{"type":"MultiPolygon","coordinates":[[[[465611.65,1734437.26],[465615.91,1734445.29],[465624.78,1734440.65],[465620.52,1734432.61],[465611.65,1734437.26]]]]}},{"type":"Feature","properties":{"building":"house","height":6.4,"heightSource":"inferred"},"geometry":{"type":"MultiPolygon","coordinates":[[[[465633.14,1734426.45],[465637.89,1734435.95],[465647.15,1734431.37],[465642.39,1734421.88],[465633.14,1734426.45]]]]}},{"type":"Feature","properties":{"building":"house","height":6.4,"heightSource":"inferred"},"geometry":{"type":"MultiPolygon","coordinates":[[[[465653.86,1734415.85],[465657.7,1734425.74],[465666.83,1734422.26],[465662.99,1734412.35],[465653.86,1734415.85]]]]}},{"type":"Feature","properties":{"building":"house","height":6.4,"heightSource":"inferred"},"geometry":{"type":"MultiPolygon","coordinates":[[[[465688.21,1734404.66],[465691.43,1734413.33],[465699.25,1734410.45],[465696.02,1734401.78],[465688.21,1734404.66]]]]}},{"type":"Feature","properties":{"building":"house","height":6.4,"heightSource":"inferred"},"geometry":{"type":"MultiPolygon","coordinates":[[[[465696.01,1734394.89],[465699.46,1734404.29],[465707.41,1734401.4],[465703.97,1734392.01],[465696.01,1734394.89]]]]}},{"type":"Feature","properties":{"building":"house","height":6.4,"heightSource":"inferred"},"geometry":{"type":"MultiPolygon","coordinates":[[[[465715.54,1734394.72],[465719.11,1734403.7],[465727.25,1734400.52],[465723.69,1734391.52],[465715.54,1734394.72]]]]}},{"type":"Feature","properties":{"building":"house","height":6.4,"heightSource":"inferred"},"geometry":{"type":"MultiPolygon","coordinates":[[[[465744.14,1734391.44],[465741.13,1734383.03],[465731.03,1734386.6],[465732.76,1734391.44],[465735.67,1734390.42],[465736.94,1734393.99],[465744.14,1734391.44]]]]}},{"type":"Feature","properties":{"building":"house","height":6.4,"heightSource":"inferred"},"geometry":{"type":"MultiPolygon","coordinates":[[[[465732.95,1734357.58],[465729.31,1734347.33],[465710.63,1734353.88],[465713.54,1734362.07],[465719.47,1734359.99],[465720.2,1734362.05],[465732.95,1734357.58]]]]}},{"type":"Feature","properties":{"building":"yes","height":6,"heightSource":"default"},"geometry":{"type":"MultiPolygon","coordinates":[[[[465577.77,1734433.5],[465579.67,1734438.94],[465585.17,1734437.04],[465583.26,1734431.59],[465577.77,1734433.5]]]]}},{"type":"Feature","properties":{"building":"house","height":6.4,"heightSource":"inferred"},"geometry":{"type":"MultiPolygon","coordinates":[[[[465579.3,1734380.81],[465576.7,1734373.01],[465568.01,1734375.87],[465570.6,1734383.66],[465579.3,1734380.81]]]]}},{"type":"Feature","properties":{"building":"house","height":6.4,"heightSource":"inferred"},"geometry":{"type":"MultiPolygon","coordinates":[[[[465602.45,1734378.53],[465599.16,1734369.45],[465591.32,1734372.26],[465594.62,1734381.34],[465602.45,1734378.53]]]]}},{"type":"Feature","properties":{"building":"house","height":6.4,"heightSource":"inferred"},"geometry":{"type":"MultiPolygon","coordinates":[[[[465602.04,1734368.39],[465605.31,1734376.93],[465614.23,1734373.57],[465610.96,1734365.01],[465602.04,1734368.39]]]]}},{"type":"Feature","properties":{"building":"house","height":6.4,"heightSource":"inferred"},"geometry":{"type":"MultiPolygon","coordinates":[[[[465632.13,1734366.86],[465641.79,1734363.39],[465638.04,1734353.09],[465628.39,1734356.54],[465632.13,1734366.86]]]]}},{"type":"Feature","properties":{"building":"house","height":6.4,"heightSource":"inferred"},"geometry":{"type":"MultiPolygon","coordinates":[[[[465675.31,1734340.94],[465679.97,1734354.12],[465688.49,1734351.14],[465683.83,1734337.97],[465675.31,1734340.94]]]]}},{"type":"Feature","properties":{"building":"house","height":6.4,"heightSource":"inferred"},"geometry":{"type":"MultiPolygon","coordinates":[[[[465704.33,1734348.63],[465699.37,1734333],[465688.57,1734336.39],[465691.13,1734344.44],[465688.81,1734345.16],[465691.22,1734352.74],[465704.33,1734348.63]]]]}},{"type":"Feature","properties":{"building":"house","height":6.4,"heightSource":"inferred"},"geometry":{"type":"MultiPolygon","coordinates":[[[[465710.95,1734326.9],[465714.28,1734336.47],[465723.6,1734333.26],[465720.25,1734323.7],[465710.95,1734326.9]]]]}},{"type":"Feature","properties":{"building":"house","height":6.4,"heightSource":"inferred"},"geometry":{"type":"MultiPolygon","coordinates":[[[[465755.6,1734379.19],[465758.74,1734388.11],[465766.93,1734385.27],[465763.78,1734376.36],[465755.6,1734379.19]]]]}},{"type":"Feature","properties":{"building":"house","height":6.4,"heightSource":"inferred"},"geometry":{"type":"MultiPolygon","coordinates":[[[[465766.32,1734365.95],[465769.37,1734376.72],[465777.2,1734374.53],[465774.16,1734363.77],[465766.32,1734365.95]]]]}},{"type":"Feature","properties":{"building":"house","height":6.4,"heightSource":"inferred"},"geometry":{"type":"MultiPolygon","coordinates":[[[[465780.5,1734366.77],[465783.74,1734375.11],[465791.64,1734372.08],[465788.4,1734363.74],[465780.5,1734366.77]]]]}},{"type":"Feature","properties":{"building":"house","height":6.4,"heightSource":"inferred"},"geometry":{"type":"MultiPolygon","coordinates":[[[[465745.51,1734354.55],[465749.38,1734362.94],[465758.37,1734358.85],[465754.5,1734350.46],[465745.51,1734354.55]]]]}},{"type":"Feature","properties":{"building":"house","height":6.4,"heightSource":"inferred"},"geometry":{"type":"MultiPolygon","coordinates":[[[[465745.37,1734352.98],[465754.03,1734349.83],[465750.88,1734341.29],[465742.23,1734344.45],[465745.37,1734352.98]]]]}},{"type":"Feature","properties":{"building":"house","height":6.4,"heightSource":"inferred"},"geometry":{"type":"MultiPolygon","coordinates":[[[[465731.62,1734317.64],[465735.41,1734327.92],[465744.76,1734324.52],[465740.97,1734314.23],[465731.62,1734317.64]]]]}},{"type":"Feature","properties":{"building":"house","height":6.4,"heightSource":"inferred"},"geometry":{"type":"MultiPolygon","coordinates":[[[[465744.5,1734312.93],[465747.08,1734320.38],[465755.31,1734317.57],[465752.72,1734310.11],[465744.5,1734312.93]]]]}},{"type":"Feature","properties":{"building":"house","height":6.4,"heightSource":"inferred"},"geometry":{"type":"MultiPolygon","coordinates":[[[[465792.82,1734372.1],[465802.07,1734369.23],[465798.99,1734359.44],[465789.75,1734362.31],[465792.82,1734372.1]]]]}},{"type":"Feature","properties":{"building":"house","height":6.4,"heightSource":"inferred"},"geometry":{"type":"MultiPolygon","coordinates":[[[[465808.54,1734367.45],[465817.53,1734364.1],[465813.41,1734353.19],[465804.42,1734356.53],[465808.54,1734367.45]]]]}},{"type":"Feature","properties":{"building":"house","height":6.4,"heightSource":"inferred"},"geometry":{"type":"MultiPolygon","coordinates":[[[[465818.5,1734362.99],[465826.72,1734360.01],[465822.83,1734349.46],[465814.62,1734352.45],[465818.5,1734362.99]]]]}},{"type":"Feature","properties":{"building":"house","height":6.4,"heightSource":"inferred"},"geometry":{"type":"MultiPolygon","coordinates":[[[[465801.8,1734350.85],[465806.53,1734349.27],[465802.34,1734336.88],[465793.37,1734339.87],[465795.86,1734347.25],[465800.11,1734345.84],[465801.8,1734350.85]]]]}},{"type":"Feature","properties":{"building":"house","height":6.4,"heightSource":"inferred"},"geometry":{"type":"MultiPolygon","coordinates":[[[[465761.75,1734319.02],[465769.8,1734316.31],[465766.9,1734307.76],[465758.83,1734310.48],[465761.75,1734319.02]]]]}},{"type":"Feature","properties":{"building":"house","height":6.4,"heightSource":"inferred"},"geometry":{"type":"MultiPolygon","coordinates":[[[[465796.73,1734310.1],[465806.36,1734307.53],[465803.39,1734296.52],[465793.76,1734299.08],[465796.73,1734310.1]]]]}},{"type":"Feature","properties":{"building":"house","height":6.4,"heightSource":"inferred"},"geometry":{"type":"MultiPolygon","coordinates":[[[[465816.06,1734300.4],[465817.02,1734299.93],[465825.11,1734295.98],[465825.57,1734295.76],[465821.38,1734287.27],[465811.86,1734291.91],[465816.06,1734300.4]]]]}},{"type":"Feature","properties":{"building":"yes","height":6,"heightSource":"default"},"geometry":{"type":"MultiPolygon","coordinates":[[[[465799,1734336.52],[465806.72,1734334.17],[465804.52,1734327.01],[465796.8,1734329.35],[465799,1734336.52]]]]}},{"type":"Feature","properties":{"building":"house","height":6.4,"heightSource":"inferred"},"geometry":{"type":"MultiPolygon","coordinates":[[[[465859.9,1734349.96],[465868.38,1734347.73],[465865.88,1734338.35],[465857.41,1734340.58],[465859.9,1734349.96]]]]}},{"type":"Feature","properties":{"building":"yes","height":6,"heightSource":"default"},"geometry":{"type":"MultiPolygon","coordinates":[[[[465820.72,1734324.85],[465828.33,1734322.91],[465826.88,1734317.29],[465819.26,1734319.22],[465820.72,1734324.85]]]]}},{"type":"Feature","properties":{"building":"yes","height":6,"heightSource":"default"},"geometry":{"type":"MultiPolygon","coordinates":[[[[465770.65,1734357.22],[465776.53,1734355.46],[465775.22,1734351.21],[465769.35,1734352.98],[465770.65,1734357.22]]]]}},{"type":"Feature","properties":{"building":"yes","height":6,"heightSource":"default"},"geometry":{"type":"MultiPolygon","coordinates":[[[[465831.06,1734339.07],[465839.41,1734336.83],[465837.42,1734329.48],[465829.06,1734331.71],[465831.06,1734339.07]]]]}},{"type":"Feature","properties":{"building":"yes","height":6,"heightSource":"default"},"geometry":{"type":"MultiPolygon","coordinates":[[[[465817.02,1734299.93],[465821.87,1734309.85],[465830,1734306.18],[465825.11,1734295.98],[465817.02,1734299.93]]]]}},{"type":"Feature","properties":{"building":"yes","height":6,"heightSource":"default"},"geometry":{"type":"MultiPolygon","coordinates":[[[[465870.23,1734340.08],[465879.98,1734338.28],[465878.32,1734329.42],[465868.57,1734331.23],[465870.23,1734340.08]]]]}},{"type":"Feature","properties":{"building":"yes","height":6,"heightSource":"default"},"geometry":{"type":"MultiPolygon","coordinates":[[[[465878.65,1734314.25],[465880.88,1734324.31],[465888.8,1734322.57],[465886.57,1734312.52],[465878.65,1734314.25]]]]}},{"type":"Feature","properties":{"building":"house","height":6.4,"heightSource":"inferred"},"geometry":{"type":"MultiPolygon","coordinates":[[[[465920.44,1734328.38],[465930.5,1734324.36],[465929.02,1734320.69],[465933.17,1734319.04],[465929.64,1734310.33],[465921.24,1734313.68],[465922.74,1734317.39],[465919.7,1734318.6],[465921.13,1734322.12],[465918.36,1734323.23],[465920.44,1734328.38]]]]}},{"type":"Feature","properties":{"building":"house","height":6.4,"heightSource":"inferred"},"geometry":{"type":"MultiPolygon","coordinates":[[[[465922.31,1734290.34],[465931.74,1734286.84],[465928.41,1734278.01],[465918.99,1734281.52],[465922.31,1734290.34]]]]}},{"type":"Feature","properties":{"building":"house","height":6.4,"heightSource":"inferred"},"geometry":{"type":"MultiPolygon","coordinates":[[[[465918.63,1734280.36],[465928.41,1734276.32],[465924.11,1734266.05],[465914.33,1734270.09],[465918.63,1734280.36]]]]}},{"type":"Feature","properties":{"building":"house","height":6.4,"heightSource":"inferred"},"geometry":{"type":"MultiPolygon","coordinates":[[[[465839.45,1734278.19],[465843.14,1734286.89],[465853.71,1734282.46],[465850.01,1734273.76],[465839.45,1734278.19]]]]}},{"type":"Feature","properties":{"building":"house","height":6.4,"heightSource":"inferred"},"geometry":{"type":"MultiPolygon","coordinates":[[[[465863.54,1734270.99],[465867.64,1734280.17],[465876.43,1734276.3],[465872.33,1734267.12],[465863.54,1734270.99]]]]}},{"type":"Feature","properties":{"building":"house","height":6.4,"heightSource":"inferred"},"geometry":{"type":"MultiPolygon","coordinates":[[[[465884.59,1734269.7],[465891.69,1734266.52],[465889.26,1734261.17],[465882.17,1734264.34],[465884.59,1734269.7]]]]}},{"type":"Feature","properties":{"building":"house","height":6.4,"heightSource":"inferred"},"geometry":{"type":"MultiPolygon","coordinates":[[[[465893.06,1734262.8],[465897.4,1734271.92],[465906.96,1734267.42],[465902.61,1734258.3],[465893.06,1734262.8]]]]}},{"type":"Feature","properties":{"building":"yes","height":6,"heightSource":"default"},"geometry":{"type":"MultiPolygon","coordinates":[[[[465862.51,1734314.41],[465872.32,1734311.79],[465870.48,1734304.99],[465860.67,1734307.61],[465862.51,1734314.41]]]]}},{"type":"Feature","properties":{"building":"house","height":6.4,"heightSource":"inferred"},"geometry":{"type":"MultiPolygon","coordinates":[[[[465952.78,1734304.23],[465957.36,1734315.15],[465968.73,1734310.44],[465964.15,1734299.53],[465952.78,1734304.23]]]]}},{"type":"Feature","properties":{"building":"house","height":6.4,"heightSource":"inferred"},"geometry":{"type":"MultiPolygon","coordinates":[[[[465976.39,1734308.02],[465985.59,1734304.29],[465981.92,1734295.37],[465972.72,1734299.09],[465976.39,1734308.02]]]]}},{"type":"Feature","properties":{"building":"yes","height":6,"heightSource":"default"},"geometry":{"type":"MultiPolygon","coordinates":[[[[465998.78,1734299.34],[466011,1734294.47],[466006.29,1734282.79],[465994.07,1734287.66],[465998.78,1734299.34]]]]}},{"type":"Feature","properties":{"building":"house","height":6.4,"heightSource":"inferred"},"geometry":{"type":"MultiPolygon","coordinates":[[[[466017.88,1734282.15],[466020.97,1734290.77],[466029.67,1734287.68],[466026.57,1734279.06],[466017.88,1734282.15]]]]}},{"type":"Feature","properties":{"building":"house","height":6.4,"heightSource":"inferred"},"geometry":{"type":"MultiPolygon","coordinates":[[[[466061.89,1734275.66],[466072.23,1734272.81],[466069.03,1734261.38],[466058.69,1734264.24],[466061.89,1734275.66]]]]}},{"type":"Feature","properties":{"building":"yes","height":6,"heightSource":"default"},"geometry":{"type":"MultiPolygon","coordinates":[[[[465957.46,1734295.19],[465966.97,1734290.14],[465960.6,1734278.3],[465946.84,1734285.61],[465950.68,1734292.75],[465954.93,1734290.49],[465957.46,1734295.19]]]]}},{"type":"Feature","properties":{"building":"house","height":6.4,"heightSource":"inferred"},"geometry":{"type":"MultiPolygon","coordinates":[[[[465938.09,1734263.12],[465941.3,1734271.98],[465950.34,1734268.76],[465947.13,1734259.9],[465938.09,1734263.12]]]]}},{"type":"Feature","properties":{"building":"house","height":6.4,"heightSource":"inferred"},"geometry":{"type":"MultiPolygon","coordinates":[[[[465949.67,1734241.82],[465953.2,1734250.66],[465961.92,1734247.23],[465958.38,1734238.38],[465949.67,1734241.82]]]]}},{"type":"Feature","properties":{"building":"yes","height":6,"heightSource":"default"},"geometry":{"type":"MultiPolygon","coordinates":[[[[465973.13,1734256.34],[465981.39,1734255.54],[465980.64,1734247.75],[465972.38,1734248.53],[465973.13,1734256.34]]]]}},{"type":"Feature","properties":{"building":"yes","height":6,"heightSource":"default"},"geometry":{"type":"MultiPolygon","coordinates":[[[[465967.9,1734276.17],[465971.93,1734283.42],[465979.65,1734279.18],[465975.62,1734271.93],[465967.9,1734276.17]]]]}},{"type":"Feature","properties":{"building":"house","height":6.4,"heightSource":"inferred"},"geometry":{"type":"MultiPolygon","coordinates":[[[[466017.74,1734275.4],[466027.64,1734273.48],[466025.83,1734264.27],[466015.93,1734266.19],[466017.74,1734275.4]]]]}},{"type":"Feature","properties":{"building":"house","height":6.4,"heightSource":"inferred"},"geometry":{"type":"MultiPolygon","coordinates":[[[[465999.18,1734238.64],[465994.32,1734224.37],[465986.69,1734226.94],[465991.55,1734241.2],[465999.18,1734238.64]]]]}},{"type":"Feature","properties":{"building":"yes","height":6,"heightSource":"default"},"geometry":{"type":"MultiPolygon","coordinates":[[[[466018.36,1734250.37],[466029.85,1734244.73],[466025.36,1734235.71],[466013.88,1734241.35],[466018.36,1734250.37]]]]}},{"type":"Feature","properties":{"building":"house","height":6.4,"heightSource":"inferred"},"geometry":{"type":"MultiPolygon","coordinates":[[[[466009.31,1734227.94],[466017.49,1734224.06],[466013.31,1734215.33],[466005.12,1734219.2],[466009.31,1734227.94]]]]}},{"type":"Feature","properties":{"building":"house","height":6.4,"heightSource":"inferred"},"geometry":{"type":"MultiPolygon","coordinates":[[[[466026.51,1734224.44],[466036.24,1734220.97],[466032.93,1734211.82],[466023.21,1734215.27],[466026.51,1734224.44]]]]}},{"type":"Feature","properties":{"building":"yes","height":6,"heightSource":"default"},"geometry":{"type":"MultiPolygon","coordinates":[[[[466031.07,1734239.09],[466038.55,1734235.05],[466034.11,1734226.93],[466026.63,1734230.96],[466031.07,1734239.09]]]]}},{"type":"Feature","properties":{"building":"yes","height":6,"heightSource":"default"},"geometry":{"type":"MultiPolygon","coordinates":[[[[466039.82,1734243.53],[466044.39,1734250.92],[466050.45,1734247.22],[466045.88,1734239.83],[466039.82,1734243.53]]]]}},{"type":"Feature","properties":{"building":"yes","height":6,"heightSource":"default"},"geometry":{"type":"MultiPolygon","coordinates":[[[[466038.37,1734230.97],[466056.31,1734226.73],[466055.17,1734222.02],[466052.16,1734222.73],[466051.23,1734218.84],[466036.31,1734222.36],[466038.37,1734230.97]]]]}},{"type":"Feature","properties":{"building":"house","height":6.4,"heightSource":"inferred"},"geometry":{"type":"MultiPolygon","coordinates":[[[[466036.61,1734219.44],[466047.96,1734216.39],[466045.23,1734206.38],[466033.87,1734209.44],[466036.61,1734219.44]]]]}},{"type":"Feature","properties":{"building":"yes","height":6,"heightSource":"default"},"geometry":{"type":"MultiPolygon","coordinates":[[[[466055.48,1734217.94],[466064.23,1734215.49],[466060.66,1734202.95],[466051.9,1734205.42],[466055.48,1734217.94]]]]}},{"type":"Feature","properties":{"building":"house","height":6.4,"heightSource":"inferred"},"geometry":{"type":"MultiPolygon","coordinates":[[[[466068.84,1734203.35],[466076.73,1734200.67],[466073.62,1734191.65],[466065.73,1734194.32],[466068.84,1734203.35]]]]}},{"type":"Feature","properties":{"building":"yes","height":6,"heightSource":"default"},"geometry":{"type":"MultiPolygon","coordinates":[[[[466088.73,1734227.31],[466098.08,1734224.92],[466095.28,1734214.08],[466085.94,1734216.47],[466088.73,1734227.31]]]]}},{"type":"Feature","properties":{"building":"house","height":6.4,"heightSource":"inferred"},"geometry":{"type":"MultiPolygon","coordinates":[[[[466115.27,1734195.84],[466123.86,1734192.05],[466119.9,1734183.19],[466111.3,1734186.99],[466115.27,1734195.84]]]]}},{"type":"Feature","properties":{"building":"house","height":6.4,"heightSource":"inferred"},"geometry":{"type":"MultiPolygon","coordinates":[[[[466101.92,1734197.53],[466109.27,1734191.81],[466103.22,1734184.15],[466095.88,1734189.87],[466101.92,1734197.53]]]]}},{"type":"Feature","properties":{"building":"house","height":6.4,"heightSource":"inferred"},"geometry":{"type":"MultiPolygon","coordinates":[[[[466119.76,1734216.37],[466133.6,1734210.67],[466129.75,1734201.43],[466123.1,1734204.17],[466120.68,1734198.38],[466113.5,1734201.33],[466119.76,1734216.37]]]]}},{"type":"Feature","properties":{"building":"yes","height":6,"heightSource":"default"},"geometry":{"type":"MultiPolygon","coordinates":[[[[466112.36,1734183.58],[466119.3,1734180.93],[466116.06,1734172.56],[466109.12,1734175.21],[466112.36,1734183.58]]]]}},{"type":"Feature","properties":{"building":"yes","height":6,"heightSource":"default"},"geometry":{"type":"MultiPolygon","coordinates":[[[[466131.45,1734246.76],[466139.5,1734242.9],[466135.89,1734235.48],[466127.85,1734239.34],[466131.45,1734246.76]]]]}},{"type":"Feature","properties":{"building":"house","height":6.4,"heightSource":"inferred"},"geometry":{"type":"MultiPolygon","coordinates":[[[[466111.34,1734261.24],[466121.46,1734257.61],[466117.25,1734246.04],[466107.13,1734249.67],[466111.34,1734261.24]]]]}},{"type":"Feature","properties":{"building":"yes","height":6,"heightSource":"default"},"geometry":{"type":"MultiPolygon","coordinates":[[[[466096.9,1734266],[466103.83,1734263.87],[466101.42,1734256.13],[466094.49,1734258.25],[466096.9,1734266]]]]}},{"type":"Feature","properties":{"building":"house","height":6.4,"heightSource":"inferred"},"geometry":{"type":"MultiPolygon","coordinates":[[[[466075.01,1734271.37],[466083.33,1734268.96],[466079.17,1734254.72],[466072.86,1734256.53],[466074.59,1734262.42],[466072.56,1734263],[466075.01,1734271.37]]]]}},{"type":"Feature","properties":{"building":"house","height":6.4,"heightSource":"inferred"},"geometry":{"type":"MultiPolygon","coordinates":[[[[466123.47,1734148.15],[466127.49,1734157.95],[466133.88,1734155.36],[466135.97,1734154.54],[466132.02,1734144.51],[466130.51,1734145.09],[466123.47,1734148.15]]]]}},{"type":"Feature","properties":{"building":"yes","height":6,"heightSource":"default"},"geometry":{"type":"MultiPolygon","coordinates":[[[[466133.88,1734155.36],[466135.36,1734156.65],[466153.22,1734149.71],[466148.14,1734136.77],[466130,1734143.81],[466130.51,1734145.09],[466132.02,1734144.51],[466135.97,1734154.54],[466133.88,1734155.36]]]]}},{"type":"Feature","properties":{"building":"house","height":6.4,"heightSource":"inferred"},"geometry":{"type":"MultiPolygon","coordinates":[[[[466121.35,1734146.78],[466128.91,1734143.96],[466125.97,1734136.18],[466118.41,1734139.02],[466121.35,1734146.78]]]]}},{"type":"Feature","properties":{"building":"house","height":6.4,"heightSource":"inferred"},"geometry":{"type":"MultiPolygon","coordinates":[[[[466111.78,1734126.58],[466114.72,1734135.56],[466123.83,1734132.62],[466120.89,1734123.64],[466111.78,1734126.58]]]]}},{"type":"Feature","properties":{"building":"house","height":6.4,"heightSource":"inferred"},"geometry":{"type":"MultiPolygon","coordinates":[[[[466162.05,1734142.36],[466170.01,1734139.25],[466166.29,1734129.83],[466158.33,1734132.93],[466162.05,1734142.36]]]]}},{"type":"Feature","properties":{"building":"yes","height":6,"heightSource":"default"},"geometry":{"type":"MultiPolygon","coordinates":[[[[466159.28,1734139.22],[466154.93,1734127.92],[466147.47,1734130.77],[466151.83,1734142.06],[466159.28,1734139.22]]]]}},{"type":"Feature","properties":{"building":"yes","height":6,"heightSource":"default"},"geometry":{"type":"MultiPolygon","coordinates":[[[[466168.85,1734126.83],[466173,1734138.13],[466181.26,1734135.14],[466177.1,1734123.83],[466168.85,1734126.83]]]]}},{"type":"Feature","properties":{"building":"yes","height":6,"heightSource":"default"},"geometry":{"type":"MultiPolygon","coordinates":[[[[466190.16,1734122.17],[466193.82,1734130.63],[466204.13,1734126.21],[466200.48,1734117.77],[466190.16,1734122.17]]]]}},{"type":"Feature","properties":{"building":"house","height":6.4,"heightSource":"inferred"},"geometry":{"type":"MultiPolygon","coordinates":[[[[466108.66,1734112.38],[466111.29,1734121.83],[466121.12,1734119.14],[466118.5,1734109.69],[466108.66,1734112.38]]]]}},{"type":"Feature","properties":{"building":"house","height":6.4,"heightSource":"inferred"},"geometry":{"type":"MultiPolygon","coordinates":[[[[466107.78,1734110.72],[466119.83,1734107.28],[466117.19,1734098.16],[466105.14,1734101.61],[466107.78,1734110.72]]]]}},{"type":"Feature","properties":{"building":"yes","height":6,"heightSource":"default"},"geometry":{"type":"MultiPolygon","coordinates":[[[[466115.47,1734091],[466111.23,1734079.81],[466104.02,1734082.5],[466108.26,1734093.7],[466115.47,1734091]]]]}},{"type":"Feature","properties":{"building":"house","height":6.4,"heightSource":"inferred"},"geometry":{"type":"MultiPolygon","coordinates":[[[[466124.04,1734086.36],[466136.81,1734081.53],[466133.32,1734072.38],[466120.53,1734077.23],[466124.04,1734086.36]]]]}},{"type":"Feature","properties":{"building":"yes","height":6,"heightSource":"default"},"geometry":{"type":"MultiPolygon","coordinates":[[[[466133.43,1734094.82],[466141.66,1734091.21],[466137.69,1734082.28],[466129.47,1734085.88],[466133.43,1734094.82]]]]}},{"type":"Feature","properties":{"building":"yes","height":6,"heightSource":"default"},"geometry":{"type":"MultiPolygon","coordinates":[[[[466144.98,1734088.92],[466149.56,1734098.66],[466156.82,1734095.28],[466152.24,1734085.55],[466144.98,1734088.92]]]]}},{"type":"Feature","properties":{"building":"yes","height":6,"heightSource":"default"},"geometry":{"type":"MultiPolygon","coordinates":[[[[466136.4,1734102.34],[466144.33,1734099.26],[466141.81,1734092.91],[466133.9,1734096],[466136.4,1734102.34]]]]}},{"type":"Feature","properties":{"building":"yes","height":6,"heightSource":"default"},"geometry":{"type":"MultiPolygon","coordinates":[[[[466158.99,1734095.24],[466162.8,1734102.9],[466172.99,1734097.91],[466169.18,1734090.24],[466158.99,1734095.24]]]]}},{"type":"Feature","properties":{"building":"house","height":6.4,"heightSource":"inferred"},"geometry":{"type":"MultiPolygon","coordinates":[[[[466135.75,1734071.57],[466140.68,1734082.88],[466147.95,1734079.75],[466143.02,1734068.43],[466135.75,1734071.57]]]]}},{"type":"Feature","properties":{"building":"house","height":6.4,"heightSource":"inferred"},"geometry":{"type":"MultiPolygon","coordinates":[[[[466169.86,1734068.02],[466167.38,1734060.98],[466157.91,1734064.27],[466160.39,1734071.31],[466169.86,1734068.02]]]]}},{"type":"Feature","properties":{"building":"house","height":6.4,"heightSource":"inferred"},"geometry":{"type":"MultiPolygon","coordinates":[[[[466177.13,1734065.33],[466187.04,1734061.25],[466183.15,1734051.89],[466173.23,1734055.96],[466177.13,1734065.33]]]]}},{"type":"Feature","properties":{"building":"house","height":6.4,"heightSource":"inferred"},"geometry":{"type":"MultiPolygon","coordinates":[[[[466203.19,1734062.59],[466199.47,1734052.54],[466190.72,1734055.75],[466194.44,1734065.79],[466203.19,1734062.59]]]]}},{"type":"Feature","properties":{"building":"yes","height":6,"heightSource":"default"},"geometry":{"type":"MultiPolygon","coordinates":[[[[466206.74,1734123.53],[466216.1,1734119.7],[466208.57,1734101.55],[466199.21,1734105.39],[466206.74,1734123.53]]]]}},{"type":"Feature","properties":{"building":"yes","height":6,"heightSource":"default"},"geometry":{"type":"MultiPolygon","coordinates":[[[[466216.74,1734092.35],[466225.52,1734110.4],[466228.81,1734108.81],[466230.42,1734112.13],[466233.64,1734111.74],[466233.01,1734109.81],[466230.03,1734102.9],[466231.73,1734101.38],[466225.34,1734088.22],[466216.74,1734092.35]]]]}},{"type":"Feature","properties":{"building":"house","height":6.4,"heightSource":"inferred"},"geometry":{"type":"MultiPolygon","coordinates":[[[[466233.01,1734109.81],[466239.8,1734106.91],[466236.53,1734099.34],[466231.73,1734101.38],[466230.03,1734102.9],[466233.01,1734109.81]]]]}},{"type":"Feature","properties":{"building":"yes","height":6,"heightSource":"default"},"geometry":{"type":"MultiPolygon","coordinates":[[[[466275.32,1734077.39],[466281.33,1734093.7],[466290.6,1734090.32],[466284.57,1734074.02],[466275.32,1734077.39]]]]}},{"type":"Feature","properties":{"building":"house","height":6.4,"heightSource":"inferred"},"geometry":{"type":"MultiPolygon","coordinates":[[[[466292.39,1734091.15],[466300.59,1734088.22],[466297.37,1734079.32],[466289.16,1734082.26],[466292.39,1734091.15]]]]}},{"type":"Feature","properties":{"building":"yes","height":6,"heightSource":"default"},"geometry":{"type":"MultiPolygon","coordinates":[[[[466252.67,1734095.63],[466249.09,1734086.44],[466241.39,1734089.4],[466244.98,1734098.6],[466252.67,1734095.63]]]]}},{"type":"Feature","properties":{"building":"house","height":6.4,"heightSource":"inferred"},"geometry":{"type":"MultiPolygon","coordinates":[[[[466202.87,1734047.38],[466206.45,1734056.95],[466223.23,1734050.77],[466219.66,1734041.18],[466202.87,1734047.38]]]]}},{"type":"Feature","properties":{"building":"yes","height":6,"heightSource":"default"},"geometry":{"type":"MultiPolygon","coordinates":[[[[466246.83,1734041.78],[466253.89,1734039.21],[466250.87,1734031.06],[466243.81,1734033.65],[466246.83,1734041.78]]]]}},{"type":"Feature","properties":{"building":"house","height":6.4,"heightSource":"inferred"},"geometry":{"type":"MultiPolygon","coordinates":[[[[466291.46,1734068.43],[466301.2,1734064.98],[466298.3,1734056.86],[466288.55,1734060.32],[466291.46,1734068.43]]]]}},{"type":"Feature","properties":{"building":"house","height":6.4,"heightSource":"inferred"},"geometry":{"type":"MultiPolygon","coordinates":[[[[466276.66,1734031.25],[466286.57,1734027.89],[466283.11,1734017.79],[466273.19,1734021.16],[466276.66,1734031.25]]]]}},{"type":"Feature","properties":{"building":"house","height":6.4,"heightSource":"inferred"},"geometry":{"type":"MultiPolygon","coordinates":[[[[466293.64,1734008.02],[466297.91,1734017.99],[466308.91,1734013.35],[466304.64,1734003.37],[466293.64,1734008.02]]]]}},{"type":"Feature","properties":{"building":"yes","height":6,"heightSource":"default"},"geometry":{"type":"MultiPolygon","coordinates":[[[[466314.49,1734005.77],[466320.13,1734023.33],[466328.48,1734020.67],[466326.3,1734013.86],[466329.25,1734012.91],[466326.47,1734004.27],[466323.23,1734005.3],[466321.81,1734000.86],[466316.69,1734002.48],[466317.44,1734004.83],[466314.49,1734005.77]]]]}},{"type":"Feature","properties":{"building":"yes","height":6,"heightSource":"default"},"geometry":{"type":"MultiPolygon","coordinates":[[[[466338.58,1734046.04],[466346.72,1734043.92],[466344.82,1734036.72],[466346.37,1734036.31],[466345.29,1734032.24],[466337.36,1734034.32],[466338.24,1734037.66],[466336.48,1734038.12],[466338.58,1734046.04]]]]}},{"type":"Feature","properties":{"building":"house","height":6.4,"heightSource":"inferred"},"geometry":{"type":"MultiPolygon","coordinates":[[[[466345.92,1733999.83],[466349.35,1734010.58],[466360.41,1734007.09],[466356.97,1733996.34],[466345.92,1733999.83]]]]}},{"type":"Feature","properties":{"building":"house","height":6.4,"heightSource":"inferred"},"geometry":{"type":"MultiPolygon","coordinates":[[[[466371.92,1734002.06],[466366.55,1733989.7],[466358.72,1733993.06],[466364.08,1734005.42],[466371.92,1734002.06]]]]}},{"type":"Feature","properties":{"building":"house","height":6.4,"heightSource":"inferred"},"geometry":{"type":"MultiPolygon","coordinates":[[[[466375.66,1733995.41],[466383.16,1733991.19],[466378.76,1733983.5],[466371.27,1733987.72],[466375.66,1733995.41]]]]}},{"type":"Feature","properties":{"building":"house","height":6.4,"heightSource":"inferred"},"geometry":{"type":"MultiPolygon","coordinates":[[[[466387.67,1733990.4],[466396.28,1733985.27],[466390.51,1733975.67],[466381.89,1733980.78],[466387.67,1733990.4]]]]}},{"type":"Feature","properties":{"building":"yes","height":6,"heightSource":"default"},"geometry":{"type":"MultiPolygon","coordinates":[[[[466432.42,1733976.12],[466441.2,1733970.61],[466432.87,1733957.5],[466424.09,1733963.01],[466432.42,1733976.12]]]]}},{"type":"Feature","properties":{"building":"house","height":6.4,"heightSource":"inferred"},"geometry":{"type":"MultiPolygon","coordinates":[[[[466439,1733963.62],[466446.7,1733976.23],[466454.66,1733971.43],[466446.94,1733958.82],[466439,1733963.62]]]]}},{"type":"Feature","properties":{"building":"house","height":6.4,"heightSource":"inferred"},"geometry":{"type":"MultiPolygon","coordinates":[[[[466464.36,1733963.55],[466472.9,1733960.16],[466469.64,1733952.07],[466461.12,1733955.47],[466464.36,1733963.55]]]]}},{"type":"Feature","properties":{"building":"house","height":6.4,"heightSource":"inferred"},"geometry":{"type":"MultiPolygon","coordinates":[[[[466474.56,1733946.45],[466479.39,1733958.12],[466487.55,1733954.79],[466482.72,1733943.12],[466474.56,1733946.45]]]]}},{"type":"Feature","properties":{"building":"house","height":6.4,"heightSource":"inferred"},"geometry":{"type":"MultiPolygon","coordinates":[[[[466480.2,1734018.9],[466487.73,1734015.88],[466484.1,1734006.97],[466476.57,1734010],[466480.2,1734018.9]]]]}},{"type":"Feature","properties":{"building":"yes","height":6,"heightSource":"default"},"geometry":{"type":"MultiPolygon","coordinates":[[[[466633.17,1733514.28],[466648.14,1733511.6],[466647.07,1733505.64],[466632.1,1733508.31],[466633.17,1733514.28]]]]}},{"type":"Feature","properties":{"building":"house","height":6.4,"heightSource":"inferred"},"geometry":{"type":"MultiPolygon","coordinates":[[[[466661.52,1733529.29],[466662.69,1733535],[466663.28,1733537.87],[466673.42,1733535.82],[466671.66,1733527.24],[466661.52,1733529.29]]]]}},{"type":"Feature","properties":{"building":"yes","height":6,"heightSource":"default"},"geometry":{"type":"MultiPolygon","coordinates":[[[[466456.19,1733678.33],[466461.82,1733675.35],[466458.82,1733669.81],[466453.21,1733672.8],[466456.19,1733678.33]]]]}},{"type":"Feature","properties":{"building":"yes","height":6,"heightSource":"default"},"geometry":{"type":"MultiPolygon","coordinates":[[[[466435.43,1733654.8],[466444.19,1733651.67],[466441.23,1733643.49],[466432.48,1733646.63],[466435.43,1733654.8]]]]}},{"type":"Feature","properties":{"building":"yes","height":6,"heightSource":"default"},"geometry":{"type":"MultiPolygon","coordinates":[[[[463655.29,1734144.03],[463648.86,1734145.84],[463652.38,1734158.15],[463658.81,1734156.33],[463655.29,1734144.03]]]]}},{"type":"Feature","properties":{"building":"school","height":6,"heightSource":"default"},"geometry":{"type":"MultiPolygon","coordinates":[[[[463478.45,1734131.02],[463467.09,1734134.01],[463478.85,1734177.95],[463490.2,1734174.96],[463478.45,1734131.02]]]]}},{"type":"Feature","properties":{"building":"school","height":6,"heightSource":"default"},"geometry":{"type":"MultiPolygon","coordinates":[[[[463478.85,1734177.95],[463488.19,1734199.47],[463498.1,1734195.84],[463490.2,1734174.96],[463478.85,1734177.95]]]]}},{"type":"Feature","properties":{"building":"school","height":6,"heightSource":"default"},"geometry":{"type":"MultiPolygon","coordinates":[[[[463488.19,1734199.47],[463491.84,1734208],[463518.64,1734245.68],[463528.54,1734240.09],[463498.1,1734195.84],[463488.19,1734199.47]]]]}},{"type":"Feature","properties":{"building":"yes","height":6,"heightSource":"default"},"geometry":{"type":"MultiPolygon","coordinates":[[[[467673.91,1733017.95],[467681.87,1733015.95],[467680.37,1733010.03],[467672.4,1733012.02],[467673.91,1733017.95]]]]}},{"type":"Feature","properties":{"building":"yes","height":6,"heightSource":"default"},"geometry":{"type":"MultiPolygon","coordinates":[[[[467637.33,1733012.14],[467636.26,1733005.17],[467628.9,1733006.29],[467629.97,1733013.25],[467630.84,1733012.99],[467633.86,1733012.58],[467637.33,1733012.14]]]]}},{"type":"Feature","properties":{"building":"yes","height":6,"heightSource":"default"},"geometry":{"type":"MultiPolygon","coordinates":[[[[467630.84,1733012.99],[467631.71,1733019.3],[467634.74,1733018.89],[467633.86,1733012.58],[467630.84,1733012.99]]]]}},{"type":"Feature","properties":{"building":"yes","height":6,"heightSource":"default"},"geometry":{"type":"MultiPolygon","coordinates":[[[[467597.29,1732953.59],[467598.75,1732963.95],[467606.13,1732962.94],[467604.67,1732952.56],[467597.29,1732953.59]]]]}},{"type":"Feature","properties":{"building":"yes","height":6,"heightSource":"default"},"geometry":{"type":"MultiPolygon","coordinates":[[[[467350.24,1733089.39],[467353.31,1733097.6],[467358.87,1733095.55],[467355.8,1733087.33],[467350.24,1733089.39]]]]}},{"type":"Feature","properties":{"building":"yes","height":6,"heightSource":"default"},"geometry":{"type":"MultiPolygon","coordinates":[[[[466653.7,1733273.95],[466666.24,1733271.06],[466664.25,1733262.52],[466651.7,1733265.41],[466653.7,1733273.95]]]]}},{"type":"Feature","properties":{"building":"yes","height":6,"heightSource":"default"},"geometry":{"type":"MultiPolygon","coordinates":[[[[466665.76,1733261.92],[466667.41,1733270.94],[466684.33,1733267.9],[466682.68,1733258.88],[466665.76,1733261.92]]]]}},{"type":"Feature","properties":{"building":"yes","height":6,"heightSource":"default"},"geometry":{"type":"MultiPolygon","coordinates":[[[[463139.76,1733865.88],[463132.24,1733865.89],[463132.25,1733864.33],[463127.92,1733864.33],[463127.93,1733866.29],[463118.56,1733866.28],[463118.56,1733871.68],[463114.86,1733871.68],[463114.86,1733876.42],[463118.82,1733876.43],[463118.82,1733882.69],[463126.44,1733882.67],[463126.45,1733885.08],[463133.59,1733885.07],[463133.59,1733882.43],[463140.56,1733882.43],[463140.56,1733876.82],[463143.61,1733876.82],[463143.61,1733870.78],[463139.75,1733870.77],[463139.76,1733865.88]]]]}},{"type":"Feature","properties":{"building":"yes","height":6,"heightSource":"default"},"geometry":{"type":"MultiPolygon","coordinates":[[[[463088.67,1733888.47],[463103.8,1733887.99],[463103.02,1733863.54],[463087.89,1733864.02],[463088.67,1733888.47]]]]}},{"type":"Feature","properties":{"building":"yes","height":6,"heightSource":"default"},"geometry":{"type":"MultiPolygon","coordinates":[[[[463084.7,1733861.42],[463111.06,1733860.78],[463110.88,1733853.53],[463084.52,1733854.17],[463084.7,1733861.42]]]]}},{"type":"Feature","properties":{"building":"yes","height":6,"heightSource":"default"},"geometry":{"type":"MultiPolygon","coordinates":[[[[463077.5,1733818.33],[463109.82,1733813.48],[463107.66,1733799.28],[463075.35,1733804.13],[463077.5,1733818.33]]]]}},{"type":"Feature","properties":{"building":"yes","height":6,"heightSource":"default"},"geometry":{"type":"MultiPolygon","coordinates":[[[[463149.06,1733812.92],[463170.65,1733814.22],[463171.31,1733803.5],[463149.71,1733802.2],[463149.06,1733812.92]]]]}},{"type":"Feature","properties":{"building":"yes","height":6,"heightSource":"default"},"geometry":{"type":"MultiPolygon","coordinates":[[[[463144.82,1733875.52],[463152.04,1733875.06],[463152.27,1733878.61],[463158.48,1733878.21],[463157.74,1733866.75],[463144.31,1733867.61],[463144.82,1733875.52]]]]}},{"type":"Feature","properties":{"building":"yes","height":6,"heightSource":"default"},"geometry":{"type":"MultiPolygon","coordinates":[[[[463212.19,1733821.03],[463214.53,1733832.82],[463221.57,1733831.44],[463219.22,1733819.65],[463212.19,1733821.03]]]]}},{"type":"Feature","properties":{"building":"yes","height":6,"heightSource":"default"},"geometry":{"type":"MultiPolygon","coordinates":[[[[463172.79,1733819.05],[463178.31,1733818.73],[463177.79,1733809.8],[463172.27,1733810.12],[463172.79,1733819.05]]]]}},{"type":"Feature","properties":{"building":"yes","height":6,"heightSource":"default"},"geometry":{"type":"MultiPolygon","coordinates":[[[[463184.96,1733810.64],[463185.43,1733817.51],[463189.8,1733817.21],[463189.31,1733810.33],[463184.96,1733810.64]]]]}},{"type":"Feature","properties":{"building":"yes","height":6,"heightSource":"default"},"geometry":{"type":"MultiPolygon","coordinates":[[[[463190.73,1733810.32],[463191.08,1733817.47],[463196.01,1733817.23],[463195.66,1733810.08],[463190.73,1733810.32]]]]}},{"type":"Feature","properties":{"building":"yes","height":6,"heightSource":"default"},"geometry":{"type":"MultiPolygon","coordinates":[[[[463196.62,1733809.38],[463196.75,1733816.26],[463201.01,1733816.17],[463200.89,1733809.29],[463196.62,1733809.38]]]]}},{"type":"Feature","properties":{"building":"yes","height":6,"heightSource":"default"},"geometry":{"type":"MultiPolygon","coordinates":[[[[463206.04,1733810.15],[463206.3,1733818.06],[463210.66,1733817.92],[463210.4,1733810.01],[463206.04,1733810.15]]]]}},{"type":"Feature","properties":{"building":"yes","height":6,"heightSource":"default"},"geometry":{"type":"MultiPolygon","coordinates":[[[[463127.31,1733824.56],[463133.59,1733824.95],[463133.29,1733829.62],[463142.27,1733830.2],[463143.51,1733810.62],[463128.26,1733809.66],[463127.31,1733824.56]]]]}},{"type":"Feature","properties":{"building":"yes","height":6,"heightSource":"default"},"geometry":{"type":"MultiPolygon","coordinates":[[[[463128.53,1733797.88],[463111.95,1733797.06],[463111.41,1733807.9],[463127.99,1733808.72],[463128.53,1733797.88]]]]}},{"type":"Feature","properties":{"building":"yes","height":6,"heightSource":"default"},"geometry":{"type":"MultiPolygon","coordinates":[[[[463029.65,1733784.3],[463032.5,1733788.07],[463037.62,1733788.62],[463041.41,1733785.78],[463042.16,1733780.32],[463039.12,1733775.99],[463034.76,1733775.43],[463029.84,1733778.83],[463029.65,1733784.3]]]]}},{"type":"Feature","properties":{"building":"yes","height":6,"heightSource":"default"},"geometry":{"type":"MultiPolygon","coordinates":[[[[462947.1,1733744.29],[462952.02,1733742.21],[462953.34,1733737.11],[462951.63,1733732.41],[462946.89,1733731.28],[462941.77,1733733.56],[462940.26,1733738.46],[462942.93,1733742.98],[462947.1,1733744.29]]]]}},{"type":"Feature","properties":{"building":"yes","height":6,"heightSource":"default"},"geometry":{"type":"MultiPolygon","coordinates":[[[[462908.38,1733772.87],[462924.29,1733771.57],[462923.66,1733763.84],[462907.75,1733765.13],[462908.38,1733772.87]]]]}},{"type":"Feature","properties":{"building":"yes","height":6,"heightSource":"default"},"geometry":{"type":"MultiPolygon","coordinates":[[[[463392.43,1734098.42],[463416.32,1734096.36],[463415.17,1734082.99],[463391.27,1734085.03],[463392.43,1734098.42]]]]}},{"type":"Feature","properties":{"building":"apartments","height":6,"heightSource":"default"},"geometry":{"type":"MultiPolygon","coordinates":[[[[463442.58,1734239.51],[463469.23,1734283.99],[463476.72,1734279.55],[463450.07,1734235.07],[463442.58,1734239.51]]]]}},{"type":"Feature","properties":{"building":"apartments","height":6,"heightSource":"default"},"geometry":{"type":"MultiPolygon","coordinates":[[[[463439.86,1734289.72],[463442.83,1734330.83],[463454.6,1734330],[463451.62,1734288.88],[463439.86,1734289.72]]]]}},{"type":"Feature","properties":{"building":"yes","height":6,"heightSource":"default"},"geometry":{"type":"MultiPolygon","coordinates":[[[[463550.13,1734343.33],[463546.37,1734328.1],[463535.04,1734330.87],[463538.19,1734343.6],[463540.95,1734342.92],[463541.57,1734345.42],[463550.13,1734343.33]]]]}},{"type":"Feature","properties":{"building":"yes","height":6,"heightSource":"default"},"geometry":{"type":"MultiPolygon","coordinates":[[[[463549.46,1734467.46],[463544.48,1734460.05],[463531.3,1734468.8],[463534.12,1734473],[463535.76,1734471.91],[463537.91,1734475.12],[463549.46,1734467.46]]]]}},{"type":"Feature","properties":{"building":"yes","height":6,"heightSource":"default"},"geometry":{"type":"MultiPolygon","coordinates":[[[[463667.27,1734404.36],[463674.78,1734413.13],[463688.62,1734401.43],[463681.12,1734392.66],[463667.27,1734404.36]]]]}},{"type":"Feature","properties":{"building":"yes","height":6,"heightSource":"default"},"geometry":{"type":"MultiPolygon","coordinates":[[[[463661.05,1734395.04],[463664.67,1734399.53],[463668.72,1734396.31],[463665.11,1734391.81],[463661.05,1734395.04]]]]}},{"type":"Feature","properties":{"building":"yes","height":6,"heightSource":"default"},"geometry":{"type":"MultiPolygon","coordinates":[[[[463679.47,1734392.2],[463672.4,1734382.87],[463668.23,1734386],[463675.29,1734395.32],[463679.47,1734392.2]]]]}},{"type":"Feature","properties":{"building":"yes","height":6,"heightSource":"default"},"geometry":{"type":"MultiPolygon","coordinates":[[[[463342.04,1734320.52],[463345.42,1734326.78],[463351.31,1734323.64],[463347.93,1734317.37],[463342.04,1734320.52]]]]}},{"type":"Feature","properties":{"building":"yes","height":6,"heightSource":"default"},"geometry":{"type":"MultiPolygon","coordinates":[[[[463378.68,1734265.46],[463384.26,1734286.21],[463376.42,1734288.29],[463375.33,1734284.23],[463367.73,1734286.24],[463365.79,1734279.03],[463370.29,1734277.84],[463367.74,1734268.37],[463378.68,1734265.46]]]]}},{"type":"Feature","properties":{"building":"yes","height":6,"heightSource":"default"},"geometry":{"type":"MultiPolygon","coordinates":[[[[463354.64,1734269.51],[463351.05,1734257.28],[463340.07,1734260.46],[463343.65,1734272.7],[463354.64,1734269.51]]]]}},{"type":"Feature","properties":{"building":"yes","height":6,"heightSource":"default"},"geometry":{"type":"MultiPolygon","coordinates":[[[[463338.03,1734272.62],[463335.53,1734263.72],[463326.42,1734266.25],[463328.91,1734275.15],[463338.03,1734272.62]]]]}},{"type":"Feature","properties":{"building":"yes","height":6,"heightSource":"default"},"geometry":{"type":"MultiPolygon","coordinates":[[[[463344.45,1734281.99],[463347.47,1734290.04],[463356.68,1734286.62],[463353.66,1734278.58],[463344.45,1734281.99]]]]}},{"type":"Feature","properties":{"building":"yes","height":6,"heightSource":"default"},"geometry":{"type":"MultiPolygon","coordinates":[[[[463329.26,1734296.39],[463332.09,1734302.34],[463337.64,1734299.72],[463334.81,1734293.77],[463329.26,1734296.39]]]]}},{"type":"Feature","properties":{"building":"yes","height":6,"heightSource":"default"},"geometry":{"type":"MultiPolygon","coordinates":[[[[463460.88,1734336.22],[463472.95,1734337.27],[463473.5,1734330.97],[463461.43,1734329.93],[463460.88,1734336.22]]]]}},{"type":"Feature","properties":{"building":"yes","height":6,"heightSource":"default"},"geometry":{"type":"MultiPolygon","coordinates":[[[[463293.9,1734274.84],[463298.53,1734288.92],[463304.76,1734286.89],[463303.7,1734283.68],[463306.59,1734282.74],[463304.23,1734275.55],[463298.91,1734277.28],[463297.71,1734273.6],[463293.9,1734274.84]]]]}},{"type":"Feature","properties":{"building":"yes","height":6,"heightSource":"default"},"geometry":{"type":"MultiPolygon","coordinates":[[[[463419.8,1734214.63],[463435.91,1734207.44],[463432.18,1734199.19],[463416.07,1734206.37],[463419.8,1734214.63]]]]}},{"type":"Feature","properties":{"building":"yes","height":6,"heightSource":"default"},"geometry":{"type":"MultiPolygon","coordinates":[[[[463316.62,1734246.54],[463327.56,1734243.56],[463325.09,1734234.57],[463322.36,1734235.31],[463320.95,1734230.19],[463312.73,1734232.43],[463316.62,1734246.54]]]]}},{"type":"Feature","properties":{"building":"yes","height":6,"heightSource":"default"},"geometry":{"type":"MultiPolygon","coordinates":[[[[463352.75,1734247.27],[463361.78,1734244.6],[463359.51,1734237.01],[463350.48,1734239.67],[463352.75,1734247.27]]]]}},{"type":"Feature","properties":{"building":"yes","height":6,"heightSource":"default"},"geometry":{"type":"MultiPolygon","coordinates":[[[[463370.54,1734244.78],[463377.35,1734241.26],[463373.75,1734234.38],[463366.94,1734237.9],[463370.54,1734244.78]]]]}},{"type":"Feature","properties":{"building":"yes","height":6,"heightSource":"default"},"geometry":{"type":"MultiPolygon","coordinates":[[[[463397.87,1734237.03],[463393.52,1734224.14],[463384.87,1734227.02],[463388,1734236.29],[463391.64,1734235.08],[463392.86,1734238.69],[463397.87,1734237.03]]]]}},{"type":"Feature","properties":{"building":"yes","height":6,"heightSource":"default"},"geometry":{"type":"MultiPolygon","coordinates":[[[[463393.99,1734220.81],[463400.23,1734236.07],[463408.74,1734232.63],[463402.5,1734217.36],[463393.99,1734220.81]]]]}},{"type":"Feature","properties":{"building":"yes","height":6,"heightSource":"default"},"geometry":{"type":"MultiPolygon","coordinates":[[[[463346.43,1734208.83],[463356.52,1734205.17],[463353.16,1734196.01],[463343.07,1734199.66],[463346.43,1734208.83]]]]}},{"type":"Feature","properties":{"building":"yes","height":6,"heightSource":"default"},"geometry":{"type":"MultiPolygon","coordinates":[[[[463361.2,1734193.46],[463366.07,1734208.4],[463374.26,1734205.76],[463369.38,1734190.83],[463361.2,1734193.46]]]]}},{"type":"Feature","properties":{"building":"yes","height":6,"heightSource":"default"},"geometry":{"type":"MultiPolygon","coordinates":[[[[463383.64,1734221.55],[463397.22,1734217.53],[463395.07,1734210.4],[463381.49,1734214.43],[463383.64,1734221.55]]]]}},{"type":"Feature","properties":{"building":"yes","height":6,"heightSource":"default"},"geometry":{"type":"MultiPolygon","coordinates":[[[[463385.53,1734201.7],[463393.13,1734199.09],[463389.08,1734187.43],[463381.49,1734190.03],[463385.53,1734201.7]]]]}},{"type":"Feature","properties":{"building":"yes","height":6,"heightSource":"default"},"geometry":{"type":"MultiPolygon","coordinates":[[[[463292.3,1734163.81],[463295.44,1734177.54],[463309.1,1734174.46],[463305.96,1734160.72],[463292.3,1734163.81]]]]}},{"type":"Feature","properties":{"building":"yes","height":6,"heightSource":"default"},"geometry":{"type":"MultiPolygon","coordinates":[[[[463332.93,1734194.45],[463340.39,1734191.7],[463337.27,1734183.31],[463329.81,1734186.06],[463332.93,1734194.45]]]]}},{"type":"Feature","properties":{"building":"yes","height":6,"heightSource":"default"},"geometry":{"type":"MultiPolygon","coordinates":[[[[463309.88,1734145.69],[463311.23,1734155.31],[463321.27,1734153.91],[463319.92,1734144.3],[463309.88,1734145.69]]]]}},{"type":"Feature","properties":{"building":"yes","height":6,"heightSource":"default"},"geometry":{"type":"MultiPolygon","coordinates":[[[[463346.74,1734174.67],[463349.69,1734183.54],[463357.77,1734180.87],[463354.81,1734172.01],[463346.74,1734174.67]]]]}},{"type":"Feature","properties":{"building":"yes","height":6,"heightSource":"default"},"geometry":{"type":"MultiPolygon","coordinates":[[[[463366.58,1734174.21],[463359.13,1734176.72],[463361.5,1734183.66],[463368.95,1734181.15],[463366.58,1734174.21]]]]}},{"type":"Feature","properties":{"building":"yes","height":6,"heightSource":"default"},"geometry":{"type":"MultiPolygon","coordinates":[[[[463366.88,1734170.46],[463375.36,1734166.97],[463371.33,1734157.29],[463362.85,1734160.77],[463366.88,1734170.46]]]]}},{"type":"Feature","properties":{"building":"yes","height":6,"heightSource":"default"},"geometry":{"type":"MultiPolygon","coordinates":[[[[463379.53,1734178.13],[463387.9,1734175.38],[463385.05,1734166.81],[463376.67,1734169.57],[463379.53,1734178.13]]]]}},{"type":"Feature","properties":{"building":"yes","height":6,"heightSource":"default"},"geometry":{"type":"MultiPolygon","coordinates":[[[[463378.55,1734163.31],[463386.44,1734160.38],[463383.52,1734152.58],[463375.61,1734155.51],[463378.55,1734163.31]]]]}},{"type":"Feature","properties":{"building":"yes","height":6,"heightSource":"default"},"geometry":{"type":"MultiPolygon","coordinates":[[[[463357.58,1734156.27],[463365.14,1734153.78],[463362.42,1734145.63],[463354.86,1734148.12],[463357.58,1734156.27]]]]}},{"type":"Feature","properties":{"building":"yes","height":6,"heightSource":"default"},"geometry":{"type":"MultiPolygon","coordinates":[[[[463371.34,1734152.44],[463380.2,1734148.27],[463376.54,1734140.61],[463367.68,1734144.78],[463371.34,1734152.44]]]]}},{"type":"Feature","properties":{"building":"yes","height":6,"heightSource":"default"},"geometry":{"type":"MultiPolygon","coordinates":[[[[463426.01,1734178.78],[463433.8,1734174.63],[463425.14,1734158.56],[463417.35,1734162.7],[463426.01,1734178.78]]]]}},{"type":"Feature","properties":{"building":"yes","height":6,"heightSource":"default"},"geometry":{"type":"MultiPolygon","coordinates":[[[[463128.49,1734223.44],[463142.29,1734220.58],[463139.67,1734208.02],[463125.87,1734210.88],[463128.49,1734223.44]]]]}},{"type":"Feature","properties":{"building":"yes","height":6,"heightSource":"default"},"geometry":{"type":"MultiPolygon","coordinates":[[[[463107.42,1734201.12],[463109.37,1734216.52],[463125.47,1734214.52],[463123.53,1734199.11],[463107.42,1734201.12]]]]}},{"type":"Feature","properties":{"building":"house","height":6.4,"heightSource":"inferred"},"geometry":{"type":"MultiPolygon","coordinates":[[[[463078.6,1734222.25],[463091.08,1734217.96],[463087.36,1734207.27],[463074.87,1734211.56],[463078.6,1734222.25]]]]}},{"type":"Feature","properties":{"building":"yes","height":6,"heightSource":"default"},"geometry":{"type":"MultiPolygon","coordinates":[[[[463056.95,1734217.41],[463061.78,1734226.07],[463067.07,1734223.15],[463062.23,1734214.5],[463056.95,1734217.41]]]]}},{"type":"Feature","properties":{"building":"house","height":6.4,"heightSource":"inferred"},"geometry":{"type":"MultiPolygon","coordinates":[[[[463148.15,1734146.95],[463148.59,1734161.14],[463159.16,1734160.81],[463158.72,1734146.62],[463148.15,1734146.95]]]]}},{"type":"Feature","properties":{"building":"house","height":6.4,"heightSource":"inferred"},"geometry":{"type":"MultiPolygon","coordinates":[[[[463122.3,1734162.86],[463135.17,1734162.22],[463134.81,1734155.31],[463131.01,1734155.49],[463130.76,1734150.35],[463121.69,1734150.81],[463122.3,1734162.86]]]]}},{"type":"Feature","properties":{"building":"yes","height":6,"heightSource":"default"},"geometry":{"type":"MultiPolygon","coordinates":[[[[463150.17,1734170.4],[463150.84,1734178.13],[463159.65,1734177.37],[463158.98,1734169.64],[463150.17,1734170.4]]]]}},{"type":"Feature","properties":{"building":"house","height":6.4,"heightSource":"inferred"},"geometry":{"type":"MultiPolygon","coordinates":[[[[463119.94,1734190.05],[463131.58,1734189.51],[463131.18,1734180.97],[463119.54,1734181.51],[463119.94,1734190.05]]]]}},{"type":"Feature","properties":{"building":"yes","height":6,"heightSource":"default"},"geometry":{"type":"MultiPolygon","coordinates":[[[[463121.72,1734171.86],[463132.78,1734171.2],[463132.34,1734163.74],[463121.28,1734164.39],[463121.72,1734171.86]]]]}},{"type":"Feature","properties":{"building":"house","height":6.4,"heightSource":"inferred"},"geometry":{"type":"MultiPolygon","coordinates":[[[[463108.01,1734164.62],[463116.02,1734164.43],[463115.95,1734161.58],[463119.5,1734161.49],[463119.33,1734154.33],[463107.76,1734154.61],[463108.01,1734164.62]]]]}},{"type":"Feature","properties":{"building":"house","height":6.4,"heightSource":"inferred"},"geometry":{"type":"MultiPolygon","coordinates":[[[[463095.44,1734162.54],[463104.68,1734162.2],[463104.26,1734151.12],[463095.02,1734151.47],[463095.44,1734162.54]]]]}},{"type":"Feature","properties":{"building":"yes","height":6,"heightSource":"default"},"geometry":{"type":"MultiPolygon","coordinates":[[[[463080.72,1734172.11],[463092.44,1734171.36],[463091.83,1734162.17],[463080.12,1734162.92],[463080.72,1734172.11]]]]}},{"type":"Feature","properties":{"building":"yes","height":6,"heightSource":"default"},"geometry":{"type":"MultiPolygon","coordinates":[[[[463081.26,1734183.24],[463095.11,1734181.83],[463094.34,1734174.29],[463080.49,1734175.7],[463081.26,1734183.24]]]]}},{"type":"Feature","properties":{"building":"yes","height":6,"heightSource":"default"},"geometry":{"type":"MultiPolygon","coordinates":[[[[463100.71,1734190.62],[463109.29,1734188.99],[463107.78,1734181.13],[463099.2,1734182.76],[463100.71,1734190.62]]]]}},{"type":"Feature","properties":{"building":"yes","height":6,"heightSource":"default"},"geometry":{"type":"MultiPolygon","coordinates":[[[[463040.36,1734201.58],[463052.47,1734197.22],[463049.47,1734189],[463037.37,1734193.36],[463040.36,1734201.58]]]]}},{"type":"Feature","properties":{"building":"house","height":6.4,"heightSource":"inferred"},"geometry":{"type":"MultiPolygon","coordinates":[[[[463036.99,1734177.36],[463034.01,1734166.18],[463026.2,1734168.25],[463029.18,1734179.42],[463036.99,1734177.36]]]]}},{"type":"Feature","properties":{"building":"house","height":6.4,"heightSource":"inferred"},"geometry":{"type":"MultiPolygon","coordinates":[[[[463056.44,1734172.23],[463054.08,1734161.31],[463045.36,1734163.17],[463047.72,1734174.09],[463056.44,1734172.23]]]]}},{"type":"Feature","properties":{"building":"house","height":6.4,"heightSource":"inferred"},"geometry":{"type":"MultiPolygon","coordinates":[[[[463059.15,1734158.44],[463061.88,1734170.51],[463071.2,1734168.42],[463068.48,1734156.37],[463059.15,1734158.44]]]]}},{"type":"Feature","properties":{"building":"house","height":6.4,"heightSource":"inferred"},"geometry":{"type":"MultiPolygon","coordinates":[[[[463005.29,1734217.27],[463008.51,1734225.03],[463019.4,1734220.57],[463016.19,1734212.81],[463005.29,1734217.27]]]]}},{"type":"Feature","properties":{"building":"yes","height":6,"heightSource":"default"},"geometry":{"type":"MultiPolygon","coordinates":[[[[462989.85,1734206.6],[462970.54,1734213.96],[462973.56,1734221.8],[462992.87,1734214.43],[462989.85,1734206.6]]]]}},{"type":"Feature","properties":{"building":"house","height":6.4,"heightSource":"inferred"},"geometry":{"type":"MultiPolygon","coordinates":[[[[463020.63,1734185.08],[463017.13,1734168.73],[463009.91,1734170.03],[463012.69,1734183.79],[463013.23,1734186.65],[463020.63,1734185.08]]]]}},{"type":"Feature","properties":{"building":"house","height":6.4,"heightSource":"inferred"},"geometry":{"type":"MultiPolygon","coordinates":[[[[463009.91,1734170.03],[463001.51,1734171.7],[463001.71,1734174.03],[463004.34,1734185.46],[463012.69,1734183.79],[463009.91,1734170.03]]]]}},{"type":"Feature","properties":{"building":"yes","height":6,"heightSource":"default"},"geometry":{"type":"MultiPolygon","coordinates":[[[[463001.71,1734174.03],[462979.78,1734179.04],[462983.18,1734193.75],[463005.11,1734188.75],[463004.34,1734185.46],[463001.71,1734174.03]]]]}},{"type":"Feature","properties":{"building":"house","height":6.4,"heightSource":"inferred"},"geometry":{"type":"MultiPolygon","coordinates":[[[[462981.32,1734195.22],[462978.71,1734186.31],[462980.33,1734185.84],[462978.65,1734180.04],[462962.94,1734184.57],[462967.22,1734199.28],[462981.32,1734195.22]]]]}},{"type":"Feature","properties":{"building":"yes","height":6,"heightSource":"default"},"geometry":{"type":"MultiPolygon","coordinates":[[[[462990.06,1734204.24],[462996.78,1734201.75],[462993.39,1734192.7],[462986.67,1734195.19],[462990.06,1734204.24]]]]}},{"type":"Feature","properties":{"building":"house","height":6.4,"heightSource":"inferred"},"geometry":{"type":"MultiPolygon","coordinates":[[[[462937.32,1734196.5],[462941.01,1734209.57],[462951.85,1734206.56],[462948.17,1734193.49],[462937.32,1734196.5]]]]}},{"type":"Feature","properties":{"building":"house","height":6.4,"heightSource":"inferred"},"geometry":{"type":"MultiPolygon","coordinates":[[[[462940.07,1734211.99],[462943.47,1734222.28],[462956.36,1734218.08],[462952.96,1734207.78],[462940.07,1734211.99]]]]}},{"type":"Feature","properties":{"building":"house","height":6.4,"heightSource":"inferred"},"geometry":{"type":"MultiPolygon","coordinates":[[[[462966.8,1734231.06],[462963.38,1734221.08],[462951.62,1734225.09],[462952.79,1734228.49],[462949.7,1734229.55],[462950.82,1734232.8],[462953.58,1734231.86],[462954.71,1734235.16],[462966.8,1734231.06]]]]}},{"type":"Feature","properties":{"building":"house","height":6.4,"heightSource":"inferred"},"geometry":{"type":"MultiPolygon","coordinates":[[[[462968.58,1734244.04],[462966.1,1734235.49],[462955.16,1734238.63],[462954.37,1734235.92],[462949.2,1734237.4],[462952.45,1734248.66],[462968.58,1734244.04]]]]}},{"type":"Feature","properties":{"building":"house","height":6.4,"heightSource":"inferred"},"geometry":{"type":"MultiPolygon","coordinates":[[[[462932.87,1734228.47],[462942.62,1734225.06],[462939.42,1734216.05],[462929.68,1734219.46],[462932.87,1734228.47]]]]}},{"type":"Feature","properties":{"building":"yes","height":6,"heightSource":"default"},"geometry":{"type":"MultiPolygon","coordinates":[[[[462934.86,1734229.08],[462937.56,1734237.03],[462945.72,1734234.29],[462943.01,1734226.34],[462934.86,1734229.08]]]]}},{"type":"Feature","properties":{"building":"yes","height":6,"heightSource":"default"},"geometry":{"type":"MultiPolygon","coordinates":[[[[462920.27,1734210.41],[462915.55,1734198.66],[462901.68,1734204.16],[462906.41,1734215.92],[462920.27,1734210.41]]]]}},{"type":"Feature","properties":{"building":"house","height":6.4,"heightSource":"inferred"},"geometry":{"type":"MultiPolygon","coordinates":[[[[462912.94,1734218.15],[462916.55,1734229.41],[462927,1734226.09],[462923.38,1734214.83],[462912.94,1734218.15]]]]}},{"type":"Feature","properties":{"building":"yes","height":6,"heightSource":"default"},"geometry":{"type":"MultiPolygon","coordinates":[[[[462889.91,1734210.7],[462896.92,1734208.19],[462894.8,1734202.36],[462887.8,1734204.87],[462889.91,1734210.7]]]]}},{"type":"Feature","properties":{"building":"yes","height":6,"heightSource":"default"},"geometry":{"type":"MultiPolygon","coordinates":[[[[462895.45,1734217.78],[462900.46,1734227.8],[462907.7,1734224.22],[462902.69,1734214.2],[462895.45,1734217.78]]]]}},{"type":"Feature","properties":{"building":"house","height":6.4,"heightSource":"inferred"},"geometry":{"type":"MultiPolygon","coordinates":[[[[462876.9,1734210.05],[462882.2,1734218.29],[462889.88,1734213.62],[462884.71,1734205.14],[462876.9,1734210.05]]]]}},{"type":"Feature","properties":{"building":"house","height":6.4,"heightSource":"inferred"},"geometry":{"type":"MultiPolygon","coordinates":[[[[462882.2,1734218.29],[462886.73,1734225.63],[462894.4,1734220.98],[462889.88,1734213.62],[462882.2,1734218.29]]]]}},{"type":"Feature","properties":{"building":"house","height":6.4,"heightSource":"inferred"},"geometry":{"type":"MultiPolygon","coordinates":[[[[462869.04,1734236.57],[462873.86,1734246.52],[462884.29,1734241.53],[462879.4,1734231.43],[462874.69,1734233.67],[462873.33,1734230.87],[462869.36,1734232.76],[462870.8,1734235.74],[462869.04,1734236.57]]]]}},{"type":"Feature","properties":{"building":"house","height":6.4,"heightSource":"inferred"},"geometry":{"type":"MultiPolygon","coordinates":[[[[462962.55,1734272.47],[462967.22,1734281.88],[462980.42,1734275.41],[462975.76,1734266],[462962.55,1734272.47]]]]}},{"type":"Feature","properties":{"building":"yes","height":6,"heightSource":"default"},"geometry":{"type":"MultiPolygon","coordinates":[[[[462921.86,1734231.24],[462924.96,1734237.44],[462932.4,1734233.78],[462929.29,1734227.57],[462921.86,1734231.24]]]]}},{"type":"Feature","properties":{"building":"yes","height":6,"heightSource":"default"},"geometry":{"type":"MultiPolygon","coordinates":[[[[462912.12,1734247.68],[462917.49,1734256.06],[462925.28,1734251.13],[462919.91,1734242.75],[462912.12,1734247.68]]]]}},{"type":"Feature","properties":{"building":"yes","height":6,"heightSource":"default"},"geometry":{"type":"MultiPolygon","coordinates":[[[[462862.16,1734230.14],[462861.37,1734215.15],[462843.09,1734216.1],[462843.88,1734231.1],[462862.16,1734230.14]]]]}},{"type":"Feature","properties":{"building":"yes","height":6,"heightSource":"default"},"geometry":{"type":"MultiPolygon","coordinates":[[[[462840.62,1734244.92],[462862.74,1734243.32],[462862.03,1734233.5],[462839.89,1734235.09],[462840.62,1734244.92]]]]}},{"type":"Feature","properties":{"building":"yes","height":6,"heightSource":"default"},"geometry":{"type":"MultiPolygon","coordinates":[[[[462805.09,1734237.16],[462815.2,1734235.77],[462813.62,1734224.44],[462803.52,1734225.83],[462804.14,1734230.86],[462805.09,1734237.16]]]]}},{"type":"Feature","properties":{"building":"house","height":6.4,"heightSource":"inferred"},"geometry":{"type":"MultiPolygon","coordinates":[[[[462780.42,1734241.73],[462795.79,1734238.12],[462793.32,1734227.76],[462777.95,1734231.37],[462780.42,1734241.73]]]]}},{"type":"Feature","properties":{"building":"yes","height":6,"heightSource":"default"},"geometry":{"type":"MultiPolygon","coordinates":[[[[462804.14,1734230.86],[462797.98,1734231.63],[462799.44,1734243.15],[462805.6,1734242.38],[462804.14,1734230.86]]]]}},{"type":"Feature","properties":{"building":"yes","height":6,"heightSource":"default"},"geometry":{"type":"MultiPolygon","coordinates":[[[[462770.26,1734243.92],[462777.32,1734241.73],[462774.51,1734232.75],[462767.45,1734234.93],[462770.26,1734243.92]]]]}},{"type":"Feature","properties":{"building":"yes","height":6,"heightSource":"default"},"geometry":{"type":"MultiPolygon","coordinates":[[[[462747.87,1734268.64],[462750.98,1734275.56],[462758.17,1734272.36],[462755.05,1734265.44],[462747.87,1734268.64]]]]}},{"type":"Feature","properties":{"building":"yes","height":6,"heightSource":"default"},"geometry":{"type":"MultiPolygon","coordinates":[[[[462740.56,1734276.6],[462742.72,1734281.04],[462746.99,1734278.99],[462744.83,1734274.55],[462740.56,1734276.6]]]]}},{"type":"Feature","properties":{"building":"yes","height":6,"heightSource":"default"},"geometry":{"type":"MultiPolygon","coordinates":[[[[462703.56,1734274.16],[462698.11,1734261.72],[462692.4,1734264.18],[462697.86,1734276.64],[462703.56,1734274.16]]]]}},{"type":"Feature","properties":{"building":"house","height":6.4,"heightSource":"inferred"},"geometry":{"type":"MultiPolygon","coordinates":[[[[462699.08,1734278.69],[462689.06,1734283.48],[462692.34,1734290],[462702.46,1734285.76],[462699.08,1734278.69]]]]}},{"type":"Feature","properties":{"building":"house","height":6.4,"heightSource":"inferred"},"geometry":{"type":"MultiPolygon","coordinates":[[[[462692.34,1734290],[462696.3,1734299.32],[462705.22,1734295.57],[462703.65,1734291.87],[462706.62,1734290.63],[462704.24,1734285.01],[462702.46,1734285.76],[462692.34,1734290]]]]}},{"type":"Feature","properties":{"building":"yes","height":6,"heightSource":"default"},"geometry":{"type":"MultiPolygon","coordinates":[[[[462642.66,1734309.63],[462647.15,1734311.58],[462677.22,1734325.09],[462683.29,1734311.69],[462648.72,1734296.24],[462642.66,1734309.63]]]]}},{"type":"Feature","properties":{"building":"yes","height":6,"heightSource":"default"},"geometry":{"type":"MultiPolygon","coordinates":[[[[462635.49,1734316.2],[462644.51,1734319.26],[462647.15,1734311.58],[462638.14,1734308.52],[462635.49,1734316.2]]]]}},{"type":"Feature","properties":{"building":"yes","height":6,"heightSource":"default"},"geometry":{"type":"MultiPolygon","coordinates":[[[[462632.08,1734326.83],[462647.08,1734331.9],[462650.07,1734323.15],[462635.08,1734318.09],[462632.08,1734326.83]]]]}},{"type":"Feature","properties":{"building":"yes","height":6,"heightSource":"default"},"geometry":{"type":"MultiPolygon","coordinates":[[[[462649.62,1734332.3],[462657.45,1734334.79],[462659.94,1734327],[462652.12,1734324.52],[462649.62,1734332.3]]]]}},{"type":"Feature","properties":{"building":"yes","height":6,"heightSource":"default"},"geometry":{"type":"MultiPolygon","coordinates":[[[[462628.29,1734337.88],[462638.68,1734341.02],[462640.94,1734333.63],[462630.56,1734330.48],[462628.29,1734337.88]]]]}},{"type":"Feature","properties":{"building":"yes","height":6,"heightSource":"default"},"geometry":{"type":"MultiPolygon","coordinates":[[[[462640.86,1734341.25],[462647.81,1734343.45],[462649.96,1734336.7],[462643.01,1734334.51],[462640.86,1734341.25]]]]}},{"type":"Feature","properties":{"building":"yes","height":6,"heightSource":"default"},"geometry":{"type":"MultiPolygon","coordinates":[[[[462650.39,1734345.14],[462657.28,1734347.39],[462659.52,1734340.59],[462652.64,1734338.35],[462650.39,1734345.14]]]]}},{"type":"Feature","properties":{"building":"yes","height":6,"heightSource":"default"},"geometry":{"type":"MultiPolygon","coordinates":[[[[462659.06,1734335.24],[462666.49,1734337.48],[462668.38,1734331.3],[462660.95,1734329.06],[462659.06,1734335.24]]]]}},{"type":"Feature","properties":{"building":"yes","height":6,"heightSource":"default"},"geometry":{"type":"MultiPolygon","coordinates":[[[[462623.21,1734359.36],[462644.68,1734366.72],[462647.28,1734359.19],[462625.81,1734351.84],[462623.21,1734359.36]]]]}},{"type":"Feature","properties":{"building":"yes","height":6,"heightSource":"default"},"geometry":{"type":"MultiPolygon","coordinates":[[[[462613.45,1734373.88],[462626.56,1734378.84],[462629.37,1734371.52],[462616.25,1734366.56],[462613.45,1734373.88]]]]}},{"type":"Feature","properties":{"building":"yes","height":6,"heightSource":"default"},"geometry":{"type":"MultiPolygon","coordinates":[[[[462609.86,1734385.16],[462638.87,1734395.08],[462642.18,1734385.47],[462613.18,1734375.57],[462609.86,1734385.16]]]]}},{"type":"Feature","properties":{"building":"yes","height":6,"heightSource":"default"},"geometry":{"type":"MultiPolygon","coordinates":[[[[462608.24,1734388.38],[462597.13,1734418.74],[462612.6,1734424.34],[462623.7,1734393.98],[462608.24,1734388.38]]]]}},{"type":"Feature","properties":{"building":"yes","height":6,"heightSource":"default"},"geometry":{"type":"MultiPolygon","coordinates":[[[[462593.67,1734429.91],[462606.85,1734434.47],[462610.26,1734424.71],[462597.08,1734420.15],[462593.67,1734429.91]]]]}},{"type":"Feature","properties":{"building":"yes","height":6,"heightSource":"default"},"geometry":{"type":"MultiPolygon","coordinates":[[[[462588.71,1734442.67],[462589.7,1734443.52],[462604.45,1734448.09],[462608.08,1734437.66],[462592.34,1734432.25],[462588.71,1734442.67]]]]}},{"type":"Feature","properties":{"building":"yes","height":6,"heightSource":"default"},"geometry":{"type":"MultiPolygon","coordinates":[[[[462585.3,1734454.17],[462601.73,1734460.86],[462606.13,1734450.22],[462589.7,1734443.52],[462585.3,1734454.17]]]]}},{"type":"Feature","properties":{"building":"yes","height":6,"heightSource":"default"},"geometry":{"type":"MultiPolygon","coordinates":[[[[462620.33,1734485.42],[462630.94,1734490.59],[462634.47,1734483.41],[462623.86,1734478.25],[462620.33,1734485.42]]]]}},{"type":"Feature","properties":{"building":"yes","height":6,"heightSource":"default"},"geometry":{"type":"MultiPolygon","coordinates":[[[[462582.85,1734479.98],[462596.15,1734485.64],[462600.27,1734476.08],[462586.96,1734470.43],[462582.85,1734479.98]]]]}},{"type":"Feature","properties":{"building":"yes","height":6,"heightSource":"default"},"geometry":{"type":"MultiPolygon","coordinates":[[[[462576.42,1734495.51],[462587.62,1734500.01],[462591.83,1734489.27],[462580.44,1734484.85],[462576.42,1734495.51]]]]}},{"type":"Feature","properties":{"building":"house","height":6.4,"heightSource":"inferred"},"geometry":{"type":"MultiPolygon","coordinates":[[[[462639.18,1734638.55],[462644.11,1734646.11],[462653.05,1734640.35],[462648.13,1734632.79],[462639.18,1734638.55]]]]}},{"type":"Feature","properties":{"building":"yes","height":6,"heightSource":"default"},"geometry":{"type":"MultiPolygon","coordinates":[[[[462565.76,1734506.75],[462571.67,1734508.83],[462573.73,1734502.92],[462575.94,1734497.05],[462576.42,1734495.51],[462570.5,1734493.43],[462565.76,1734506.75]]]]}},{"type":"Feature","properties":{"building":"yes","height":6,"heightSource":"default"},"geometry":{"type":"MultiPolygon","coordinates":[[[[462573.73,1734502.92],[462587.24,1734507.94],[462588.78,1734508.54],[462589.36,1734507.09],[462590.95,1734502.62],[462575.94,1734497.05],[462573.73,1734502.92]]]]}},{"type":"Feature","properties":{"building":"yes","height":6,"heightSource":"default"},"geometry":{"type":"MultiPolygon","coordinates":[[[[462582.34,1734520.08],[462594.85,1734525.24],[462600.36,1734511.48],[462589.36,1734507.09],[462588.78,1734508.54],[462587.24,1734507.94],[462582.34,1734520.08]]]]}},{"type":"Feature","properties":{"building":"yes","height":6,"heightSource":"default"},"geometry":{"type":"MultiPolygon","coordinates":[[[[462594.85,1734525.24],[462591.54,1734533.14],[462576.56,1734526.8],[462579.35,1734518.88],[462582.34,1734520.08],[462594.85,1734525.24]]]]}},{"type":"Feature","properties":{"building":"yes","height":6,"heightSource":"default"},"geometry":{"type":"MultiPolygon","coordinates":[[[[462563.52,1734511.7],[462560.56,1734520.91],[462565.42,1734522.45],[462565.75,1734521.49],[462568.53,1734513.56],[462563.52,1734511.7]]]]}},{"type":"Feature","properties":{"building":"house","height":6.4,"heightSource":"inferred"},"geometry":{"type":"MultiPolygon","coordinates":[[[[462565.75,1734521.49],[462572.18,1734523.72],[462571.69,1734525.11],[462576.56,1734526.8],[462579.35,1734518.88],[462579.83,1734517.49],[462568.53,1734513.56],[462565.75,1734521.49]]]]}},{"type":"Feature","properties":{"building":"yes","height":6,"heightSource":"default"},"geometry":{"type":"MultiPolygon","coordinates":[[[[462597.26,1734536.81],[462599.51,1734531.73],[462593.63,1734529.15],[462591.38,1734534.23],[462597.26,1734536.81]]]]}},{"type":"Feature","properties":{"building":"house","height":6.4,"heightSource":"inferred"},"geometry":{"type":"MultiPolygon","coordinates":[[[[462558.64,1734531.9],[462567.93,1734535.21],[462571,1734526.72],[462561.71,1734523.41],[462558.64,1734531.9]]]]}},{"type":"Feature","properties":{"building":"house","height":6.4,"heightSource":"inferred"},"geometry":{"type":"MultiPolygon","coordinates":[[[[462555.24,1734569.39],[462564.22,1734572],[462567.91,1734559.44],[462561.69,1734557.64],[462559.82,1734564.03],[462557.05,1734563.23],[462555.24,1734569.39]]]]}},{"type":"Feature","properties":{"building":"yes","height":6,"heightSource":"default"},"geometry":{"type":"MultiPolygon","coordinates":[[[[462579.57,1734574.14],[462587.6,1734576.55],[462590.34,1734567.54],[462582.32,1734565.12],[462579.57,1734574.14]]]]}},{"type":"Feature","properties":{"building":"yes","height":6,"heightSource":"default"},"geometry":{"type":"MultiPolygon","coordinates":[[[[462551.13,1734599.25],[462569.97,1734605.59],[462571.63,1734600.68],[462552.81,1734594.35],[462551.13,1734599.25]]]]}},{"type":"Feature","properties":{"building":"yes","height":6,"heightSource":"default"},"geometry":{"type":"MultiPolygon","coordinates":[[[[462571.28,1734605.2],[462580.55,1734608.63],[462581.36,1734606.45],[462582.97,1734607.04],[462585.03,1734601.54],[462574.16,1734597.52],[462571.28,1734605.2]]]]}},{"type":"Feature","properties":{"building":"yes","height":6,"heightSource":"default"},"geometry":{"type":"MultiPolygon","coordinates":[[[[462527.49,1734448.62],[462548.84,1734455.66],[462555.63,1734435.29],[462534.28,1734428.26],[462527.49,1734448.62]]]]}},{"type":"Feature","properties":{"building":"school","height":9.6,"heightSource":"inferred"},"geometry":{"type":"MultiPolygon","coordinates":[[[[462515.68,1734416.84],[462453.84,1734394.9],[462449.29,1734407.55],[462511.14,1734429.48],[462515.68,1734416.84]]]]}},{"type":"Feature","properties":{"building":"yes","height":6,"heightSource":"default"},"geometry":{"type":"MultiPolygon","coordinates":[[[[462442.99,1734398.19],[462449.56,1734380.88],[462443.07,1734378.45],[462443.86,1734376.35],[462422.93,1734368.51],[462422.28,1734370.22],[462415.5,1734367.68],[462408.7,1734385.67],[462413.27,1734387.38],[462412.32,1734389.89],[462415.84,1734391.21],[462415.24,1734392.83],[462432.53,1734399.3],[462433.31,1734397.26],[462436.16,1734398.32],[462437.05,1734395.97],[462442.99,1734398.19]]]]}},{"type":"Feature","properties":{"building":"yes","height":6,"heightSource":"default"},"geometry":{"type":"MultiPolygon","coordinates":[[[[462404.48,1734434.19],[462416.99,1734401.25],[462404.59,1734396.61],[462392.1,1734429.55],[462404.48,1734434.19]]]]}},{"type":"Feature","properties":{"building":"school","height":6,"heightSource":"default"},"geometry":{"type":"MultiPolygon","coordinates":[[[[462406.51,1734493.94],[462427.3,1734443.42],[462415.99,1734438.83],[462395.22,1734489.36],[462406.51,1734493.94]]]]}},{"type":"Feature","properties":{"building":"yes","height":6,"heightSource":"default"},"geometry":{"type":"MultiPolygon","coordinates":[[[[462541.32,1734415.33],[462559.54,1734420.41],[462561.24,1734414.37],[462543.03,1734409.29],[462541.32,1734415.33]]]]}},{"type":"Feature","properties":{"building":"yes","height":6,"heightSource":"default"},"geometry":{"type":"MultiPolygon","coordinates":[[[[462547.48,1734400.53],[462557.73,1734403.91],[462558.48,1734401.68],[462561.5,1734402.68],[462563.77,1734395.86],[462550.49,1734391.49],[462547.48,1734400.53]]]]}},{"type":"Feature","properties":{"building":"yes","height":6,"heightSource":"default"},"geometry":{"type":"MultiPolygon","coordinates":[[[[462539.33,1734404.38],[462545.28,1734406.22],[462546.57,1734402.06],[462540.62,1734400.23],[462539.33,1734404.38]]]]}},{"type":"Feature","properties":{"building":"yes","height":6,"heightSource":"default"},"geometry":{"type":"MultiPolygon","coordinates":[[[[462555.48,1734388.72],[462568.9,1734394.28],[462572.97,1734384.55],[462559.54,1734379.01],[462555.48,1734388.72]]]]}},{"type":"Feature","properties":{"building":"house","height":6.4,"heightSource":"inferred"},"geometry":{"type":"MultiPolygon","coordinates":[[[[462531.83,1734372.22],[462544.76,1734380.52],[462550.07,1734372.37],[462537.14,1734364.05],[462531.83,1734372.22]]]]}},{"type":"Feature","properties":{"building":"yes","height":6,"heightSource":"default"},"geometry":{"type":"MultiPolygon","coordinates":[[[[462520.77,1734335.27],[462534.43,1734342.97],[462529.25,1734352.02],[462515.59,1734344.32],[462520.77,1734335.27]]]]}},{"type":"Feature","properties":{"building":"yes","height":6,"heightSource":"default"},"geometry":{"type":"MultiPolygon","coordinates":[[[[462532.49,1734321.9],[462553.54,1734328.71],[462559.14,1734311.61],[462538.1,1734304.8],[462532.49,1734321.9]]]]}},{"type":"Feature","properties":{"building":"yes","height":6,"heightSource":"default"},"geometry":{"type":"MultiPolygon","coordinates":[[[[462564.16,1734335.76],[462589.43,1734343.38],[462593.79,1734330.36],[462578.15,1734325.35],[462568.29,1734322.25],[462564.16,1734335.76]]]]}},{"type":"Feature","properties":{"building":"yes","height":6,"heightSource":"default"},"geometry":{"type":"MultiPolygon","coordinates":[[[[462503.43,1734330.74],[462507.35,1734335.74],[462518.84,1734326.84],[462514.93,1734321.84],[462503.43,1734330.74]]]]}},{"type":"Feature","properties":{"building":"yes","height":6,"heightSource":"default"},"geometry":{"type":"MultiPolygon","coordinates":[[[[462471.73,1734302.03],[462476.04,1734308.85],[462483.73,1734304.06],[462479.43,1734297.23],[462471.73,1734302.03]]]]}},{"type":"Feature","properties":{"building":"yes","height":6,"heightSource":"default"},"geometry":{"type":"MultiPolygon","coordinates":[[[[462508.58,1734315.32],[462512.75,1734320.31],[462515.49,1734318.05],[462516.64,1734319.42],[462521.77,1734315.18],[462510.87,1734302.15],[462507.56,1734304.9],[462506.55,1734304.19],[462502.61,1734307.22],[462504.25,1734309.33],[462503.4,1734311.19],[462506.28,1734315.18],[462508.58,1734315.32]]]]}},{"type":"Feature","properties":{"building":"yes","height":6,"heightSource":"default"},"geometry":{"type":"MultiPolygon","coordinates":[[[[462533.79,1734284.44],[462530.86,1734264.69],[462516.21,1734266.83],[462519.13,1734286.59],[462533.79,1734284.44]]]]}},{"type":"Feature","properties":{"building":"yes","height":6,"heightSource":"default"},"geometry":{"type":"MultiPolygon","coordinates":[[[[462507,1734280.28],[462508.69,1734288.02],[462516.26,1734286.39],[462514.58,1734278.65],[462507,1734280.28]]]]}},{"type":"Feature","properties":{"building":"retail","height":6,"heightSource":"default"},"geometry":{"type":"MultiPolygon","coordinates":[[[[462578.15,1734325.35],[462580.92,1734316.84],[462596.55,1734321.85],[462593.79,1734330.36],[462578.15,1734325.35]]]]}},{"type":"Feature","properties":{"building":"house","height":9.6,"heightSource":"inferred"},"geometry":{"type":"MultiPolygon","coordinates":[[[[462620.66,1734258.99],[462611.63,1734255.42],[462609.42,1734260.93],[462618.46,1734264.5],[462620.66,1734258.99]]]]}},{"type":"Feature","properties":{"building":"house","height":6.4,"heightSource":"inferred"},"geometry":{"type":"MultiPolygon","coordinates":[[[[462608.74,1734272.53],[462612.01,1734263.32],[462594.68,1734257.23],[462591.41,1734266.44],[462608.74,1734272.53]]]]}},{"type":"Feature","properties":{"building":"retail","height":6,"heightSource":"default"},"geometry":{"type":"MultiPolygon","coordinates":[[[[462596.96,1734288.42],[462607.63,1734291.9],[462611.29,1734280.78],[462600.63,1734277.31],[462596.96,1734288.42]]]]}},{"type":"Feature","properties":{"building":"retail","height":6,"heightSource":"default"},"geometry":{"type":"MultiPolygon","coordinates":[[[[462588.39,1734296.94],[462604.14,1734302.74],[462607.69,1734293.22],[462591.95,1734287.42],[462588.39,1734296.94]]]]}},{"type":"Feature","properties":{"building":"retail","height":6,"heightSource":"default"},"geometry":{"type":"MultiPolygon","coordinates":[[[[462586.72,1734297.62],[462603.31,1734303.42],[462600,1734312.75],[462583.42,1734306.95],[462586.72,1734297.62]]]]}},{"type":"Feature","properties":{"building":"retail","height":6,"heightSource":"default"},"geometry":{"type":"MultiPolygon","coordinates":[[[[462580.92,1734316.84],[462596.55,1734321.85],[462600,1734312.75],[462583.42,1734306.95],[462580.92,1734316.84]]]]}},{"type":"Feature","properties":{"building":"yes","height":6,"heightSource":"default"},"geometry":{"type":"MultiPolygon","coordinates":[[[[465542.64,1731751.55],[465552.44,1731750.65],[465551.93,1731745.08],[465542.12,1731745.98],[465542.64,1731751.55]]]]}},{"type":"Feature","properties":{"building":"yes","height":6,"heightSource":"default"},"geometry":{"type":"MultiPolygon","coordinates":[[[[465541.48,1731744],[465559.96,1731742.17],[465558.79,1731728.72],[465540.14,1731730.88],[465541.48,1731744]]]]}},{"type":"Feature","properties":{"building":"yes","height":6,"heightSource":"default"},"geometry":{"type":"MultiPolygon","coordinates":[[[[465541.61,1731729.09],[465550.93,1731728.16],[465550.19,1731720.86],[465540.87,1731721.79],[465541.61,1731729.09]]]]}},{"type":"Feature","properties":{"building":"yes","height":6,"heightSource":"default"},"geometry":{"type":"MultiPolygon","coordinates":[[[[465569.26,1731672.53],[465594.87,1731669.4],[465591.42,1731641.62],[465565.82,1731644.75],[465569.26,1731672.53]]]]}},{"type":"Feature","properties":{"building":"yes","height":6,"heightSource":"default"},"geometry":{"type":"MultiPolygon","coordinates":[[[[465555.11,1731638.56],[465574.73,1731636.6],[465573.28,1731622.22],[465553.66,1731624.19],[465555.11,1731638.56]]]]}},{"type":"Feature","properties":{"building":"yes","height":6,"heightSource":"default"},"geometry":{"type":"MultiPolygon","coordinates":[[[[465615.09,1731681.54],[465618.79,1731680.63],[465634.79,1731676.73],[465632.98,1731669.41],[465618.18,1731673.01],[465613.28,1731674.22],[465615.09,1731681.54]]]]}},{"type":"Feature","properties":{"building":"house","height":6.4,"heightSource":"inferred"},"geometry":{"type":"MultiPolygon","coordinates":[[[[462611.36,1734243.57],[462590.82,1734236.05],[462586.89,1734246.67],[462596.17,1734250.07],[462597.94,1734245.32],[462609.18,1734249.44],[462611.36,1734243.57]]]]}},{"type":"Feature","properties":{"building":"house","height":6.4,"heightSource":"inferred"},"geometry":{"type":"MultiPolygon","coordinates":[[[[462614.03,1734231.31],[462628.84,1734236.82],[462634.07,1734222.9],[462619.25,1734217.4],[462614.03,1734231.31]]]]}},{"type":"Feature","properties":{"building":"yes","height":6,"heightSource":"default"},"geometry":{"type":"MultiPolygon","coordinates":[[[[462634.07,1734222.9],[462640.2,1734206.03],[462624.34,1734200.15],[462619.25,1734217.4],[462634.07,1734222.9]]]]}},{"type":"Feature","properties":{"building":"yes","height":9.6,"heightSource":"inferred"},"geometry":{"type":"MultiPolygon","coordinates":[[[[462624.34,1734200.15],[462640.2,1734206.03],[462643.22,1734197.11],[462627.3,1734192.1],[462624.34,1734200.15]]]]}},{"type":"Feature","properties":{"building":"yes","height":6,"heightSource":"default"},"geometry":{"type":"MultiPolygon","coordinates":[[[[462643.22,1734197.11],[462648.07,1734185.17],[462618.35,1734173.26],[462622.63,1734162.7],[462612.28,1734158.56],[462603.15,1734181.06],[462643.22,1734197.11]]]]}},{"type":"Feature","properties":{"building":"yes","height":6,"heightSource":"default"},"geometry":{"type":"MultiPolygon","coordinates":[[[[462648.03,1734184.28],[462650.96,1734176.91],[462633.99,1734170.22],[462632.47,1734174.03],[462638.51,1734176.41],[462637.09,1734179.97],[462648.03,1734184.28]]]]}},{"type":"Feature","properties":{"building":"yes","height":6,"heightSource":"default"},"geometry":{"type":"MultiPolygon","coordinates":[[[[462650.96,1734176.91],[462656.64,1734162.85],[462635.65,1734154.69],[462630.07,1734168.64],[462633.99,1734170.22],[462650.96,1734176.91]]]]}},{"type":"Feature","properties":{"building":"retail","height":6,"heightSource":"default"},"geometry":{"type":"MultiPolygon","coordinates":[[[[462656.64,1734162.85],[462661.89,1734149.48],[462648.51,1734144.05],[462641.41,1734141.22],[462635.65,1734154.69],[462656.64,1734162.85]]]]}},{"type":"Feature","properties":{"building":"retail","height":6,"heightSource":"default"},"geometry":{"type":"MultiPolygon","coordinates":[[[[462661.89,1734149.48],[462665.39,1734139.69],[462652.66,1734134.72],[462648.51,1734144.05],[462661.89,1734149.48]]]]}},{"type":"Feature","properties":{"building":"yes","height":6,"heightSource":"default"},"geometry":{"type":"MultiPolygon","coordinates":[[[[462652.66,1734134.72],[462665.39,1734139.69],[462669.29,1734129.78],[462656.56,1734124.81],[462655.15,1734128.42],[462652.66,1734134.72]]]]}},{"type":"Feature","properties":{"building":"retail","height":6,"heightSource":"default"},"geometry":{"type":"MultiPolygon","coordinates":[[[[462669.29,1734129.78],[462671.09,1734122.96],[462655.24,1734116.43],[462649.47,1734126.45],[462655.15,1734128.42],[462656.56,1734124.81],[462669.29,1734129.78]]]]}},{"type":"Feature","properties":{"building":"yes","height":6,"heightSource":"default"},"geometry":{"type":"MultiPolygon","coordinates":[[[[462679.27,1734061.02],[462692.35,1734066.35],[462688.72,1734075.13],[462675.65,1734069.79],[462679.27,1734061.02]]]]}},{"type":"Feature","properties":{"building":"yes","height":6,"heightSource":"default"},"geometry":{"type":"MultiPolygon","coordinates":[[[[462670.59,1734077.09],[462683.8,1734082.78],[462686.44,1734076.75],[462673.23,1734071.06],[462670.59,1734077.09]]]]}},{"type":"Feature","properties":{"building":"yes","height":6,"heightSource":"default"},"geometry":{"type":"MultiPolygon","coordinates":[[[[462657.89,1734079.46],[462664.62,1734083.04],[462668.37,1734076.11],[462661.64,1734072.52],[462657.89,1734079.46]]]]}},{"type":"Feature","properties":{"building":"yes","height":6,"heightSource":"default"},"geometry":{"type":"MultiPolygon","coordinates":[[[[462670.02,1734085.49],[462682.8,1734091.81],[462678.52,1734100.34],[462677.22,1734098.99],[462666.93,1734094.76],[462665.75,1734094.02],[462670.02,1734085.49]]]]}},{"type":"Feature","properties":{"building":"yes","height":6,"heightSource":"default"},"geometry":{"type":"MultiPolygon","coordinates":[[[[462651.9,1733948.5],[462658.94,1733957.49],[462672.18,1733947.25],[462665.14,1733938.27],[462651.9,1733948.5]]]]}},{"type":"Feature","properties":{"building":"yes","height":6,"heightSource":"default"},"geometry":{"type":"MultiPolygon","coordinates":[[[[462659.75,1734111.79],[462670.64,1734115.85],[462674.27,1734106.09],[462663.97,1734101.86],[462659.75,1734111.79]]]]}},{"type":"Feature","properties":{"building":"yes","height":6,"heightSource":"default"},"geometry":{"type":"MultiPolygon","coordinates":[[[[462674.27,1734106.09],[462677.22,1734098.99],[462666.93,1734094.76],[462663.97,1734101.86],[462674.27,1734106.09]]]]}},{"type":"Feature","properties":{"building":"yes","height":6,"heightSource":"default"},"geometry":{"type":"MultiPolygon","coordinates":[[[[462689.33,1733919.9],[462703.69,1733908.21],[462701.23,1733905.23],[462704.67,1733902.42],[462700.07,1733896.83],[462694.92,1733901.02],[462692.37,1733897.92],[462679.71,1733908.21],[462689.33,1733919.9]]]]}},{"type":"Feature","properties":{"building":"yes","height":6,"heightSource":"default"},"geometry":{"type":"MultiPolygon","coordinates":[[[[462723.56,1733921.99],[462731.04,1733915.4],[462719.5,1733902.45],[462712.88,1733908.3],[462709.09,1733904.06],[462705.57,1733907.17],[462713.45,1733916],[462716.11,1733913.64],[462723.56,1733921.99]]]]}},{"type":"Feature","properties":{"building":"yes","height":6,"heightSource":"default"},"geometry":{"type":"MultiPolygon","coordinates":[[[[462712.48,1733877.01],[462732.16,1733900.8],[462741.74,1733892.98],[462722.06,1733869.19],[462712.48,1733877.01]]]]}},{"type":"Feature","properties":{"building":"yes","height":6,"heightSource":"default"},"geometry":{"type":"MultiPolygon","coordinates":[[[[462740.77,1733843.1],[462751.77,1733842.99],[462751.65,1733830.37],[462740.65,1733830.48],[462740.77,1733843.1]]]]}},{"type":"Feature","properties":{"building":"yes","height":6,"heightSource":"default"},"geometry":{"type":"MultiPolygon","coordinates":[[[[462783.4,1733938.4],[462798.29,1733949.5],[462804.39,1733941.42],[462789.52,1733930.31],[462783.4,1733938.4]]]]}},{"type":"Feature","properties":{"building":"yes","height":6,"heightSource":"default"},"geometry":{"type":"MultiPolygon","coordinates":[[[[462783.76,1733965.18],[462788.86,1733957.39],[462780.58,1733952.15],[462783.76,1733965.18]]]]}},{"type":"Feature","properties":{"building":"yes","height":6,"heightSource":"default"},"geometry":{"type":"MultiPolygon","coordinates":[[[[462783.76,1733965.18],[462788.75,1733968.41],[462793.86,1733960.61],[462788.86,1733957.39],[462783.76,1733965.18]]]]}},{"type":"Feature","properties":{"building":"yes","height":6,"heightSource":"default"},"geometry":{"type":"MultiPolygon","coordinates":[[[[462803.92,1733951.95],[462812.48,1733960.37],[462818.53,1733954.3],[462809.96,1733945.88],[462803.92,1733951.95]]]]}},{"type":"Feature","properties":{"building":"yes","height":6,"heightSource":"default"},"geometry":{"type":"MultiPolygon","coordinates":[[[[462779.78,1733950.32],[462787.68,1733955.62],[462792.8,1733948.38],[462785.05,1733942.81],[462779.78,1733950.32]]]]}},{"type":"Feature","properties":{"building":"yes","height":6,"heightSource":"default"},"geometry":{"type":"MultiPolygon","coordinates":[[[[462787.68,1733955.62],[462795.57,1733961.14],[462800.69,1733953.9],[462792.8,1733948.38],[462787.68,1733955.62]]]]}},{"type":"Feature","properties":{"building":"house","height":6.4,"heightSource":"inferred"},"geometry":{"type":"MultiPolygon","coordinates":[[[[462868.13,1733920.89],[462870.61,1733924.68],[462873.95,1733922.52],[462875.52,1733924.93],[462881.25,1733921.22],[462880.02,1733919.37],[462883.25,1733917.28],[462880.01,1733912.32],[462875.96,1733914.94],[462874.43,1733912.59],[462867.51,1733917.05],[462869.47,1733920.03],[462868.13,1733920.89]]]]}},{"type":"Feature","properties":{"building":"house","height":6.4,"heightSource":"inferred"},"geometry":{"type":"MultiPolygon","coordinates":[[[[462855.25,1733966.19],[462869.77,1733954.91],[462863.82,1733947.35],[462849.3,1733958.62],[462855.25,1733966.19]]]]}},{"type":"Feature","properties":{"building":"house","height":6.4,"heightSource":"inferred"},"geometry":{"type":"MultiPolygon","coordinates":[[[[462839.49,1733969.69],[462848.81,1733966.13],[462845.55,1733957.7],[462836.23,1733961.25],[462839.49,1733969.69]]]]}},{"type":"Feature","properties":{"building":"house","height":6.4,"heightSource":"inferred"},"geometry":{"type":"MultiPolygon","coordinates":[[[[462826.72,1733961.04],[462829.25,1733967.49],[462836.76,1733964.59],[462832.71,1733954.26],[462826.74,1733956.57],[462828.25,1733960.44],[462826.72,1733961.04]]]]}},{"type":"Feature","properties":{"building":"house","height":6.4,"heightSource":"inferred"},"geometry":{"type":"MultiPolygon","coordinates":[[[[462827.13,1733983.18],[462843.25,1733988.94],[462846.4,1733980.22],[462830.28,1733974.46],[462827.13,1733983.18]]]]}},{"type":"Feature","properties":{"building":"house","height":6.4,"heightSource":"inferred"},"geometry":{"type":"MultiPolygon","coordinates":[[[[462769.92,1733976.99],[462778.92,1733982.01],[462784.23,1733972.59],[462775.22,1733967.57],[462769.92,1733976.99]]]]}},{"type":"Feature","properties":{"building":"house","height":6.4,"heightSource":"inferred"},"geometry":{"type":"MultiPolygon","coordinates":[[[[462764.59,1733999.42],[462776.35,1734005.57],[462781.59,1733995.66],[462769.84,1733989.51],[462764.59,1733999.42]]]]}},{"type":"Feature","properties":{"building":"house","height":6.4,"heightSource":"inferred"},"geometry":{"type":"MultiPolygon","coordinates":[[[[462753.61,1734009.04],[462765.23,1734014.89],[462770.76,1734004.04],[462759.14,1733998.19],[462753.61,1734009.04]]]]}},{"type":"Feature","properties":{"building":"house","height":6.4,"heightSource":"inferred"},"geometry":{"type":"MultiPolygon","coordinates":[[[[462828.34,1733995.85],[462836.47,1733998.73],[462839.25,1733990.98],[462831.12,1733988.11],[462828.34,1733995.85]]]]}},{"type":"Feature","properties":{"building":"house","height":6.4,"heightSource":"inferred"},"geometry":{"type":"MultiPolygon","coordinates":[[[[462803.41,1733995.24],[462810.98,1733997.3],[462813.51,1733988.08],[462805.93,1733986.03],[462803.41,1733995.24]]]]}},{"type":"Feature","properties":{"building":"house","height":6.4,"heightSource":"inferred"},"geometry":{"type":"MultiPolygon","coordinates":[[[[462828.89,1734020.64],[462832.51,1734009.45],[462820.57,1734005.63],[462816.95,1734016.82],[462828.89,1734020.64]]]]}},{"type":"Feature","properties":{"building":"house","height":6.4,"heightSource":"inferred"},"geometry":{"type":"MultiPolygon","coordinates":[[[[462778.22,1734006.59],[462786.71,1734010.99],[462793.47,1733998.07],[462784.98,1733993.68],[462778.22,1734006.59]]]]}},{"type":"Feature","properties":{"building":"house","height":6.4,"heightSource":"inferred"},"geometry":{"type":"MultiPolygon","coordinates":[[[[462816.49,1734033.78],[462824.67,1734036.68],[462827.43,1734028.97],[462819.24,1734026.08],[462816.49,1734033.78]]]]}},{"type":"Feature","properties":{"building":"house","height":6.4,"heightSource":"inferred"},"geometry":{"type":"MultiPolygon","coordinates":[[[[462802.96,1734018.63],[462810.95,1734021.28],[462814.44,1734010.92],[462806.45,1734008.27],[462802.96,1734018.63]]]]}},{"type":"Feature","properties":{"building":"house","height":6.4,"heightSource":"inferred"},"geometry":{"type":"MultiPolygon","coordinates":[[[[462773.67,1734017.86],[462782.15,1734022.71],[462787.39,1734013.65],[462778.9,1734008.8],[462773.67,1734017.86]]]]}},{"type":"Feature","properties":{"building":"house","height":6.4,"heightSource":"inferred"},"geometry":{"type":"MultiPolygon","coordinates":[[[[462805.99,1734022.68],[462793.87,1734018.39],[462789.74,1734029.9],[462799.45,1734033.34],[462800.51,1734030.39],[462805.52,1734032.16],[462807.26,1734027.29],[462804.67,1734026.38],[462805.99,1734022.68]]]]}},{"type":"Feature","properties":{"building":"house","height":6.4,"heightSource":"inferred"},"geometry":{"type":"MultiPolygon","coordinates":[[[[462808.87,1734042.77],[462820.65,1734046.84],[462823.78,1734037.87],[462812,1734033.8],[462808.87,1734042.77]]]]}},{"type":"Feature","properties":{"building":"house","height":6.4,"heightSource":"inferred"},"geometry":{"type":"MultiPolygon","coordinates":[[[[462803.45,1734053.44],[462813.65,1734057.38],[462816.84,1734049.21],[462806.64,1734045.28],[462803.45,1734053.44]]]]}},{"type":"Feature","properties":{"building":"yes","height":6,"heightSource":"default"},"geometry":{"type":"MultiPolygon","coordinates":[[[[462750.06,1734043.29],[462759.32,1734046.28],[462762.79,1734035.7],[462753.53,1734032.71],[462750.06,1734043.29]]]]}},{"type":"Feature","properties":{"building":"house","height":6.4,"heightSource":"inferred"},"geometry":{"type":"MultiPolygon","coordinates":[[[[462747.43,1734044.31],[462751.51,1734032.8],[462741.38,1734029.27],[462739.28,1734035.2],[462741.41,1734035.95],[462739.43,1734041.52],[462747.43,1734044.31]]]]}},{"type":"Feature","properties":{"building":"house","height":6,"heightSource":"default"},"geometry":{"type":"MultiPolygon","coordinates":[[[[462753.26,1734062.26],[462761.24,1734064.06],[462763.18,1734055.57],[462755.21,1734053.77],[462753.26,1734062.26]]]]}},{"type":"Feature","properties":{"building":"yes","height":6,"heightSource":"default"},"geometry":{"type":"MultiPolygon","coordinates":[[[[462786.05,1734086.96],[462770.29,1734080.93],[462767.22,1734088.82],[462782.99,1734094.85],[462786.05,1734086.96]]]]}},{"type":"Feature","properties":{"building":"yes","height":6,"heightSource":"default"},"geometry":{"type":"MultiPolygon","coordinates":[[[[462726.11,1734076.96],[462736.34,1734081.4],[462739.84,1734073.43],[462729.61,1734068.99],[462726.11,1734076.96]]]]}},{"type":"Feature","properties":{"building":"yes","height":6,"heightSource":"default"},"geometry":{"type":"MultiPolygon","coordinates":[[[[462712.5,1734101.59],[462725.1,1734106.55],[462729.97,1734094.28],[462717.37,1734089.33],[462712.5,1734101.59]]]]}},{"type":"Feature","properties":{"building":"yes","height":6,"heightSource":"default"},"geometry":{"type":"MultiPolygon","coordinates":[[[[462741.85,1734112.47],[462745.98,1734101.44],[462733.32,1734096.76],[462730.58,1734104.08],[462733.62,1734105.21],[462732.23,1734108.92],[462741.85,1734112.47]]]]}},{"type":"Feature","properties":{"building":"yes","height":6,"heightSource":"default"},"geometry":{"type":"MultiPolygon","coordinates":[[[[462779.45,1734151.09],[462788.93,1734151.25],[462789.07,1734143.29],[462779.58,1734143.13],[462779.45,1734151.09]]]]}},{"type":"Feature","properties":{"building":"yes","height":6,"heightSource":"default"},"geometry":{"type":"MultiPolygon","coordinates":[[[[462770.53,1734151.95],[462778.32,1734152.51],[462778.98,1734143.3],[462771.2,1734142.74],[462770.53,1734151.95]]]]}},{"type":"Feature","properties":{"building":"house","height":6,"heightSource":"default"},"geometry":{"type":"MultiPolygon","coordinates":[[[[462765.42,1734139.89],[462773.12,1734141.38],[462774.53,1734134.24],[462766.82,1734132.74],[462765.42,1734139.89]]]]}},{"type":"Feature","properties":{"building":"yes","height":6,"heightSource":"default"},"geometry":{"type":"MultiPolygon","coordinates":[[[[462749.74,1734139.72],[462756.76,1734142.18],[462760.14,1734132.66],[462753.12,1734130.19],[462749.74,1734139.72]]]]}},{"type":"Feature","properties":{"building":"house","height":6.4,"heightSource":"inferred"},"geometry":{"type":"MultiPolygon","coordinates":[[[[462733.03,1734137.32],[462741.57,1734139.81],[462744.47,1734130.05],[462735.94,1734127.55],[462733.03,1734137.32]]]]}},{"type":"Feature","properties":{"building":"house","height":6,"heightSource":"default"},"geometry":{"type":"MultiPolygon","coordinates":[[[[462722.13,1734131.9],[462728.98,1734134.14],[462732.15,1734124.5],[462725.3,1734122.27],[462722.13,1734131.9]]]]}},{"type":"Feature","properties":{"building":"yes","height":6,"heightSource":"default"},"geometry":{"type":"MultiPolygon","coordinates":[[[[462709.8,1734122.91],[462717.9,1734125.88],[462721.94,1734115.03],[462713.84,1734112.05],[462709.8,1734122.91]]]]}},{"type":"Feature","properties":{"building":"house","height":6,"heightSource":"default"},"geometry":{"type":"MultiPolygon","coordinates":[[[[462701.24,1734133.12],[462712.46,1734138.13],[462715.88,1734130.55],[462704.66,1734125.55],[462701.24,1734133.12]]]]}},{"type":"Feature","properties":{"building":"yes","height":6,"heightSource":"default"},"geometry":{"type":"MultiPolygon","coordinates":[[[[462701.81,1734143.39],[462716.88,1734149.47],[462719.67,1734142.66],[462704.59,1734136.58],[462701.81,1734143.39]]]]}},{"type":"Feature","properties":{"building":"yes","height":6,"heightSource":"default"},"geometry":{"type":"MultiPolygon","coordinates":[[[[462691.15,1734159.71],[462709.16,1734167.08],[462712,1734160.24],[462693.98,1734152.87],[462691.15,1734159.71]]]]}},{"type":"Feature","properties":{"building":"house","height":6.4,"heightSource":"inferred"},"geometry":{"type":"MultiPolygon","coordinates":[[[[462768.43,1734178.53],[462777.36,1734175.92],[462776.04,1734171.42],[462780.31,1734170.16],[462778.37,1734163.59],[462765.16,1734167.45],[462768.43,1734178.53]]]]}},{"type":"Feature","properties":{"building":"retail","height":6,"heightSource":"default"},"geometry":{"type":"MultiPolygon","coordinates":[[[[462791.89,1734205.45],[462803.07,1734202.77],[462799.98,1734190.05],[462788.8,1734192.72],[462791.89,1734205.45]]]]}},{"type":"Feature","properties":{"building":"yes","height":6,"heightSource":"default"},"geometry":{"type":"MultiPolygon","coordinates":[[[[462829.62,1734180.74],[462842.79,1734179.19],[462841.08,1734164.81],[462827.91,1734166.36],[462829.62,1734180.74]]]]}},{"type":"Feature","properties":{"building":"yes","height":6,"heightSource":"default"},"geometry":{"type":"MultiPolygon","coordinates":[[[[462802.5,1734159.81],[462817.4,1734159.14],[462817.73,1734166.09],[462825.99,1734165.71],[462824.98,1734143.85],[462801.81,1734144.9],[462802.5,1734159.81]]]]}},{"type":"Feature","properties":{"building":"house","height":6.4,"heightSource":"inferred"},"geometry":{"type":"MultiPolygon","coordinates":[[[[462817.78,1734135.07],[462827.9,1734136.32],[462829.11,1734126.82],[462818.98,1734125.55],[462817.78,1734135.07]]]]}},{"type":"Feature","properties":{"building":"yes","height":6,"heightSource":"default"},"geometry":{"type":"MultiPolygon","coordinates":[[[[462817.5,1734112.69],[462835.86,1734117.46],[462838.41,1734107.79],[462820.04,1734103.01],[462817.5,1734112.69]]]]}},{"type":"Feature","properties":{"building":"house","height":6.4,"heightSource":"inferred"},"geometry":{"type":"MultiPolygon","coordinates":[[[[462856.74,1734066.93],[462861.03,1734054.66],[462846.66,1734049.71],[462845.47,1734053.12],[462842.38,1734052.06],[462840.09,1734058.64],[462849.23,1734061.79],[462848.44,1734064.07],[462856.74,1734066.93]]]]}},{"type":"Feature","properties":{"building":"house","height":6.4,"heightSource":"inferred"},"geometry":{"type":"MultiPolygon","coordinates":[[[[462862.88,1734034.69],[462866.62,1734026.01],[462851.34,1734019.51],[462847.59,1734028.2],[462862.88,1734034.69]]]]}},{"type":"Feature","properties":{"building":"house","height":6.4,"heightSource":"inferred"},"geometry":{"type":"MultiPolygon","coordinates":[[[[462855.98,1734007.69],[462865.74,1734012.43],[462870.18,1734003.42],[462860.42,1733998.67],[462855.98,1734007.69]]]]}},{"type":"Feature","properties":{"building":"house","height":6.4,"heightSource":"inferred"},"geometry":{"type":"MultiPolygon","coordinates":[[[[462859.34,1733994.72],[462868.3,1733999.11],[462872.26,1733991.14],[462863.3,1733986.74],[462859.34,1733994.72]]]]}},{"type":"Feature","properties":{"building":"house","height":6.4,"heightSource":"inferred"},"geometry":{"type":"MultiPolygon","coordinates":[[[[462866.45,1733978.08],[462875.06,1733984.02],[462881.05,1733975.43],[462872.44,1733969.5],[462866.45,1733978.08]]]]}},{"type":"Feature","properties":{"building":"house","height":6,"heightSource":"default"},"geometry":{"type":"MultiPolygon","coordinates":[[[[462906.3,1733977.29],[462914.07,1733984.82],[462921.81,1733976.93],[462914.04,1733969.4],[462906.3,1733977.29]]]]}},{"type":"Feature","properties":{"building":"house","height":6,"heightSource":"default"},"geometry":{"type":"MultiPolygon","coordinates":[[[[462887.15,1733965.67],[462895.07,1733972.8],[462903.12,1733964],[462895.21,1733956.85],[462887.15,1733965.67]]]]}},{"type":"Feature","properties":{"building":"yes","height":6,"heightSource":"default"},"geometry":{"type":"MultiPolygon","coordinates":[[[[462903.59,1733949.56],[462911.54,1733956.52],[462918.14,1733949.06],[462910.19,1733942.11],[462903.59,1733949.56]]]]}},{"type":"Feature","properties":{"building":"yes","height":6,"heightSource":"default"},"geometry":{"type":"MultiPolygon","coordinates":[[[[462913.27,1733937.09],[462919.12,1733943.47],[462926.35,1733936.94],[462920.51,1733930.55],[462913.27,1733937.09]]]]}},{"type":"Feature","properties":{"building":"yes","height":6,"heightSource":"default"},"geometry":{"type":"MultiPolygon","coordinates":[[[[462961.07,1733874.16],[462967.1,1733886],[462974.81,1733882.13],[462968.78,1733870.28],[462961.07,1733874.16]]]]}},{"type":"Feature","properties":{"building":"yes","height":6,"heightSource":"default"},"geometry":{"type":"MultiPolygon","coordinates":[[[[462895.19,1734015.42],[462909.77,1734022.63],[462913.38,1734015.44],[462906.46,1734012.01],[462908.53,1734007.88],[462900.87,1734004.09],[462895.19,1734015.42]]]]}},{"type":"Feature","properties":{"building":"house","height":6,"heightSource":"default"},"geometry":{"type":"MultiPolygon","coordinates":[[[[462860.65,1734189.3],[462868.93,1734187.63],[462867.35,1734179.85],[462859.07,1734181.5],[462860.65,1734189.3]]]]}},{"type":"Feature","properties":{"building":"house","height":6,"heightSource":"default"},"geometry":{"type":"MultiPolygon","coordinates":[[[[462871.07,1734185.61],[462879.92,1734183.72],[462876.8,1734169.19],[462869.13,1734170.82],[462871.02,1734179.59],[462869.84,1734179.85],[462871.07,1734185.61]]]]}},{"type":"Feature","properties":{"building":"yes","height":6,"heightSource":"default"},"geometry":{"type":"MultiPolygon","coordinates":[[[[462883.91,1734182.1],[462893.21,1734180.64],[462891.62,1734170.66],[462882.32,1734172.13],[462883.91,1734182.1]]]]}},{"type":"Feature","properties":{"building":"house","height":6,"heightSource":"default"},"geometry":{"type":"MultiPolygon","coordinates":[[[[462905.43,1734179.99],[462915.48,1734175.51],[462911.42,1734166.49],[462901.36,1734170.97],[462905.43,1734179.99]]]]}},{"type":"Feature","properties":{"building":"house","height":6,"heightSource":"default"},"geometry":{"type":"MultiPolygon","coordinates":[[[[462917.14,1734174.87],[462927.1,1734172.83],[462925.43,1734164.74],[462915.47,1734166.77],[462917.14,1734174.87]]]]}},{"type":"Feature","properties":{"building":"house","height":6.4,"heightSource":"inferred"},"geometry":{"type":"MultiPolygon","coordinates":[[[[462936.85,1734170.5],[462946.66,1734167.63],[462944.5,1734160.33],[462934.7,1734163.2],[462936.85,1734170.5]]]]}},{"type":"Feature","properties":{"building":"yes","height":6,"heightSource":"default"},"geometry":{"type":"MultiPolygon","coordinates":[[[[462924.38,1734160.23],[462934.1,1734157.47],[462931.82,1734149.53],[462922.1,1734152.27],[462924.38,1734160.23]]]]}},{"type":"Feature","properties":{"building":"yes","height":6,"heightSource":"default"},"geometry":{"type":"MultiPolygon","coordinates":[[[[462878.05,1734157.68],[462886.93,1734167.33],[462892.18,1734162.55],[462883.31,1734152.91],[462878.05,1734157.68]]]]}},{"type":"Feature","properties":{"building":"yes","height":6,"heightSource":"default"},"geometry":{"type":"MultiPolygon","coordinates":[[[[462879,1734128.92],[462879.88,1734141.63],[462889.64,1734140.97],[462888.76,1734128.25],[462879,1734128.92]]]]}},{"type":"Feature","properties":{"building":"yes","height":6,"heightSource":"default"},"geometry":{"type":"MultiPolygon","coordinates":[[[[462914.36,1734133.48],[462917.14,1734141.95],[462922.92,1734140.07],[462920.15,1734131.6],[462914.36,1734133.48]]]]}},{"type":"Feature","properties":{"building":"yes","height":6,"heightSource":"default"},"geometry":{"type":"MultiPolygon","coordinates":[[[[462923.4,1734131.38],[462927.63,1734144.85],[462937.94,1734141.66],[462933.72,1734128.18],[462923.4,1734131.38]]]]}},{"type":"Feature","properties":{"building":"yes","height":6,"heightSource":"default"},"geometry":{"type":"MultiPolygon","coordinates":[[[[462954.83,1734164.01],[462967.48,1734159.98],[462963.07,1734146.28],[462950.41,1734150.31],[462954.83,1734164.01]]]]}},{"type":"Feature","properties":{"building":"yes","height":6,"heightSource":"default"},"geometry":{"type":"MultiPolygon","coordinates":[[[[462971.75,1734159.55],[462985.02,1734154.81],[462982.35,1734147.46],[462978.36,1734143.71],[462966.42,1734147.68],[462971.75,1734159.55]]]]}},{"type":"Feature","properties":{"building":"house","height":6,"heightSource":"default"},"geometry":{"type":"MultiPolygon","coordinates":[[[[462986.99,1734142.61],[462989.74,1734152.95],[462998.85,1734150.57],[462996.1,1734140.23],[462986.99,1734142.61]]]]}},{"type":"Feature","properties":{"building":"house","height":6.4,"heightSource":"inferred"},"geometry":{"type":"MultiPolygon","coordinates":[[[[462946.24,1734132.17],[462959.9,1734129],[462957.74,1734119.79],[462944.07,1734122.96],[462946.24,1734132.17]]]]}},{"type":"Feature","properties":{"building":"yes","height":6,"heightSource":"default"},"geometry":{"type":"MultiPolygon","coordinates":[[[[462965.65,1734138.45],[462975.88,1734137.01],[462974.74,1734129.01],[462964.51,1734130.45],[462965.65,1734138.45]]]]}},{"type":"Feature","properties":{"building":"house","height":6,"heightSource":"default"},"geometry":{"type":"MultiPolygon","coordinates":[[[[462995.09,1734132.65],[463003.71,1734130.82],[463002.11,1734123.37],[462993.5,1734125.2],[462995.09,1734132.65]]]]}},{"type":"Feature","properties":{"building":"house","height":6,"heightSource":"default"},"geometry":{"type":"MultiPolygon","coordinates":[[[[462989.14,1734117.71],[462998.89,1734116.64],[462997.95,1734108.15],[462988.2,1734109.23],[462989.14,1734117.71]]]]}},{"type":"Feature","properties":{"building":"yes","height":6,"heightSource":"default"},"geometry":{"type":"MultiPolygon","coordinates":[[[[462947.56,1734104.47],[462946.07,1734096.71],[462938.74,1734098.09],[462940.22,1734105.85],[462947.56,1734104.47]]]]}},{"type":"Feature","properties":{"building":"yes","height":6,"heightSource":"default"},"geometry":{"type":"MultiPolygon","coordinates":[[[[462957.47,1734091.81],[462958.86,1734100.25],[462965.54,1734099.16],[462964.14,1734090.73],[462957.47,1734091.81]]]]}},{"type":"Feature","properties":{"building":"yes","height":6,"heightSource":"default"},"geometry":{"type":"MultiPolygon","coordinates":[[[[462974.88,1734097.91],[462989.66,1734094.94],[462987.77,1734085.61],[462972.99,1734088.58],[462974.88,1734097.91]]]]}},{"type":"Feature","properties":{"building":"yes","height":6,"heightSource":"default"},"geometry":{"type":"MultiPolygon","coordinates":[[[[462978.98,1734066.8],[462980.96,1734074.06],[462989.78,1734071.67],[462987.78,1734064.42],[462978.98,1734066.8]]]]}},{"type":"Feature","properties":{"building":"yes","height":6,"heightSource":"default"},"geometry":{"type":"MultiPolygon","coordinates":[[[[462979.09,1734065.47],[462988.1,1734062.96],[462986.05,1734055.71],[462977.05,1734058.23],[462979.09,1734065.47]]]]}},{"type":"Feature","properties":{"building":"yes","height":6,"heightSource":"default"},"geometry":{"type":"MultiPolygon","coordinates":[[[[462972.28,1734057.17],[462983.38,1734053.74],[462980.17,1734043.5],[462969.07,1734046.94],[462972.28,1734057.17]]]]}},{"type":"Feature","properties":{"building":"yes","height":6,"heightSource":"default"},"geometry":{"type":"MultiPolygon","coordinates":[[[[462970.26,1734044.36],[462979.03,1734041.8],[462976.75,1734034.04],[462967.98,1734036.6],[462970.26,1734044.36]]]]}},{"type":"Feature","properties":{"building":"yes","height":6,"heightSource":"default"},"geometry":{"type":"MultiPolygon","coordinates":[[[[462967.22,1734077.21],[462964.56,1734067.49],[462972.95,1734065.22],[462975.62,1734074.93],[462967.22,1734077.21]]]]}},{"type":"Feature","properties":{"building":"yes","height":6,"heightSource":"default"},"geometry":{"type":"MultiPolygon","coordinates":[[[[462961.21,1734058.46],[462969.38,1734056.22],[462967.06,1734047.95],[462958.89,1734050.21],[462961.21,1734058.46]]]]}},{"type":"Feature","properties":{"building":"yes","height":6,"heightSource":"default"},"geometry":{"type":"MultiPolygon","coordinates":[[[[462952.5,1734069.22],[462956.04,1734081.41],[462965.56,1734078.69],[462962,1734066.48],[462952.5,1734069.22]]]]}},{"type":"Feature","properties":{"building":"house","height":6.4,"heightSource":"inferred"},"geometry":{"type":"MultiPolygon","coordinates":[[[[463046.06,1734138.55],[463060.58,1734135.09],[463058.83,1734127.79],[463044.3,1734131.26],[463046.06,1734138.55]]]]}},{"type":"Feature","properties":{"building":"house","height":6.4,"heightSource":"inferred"},"geometry":{"type":"MultiPolygon","coordinates":[[[[463017.53,1734145.64],[463028.43,1734143.81],[463027.4,1734137.69],[463016.49,1734139.52],[463017.53,1734145.64]]]]}},{"type":"Feature","properties":{"building":"house","height":6,"heightSource":"default"},"geometry":{"type":"MultiPolygon","coordinates":[[[[463016.73,1734137.96],[463026.78,1734136.64],[463025.95,1734130.47],[463015.9,1734131.79],[463016.73,1734137.96]]]]}},{"type":"Feature","properties":{"building":"house","height":6.4,"heightSource":"inferred"},"geometry":{"type":"MultiPolygon","coordinates":[[[[463016.88,1734122.26],[463025.82,1734119.83],[463022.88,1734109.2],[463010.75,1734112.52],[463012.81,1734119.94],[463016,1734119.07],[463016.88,1734122.26]]]]}},{"type":"Feature","properties":{"building":"house","height":6,"heightSource":"default"},"geometry":{"type":"MultiPolygon","coordinates":[[[[463010.38,1734111.53],[463020.98,1734108.67],[463019.07,1734101.68],[463008.48,1734104.54],[463010.38,1734111.53]]]]}},{"type":"Feature","properties":{"building":"yes","height":6,"heightSource":"default"},"geometry":{"type":"MultiPolygon","coordinates":[[[[463033.88,1734121.2],[463042.28,1734119.8],[463040.03,1734106.4],[463031.63,1734107.79],[463033.88,1734121.2]]]]}},{"type":"Feature","properties":{"building":"yes","height":6,"heightSource":"default"},"geometry":{"type":"MultiPolygon","coordinates":[[[[463045.64,1734119.41],[463054.1,1734117.56],[463055.13,1734122.19],[463046.68,1734124.05],[463045.64,1734119.41]]]]}},{"type":"Feature","properties":{"building":"yes","height":6,"heightSource":"default"},"geometry":{"type":"MultiPolygon","coordinates":[[[[463047.11,1734124.67],[463054.88,1734123.02],[463055.94,1734127.95],[463048.17,1734129.6],[463047.11,1734124.67]]]]}},{"type":"Feature","properties":{"building":"house","height":6,"heightSource":"default"},"geometry":{"type":"MultiPolygon","coordinates":[[[[463044.24,1734108.4],[463054.23,1734106.98],[463053.24,1734100.1],[463043.24,1734101.53],[463044.24,1734108.4]]]]}},{"type":"Feature","properties":{"building":"house","height":6,"heightSource":"default"},"geometry":{"type":"MultiPolygon","coordinates":[[[[463037.51,1734089.94],[463047.56,1734087.92],[463045.77,1734079.06],[463035.71,1734081.07],[463037.51,1734089.94]]]]}},{"type":"Feature","properties":{"building":"house","height":6,"heightSource":"default"},"geometry":{"type":"MultiPolygon","coordinates":[[[[463022.21,1734087.67],[463030.48,1734086.15],[463029.02,1734078.3],[463020.74,1734079.83],[463022.21,1734087.67]]]]}},{"type":"Feature","properties":{"building":"house","height":6.4,"heightSource":"inferred"},"geometry":{"type":"MultiPolygon","coordinates":[[[[463013.48,1734067.47],[463011.53,1734058.94],[462999.12,1734061.74],[463001.39,1734071.69],[463009.26,1734069.91],[463008.93,1734068.5],[463013.48,1734067.47]]]]}},{"type":"Feature","properties":{"building":"house","height":6.4,"heightSource":"inferred"},"geometry":{"type":"MultiPolygon","coordinates":[[[[463014.64,1734059.64],[463012.1,1734049.41],[463021.56,1734047.09],[463025.38,1734062.54],[463020.72,1734063.68],[463019.43,1734058.47],[463014.64,1734059.64]]]]}},{"type":"Feature","properties":{"building":"yes","height":6,"heightSource":"default"},"geometry":{"type":"MultiPolygon","coordinates":[[[[463033.75,1734060.36],[463031.07,1734048.78],[463023.9,1734050.42],[463026.58,1734062],[463033.75,1734060.36]]]]}},{"type":"Feature","properties":{"building":"yes","height":6,"heightSource":"default"},"geometry":{"type":"MultiPolygon","coordinates":[[[[463034.58,1734059.92],[463030.48,1734043.09],[463034.48,1734042.13],[463036.33,1734049.77],[463039.39,1734049.03],[463041.62,1734058.23],[463034.58,1734059.92]]]]}},{"type":"Feature","properties":{"building":"yes","height":6,"heightSource":"default"},"geometry":{"type":"MultiPolygon","coordinates":[[[[463028.11,1734042.66],[463037.85,1734039.79],[463035.18,1734030.86],[463025.44,1734033.73],[463028.11,1734042.66]]]]}},{"type":"Feature","properties":{"building":"yes","height":6,"heightSource":"default"},"geometry":{"type":"MultiPolygon","coordinates":[[[[462992.11,1734039.12],[463006.69,1734034.38],[463003.84,1734025.74],[462989.26,1734030.5],[462992.11,1734039.12]]]]}},{"type":"Feature","properties":{"building":"yes","height":6,"heightSource":"default"},"geometry":{"type":"MultiPolygon","coordinates":[[[[462991.45,1734025.32],[462999.14,1734023.08],[462996.49,1734014.1],[462988.8,1734016.32],[462991.45,1734025.32]]]]}},{"type":"Feature","properties":{"building":"yes","height":6,"heightSource":"default"},"geometry":{"type":"MultiPolygon","coordinates":[[[[463016.44,1734035.3],[463023.78,1734033.62],[463022.06,1734026.23],[463014.73,1734027.93],[463016.44,1734035.3]]]]}},{"type":"Feature","properties":{"building":"house","height":6,"heightSource":"default"},"geometry":{"type":"MultiPolygon","coordinates":[[[[463003.84,1734002.65],[463013.11,1733999.66],[463011.05,1733993.36],[463001.8,1733996.36],[463003.84,1734002.65]]]]}},{"type":"Feature","properties":{"building":"yes","height":6,"heightSource":"default"},"geometry":{"type":"MultiPolygon","coordinates":[[[[462997.03,1733994.52],[463004.84,1733991.64],[463001.53,1733982.76],[462993.71,1733985.65],[462997.03,1733994.52]]]]}},{"type":"Feature","properties":{"building":"yes","height":6,"heightSource":"default"},"geometry":{"type":"MultiPolygon","coordinates":[[[[463002.27,1733970.94],[463007.19,1733978.91],[463014.42,1733974.51],[463009.49,1733966.53],[463002.27,1733970.94]]]]}},{"type":"Feature","properties":{"building":"house","height":6.4,"heightSource":"inferred"},"geometry":{"type":"MultiPolygon","coordinates":[[[[463067.08,1734122.79],[463070.25,1734134.11],[463083.03,1734130.59],[463079.86,1734119.26],[463067.08,1734122.79]]]]}},{"type":"Feature","properties":{"building":"house","height":6.4,"heightSource":"inferred"},"geometry":{"type":"MultiPolygon","coordinates":[[[[463091.62,1734126.5],[463089.21,1734117.76],[463081.22,1734119.93],[463083.12,1734126.79],[463087.12,1734125.7],[463087.64,1734127.59],[463091.62,1734126.5]]]]}},{"type":"Feature","properties":{"building":"house","height":6.4,"heightSource":"inferred"},"geometry":{"type":"MultiPolygon","coordinates":[[[[463089.96,1734115.93],[463093,1734126.56],[463102.74,1734123.82],[463099.7,1734113.17],[463089.96,1734115.93]]]]}},{"type":"Feature","properties":{"building":"yes","height":6,"heightSource":"default"},"geometry":{"type":"MultiPolygon","coordinates":[[[[463062.72,1734105.72],[463065.55,1734116.8],[463074.03,1734114.66],[463071.21,1734103.57],[463062.72,1734105.72]]]]}},{"type":"Feature","properties":{"building":"yes","height":6,"heightSource":"default"},"geometry":{"type":"MultiPolygon","coordinates":[[[[463118.76,1734129.37],[463132.85,1734126.88],[463131.87,1734121.36],[463117.78,1734123.86],[463118.76,1734129.37]]]]}},{"type":"Feature","properties":{"building":"house","height":6.4,"heightSource":"inferred"},"geometry":{"type":"MultiPolygon","coordinates":[[[[463111.91,1734115.21],[463121.38,1734110.76],[463117.89,1734103.45],[463108.43,1734107.89],[463111.91,1734115.21]]]]}},{"type":"Feature","properties":{"building":"house","height":6.4,"heightSource":"inferred"},"geometry":{"type":"MultiPolygon","coordinates":[[[[463107.62,1734101.98],[463114.67,1734098.54],[463111.02,1734091.13],[463103.96,1734094.57],[463107.62,1734101.98]]]]}},{"type":"Feature","properties":{"building":"yes","height":6,"heightSource":"default"},"geometry":{"type":"MultiPolygon","coordinates":[[[[463103.66,1734089.62],[463111.97,1734085.24],[463106.7,1734075.38],[463098.4,1734079.78],[463103.66,1734089.62]]]]}},{"type":"Feature","properties":{"building":"house","height":6.4,"heightSource":"inferred"},"geometry":{"type":"MultiPolygon","coordinates":[[[[463090.91,1734072.67],[463103.96,1734068.84],[463100.92,1734058.61],[463087.87,1734062.44],[463090.91,1734072.67]]]]}},{"type":"Feature","properties":{"building":"house","height":6.4,"heightSource":"inferred"},"geometry":{"type":"MultiPolygon","coordinates":[[[[463073.89,1734078.66],[463082.02,1734076.25],[463078.72,1734065.24],[463070.58,1734067.64],[463073.89,1734078.66]]]]}},{"type":"Feature","properties":{"building":"yes","height":6,"heightSource":"default"},"geometry":{"type":"MultiPolygon","coordinates":[[[[463057.76,1734083.65],[463068.55,1734080.79],[463065.7,1734070.13],[463054.9,1734072.98],[463057.76,1734083.65]]]]}},{"type":"Feature","properties":{"building":"yes","height":6,"heightSource":"default"},"geometry":{"type":"MultiPolygon","coordinates":[[[[463057.71,1734089.64],[463060.67,1734098.58],[463071.06,1734095.18],[463068.1,1734086.24],[463057.71,1734089.64]]]]}},{"type":"Feature","properties":{"building":"house","height":6.4,"heightSource":"inferred"},"geometry":{"type":"MultiPolygon","coordinates":[[[[463069.75,1734058.93],[463085.52,1734052.11],[463078.71,1734036.53],[463064.78,1734042.54],[463067.85,1734049.56],[463066,1734050.36],[463069.75,1734058.93]]]]}},{"type":"Feature","properties":{"building":"yes","height":6,"heightSource":"default"},"geometry":{"type":"MultiPolygon","coordinates":[[[[463086.6,1734034.33],[463095.68,1734031.54],[463092.68,1734021.88],[463083.59,1734024.67],[463086.6,1734034.33]]]]}},{"type":"Feature","properties":{"building":"house","height":6.4,"heightSource":"inferred"},"geometry":{"type":"MultiPolygon","coordinates":[[[[463075.78,1734024.71],[463084.81,1734022.24],[463084.05,1734019.48],[463086.27,1734018.87],[463085.25,1734015.18],[463087.16,1734014.66],[463086,1734010.49],[463072.84,1734014.09],[463075.78,1734024.71]]]]}},{"type":"Feature","properties":{"building":"house","height":6.4,"heightSource":"inferred"},"geometry":{"type":"MultiPolygon","coordinates":[[[[463053.15,1734018.16],[463063.44,1734015.04],[463060.9,1734006.78],[463048.56,1734010.53],[463050.19,1734015.82],[463052.23,1734015.2],[463053.15,1734018.16]]]]}},{"type":"Feature","properties":{"building":"yes","height":6,"heightSource":"default"},"geometry":{"type":"MultiPolygon","coordinates":[[[[463044.63,1734010.06],[463042.52,1734002.38],[463035.32,1734004.33],[463037.42,1734012.02],[463044.63,1734010.06]]]]}},{"type":"Feature","properties":{"building":"house","height":6,"heightSource":"default"},"geometry":{"type":"MultiPolygon","coordinates":[[[[463070.83,1733999.74],[463073.26,1734008.75],[463080.61,1734006.79],[463078.18,1733997.78],[463070.83,1733999.74]]]]}},{"type":"Feature","properties":{"building":"yes","height":6,"heightSource":"default"},"geometry":{"type":"MultiPolygon","coordinates":[[[[463085.02,1734008.13],[463093.71,1734006.47],[463092.47,1734000.11],[463083.78,1734001.77],[463085.02,1734008.13]]]]}},{"type":"Feature","properties":{"building":"house","height":6.4,"heightSource":"inferred"},"geometry":{"type":"MultiPolygon","coordinates":[[[[463031.82,1733990.57],[463043.57,1733987.32],[463040.87,1733977.66],[463029.12,1733980.91],[463031.82,1733990.57]]]]}},{"type":"Feature","properties":{"building":"house","height":6,"heightSource":"default"},"geometry":{"type":"MultiPolygon","coordinates":[[[[463019.25,1733955.52],[463023.51,1733966.52],[463032.24,1733963.18],[463027.98,1733952.18],[463019.25,1733955.52]]]]}},{"type":"Feature","properties":{"building":"house","height":6.4,"heightSource":"inferred"},"geometry":{"type":"MultiPolygon","coordinates":[[[[463071.09,1733968.84],[463059.42,1733969.95],[463061.07,1733987.34],[463069.18,1733986.59],[463068.83,1733982.99],[463072.4,1733982.66],[463071.09,1733968.84]]]]}},{"type":"Feature","properties":{"building":"house","height":6.4,"heightSource":"inferred"},"geometry":{"type":"MultiPolygon","coordinates":[[[[463038.03,1733970.08],[463051.86,1733968.73],[463050.8,1733958.09],[463039.04,1733959.24],[463039.39,1733962.81],[463037.33,1733963.01],[463038.03,1733970.08]]]]}},{"type":"Feature","properties":{"building":"house","height":6.4,"heightSource":"inferred"},"geometry":{"type":"MultiPolygon","coordinates":[[[[463051.91,1733949.57],[463051.44,1733935.8],[463060.61,1733935.49],[463061.09,1733949.26],[463051.91,1733949.57]]]]}},{"type":"Feature","properties":{"building":"house","height":6.4,"heightSource":"inferred"},"geometry":{"type":"MultiPolygon","coordinates":[[[[463078.85,1733987.44],[463089.76,1733985.43],[463087.95,1733975.76],[463077.05,1733977.77],[463078.85,1733987.44]]]]}},{"type":"Feature","properties":{"building":"house","height":6,"heightSource":"default"},"geometry":{"type":"MultiPolygon","coordinates":[[[[463072.21,1733944.93],[463081.67,1733943.95],[463080.81,1733935.81],[463071.35,1733936.8],[463072.21,1733944.93]]]]}},{"type":"Feature","properties":{"building":"yes","height":6,"heightSource":"default"},"geometry":{"type":"MultiPolygon","coordinates":[[[[463063.08,1733892.47],[463068.46,1733891.62],[463067.87,1733887.82],[463062.48,1733888.67],[463063.08,1733892.47]]]]}},{"type":"Feature","properties":{"building":"yes","height":6,"heightSource":"default"},"geometry":{"type":"MultiPolygon","coordinates":[[[[463062.22,1733887.57],[463073.53,1733886.03],[463072.88,1733881.29],[463061.57,1733882.81],[463062.22,1733887.57]]]]}},{"type":"Feature","properties":{"building":"yes","height":6,"heightSource":"default"},"geometry":{"type":"MultiPolygon","coordinates":[[[[463061.39,1733881.83],[463072.05,1733880.57],[463071.57,1733876.47],[463060.9,1733877.73],[463061.39,1733881.83]]]]}},{"type":"Feature","properties":{"building":"yes","height":6,"heightSource":"default"},"geometry":{"type":"MultiPolygon","coordinates":[[[[463045.2,1733836.75],[463074.09,1733832.85],[463071.89,1733814.43],[463042.44,1733818.62],[463045.2,1733836.75]]]]}},{"type":"Feature","properties":{"building":"yes","height":6,"heightSource":"default"},"geometry":{"type":"MultiPolygon","coordinates":[[[[463037.98,1733829.03],[463039.05,1733836.76],[463043.41,1733836.16],[463042.34,1733828.43],[463037.98,1733829.03]]]]}},{"type":"Feature","properties":{"building":"yes","height":6,"heightSource":"default"},"geometry":{"type":"MultiPolygon","coordinates":[[[[463207.13,1734112.04],[463219.57,1734107.11],[463213.19,1734091.23],[463200.75,1734096.16],[463207.13,1734112.04]]]]}},{"type":"Feature","properties":{"building":"yes","height":6,"heightSource":"default"},"geometry":{"type":"MultiPolygon","coordinates":[[[[463189.03,1734104.61],[463200.61,1734103.22],[463198.18,1734083.22],[463191.09,1734084.07],[463192.74,1734097.59],[463188.24,1734098.13],[463189.03,1734104.61]]]]}},{"type":"Feature","properties":{"building":"house","height":6.4,"heightSource":"inferred"},"geometry":{"type":"MultiPolygon","coordinates":[[[[463140.72,1734107.48],[463142.08,1734118.2],[463147.31,1734117.54],[463146.82,1734113.75],[463149.93,1734113.35],[463149.4,1734109.14],[463146.26,1734109.53],[463145.91,1734106.83],[463140.72,1734107.48]]]]}},{"type":"Feature","properties":{"building":"house","height":6.4,"heightSource":"inferred"},"geometry":{"type":"MultiPolygon","coordinates":[[[[463132.81,1734094.64],[463142.59,1734090.7],[463138.35,1734080.33],[463128.58,1734084.27],[463132.81,1734094.64]]]]}},{"type":"Feature","properties":{"building":"yes","height":6,"heightSource":"default"},"geometry":{"type":"MultiPolygon","coordinates":[[[[463118.67,1734056.65],[463122.01,1734066.66],[463131.16,1734063.65],[463127.81,1734053.64],[463118.67,1734056.65]]]]}},{"type":"Feature","properties":{"building":"yes","height":6,"heightSource":"default"},"geometry":{"type":"MultiPolygon","coordinates":[[[[463137.55,1734047.96],[463140.62,1734056.4],[463153.73,1734051.71],[463150.66,1734043.26],[463137.55,1734047.96]]]]}},{"type":"Feature","properties":{"building":"yes","height":6,"heightSource":"default"},"geometry":{"type":"MultiPolygon","coordinates":[[[[463139.92,1734072.16],[463144.75,1734083.77],[463151.53,1734081],[463146.71,1734069.37],[463139.92,1734072.16]]]]}},{"type":"Feature","properties":{"building":"yes","height":6,"heightSource":"default"},"geometry":{"type":"MultiPolygon","coordinates":[[[[463183.06,1734069.63],[463189.21,1734078.91],[463195.69,1734074.68],[463189.53,1734065.39],[463183.06,1734069.63]]]]}},{"type":"Feature","properties":{"building":"yes","height":6,"heightSource":"default"},"geometry":{"type":"MultiPolygon","coordinates":[[[[463167.13,1734059.49],[463170.43,1734065.18],[463177.47,1734061.14],[463174.17,1734055.46],[463167.13,1734059.49]]]]}},{"type":"Feature","properties":{"building":"house","height":6.4,"heightSource":"inferred"},"geometry":{"type":"MultiPolygon","coordinates":[[[[463168.17,1734040.4],[463169.99,1734048.56],[463177.46,1734046.91],[463175.62,1734038.75],[463168.17,1734040.4]]]]}},{"type":"Feature","properties":{"building":"house","height":6.4,"heightSource":"inferred"},"geometry":{"type":"MultiPolygon","coordinates":[[[[463180.82,1734041.52],[463184.83,1734053.71],[463193.1,1734051.03],[463189.08,1734038.83],[463180.82,1734041.52]]]]}},{"type":"Feature","properties":{"building":"house","height":6,"heightSource":"default"},"geometry":{"type":"MultiPolygon","coordinates":[[[[463111.81,1734033.04],[463123.06,1734030.19],[463121.03,1734022.27],[463109.78,1734025.12],[463111.81,1734033.04]]]]}},{"type":"Feature","properties":{"building":"house","height":6.4,"heightSource":"inferred"},"geometry":{"type":"MultiPolygon","coordinates":[[[[463125.43,1734022.55],[463127.73,1734033.41],[463137.26,1734031.4],[463134.96,1734020.54],[463125.43,1734022.55]]]]}},{"type":"Feature","properties":{"building":"house","height":6.4,"heightSource":"inferred"},"geometry":{"type":"MultiPolygon","coordinates":[[[[463136.42,1734021.35],[463139.51,1734032.43],[463150.21,1734029.5],[463147.12,1734018.4],[463136.42,1734021.35]]]]}},{"type":"Feature","properties":{"building":"house","height":6.4,"heightSource":"inferred"},"geometry":{"type":"MultiPolygon","coordinates":[[[[463162.16,1734018.08],[463164.47,1734027.37],[463175,1734024.8],[463172.7,1734015.5],[463162.16,1734018.08]]]]}},{"type":"Feature","properties":{"building":"house","height":6.4,"heightSource":"inferred"},"geometry":{"type":"MultiPolygon","coordinates":[[[[463107.25,1734004.46],[463116.18,1734002.84],[463114.48,1733993.54],[463105.55,1733995.16],[463107.25,1734004.46]]]]}},{"type":"Feature","properties":{"building":"house","height":6.4,"heightSource":"inferred"},"geometry":{"type":"MultiPolygon","coordinates":[[[[463154.2,1733996.12],[463163.42,1733994.4],[463163.77,1733996.27],[463177.93,1733993.65],[463176.49,1733985.94],[463165.72,1733987.94],[463164.67,1733982.34],[463152.05,1733984.68],[463154.2,1733996.12]]]]}},{"type":"Feature","properties":{"building":"house","height":6,"heightSource":"default"},"geometry":{"type":"MultiPolygon","coordinates":[[[[463132.45,1733990.41],[463133.57,1733999.02],[463140.26,1733998.14],[463139.13,1733989.54],[463132.45,1733990.41]]]]}},{"type":"Feature","properties":{"building":"house","height":6,"heightSource":"default"},"geometry":{"type":"MultiPolygon","coordinates":[[[[463106.42,1734005.8],[463108.05,1734013.85],[463118.39,1734011.78],[463116.76,1734003.73],[463106.42,1734005.8]]]]}},{"type":"Feature","properties":{"building":"yes","height":6,"heightSource":"default"},"geometry":{"type":"MultiPolygon","coordinates":[[[[463175.84,1734004.25],[463174.18,1733995.75],[463164.91,1733997.54],[463166.56,1734006.03],[463175.84,1734004.25]]]]}},{"type":"Feature","properties":{"building":"house","height":6.4,"heightSource":"inferred"},"geometry":{"type":"MultiPolygon","coordinates":[[[[463100.56,1733982.89],[463112.23,1733981.34],[463111.1,1733972.96],[463099.44,1733974.52],[463100.56,1733982.89]]]]}},{"type":"Feature","properties":{"building":"house","height":6.4,"heightSource":"inferred"},"geometry":{"type":"MultiPolygon","coordinates":[[[[463119.75,1733966.22],[463120.12,1733977.34],[463129.87,1733977.01],[463129.5,1733965.9],[463119.75,1733966.22]]]]}},{"type":"Feature","properties":{"building":"house","height":6.4,"heightSource":"inferred"},"geometry":{"type":"MultiPolygon","coordinates":[[[[463131.56,1733966.82],[463132.03,1733976.06],[463142.63,1733975.53],[463142.18,1733966.29],[463131.56,1733966.82]]]]}},{"type":"Feature","properties":{"building":"house","height":6.4,"heightSource":"inferred"},"geometry":{"type":"MultiPolygon","coordinates":[[[[463146.74,1733961.92],[463147.27,1733970.85],[463154.95,1733970.41],[463154.43,1733961.47],[463146.74,1733961.92]]]]}},{"type":"Feature","properties":{"building":"yes","height":6,"heightSource":"default"},"geometry":{"type":"MultiPolygon","coordinates":[[[[463099.01,1733947.03],[463113.49,1733945.9],[463112.59,1733934.41],[463098.1,1733935.53],[463099.01,1733947.03]]]]}},{"type":"Feature","properties":{"building":"house","height":6.4,"heightSource":"inferred"},"geometry":{"type":"MultiPolygon","coordinates":[[[[463112.15,1733918.79],[463099.05,1733919.38],[463099.41,1733927.53],[463105.64,1733927.25],[463105.84,1733931.75],[463112.71,1733931.44],[463112.15,1733918.79]]]]}},{"type":"Feature","properties":{"building":"yes","height":6,"heightSource":"default"},"geometry":{"type":"MultiPolygon","coordinates":[[[[463113.92,1733924.71],[463115.03,1733945.06],[463123.37,1733944.6],[463122.27,1733924.25],[463113.92,1733924.71]]]]}},{"type":"Feature","properties":{"building":"house","height":6,"heightSource":"default"},"geometry":{"type":"MultiPolygon","coordinates":[[[[463154.66,1733944.99],[463155.47,1733952.13],[463165.51,1733951.01],[463164.71,1733943.87],[463154.66,1733944.99]]]]}},{"type":"Feature","properties":{"building":"yes","height":6,"heightSource":"default"},"geometry":{"type":"MultiPolygon","coordinates":[[[[463136.11,1733934.8],[463146.42,1733934.3],[463145.95,1733924.78],[463135.63,1733925.28],[463136.11,1733934.8]]]]}},{"type":"Feature","properties":{"building":"house","height":6.4,"heightSource":"inferred"},"geometry":{"type":"MultiPolygon","coordinates":[[[[463191.14,1734022.25],[463193.58,1734032.33],[463204.34,1734029.74],[463201.89,1734019.68],[463191.14,1734022.25]]]]}},{"type":"Feature","properties":{"building":"house","height":6.4,"heightSource":"inferred"},"geometry":{"type":"MultiPolygon","coordinates":[[[[463203.26,1733986],[463186.33,1733988.45],[463187.94,1733999.43],[463204.86,1733996.98],[463203.26,1733986]]]]}},{"type":"Feature","properties":{"building":"yes","height":6,"heightSource":"default"},"geometry":{"type":"MultiPolygon","coordinates":[[[[463192.15,1734008.14],[463200.22,1734006.85],[463199.02,1733999.44],[463190.95,1734000.74],[463192.15,1734008.14]]]]}},{"type":"Feature","properties":{"building":"yes","height":6,"heightSource":"default"},"geometry":{"type":"MultiPolygon","coordinates":[[[[463211.23,1733970.61],[463214.79,1733977.79],[463220.83,1733974.84],[463217.27,1733967.64],[463211.23,1733970.61]]]]}},{"type":"Feature","properties":{"building":"yes","height":6,"heightSource":"default"},"geometry":{"type":"MultiPolygon","coordinates":[[[[463182.88,1733956.07],[463184.82,1733964.29],[463192.89,1733962.41],[463190.95,1733954.2],[463182.88,1733956.07]]]]}},{"type":"Feature","properties":{"building":"yes","height":6,"heightSource":"default"},"geometry":{"type":"MultiPolygon","coordinates":[[[[463181,1733955.33],[463191.29,1733953.11],[463188.96,1733942.45],[463178.68,1733944.68],[463181,1733955.33]]]]}},{"type":"Feature","properties":{"building":"yes","height":6,"heightSource":"default"},"geometry":{"type":"MultiPolygon","coordinates":[[[[463184.82,1733939.91],[463198.59,1733938.38],[463197.71,1733930.51],[463183.93,1733932.05],[463184.82,1733939.91]]]]}},{"type":"Feature","properties":{"building":"yes","height":6,"heightSource":"default"},"geometry":{"type":"MultiPolygon","coordinates":[[[[463192.19,1733950.44],[463201.18,1733948],[463199.07,1733940.31],[463190.07,1733942.75],[463192.19,1733950.44]]]]}},{"type":"Feature","properties":{"building":"yes","height":6,"heightSource":"default"},"geometry":{"type":"MultiPolygon","coordinates":[[[[462753.56,1733815.91],[462759.69,1733815.88],[462764.64,1733815.81],[462764.69,1733807.32],[462753.52,1733807.39],[462753.56,1733815.91]]]]}},{"type":"Feature","properties":{"building":"yes","height":6,"heightSource":"default"},"geometry":{"type":"MultiPolygon","coordinates":[[[[462764.69,1733807.32],[462764.66,1733802.9],[462747.98,1733803],[462748.08,1733817.47],[462760.35,1733817.39],[462759.69,1733815.88],[462753.56,1733815.91],[462753.52,1733807.39],[462764.69,1733807.32]]]]}},{"type":"Feature","properties":{"building":"yes","height":6,"heightSource":"default"},"geometry":{"type":"MultiPolygon","coordinates":[[[[462751.19,1733715.79],[462762.93,1733713.89],[462761.26,1733703.67],[462749.51,1733705.57],[462751.19,1733715.79]]]]}},{"type":"Feature","properties":{"building":"house","height":6.4,"heightSource":"inferred"},"geometry":{"type":"MultiPolygon","coordinates":[[[[462755.64,1733700.99],[462763.49,1733699.94],[462762.47,1733692.41],[462754.62,1733693.46],[462755.64,1733700.99]]]]}},{"type":"Feature","properties":{"building":"yes","height":6,"heightSource":"default"},"geometry":{"type":"MultiPolygon","coordinates":[[[[462877.5,1733706.91],[462886.06,1733705.4],[462883.33,1733690.05],[462874.76,1733691.56],[462877.5,1733706.91]]]]}},{"type":"Feature","properties":{"building":"yes","height":6,"heightSource":"default"},"geometry":{"type":"MultiPolygon","coordinates":[[[[462579.62,1734633.39],[462592.9,1734638.27],[462595.91,1734630.16],[462582.64,1734625.28],[462579.62,1734633.39]]]]}},{"type":"Feature","properties":{"building":"yes","height":6,"heightSource":"default"},"geometry":{"type":"MultiPolygon","coordinates":[[[[462570.36,1734629.62],[462575.44,1734631.14],[462577.95,1734622.91],[462572.88,1734621.38],[462570.36,1734629.62]]]]}},{"type":"Feature","properties":{"building":"yes","height":6,"heightSource":"default"},"geometry":{"type":"MultiPolygon","coordinates":[[[[462556,1734618.49],[462561.51,1734620.27],[462564.03,1734612.58],[462558.53,1734610.8],[462556,1734618.49]]]]}},{"type":"Feature","properties":{"building":"yes","height":6,"heightSource":"default"},"geometry":{"type":"MultiPolygon","coordinates":[[[[462542.12,1734614.31],[462548.18,1734616.09],[462550.76,1734607.23],[462544.73,1734605.49],[462542.12,1734614.31]]]]}},{"type":"Feature","properties":{"building":"yes","height":6,"heightSource":"default"},"geometry":{"type":"MultiPolygon","coordinates":[[[[462535.19,1734612.27],[462542.12,1734614.31],[462544.73,1734605.49],[462537.81,1734603.45],[462535.19,1734612.27]]]]}},{"type":"Feature","properties":{"building":"house","height":6.4,"heightSource":"inferred"},"geometry":{"type":"MultiPolygon","coordinates":[[[[462524.98,1734631.04],[462532.45,1734633.24],[462534.38,1734626.71],[462526.92,1734624.52],[462524.98,1734631.04]]]]}},{"type":"Feature","properties":{"building":"house","height":6.4,"heightSource":"inferred"},"geometry":{"type":"MultiPolygon","coordinates":[[[[462556.23,1734649.31],[462563.28,1734651.43],[462565.11,1734645.44],[462558.05,1734643.32],[462556.23,1734649.31]]]]}},{"type":"Feature","properties":{"building":"house","height":6.4,"heightSource":"inferred"},"geometry":{"type":"MultiPolygon","coordinates":[[[[462550.91,1734657.91],[462557.1,1734659.69],[462559.18,1734652.55],[462552.98,1734650.77],[462550.91,1734657.91]]]]}},{"type":"Feature","properties":{"building":"yes","height":6,"heightSource":"default"},"geometry":{"type":"MultiPolygon","coordinates":[[[[462547.97,1734656.29],[462550.21,1734649.19],[462526.36,1734641.78],[462526.91,1734640.06],[462521.45,1734638.37],[462517.79,1734649.99],[462523.55,1734651.77],[462524.43,1734648.97],[462547.97,1734656.29]]]]}},{"type":"Feature","properties":{"building":"yes","height":6,"heightSource":"default"},"geometry":{"type":"MultiPolygon","coordinates":[[[[462516.46,1734668.73],[462524.24,1734671.48],[462526.97,1734663.84],[462519.2,1734661.09],[462516.46,1734668.73]]]]}},{"type":"Feature","properties":{"building":"yes","height":6,"heightSource":"default"},"geometry":{"type":"MultiPolygon","coordinates":[[[[462550.34,1734676.75],[462556.66,1734677.47],[462557.57,1734669.69],[462551.24,1734668.97],[462550.34,1734676.75]]]]}},{"type":"Feature","properties":{"building":"yes","height":6,"heightSource":"default"},"geometry":{"type":"MultiPolygon","coordinates":[[[[462629.49,1734662.07],[462633.32,1734667.89],[462638.51,1734664.53],[462634.68,1734658.7],[462629.49,1734662.07]]]]}},{"type":"Feature","properties":{"building":"yes","height":6,"heightSource":"default"},"geometry":{"type":"MultiPolygon","coordinates":[[[[462593.68,1734692.64],[462601.4,1734701.87],[462611.4,1734693.59],[462603.68,1734684.37],[462593.68,1734692.64]]]]}},{"type":"Feature","properties":{"building":"yes","height":6,"heightSource":"default"},"geometry":{"type":"MultiPolygon","coordinates":[[[[462578.93,1734741.42],[462590.43,1734746.67],[462594.19,1734738.53],[462582.67,1734733.28],[462578.93,1734741.42]]]]}},{"type":"Feature","properties":{"building":"yes","height":6,"heightSource":"default"},"geometry":{"type":"MultiPolygon","coordinates":[[[[462519.33,1734735.99],[462538.43,1734741.43],[462542.8,1734726.27],[462523.7,1734720.83],[462519.33,1734735.99]]]]}},{"type":"Feature","properties":{"building":"apartments","height":6,"heightSource":"default"},"geometry":{"type":"MultiPolygon","coordinates":[[[[462506.86,1734740.73],[462521.9,1734699.12],[462505.26,1734693.17],[462490.21,1734734.79],[462506.86,1734740.73]]]]}},{"type":"Feature","properties":{"building":"yes","height":6,"heightSource":"default"},"geometry":{"type":"MultiPolygon","coordinates":[[[[462431.61,1734907.82],[462469.59,1734919.83],[462473.65,1734907.14],[462435.68,1734895.13],[462431.61,1734907.82]]]]}},{"type":"Feature","properties":{"building":"yes","height":6,"heightSource":"default"},"geometry":{"type":"MultiPolygon","coordinates":[[[[462414.6,1734934.31],[462439.39,1734942.07],[462442.17,1734933.27],[462417.38,1734925.53],[462414.6,1734934.31]]]]}},{"type":"Feature","properties":{"building":"yes","height":6,"heightSource":"default"},"geometry":{"type":"MultiPolygon","coordinates":[[[[462508.89,1735022.94],[462513.77,1735009.29],[462505.69,1735006.45],[462500.83,1735020.08],[462508.89,1735022.94]]]]}},{"type":"Feature","properties":{"building":"yes","height":6,"heightSource":"default"},"geometry":{"type":"MultiPolygon","coordinates":[[[[462498.38,1735018.98],[462504.68,1735004.05],[462499.21,1735001.77],[462497.15,1735006.65],[462495.77,1735006.08],[462491.53,1735016.13],[462498.38,1735018.98]]]]}},{"type":"Feature","properties":{"building":"yes","height":6,"heightSource":"default"},"geometry":{"type":"MultiPolygon","coordinates":[[[[462485.55,1735001.69],[462477.04,1734998.98],[462471.44,1735016.26],[462487.32,1735021.35],[462491.72,1735007.76],[462484.36,1735005.4],[462485.55,1735001.69]]]]}},{"type":"Feature","properties":{"building":"yes","height":6,"heightSource":"default"},"geometry":{"type":"MultiPolygon","coordinates":[[[[462446.49,1734999.5],[462452.95,1735001.77],[462456.05,1734993.04],[462449.58,1734990.77],[462446.49,1734999.5]]]]}},{"type":"Feature","properties":{"building":"yes","height":6,"heightSource":"default"},"geometry":{"type":"MultiPolygon","coordinates":[[[[462433.05,1734999.79],[462440.89,1735002.32],[462445.98,1734986.84],[462438.14,1734984.29],[462433.05,1734999.79]]]]}},{"type":"Feature","properties":{"building":"yes","height":6,"heightSource":"default"},"geometry":{"type":"MultiPolygon","coordinates":[[[[462405.77,1734969.63],[462417.05,1734972.95],[462419.3,1734965.4],[462404.46,1734961.03],[462403.14,1734965.48],[462406.7,1734966.53],[462405.77,1734969.63]]]]}},{"type":"Feature","properties":{"building":"house","height":6.4,"heightSource":"inferred"},"geometry":{"type":"MultiPolygon","coordinates":[[[[462393.44,1734994.37],[462404.88,1734997.92],[462407.53,1734989.5],[462396.08,1734985.95],[462393.44,1734994.37]]]]}},{"type":"Feature","properties":{"building":"yes","height":6,"heightSource":"default"},"geometry":{"type":"MultiPolygon","coordinates":[[[[462398.27,1735013.56],[462409.67,1735017.16],[462412.17,1735009.36],[462400.78,1735005.75],[462398.27,1735013.56]]]]}},{"type":"Feature","properties":{"building":"yes","height":6,"heightSource":"default"},"geometry":{"type":"MultiPolygon","coordinates":[[[[462441.53,1735019.61],[462463.31,1735026.43],[462464.93,1735021.32],[462443.15,1735014.49],[462441.53,1735019.61]]]]}},{"type":"Feature","properties":{"building":"yes","height":6,"heightSource":"default"},"geometry":{"type":"MultiPolygon","coordinates":[[[[462424.33,1735034.31],[462441.48,1735039.13],[462443.98,1735030.36],[462426.84,1735025.54],[462424.33,1735034.31]]]]}},{"type":"Feature","properties":{"building":"yes","height":6,"heightSource":"default"},"geometry":{"type":"MultiPolygon","coordinates":[[[[462426.89,1735023.6],[462438.36,1735026.85],[462440.93,1735017.89],[462437.09,1735016.47],[462429.46,1735014.64],[462426.89,1735023.6]]]]}},{"type":"Feature","properties":{"building":"yes","height":6,"heightSource":"default"},"geometry":{"type":"MultiPolygon","coordinates":[[[[462425.45,1735013.2],[462437.09,1735016.47],[462438.58,1735011.26],[462426.94,1735007.98],[462425.45,1735013.2]]]]}},{"type":"Feature","properties":{"building":"yes","height":6,"heightSource":"default"},"geometry":{"type":"MultiPolygon","coordinates":[[[[462385.05,1735009.41],[462393.52,1735011.83],[462395.23,1735005.92],[462386.77,1735003.5],[462385.05,1735009.41]]]]}},{"type":"Feature","properties":{"building":"yes","height":6,"heightSource":"default"},"geometry":{"type":"MultiPolygon","coordinates":[[[[462418.59,1735048.5],[462425.06,1735049.9],[462426.86,1735041.62],[462420.39,1735040.23],[462418.59,1735048.5]]]]}},{"type":"Feature","properties":{"building":"yes","height":6,"heightSource":"default"},"geometry":{"type":"MultiPolygon","coordinates":[[[[462382.77,1735040.71],[462390.48,1735042.49],[462392.64,1735034.38],[462384.77,1735032.31],[462382.77,1735040.71]]]]}},{"type":"Feature","properties":{"building":"yes","height":6,"heightSource":"default"},"geometry":{"type":"MultiPolygon","coordinates":[[[[462380.61,1735048.52],[462385.59,1735049.89],[462384.67,1735053.17],[462390.31,1735054.71],[462393.38,1735043.61],[462382.77,1735040.71],[462380.61,1735048.52]]]]}},{"type":"Feature","properties":{"building":"yes","height":6,"heightSource":"default"},"geometry":{"type":"MultiPolygon","coordinates":[[[[462363.43,1735089.2],[462376.32,1735092.26],[462379.37,1735079.51],[462366.49,1735076.47],[462363.43,1735089.2]]]]}},{"type":"Feature","properties":{"building":"yes","height":6,"heightSource":"default"},"geometry":{"type":"MultiPolygon","coordinates":[[[[462385.6,1735092.31],[462394.84,1735095.25],[462397.34,1735087.48],[462388.1,1735084.54],[462385.6,1735092.31]]]]}},{"type":"Feature","properties":{"building":"yes","height":6,"heightSource":"default"},"geometry":{"type":"MultiPolygon","coordinates":[[[[462355.62,1735133.27],[462377.26,1735139.1],[462382.98,1735118.11],[462361.34,1735112.28],[462355.62,1735133.27]]]]}},{"type":"Feature","properties":{"building":"yes","height":6,"heightSource":"default"},"geometry":{"type":"MultiPolygon","coordinates":[[[[462424.28,1734670.13],[462436.77,1734674.13],[462442.32,1734656.97],[462429.83,1734652.98],[462424.28,1734670.13]]]]}},{"type":"Feature","properties":{"building":"yes","height":6,"heightSource":"default"},"geometry":{"type":"MultiPolygon","coordinates":[[[[462414.58,1734630.96],[462426.67,1734635.37],[462429.08,1734628.85],[462416.99,1734624.44],[462414.58,1734630.96]]]]}},{"type":"Feature","properties":{"building":"yes","height":6,"heightSource":"default"},"geometry":{"type":"MultiPolygon","coordinates":[[[[462403.29,1734631.41],[462410.13,1734633.59],[462412.38,1734626.65],[462405.52,1734624.47],[462403.29,1734631.41]]]]}},{"type":"Feature","properties":{"building":"yes","height":6,"heightSource":"default"},"geometry":{"type":"MultiPolygon","coordinates":[[[[462342.41,1734602.96],[462355.06,1734607.43],[462357.53,1734600.53],[462353.41,1734599.07],[462355.39,1734593.55],[462350.69,1734591.89],[462348.71,1734597.44],[462344.86,1734596.09],[462342.41,1734602.96]]]]}},{"type":"Feature","properties":{"building":"yes","height":6,"heightSource":"default"},"geometry":{"type":"MultiPolygon","coordinates":[[[[462329.41,1734612.04],[462340.69,1734616.53],[462343.33,1734609.98],[462332.05,1734605.49],[462329.41,1734612.04]]]]}},{"type":"Feature","properties":{"building":"yes","height":6,"heightSource":"default"},"geometry":{"type":"MultiPolygon","coordinates":[[[[462315.64,1734606.79],[462327.86,1734611.64],[462332.3,1734600.62],[462320.07,1734595.76],[462315.64,1734606.79]]]]}},{"type":"Feature","properties":{"building":"yes","height":6,"heightSource":"default"},"geometry":{"type":"MultiPolygon","coordinates":[[[[462301.78,1734600.94],[462314.81,1734606.26],[462319.14,1734595.79],[462306.11,1734590.45],[462301.78,1734600.94]]]]}},{"type":"Feature","properties":{"building":"yes","height":6,"heightSource":"default"},"geometry":{"type":"MultiPolygon","coordinates":[[[[462314.13,1734574],[462326.52,1734577.99],[462331.61,1734562.36],[462319.23,1734558.38],[462314.13,1734574]]]]}},{"type":"Feature","properties":{"building":"yes","height":6,"heightSource":"default"},"geometry":{"type":"MultiPolygon","coordinates":[[[[462273.11,1734560.14],[462295.7,1734567.64],[462301.38,1734550.74],[462281.33,1734544.08],[462277.73,1734554.77],[462275.2,1734553.94],[462273.11,1734560.14]]]]}},{"type":"Feature","properties":{"building":"yes","height":6,"heightSource":"default"},"geometry":{"type":"MultiPolygon","coordinates":[[[[462289.46,1734659.87],[462284.73,1734667.86],[462294.63,1734673.63],[462295.26,1734672.38],[462298.45,1734667.45],[462299.36,1734665.63],[462289.46,1734659.87]]]]}},{"type":"Feature","properties":{"building":"yes","height":6,"heightSource":"default"},"geometry":{"type":"MultiPolygon","coordinates":[[[[462295.26,1734672.38],[462302.87,1734677.23],[462306.05,1734672.31],[462298.45,1734667.45],[462295.26,1734672.38]]]]}},{"type":"Feature","properties":{"building":"yes","height":6,"heightSource":"default"},"geometry":{"type":"MultiPolygon","coordinates":[[[[462335.81,1734710.35],[462352.41,1734717.33],[462356.27,1734708.24],[462351.93,1734706.41],[462353.07,1734703.71],[462348.6,1734701.83],[462347.2,1734705.14],[462339.42,1734701.87],[462335.81,1734710.35]]]]}},{"type":"Feature","properties":{"building":"yes","height":6,"heightSource":"default"},"geometry":{"type":"MultiPolygon","coordinates":[[[[462394.18,1734700.01],[462412.24,1734706.7],[462415.38,1734698.33],[462397.32,1734691.65],[462394.18,1734700.01]]]]}},{"type":"Feature","properties":{"building":"yes","height":6,"heightSource":"default"},"geometry":{"type":"MultiPolygon","coordinates":[[[[462416.61,1734733.99],[462426.74,1734737.51],[462429.8,1734728.82],[462419.69,1734725.3],[462416.61,1734733.99]]]]}},{"type":"Feature","properties":{"building":"yes","height":6,"heightSource":"default"},"geometry":{"type":"MultiPolygon","coordinates":[[[[462371.39,1734736.81],[462380.18,1734738.87],[462382.41,1734729.46],[462373.62,1734727.39],[462371.39,1734736.81]]]]}},{"type":"Feature","properties":{"building":"yes","height":6,"heightSource":"default"},"geometry":{"type":"MultiPolygon","coordinates":[[[[462333.28,1734729.11],[462341.67,1734732.22],[462345.46,1734722.16],[462337.07,1734719.03],[462333.28,1734729.11]]]]}},{"type":"Feature","properties":{"building":"yes","height":6,"heightSource":"default"},"geometry":{"type":"MultiPolygon","coordinates":[[[[462323.03,1734725.63],[462329.76,1734728.04],[462331.88,1734722.22],[462325.14,1734719.81],[462323.03,1734725.63]]]]}},{"type":"Feature","properties":{"building":"yes","height":6,"heightSource":"default"},"geometry":{"type":"MultiPolygon","coordinates":[[[[462420.68,1734770.95],[462427.82,1734773.45],[462430.3,1734766.48],[462423.16,1734763.98],[462420.68,1734770.95]]]]}},{"type":"Feature","properties":{"building":"yes","height":6,"heightSource":"default"},"geometry":{"type":"MultiPolygon","coordinates":[[[[462407.82,1734780.83],[462416.5,1734783.39],[462419.66,1734772.87],[462410.97,1734770.29],[462407.82,1734780.83]]]]}},{"type":"Feature","properties":{"building":"yes","height":6,"heightSource":"default"},"geometry":{"type":"MultiPolygon","coordinates":[[[[462401.31,1734794.38],[462423.39,1734799.56],[462425.74,1734789.67],[462403.65,1734784.48],[462401.31,1734794.38]]]]}},{"type":"Feature","properties":{"building":"yes","height":6,"heightSource":"default"},"geometry":{"type":"MultiPolygon","coordinates":[[[[462385.81,1734811.32],[462396.48,1734812.81],[462398,1734804.15],[462387.1,1734802.44],[462385.81,1734811.32]]]]}},{"type":"Feature","properties":{"building":"yes","height":6,"heightSource":"default"},"geometry":{"type":"MultiPolygon","coordinates":[[[[462391.43,1734842.1],[462408.56,1734848],[462411.92,1734838.35],[462394.78,1734832.46],[462391.43,1734842.1]]]]}},{"type":"Feature","properties":{"building":"yes","height":6,"heightSource":"default"},"geometry":{"type":"MultiPolygon","coordinates":[[[[462152.55,1734815.02],[462164,1734829.09],[462173.32,1734821.61],[462161.88,1734807.53],[462152.55,1734815.02]]]]}},{"type":"Feature","properties":{"building":"house","height":6.4,"heightSource":"inferred"},"geometry":{"type":"MultiPolygon","coordinates":[[[[462362.54,1734907.91],[462357.54,1734923.62],[462377.04,1734929.75],[462382.04,1734914.04],[462362.54,1734907.91]]]]}},{"type":"Feature","properties":{"building":"house","height":6.4,"heightSource":"inferred"},"geometry":{"type":"MultiPolygon","coordinates":[[[[462351.58,1734934.56],[462365.53,1734938.99],[462367.67,1734932.29],[462370.82,1734933.29],[462372.04,1734929.52],[462354.94,1734924.09],[462351.58,1734934.56]]]]}},{"type":"Feature","properties":{"building":"house","height":6.4,"heightSource":"inferred"},"geometry":{"type":"MultiPolygon","coordinates":[[[[462334,1734930.28],[462344.74,1734933.67],[462347.9,1734923.83],[462337.16,1734920.44],[462334,1734930.28]]]]}},{"type":"Feature","properties":{"building":"yes","height":6,"heightSource":"default"},"geometry":{"type":"MultiPolygon","coordinates":[[[[462353.5,1734953.54],[462369.08,1734958.93],[462373.02,1734947.66],[462357.44,1734942.27],[462353.5,1734953.54]]]]}},{"type":"Feature","properties":{"building":"house","height":6.4,"heightSource":"inferred"},"geometry":{"type":"MultiPolygon","coordinates":[[[[462325.61,1734958.35],[462341.55,1734964.28],[462344.2,1734957.21],[462328.28,1734951.27],[462325.61,1734958.35]]]]}},{"type":"Feature","properties":{"building":"yes","height":6,"heightSource":"default"},"geometry":{"type":"MultiPolygon","coordinates":[[[[462332.1,1734990.58],[462344.41,1734994.97],[462347.96,1734985.13],[462335.65,1734980.74],[462332.1,1734990.58]]]]}},{"type":"Feature","properties":{"building":"yes","height":6,"heightSource":"default"},"geometry":{"type":"MultiPolygon","coordinates":[[[[462323.33,1734998.57],[462348.87,1735008.07],[462351.8,1735000.31],[462326.26,1734990.81],[462323.33,1734998.57]]]]}},{"type":"Feature","properties":{"building":"yes","height":6,"heightSource":"default"},"geometry":{"type":"MultiPolygon","coordinates":[[[[462319.92,1734998.52],[462291.4,1734987.16],[462296.09,1734975.55],[462312.66,1734982.15],[462310.93,1734986.43],[462304.74,1734983.96],[462303.96,1734985.89],[462322.09,1734993.13],[462319.92,1734998.52]]]]}},{"type":"Feature","properties":{"building":"yes","height":6,"heightSource":"default"},"geometry":{"type":"MultiPolygon","coordinates":[[[[462326.21,1735010.18],[462337.44,1735013.87],[462339.88,1735006.56],[462328.66,1735002.87],[462326.21,1735010.18]]]]}},{"type":"Feature","properties":{"building":"yes","height":6,"heightSource":"default"},"geometry":{"type":"MultiPolygon","coordinates":[[[[462313.52,1735021.27],[462322.47,1735023.98],[462325.16,1735015.13],[462316.23,1735012.43],[462313.52,1735021.27]]]]}},{"type":"Feature","properties":{"building":"yes","height":6,"heightSource":"default"},"geometry":{"type":"MultiPolygon","coordinates":[[[[462317.06,1735025.21],[462314.57,1735032.9],[462324.14,1735035.96],[462326.63,1735028.28],[462317.06,1735025.21]]]]}},{"type":"Feature","properties":{"building":"yes","height":6,"heightSource":"default"},"geometry":{"type":"MultiPolygon","coordinates":[[[[462308.51,1735061.05],[462317.52,1735064.05],[462320.25,1735055.92],[462311.25,1735052.93],[462308.51,1735061.05]]]]}},{"type":"Feature","properties":{"building":"yes","height":6,"heightSource":"default"},"geometry":{"type":"MultiPolygon","coordinates":[[[[462295.37,1735069.59],[462312.29,1735075.46],[462316.15,1735064.46],[462299.24,1735058.59],[462295.37,1735069.59]]]]}},{"type":"Feature","properties":{"building":"yes","height":6,"heightSource":"default"},"geometry":{"type":"MultiPolygon","coordinates":[[[[462275.92,1735084.45],[462286.34,1735087.86],[462289.23,1735079.13],[462278.8,1735075.73],[462275.92,1735084.45]]]]}},{"type":"Feature","properties":{"building":"yes","height":6,"heightSource":"default"},"geometry":{"type":"MultiPolygon","coordinates":[[[[462260.48,1735095.43],[462270.99,1735099.01],[462274.46,1735088.95],[462263.94,1735085.37],[462260.48,1735095.43]]]]}},{"type":"Feature","properties":{"building":"yes","height":6,"heightSource":"default"},"geometry":{"type":"MultiPolygon","coordinates":[[[[462272.04,1735119.65],[462280.11,1735121.11],[462281.84,1735111.66],[462273.76,1735110.21],[462272.04,1735119.65]]]]}},{"type":"Feature","properties":{"building":"yes","height":6,"heightSource":"default"},"geometry":{"type":"MultiPolygon","coordinates":[[[[462280.63,1735125.06],[462290.28,1735126.92],[462292.77,1735114.36],[462283.47,1735112.31],[462280.63,1735125.06]]]]}},{"type":"Feature","properties":{"building":"yes","height":6,"heightSource":"default"},"geometry":{"type":"MultiPolygon","coordinates":[[[[462303.51,1735131.31],[462308.23,1735117.27],[462295,1735112.88],[462290.28,1735126.92],[462303.51,1735131.31]]]]}},{"type":"Feature","properties":{"building":"yes","height":6,"heightSource":"default"},"geometry":{"type":"MultiPolygon","coordinates":[[[[462225.53,1735095.37],[462225,1735104.81],[462235.66,1735105.4],[462236.19,1735095.96],[462225.53,1735095.37]]]]}},{"type":"Feature","properties":{"building":"yes","height":6,"heightSource":"default"},"geometry":{"type":"MultiPolygon","coordinates":[[[[462219.59,1735091.24],[462225.87,1735091.74],[462226.67,1735081.75],[462220.38,1735081.25],[462219.59,1735091.24]]]]}},{"type":"Feature","properties":{"building":"yes","height":6,"heightSource":"default"},"geometry":{"type":"MultiPolygon","coordinates":[[[[462052.6,1734892.61],[462048.79,1734886.63],[462043.99,1734889.66],[462047.82,1734895.63],[462052.6,1734892.61]]]]}},{"type":"Feature","properties":{"building":"house","height":6.4,"heightSource":"inferred"},"geometry":{"type":"MultiPolygon","coordinates":[[[[462065.64,1734907.61],[462076.26,1734899.88],[462067.69,1734888.26],[462065.81,1734889.63],[462064.2,1734887.44],[462060.53,1734890.12],[462062.4,1734892.67],[462057.34,1734896.36],[462065.64,1734907.61]]]]}},{"type":"Feature","properties":{"building":"house","height":6,"heightSource":"default"},"geometry":{"type":"MultiPolygon","coordinates":[[[[462027.21,1734907.19],[462033.35,1734914.68],[462041.63,1734907.97],[462035.49,1734900.48],[462027.21,1734907.19]]]]}},{"type":"Feature","properties":{"building":"yes","height":6,"heightSource":"default"},"geometry":{"type":"MultiPolygon","coordinates":[[[[462071.62,1734956.34],[462076.64,1734963.13],[462087.04,1734955.53],[462082.02,1734948.75],[462071.62,1734956.34]]]]}},{"type":"Feature","properties":{"building":"yes","height":6,"heightSource":"default"},"geometry":{"type":"MultiPolygon","coordinates":[[[[462083.7,1734974.28],[462087.9,1734979.97],[462094.46,1734975.18],[462090.27,1734969.5],[462083.7,1734974.28]]]]}},{"type":"Feature","properties":{"building":"yes","height":6,"heightSource":"default"},"geometry":{"type":"MultiPolygon","coordinates":[[[[462089.05,1734988.78],[462094.41,1734995.86],[462101.71,1734990.42],[462096.35,1734983.33],[462089.05,1734988.78]]]]}},{"type":"Feature","properties":{"building":"yes","height":6,"heightSource":"default"},"geometry":{"type":"MultiPolygon","coordinates":[[[[462069.29,1735016.43],[462073.78,1735022.02],[462080.27,1735016.86],[462075.78,1735011.28],[462069.29,1735016.43]]]]}},{"type":"Feature","properties":{"building":"yes","height":6,"heightSource":"default"},"geometry":{"type":"MultiPolygon","coordinates":[[[[462052.37,1734971.66],[462047.72,1734965.12],[462033.78,1734974.9],[462038.42,1734981.44],[462052.37,1734971.66]]]]}},{"type":"Feature","properties":{"building":"house","height":6.4,"heightSource":"inferred"},"geometry":{"type":"MultiPolygon","coordinates":[[[[462013.71,1734924.77],[462020.63,1734919.83],[462015.51,1734912.77],[462008.6,1734917.72],[462013.71,1734924.77]]]]}},{"type":"Feature","properties":{"building":"house","height":6.4,"heightSource":"inferred"},"geometry":{"type":"MultiPolygon","coordinates":[[[[461997.18,1734953.38],[462003.04,1734961.29],[462009.24,1734956.76],[462003.39,1734948.84],[461997.18,1734953.38]]]]}},{"type":"Feature","properties":{"building":"yes","height":6,"heightSource":"default"},"geometry":{"type":"MultiPolygon","coordinates":[[[[461975.44,1734971.66],[461970.05,1734962.03],[461963.09,1734965.88],[461968.48,1734975.51],[461975.44,1734971.66]]]]}},{"type":"Feature","properties":{"building":"yes","height":6,"heightSource":"default"},"geometry":{"type":"MultiPolygon","coordinates":[[[[461951.06,1734953.57],[461956.65,1734961.33],[461951.26,1734965.15],[461945.68,1734957.41],[461951.06,1734953.57]]]]}},{"type":"Feature","properties":{"building":"yes","height":6,"heightSource":"default"},"geometry":{"type":"MultiPolygon","coordinates":[[[[461943.16,1734973.24],[461950.76,1734968.66],[461945.51,1734960.07],[461937.91,1734964.64],[461943.16,1734973.24]]]]}},{"type":"Feature","properties":{"building":"house","height":6.4,"heightSource":"inferred"},"geometry":{"type":"MultiPolygon","coordinates":[[[[461938.51,1734973.47],[461937.44,1734971.6],[461932.83,1734963.69],[461924.67,1734968.49],[461930.51,1734978.32],[461930.98,1734977.71],[461938.51,1734973.47]]]]}},{"type":"Feature","properties":{"building":"yes","height":6,"heightSource":"default"},"geometry":{"type":"MultiPolygon","coordinates":[[[[461930.98,1734977.71],[461936.05,1734986.59],[461940.73,1734983.95],[461944.95,1734991.33],[461950.18,1734988.38],[461939.84,1734970.26],[461937.44,1734971.6],[461938.51,1734973.47],[461930.98,1734977.71]]]]}},{"type":"Feature","properties":{"building":"yes","height":6,"heightSource":"default"},"geometry":{"type":"MultiPolygon","coordinates":[[[[461897.93,1734981.41],[461903.26,1734989.6],[461917.27,1734980.59],[461911.93,1734972.4],[461897.93,1734981.41]]]]}},{"type":"Feature","properties":{"building":"yes","height":6,"heightSource":"default"},"geometry":{"type":"MultiPolygon","coordinates":[[[[462027.55,1735065.71],[462032.85,1735075.43],[462040.22,1735071.47],[462034.91,1735061.74],[462027.55,1735065.71]]]]}},{"type":"Feature","properties":{"building":"yes","height":6,"heightSource":"default"},"geometry":{"type":"MultiPolygon","coordinates":[[[[462013.49,1735077.77],[462018.25,1735086.57],[462033.1,1735078.62],[462028.49,1735070.12],[462022.96,1735073.07],[462021.91,1735071.12],[462018.55,1735072.92],[462018.55,1735075.07],[462013.49,1735077.77]]]]}},{"type":"Feature","properties":{"building":"yes","height":6,"heightSource":"default"},"geometry":{"type":"MultiPolygon","coordinates":[[[[462001.31,1735069.78],[462013.08,1735063.84],[462011,1735059.79],[462012.81,1735058.87],[462014.88,1735062.9],[462024.57,1735058],[462018.8,1735046.73],[462001.84,1735055.29],[462002.91,1735057.39],[462001.71,1735058],[462002.69,1735059.9],[461999.87,1735061.33],[462001.33,1735064.18],[461999.03,1735065.34],[462001.31,1735069.78]]]]}},{"type":"Feature","properties":{"building":"yes","height":6,"heightSource":"default"},"geometry":{"type":"MultiPolygon","coordinates":[[[[461992.53,1735054.66],[462003.03,1735047.84],[462005.48,1735051.55],[462011.63,1735047.56],[462004.05,1735036.03],[461996.68,1735040.82],[461994.08,1735036.88],[461979.54,1735046.34],[461982.72,1735051.17],[461984.78,1735049.84],[461986.46,1735052.41],[461990.2,1735051.12],[461992.53,1735054.66]]]]}},{"type":"Feature","properties":{"building":"yes","height":6,"heightSource":"default"},"geometry":{"type":"MultiPolygon","coordinates":[[[[461970.82,1735048.31],[461992.01,1735033.36],[461987.11,1735026.48],[461977.88,1735032.99],[461971.71,1735024.35],[461961.31,1735031.69],[461967.22,1735039.97],[461965.66,1735041.06],[461970.82,1735048.31]]]]}},{"type":"Feature","properties":{"building":"yes","height":6,"heightSource":"default"},"geometry":{"type":"MultiPolygon","coordinates":[[[[462005.77,1735128.49],[462010.55,1735133.99],[462004.54,1735139.16],[461999.76,1735133.66],[462005.77,1735128.49]]]]}},{"type":"Feature","properties":{"building":"yes","height":6,"heightSource":"default"},"geometry":{"type":"MultiPolygon","coordinates":[[[[462001.24,1735140.01],[461998.23,1735132.61],[461991.03,1735135.48],[461994.02,1735142.89],[462001.24,1735140.01]]]]}},{"type":"Feature","properties":{"building":"house","height":6.4,"heightSource":"inferred"},"geometry":{"type":"MultiPolygon","coordinates":[[[[461917.91,1735041.53],[461924.44,1735048.95],[461932.45,1735041.99],[461925.92,1735034.57],[461917.91,1735041.53]]]]}},{"type":"Feature","properties":{"building":"yes","height":6,"heightSource":"default"},"geometry":{"type":"MultiPolygon","coordinates":[[[[461885.44,1735019.31],[461892.47,1735028.5],[461898.68,1735023.81],[461891.31,1735014.19],[461889.71,1735015.4],[461887.82,1735012.91],[461884.7,1735015.27],[461886.92,1735018.18],[461885.44,1735019.31]]]]}},{"type":"Feature","properties":{"building":"yes","height":6,"heightSource":"default"},"geometry":{"type":"MultiPolygon","coordinates":[[[[461872.79,1735005.13],[461877.79,1735011.39],[461884.03,1735006.48],[461879.03,1735000.2],[461872.79,1735005.13]]]]}},{"type":"Feature","properties":{"building":"house","height":6,"heightSource":"default"},"geometry":{"type":"MultiPolygon","coordinates":[[[[461865.26,1735011.75],[461869.97,1735018.17],[461876.88,1735013.14],[461872.17,1735006.73],[461865.26,1735011.75]]]]}},{"type":"Feature","properties":{"building":"yes","height":6,"heightSource":"default"},"geometry":{"type":"MultiPolygon","coordinates":[[[[461858.96,1735014.2],[461862.68,1735020.5],[461867.14,1735017.89],[461863.43,1735011.59],[461858.96,1735014.2]]]]}},{"type":"Feature","properties":{"building":"house","height":6.4,"heightSource":"inferred"},"geometry":{"type":"MultiPolygon","coordinates":[[[[461855.78,1735029.61],[461865.22,1735041.2],[461871.84,1735035.94],[461872.95,1735035.01],[461869.64,1735030.99],[461871.59,1735029.41],[461868.07,1735025.12],[461865.35,1735027.33],[461862.65,1735024.04],[461855.78,1735029.61]]]]}},{"type":"Feature","properties":{"building":"yes","height":6,"heightSource":"default"},"geometry":{"type":"MultiPolygon","coordinates":[[[[461865.22,1735041.2],[461869.21,1735046.18],[461875.85,1735040.93],[461871.84,1735035.94],[461865.22,1735041.2]]]]}},{"type":"Feature","properties":{"building":"house","height":6.4,"heightSource":"inferred"},"geometry":{"type":"MultiPolygon","coordinates":[[[[461840.62,1735029.8],[461847.13,1735037.73],[461854.45,1735031.8],[461847.94,1735023.87],[461840.62,1735029.8]]]]}},{"type":"Feature","properties":{"building":"yes","height":6,"heightSource":"default"},"geometry":{"type":"MultiPolygon","coordinates":[[[[461825.49,1735033.63],[461837.97,1735049.11],[461844.7,1735043.75],[461832.23,1735028.28],[461825.49,1735033.63]]]]}},{"type":"Feature","properties":{"building":"yes","height":6,"heightSource":"default"},"geometry":{"type":"MultiPolygon","coordinates":[[[[461833.11,1735062.83],[461838.39,1735070.25],[461844.56,1735065.91],[461839.26,1735058.49],[461833.11,1735062.83]]]]}},{"type":"Feature","properties":{"building":"yes","height":6,"heightSource":"default"},"geometry":{"type":"MultiPolygon","coordinates":[[[[461801.29,1735043.4],[461817.15,1735071.03],[461826.09,1735065.96],[461810.22,1735038.33],[461801.29,1735043.4]]]]}},{"type":"Feature","properties":{"building":"yes","height":6,"heightSource":"default"},"geometry":{"type":"MultiPolygon","coordinates":[[[[461701.93,1735042.94],[461710.65,1735052.55],[461714.8,1735048.84],[461712.9,1735046.74],[461716.19,1735043.79],[461709.38,1735036.28],[461701.93,1735042.94]]]]}},{"type":"Feature","properties":{"building":"house","height":6,"heightSource":"default"},"geometry":{"type":"MultiPolygon","coordinates":[[[[461792.22,1735011.11],[461797.82,1735018.59],[461803.71,1735014.23],[461798.1,1735006.76],[461792.22,1735011.11]]]]}},{"type":"Feature","properties":{"building":"yes","height":6,"heightSource":"default"},"geometry":{"type":"MultiPolygon","coordinates":[[[[461783.52,1734967.89],[461788.96,1734974.68],[461795.73,1734969.33],[461790.28,1734962.53],[461783.52,1734967.89]]]]}},{"type":"Feature","properties":{"building":"yes","height":6,"heightSource":"default"},"geometry":{"type":"MultiPolygon","coordinates":[[[[461768.44,1734944.94],[461774.68,1734940.01],[461769.72,1734933.78],[461763.46,1734938.7],[461768.44,1734944.94]]]]}},{"type":"Feature","properties":{"building":"yes","height":6,"heightSource":"default"},"geometry":{"type":"MultiPolygon","coordinates":[[[[461754.54,1734925.88],[461759.06,1734932.69],[461765.73,1734928.3],[461761.21,1734921.5],[461754.54,1734925.88]]]]}},{"type":"Feature","properties":{"building":"yes","height":6,"heightSource":"default"},"geometry":{"type":"MultiPolygon","coordinates":[[[[461750.6,1734921.04],[461757.41,1734916.53],[461752.86,1734909.71],[461746.03,1734914.23],[461750.6,1734921.04]]]]}},{"type":"Feature","properties":{"building":"yes","height":6,"heightSource":"default"},"geometry":{"type":"MultiPolygon","coordinates":[[[[461741.84,1734908.49],[461749.44,1734904.14],[461745.38,1734897.14],[461737.79,1734901.48],[461741.84,1734908.49]]]]}},{"type":"Feature","properties":{"building":"school","height":6,"heightSource":"default"},"geometry":{"type":"MultiPolygon","coordinates":[[[[461785.47,1734857.87],[461816.99,1734839.87],[461810.63,1734828.87],[461779.1,1734846.85],[461785.47,1734857.87]]]]}},{"type":"Feature","properties":{"building":"school","height":6,"heightSource":"default"},"geometry":{"type":"MultiPolygon","coordinates":[[[[461780.4,1734832.09],[461803.67,1734818.29],[461796.6,1734806.53],[461773.34,1734820.32],[461780.4,1734832.09]]]]}},{"type":"Feature","properties":{"building":"school","height":6,"heightSource":"default"},"geometry":{"type":"MultiPolygon","coordinates":[[[[461772.29,1734813.81],[461794.09,1734802.04],[461786.99,1734789.05],[461765.19,1734800.83],[461772.29,1734813.81]]]]}},{"type":"Feature","properties":{"building":"school","height":6,"heightSource":"default"},"geometry":{"type":"MultiPolygon","coordinates":[[[[461959.1,1734907.49],[461982.48,1734892.55],[461959.01,1734856.29],[461935.64,1734871.24],[461959.1,1734907.49]]]]}},{"type":"Feature","properties":{"building":"school","height":6,"heightSource":"default"},"geometry":{"type":"MultiPolygon","coordinates":[[[[461882.5,1734871.85],[461936.83,1734841.38],[461930.75,1734830.67],[461876.41,1734861.16],[461882.5,1734871.85]]]]}},{"type":"Feature","properties":{"building":"school","height":6,"heightSource":"default"},"geometry":{"type":"MultiPolygon","coordinates":[[[[461848.38,1734863.36],[461912.71,1734827.05],[461905.45,1734814.36],[461841.11,1734850.65],[461848.38,1734863.36]]]]}},{"type":"Feature","properties":{"building":"school","height":6,"heightSource":"default"},"geometry":{"type":"MultiPolygon","coordinates":[[[[461836.55,1734829.34],[461893.39,1734796.63],[461886.28,1734784.44],[461829.44,1734817.14],[461836.55,1734829.34]]]]}},{"type":"Feature","properties":{"building":"yes","height":6,"heightSource":"default"},"geometry":{"type":"MultiPolygon","coordinates":[[[[462268.65,1734275.59],[462264.85,1734264.91],[462251.96,1734269.43],[462253.02,1734272.44],[462244.21,1734275.53],[462250.27,1734292.59],[462259.82,1734289.23],[462256.5,1734279.86],[462268.65,1734275.59]]]]}},{"type":"Feature","properties":{"building":"yes","height":6,"heightSource":"default"},"geometry":{"type":"MultiPolygon","coordinates":[[[[462278.32,1734303.57],[462293.23,1734295.58],[462289.36,1734288.43],[462274.44,1734296.42],[462278.32,1734303.57]]]]}},{"type":"Feature","properties":{"building":"yes","height":6,"heightSource":"default"},"geometry":{"type":"MultiPolygon","coordinates":[[[[462284.59,1734230.22],[462281.67,1734223.17],[462277.07,1734225.05],[462279.98,1734232.11],[462284.59,1734230.22]]]]}},{"type":"Feature","properties":{"building":"yes","height":6,"heightSource":"default"},"geometry":{"type":"MultiPolygon","coordinates":[[[[462467.22,1734284.03],[462475.15,1734294.92],[462468.99,1734299.34],[462461.07,1734288.45],[462467.22,1734284.03]]]]}},{"type":"Feature","properties":{"building":"yes","height":6,"heightSource":"default"},"geometry":{"type":"MultiPolygon","coordinates":[[[[462454.67,1734290.38],[462463.82,1734300.42],[462458.39,1734305.29],[462449.26,1734295.25],[462454.67,1734290.38]]]]}},{"type":"Feature","properties":{"building":"house","height":6.4,"heightSource":"inferred"},"geometry":{"type":"MultiPolygon","coordinates":[[[[462420.28,1734300.05],[462428.65,1734295.59],[462422.65,1734284.45],[462414.28,1734288.91],[462420.28,1734300.05]]]]}},{"type":"Feature","properties":{"building":"house","height":6.4,"heightSource":"inferred"},"geometry":{"type":"MultiPolygon","coordinates":[[[[462405.4,1734309.1],[462415.11,1734303.2],[462409.47,1734294.04],[462399.76,1734299.94],[462405.4,1734309.1]]]]}},{"type":"Feature","properties":{"building":"house","height":6.4,"heightSource":"inferred"},"geometry":{"type":"MultiPolygon","coordinates":[[[[462391.51,1734293.92],[462397.4,1734301.61],[462390.68,1734306.7],[462384.78,1734299.01],[462391.51,1734293.92]]]]}},{"type":"Feature","properties":{"building":"yes","height":6,"heightSource":"default"},"geometry":{"type":"MultiPolygon","coordinates":[[[[462377.63,1734330.44],[462387.99,1734340.53],[462394.56,1734333.87],[462392.01,1734331.39],[462393.72,1734329.66],[462388.41,1734324.49],[462386.89,1734326.03],[462384.38,1734323.59],[462377.63,1734330.44]]]]}},{"type":"Feature","properties":{"building":"yes","height":6,"heightSource":"default"},"geometry":{"type":"MultiPolygon","coordinates":[[[[462381.57,1734342.81],[462374.57,1734333.1],[462366.92,1734338.53],[462373.16,1734347.2],[462374.44,1734346.3],[462377.14,1734350.06],[462380.47,1734347.69],[462378.52,1734344.97],[462381.57,1734342.81]]]]}},{"type":"Feature","properties":{"building":"yes","height":6,"heightSource":"default"},"geometry":{"type":"MultiPolygon","coordinates":[[[[462352.67,1734366.83],[462363.13,1734376.14],[462367.62,1734371.16],[462365.94,1734369.66],[462370.52,1734364.56],[462361.75,1734356.76],[462352.67,1734366.83]]]]}},{"type":"Feature","properties":{"building":"yes","height":6,"heightSource":"default"},"geometry":{"type":"MultiPolygon","coordinates":[[[[462289.3,1734503.86],[462298.91,1734508.01],[462303.98,1734496.45],[462294.38,1734492.28],[462289.3,1734503.86]]]]}},{"type":"Feature","properties":{"building":"yes","height":6,"heightSource":"default"},"geometry":{"type":"MultiPolygon","coordinates":[[[[462292.99,1734489.26],[462302.86,1734493.31],[462305.6,1734486.71],[462295.72,1734482.67],[462292.99,1734489.26]]]]}},{"type":"Feature","properties":{"building":"yes","height":6,"heightSource":"default"},"geometry":{"type":"MultiPolygon","coordinates":[[[[462318.37,1734461.23],[462318.5,1734463.44],[462319.37,1734465.48],[462320.88,1734467.13],[462322.85,1734468.18],[462325.06,1734468.51],[462327.15,1734468.14],[462329.01,1734467.13],[462330.45,1734465.56],[462331.33,1734463.64],[462331.55,1734461.54],[462331.08,1734459.47],[462329.97,1734457.67],[462328.35,1734456.3],[462326.37,1734455.52],[462324.24,1734455.4],[462322.09,1734456.01],[462320.27,1734457.28],[462318.98,1734459.1],[462318.37,1734461.23]]]]}},{"type":"Feature","properties":{"building":"yes","height":6,"heightSource":"default"},"geometry":{"type":"MultiPolygon","coordinates":[[[[462312.64,1734430.72],[462323.6,1734442.31],[462317.61,1734447.91],[462306.65,1734436.31],[462312.64,1734430.72]]]]}},{"type":"Feature","properties":{"building":"yes","height":6,"heightSource":"default"},"geometry":{"type":"MultiPolygon","coordinates":[[[[462326.48,1734413.46],[462337.31,1734423.72],[462343.54,1734417.21],[462332.71,1734406.96],[462326.48,1734413.46]]]]}},{"type":"Feature","properties":{"building":"yes","height":6,"heightSource":"default"},"geometry":{"type":"MultiPolygon","coordinates":[[[[462325.3,1734409.19],[462331.33,1734404.45],[462326.79,1734398.76],[462320.77,1734403.5],[462325.3,1734409.19]]]]}},{"type":"Feature","properties":{"building":"yes","height":6,"heightSource":"default"},"geometry":{"type":"MultiPolygon","coordinates":[[[[462377.69,1735234.56],[462380.09,1735241.7],[462373.05,1735244.05],[462370.64,1735236.9],[462377.69,1735234.56]]]]}},{"type":"Feature","properties":{"building":"yes","height":6,"heightSource":"default"},"geometry":{"type":"MultiPolygon","coordinates":[[[[462343.2,1735227.8],[462349.97,1735235.74],[462357.46,1735229.02],[462349.95,1735221.32],[462343.2,1735227.8]]]]}},{"type":"Feature","properties":{"building":"yes","height":6,"heightSource":"default"},"geometry":{"type":"MultiPolygon","coordinates":[[[[462354.12,1735269.57],[462359.22,1735278.04],[462365.57,1735274.27],[462360.47,1735265.8],[462354.12,1735269.57]]]]}},{"type":"Feature","properties":{"building":"yes","height":6,"heightSource":"default"},"geometry":{"type":"MultiPolygon","coordinates":[[[[462327.4,1735242.8],[462334.45,1735245.67],[462336.79,1735240],[462329.74,1735237.14],[462327.4,1735242.8]]]]}},{"type":"Feature","properties":{"building":"warehouse","height":6,"heightSource":"default"},"geometry":{"type":"MultiPolygon","coordinates":[[[[462332.42,1735259.05],[462298.98,1735249.02],[462293.35,1735267.57],[462319.26,1735275.33],[462317,1735278.07],[462325.85,1735280.71],[462332.42,1735259.05]]]]}},{"type":"Feature","properties":{"building":"yes","height":6,"heightSource":"default"},"geometry":{"type":"MultiPolygon","coordinates":[[[[462316.06,1735310.14],[462332.82,1735306.39],[462330.05,1735291.97],[462325.79,1735292.23],[462322.78,1735287.26],[462316.27,1735288.02],[462314.03,1735291.75],[462313.54,1735297.97],[462315.63,1735308.04],[462316.06,1735310.14]]]]}},{"type":"Feature","properties":{"building":"yes","height":6,"heightSource":"default"},"geometry":{"type":"MultiPolygon","coordinates":[[[[462291.53,1735304.46],[462315.63,1735308.04],[462313.54,1735297.97],[462314.03,1735291.75],[462294.51,1735287.56],[462291.53,1735304.46]]]]}},{"type":"Feature","properties":{"building":"warehouse","height":6,"heightSource":"default"},"geometry":{"type":"MultiPolygon","coordinates":[[[[462339.03,1735463.18],[462390.64,1735433.2],[462358.98,1735379.39],[462320.95,1735401.5],[462333.39,1735422.63],[462319.81,1735430.53],[462339.03,1735463.18]]]]}},{"type":"Feature","properties":{"building":"yes","height":6,"heightSource":"default"},"geometry":{"type":"MultiPolygon","coordinates":[[[[462347.09,1735484.27],[462367.42,1735510.98],[462400.12,1735486.4],[462391.06,1735474.51],[462369.61,1735490.63],[462358.34,1735475.82],[462347.09,1735484.27]]]]}},{"type":"Feature","properties":{"building":"yes","height":6,"heightSource":"default"},"geometry":{"type":"MultiPolygon","coordinates":[[[[462270.58,1735336.31],[462282.76,1735339.95],[462285.54,1735330.78],[462273.35,1735327.14],[462270.58,1735336.31]]]]}},{"type":"Feature","properties":{"building":"yes","height":6,"heightSource":"default"},"geometry":{"type":"MultiPolygon","coordinates":[[[[462259.09,1735362.7],[462275.05,1735376.58],[462280.73,1735370.13],[462264.77,1735356.25],[462259.09,1735362.7]]]]}},{"type":"Feature","properties":{"building":"yes","height":6,"heightSource":"default"},"geometry":{"type":"MultiPolygon","coordinates":[[[[462254.4,1735376.14],[462263.22,1735383.35],[462269.58,1735375.66],[462260.77,1735368.45],[462254.4,1735376.14]]]]}},{"type":"Feature","properties":{"building":"house","height":6,"heightSource":"default"},"geometry":{"type":"MultiPolygon","coordinates":[[[[462048.89,1734832.35],[462059.06,1734843.8],[462068.91,1734835.17],[462058.73,1734823.72],[462048.89,1734832.35]]]]}},{"type":"Feature","properties":{"building":"house","height":6,"heightSource":"default"},"geometry":{"type":"MultiPolygon","coordinates":[[[[461789.16,1735119.74],[461794.48,1735128.61],[461801.1,1735124.69],[461795.77,1735115.82],[461789.16,1735119.74]]]]}},{"type":"Feature","properties":{"building":"house","height":6,"heightSource":"default"},"geometry":{"type":"MultiPolygon","coordinates":[[[[461740.39,1735119.18],[461746.48,1735129.06],[461754.88,1735123.95],[461748.8,1735114.07],[461740.39,1735119.18]]]]}},{"type":"Feature","properties":{"building":"yes","height":6,"heightSource":"default"},"geometry":{"type":"MultiPolygon","coordinates":[[[[461720.1,1735143.26],[461728.9,1735151.83],[461721.86,1735158.99],[461718.61,1735155.83],[461723.1,1735151.27],[461717.53,1735145.87],[461720.1,1735143.26]]]]}},{"type":"Feature","properties":{"building":"house","height":6,"heightSource":"default"},"geometry":{"type":"MultiPolygon","coordinates":[[[[462287.32,1735154.61],[462276.35,1735151.56],[462273.96,1735160.06],[462284.92,1735163.11],[462287.32,1735154.61]]]]}},{"type":"Feature","properties":{"building":"house","height":6,"heightSource":"default"},"geometry":{"type":"MultiPolygon","coordinates":[[[[462271.77,1735176.32],[462279.1,1735178.86],[462281.78,1735171.21],[462274.44,1735168.68],[462271.77,1735176.32]]]]}},{"type":"Feature","properties":{"building":"house","height":6,"heightSource":"default"},"geometry":{"type":"MultiPolygon","coordinates":[[[[462249.38,1735220.84],[462265.99,1735226.26],[462269.5,1735215.66],[462252.88,1735210.23],[462249.38,1735220.84]]]]}},{"type":"Feature","properties":{"building":"yes","height":6,"heightSource":"default"},"geometry":{"type":"MultiPolygon","coordinates":[[[[462258.87,1735233.56],[462261.51,1735226.48],[462249.95,1735222.24],[462247.33,1735229.33],[462258.87,1735233.56]]]]}},{"type":"Feature","properties":{"building":"yes","height":6,"heightSource":"default"},"geometry":{"type":"MultiPolygon","coordinates":[[[[462247.99,1735240.69],[462256.31,1735243.27],[462258.89,1735235.05],[462250.57,1735232.47],[462247.99,1735240.69]]]]}},{"type":"Feature","properties":{"building":"yes","height":6,"heightSource":"default"},"geometry":{"type":"MultiPolygon","coordinates":[[[[462238.59,1735269.31],[462247.36,1735272.49],[462249.73,1735266.03],[462240.96,1735262.86],[462238.59,1735269.31]]]]}},{"type":"Feature","properties":{"building":"yes","height":6,"heightSource":"default"},"geometry":{"type":"MultiPolygon","coordinates":[[[[462225.87,1735290.74],[462240.96,1735296.53],[462245.43,1735285.03],[462230.34,1735279.24],[462225.87,1735290.74]]]]}},{"type":"Feature","properties":{"building":"yes","height":6,"heightSource":"default"},"geometry":{"type":"MultiPolygon","coordinates":[[[[462232.27,1735305.39],[462237.62,1735307.15],[462239.62,1735301.16],[462234.27,1735299.39],[462232.27,1735305.39]]]]}},{"type":"Feature","properties":{"building":"yes","height":6,"heightSource":"default"},"geometry":{"type":"MultiPolygon","coordinates":[[[[462219.26,1735300.11],[462229.05,1735304.66],[462233.16,1735295.91],[462223.37,1735291.36],[462219.26,1735300.11]]]]}},{"type":"Feature","properties":{"building":"house","height":6.4,"heightSource":"inferred"},"geometry":{"type":"MultiPolygon","coordinates":[[[[462213.82,1735313.34],[462225.31,1735317.73],[462228.84,1735308.6],[462217.35,1735304.21],[462213.82,1735313.34]]]]}},{"type":"Feature","properties":{"building":"house","height":6.4,"heightSource":"inferred"},"geometry":{"type":"MultiPolygon","coordinates":[[[[462209.15,1735321.84],[462221.67,1735326.32],[462224.51,1735318.48],[462211.99,1735314],[462209.15,1735321.84]]]]}},{"type":"Feature","properties":{"building":"house","height":6.4,"heightSource":"inferred"},"geometry":{"type":"MultiPolygon","coordinates":[[[[462207.17,1735341.16],[462215.87,1735343.92],[462219.44,1735332.81],[462210.73,1735330.06],[462207.17,1735341.16]]]]}},{"type":"Feature","properties":{"building":"house","height":6.4,"heightSource":"inferred"},"geometry":{"type":"MultiPolygon","coordinates":[[[[462200.79,1735377.15],[462213.39,1735381.69],[462216.83,1735372.25],[462206.04,1735368.36],[462204.21,1735367.65],[462201.28,1735375.05],[462200.79,1735377.15]]]]}},{"type":"Feature","properties":{"building":"yes","height":6,"heightSource":"default"},"geometry":{"type":"MultiPolygon","coordinates":[[[[462201.28,1735375.05],[462193.22,1735371.9],[462196.93,1735362.51],[462207.32,1735366.56],[462206.04,1735368.36],[462204.21,1735367.65],[462201.28,1735375.05]]]]}},{"type":"Feature","properties":{"building":"yes","height":6,"heightSource":"default"},"geometry":{"type":"MultiPolygon","coordinates":[[[[462124.98,1735450.36],[462136.55,1735454.58],[462142.49,1735438.51],[462130.92,1735434.28],[462124.98,1735450.36]]]]}},{"type":"Feature","properties":{"building":"yes","height":6,"heightSource":"default"},"geometry":{"type":"MultiPolygon","coordinates":[[[[462112.29,1735471.68],[462132.14,1735479.91],[462138.23,1735465.4],[462118.39,1735457.17],[462112.29,1735471.68]]]]}},{"type":"Feature","properties":{"building":"yes","height":6,"heightSource":"default"},"geometry":{"type":"MultiPolygon","coordinates":[[[[462079.71,1735449.81],[462112.5,1735464.06],[462116.82,1735454.23],[462084.03,1735439.97],[462079.71,1735449.81]]]]}},{"type":"Feature","properties":{"building":"yes","height":6,"heightSource":"default"},"geometry":{"type":"MultiPolygon","coordinates":[[[[462042.48,1735430.56],[462076.11,1735444.65],[462079.2,1735437.38],[462045.56,1735423.29],[462042.48,1735430.56]]]]}},{"type":"Feature","properties":{"building":"yes","height":6,"heightSource":"default"},"geometry":{"type":"MultiPolygon","coordinates":[[[[462040.85,1735409.26],[462074.55,1735424.74],[462079.92,1735413.19],[462046.23,1735397.7],[462040.85,1735409.26]]]]}},{"type":"Feature","properties":{"building":"yes","height":6,"heightSource":"default"},"geometry":{"type":"MultiPolygon","coordinates":[[[[462046.71,1735395.37],[462081.33,1735410.48],[462086.26,1735399.33],[462051.64,1735384.21],[462046.71,1735395.37]]]]}},{"type":"Feature","properties":{"building":"yes","height":6,"heightSource":"default"},"geometry":{"type":"MultiPolygon","coordinates":[[[[462075.46,1735384.1],[462109.16,1735398.81],[462112.92,1735390.28],[462079.23,1735375.57],[462075.46,1735384.1]]]]}},{"type":"Feature","properties":{"building":"yes","height":6,"heightSource":"default"},"geometry":{"type":"MultiPolygon","coordinates":[[[[462115.41,1735401.01],[462129.91,1735407.05],[462133.38,1735398.82],[462118.86,1735392.79],[462115.41,1735401.01]]]]}},{"type":"Feature","properties":{"building":"yes","height":6,"heightSource":"default"},"geometry":{"type":"MultiPolygon","coordinates":[[[[462161.78,1735480.5],[462166.64,1735469.07],[462152.67,1735463.19],[462147.8,1735474.63],[462161.78,1735480.5]]]]}},{"type":"Feature","properties":{"building":"house","height":6,"heightSource":"default"},"geometry":{"type":"MultiPolygon","coordinates":[[[[462142.94,1735528.67],[462152.37,1735532.57],[462156.18,1735523.46],[462146.76,1735519.56],[462142.94,1735528.67]]]]}},{"type":"Feature","properties":{"building":"yes","height":6,"heightSource":"default"},"geometry":{"type":"MultiPolygon","coordinates":[[[[462123.42,1735595.03],[462121.54,1735598.58],[462133.42,1735604.8],[462135.3,1735601.26],[462123.42,1735595.03]]]]}},{"type":"Feature","properties":{"building":"yes","height":6,"heightSource":"default"},"geometry":{"type":"MultiPolygon","coordinates":[[[[462125.62,1735593.24],[462136.23,1735596.84],[462139.84,1735586.38],[462129.21,1735582.78],[462125.62,1735593.24]]]]}},{"type":"Feature","properties":{"building":"yes","height":6,"heightSource":"default"},"geometry":{"type":"MultiPolygon","coordinates":[[[[462110.96,1735579.83],[462100.78,1735576.34],[462098.02,1735584.3],[462120.1,1735591.87],[462123.57,1735581.86],[462119.77,1735580.57],[462121.08,1735576.79],[462112.97,1735574.01],[462110.96,1735579.83]]]]}},{"type":"Feature","properties":{"building":"yes","height":6,"heightSource":"default"},"geometry":{"type":"MultiPolygon","coordinates":[[[[462143.8,1735550.5],[462116.05,1735536.77],[462109.47,1735549.58],[462121.19,1735554.31],[462120.37,1735557.1],[462128.31,1735560.71],[462132.93,1735561.52],[462140.35,1735558.88],[462143.8,1735550.5]]]]}},{"type":"Feature","properties":{"building":"yes","height":6,"heightSource":"default"},"geometry":{"type":"MultiPolygon","coordinates":[[[[462120.1,1735570.41],[462128.89,1735573.97],[462131.95,1735566.53],[462123.18,1735562.96],[462120.1,1735570.41]]]]}},{"type":"Feature","properties":{"building":"yes","height":6,"heightSource":"default"},"geometry":{"type":"MultiPolygon","coordinates":[[[[462070.76,1735684.9],[462064.26,1735704.95],[462081.87,1735710.6],[462088.38,1735690.55],[462070.76,1735684.9]]]]}},{"type":"Feature","properties":{"building":"yes","height":6,"heightSource":"default"},"geometry":{"type":"MultiPolygon","coordinates":[[[[462047.2,1735672.06],[462067.93,1735683.49],[462073.38,1735673.75],[462052.64,1735662.3],[462047.2,1735672.06]]]]}},{"type":"Feature","properties":{"building":"yes","height":6.4,"heightSource":"inferred"},"geometry":{"type":"MultiPolygon","coordinates":[[[[462051.59,1735783.52],[462065.25,1735788.08],[462069.26,1735776.2],[462055.59,1735771.65],[462051.59,1735783.52]]]]}},{"type":"Feature","properties":{"building":"house","height":6.4,"heightSource":"inferred"},"geometry":{"type":"MultiPolygon","coordinates":[[[[461995.52,1735796.77],[462016.11,1735804.32],[462021.9,1735788.74],[462015.94,1735786.56],[462017.4,1735782.64],[462012.61,1735780.89],[462011.23,1735784.59],[462001.39,1735780.97],[461995.52,1735796.77]]]]}},{"type":"Feature","properties":{"building":"yes","height":6,"heightSource":"default"},"geometry":{"type":"MultiPolygon","coordinates":[[[[461983.13,1735892.62],[461999.37,1735898.71],[462007.06,1735878.49],[461990.82,1735872.4],[461983.13,1735892.62]]]]}},{"type":"Feature","properties":{"building":"yes","height":6,"heightSource":"default"},"geometry":{"type":"MultiPolygon","coordinates":[[[[461951.18,1735863.65],[461956.82,1735870.91],[461966.59,1735863.4],[461960.95,1735856.14],[461951.18,1735863.65]]]]}},{"type":"Feature","properties":{"building":"yes","height":6,"heightSource":"default"},"geometry":{"type":"MultiPolygon","coordinates":[[[[461937.85,1735795.85],[461914.51,1735809.71],[461930.71,1735836.64],[461933.86,1735834.78],[461939.56,1735844.27],[461953.67,1735835.9],[461957.51,1735842.27],[461963.6,1735838.66],[461937.85,1735795.85]]]]}},{"type":"Feature","properties":{"building":"yes","height":6,"heightSource":"default"},"geometry":{"type":"MultiPolygon","coordinates":[[[[461958.45,1735842.76],[461947.66,1735849.56],[461950.76,1735854.43],[461952.21,1735853.52],[461954.55,1735857.19],[461963.9,1735851.3],[461958.45,1735842.76]]]]}},{"type":"Feature","properties":{"building":"yes","height":6,"heightSource":"default"},"geometry":{"type":"MultiPolygon","coordinates":[[[[461914.06,1735883.73],[461928.19,1735905.17],[461937.97,1735898.82],[461923.83,1735877.36],[461914.06,1735883.73]]]]}},{"type":"Feature","properties":{"building":"yes","height":6,"heightSource":"default"},"geometry":{"type":"MultiPolygon","coordinates":[[[[461818.91,1735863.24],[461827.07,1735858.72],[461821.46,1735848.73],[461813.29,1735853.25],[461818.91,1735863.24]]]]}},{"type":"Feature","properties":{"building":"yes","height":6,"heightSource":"default"},"geometry":{"type":"MultiPolygon","coordinates":[[[[461843.33,1735870.8],[461833.81,1735875.75],[461838.76,1735885.14],[461848.27,1735880.19],[461843.33,1735870.8]]]]}},{"type":"Feature","properties":{"building":"yes","height":6,"heightSource":"default"},"geometry":{"type":"MultiPolygon","coordinates":[[[[461881.04,1735885.36],[461869.79,1735891.04],[461873.25,1735897.81],[461884.5,1735892.13],[461881.04,1735885.36]]]]}},{"type":"Feature","properties":{"building":"yes","height":6,"heightSource":"default"},"geometry":{"type":"MultiPolygon","coordinates":[[[[461803.58,1735937.15],[461816.22,1735930.08],[461811.76,1735922.18],[461799.11,1735929.25],[461803.58,1735937.15]]]]}},{"type":"Feature","properties":{"building":"yes","height":6,"heightSource":"default"},"geometry":{"type":"MultiPolygon","coordinates":[[[[462210.67,1735486.75],[462200.81,1735516.33],[462215.7,1735521.24],[462225.57,1735491.66],[462210.67,1735486.75]]]]}},{"type":"Feature","properties":{"building":"yes","height":6,"heightSource":"default"},"geometry":{"type":"MultiPolygon","coordinates":[[[[462197.13,1735532.59],[462210.98,1735537.67],[462214.97,1735526.94],[462201.11,1735521.86],[462197.13,1735532.59]]]]}},{"type":"Feature","properties":{"building":"yes","height":6,"heightSource":"default"},"geometry":{"type":"MultiPolygon","coordinates":[[[[462240.3,1735559.67],[462248.78,1735556.85],[462245.34,1735546.63],[462236.87,1735549.45],[462240.3,1735559.67]]]]}},{"type":"Feature","properties":{"building":"yes","height":6,"heightSource":"default"},"geometry":{"type":"MultiPolygon","coordinates":[[[[462086.51,1735873.24],[462097.47,1735877.52],[462099.09,1735873.43],[462106.17,1735876.2],[462108.53,1735870.24],[462100.06,1735866.92],[462101.49,1735863.34],[462092.4,1735859.78],[462091.05,1735863.14],[462087.81,1735861.88],[462084.97,1735869.05],[462087.75,1735870.13],[462086.51,1735873.24]]]]}},{"type":"Feature","properties":{"building":"yes","height":6,"heightSource":"default"},"geometry":{"type":"MultiPolygon","coordinates":[[[[462089.57,1735923.31],[462090.01,1735931.41],[462100.68,1735930.84],[462100.25,1735922.74],[462089.57,1735923.31]]]]}},{"type":"Feature","properties":{"building":"yes","height":6,"heightSource":"default"},"geometry":{"type":"MultiPolygon","coordinates":[[[[462062.89,1735907.91],[462052.92,1735938.01],[462066.87,1735939.73],[462076.4,1735908.54],[462062.89,1735907.91]]]]}},{"type":"Feature","properties":{"building":"yes","height":6,"heightSource":"default"},"geometry":{"type":"MultiPolygon","coordinates":[[[[462050.32,1735944.95],[462040.35,1735975.27],[462054.73,1735976.12],[462064.49,1735944.93],[462050.32,1735944.95]]]]}},{"type":"Feature","properties":{"building":"yes","height":6,"heightSource":"default"},"geometry":{"type":"MultiPolygon","coordinates":[[[[462059.71,1736077.29],[462070.6,1736076.51],[462069.94,1736067.4],[462059.06,1736068.17],[462059.71,1736077.29]]]]}},{"type":"Feature","properties":{"building":"yes","height":6,"heightSource":"default"},"geometry":{"type":"MultiPolygon","coordinates":[[[[462047.41,1736054.27],[462060.22,1736052.32],[462058.6,1736041.84],[462051.03,1736042.99],[462051.39,1736045.3],[462046.15,1736046.09],[462047.41,1736054.27]]]]}},{"type":"Feature","properties":{"building":"yes","height":6,"heightSource":"default"},"geometry":{"type":"MultiPolygon","coordinates":[[[[462065.81,1736037.79],[462067.39,1736047.65],[462078.83,1736045.83],[462077.25,1736035.97],[462065.81,1736037.79]]]]}},{"type":"Feature","properties":{"building":"yes","height":6,"heightSource":"default"},"geometry":{"type":"MultiPolygon","coordinates":[[[[462088.27,1736057.54],[462099,1736055.64],[462097.49,1736047.2],[462086.76,1736049.09],[462088.27,1736057.54]]]]}},{"type":"Feature","properties":{"building":"warehouse","height":6,"heightSource":"default"},"geometry":{"type":"MultiPolygon","coordinates":[[[[461873.97,1736082.28],[461916.89,1736098.41],[461925.69,1736075.26],[461882.77,1736059.13],[461873.97,1736082.28]]]]}},{"type":"Feature","properties":{"building":"warehouse","height":6,"heightSource":"default"},"geometry":{"type":"MultiPolygon","coordinates":[[[[461834.34,1735983.39],[461856.08,1736018.15],[461875.98,1736005.85],[461854.25,1735971.09],[461834.34,1735983.39]]]]}},{"type":"Feature","properties":{"building":"house","height":6.4,"heightSource":"inferred"},"geometry":{"type":"MultiPolygon","coordinates":[[[[461891.27,1736045.67],[461905.45,1736050.26],[461910.16,1736035.86],[461895.99,1736031.28],[461891.27,1736045.67]]]]}},{"type":"Feature","properties":{"building":"yes","height":6,"heightSource":"default"},"geometry":{"type":"MultiPolygon","coordinates":[[[[461932.35,1736085.38],[461935.3,1736077.67],[461941.58,1736080.05],[461944.52,1736072.39],[461939.68,1736070.56],[461942.45,1736063.35],[461934.06,1736060.16],[461931,1736068.16],[461927.93,1736066.99],[461926.21,1736071.52],[461930.12,1736072.99],[461926.26,1736083.06],[461932.35,1736085.38]]]]}},{"type":"Feature","properties":{"building":"yes","height":6,"heightSource":"default"},"geometry":{"type":"MultiPolygon","coordinates":[[[[461948.03,1736083.86],[461936.07,1736079.54],[461931.74,1736091.37],[461930.15,1736090.8],[461929.26,1736093.24],[461925.6,1736091.91],[461921.36,1736103.51],[461924.06,1736104.48],[461918.35,1736120.13],[461934.02,1736125.78],[461938.82,1736112.63],[461941.24,1736113.51],[461942.22,1736110.87],[461945.46,1736112.05],[461949.68,1736100.52],[461946.42,1736099.35],[461947.3,1736096.92],[461943.73,1736095.63],[461948.03,1736083.86]]]]}},{"type":"Feature","properties":{"building":"yes","height":6,"heightSource":"default"},"geometry":{"type":"MultiPolygon","coordinates":[[[[461905.92,1736153.06],[461927.08,1736160.31],[461931.06,1736148.86],[461909.9,1736141.61],[461905.92,1736153.06]]]]}},{"type":"Feature","properties":{"building":"house","height":6.4,"heightSource":"inferred"},"geometry":{"type":"MultiPolygon","coordinates":[[[[461980.48,1736144.35],[461993.71,1736148.93],[461996.36,1736141.41],[461983.13,1736136.81],[461980.48,1736144.35]]]]}},{"type":"Feature","properties":{"building":"house","height":6.4,"heightSource":"inferred"},"geometry":{"type":"MultiPolygon","coordinates":[[[[461979.35,1736161.9],[461997.6,1736167.62],[462000.29,1736159.15],[461982.04,1736153.43],[461979.35,1736161.9]]]]}},{"type":"Feature","properties":{"building":"house","height":6.4,"heightSource":"inferred"},"geometry":{"type":"MultiPolygon","coordinates":[[[[461876.6,1736416.27],[461888.25,1736419.93],[461890.52,1736412.79],[461878.87,1736409.12],[461876.6,1736416.27]]]]}},{"type":"Feature","properties":{"building":"yes","height":6,"heightSource":"default"},"geometry":{"type":"MultiPolygon","coordinates":[[[[461899.04,1736422.86],[461907.05,1736430.8],[461911.35,1736426.51],[461903.33,1736418.57],[461899.04,1736422.86]]]]}},{"type":"Feature","properties":{"building":"yes","height":6,"heightSource":"default"},"geometry":{"type":"MultiPolygon","coordinates":[[[[461957.39,1736407.79],[461963.02,1736404.19],[461959.22,1736398.32],[461953.59,1736401.93],[461957.39,1736407.79]]]]}},{"type":"Feature","properties":{"building":"yes","height":6,"heightSource":"default"},"geometry":{"type":"MultiPolygon","coordinates":[[[[461772.83,1736526.76],[461783.05,1736526.3],[461782.6,1736516.55],[461772.38,1736517.01],[461772.83,1736526.76]]]]}},{"type":"Feature","properties":{"building":"house","height":6.4,"heightSource":"inferred"},"geometry":{"type":"MultiPolygon","coordinates":[[[[461761.58,1736546],[461791.84,1736545.59],[461791.66,1736531.84],[461761.38,1736532.27],[461761.58,1736546]]]]}},{"type":"Feature","properties":{"building":"yes","height":6,"heightSource":"default"},"geometry":{"type":"MultiPolygon","coordinates":[[[[461746.32,1736572.92],[461766.69,1736572.95],[461766.71,1736560.4],[461746.34,1736560.37],[461746.32,1736572.92]]]]}},{"type":"Feature","properties":{"building":"house","height":6.4,"heightSource":"inferred"},"geometry":{"type":"MultiPolygon","coordinates":[[[[461747.46,1736612.95],[461762.91,1736611.36],[461761.4,1736596.85],[461745.95,1736598.44],[461747.46,1736612.95]]]]}},{"type":"Feature","properties":{"building":"yes","height":6,"heightSource":"default"},"geometry":{"type":"MultiPolygon","coordinates":[[[[461802.92,1736656.59],[461816.77,1736654.2],[461813.35,1736634.56],[461799.49,1736636.95],[461802.92,1736656.59]]]]}},{"type":"Feature","properties":{"building":"yes","height":6,"heightSource":"default"},"geometry":{"type":"MultiPolygon","coordinates":[[[[461773.67,1736731.27],[461795.43,1736726.63],[461791.94,1736710.42],[461773.13,1736714.43],[461775.55,1736725.66],[461772.59,1736726.29],[461773.67,1736731.27]]]]}},{"type":"Feature","properties":{"building":"house","height":6.4,"heightSource":"inferred"},"geometry":{"type":"MultiPolygon","coordinates":[[[[461776.67,1736749.7],[461760.02,1736751.57],[461760.7,1736757.57],[461762.84,1736757.32],[461763.23,1736760.82],[461769.32,1736760.13],[461769.84,1736764.64],[461785.54,1736762.87],[461784.2,1736751.2],[461776.93,1736752.02],[461776.67,1736749.7]]]]}},{"type":"Feature","properties":{"building":"house","height":6.4,"heightSource":"inferred"},"geometry":{"type":"MultiPolygon","coordinates":[[[[461661.44,1736799.74],[461662.48,1736808.64],[461667.17,1736808.09],[461667.5,1736810.78],[461673.21,1736810.12],[461672.74,1736806.13],[461678.7,1736805.44],[461678,1736799.47],[461674.79,1736799.84],[461674.45,1736796.97],[461669.91,1736797.5],[461669.43,1736793.35],[461665.48,1736793.81],[461666.11,1736799.19],[461661.44,1736799.74]]]]}},{"type":"Feature","properties":{"building":"yes","height":6,"heightSource":"default"},"geometry":{"type":"MultiPolygon","coordinates":[[[[461736.97,1736852.79],[461762.92,1736855.48],[461764.04,1736844.81],[461738.08,1736842.12],[461736.97,1736852.79]]]]}},{"type":"Feature","properties":{"building":"yes","height":6,"heightSource":"default"},"geometry":{"type":"MultiPolygon","coordinates":[[[[461770.06,1736848.72],[461780.46,1736863.15],[461785.82,1736859.33],[461775.41,1736844.91],[461770.06,1736848.72]]]]}},{"type":"Feature","properties":{"building":"yes","height":6,"heightSource":"default"},"geometry":{"type":"MultiPolygon","coordinates":[[[[461762.39,1735987.08],[461770.97,1735978.31],[461762.8,1735970.41],[461754.21,1735979.2],[461762.39,1735987.08]]]]}},{"type":"Feature","properties":{"building":"yes","height":6,"heightSource":"default"},"geometry":{"type":"MultiPolygon","coordinates":[[[[461745.85,1735998.97],[461755.55,1735990.4],[461747.36,1735981.25],[461737.66,1735989.8],[461745.85,1735998.97]]]]}},{"type":"Feature","properties":{"building":"yes","height":6,"heightSource":"default"},"geometry":{"type":"MultiPolygon","coordinates":[[[[461594.22,1737052],[461602.95,1737056.12],[461606.77,1737048.14],[461598.04,1737044.02],[461594.22,1737052]]]]}},{"type":"Feature","properties":{"building":"yes","height":6,"heightSource":"default"},"geometry":{"type":"MultiPolygon","coordinates":[[[[461536.83,1737057.5],[461541.81,1737062.03],[461574.64,1737026.42],[461569.65,1737021.88],[461536.83,1737057.5]]]]}},{"type":"Feature","properties":{"building":"yes","height":6,"heightSource":"default"},"geometry":{"type":"MultiPolygon","coordinates":[[[[461572.96,1737031.7],[461579.69,1737036.62],[461583.13,1737031.97],[461576.4,1737027.04],[461572.96,1737031.7]]]]}},{"type":"Feature","properties":{"building":"yes","height":6,"heightSource":"default"},"geometry":{"type":"MultiPolygon","coordinates":[[[[461686.15,1737006.26],[461698.34,1737011.71],[461703.45,1737000.39],[461691.26,1736994.95],[461686.15,1737006.26]]]]}},{"type":"Feature","properties":{"building":"yes","height":6,"heightSource":"default"},"geometry":{"type":"MultiPolygon","coordinates":[[[[461651.81,1737069.16],[461665.17,1737076.4],[461671.76,1737064.39],[461658.4,1737057.15],[461651.81,1737069.16]]]]}},{"type":"Feature","properties":{"building":"yes","height":6,"heightSource":"default"},"geometry":{"type":"MultiPolygon","coordinates":[[[[467845.15,1733560.32],[467835.38,1733560.4],[467835.42,1733564.93],[467845.19,1733564.85],[467845.15,1733560.32]]]]}},{"type":"Feature","properties":{"building":"yes","height":6,"heightSource":"default"},"geometry":{"type":"MultiPolygon","coordinates":[[[[467899.52,1733577.28],[467899.98,1733561.54],[467894.29,1733561.38],[467893.82,1733577.11],[467899.52,1733577.28]]]]}},{"type":"Feature","properties":{"building":"yes","height":6,"heightSource":"default"},"geometry":{"type":"MultiPolygon","coordinates":[[[[467890.9,1733562.15],[467890.38,1733552.25],[467881.58,1733552.71],[467882.1,1733562.61],[467890.9,1733562.15]]]]}},{"type":"Feature","properties":{"building":"yes","height":6,"heightSource":"default"},"geometry":{"type":"MultiPolygon","coordinates":[[[[467865.97,1733537.76],[467863.31,1733525.06],[467856.76,1733526.42],[467858.85,1733536.46],[467862.23,1733535.77],[467862.78,1733538.42],[467865.97,1733537.76]]]]}},{"type":"Feature","properties":{"building":"yes","height":6,"heightSource":"default"},"geometry":{"type":"MultiPolygon","coordinates":[[[[467880.17,1733552.02],[467872.88,1733552.58],[467873.78,1733564.27],[467881.06,1733563.71],[467880.17,1733552.02]]]]}},{"type":"Feature","properties":{"building":"yes","height":6,"heightSource":"default"},"geometry":{"type":"MultiPolygon","coordinates":[[[[467883.44,1733534.36],[467882.66,1733527.34],[467877.6,1733527.89],[467878.39,1733534.91],[467883.44,1733534.36]]]]}},{"type":"Feature","properties":{"building":"yes","height":6,"heightSource":"default"},"geometry":{"type":"MultiPolygon","coordinates":[[[[468003.33,1733595.28],[468021.3,1733596.48],[468023.82,1733559.3],[468005.84,1733558.11],[468003.33,1733595.28]]]]}},{"type":"Feature","properties":{"building":"yes","height":6,"heightSource":"default"},"geometry":{"type":"MultiPolygon","coordinates":[[[[468027.35,1733535.72],[468026.68,1733562.48],[468035.59,1733562.7],[468036.27,1733535.94],[468027.35,1733535.72]]]]}},{"type":"Feature","properties":{"building":"yes","height":6,"heightSource":"default"},"geometry":{"type":"MultiPolygon","coordinates":[[[[467993.91,1733558.89],[467992.08,1733595.24],[468001.63,1733595.71],[468003.46,1733559.36],[467993.91,1733558.89]]]]}},{"type":"Feature","properties":{"building":"yes","height":6,"heightSource":"default"},"geometry":{"type":"MultiPolygon","coordinates":[[[[468088.14,1733492.69],[468101.13,1733491.14],[468098.51,1733469.38],[468085.52,1733470.92],[468088.14,1733492.69]]]]}},{"type":"Feature","properties":{"building":"yes","height":6,"heightSource":"default"},"geometry":{"type":"MultiPolygon","coordinates":[[[[468084.82,1733468.1],[468097.94,1733465.37],[468095.64,1733454.54],[468082.54,1733457.26],[468084.82,1733468.1]]]]}},{"type":"Feature","properties":{"building":"yes","height":6,"heightSource":"default"},"geometry":{"type":"MultiPolygon","coordinates":[[[[468028.22,1733429.75],[468036.15,1733445.76],[468047.04,1733440.42],[468039.11,1733424.42],[468028.22,1733429.75]]]]}},{"type":"Feature","properties":{"building":"yes","height":6,"heightSource":"default"},"geometry":{"type":"MultiPolygon","coordinates":[[[[467997.12,1733446.2],[468021.18,1733435.21],[468003.39,1733396.75],[467979.32,1733407.74],[467997.12,1733446.2]]]]}},{"type":"Feature","properties":{"building":"yes","height":6,"heightSource":"default"},"geometry":{"type":"MultiPolygon","coordinates":[[[[467950.17,1733439.38],[467978.67,1733425.95],[467971.3,1733410.5],[467965.64,1733413.16],[467966.71,1733415.43],[467943.87,1733426.19],[467950.17,1733439.38]]]]}},{"type":"Feature","properties":{"building":"yes","height":6,"heightSource":"default"},"geometry":{"type":"MultiPolygon","coordinates":[[[[467981.71,1733466.43],[467977.71,1733457.81],[467971.32,1733460.74],[467975.32,1733469.35],[467981.71,1733466.43]]]]}},{"type":"Feature","properties":{"building":"yes","height":6,"heightSource":"default"},"geometry":{"type":"MultiPolygon","coordinates":[[[[467973.58,1733469.84],[467970.5,1733462.66],[467964,1733465.43],[467967.08,1733472.59],[467973.58,1733469.84]]]]}},{"type":"Feature","properties":{"building":"yes","height":6,"heightSource":"default"},"geometry":{"type":"MultiPolygon","coordinates":[[[[467905.18,1733288.32],[467912.9,1733299.36],[467921.03,1733293.74],[467916.02,1733286.58],[467918.58,1733284.82],[467915.87,1733280.94],[467905.18,1733288.32]]]]}},{"type":"Feature","properties":{"building":"yes","height":6,"heightSource":"default"},"geometry":{"type":"MultiPolygon","coordinates":[[[[467795.91,1733305.29],[467809.66,1733296.09],[467804.81,1733288.94],[467791.07,1733298.14],[467795.91,1733305.29]]]]}},{"type":"Feature","properties":{"building":"yes","height":6,"heightSource":"default"},"geometry":{"type":"MultiPolygon","coordinates":[[[[467794.51,1733278.52],[467799.56,1733287.3],[467805.46,1733283.94],[467800.4,1733275.17],[467794.51,1733278.52]]]]}},{"type":"Feature","properties":{"building":"yes","height":6,"heightSource":"default"},"geometry":{"type":"MultiPolygon","coordinates":[[[[467861.33,1733243.88],[467865.52,1733249.85],[467872.3,1733245.14],[467868.11,1733239.18],[467861.33,1733243.88]]]]}},{"type":"Feature","properties":{"building":"yes","height":6,"heightSource":"default"},"geometry":{"type":"MultiPolygon","coordinates":[[[[467872.34,1733239.38],[467879.98,1733249.11],[467887.62,1733243.19],[467879.97,1733233.46],[467872.34,1733239.38]]]]}},{"type":"Feature","properties":{"building":"yes","height":6,"heightSource":"default"},"geometry":{"type":"MultiPolygon","coordinates":[[[[468302.07,1733491.58],[468310.46,1733490.39],[468309.5,1733483.7],[468301.12,1733484.89],[468302.07,1733491.58]]]]}},{"type":"Feature","properties":{"building":"yes","height":6,"heightSource":"default"},"geometry":{"type":"MultiPolygon","coordinates":[[[[468356.32,1733497.06],[468366.69,1733496.89],[468366.6,1733491.29],[468356.21,1733491.47],[468356.32,1733497.06]]]]}},{"type":"Feature","properties":{"building":"yes","height":6,"heightSource":"default"},"geometry":{"type":"MultiPolygon","coordinates":[[[[469095.64,1733620.57],[469103.69,1733616.83],[469100.57,1733610.21],[469092.53,1733613.94],[469095.64,1733620.57]]]]}},{"type":"Feature","properties":{"building":"yes","height":6,"heightSource":"default"},"geometry":{"type":"MultiPolygon","coordinates":[[[[469044.7,1733665.82],[469054.85,1733660.82],[469051.58,1733654.25],[469041.42,1733659.25],[469044.7,1733665.82]]]]}},{"type":"Feature","properties":{"building":"yes","height":6,"heightSource":"default"},"geometry":{"type":"MultiPolygon","coordinates":[[[[469242.11,1733520.94],[469236.96,1733506.69],[469227.42,1733510.08],[469232.56,1733524.33],[469242.11,1733520.94]]]]}},{"type":"Feature","properties":{"building":"yes","height":6,"heightSource":"default"},"geometry":{"type":"MultiPolygon","coordinates":[[[[469828.04,1733581.11],[469831.23,1733586.9],[469837.76,1733583.34],[469834.57,1733577.55],[469828.04,1733581.11]]]]}},{"type":"Feature","properties":{"building":"yes","height":6,"heightSource":"default"},"geometry":{"type":"MultiPolygon","coordinates":[[[[469850.46,1733569.53],[469853.79,1733574.87],[469858.5,1733571.98],[469855.19,1733566.63],[469850.46,1733569.53]]]]}},{"type":"Feature","properties":{"building":"yes","height":6,"heightSource":"default"},"geometry":{"type":"MultiPolygon","coordinates":[[[[469654.46,1733300.26],[469651.88,1733288.76],[469642.08,1733290.93],[469644.66,1733302.43],[469654.46,1733300.26]]]]}},{"type":"Feature","properties":{"building":"yes","height":6,"heightSource":"default"},"geometry":{"type":"MultiPolygon","coordinates":[[[[469638.01,1733287.64],[469646.45,1733284.32],[469643.62,1733277.18],[469635.16,1733280.51],[469638.01,1733287.64]]]]}},{"type":"Feature","properties":{"building":"yes","height":6,"heightSource":"default"},"geometry":{"type":"MultiPolygon","coordinates":[[[[470317.08,1733438.53],[470323.75,1733438.13],[470323.3,1733430.83],[470316.64,1733431.23],[470317.08,1733438.53]]]]}},{"type":"Feature","properties":{"building":"yes","height":6,"heightSource":"default"},"geometry":{"type":"MultiPolygon","coordinates":[[[[470689.2,1733075.66],[470704.51,1733069.56],[470701.84,1733062.93],[470686.53,1733069.02],[470689.2,1733075.66]]]]}},{"type":"Feature","properties":{"building":"yes","height":6,"heightSource":"default"},"geometry":{"type":"MultiPolygon","coordinates":[[[[470712.54,1733066.33],[470725.13,1733060.39],[470722.04,1733053.93],[470709.44,1733059.88],[470712.54,1733066.33]]]]}},{"type":"Feature","properties":{"building":"yes","height":6,"heightSource":"default"},"geometry":{"type":"MultiPolygon","coordinates":[[[[471226.94,1733494.76],[471241.02,1733491.32],[471236.24,1733471.98],[471230.92,1733473.28],[471231.59,1733475.97],[471225.24,1733477.52],[471227.23,1733485.57],[471224.81,1733486.17],[471226.94,1733494.76]]]]}},{"type":"Feature","properties":{"building":"yes","height":6,"heightSource":"default"},"geometry":{"type":"MultiPolygon","coordinates":[[[[471309.53,1733481.4],[471325.07,1733474.97],[471321.94,1733467.49],[471306.39,1733473.91],[471309.53,1733481.4]]]]}},{"type":"Feature","properties":{"building":"house","height":6,"heightSource":"default"},"geometry":{"type":"MultiPolygon","coordinates":[[[[471332.91,1733588.35],[471348,1733594.06],[471351.84,1733584.06],[471336.76,1733578.34],[471332.91,1733588.35]]]]}},{"type":"Feature","properties":{"building":"house","height":6,"heightSource":"default"},"geometry":{"type":"MultiPolygon","coordinates":[[[[471438.64,1733602.93],[471446.64,1733602.92],[471446.63,1733594.8],[471438.63,1733594.81],[471438.64,1733602.93]]]]}},{"type":"Feature","properties":{"building":"yes","height":6,"heightSource":"default"},"geometry":{"type":"MultiPolygon","coordinates":[[[[471432.52,1733581.59],[471440.05,1733583.07],[471441.02,1733578.24],[471433.49,1733576.76],[471432.52,1733581.59]]]]}},{"type":"Feature","properties":{"building":"yes","height":6,"heightSource":"default"},"geometry":{"type":"MultiPolygon","coordinates":[[[[471428.74,1733614.61],[471433.26,1733614.11],[471432.85,1733610.48],[471428.34,1733610.99],[471428.74,1733614.61]]]]}},{"type":"Feature","properties":{"building":"yes","height":6,"heightSource":"default"},"geometry":{"type":"MultiPolygon","coordinates":[[[[471464.13,1733694.42],[471471.17,1733690.31],[471468.05,1733685.02],[471461,1733689.15],[471464.13,1733694.42]]]]}},{"type":"Feature","properties":{"building":"yes","height":6,"heightSource":"default"},"geometry":{"type":"MultiPolygon","coordinates":[[[[471428.48,1733662],[471444.09,1733661.03],[471443.46,1733651.03],[471427.85,1733652],[471428.48,1733662]]]]}},{"type":"Feature","properties":{"building":"yes","height":6,"heightSource":"default"},"geometry":{"type":"MultiPolygon","coordinates":[[[[471518.31,1733601.6],[471511.46,1733601.31],[471511.12,1733609.1],[471517.97,1733609.4],[471518.31,1733601.6]]]]}},{"type":"Feature","properties":{"building":"yes","height":6,"heightSource":"default"},"geometry":{"type":"MultiPolygon","coordinates":[[[[471523.1,1733598.41],[471523.77,1733611.27],[471532.02,1733610.86],[471531.35,1733597.99],[471523.1,1733598.41]]]]}},{"type":"Feature","properties":{"building":"yes","height":6,"heightSource":"default"},"geometry":{"type":"MultiPolygon","coordinates":[[[[471545.81,1733636.56],[471555.79,1733634.43],[471553.86,1733625.42],[471543.87,1733627.53],[471545.81,1733636.56]]]]}},{"type":"Feature","properties":{"building":"yes","height":6,"heightSource":"default"},"geometry":{"type":"MultiPolygon","coordinates":[[[[471567.41,1733677.91],[471583.51,1733676.37],[471582.88,1733669.79],[471580.81,1733669.98],[471580.23,1733664],[471572.48,1733664.74],[471572.3,1733662.83],[471566.01,1733663.42],[471567.41,1733677.91]]]]}},{"type":"Feature","properties":{"building":"yes","height":6,"heightSource":"default"},"geometry":{"type":"MultiPolygon","coordinates":[[[[471584.56,1733688.48],[471586.22,1733698.66],[471595.8,1733697.11],[471594.14,1733686.93],[471584.56,1733688.48]]]]}},{"type":"Feature","properties":{"building":"house","height":6,"heightSource":"default"},"geometry":{"type":"MultiPolygon","coordinates":[[[[471539.68,1733551.67],[471548.57,1733550.34],[471547.51,1733543.26],[471538.61,1733544.59],[471539.68,1733551.67]]]]}},{"type":"Feature","properties":{"building":"house","height":6,"heightSource":"default"},"geometry":{"type":"MultiPolygon","coordinates":[[[[471584.1,1733545.12],[471592.37,1733544.18],[471591.31,1733534.97],[471583.04,1733535.91],[471584.1,1733545.12]]]]}},{"type":"Feature","properties":{"building":"yes","height":6,"heightSource":"default"},"geometry":{"type":"MultiPolygon","coordinates":[[[[471538.8,1733493.63],[471549.29,1733488.94],[471546.12,1733481.95],[471535.63,1733486.64],[471538.8,1733493.63]]]]}},{"type":"Feature","properties":{"building":"yes","height":6,"heightSource":"default"},"geometry":{"type":"MultiPolygon","coordinates":[[[[471531.2,1733474.66],[471545.12,1733469.86],[471542.8,1733463.25],[471528.9,1733468.05],[471531.2,1733474.66]]]]}},{"type":"Feature","properties":{"building":"yes","height":6,"heightSource":"default"},"geometry":{"type":"MultiPolygon","coordinates":[[[[471672.13,1733539.52],[471678.95,1733539.91],[471679.4,1733532.1],[471672.58,1733531.71],[471672.13,1733539.52]]]]}},{"type":"Feature","properties":{"building":"yes","height":6,"heightSource":"default"},"geometry":{"type":"MultiPolygon","coordinates":[[[[471677.88,1733526.74],[471682.83,1733527.34],[471683.43,1733522.49],[471678.48,1733521.88],[471677.88,1733526.74]]]]}},{"type":"Feature","properties":{"building":"yes","height":6,"heightSource":"default"},"geometry":{"type":"MultiPolygon","coordinates":[[[[471698.05,1733572.72],[471703.12,1733573.85],[471704.75,1733566.68],[471699.68,1733565.54],[471698.05,1733572.72]]]]}},{"type":"Feature","properties":{"building":"house","height":6.4,"heightSource":"inferred"},"geometry":{"type":"MultiPolygon","coordinates":[[[[471765.81,1733583.07],[471771.17,1733583.93],[471771.59,1733581.3],[471774.5,1733581.76],[471775.66,1733574.65],[471767.4,1733573.32],[471765.81,1733583.07]]]]}},{"type":"Feature","properties":{"building":"yes","height":6,"heightSource":"default"},"geometry":{"type":"MultiPolygon","coordinates":[[[[471783.36,1733580.22],[471789.76,1733581.49],[471791.27,1733573.92],[471784.87,1733572.66],[471783.36,1733580.22]]]]}},{"type":"Feature","properties":{"building":"yes","height":6,"heightSource":"default"},"geometry":{"type":"MultiPolygon","coordinates":[[[[471792.14,1733582.53],[471799.32,1733583.86],[471800.83,1733575.85],[471793.65,1733574.52],[471792.14,1733582.53]]]]}},{"type":"Feature","properties":{"building":"yes","height":6,"heightSource":"default"},"geometry":{"type":"MultiPolygon","coordinates":[[[[471833.07,1733600.18],[471841.51,1733601.19],[471842.56,1733592.5],[471834.12,1733591.5],[471833.07,1733600.18]]]]}},{"type":"Feature","properties":{"building":"yes","height":6,"heightSource":"default"},"geometry":{"type":"MultiPolygon","coordinates":[[[[471835.59,1733558.14],[471842.92,1733555.88],[471840.35,1733547.67],[471833.03,1733549.92],[471835.59,1733558.14]]]]}},{"type":"Feature","properties":{"building":"yes","height":6,"heightSource":"default"},"geometry":{"type":"MultiPolygon","coordinates":[[[[471857.26,1733603.4],[471864.59,1733604.07],[471865.41,1733595.14],[471858.08,1733594.48],[471857.26,1733603.4]]]]}},{"type":"Feature","properties":{"building":"yes","height":6,"heightSource":"default"},"geometry":{"type":"MultiPolygon","coordinates":[[[[471848.77,1733550.1],[471856.93,1733548.92],[471855.61,1733539.96],[471847.46,1733541.14],[471848.77,1733550.1]]]]}},{"type":"Feature","properties":{"building":"yes","height":6,"heightSource":"default"},"geometry":{"type":"MultiPolygon","coordinates":[[[[471879.9,1733597.09],[471888.88,1733595.33],[471887.73,1733589.57],[471878.77,1733591.33],[471879.9,1733597.09]]]]}},{"type":"Feature","properties":{"building":"yes","height":6,"heightSource":"default"},"geometry":{"type":"MultiPolygon","coordinates":[[[[471899.46,1733613.11],[471908.53,1733611.9],[471906.99,1733600.49],[471897.93,1733601.69],[471899.46,1733613.11]]]]}},{"type":"Feature","properties":{"building":"yes","height":6,"heightSource":"default"},"geometry":{"type":"MultiPolygon","coordinates":[[[[471916.14,1733621.08],[471921.84,1733619.96],[471920.56,1733613.57],[471914.86,1733614.69],[471916.14,1733621.08]]]]}},{"type":"Feature","properties":{"building":"yes","height":6,"heightSource":"default"},"geometry":{"type":"MultiPolygon","coordinates":[[[[471978.07,1733617.77],[471966.97,1733619.95],[471969.18,1733631.05],[471971.64,1733630.57],[471972.09,1733632.82],[471980.72,1733631.11],[471978.07,1733617.77]]]]}},{"type":"Feature","properties":{"building":"yes","height":6,"heightSource":"default"},"geometry":{"type":"MultiPolygon","coordinates":[[[[472064.19,1733556.34],[472071.87,1733556.45],[472071.99,1733548.09],[472064.3,1733547.99],[472064.19,1733556.34]]]]}},{"type":"Feature","properties":{"building":"house","height":6,"heightSource":"default"},"geometry":{"type":"MultiPolygon","coordinates":[[[[472108.44,1733509.46],[472116.12,1733509.37],[472116.02,1733499.94],[472108.34,1733500.03],[472108.44,1733509.46]]]]}},{"type":"Feature","properties":{"building":"yes","height":6,"heightSource":"default"},"geometry":{"type":"MultiPolygon","coordinates":[[[[471847.22,1733674.5],[471861.03,1733674.1],[471860.75,1733664.03],[471846.93,1733664.42],[471847.22,1733674.5]]]]}},{"type":"Feature","properties":{"building":"house","height":6.4,"heightSource":"inferred"},"geometry":{"type":"MultiPolygon","coordinates":[[[[471882.89,1733678.4],[471894.51,1733679.18],[471895.33,1733667.09],[471889.19,1733666.68],[471889.38,1733663.89],[471883.9,1733663.52],[471882.89,1733678.4]]]]}},{"type":"Feature","properties":{"building":"house","height":6,"heightSource":"default"},"geometry":{"type":"MultiPolygon","coordinates":[[[[471923.24,1733677.18],[471930.43,1733676.96],[471930.19,1733669.81],[471923.01,1733670.04],[471923.24,1733677.18]]]]}},{"type":"Feature","properties":{"building":"yes","height":6,"heightSource":"default"},"geometry":{"type":"MultiPolygon","coordinates":[[[[471933.92,1733677.35],[471941.32,1733676.54],[471940.39,1733668.11],[471932.98,1733668.93],[471933.92,1733677.35]]]]}},{"type":"Feature","properties":{"building":"house","height":6,"heightSource":"default"},"geometry":{"type":"MultiPolygon","coordinates":[[[[471970.82,1733705.46],[471978.63,1733704.01],[471977.24,1733696.62],[471969.43,1733698.07],[471970.82,1733705.46]]]]}},{"type":"Feature","properties":{"building":"house","height":6.4,"heightSource":"inferred"},"geometry":{"type":"MultiPolygon","coordinates":[[[[472069.88,1733726.66],[472073.92,1733734.7],[472086.68,1733728.38],[472082.64,1733720.34],[472069.88,1733726.66]]]]}},{"type":"Feature","properties":{"building":"house","height":6.4,"heightSource":"inferred"},"geometry":{"type":"MultiPolygon","coordinates":[[[[472280,1733691.19],[472276.02,1733681.01],[472268.52,1733684.14],[472269.84,1733687.58],[472267.36,1733688.66],[472270.51,1733695.3],[472280,1733691.19]]]]}},{"type":"Feature","properties":{"building":"yes","height":6,"heightSource":"default"},"geometry":{"type":"MultiPolygon","coordinates":[[[[472244.96,1733646.72],[472253.52,1733642.74],[472247.6,1733630.16],[472239.03,1733634.15],[472244.96,1733646.72]]]]}},{"type":"Feature","properties":{"building":"yes","height":6,"heightSource":"default"},"geometry":{"type":"MultiPolygon","coordinates":[[[[472227.69,1733643.43],[472230.55,1733649.42],[472236.93,1733646.41],[472234.06,1733640.43],[472227.69,1733643.43]]]]}},{"type":"Feature","properties":{"building":"house","height":6,"heightSource":"default"},"geometry":{"type":"MultiPolygon","coordinates":[[[[472285.11,1733677.97],[472291.63,1733674.5],[472288.14,1733668.01],[472281.62,1733671.48],[472285.11,1733677.97]]]]}},{"type":"Feature","properties":{"building":"yes","height":6,"heightSource":"default"},"geometry":{"type":"MultiPolygon","coordinates":[[[[461639.1,1735799.78],[461646.46,1735795.81],[461643.02,1735789.51],[461635.66,1735793.47],[461639.1,1735799.78]]]]}},{"type":"Feature","properties":{"building":"yes","height":6,"heightSource":"default"},"geometry":{"type":"MultiPolygon","coordinates":[[[[461625.68,1735806.72],[461632.63,1735803.22],[461630.14,1735798.35],[461623.19,1735801.84],[461625.68,1735806.72]]]]}},{"type":"Feature","properties":{"building":"yes","height":6,"heightSource":"default"},"geometry":{"type":"MultiPolygon","coordinates":[[[[461616.94,1735811.8],[461624.27,1735807.97],[461620.91,1735801.62],[461613.58,1735805.45],[461616.94,1735811.8]]]]}},{"type":"Feature","properties":{"building":"yes","height":6,"heightSource":"default"},"geometry":{"type":"MultiPolygon","coordinates":[[[[461551.54,1735823.95],[461563.82,1735847.08],[461572.22,1735842.67],[461559.93,1735819.55],[461551.54,1735823.95]]]]}},{"type":"Feature","properties":{"building":"yes","height":6,"heightSource":"default"},"geometry":{"type":"MultiPolygon","coordinates":[[[[461550.25,1735840.56],[461546.34,1735832.92],[461539.87,1735836.2],[461543.78,1735843.83],[461550.25,1735840.56]]]]}},{"type":"Feature","properties":{"building":"yes","height":6,"heightSource":"default"},"geometry":{"type":"MultiPolygon","coordinates":[[[[461555.99,1735852.11],[461552.1,1735844.54],[461546.06,1735847.6],[461549.95,1735855.17],[461555.99,1735852.11]]]]}},{"type":"Feature","properties":{"building":"yes","height":6,"heightSource":"default"},"geometry":{"type":"MultiPolygon","coordinates":[[[[461578.33,1735871.55],[461600.91,1735858.14],[461595.75,1735849.56],[461573.18,1735862.99],[461578.33,1735871.55]]]]}},{"type":"Feature","properties":{"building":"yes","height":6,"heightSource":"default"},"geometry":{"type":"MultiPolygon","coordinates":[[[[461804.4,1735611.26],[461819.21,1735602.76],[461812.75,1735591.62],[461803.07,1735597.16],[461804.43,1735599.49],[461799.29,1735602.44],[461804.4,1735611.26]]]]}},{"type":"Feature","properties":{"building":"residential","height":6,"heightSource":"default"},"geometry":{"type":"MultiPolygon","coordinates":[[[[461811.25,1735621.08],[461838.64,1735670.82],[461854.08,1735662.43],[461826.69,1735612.68],[461811.25,1735621.08]]]]}},{"type":"Feature","properties":{"building":"yes","height":6,"heightSource":"default"},"geometry":{"type":"MultiPolygon","coordinates":[[[[461758.94,1735601.09],[461770.68,1735594.7],[461765.95,1735586.13],[461754.2,1735592.52],[461758.94,1735601.09]]]]}},{"type":"Feature","properties":{"building":"yes","height":6,"heightSource":"default"},"geometry":{"type":"MultiPolygon","coordinates":[[[[461734.77,1735615.87],[461725.98,1735599.8],[461707.78,1735609.64],[461716.57,1735625.7],[461734.77,1735615.87]]]]}},{"type":"Feature","properties":{"building":"yes","height":6,"heightSource":"default"},"geometry":{"type":"MultiPolygon","coordinates":[[[[461779.43,1735776.65],[461813.55,1735757.6],[461807.88,1735747.55],[461773.74,1735766.6],[461779.43,1735776.65]]]]}},{"type":"Feature","properties":{"building":"yes","height":6,"heightSource":"default"},"geometry":{"type":"MultiPolygon","coordinates":[[[[461841.48,1735671.89],[461843.91,1735676.47],[461856.69,1735669.76],[461854.26,1735665.2],[461841.48,1735671.89]]]]}},{"type":"Feature","properties":{"building":"yes","height":6,"heightSource":"default"},"geometry":{"type":"MultiPolygon","coordinates":[[[[461843.88,1735682.49],[461848.07,1735689.31],[461858.42,1735683.03],[461854.23,1735676.22],[461843.88,1735682.49]]]]}},{"type":"Feature","properties":{"building":"yes","height":6,"heightSource":"default"},"geometry":{"type":"MultiPolygon","coordinates":[[[[461851.9,1735695.02],[461856.16,1735703.22],[461870.66,1735695.49],[461866.65,1735687.3],[461851.9,1735695.02]]]]}},{"type":"Feature","properties":{"building":"yes","height":6,"heightSource":"default"},"geometry":{"type":"MultiPolygon","coordinates":[[[[461858.67,1735710.69],[461867.96,1735727.83],[461883.71,1735719.09],[461874.42,1735701.95],[461858.67,1735710.69]]]]}},{"type":"Feature","properties":{"building":"yes","height":6,"heightSource":"default"},"geometry":{"type":"MultiPolygon","coordinates":[[[[461880.17,1735824.52],[461897.93,1735815.73],[461894.4,1735808.71],[461876.65,1735817.5],[461880.17,1735824.52]]]]}},{"type":"Feature","properties":{"building":"yes","height":6,"heightSource":"default"},"geometry":{"type":"MultiPolygon","coordinates":[[[[464013.24,1734703.04],[464022.47,1734713.57],[464030.84,1734706.32],[464021.61,1734695.79],[464013.24,1734703.04]]]]}},{"type":"Feature","properties":{"building":"house","height":6.4,"heightSource":"inferred"},"geometry":{"type":"MultiPolygon","coordinates":[[[[464068.96,1734785.81],[464060.29,1734773.84],[464050.74,1734780.65],[464055.73,1734787.55],[464057.66,1734786.17],[464061.33,1734791.26],[464068.96,1734785.81]]]]}},{"type":"Feature","properties":{"building":"house","height":6.4,"heightSource":"inferred"},"geometry":{"type":"MultiPolygon","coordinates":[[[[464112.46,1734746.15],[464121.09,1734738.67],[464114.79,1734731.49],[464104.36,1734740.53],[464108.3,1734745.02],[464110.1,1734743.46],[464112.46,1734746.15]]]]}},{"type":"Feature","properties":{"building":"yes","height":6,"heightSource":"default"},"geometry":{"type":"MultiPolygon","coordinates":[[[[464233.7,1734798.53],[464244.19,1734796.24],[464241.45,1734783.82],[464230.95,1734786.1],[464233.7,1734798.53]]]]}},{"type":"Feature","properties":{"building":"house","height":6.4,"heightSource":"inferred"},"geometry":{"type":"MultiPolygon","coordinates":[[[[464237.73,1734885.8],[464234.87,1734881.58],[464225.66,1734887.74],[464228.12,1734891.36],[464230.55,1734889.73],[464232.76,1734892.98],[464237.27,1734889.97],[464235.46,1734887.3],[464237.73,1734885.8]]]]}},{"type":"Feature","properties":{"building":"house","height":6.4,"heightSource":"inferred"},"geometry":{"type":"MultiPolygon","coordinates":[[[[464204.48,1734905.15],[464194.98,1734911.37],[464200.73,1734920.04],[464203.57,1734918.19],[464205.64,1734921.33],[464212.31,1734916.97],[464204.48,1734905.15]]]]}},{"type":"Feature","properties":{"building":"yes","height":6,"heightSource":"default"},"geometry":{"type":"MultiPolygon","coordinates":[[[[464182.49,1734896.18],[464189.27,1734905.62],[464197.26,1734900.38],[464190.5,1734891.19],[464182.49,1734896.18]]]]}},{"type":"Feature","properties":{"building":"yes","height":6,"heightSource":"default"},"geometry":{"type":"MultiPolygon","coordinates":[[[[464237.98,1734842.63],[464241.76,1734847.87],[464246.98,1734844.15],[464243.2,1734838.91],[464237.98,1734842.63]]]]}},{"type":"Feature","properties":{"building":"yes","height":6,"heightSource":"default"},"geometry":{"type":"MultiPolygon","coordinates":[[[[464125.21,1734920.74],[464133.68,1734915.96],[464129.96,1734909.47],[464121.49,1734914.25],[464125.21,1734920.74]]]]}},{"type":"Feature","properties":{"building":"house","height":6,"heightSource":"default"},"geometry":{"type":"MultiPolygon","coordinates":[[[[464088.82,1734853.51],[464095.9,1734848.06],[464091.11,1734841.91],[464084.03,1734847.38],[464088.82,1734853.51]]]]}},{"type":"Feature","properties":{"building":"yes","height":6,"heightSource":"default"},"geometry":{"type":"MultiPolygon","coordinates":[[[[464105.8,1734870.5],[464112.46,1734866.58],[464108.11,1734859.29],[464101.46,1734863.19],[464105.8,1734870.5]]]]}},{"type":"Feature","properties":{"building":"yes","height":6,"heightSource":"default"},"geometry":{"type":"MultiPolygon","coordinates":[[[[467529.38,1733944.84],[467512.81,1733929.89],[467505.67,1733937.7],[467522.24,1733952.65],[467529.38,1733944.84]]]]}},{"type":"Feature","properties":{"building":"yes","height":6,"heightSource":"default"},"geometry":{"type":"MultiPolygon","coordinates":[[[[466507.11,1734620.92],[466494.5,1734633.57],[466498.15,1734637.16],[466511.88,1734623.4],[466507.11,1734620.92]]]]}},{"type":"Feature","properties":{"building":"yes","height":6,"heightSource":"default"},"geometry":{"type":"MultiPolygon","coordinates":[[[[466605.32,1734712.02],[466589.88,1734726.71],[466597.57,1734734.7],[466602.57,1734729.96],[466604.3,1734731.75],[466611.7,1734724.7],[466608.6,1734721.48],[466610.59,1734717.49],[466605.32,1734712.02]]]]}},{"type":"Feature","properties":{"building":"yes","height":6,"heightSource":"default"},"geometry":{"type":"MultiPolygon","coordinates":[[[[466801.53,1734850.54],[466816.37,1734841.43],[466809.41,1734830.22],[466794.56,1734839.34],[466801.53,1734850.54]]]]}},{"type":"Feature","properties":{"building":"yes","height":6,"heightSource":"default"},"geometry":{"type":"MultiPolygon","coordinates":[[[[466813.45,1734857.2],[466810.12,1734850.12],[466801.16,1734854.27],[466804.48,1734861.35],[466813.45,1734857.2]]]]}},{"type":"Feature","properties":{"building":"yes","height":6,"heightSource":"default"},"geometry":{"type":"MultiPolygon","coordinates":[[[[466841.03,1734806.54],[466824.35,1734819.48],[466829.6,1734826.17],[466846.28,1734813.22],[466841.03,1734806.54]]]]}},{"type":"Feature","properties":{"building":"yes","height":6,"heightSource":"default"},"geometry":{"type":"MultiPolygon","coordinates":[[[[466953.9,1734765.43],[466972.6,1734757.36],[466967.63,1734745.95],[466948.92,1734754.01],[466953.9,1734765.43]]]]}},{"type":"Feature","properties":{"building":"yes","height":6,"heightSource":"default"},"geometry":{"type":"MultiPolygon","coordinates":[[[[466919.44,1734706.57],[466939.68,1734696.92],[466934.84,1734686.9],[466914.6,1734696.55],[466919.44,1734706.57]]]]}},{"type":"Feature","properties":{"building":"yes","height":6,"heightSource":"default"},"geometry":{"type":"MultiPolygon","coordinates":[[[[462660.54,1733979.38],[462669.92,1733982.07],[462673.78,1733968.73],[462664.41,1733966.05],[462660.54,1733979.38]]]]}},{"type":"Feature","properties":{"building":"house","height":6,"heightSource":"default"},"geometry":{"type":"MultiPolygon","coordinates":[[[[462585.8,1733991.22],[462592.79,1733993.71],[462595.37,1733986.56],[462588.38,1733984.07],[462585.8,1733991.22]]]]}},{"type":"Feature","properties":{"building":"yes","height":6,"heightSource":"default"},"geometry":{"type":"MultiPolygon","coordinates":[[[[462588.5,1733982.87],[462603.29,1733989.24],[462606.15,1733982.69],[462591.37,1733976.31],[462588.5,1733982.87]]]]}},{"type":"Feature","properties":{"building":"yes","height":6,"heightSource":"default"},"geometry":{"type":"MultiPolygon","coordinates":[[[[462608.79,1733982],[462615.15,1733987.91],[462621.64,1733981.01],[462615.29,1733975.1],[462608.79,1733982]]]]}},{"type":"Feature","properties":{"building":"yes","height":6,"heightSource":"default"},"geometry":{"type":"MultiPolygon","coordinates":[[[[462593.14,1733970.89],[462599,1733974.39],[462602.54,1733968.57],[462596.68,1733965.05],[462593.14,1733970.89]]]]}},{"type":"Feature","properties":{"building":"yes","height":6,"heightSource":"default"},"geometry":{"type":"MultiPolygon","coordinates":[[[[462607.83,1733954.45],[462611.53,1733949.96],[462602.37,1733942.48],[462594.37,1733952.15],[462601.27,1733957.79],[462604.85,1733953.47],[462607.83,1733954.45]]]]}},{"type":"Feature","properties":{"building":"yes","height":6,"heightSource":"default"},"geometry":{"type":"MultiPolygon","coordinates":[[[[463481.75,1734693.29],[463491.73,1734713.33],[463501.6,1734708.48],[463491.62,1734688.44],[463481.75,1734693.29]]]]}},{"type":"Feature","properties":{"building":"yes","height":6,"heightSource":"default"},"geometry":{"type":"MultiPolygon","coordinates":[[[[461601.21,1737021.55],[461611.16,1737025.54],[461617.99,1737008.69],[461608.04,1737004.7],[461601.21,1737021.55]]]]}},{"type":"Feature","properties":{"building":"yes","height":6,"heightSource":"default"},"geometry":{"type":"MultiPolygon","coordinates":[[[[461600.72,1736996.47],[461608.98,1737001.7],[461613.44,1736994.72],[461605.19,1736989.5],[461600.72,1736996.47]]]]}},{"type":"Feature","properties":{"building":"yes","height":6,"heightSource":"default"},"geometry":{"type":"MultiPolygon","coordinates":[[[[461604.3,1736987.52],[461616.88,1736994.59],[461621.2,1736987.03],[461608.61,1736979.95],[461604.3,1736987.52]]]]}},{"type":"Feature","properties":{"building":"yes","height":6,"heightSource":"default"},"geometry":{"type":"MultiPolygon","coordinates":[[[[461617.78,1736962.56],[461624.64,1736967.14],[461629.39,1736960.09],[461622.54,1736955.52],[461617.78,1736962.56]]]]}},{"type":"Feature","properties":{"building":"house","height":6,"heightSource":"default"},"geometry":{"type":"MultiPolygon","coordinates":[[[[461622.16,1736954.17],[461629.71,1736958.82],[461630.6,1736957.38],[461632.92,1736958.81],[461638.28,1736950.22],[461630.56,1736945.46],[461627.5,1736950.37],[461625.35,1736949.04],[461622.16,1736954.17]]]]}},{"type":"Feature","properties":{"building":"house","height":6,"heightSource":"default"},"geometry":{"type":"MultiPolygon","coordinates":[[[[461714.63,1736950.97],[461721.2,1736957.36],[461729.19,1736949.22],[461722.62,1736942.84],[461714.63,1736950.97]]]]}},{"type":"Feature","properties":{"building":"yes","height":6,"heightSource":"default"},"geometry":{"type":"MultiPolygon","coordinates":[[[[461452.03,1737382.93],[461473.43,1737372.78],[461466.64,1737358.65],[461445.25,1737368.82],[461452.03,1737382.93]]]]}},{"type":"Feature","properties":{"building":"yes","height":6,"heightSource":"default"},"geometry":{"type":"MultiPolygon","coordinates":[[[[461454.57,1737342.02],[461472.08,1737332.85],[461463.45,1737316.58],[461445.94,1737325.76],[461454.57,1737342.02]]]]}},{"type":"Feature","properties":{"building":"yes","height":6,"heightSource":"default"},"geometry":{"type":"MultiPolygon","coordinates":[[[[461403.6,1738267.68],[461452.61,1738254.75],[461447.74,1738236.59],[461398.75,1738249.53],[461403.6,1738267.68]]]]}},{"type":"Feature","properties":{"building":"yes","height":6,"heightSource":"default"},"geometry":{"type":"MultiPolygon","coordinates":[[[[461546.12,1738282.14],[461565.28,1738272.53],[461560.96,1738264.03],[461541.81,1738273.64],[461546.12,1738282.14]]]]}},{"type":"Feature","properties":{"building":"yes","height":6,"heightSource":"default"},"geometry":{"type":"MultiPolygon","coordinates":[[[[461584.71,1738371.65],[461595.54,1738365.28],[461591.16,1738357.95],[461580.34,1738364.31],[461584.71,1738371.65]]]]}},{"type":"Feature","properties":{"building":"yes","height":6,"heightSource":"default"},"geometry":{"type":"MultiPolygon","coordinates":[[[[461562.35,1738425.26],[461569.34,1738421.33],[461565.51,1738414.59],[461558.51,1738418.53],[461562.35,1738425.26]]]]}},{"type":"Feature","properties":{"building":"yes","height":6,"heightSource":"default"},"geometry":{"type":"MultiPolygon","coordinates":[[[[461628.96,1738419.87],[461642.4,1738412.23],[461639.03,1738406.36],[461625.59,1738414],[461628.96,1738419.87]]]]}},{"type":"Feature","properties":{"building":"yes","height":6,"heightSource":"default"},"geometry":{"type":"MultiPolygon","coordinates":[[[[461616.12,1738431.38],[461622.81,1738443.3],[461636.65,1738435.63],[461629.96,1738423.71],[461616.12,1738431.38]]]]}},{"type":"Feature","properties":{"building":"yes","height":6,"heightSource":"default"},"geometry":{"type":"MultiPolygon","coordinates":[[[[461633.1,1738424.35],[461636.84,1738430.07],[461645.46,1738425.2],[461642.29,1738419.48],[461633.1,1738424.35]]]]}},{"type":"Feature","properties":{"building":"yes","height":6,"heightSource":"default"},"geometry":{"type":"MultiPolygon","coordinates":[[[[461701.46,1738407.1],[461689.41,1738413.12],[461686.52,1738407.99],[461698,1738401.69],[461701.46,1738407.1]]]]}},{"type":"Feature","properties":{"building":"yes","height":6,"heightSource":"default"},"geometry":{"type":"MultiPolygon","coordinates":[[[[461742.48,1738421.86],[461731.38,1738395.65],[461743.02,1738390.78],[461754.11,1738416.98],[461742.48,1738421.86]]]]}},{"type":"Feature","properties":{"building":"yes","height":6,"heightSource":"default"},"geometry":{"type":"MultiPolygon","coordinates":[[[[461731.17,1738380.87],[461741.55,1738375.39],[461737.7,1738368.18],[461727.31,1738373.67],[461731.17,1738380.87]]]]}},{"type":"Feature","properties":{"building":"yes","height":6,"heightSource":"default"},"geometry":{"type":"MultiPolygon","coordinates":[[[[461722.93,1738427.7],[461738.08,1738462.08],[461750.28,1738456.78],[461735.14,1738422.39],[461722.93,1738427.7]]]]}},{"type":"Feature","properties":{"building":"yes","height":6,"heightSource":"default"},"geometry":{"type":"MultiPolygon","coordinates":[[[[461751.53,1738459.9],[461739.44,1738464.99],[461748.17,1738485.5],[461760.26,1738480.42],[461751.53,1738459.9]]]]}},{"type":"Feature","properties":{"building":"yes","height":6,"heightSource":"default"},"geometry":{"type":"MultiPolygon","coordinates":[[[[461741.83,1738497.99],[461749.2,1738492.49],[461746.09,1738488.4],[461738.73,1738493.91],[461741.83,1738497.99]]]]}},{"type":"Feature","properties":{"building":"yes","height":6,"heightSource":"default"},"geometry":{"type":"MultiPolygon","coordinates":[[[[461791.36,1738425.42],[461783.25,1738429.67],[461786.6,1738436],[461794.71,1738431.75],[461791.36,1738425.42]]]]}},{"type":"Feature","properties":{"building":"yes","height":6,"heightSource":"default"},"geometry":{"type":"MultiPolygon","coordinates":[[[[461850.66,1738391.74],[461856.59,1738402.72],[461866.5,1738397.43],[461860.57,1738386.46],[461850.66,1738391.74]]]]}},{"type":"Feature","properties":{"building":"house","height":6,"heightSource":"default"},"geometry":{"type":"MultiPolygon","coordinates":[[[[461793.84,1738479.21],[461796.61,1738489.94],[461806.64,1738487.39],[461803.86,1738476.65],[461793.84,1738479.21]]]]}},{"type":"Feature","properties":{"building":"house","height":6,"heightSource":"default"},"geometry":{"type":"MultiPolygon","coordinates":[[[[461861.72,1738466.63],[461875.71,1738462.22],[461873.07,1738453.99],[461859.08,1738458.42],[461861.72,1738466.63]]]]}},{"type":"Feature","properties":{"building":"yes","height":6,"heightSource":"default"},"geometry":{"type":"MultiPolygon","coordinates":[[[[461843.93,1738499.86],[461828.58,1738504.39],[461830.95,1738512.28],[461846.29,1738507.73],[461843.93,1738499.86]]]]}},{"type":"Feature","properties":{"building":"yes","height":6,"heightSource":"default"},"geometry":{"type":"MultiPolygon","coordinates":[[[[461214.52,1738818.55],[461209.8,1738789.36],[461181.7,1738793.85],[461186.44,1738823.05],[461214.52,1738818.55]]]]}},{"type":"Feature","properties":{"building":"house","height":6,"heightSource":"default"},"geometry":{"type":"MultiPolygon","coordinates":[[[[461255.19,1738794.58],[461237.75,1738794.58],[461237.74,1738803.98],[461240.97,1738803.97],[461240.97,1738807.49],[461247.55,1738807.49],[461247.56,1738804.06],[461255.19,1738804.07],[461255.19,1738794.58]]]]}},{"type":"Feature","properties":{"building":"yes","height":6,"heightSource":"default"},"geometry":{"type":"MultiPolygon","coordinates":[[[[461202.14,1738861.36],[461222.5,1738858.98],[461220.9,1738845.45],[461200.56,1738847.82],[461202.14,1738861.36]]]]}},{"type":"Feature","properties":{"building":"yes","height":6,"heightSource":"default"},"geometry":{"type":"MultiPolygon","coordinates":[[[[472489.76,1732959.09],[472493.67,1732967.43],[472500.28,1732964.37],[472496.38,1732956.03],[472489.76,1732959.09]]]]}},{"type":"Feature","properties":{"building":"yes","height":6,"heightSource":"default"},"geometry":{"type":"MultiPolygon","coordinates":[[[[472484.25,1732995.15],[472492.02,1732992.89],[472489.6,1732984.71],[472481.83,1732986.97],[472484.25,1732995.15]]]]}},{"type":"Feature","properties":{"building":"yes","height":6,"heightSource":"default"},"geometry":{"type":"MultiPolygon","coordinates":[[[[472507.13,1732994.44],[472486.18,1733001.14],[472488.73,1733009],[472509.68,1733002.28],[472507.13,1732994.44]]]]}},{"type":"Feature","properties":{"building":"yes","height":6,"heightSource":"default"},"geometry":{"type":"MultiPolygon","coordinates":[[[[472489.78,1733036.48],[472494.39,1733046.74],[472500.93,1733043.84],[472496.32,1733033.58],[472489.78,1733036.48]]]]}},{"type":"Feature","properties":{"building":"yes","height":6,"heightSource":"default"},"geometry":{"type":"MultiPolygon","coordinates":[[[[472496.77,1733065.19],[472499.44,1733071.83],[472506.12,1733069.18],[472503.44,1733062.54],[472496.77,1733065.19]]]]}},{"type":"Feature","properties":{"building":"yes","height":6,"heightSource":"default"},"geometry":{"type":"MultiPolygon","coordinates":[[[[472450.71,1733075.31],[472454.37,1733083.79],[472461.39,1733080.81],[472457.75,1733072.32],[472450.71,1733075.31]]]]}},{"type":"Feature","properties":{"building":"yes","height":6,"heightSource":"default"},"geometry":{"type":"MultiPolygon","coordinates":[[[[472232.86,1733191.61],[472236.49,1733210.67],[472246.27,1733208.82],[472242.63,1733189.77],[472232.86,1733191.61]]]]}},{"type":"Feature","properties":{"building":"yes","height":6,"heightSource":"default"},"geometry":{"type":"MultiPolygon","coordinates":[[[[472340.8,1733227.93],[472347.93,1733226.7],[472347.1,1733222.01],[472339.98,1733223.26],[472340.8,1733227.93]]]]}},{"type":"Feature","properties":{"building":"yes","height":6,"heightSource":"default"},"geometry":{"type":"MultiPolygon","coordinates":[[[[472237.54,1733218.7],[472241.3,1733221.99],[472244.6,1733218.27],[472240.84,1733214.98],[472237.54,1733218.7]]]]}},{"type":"Feature","properties":{"building":"yes","height":6,"heightSource":"default"},"geometry":{"type":"MultiPolygon","coordinates":[[[[472224.9,1733205.1],[472228.19,1733208.64],[472233,1733204.23],[472229.69,1733200.68],[472224.9,1733205.1]]]]}},{"type":"Feature","properties":{"building":"yes","height":6,"heightSource":"default"},"geometry":{"type":"MultiPolygon","coordinates":[[[[472212.92,1733187.98],[472218.88,1733185.01],[472216.85,1733180.99],[472210.88,1733183.96],[472212.92,1733187.98]]]]}},{"type":"Feature","properties":{"building":"house","height":6,"heightSource":"default"},"geometry":{"type":"MultiPolygon","coordinates":[[[[472456.79,1733116.53],[472460.39,1733124.92],[472469.35,1733121.13],[472465.75,1733112.72],[472456.79,1733116.53]]]]}},{"type":"Feature","properties":{"building":"house","height":6,"heightSource":"default"},"geometry":{"type":"MultiPolygon","coordinates":[[[[472513.6,1733239.34],[472521.5,1733236.72],[472518.68,1733228.34],[472510.78,1733230.97],[472513.6,1733239.34]]]]}},{"type":"Feature","properties":{"building":"house","height":6,"heightSource":"default"},"geometry":{"type":"MultiPolygon","coordinates":[[[[472510.1,1733228.75],[472517.46,1733225.97],[472514.69,1733218.71],[472507.32,1733221.48],[472510.1,1733228.75]]]]}},{"type":"Feature","properties":{"building":"house","height":6,"heightSource":"default"},"geometry":{"type":"MultiPolygon","coordinates":[[[[472509.7,1733261.45],[472525.95,1733256.34],[472523.33,1733248.15],[472507.08,1733253.27],[472509.7,1733261.45]]]]}},{"type":"Feature","properties":{"building":"yes","height":6,"heightSource":"default"},"geometry":{"type":"MultiPolygon","coordinates":[[[[461300.19,1738830.86],[461324.92,1738830.51],[461324.72,1738816.22],[461299.98,1738816.57],[461300.19,1738830.86]]]]}},{"type":"Feature","properties":{"building":"yes","height":6,"heightSource":"default"},"geometry":{"type":"MultiPolygon","coordinates":[[[[461319.33,1738853.16],[461327.28,1738854.09],[461328.46,1738844.11],[461320.51,1738843.18],[461319.33,1738853.16]]]]}},{"type":"Feature","properties":{"building":"yes","height":6,"heightSource":"default"},"geometry":{"type":"MultiPolygon","coordinates":[[[[461313.23,1738863.54],[461316.89,1738863.67],[461325.16,1738864.39],[461329.21,1738864.91],[461329.77,1738858.49],[461313.79,1738857.12],[461313.23,1738863.54]]]]}},{"type":"Feature","properties":{"building":"yes","height":6,"heightSource":"default"},"geometry":{"type":"MultiPolygon","coordinates":[[[[461224.96,1738858.89],[461259.62,1738858.47],[461259.46,1738845.19],[461224.8,1738845.6],[461224.96,1738858.89]]]]}},{"type":"Feature","properties":{"building":"yes","height":6,"heightSource":"default"},"geometry":{"type":"MultiPolygon","coordinates":[[[[461316.89,1738863.67],[461315.35,1738881.43],[461323.62,1738882.15],[461325.16,1738864.39],[461316.89,1738863.67]]]]}},{"type":"Feature","properties":{"building":"yes","height":6,"heightSource":"default"},"geometry":{"type":"MultiPolygon","coordinates":[[[[461311.79,1738908.97],[461320.72,1738909.82],[461321.83,1738898.34],[461312.9,1738897.5],[461311.79,1738908.97]]]]}},{"type":"Feature","properties":{"building":"yes","height":6,"heightSource":"default"},"geometry":{"type":"MultiPolygon","coordinates":[[[[461306.28,1738935.67],[461320.95,1738937.23],[461322.16,1738925.86],[461307.49,1738924.31],[461306.28,1738935.67]]]]}},{"type":"Feature","properties":{"building":"yes","height":6,"heightSource":"default"},"geometry":{"type":"MultiPolygon","coordinates":[[[[461211.26,1739156.8],[461220.76,1739152.71],[461218.59,1739147.72],[461209.09,1739151.82],[461211.26,1739156.8]]]]}},{"type":"Feature","properties":{"building":"yes","height":6,"heightSource":"default"},"geometry":{"type":"MultiPolygon","coordinates":[[[[461199.6,1739149.77],[461197.88,1739144.24],[461192.44,1739145.91],[461194.17,1739151.44],[461199.6,1739149.77]]]]}},{"type":"Feature","properties":{"building":"yes","height":6,"heightSource":"default"},"geometry":{"type":"MultiPolygon","coordinates":[[[[461232.74,1739164.78],[461229.5,1739153.83],[461214.33,1739158.25],[461216.15,1739164.44],[461219.98,1739163.33],[461221.39,1739168.09],[461232.74,1739164.78]]]]}},{"type":"Feature","properties":{"building":"yes","height":6,"heightSource":"default"},"geometry":{"type":"MultiPolygon","coordinates":[[[[461268.81,1739201.03],[461288.4,1739199.91],[461287.95,1739192.12],[461268.35,1739193.24],[461268.81,1739201.03]]]]}},{"type":"Feature","properties":{"building":"yes","height":6,"heightSource":"default"},"geometry":{"type":"MultiPolygon","coordinates":[[[[461270.01,1739216.09],[461282.88,1739215.4],[461282.35,1739205.99],[461269.49,1739206.7],[461270.01,1739216.09]]]]}},{"type":"Feature","properties":{"building":"house","height":6,"heightSource":"default"},"geometry":{"type":"MultiPolygon","coordinates":[[[[461271.58,1739226.68],[461280.52,1739225.85],[461279.79,1739218.07],[461270.86,1739218.89],[461271.58,1739226.68]]]]}},{"type":"Feature","properties":{"building":"yes","height":6,"heightSource":"default"},"geometry":{"type":"MultiPolygon","coordinates":[[[[461260.76,1739248.31],[461284.38,1739249.09],[461284.85,1739235.13],[461261.21,1739234.35],[461260.76,1739248.31]]]]}},{"type":"Feature","properties":{"building":"yes","height":6,"heightSource":"default"},"geometry":{"type":"MultiPolygon","coordinates":[[[[461173.11,1739276.53],[461199.43,1739257.05],[461190.12,1739244.63],[461163.8,1739264.11],[461173.11,1739276.53]]]]}},{"type":"Feature","properties":{"building":"house","height":6,"heightSource":"default"},"geometry":{"type":"MultiPolygon","coordinates":[[[[461262.28,1739301.2],[461270.23,1739301.19],[461270.22,1739292.65],[461262.27,1739292.66],[461262.28,1739301.2]]]]}},{"type":"Feature","properties":{"building":"yes","height":6,"heightSource":"default"},"geometry":{"type":"MultiPolygon","coordinates":[[[[461289.23,1739290.39],[461296.4,1739290.37],[461296.39,1739285.19],[461289.22,1739285.2],[461289.23,1739290.39]]]]}},{"type":"Feature","properties":{"building":"yes","height":6,"heightSource":"default"},"geometry":{"type":"MultiPolygon","coordinates":[[[[461312.74,1739309.79],[461321.22,1739307.58],[461319.06,1739299.37],[461310.58,1739301.57],[461312.74,1739309.79]]]]}},{"type":"Feature","properties":{"building":"house","height":6,"heightSource":"default"},"geometry":{"type":"MultiPolygon","coordinates":[[[[461258.9,1739314.55],[461270.45,1739314.58],[461270.48,1739303.22],[461258.93,1739303.19],[461258.9,1739314.55]]]]}},{"type":"Feature","properties":{"building":"yes","height":6,"heightSource":"default"},"geometry":{"type":"MultiPolygon","coordinates":[[[[461264.07,1739330.83],[461280.4,1739331.82],[461280.89,1739323.8],[461264.56,1739322.82],[461264.07,1739330.83]]]]}},{"type":"Feature","properties":{"building":"yes","height":6,"heightSource":"default"},"geometry":{"type":"MultiPolygon","coordinates":[[[[461110.86,1739312.3],[461125.6,1739306.92],[461122.7,1739299.08],[461107.96,1739304.46],[461110.86,1739312.3]]]]}},{"type":"Feature","properties":{"building":"yes","height":6,"heightSource":"default"},"geometry":{"type":"MultiPolygon","coordinates":[[[[461203.71,1739371.12],[461216.81,1739371.42],[461217.21,1739353.51],[461200.51,1739353.13],[461200.28,1739363.02],[461203.89,1739363.1],[461203.71,1739371.12]]]]}},{"type":"Feature","properties":{"building":"yes","height":6,"heightSource":"default"},"geometry":{"type":"MultiPolygon","coordinates":[[[[461201.57,1739350.76],[461196.87,1739337.56],[461189.76,1739340.06],[461190.94,1739343.36],[461183.41,1739346],[461186.11,1739353.61],[461193.9,1739350.87],[461194.72,1739353.17],[461201.57,1739350.76]]]]}},{"type":"Feature","properties":{"building":"yes","height":6,"heightSource":"default"},"geometry":{"type":"MultiPolygon","coordinates":[[[[461278,1739350.98],[461287.82,1739345.96],[461284.15,1739338.86],[461274.32,1739343.89],[461278,1739350.98]]]]}},{"type":"Feature","properties":{"building":"yes","height":6,"heightSource":"default"},"geometry":{"type":"MultiPolygon","coordinates":[[[[461281.02,1739351.07],[461288.16,1739347.55],[461292.58,1739356.4],[461285.45,1739359.92],[461281.02,1739351.07]]]]}},{"type":"Feature","properties":{"building":"yes","height":6,"heightSource":"default"},"geometry":{"type":"MultiPolygon","coordinates":[[[[461274.56,1739356.17],[461260.05,1739356.39],[461260.18,1739364.79],[461274.69,1739364.56],[461274.56,1739356.17]]]]}},{"type":"Feature","properties":{"building":"yes","height":6,"heightSource":"default"},"geometry":{"type":"MultiPolygon","coordinates":[[[[461293.27,1739392.42],[461302.34,1739388.41],[461296.9,1739376.25],[461287.83,1739380.26],[461293.27,1739392.42]]]]}},{"type":"Feature","properties":{"building":"yes","height":6,"heightSource":"default"},"geometry":{"type":"MultiPolygon","coordinates":[[[[461250.81,1739376.25],[461260.56,1739376.13],[461260.46,1739367.24],[461250.7,1739367.36],[461250.81,1739376.25]]]]}},{"type":"Feature","properties":{"building":"yes","height":6,"heightSource":"default"},"geometry":{"type":"MultiPolygon","coordinates":[[[[461251.08,1739380.42],[461252.55,1739394.45],[461259.87,1739393.7],[461258.4,1739379.66],[461251.08,1739380.42]]]]}},{"type":"Feature","properties":{"building":"yes","height":6,"heightSource":"default"},"geometry":{"type":"MultiPolygon","coordinates":[[[[464708.28,1734155.38],[464699.25,1734140.98],[464692.01,1734145.46],[464701.03,1734159.87],[464708.28,1734155.38]]]]}},{"type":"Feature","properties":{"building":"house","height":6,"heightSource":"default"},"geometry":{"type":"MultiPolygon","coordinates":[[[[464717.17,1734144.89],[464709.31,1734133.43],[464702.97,1734137.72],[464710.82,1734149.18],[464717.17,1734144.89]]]]}},{"type":"Feature","properties":{"building":"yes","height":6,"heightSource":"default"},"geometry":{"type":"MultiPolygon","coordinates":[[[[464585.86,1734140.67],[464581.8,1734147.99],[464589.54,1734152.23],[464593.61,1734144.9],[464585.86,1734140.67]]]]}},{"type":"Feature","properties":{"building":"yes","height":6,"heightSource":"default"},"geometry":{"type":"MultiPolygon","coordinates":[[[[464542.01,1734170.9],[464555.79,1734162.55],[464551.79,1734156.03],[464538,1734164.38],[464542.01,1734170.9]]]]}},{"type":"Feature","properties":{"building":"house","height":6,"heightSource":"default"},"geometry":{"type":"MultiPolygon","coordinates":[[[[464524.74,1734172.74],[464528.28,1734158.27],[464517.68,1734155.72],[464514.16,1734170.19],[464524.74,1734172.74]]]]}},{"type":"Feature","properties":{"building":"yes","height":6,"heightSource":"default"},"geometry":{"type":"MultiPolygon","coordinates":[[[[464978.64,1734014.9],[465030.67,1733995.77],[465028.26,1733990.15],[464976.44,1734009.06],[464978.64,1734014.9]]]]}},{"type":"Feature","properties":{"building":"yes","height":6,"heightSource":"default"},"geometry":{"type":"MultiPolygon","coordinates":[[[[464951.4,1733998.87],[464958.26,1733995.93],[464954.66,1733987.61],[464947.79,1733990.54],[464951.4,1733998.87]]]]}},{"type":"Feature","properties":{"building":"house","height":6,"heightSource":"default"},"geometry":{"type":"MultiPolygon","coordinates":[[[[465100.16,1734060.07],[465098.36,1734041.01],[465088.02,1734041.98],[465089.82,1734061.02],[465100.16,1734060.07]]]]}},{"type":"Feature","properties":{"building":"yes","height":6,"heightSource":"default"},"geometry":{"type":"MultiPolygon","coordinates":[[[[465078.9,1734036.34],[465086.01,1734034.62],[465084.45,1734028.28],[465077.34,1734029.99],[465078.9,1734036.34]]]]}},{"type":"Feature","properties":{"building":"house","height":6,"heightSource":"default"},"geometry":{"type":"MultiPolygon","coordinates":[[[[465279.39,1734066.73],[465293.86,1734062.29],[465289.37,1734047.82],[465274.89,1734052.25],[465279.39,1734066.73]]]]}},{"type":"Feature","properties":{"building":"house","height":6,"heightSource":"default"},"geometry":{"type":"MultiPolygon","coordinates":[[[[467257.24,1734829.24],[467268.91,1734826.51],[467266.12,1734814.75],[467254.46,1734817.48],[467257.24,1734829.24]]]]}},{"type":"Feature","properties":{"building":"yes","height":6,"heightSource":"default"},"geometry":{"type":"MultiPolygon","coordinates":[[[[467249.48,1734805.33],[467251.73,1734813.84],[467258.03,1734812.19],[467255.78,1734803.68],[467249.48,1734805.33]]]]}},{"type":"Feature","properties":{"building":"yes","height":6,"heightSource":"default"},"geometry":{"type":"MultiPolygon","coordinates":[[[[467248.25,1734801.83],[467254.06,1734800.01],[467252.11,1734793.86],[467246.31,1734795.69],[467248.25,1734801.83]]]]}},{"type":"Feature","properties":{"building":"yes","height":6,"heightSource":"default"},"geometry":{"type":"MultiPolygon","coordinates":[[[[467306.82,1734832.37],[467315.54,1734830.07],[467313.18,1734821.21],[467304.47,1734823.5],[467306.82,1734832.37]]]]}},{"type":"Feature","properties":{"building":"yes","height":6,"heightSource":"default"},"geometry":{"type":"MultiPolygon","coordinates":[[[[467295.34,1734776.94],[467302.56,1734774.81],[467300.17,1734766.83],[467292.96,1734768.95],[467295.34,1734776.94]]]]}},{"type":"Feature","properties":{"building":"yes","height":6,"heightSource":"default"},"geometry":{"type":"MultiPolygon","coordinates":[[[[467056.23,1735132.69],[467060.28,1735130.98],[467069.71,1735153],[467062.91,1735155.87],[467060.51,1735150.26],[467063.25,1735149.1],[467056.23,1735132.69]]]]}},{"type":"Feature","properties":{"building":"yes","height":6,"heightSource":"default"},"geometry":{"type":"MultiPolygon","coordinates":[[[[467102.82,1735093.33],[467108.24,1735089.96],[467104.69,1735084.34],[467099.28,1735087.71],[467102.82,1735093.33]]]]}},{"type":"Feature","properties":{"building":"yes","height":6,"heightSource":"default"},"geometry":{"type":"MultiPolygon","coordinates":[[[[467174.17,1735379.18],[467165.88,1735370],[467156.33,1735378.54],[467164.6,1735387.7],[467174.17,1735379.18]]]]}},{"type":"Feature","properties":{"building":"yes","height":6,"heightSource":"default"},"geometry":{"type":"MultiPolygon","coordinates":[[[[467177.11,1735391.35],[467181.65,1735396.82],[467185.37,1735393.78],[467180.83,1735388.3],[467177.11,1735391.35]]]]}},{"type":"Feature","properties":{"building":"yes","height":6,"heightSource":"default"},"geometry":{"type":"MultiPolygon","coordinates":[[[[467254.2,1735310.8],[467265.38,1735322],[467270.93,1735316.51],[467259.74,1735305.33],[467254.2,1735310.8]]]]}},{"type":"Feature","properties":{"building":"house","height":6,"heightSource":"default"},"geometry":{"type":"MultiPolygon","coordinates":[[[[467204.74,1735285.92],[467210.95,1735280.35],[467204.9,1735273.67],[467198.68,1735279.23],[467204.74,1735285.92]]]]}},{"type":"Feature","properties":{"building":"yes","height":6,"heightSource":"default"},"geometry":{"type":"MultiPolygon","coordinates":[[[[467342.13,1735066.64],[467336.68,1735040.67],[467331.62,1735041.73],[467337.08,1735067.68],[467342.13,1735066.64]]]]}},{"type":"Feature","properties":{"building":"house","height":6,"heightSource":"default"},"geometry":{"type":"MultiPolygon","coordinates":[[[[467321.25,1735034.35],[467330.35,1735032.72],[467329.2,1735026.41],[467320.11,1735028.03],[467321.25,1735034.35]]]]}},{"type":"Feature","properties":{"building":"yes","height":6,"heightSource":"default"},"geometry":{"type":"MultiPolygon","coordinates":[[[[467195.02,1735543.29],[467201.78,1735538.96],[467197.5,1735532.38],[467190.75,1735536.73],[467195.02,1735543.29]]]]}},{"type":"Feature","properties":{"building":"house","height":6,"heightSource":"default"},"geometry":{"type":"MultiPolygon","coordinates":[[[[467143.55,1735573.25],[467139.6,1735564.49],[467129.92,1735568.79],[467133.87,1735577.56],[467143.55,1735573.25]]]]}},{"type":"Feature","properties":{"building":"yes","height":6,"heightSource":"default"},"geometry":{"type":"MultiPolygon","coordinates":[[[[467148.02,1735639.86],[467142.62,1735628.82],[467138.75,1735630.68],[467144.15,1735641.72],[467148.02,1735639.86]]]]}},{"type":"Feature","properties":{"building":"yes","height":6,"heightSource":"default"},"geometry":{"type":"MultiPolygon","coordinates":[[[[467133.57,1735727.18],[467139.78,1735725.64],[467136.68,1735713.3],[467130.48,1735714.84],[467133.57,1735727.18]]]]}},{"type":"Feature","properties":{"building":"house","height":6,"heightSource":"default"},"geometry":{"type":"MultiPolygon","coordinates":[[[[462927.06,1733376.45],[462918.35,1733368.39],[462909.69,1733377.61],[462918.39,1733385.69],[462927.06,1733376.45]]]]}},{"type":"Feature","properties":{"building":"yes","height":6,"heightSource":"default"},"geometry":{"type":"MultiPolygon","coordinates":[[[[463144.09,1733298.28],[463147.71,1733291.71],[463141.5,1733288.33],[463137.88,1733294.89],[463144.09,1733298.28]]]]}},{"type":"Feature","properties":{"building":"yes","height":6,"heightSource":"default"},"geometry":{"type":"MultiPolygon","coordinates":[[[[463142.39,1733285.17],[463149.62,1733288.07],[463156.87,1733270.24],[463149.64,1733267.34],[463142.39,1733285.17]]]]}},{"type":"Feature","properties":{"building":"yes","height":6,"heightSource":"default"},"geometry":{"type":"MultiPolygon","coordinates":[[[[463120.85,1733382.83],[463137.96,1733381.6],[463136.7,1733364.16],[463119.58,1733365.38],[463120.85,1733382.83]]]]}},{"type":"Feature","properties":{"building":"yes","height":6,"heightSource":"default"},"geometry":{"type":"MultiPolygon","coordinates":[[[[462919.58,1733246.6],[462927.81,1733255.21],[462938.02,1733245.56],[462929.79,1733236.95],[462919.58,1733246.6]]]]}},{"type":"Feature","properties":{"building":"yes","height":6,"heightSource":"default"},"geometry":{"type":"MultiPolygon","coordinates":[[[[463180.83,1733188.09],[463187.32,1733183.48],[463182.27,1733176.45],[463175.78,1733181.06],[463180.83,1733188.09]]]]}},{"type":"Feature","properties":{"building":"yes","height":6,"heightSource":"default"},"geometry":{"type":"MultiPolygon","coordinates":[[[[463553,1734121.22],[463554.56,1734134.31],[463566.11,1734132.96],[463564.55,1734119.86],[463553,1734121.22]]]]}},{"type":"Feature","properties":{"building":"house","height":6,"heightSource":"default"},"geometry":{"type":"MultiPolygon","coordinates":[[[[463484.71,1734898.12],[463492.76,1734893.45],[463487.65,1734884.78],[463479.6,1734889.45],[463484.71,1734898.12]]]]}},{"type":"Feature","properties":{"building":"house","height":6,"heightSource":"default"},"geometry":{"type":"MultiPolygon","coordinates":[[[[463494.33,1734914.73],[463501.44,1734921.35],[463506.43,1734916.04],[463499.33,1734909.43],[463494.33,1734914.73]]]]}},{"type":"Feature","properties":{"building":"yes","height":6,"heightSource":"default"},"geometry":{"type":"MultiPolygon","coordinates":[[[[463357.03,1734923.47],[463369.18,1734918.84],[463367.37,1734914.16],[463355.23,1734918.81],[463357.03,1734923.47]]]]}},{"type":"Feature","properties":{"building":"house","height":6,"heightSource":"default"},"geometry":{"type":"MultiPolygon","coordinates":[[[[464194.89,1734963.98],[464190.58,1734953.18],[464180.72,1734957.07],[464182.7,1734962.04],[464187.34,1734960.22],[464189.65,1734966.03],[464194.89,1734963.98]]]]}},{"type":"Feature","properties":{"building":"house","height":6,"heightSource":"default"},"geometry":{"type":"MultiPolygon","coordinates":[[[[464120.82,1734975.29],[464130.96,1734969.01],[464125.67,1734960.59],[464115.54,1734966.87],[464120.82,1734975.29]]]]}},{"type":"Feature","properties":{"building":"house","height":6,"heightSource":"default"},"geometry":{"type":"MultiPolygon","coordinates":[[[[464105.86,1734970.62],[464103.06,1734964.73],[464096.78,1734967.68],[464099.58,1734973.56],[464105.86,1734970.62]]]]}},{"type":"Feature","properties":{"building":"yes","height":6,"heightSource":"default"},"geometry":{"type":"MultiPolygon","coordinates":[[[[464128.95,1735020.66],[464136.36,1735029.16],[464142.6,1735023.77],[464135.21,1735015.28],[464128.95,1735020.66]]]]}},{"type":"Feature","properties":{"building":"yes","height":6,"heightSource":"default"},"geometry":{"type":"MultiPolygon","coordinates":[[[[464122.1,1735013.07],[464126.84,1735018.75],[464132.84,1735013.8],[464128.09,1735008.12],[464122.1,1735013.07]]]]}},{"type":"Feature","properties":{"building":"house","height":6,"heightSource":"default"},"geometry":{"type":"MultiPolygon","coordinates":[[[[464071.85,1735035.52],[464079.31,1735032.67],[464074.52,1735020.26],[464067.05,1735023.1],[464071.85,1735035.52]]]]}},{"type":"Feature","properties":{"building":"house","height":6,"heightSource":"default"},"geometry":{"type":"MultiPolygon","coordinates":[[[[464058.29,1735042.09],[464069.29,1735037.35],[464065.57,1735028.81],[464062.68,1735030.06],[464061.42,1735027.16],[464054.93,1735029.96],[464056.48,1735033.51],[464054.85,1735034.21],[464058.29,1735042.09]]]]}},{"type":"Feature","properties":{"building":"yes","height":6,"heightSource":"default"},"geometry":{"type":"MultiPolygon","coordinates":[[[[464069.66,1734979.77],[464079.85,1734976.11],[464076.78,1734967.67],[464066.58,1734971.35],[464069.66,1734979.77]]]]}},{"type":"Feature","properties":{"building":"yes","height":6,"heightSource":"default"},"geometry":{"type":"MultiPolygon","coordinates":[[[[464037.01,1735015.6],[464032.39,1735002.66],[464023.4,1735005.84],[464028.03,1735018.76],[464037.01,1735015.6]]]]}},{"type":"Feature","properties":{"building":"house","height":6,"heightSource":"default"},"geometry":{"type":"MultiPolygon","coordinates":[[[[463948.51,1735025.06],[463958.19,1735020.97],[463954.3,1735011.92],[463944.63,1735016.02],[463948.51,1735025.06]]]]}},{"type":"Feature","properties":{"building":"house","height":6,"heightSource":"default"},"geometry":{"type":"MultiPolygon","coordinates":[[[[463942.91,1735036.4],[463937.3,1735021.16],[463928.18,1735024.49],[463933.78,1735039.72],[463942.91,1735036.4]]]]}},{"type":"Feature","properties":{"building":"house","height":6,"heightSource":"default"},"geometry":{"type":"MultiPolygon","coordinates":[[[[463925.88,1735035.6],[463922.31,1735027.08],[463914.66,1735030.25],[463918.23,1735038.76],[463925.88,1735035.6]]]]}},{"type":"Feature","properties":{"building":"yes","height":6,"heightSource":"default"},"geometry":{"type":"MultiPolygon","coordinates":[[[[463861.16,1735106.4],[463867.29,1735116.08],[463887.46,1735103.46],[463874.4,1735082.86],[463865.07,1735088.71],[463871.98,1735099.63],[463861.16,1735106.4]]]]}},{"type":"Feature","properties":{"building":"house","height":6,"heightSource":"default"},"geometry":{"type":"MultiPolygon","coordinates":[[[[463903.96,1735044.83],[463899.19,1735031.92],[463892.31,1735034.27],[463897.12,1735047.44],[463903.96,1735044.83]]]]}},{"type":"Feature","properties":{"building":"house","height":6,"heightSource":"default"},"geometry":{"type":"MultiPolygon","coordinates":[[[[463897.12,1735047.44],[463892.31,1735034.27],[463886.13,1735036.49],[463890.94,1735049.67],[463897.12,1735047.44]]]]}},{"type":"Feature","properties":{"building":"house","height":6,"heightSource":"default"},"geometry":{"type":"MultiPolygon","coordinates":[[[[463881.44,1735055.42],[463889.53,1735052.27],[463885.86,1735042.98],[463877.77,1735046.14],[463881.44,1735055.42]]]]}},{"type":"Feature","properties":{"building":"house","height":6,"heightSource":"default"},"geometry":{"type":"MultiPolygon","coordinates":[[[[463868.33,1735052.25],[463865.55,1735043.93],[463875.01,1735040.82],[463877.79,1735049.13],[463868.33,1735052.25]]]]}},{"type":"Feature","properties":{"building":"house","height":6,"heightSource":"default"},"geometry":{"type":"MultiPolygon","coordinates":[[[[463853.91,1735061.05],[463861.43,1735056.37],[463856.34,1735048.3],[463848.82,1735052.98],[463853.91,1735061.05]]]]}},{"type":"Feature","properties":{"building":"house","height":6,"heightSource":"default"},"geometry":{"type":"MultiPolygon","coordinates":[[[[463834.23,1735071.81],[463844.97,1735064.64],[463840.21,1735057.6],[463829.48,1735064.78],[463834.23,1735071.81]]]]}},{"type":"Feature","properties":{"building":"house","height":6,"heightSource":"default"},"geometry":{"type":"MultiPolygon","coordinates":[[[[463835.64,1735072.98],[463840.27,1735079.64],[463846.92,1735075.09],[463842.28,1735068.41],[463835.64,1735072.98]]]]}},{"type":"Feature","properties":{"building":"yes","height":6,"heightSource":"default"},"geometry":{"type":"MultiPolygon","coordinates":[[[[463890.62,1735052.83],[463893.05,1735058.58],[463900.17,1735055.59],[463897.74,1735049.85],[463890.62,1735052.83]]]]}},{"type":"Feature","properties":{"building":"public","height":6,"heightSource":"default"},"geometry":{"type":"MultiPolygon","coordinates":[[[[463942.49,1735106.18],[463955.47,1735126.04],[463966.35,1735119.02],[463953.37,1735099.17],[463942.49,1735106.18]]]]}},{"type":"Feature","properties":{"building":"yes","height":6,"heightSource":"default"},"geometry":{"type":"MultiPolygon","coordinates":[[[[461181.11,1739396.14],[461182.99,1739406.14],[461190.38,1739404.77],[461188.49,1739394.76],[461181.11,1739396.14]]]]}},{"type":"Feature","properties":{"building":"yes","height":6,"heightSource":"default"},"geometry":{"type":"MultiPolygon","coordinates":[[[[461182.93,1739408.7],[461179.13,1739390.17],[461172.96,1739391.42],[461176.76,1739409.95],[461182.93,1739408.7]]]]}},{"type":"Feature","properties":{"building":"yes","height":6,"heightSource":"default"},"geometry":{"type":"MultiPolygon","coordinates":[[[[461157.59,1739378.67],[461167.06,1739375.56],[461165.27,1739370.15],[461155.8,1739373.24],[461157.59,1739378.67]]]]}},{"type":"Feature","properties":{"building":"house","height":6,"heightSource":"default"},"geometry":{"type":"MultiPolygon","coordinates":[[[[461165.55,1739409.13],[461173.81,1739407.34],[461172.28,1739400.29],[461164.02,1739402.06],[461165.55,1739409.13]]]]}},{"type":"Feature","properties":{"building":"house","height":6,"heightSource":"default"},"geometry":{"type":"MultiPolygon","coordinates":[[[[461164.32,1739400.59],[461172.21,1739398.82],[461170.01,1739389.18],[461162.11,1739390.95],[461164.32,1739400.59]]]]}},{"type":"Feature","properties":{"building":"yes","height":6,"heightSource":"default"},"geometry":{"type":"MultiPolygon","coordinates":[[[[461156.83,1739396.8],[461161.9,1739395.45],[461159.2,1739385.5],[461154.15,1739386.86],[461156.83,1739396.8]]]]}},{"type":"Feature","properties":{"building":"yes","height":6,"heightSource":"default"},"geometry":{"type":"MultiPolygon","coordinates":[[[[461148.38,1739408.63],[461156.34,1739406.89],[461154.61,1739399.09],[461146.65,1739400.83],[461148.38,1739408.63]]]]}},{"type":"Feature","properties":{"building":"yes","height":6,"heightSource":"default"},"geometry":{"type":"MultiPolygon","coordinates":[[[[461145.56,1739394.38],[461153.08,1739392.71],[461151.78,1739386.98],[461144.26,1739388.64],[461145.56,1739394.38]]]]}},{"type":"Feature","properties":{"building":"yes","height":6,"heightSource":"default"},"geometry":{"type":"MultiPolygon","coordinates":[[[[461073.83,1739415.17],[461082.26,1739413.33],[461080.08,1739403.46],[461071.65,1739405.29],[461073.83,1739415.17]]]]}},{"type":"Feature","properties":{"building":"yes","height":6,"heightSource":"default"},"geometry":{"type":"MultiPolygon","coordinates":[[[[461067.87,1739418.4],[461062.36,1739395.21],[461053.98,1739397.18],[461059.51,1739420.37],[461067.87,1739418.4]]]]}},{"type":"Feature","properties":{"building":"house","height":6,"heightSource":"default"},"geometry":{"type":"MultiPolygon","coordinates":[[[[461042.09,1739420.94],[461049.58,1739420.04],[461048.7,1739412.82],[461041.21,1739413.71],[461042.09,1739420.94]]]]}},{"type":"Feature","properties":{"building":"house","height":6,"heightSource":"default"},"geometry":{"type":"MultiPolygon","coordinates":[[[[460989.02,1739427.57],[460996.51,1739426.49],[460995.4,1739418.8],[460987.9,1739419.87],[460989.02,1739427.57]]]]}},{"type":"Feature","properties":{"building":"yes","height":6,"heightSource":"default"},"geometry":{"type":"MultiPolygon","coordinates":[[[[460794.21,1739419.2],[460796.57,1739426],[460805.61,1739422.9],[460803.27,1739416.11],[460794.21,1739419.2]]]]}},{"type":"Feature","properties":{"building":"house","height":6,"heightSource":"default"},"geometry":{"type":"MultiPolygon","coordinates":[[[[461069.62,1739460.15],[461078.82,1739460.14],[461078.8,1739451.75],[461069.6,1739451.77],[461069.62,1739460.15]]]]}},{"type":"Feature","properties":{"building":"house","height":6,"heightSource":"default"},"geometry":{"type":"MultiPolygon","coordinates":[[[[461050.9,1739463.29],[461057.57,1739462.41],[461056.54,1739454.72],[461049.87,1739455.61],[461050.9,1739463.29]]]]}},{"type":"Feature","properties":{"building":"house","height":6,"heightSource":"default"},"geometry":{"type":"MultiPolygon","coordinates":[[[[461048.71,1739451.78],[461047.3,1739442.38],[461042.57,1739443.08],[461043.97,1739452.49],[461048.71,1739451.78]]]]}},{"type":"Feature","properties":{"building":"house","height":6,"heightSource":"default"},"geometry":{"type":"MultiPolygon","coordinates":[[[[461058.53,1739478.95],[461066.48,1739478.77],[461066.24,1739468.42],[461058.3,1739468.59],[461058.53,1739478.95]]]]}},{"type":"Feature","properties":{"building":"house","height":6,"heightSource":"default"},"geometry":{"type":"MultiPolygon","coordinates":[[[[461057.26,1739481.1],[461057.13,1739472.47],[461045.48,1739472.63],[461045.6,1739481.25],[461057.26,1739481.1]]]]}},{"type":"Feature","properties":{"building":"yes","height":6,"heightSource":"default"},"geometry":{"type":"MultiPolygon","coordinates":[[[[461012.52,1739494.62],[461019.23,1739492.62],[461017.35,1739486.38],[461010.63,1739488.37],[461012.52,1739494.62]]]]}},{"type":"Feature","properties":{"building":"house","height":6,"heightSource":"default"},"geometry":{"type":"MultiPolygon","coordinates":[[[[461045.95,1739500.18],[461046.01,1739489.68],[461052.33,1739489.72],[461052.28,1739500.21],[461045.95,1739500.18]]]]}},{"type":"Feature","properties":{"building":"house","height":6,"heightSource":"default"},"geometry":{"type":"MultiPolygon","coordinates":[[[[461052.75,1739514.57],[461063.01,1739514.7],[461063.15,1739502.57],[461052.9,1739502.45],[461052.75,1739514.57]]]]}},{"type":"Feature","properties":{"building":"house","height":6,"heightSource":"default"},"geometry":{"type":"MultiPolygon","coordinates":[[[[461064.46,1739515.35],[461064.78,1739506.15],[461074.47,1739506.48],[461074.15,1739515.68],[461064.46,1739515.35]]]]}},{"type":"Feature","properties":{"building":"yes","height":6,"heightSource":"default"},"geometry":{"type":"MultiPolygon","coordinates":[[[[461041.85,1739519.21],[461050.16,1739518.24],[461049.49,1739512.57],[461041.18,1739513.55],[461041.85,1739519.21]]]]}},{"type":"Feature","properties":{"building":"yes","height":6,"heightSource":"default"},"geometry":{"type":"MultiPolygon","coordinates":[[[[461060.65,1739555.22],[461073.93,1739555.44],[461074.14,1739543.29],[461060.86,1739543.07],[461060.65,1739555.22]]]]}},{"type":"Feature","properties":{"building":"house","height":6,"heightSource":"default"},"geometry":{"type":"MultiPolygon","coordinates":[[[[461062.21,1739574.15],[461072.91,1739574.09],[461072.85,1739563.45],[461062.13,1739563.51],[461062.21,1739574.15]]]]}},{"type":"Feature","properties":{"building":"house","height":6,"heightSource":"default"},"geometry":{"type":"MultiPolygon","coordinates":[[[[461047.48,1739576.98],[461054.6,1739576.47],[461054.01,1739568.25],[461046.88,1739568.77],[461047.48,1739576.98]]]]}},{"type":"Feature","properties":{"building":"house","height":6,"heightSource":"default"},"geometry":{"type":"MultiPolygon","coordinates":[[[[461036.38,1739577.86],[461043.53,1739576.68],[461041.98,1739567.26],[461034.82,1739568.44],[461036.38,1739577.86]]]]}},{"type":"Feature","properties":{"building":"yes","height":6,"heightSource":"default"},"geometry":{"type":"MultiPolygon","coordinates":[[[[460994.89,1739591.71],[461018.58,1739591.18],[461018.31,1739579.37],[460994.62,1739579.9],[460994.89,1739591.71]]]]}},{"type":"Feature","properties":{"building":"yes","height":6,"heightSource":"default"},"geometry":{"type":"MultiPolygon","coordinates":[[[[460965.59,1739587.66],[460972.96,1739586.96],[460972.38,1739579.42],[460964.87,1739580.06],[460965.59,1739587.66]]]]}},{"type":"Feature","properties":{"building":"yes","height":6,"heightSource":"default"},"geometry":{"type":"MultiPolygon","coordinates":[[[[460972.96,1739586.96],[460973.16,1739589.57],[460980.36,1739589.03],[460979.59,1739578.87],[460972.38,1739579.42],[460972.96,1739586.96]]]]}},{"type":"Feature","properties":{"building":"yes","height":6,"heightSource":"default"},"geometry":{"type":"MultiPolygon","coordinates":[[[[461055.08,1739625.78],[461066.57,1739625.62],[461066.55,1739614.22],[461055.06,1739614.1],[461055.08,1739625.78]]]]}},{"type":"Feature","properties":{"building":"yes","height":6,"heightSource":"default"},"geometry":{"type":"MultiPolygon","coordinates":[[[[461055.08,1739625.78],[461055.06,1739614.1],[461048.67,1739614.11],[461048.69,1739625.79],[461055.08,1739625.78]]]]}},{"type":"Feature","properties":{"building":"house","height":6,"heightSource":"default"},"geometry":{"type":"MultiPolygon","coordinates":[[[[461057.31,1739605.02],[461064.5,1739605.05],[461064.53,1739597.36],[461057.34,1739597.32],[461057.31,1739605.02]]]]}},{"type":"Feature","properties":{"building":"yes","height":6,"heightSource":"default"},"geometry":{"type":"MultiPolygon","coordinates":[[[[461032.25,1739666.67],[461041.48,1739666.36],[461041.27,1739659.96],[461032.03,1739660.27],[461032.25,1739666.67]]]]}},{"type":"Feature","properties":{"building":"yes","height":6,"heightSource":"default"},"geometry":{"type":"MultiPolygon","coordinates":[[[[461053.06,1739688.13],[461061.54,1739688.2],[461061.61,1739678.77],[461053.13,1739678.71],[461053.06,1739688.13]]]]}},{"type":"Feature","properties":{"building":"yes","height":6,"heightSource":"default"},"geometry":{"type":"MultiPolygon","coordinates":[[[[461057.34,1739710.61],[461067.41,1739711.04],[461067.87,1739700.46],[461057.78,1739700.04],[461057.34,1739710.61]]]]}},{"type":"Feature","properties":{"building":"yes","height":6,"heightSource":"default"},"geometry":{"type":"MultiPolygon","coordinates":[[[[461027.48,1739843.82],[461051.1,1739843.86],[461051.12,1739830.86],[461027.5,1739830.84],[461027.48,1739843.82]]]]}},{"type":"Feature","properties":{"building":"house","height":6,"heightSource":"default"},"geometry":{"type":"MultiPolygon","coordinates":[[[[461038.45,1739856.33],[461047.79,1739855.93],[461047.5,1739849.21],[461038.16,1739849.6],[461038.45,1739856.33]]]]}},{"type":"Feature","properties":{"building":"yes","height":6,"heightSource":"default"},"geometry":{"type":"MultiPolygon","coordinates":[[[[461035.39,1739872.15],[461048.01,1739871.7],[461047.66,1739862.07],[461035.04,1739862.53],[461035.39,1739872.15]]]]}},{"type":"Feature","properties":{"building":"yes","height":6,"heightSource":"default"},"geometry":{"type":"MultiPolygon","coordinates":[[[[461040.17,1739888.38],[461040.65,1739880.16],[461045.11,1739880.42],[461044.63,1739888.64],[461040.17,1739888.38]]]]}},{"type":"Feature","properties":{"building":"yes","height":6,"heightSource":"default"},"geometry":{"type":"MultiPolygon","coordinates":[[[[461043.88,1739911.38],[461052.69,1739911.96],[461053.06,1739906.55],[461044.24,1739905.97],[461043.88,1739911.38]]]]}},{"type":"Feature","properties":{"building":"house","height":6,"heightSource":"default"},"geometry":{"type":"MultiPolygon","coordinates":[[[[461041.66,1739931.14],[461053.3,1739931.38],[461053.46,1739923.49],[461041.82,1739923.25],[461041.66,1739931.14]]]]}},{"type":"Feature","properties":{"building":"house","height":6,"heightSource":"default"},"geometry":{"type":"MultiPolygon","coordinates":[[[[461032.74,1739944.17],[461044.82,1739944.57],[461045.14,1739935.27],[461033.05,1739934.87],[461032.74,1739944.17]]]]}},{"type":"Feature","properties":{"building":"yes","height":6,"heightSource":"default"},"geometry":{"type":"MultiPolygon","coordinates":[[[[461043.73,1739956.65],[461052.43,1739957.18],[461052.87,1739949.95],[461044.18,1739949.42],[461043.73,1739956.65]]]]}},{"type":"Feature","properties":{"building":"yes","height":6,"heightSource":"default"},"geometry":{"type":"MultiPolygon","coordinates":[[[[461044.3,1739966.45],[461055.37,1739967.19],[461055.85,1739960.04],[461044.78,1739959.31],[461044.3,1739966.45]]]]}},{"type":"Feature","properties":{"building":"school","height":6,"heightSource":"default"},"geometry":{"type":"MultiPolygon","coordinates":[[[[460994.12,1739987.92],[461032.48,1739987.97],[461032.5,1739975.11],[460994.14,1739975.07],[460994.12,1739987.92]]]]}},{"type":"Feature","properties":{"building":"house","height":6,"heightSource":"default"},"geometry":{"type":"MultiPolygon","coordinates":[[[[461197.71,1739439.38],[461207.6,1739438.87],[461207.11,1739429.56],[461197.22,1739430.09],[461197.71,1739439.38]]]]}},{"type":"Feature","properties":{"building":"house","height":6,"heightSource":"default"},"geometry":{"type":"MultiPolygon","coordinates":[[[[461184.04,1739433.51],[461192.42,1739432.66],[461191.28,1739421.5],[461182.9,1739422.36],[461184.04,1739433.51]]]]}},{"type":"Feature","properties":{"building":"house","height":6,"heightSource":"default"},"geometry":{"type":"MultiPolygon","coordinates":[[[[461166.69,1739439.73],[461182.26,1739438.8],[461181.76,1739430.37],[461166.18,1739431.31],[461166.69,1739439.73]]]]}},{"type":"Feature","properties":{"building":"yes","height":6,"heightSource":"default"},"geometry":{"type":"MultiPolygon","coordinates":[[[[461149.31,1739441.24],[461158.72,1739439.56],[461157.12,1739430.73],[461147.71,1739432.41],[461149.31,1739441.24]]]]}},{"type":"Feature","properties":{"building":"house","height":6,"heightSource":"default"},"geometry":{"type":"MultiPolygon","coordinates":[[[[461197.62,1739459.62],[461208.3,1739460.28],[461208.8,1739452.18],[461198.13,1739451.52],[461197.62,1739459.62]]]]}},{"type":"Feature","properties":{"building":"yes","height":6,"heightSource":"default"},"geometry":{"type":"MultiPolygon","coordinates":[[[[461185.1,1739458.88],[461192.51,1739458.66],[461192.26,1739450.66],[461184.87,1739450.88],[461185.1,1739458.88]]]]}},{"type":"Feature","properties":{"building":"house","height":6,"heightSource":"default"},"geometry":{"type":"MultiPolygon","coordinates":[[[[461154.97,1739461.23],[461163.35,1739458.61],[461160.19,1739448.66],[461151.8,1739451.28],[461154.97,1739461.23]]]]}},{"type":"Feature","properties":{"building":"yes","height":6,"heightSource":"default"},"geometry":{"type":"MultiPolygon","coordinates":[[[[461183.32,1739479.33],[461192.56,1739478.83],[461191.71,1739462.92],[461182.46,1739463.41],[461183.32,1739479.33]]]]}},{"type":"Feature","properties":{"building":"yes","height":6,"heightSource":"default"},"geometry":{"type":"MultiPolygon","coordinates":[[[[461174.09,1739472.47],[461181.26,1739471.94],[461180.58,1739462.95],[461173.41,1739463.48],[461174.09,1739472.47]]]]}},{"type":"Feature","properties":{"building":"yes","height":6,"heightSource":"default"},"geometry":{"type":"MultiPolygon","coordinates":[[[[461093.04,1739440.39],[461101.79,1739439.98],[461101.26,1739429.07],[461092.51,1739429.48],[461093.04,1739440.39]]]]}},{"type":"Feature","properties":{"building":"yes","height":6,"heightSource":"default"},"geometry":{"type":"MultiPolygon","coordinates":[[[[461132.93,1739479.36],[461140.56,1739476.82],[461137.8,1739468.65],[461130.18,1739471.2],[461132.93,1739479.36]]]]}},{"type":"Feature","properties":{"building":"yes","height":6,"heightSource":"default"},"geometry":{"type":"MultiPolygon","coordinates":[[[[461092.3,1739480.21],[461099.81,1739480.41],[461100,1739473.2],[461092.49,1739473],[461092.3,1739480.21]]]]}},{"type":"Feature","properties":{"building":"yes","height":6,"heightSource":"default"},"geometry":{"type":"MultiPolygon","coordinates":[[[[461092.65,1739488.74],[461109.14,1739489.01],[461109.25,1739482.36],[461092.75,1739482.1],[461092.65,1739488.74]]]]}},{"type":"Feature","properties":{"building":"house","height":6,"heightSource":"default"},"geometry":{"type":"MultiPolygon","coordinates":[[[[461093.17,1739501.69],[461101.92,1739501.5],[461101.76,1739494.12],[461093.01,1739494.31],[461093.17,1739501.69]]]]}},{"type":"Feature","properties":{"building":"yes","height":6,"heightSource":"default"},"geometry":{"type":"MultiPolygon","coordinates":[[[[461094.3,1739517.16],[461103.44,1739516.56],[461102.94,1739509.02],[461093.8,1739509.62],[461094.3,1739517.16]]]]}},{"type":"Feature","properties":{"building":"yes","height":6,"heightSource":"default"},"geometry":{"type":"MultiPolygon","coordinates":[[[[461192.66,1739496.44],[461204.48,1739497.65],[461205.69,1739485.95],[461193.88,1739484.73],[461192.66,1739496.44]]]]}},{"type":"Feature","properties":{"building":"yes","height":6,"heightSource":"default"},"geometry":{"type":"MultiPolygon","coordinates":[[[[461182.02,1739514.14],[461192,1739514.25],[461192.11,1739505.89],[461182.12,1739505.77],[461182.02,1739514.14]]]]}},{"type":"Feature","properties":{"building":"house","height":6,"heightSource":"default"},"geometry":{"type":"MultiPolygon","coordinates":[[[[461180.56,1739516.31],[461180.15,1739505.8],[461170.17,1739506.19],[461170.4,1739512.08],[461172.45,1739512],[461172.64,1739516.62],[461180.56,1739516.31]]]]}},{"type":"Feature","properties":{"building":"yes","height":6,"heightSource":"default"},"geometry":{"type":"MultiPolygon","coordinates":[[[[461190.57,1739542.09],[461200.89,1739543.14],[461201.69,1739535.44],[461191.37,1739534.39],[461190.57,1739542.09]]]]}},{"type":"Feature","properties":{"building":"yes","height":6,"heightSource":"default"},"geometry":{"type":"MultiPolygon","coordinates":[[[[461189.32,1739542.56],[461190.33,1739533.48],[461176.61,1739531.98],[461175.6,1739541.06],[461189.32,1739542.56]]]]}},{"type":"Feature","properties":{"building":"yes","height":6,"heightSource":"default"},"geometry":{"type":"MultiPolygon","coordinates":[[[[461142.93,1739528.65],[461155.03,1739527.73],[461154.1,1739515.5],[461141.99,1739516.41],[461142.93,1739528.65]]]]}},{"type":"Feature","properties":{"building":"yes","height":6,"heightSource":"default"},"geometry":{"type":"MultiPolygon","coordinates":[[[[461156.7,1739500.93],[461164.45,1739500.87],[461164.4,1739494.09],[461156.66,1739494.15],[461156.7,1739500.93]]]]}},{"type":"Feature","properties":{"building":"yes","height":6,"heightSource":"default"},"geometry":{"type":"MultiPolygon","coordinates":[[[[461173.79,1739556.49],[461184.94,1739557.48],[461186.06,1739544.94],[461174.91,1739543.96],[461173.79,1739556.49]]]]}},{"type":"Feature","properties":{"building":"yes","height":6,"heightSource":"default"},"geometry":{"type":"MultiPolygon","coordinates":[[[[461155.08,1739553.14],[461171.82,1739554.53],[461172.53,1739546.08],[461155.78,1739544.69],[461155.08,1739553.14]]]]}},{"type":"Feature","properties":{"building":"yes","height":6,"heightSource":"default"},"geometry":{"type":"MultiPolygon","coordinates":[[[[461170.87,1739570.59],[461179.37,1739571.09],[461179.83,1739563.4],[461182.27,1739563.55],[461182.52,1739559.31],[461171.57,1739558.67],[461170.87,1739570.59]]]]}},{"type":"Feature","properties":{"building":"house","height":6,"heightSource":"default"},"geometry":{"type":"MultiPolygon","coordinates":[[[[461185.93,1739586.16],[461195.68,1739587.15],[461196.56,1739578.73],[461186.8,1739577.74],[461185.93,1739586.16]]]]}},{"type":"Feature","properties":{"building":"house","height":6,"heightSource":"default"},"geometry":{"type":"MultiPolygon","coordinates":[[[[461177.54,1739600.45],[461178.24,1739590.59],[461190.82,1739591.46],[461190.25,1739599.44],[461186.89,1739599.21],[461186.75,1739601.09],[461177.54,1739600.45]]]]}},{"type":"Feature","properties":{"building":"house","height":6,"heightSource":"default"},"geometry":{"type":"MultiPolygon","coordinates":[[[[461171.94,1739585],[461182.16,1739586.2],[461183.08,1739578.48],[461172.86,1739577.29],[461171.94,1739585]]]]}},{"type":"Feature","properties":{"building":"house","height":6,"heightSource":"default"},"geometry":{"type":"MultiPolygon","coordinates":[[[[461148.44,1739582.58],[461159.5,1739583.9],[461160.61,1739574.78],[461149.54,1739573.46],[461148.44,1739582.58]]]]}},{"type":"Feature","properties":{"building":"yes","height":6,"heightSource":"default"},"geometry":{"type":"MultiPolygon","coordinates":[[[[461152.42,1739599.35],[461162.09,1739599.72],[461162.42,1739591.05],[461152.76,1739590.68],[461152.42,1739599.35]]]]}},{"type":"Feature","properties":{"building":"yes","height":6,"heightSource":"default"},"geometry":{"type":"MultiPolygon","coordinates":[[[[461154.68,1739610.4],[461162.52,1739610.8],[461163,1739601.46],[461155.16,1739601.06],[461154.68,1739610.4]]]]}},{"type":"Feature","properties":{"building":"house","height":6,"heightSource":"default"},"geometry":{"type":"MultiPolygon","coordinates":[[[[461181.46,1739615.58],[461190.78,1739615.21],[461190.46,1739607.09],[461181.14,1739607.45],[461181.46,1739615.58]]]]}},{"type":"Feature","properties":{"building":"yes","height":6,"heightSource":"default"},"geometry":{"type":"MultiPolygon","coordinates":[[[[461177.88,1739623.56],[461189.33,1739625.23],[461190.42,1739617.75],[461178.98,1739616.08],[461177.88,1739623.56]]]]}},{"type":"Feature","properties":{"building":"yes","height":6,"heightSource":"default"},"geometry":{"type":"MultiPolygon","coordinates":[[[[461158.99,1739625.49],[461165.67,1739625.22],[461165.33,1739616.85],[461158.66,1739617.11],[461158.99,1739625.49]]]]}},{"type":"Feature","properties":{"building":"yes","height":6,"heightSource":"default"},"geometry":{"type":"MultiPolygon","coordinates":[[[[461125.54,1739596.74],[461134.46,1739596.76],[461134.49,1739585.71],[461125.57,1739585.68],[461125.54,1739596.74]]]]}},{"type":"Feature","properties":{"building":"house","height":6,"heightSource":"default"},"geometry":{"type":"MultiPolygon","coordinates":[[[[461185.46,1739643.91],[461193.3,1739644.92],[461194.41,1739636.31],[461186.57,1739635.32],[461185.46,1739643.91]]]]}},{"type":"Feature","properties":{"building":"house","height":6,"heightSource":"default"},"geometry":{"type":"MultiPolygon","coordinates":[[[[461175.18,1739646.64],[461176.27,1739635.73],[461183.29,1739636.43],[461182.2,1739647.33],[461175.18,1739646.64]]]]}},{"type":"Feature","properties":{"building":"yes","height":6,"heightSource":"default"},"geometry":{"type":"MultiPolygon","coordinates":[[[[461165.67,1739644.63],[461171.86,1739644.92],[461172.2,1739637.63],[461166.02,1739637.33],[461165.67,1739644.63]]]]}},{"type":"Feature","properties":{"building":"yes","height":6,"heightSource":"default"},"geometry":{"type":"MultiPolygon","coordinates":[[[[461121.09,1739614.72],[461131.95,1739613.59],[461130.83,1739602.99],[461119.96,1739604.13],[461121.09,1739614.72]]]]}},{"type":"Feature","properties":{"building":"yes","height":6,"heightSource":"default"},"geometry":{"type":"MultiPolygon","coordinates":[[[[461157.55,1739644.83],[461158.02,1739634.83],[461164.79,1739635.13],[461164.32,1739645.15],[461157.55,1739644.83]]]]}},{"type":"Feature","properties":{"building":"yes","height":6,"heightSource":"default"},"geometry":{"type":"MultiPolygon","coordinates":[[[[461142.58,1739643.51],[461150.31,1739643.42],[461150.23,1739635.71],[461142.48,1739635.81],[461142.58,1739643.51]]]]}},{"type":"Feature","properties":{"building":"yes","height":6,"heightSource":"default"},"geometry":{"type":"MultiPolygon","coordinates":[[[[461145.01,1739630.97],[461155.05,1739628.93],[461153.51,1739621.45],[461143.48,1739623.48],[461145.01,1739630.97]]]]}},{"type":"Feature","properties":{"building":"yes","height":6,"heightSource":"default"},"geometry":{"type":"MultiPolygon","coordinates":[[[[461124.16,1739619.49],[461124.73,1739630.9],[461137.34,1739630.28],[461136.77,1739618.87],[461124.16,1739619.49]]]]}},{"type":"Feature","properties":{"building":"yes","height":6,"heightSource":"default"},"geometry":{"type":"MultiPolygon","coordinates":[[[[461088.89,1739573.08],[461097.63,1739572.99],[461097.73,1739582.17],[461088.99,1739582.26],[461088.89,1739573.08]]]]}},{"type":"Feature","properties":{"building":"house","height":6,"heightSource":"default"},"geometry":{"type":"MultiPolygon","coordinates":[[[[461088.39,1739595.53],[461097.15,1739596.55],[461098.07,1739588.68],[461089.32,1739587.67],[461088.39,1739595.53]]]]}},{"type":"Feature","properties":{"building":"house","height":6,"heightSource":"default"},"geometry":{"type":"MultiPolygon","coordinates":[[[[461084.11,1739614.73],[461097.39,1739614.41],[461097.17,1739604.99],[461083.89,1739605.3],[461084.11,1739614.73]]]]}},{"type":"Feature","properties":{"building":"house","height":6,"heightSource":"default"},"geometry":{"type":"MultiPolygon","coordinates":[[[[461085.49,1739624.7],[461094.23,1739624.55],[461094.1,1739616.6],[461085.36,1739616.73],[461085.49,1739624.7]]]]}},{"type":"Feature","properties":{"building":"house","height":6,"heightSource":"default"},"geometry":{"type":"MultiPolygon","coordinates":[[[[461084.73,1739634.97],[461096.05,1739635.18],[461096.21,1739626.33],[461084.9,1739626.11],[461084.73,1739634.97]]]]}},{"type":"Feature","properties":{"building":"yes","height":6,"heightSource":"default"},"geometry":{"type":"MultiPolygon","coordinates":[[[[461242.11,1739480.68],[461256.87,1739482.27],[461258.22,1739469.86],[461243.46,1739468.27],[461242.11,1739480.68]]]]}},{"type":"Feature","properties":{"building":"yes","height":6,"heightSource":"default"},"geometry":{"type":"MultiPolygon","coordinates":[[[[461242.81,1739465.78],[461256.05,1739467.06],[461256.48,1739462.57],[461243.24,1739461.3],[461242.81,1739465.78]]]]}},{"type":"Feature","properties":{"building":"house","height":6,"heightSource":"default"},"geometry":{"type":"MultiPolygon","coordinates":[[[[461268.95,1739461.23],[461260.03,1739459.76],[461258.66,1739467.92],[461267.58,1739469.4],[461268.95,1739461.23]]]]}},{"type":"Feature","properties":{"building":"yes","height":6,"heightSource":"default"},"geometry":{"type":"MultiPolygon","coordinates":[[[[461273.09,1739467.91],[461278.6,1739468.49],[461279.5,1739459.8],[461273.98,1739459.24],[461273.09,1739467.91]]]]}},{"type":"Feature","properties":{"building":"yes","height":6,"heightSource":"default"},"geometry":{"type":"MultiPolygon","coordinates":[[[[461246.46,1739553.04],[461246.18,1739560.26],[461253.52,1739560.54],[461253.8,1739553.32],[461246.46,1739553.04]]]]}},{"type":"Feature","properties":{"building":"house","height":6,"heightSource":"default"},"geometry":{"type":"MultiPolygon","coordinates":[[[[461238.11,1739573.56],[461247.18,1739573.89],[461247.7,1739566.04],[461238.4,1739565.69],[461238.11,1739573.56]]]]}},{"type":"Feature","properties":{"building":"yes","height":6,"heightSource":"default"},"geometry":{"type":"MultiPolygon","coordinates":[[[[461246.52,1739575.69],[461256.8,1739576.38],[461257.55,1739565.22],[461247.81,1739564.58],[461247.7,1739566.04],[461247.18,1739573.89],[461246.52,1739575.69]]]]}},{"type":"Feature","properties":{"building":"yes","height":6,"heightSource":"default"},"geometry":{"type":"MultiPolygon","coordinates":[[[[461274.53,1739565.95],[461290.86,1739566.13],[461290.76,1739575.49],[461274.43,1739575.3],[461274.53,1739565.95]]]]}},{"type":"Feature","properties":{"building":"yes","height":6,"heightSource":"default"},"geometry":{"type":"MultiPolygon","coordinates":[[[[461241.33,1739590.07],[461258.98,1739590.34],[461259.16,1739579.2],[461241.5,1739578.92],[461241.33,1739590.07]]]]}},{"type":"Feature","properties":{"building":"house","height":6,"heightSource":"default"},"geometry":{"type":"MultiPolygon","coordinates":[[[[461270.47,1739582.7],[461262.71,1739582.41],[461262.37,1739591.61],[461270.13,1739591.89],[461270.47,1739582.7]]]]}},{"type":"Feature","properties":{"building":"yes","height":6,"heightSource":"default"},"geometry":{"type":"MultiPolygon","coordinates":[[[[461271.74,1739593.11],[461280.38,1739593.19],[461280.5,1739581.89],[461271.86,1739581.79],[461271.74,1739593.11]]]]}},{"type":"Feature","properties":{"building":"yes","height":6,"heightSource":"default"},"geometry":{"type":"MultiPolygon","coordinates":[[[[461301.48,1739577.39],[461290.59,1739576.75],[461289.55,1739594.23],[461300.44,1739594.87],[461301.48,1739577.39]]]]}},{"type":"Feature","properties":{"building":"house","height":6,"heightSource":"default"},"geometry":{"type":"MultiPolygon","coordinates":[[[[461289.53,1739596.49],[461297.26,1739596.73],[461296.89,1739608.87],[461289.14,1739608.63],[461289.53,1739596.49]]]]}},{"type":"Feature","properties":{"building":"yes","height":6,"heightSource":"default"},"geometry":{"type":"MultiPolygon","coordinates":[[[[461237.26,1739608.57],[461251.1,1739610.62],[461252.31,1739602.56],[461238.46,1739600.52],[461237.26,1739608.57]]]]}},{"type":"Feature","properties":{"building":"yes","height":6,"heightSource":"default"},"geometry":{"type":"MultiPolygon","coordinates":[[[[461235.33,1739619.45],[461260.88,1739622.63],[461262.08,1739613.12],[461236.52,1739609.95],[461235.33,1739619.45]]]]}},{"type":"Feature","properties":{"building":"yes","height":6,"heightSource":"default"},"geometry":{"type":"MultiPolygon","coordinates":[[[[461241.8,1739629.8],[461256.63,1739631.98],[461257.87,1739623.61],[461243.04,1739621.45],[461241.8,1739629.8]]]]}},{"type":"Feature","properties":{"building":"yes","height":6,"heightSource":"default"},"geometry":{"type":"MultiPolygon","coordinates":[[[[461305.25,1739635.57],[461318.52,1739636.93],[461319.35,1739629.04],[461306.07,1739627.68],[461305.25,1739635.57]]]]}},{"type":"Feature","properties":{"building":"yes","height":6,"heightSource":"default"},"geometry":{"type":"MultiPolygon","coordinates":[[[[461232.53,1739653.24],[461243.35,1739654.06],[461244.05,1739644.88],[461233.24,1739644.05],[461232.53,1739653.24]]]]}},{"type":"Feature","properties":{"building":"yes","height":6,"heightSource":"default"},"geometry":{"type":"MultiPolygon","coordinates":[[[[461229.58,1739672.58],[461240.67,1739673.85],[461241.75,1739664.61],[461230.65,1739663.34],[461229.58,1739672.58]]]]}},{"type":"Feature","properties":{"building":"yes","height":6,"heightSource":"default"},"geometry":{"type":"MultiPolygon","coordinates":[[[[461250.4,1739680.63],[461257.65,1739681],[461258.29,1739668.81],[461251.05,1739668.43],[461250.4,1739680.63]]]]}},{"type":"Feature","properties":{"building":"house","height":6,"heightSource":"default"},"geometry":{"type":"MultiPolygon","coordinates":[[[[461256.57,1739690.69],[461266.98,1739691.42],[461267.54,1739683.39],[461257.14,1739682.66],[461256.57,1739690.69]]]]}},{"type":"Feature","properties":{"building":"yes","height":6,"heightSource":"default"},"geometry":{"type":"MultiPolygon","coordinates":[[[[461275.56,1739678.83],[461285.13,1739679.43],[461285.65,1739671.05],[461276.09,1739670.46],[461275.56,1739678.83]]]]}},{"type":"Feature","properties":{"building":"house","height":6,"heightSource":"default"},"geometry":{"type":"MultiPolygon","coordinates":[[[[461291.04,1739700.79],[461311.26,1739704.61],[461309.55,1739713.56],[461289.33,1739709.74],[461291.04,1739700.79]]]]}},{"type":"Feature","properties":{"building":"house","height":6,"heightSource":"default"},"geometry":{"type":"MultiPolygon","coordinates":[[[[461229.61,1739706.25],[461245.62,1739706.12],[461245.54,1739696.77],[461229.53,1739696.91],[461229.61,1739706.25]]]]}},{"type":"Feature","properties":{"building":"house","height":6,"heightSource":"default"},"geometry":{"type":"MultiPolygon","coordinates":[[[[461229.76,1739728.78],[461238.43,1739728.8],[461238.46,1739720.1],[461229.79,1739720.09],[461229.76,1739728.78]]]]}},{"type":"Feature","properties":{"building":"house","height":6,"heightSource":"default"},"geometry":{"type":"MultiPolygon","coordinates":[[[[461220.62,1739743.3],[461230.12,1739743.5],[461230.31,1739734.81],[461220.81,1739734.61],[461220.62,1739743.3]]]]}},{"type":"Feature","properties":{"building":"house","height":6,"heightSource":"default"},"geometry":{"type":"MultiPolygon","coordinates":[[[[461220.09,1739761.96],[461229.1,1739763.26],[461230.48,1739753.94],[461221.47,1739752.63],[461220.09,1739761.96]]]]}},{"type":"Feature","properties":{"building":"yes","height":6,"heightSource":"default"},"geometry":{"type":"MultiPolygon","coordinates":[[[[461231.65,1739768.01],[461221.43,1739766.33],[461219.86,1739775.69],[461230.08,1739777.37],[461231.65,1739768.01]]]]}},{"type":"Feature","properties":{"building":"yes","height":6,"heightSource":"default"},"geometry":{"type":"MultiPolygon","coordinates":[[[[461218.54,1739809.29],[461230.35,1739809.55],[461230.55,1739800.6],[461218.74,1739800.34],[461218.54,1739809.29]]]]}},{"type":"Feature","properties":{"building":"yes","height":6,"heightSource":"default"},"geometry":{"type":"MultiPolygon","coordinates":[[[[461235.99,1739812.82],[461236.28,1739819.55],[461241.71,1739819.33],[461241.43,1739812.6],[461235.99,1739812.82]]]]}},{"type":"Feature","properties":{"building":"yes","height":6,"heightSource":"default"},"geometry":{"type":"MultiPolygon","coordinates":[[[[461259.68,1739795.35],[461268.92,1739793.85],[461267.76,1739786.81],[461258.52,1739788.31],[461259.68,1739795.35]]]]}},{"type":"Feature","properties":{"building":"yes","height":6,"heightSource":"default"},"geometry":{"type":"MultiPolygon","coordinates":[[[[461302.6,1739808.6],[461311.85,1739809.4],[461312.59,1739801.15],[461303.32,1739800.34],[461302.6,1739808.6]]]]}},{"type":"Feature","properties":{"building":"yes","height":6,"heightSource":"default"},"geometry":{"type":"MultiPolygon","coordinates":[[[[461299.8,1739824.23],[461309.61,1739824.51],[461309.87,1739815.15],[461300.07,1739814.87],[461299.8,1739824.23]]]]}},{"type":"Feature","properties":{"building":"yes","height":6,"heightSource":"default"},"geometry":{"type":"MultiPolygon","coordinates":[[[[461290.57,1739822.95],[461298.17,1739823.81],[461299.1,1739815.79],[461291.5,1739814.93],[461290.57,1739822.95]]]]}},{"type":"Feature","properties":{"building":"yes","height":6,"heightSource":"default"},"geometry":{"type":"MultiPolygon","coordinates":[[[[461282.88,1739799.5],[461288.74,1739799.58],[461288.82,1739793.93],[461282.96,1739793.85],[461282.88,1739799.5]]]]}},{"type":"Feature","properties":{"building":"yes","height":6,"heightSource":"default"},"geometry":{"type":"MultiPolygon","coordinates":[[[[461251.1,1739820.92],[461253.33,1739839.68],[461262.08,1739838.66],[461259.85,1739819.9],[461251.1,1739820.92]]]]}},{"type":"Feature","properties":{"building":"yes","height":6,"heightSource":"default"},"geometry":{"type":"MultiPolygon","coordinates":[[[[461219.97,1739837.02],[461240.28,1739840.37],[461241.65,1739832.18],[461221.34,1739828.83],[461219.97,1739837.02]]]]}},{"type":"Feature","properties":{"building":"house","height":6,"heightSource":"default"},"geometry":{"type":"MultiPolygon","coordinates":[[[[461330.65,1739809.43],[461336.98,1739808.34],[461335.48,1739799.83],[461329.16,1739800.93],[461330.65,1739809.43]]]]}},{"type":"Feature","properties":{"building":"house","height":6,"heightSource":"default"},"geometry":{"type":"MultiPolygon","coordinates":[[[[461322.96,1739838.37],[461331.77,1739837.43],[461330.88,1739829.32],[461322.08,1739830.26],[461322.96,1739838.37]]]]}},{"type":"Feature","properties":{"building":"yes","height":6,"heightSource":"default"},"geometry":{"type":"MultiPolygon","coordinates":[[[[461322.39,1739829.42],[461331.01,1739828.7],[461330.33,1739820.75],[461321.71,1739821.47],[461322.39,1739829.42]]]]}},{"type":"Feature","properties":{"building":"house","height":6,"heightSource":"default"},"geometry":{"type":"MultiPolygon","coordinates":[[[[461319.13,1739857.98],[461328.51,1739858.69],[461329.28,1739848.7],[461319.89,1739847.99],[461319.13,1739857.98]]]]}},{"type":"Feature","properties":{"building":"house","height":6,"heightSource":"default"},"geometry":{"type":"MultiPolygon","coordinates":[[[[461337.09,1739860.95],[461345.24,1739860.87],[461345.14,1739849.89],[461336.98,1739849.96],[461337.09,1739860.95]]]]}},{"type":"Feature","properties":{"building":"house","height":6,"heightSource":"default"},"geometry":{"type":"MultiPolygon","coordinates":[[[[461359.84,1739859.57],[461367.48,1739859.85],[461367.87,1739849.59],[461360.23,1739849.3],[461359.84,1739859.57]]]]}},{"type":"Feature","properties":{"building":"house","height":6,"heightSource":"default"},"geometry":{"type":"MultiPolygon","coordinates":[[[[461371.77,1739865.42],[461379.17,1739865.6],[461379.35,1739858.44],[461371.95,1739858.25],[461371.77,1739865.42]]]]}},{"type":"Feature","properties":{"building":"house","height":6,"heightSource":"default"},"geometry":{"type":"MultiPolygon","coordinates":[[[[461412.13,1739875.98],[461420.29,1739876.29],[461420.71,1739865.47],[461412.54,1739865.16],[461412.13,1739875.98]]]]}},{"type":"Feature","properties":{"building":"yes","height":6,"heightSource":"default"},"geometry":{"type":"MultiPolygon","coordinates":[[[[461413.38,1739864.18],[461422.42,1739864.34],[461422.61,1739854.01],[461413.57,1739853.85],[461413.38,1739864.18]]]]}},{"type":"Feature","properties":{"building":"house","height":6,"heightSource":"default"},"geometry":{"type":"MultiPolygon","coordinates":[[[[461447.51,1739882.48],[461456.45,1739882.58],[461456.54,1739874.36],[461447.61,1739874.26],[461447.51,1739882.48]]]]}},{"type":"Feature","properties":{"building":"yes","height":6,"heightSource":"default"},"geometry":{"type":"MultiPolygon","coordinates":[[[[461088.18,1739656.04],[461094.8,1739657.15],[461095.89,1739650.68],[461089.27,1739649.58],[461088.18,1739656.04]]]]}},{"type":"Feature","properties":{"building":"yes","height":6,"heightSource":"default"},"geometry":{"type":"MultiPolygon","coordinates":[[[[461101.62,1739663.02],[461109.73,1739664.27],[461111.02,1739656],[461102.9,1739654.75],[461101.62,1739663.02]]]]}},{"type":"Feature","properties":{"building":"house","height":6,"heightSource":"default"},"geometry":{"type":"MultiPolygon","coordinates":[[[[461148.3,1739664.35],[461156.79,1739665.52],[461157.9,1739657.55],[461149.41,1739656.38],[461148.3,1739664.35]]]]}},{"type":"Feature","properties":{"building":"house","height":6,"heightSource":"default"},"geometry":{"type":"MultiPolygon","coordinates":[[[[461174.32,1739673.39],[461184.39,1739674.86],[461185.61,1739666.59],[461175.54,1739665.13],[461174.32,1739673.39]]]]}},{"type":"Feature","properties":{"building":"house","height":6,"heightSource":"default"},"geometry":{"type":"MultiPolygon","coordinates":[[[[461177.37,1739703.99],[461184.67,1739704.52],[461185.2,1739697.28],[461177.91,1739696.75],[461177.37,1739703.99]]]]}},{"type":"Feature","properties":{"building":"house","height":6,"heightSource":"default"},"geometry":{"type":"MultiPolygon","coordinates":[[[[461169.87,1739715.37],[461179.45,1739715.54],[461179.57,1739707.86],[461170.01,1739707.7],[461169.87,1739715.37]]]]}},{"type":"Feature","properties":{"building":"yes","height":6,"heightSource":"default"},"geometry":{"type":"MultiPolygon","coordinates":[[[[461155.92,1739703.08],[461166.13,1739704.32],[461167.24,1739695.43],[461157.03,1739694.17],[461155.92,1739703.08]]]]}},{"type":"Feature","properties":{"building":"yes","height":6,"heightSource":"default"},"geometry":{"type":"MultiPolygon","coordinates":[[[[461158.51,1739716.08],[461168.65,1739716.48],[461169.04,1739706.69],[461158.91,1739706.29],[461158.51,1739716.08]]]]}},{"type":"Feature","properties":{"building":"house","height":6,"heightSource":"default"},"geometry":{"type":"MultiPolygon","coordinates":[[[[461159.79,1739727.68],[461146.89,1739726.19],[461145.36,1739739.29],[461148.15,1739739.6],[461147.67,1739743.76],[461160.49,1739745.26],[461160.81,1739742.54],[461163.98,1739742.9],[461164.84,1739735.63],[461162.4,1739735.34],[461162.94,1739730.66],[461159.48,1739730.26],[461159.79,1739727.68]]]]}},{"type":"Feature","properties":{"building":"house","height":6,"heightSource":"default"},"geometry":{"type":"MultiPolygon","coordinates":[[[[461170.45,1739744.42],[461178.29,1739744.51],[461178.39,1739735.85],[461170.55,1739735.76],[461170.45,1739744.42]]]]}},{"type":"Feature","properties":{"building":"yes","height":6,"heightSource":"default"},"geometry":{"type":"MultiPolygon","coordinates":[[[[461099.71,1739692.72],[461084.2,1739692.79],[461084.25,1739702.44],[461099.76,1739702.37],[461099.71,1739692.72]]]]}},{"type":"Feature","properties":{"building":"yes","height":6,"heightSource":"default"},"geometry":{"type":"MultiPolygon","coordinates":[[[[461158.26,1739756.67],[461177.74,1739758.35],[461178.57,1739748.87],[461159.1,1739747.17],[461158.26,1739756.67]]]]}},{"type":"Feature","properties":{"building":"yes","height":6,"heightSource":"default"},"geometry":{"type":"MultiPolygon","coordinates":[[[[461146.47,1739758.66],[461153.16,1739758.94],[461153.55,1739749.88],[461146.87,1739749.6],[461146.47,1739758.66]]]]}},{"type":"Feature","properties":{"building":"house","height":6,"heightSource":"default"},"geometry":{"type":"MultiPolygon","coordinates":[[[[461121.53,1739764.52],[461129.71,1739765.46],[461130.53,1739757.27],[461122.41,1739756.52],[461121.53,1739764.52]]]]}},{"type":"Feature","properties":{"building":"yes","height":6,"heightSource":"default"},"geometry":{"type":"MultiPolygon","coordinates":[[[[461076.59,1739782.72],[461084.74,1739783.02],[461084.82,1739780.93],[461090.51,1739781.13],[461090.75,1739774.45],[461076.89,1739773.95],[461076.59,1739782.72]]]]}},{"type":"Feature","properties":{"building":"yes","height":6,"heightSource":"default"},"geometry":{"type":"MultiPolygon","coordinates":[[[[461076.07,1739764.63],[461096.55,1739765.91],[461097.08,1739757.4],[461076.62,1739756.13],[461076.07,1739764.63]]]]}},{"type":"Feature","properties":{"building":"yes","height":6,"heightSource":"default"},"geometry":{"type":"MultiPolygon","coordinates":[[[[461106.58,1739762.91],[461121.53,1739764.52],[461122.41,1739756.52],[461107.46,1739754.91],[461106.58,1739762.91]]]]}},{"type":"Feature","properties":{"building":"house","height":6,"heightSource":"default"},"geometry":{"type":"MultiPolygon","coordinates":[[[[461166.59,1739773.95],[461174.84,1739774.59],[461175.54,1739765.57],[461167.29,1739764.95],[461166.59,1739773.95]]]]}},{"type":"Feature","properties":{"building":"house","height":6,"heightSource":"default"},"geometry":{"type":"MultiPolygon","coordinates":[[[[461165.72,1739766.22],[461155.6,1739765.07],[461154.46,1739775.03],[461160.56,1739775.73],[461160.98,1739772.07],[461165,1739772.53],[461165.72,1739766.22]]]]}},{"type":"Feature","properties":{"building":"yes","height":6,"heightSource":"default"},"geometry":{"type":"MultiPolygon","coordinates":[[[[461168.05,1739794.67],[461176.1,1739795.24],[461176.86,1739784.75],[461168.8,1739784.18],[461168.05,1739794.67]]]]}},{"type":"Feature","properties":{"building":"house","height":6,"heightSource":"default"},"geometry":{"type":"MultiPolygon","coordinates":[[[[461166.65,1739809.33],[461175.27,1739809.79],[461175.72,1739801.58],[461167.09,1739801.12],[461166.65,1739809.33]]]]}},{"type":"Feature","properties":{"building":"house","height":6,"heightSource":"default"},"geometry":{"type":"MultiPolygon","coordinates":[[[[461159.31,1739829.4],[461171.24,1739830.3],[461171.95,1739820.95],[461160.02,1739820.06],[461159.31,1739829.4]]]]}},{"type":"Feature","properties":{"building":"house","height":6,"heightSource":"default"},"geometry":{"type":"MultiPolygon","coordinates":[[[[461129.37,1739862.55],[461141.43,1739863.24],[461141.92,1739854.76],[461129.86,1739854.08],[461129.37,1739862.55]]]]}},{"type":"Feature","properties":{"building":"yes","height":6,"heightSource":"default"},"geometry":{"type":"MultiPolygon","coordinates":[[[[461155.22,1739857.5],[461170.74,1739857.61],[461170.79,1739850.83],[461155.28,1739850.72],[461155.22,1739857.5]]]]}},{"type":"Feature","properties":{"building":"yes","height":6,"heightSource":"default"},"geometry":{"type":"MultiPolygon","coordinates":[[[[461212.91,1739882.87],[461232.52,1739883.73],[461233.02,1739872.58],[461213.41,1739871.72],[461212.91,1739882.87]]]]}},{"type":"Feature","properties":{"building":"yes","height":6,"heightSource":"default"},"geometry":{"type":"MultiPolygon","coordinates":[[[[461072.41,1739956.23],[461086.03,1739955.31],[461085.39,1739945.92],[461071.76,1739946.84],[461072.41,1739956.23]]]]}},{"type":"Feature","properties":{"building":"house","height":6,"heightSource":"default"},"geometry":{"type":"MultiPolygon","coordinates":[[[[461070.99,1739940.08],[461085.58,1739939.35],[461085.19,1739931.98],[461070.61,1739932.73],[461070.99,1739940.08]]]]}},{"type":"Feature","properties":{"building":"house","height":6,"heightSource":"default"},"geometry":{"type":"MultiPolygon","coordinates":[[[[461151.86,1739953.94],[461163.3,1739954.28],[461163.56,1739945.74],[461152.14,1739945.4],[461151.86,1739953.94]]]]}},{"type":"Feature","properties":{"building":"house","height":6,"heightSource":"default"},"geometry":{"type":"MultiPolygon","coordinates":[[[[461151.44,1739940.05],[461164.62,1739940.27],[461164.79,1739930.21],[461151.62,1739929.99],[461151.44,1739940.05]]]]}},{"type":"Feature","properties":{"building":"yes","height":6,"heightSource":"default"},"geometry":{"type":"MultiPolygon","coordinates":[[[[461105.66,1739929.16],[461113.81,1739929.92],[461114.43,1739923.41],[461106.28,1739922.65],[461105.66,1739929.16]]]]}},{"type":"Feature","properties":{"building":"house","height":6,"heightSource":"default"},"geometry":{"type":"MultiPolygon","coordinates":[[[[461125.4,1739937.42],[461135.75,1739938.2],[461136.34,1739930.41],[461125.99,1739929.63],[461125.4,1739937.42]]]]}},{"type":"Feature","properties":{"building":"house","height":6,"heightSource":"default"},"geometry":{"type":"MultiPolygon","coordinates":[[[[461153.46,1739923.25],[461164.09,1739923.68],[461164.52,1739913.05],[461153.89,1739912.62],[461153.46,1739923.25]]]]}},{"type":"Feature","properties":{"building":"house","height":6,"heightSource":"default"},"geometry":{"type":"MultiPolygon","coordinates":[[[[461143.47,1739921.76],[461151.64,1739922.02],[461152,1739910.45],[461143.84,1739910.19],[461143.47,1739921.76]]]]}},{"type":"Feature","properties":{"building":"yes","height":6,"heightSource":"default"},"geometry":{"type":"MultiPolygon","coordinates":[[[[461070.08,1739966.55],[461092.01,1739967.78],[461092.39,1739961.19],[461070.44,1739959.97],[461070.08,1739966.55]]]]}},{"type":"Feature","properties":{"building":"yes","height":6,"heightSource":"default"},"geometry":{"type":"MultiPolygon","coordinates":[[[[461147.43,1739965.46],[461166.23,1739966.77],[461166.67,1739960.52],[461147.88,1739959.21],[461147.43,1739965.46]]]]}},{"type":"Feature","properties":{"building":"house","height":6,"heightSource":"default"},"geometry":{"type":"MultiPolygon","coordinates":[[[[461358.39,1739903.81],[461370.78,1739902.82],[461369.93,1739892.25],[461367.54,1739892.44],[461367.29,1739889.27],[461363.29,1739889.58],[461363.06,1739886.82],[461357.07,1739887.29],[461358.39,1739903.81]]]]}},{"type":"Feature","properties":{"building":"yes","height":6,"heightSource":"default"},"geometry":{"type":"MultiPolygon","coordinates":[[[[461382.31,1739928.83],[461391.86,1739929.33],[461392.26,1739921.93],[461382.7,1739921.43],[461382.31,1739928.83]]]]}},{"type":"Feature","properties":{"building":"yes","height":6,"heightSource":"default"},"geometry":{"type":"MultiPolygon","coordinates":[[[[461385.19,1739940.97],[461393.73,1739941.29],[461394.03,1739933.29],[461385.48,1739932.97],[461385.19,1739940.97]]]]}},{"type":"Feature","properties":{"building":"house","height":6,"heightSource":"default"},"geometry":{"type":"MultiPolygon","coordinates":[[[[461372.36,1739940.44],[461380.26,1739940.49],[461380.32,1739931.65],[461372.43,1739931.6],[461372.36,1739940.44]]]]}},{"type":"Feature","properties":{"building":"house","height":6,"heightSource":"default"},"geometry":{"type":"MultiPolygon","coordinates":[[[[461384.47,1739963.27],[461394.74,1739963.25],[461394.72,1739954.61],[461384.45,1739954.63],[461384.47,1739963.27]]]]}},{"type":"Feature","properties":{"building":"yes","height":6,"heightSource":"default"},"geometry":{"type":"MultiPolygon","coordinates":[[[[461362.66,1739948.4],[461369.19,1739948.65],[461369.49,1739941.16],[461362.96,1739940.91],[461362.66,1739948.4]]]]}},{"type":"Feature","properties":{"building":"house","height":6,"heightSource":"default"},"geometry":{"type":"MultiPolygon","coordinates":[[[[461386.33,1739973.28],[461394.95,1739973.31],[461394.98,1739966.08],[461386.35,1739966.07],[461386.33,1739973.28]]]]}},{"type":"Feature","properties":{"building":"yes","height":6,"heightSource":"default"},"geometry":{"type":"MultiPolygon","coordinates":[[[[461359.57,1739973.8],[461370.05,1739973.28],[461369.82,1739968.44],[461364.55,1739968.69],[461364.4,1739965.98],[461359.2,1739966.23],[461359.57,1739973.8]]]]}},{"type":"Feature","properties":{"building":"yes","height":6,"heightSource":"default"},"geometry":{"type":"MultiPolygon","coordinates":[[[[464662.2,1733901.11],[464670.04,1733921.68],[464687.02,1733915.29],[464679.17,1733894.72],[464662.2,1733901.11]]]]}},{"type":"Feature","properties":{"building":"house","height":6,"heightSource":"default"},"geometry":{"type":"MultiPolygon","coordinates":[[[[464726.37,1733860.09],[464734.63,1733857.59],[464732.11,1733849.4],[464723.86,1733851.89],[464726.37,1733860.09]]]]}},{"type":"Feature","properties":{"building":"house","height":6,"heightSource":"default"},"geometry":{"type":"MultiPolygon","coordinates":[[[[464647.76,1733860.57],[464649.96,1733866.38],[464656.11,1733864.08],[464653.9,1733858.27],[464647.76,1733860.57]]]]}},{"type":"Feature","properties":{"building":"yes","height":6,"heightSource":"default"},"geometry":{"type":"MultiPolygon","coordinates":[[[[462834.47,1733952.16],[462837.23,1733959.75],[462846.52,1733956.4],[462843.75,1733948.82],[462834.47,1733952.16]]]]}},{"type":"Feature","properties":{"building":"house","height":6,"heightSource":"default"},"geometry":{"type":"MultiPolygon","coordinates":[[[[462876.84,1733633.59],[462879.89,1733640.83],[462889.38,1733636.9],[462886.33,1733629.65],[462876.84,1733633.59]]]]}},{"type":"Feature","properties":{"building":"house","height":6,"heightSource":"default"},"geometry":{"type":"MultiPolygon","coordinates":[[[[463042.97,1733695.31],[463045.17,1733704.68],[463052.08,1733703.07],[463049.88,1733693.71],[463042.97,1733695.31]]]]}},{"type":"Feature","properties":{"building":"house","height":6,"heightSource":"default"},"geometry":{"type":"MultiPolygon","coordinates":[[[[465939.28,1732805.16],[465946.33,1732799.97],[465942.3,1732794.54],[465935.23,1732799.72],[465939.28,1732805.16]]]]}},{"type":"Feature","properties":{"building":"house","height":6,"heightSource":"default"},"geometry":{"type":"MultiPolygon","coordinates":[[[[465746.81,1732813.47],[465751.75,1732822],[465758.68,1732818.03],[465753.73,1732809.5],[465746.81,1732813.47]]]]}},{"type":"Feature","properties":{"building":"house","height":6,"heightSource":"default"},"geometry":{"type":"MultiPolygon","coordinates":[[[[466643.25,1733124.66],[466639.44,1733115.56],[466649.4,1733111.46],[466653.2,1733120.55],[466643.25,1733124.66]]]]}},{"type":"Feature","properties":{"building":"house","height":6,"heightSource":"default"},"geometry":{"type":"MultiPolygon","coordinates":[[[[466583.13,1733078.04],[466594.75,1733072.91],[466591.8,1733066.28],[466580.18,1733071.39],[466583.13,1733078.04]]]]}},{"type":"Feature","properties":{"building":"yes","height":6,"heightSource":"default"},"geometry":{"type":"MultiPolygon","coordinates":[[[[466594.34,1733055.69],[466590.63,1733046.93],[466597.15,1733044.2],[466600.86,1733052.96],[466594.34,1733055.69]]]]}},{"type":"Feature","properties":{"building":"yes","height":6,"heightSource":"default"},"geometry":{"type":"MultiPolygon","coordinates":[[[[466617.3,1733065.85],[466626.54,1733062.72],[466623.56,1733054.03],[466614.32,1733057.16],[466617.3,1733065.85]]]]}},{"type":"Feature","properties":{"building":"yes","height":6,"heightSource":"default"},"geometry":{"type":"MultiPolygon","coordinates":[[[[466656.6,1733069.72],[466667.02,1733065.75],[466664.07,1733058.08],[466653.65,1733062.05],[466656.6,1733069.72]]]]}},{"type":"Feature","properties":{"building":"yes","height":6,"heightSource":"default"},"geometry":{"type":"MultiPolygon","coordinates":[[[[466478.94,1733009.53],[466481.64,1733016.31],[466491.12,1733012.59],[466488.42,1733005.8],[466478.94,1733009.53]]]]}},{"type":"Feature","properties":{"building":"yes","height":6,"heightSource":"default"},"geometry":{"type":"MultiPolygon","coordinates":[[[[466770.26,1733165.09],[466785.74,1733161.2],[466783.86,1733153.79],[466768.38,1733157.7],[466770.26,1733165.09]]]]}},{"type":"Feature","properties":{"building":"yes","height":6,"heightSource":"default"},"geometry":{"type":"MultiPolygon","coordinates":[[[[466667.22,1733096.29],[466682.32,1733089.86],[466679.18,1733082.58],[466664.08,1733089],[466667.22,1733096.29]]]]}},{"type":"Feature","properties":{"building":"yes","height":6,"heightSource":"default"},"geometry":{"type":"MultiPolygon","coordinates":[[[[466501.08,1732922.38],[466506.03,1732921.44],[466504.73,1732914.69],[466499.77,1732915.65],[466501.08,1732922.38]]]]}},{"type":"Feature","properties":{"building":"yes","height":6,"heightSource":"default"},"geometry":{"type":"MultiPolygon","coordinates":[[[[466469.68,1732916.05],[466476.75,1732914.55],[466478.14,1732921.06],[466471.07,1732922.56],[466469.68,1732916.05]]]]}},{"type":"Feature","properties":{"building":"yes","height":6,"heightSource":"default"},"geometry":{"type":"MultiPolygon","coordinates":[[[[466263.03,1732949.7],[466270.96,1732945.2],[466267.87,1732939.82],[466259.93,1732944.32],[466263.03,1732949.7]]]]}},{"type":"Feature","properties":{"building":"yes","height":6,"heightSource":"default"},"geometry":{"type":"MultiPolygon","coordinates":[[[[466276.75,1732936.98],[466281.17,1732934.09],[466278.69,1732930.33],[466274.25,1732933.23],[466276.75,1732936.98]]]]}},{"type":"Feature","properties":{"building":"yes","height":6,"heightSource":"default"},"geometry":{"type":"MultiPolygon","coordinates":[[[[466271.46,1732920.33],[466274.63,1732926.94],[466279.15,1732924.8],[466275.98,1732918.19],[466271.46,1732920.33]]]]}},{"type":"Feature","properties":{"building":"yes","height":6,"heightSource":"default"},"geometry":{"type":"MultiPolygon","coordinates":[[[[466207.57,1732886.12],[466215.63,1732879.53],[466211.9,1732875.04],[466203.84,1732881.62],[466207.57,1732886.12]]]]}},{"type":"Feature","properties":{"building":"yes","height":6,"heightSource":"default"},"geometry":{"type":"MultiPolygon","coordinates":[[[[466218.68,1732815.95],[466224.53,1732813.55],[466222.43,1732808.44],[466216.57,1732810.83],[466218.68,1732815.95]]]]}},{"type":"Feature","properties":{"building":"house","height":6,"heightSource":"default"},"geometry":{"type":"MultiPolygon","coordinates":[[[[467318.51,1734526.5],[467325.05,1734521.31],[467318.29,1734512.9],[467311.75,1734518.1],[467318.51,1734526.5]]]]}},{"type":"Feature","properties":{"building":"yes","height":6,"heightSource":"default"},"geometry":{"type":"MultiPolygon","coordinates":[[[[467343.27,1734511.45],[467351.29,1734506.74],[467346.97,1734499.47],[467338.95,1734504.18],[467343.27,1734511.45]]]]}},{"type":"Feature","properties":{"building":"yes","height":6,"heightSource":"default"},"geometry":{"type":"MultiPolygon","coordinates":[[[[467409.26,1734463.1],[467414.84,1734459.59],[467411.3,1734454.02],[467405.71,1734457.53],[467409.26,1734463.1]]]]}},{"type":"Feature","properties":{"building":"yes","height":6,"heightSource":"default"},"geometry":{"type":"MultiPolygon","coordinates":[[[[467349.54,1734356.61],[467355.57,1734365.04],[467361.74,1734360.69],[467355.72,1734352.26],[467349.54,1734356.61]]]]}},{"type":"Feature","properties":{"building":"house","height":6,"heightSource":"default"},"geometry":{"type":"MultiPolygon","coordinates":[[[[467345.21,1734342.73],[467350.05,1734349.58],[467355.19,1734346.01],[467350.34,1734339.15],[467345.21,1734342.73]]]]}},{"type":"Feature","properties":{"building":"yes","height":6,"heightSource":"default"},"geometry":{"type":"MultiPolygon","coordinates":[[[[467261.09,1734164.72],[467271.27,1734160.41],[467268.81,1734154.64],[467258.61,1734158.94],[467261.09,1734164.72]]]]}},{"type":"Feature","properties":{"building":"house","height":6,"heightSource":"default"},"geometry":{"type":"MultiPolygon","coordinates":[[[[467288.5,1734188.19],[467296.8,1734183.35],[467293.74,1734178.17],[467285.44,1734183],[467288.5,1734188.19]]]]}},{"type":"Feature","properties":{"building":"yes","height":6,"heightSource":"default"},"geometry":{"type":"MultiPolygon","coordinates":[[[[467535.98,1734514.08],[467537.63,1734518.65],[467544.02,1734516.35],[467542.36,1734511.79],[467535.98,1734514.08]]]]}},{"type":"Feature","properties":{"building":"yes","height":6,"heightSource":"default"},"geometry":{"type":"MultiPolygon","coordinates":[[[[466639.57,1734529.48],[466646.45,1734527.39],[466643.79,1734518.73],[466636.92,1734520.8],[466639.57,1734529.48]]]]}},{"type":"Feature","properties":{"building":"house","height":6,"heightSource":"default"},"geometry":{"type":"MultiPolygon","coordinates":[[[[466671.24,1734512.96],[466675.94,1734511.59],[466674.72,1734507.43],[466670.02,1734508.8],[466671.24,1734512.96]]]]}},{"type":"Feature","properties":{"building":"yes","height":6,"heightSource":"default"},"geometry":{"type":"MultiPolygon","coordinates":[[[[469457.43,1731506.63],[469459.4,1731498.5],[469468.46,1731500.67],[469466.49,1731508.8],[469457.43,1731506.63]]]]}},{"type":"Feature","properties":{"building":"yes","height":6,"heightSource":"default"},"geometry":{"type":"MultiPolygon","coordinates":[[[[467524.31,1731862.91],[467520.3,1731850.24],[467529.75,1731847.28],[467533.77,1731859.95],[467524.31,1731862.91]]]]}},{"type":"Feature","properties":{"building":"yes","height":6,"heightSource":"default"},"geometry":{"type":"MultiPolygon","coordinates":[[[[467587,1732292.29],[467600.84,1732287.89],[467598.24,1732279.81],[467584.4,1732284.21],[467587,1732292.29]]]]}},{"type":"Feature","properties":{"building":"yes","height":6,"heightSource":"default"},"geometry":{"type":"MultiPolygon","coordinates":[[[[467448.71,1732312.81],[467459.16,1732310.61],[467457.35,1732302.1],[467446.89,1732304.31],[467448.71,1732312.81]]]]}},{"type":"Feature","properties":{"building":"yes","height":6,"heightSource":"default"},"geometry":{"type":"MultiPolygon","coordinates":[[[[464517.73,1733282.35],[464521.16,1733287.62],[464526.46,1733284.61],[464524.18,1733279.71],[464517.73,1733282.35]]]]}},{"type":"Feature","properties":{"building":"yes","height":6,"heightSource":"default"},"geometry":{"type":"MultiPolygon","coordinates":[[[[465598.56,1732977.37],[465604.91,1732981.7],[465608.61,1732976.36],[465602.27,1732972.02],[465598.56,1732977.37]]]]}},{"type":"Feature","properties":{"building":"yes","height":6,"heightSource":"default"},"geometry":{"type":"MultiPolygon","coordinates":[[[[463518.76,1733551.48],[463522.06,1733556.45],[463525.99,1733553.86],[463522.69,1733548.9],[463518.76,1733551.48]]]]}},{"type":"Feature","properties":{"building":"yes","height":6,"heightSource":"default"},"geometry":{"type":"MultiPolygon","coordinates":[[[[465127.87,1734196.15],[465130.19,1734205.9],[465137.4,1734204.2],[465135.07,1734194.46],[465127.87,1734196.15]]]]}},{"type":"Feature","properties":{"building":"yes","height":6,"heightSource":"default"},"geometry":{"type":"MultiPolygon","coordinates":[[[[465181.26,1734191.9],[465207.79,1734188.41],[465206.87,1734181.6],[465180.35,1734185.09],[465181.26,1734191.9]]]]}},{"type":"Feature","properties":{"building":"yes","height":6,"heightSource":"default"},"geometry":{"type":"MultiPolygon","coordinates":[[[[468466.16,1733269.86],[468471.45,1733268.94],[468469.59,1733258.28],[468464.31,1733259.2],[468466.16,1733269.86]]]]}},{"type":"Feature","properties":{"building":"yes","height":6,"heightSource":"default"},"geometry":{"type":"MultiPolygon","coordinates":[[[[464893.48,1734196.78],[464900.14,1734194.87],[464898.45,1734189.04],[464891.79,1734190.95],[464893.48,1734196.78]]]]}},{"type":"Feature","properties":{"building":"yes","height":6,"heightSource":"default"},"geometry":{"type":"MultiPolygon","coordinates":[[[[464968.15,1734438.05],[464975.12,1734432.87],[464970.73,1734427.02],[464963.75,1734432.2],[464968.15,1734438.05]]]]}},{"type":"Feature","properties":{"building":"yes","height":6,"heightSource":"default"},"geometry":{"type":"MultiPolygon","coordinates":[[[[462584.97,1734886.85],[462582.66,1734894.81],[462589.51,1734896.77],[462591.81,1734888.8],[462584.97,1734886.85]]]]}},{"type":"Feature","properties":{"building":"yes","height":6,"heightSource":"default"},"geometry":{"type":"MultiPolygon","coordinates":[[[[462593.01,1734911.68],[462601.95,1734914.22],[462604.3,1734906.03],[462595.37,1734903.49],[462593.01,1734911.68]]]]}},{"type":"Feature","properties":{"building":"house","height":6,"heightSource":"default"},"geometry":{"type":"MultiPolygon","coordinates":[[[[466392.39,1734706.35],[466398.91,1734711.14],[466403.92,1734704.43],[466397.4,1734699.63],[466392.39,1734706.35]]]]}},{"type":"Feature","properties":{"building":"yes","height":6,"heightSource":"default"},"geometry":{"type":"MultiPolygon","coordinates":[[[[466392.77,1734696.54],[466396.94,1734690.51],[466393.15,1734687.88],[466388.94,1734693.91],[466392.77,1734696.54]]]]}},{"type":"Feature","properties":{"building":"house","height":6,"heightSource":"default"},"geometry":{"type":"MultiPolygon","coordinates":[[[[466469.46,1734720.18],[466474.71,1734724.53],[466479.99,1734718.25],[466474.73,1734713.9],[466469.46,1734720.18]]]]}},{"type":"Feature","properties":{"building":"house","height":6,"heightSource":"default"},"geometry":{"type":"MultiPolygon","coordinates":[[[[466532.25,1734652.02],[466540.74,1734656.74],[466544.65,1734649.8],[466536.15,1734645.08],[466532.25,1734652.02]]]]}},{"type":"Feature","properties":{"building":"yes","height":6,"heightSource":"default"},"geometry":{"type":"MultiPolygon","coordinates":[[[[466207.37,1734725.59],[466216.03,1734717.32],[466209.3,1734710.36],[466200.64,1734718.63],[466207.37,1734725.59]]]]}},{"type":"Feature","properties":{"building":"house","height":6,"heightSource":"default"},"geometry":{"type":"MultiPolygon","coordinates":[[[[466199.73,1734709.58],[466207.04,1734702.9],[466202.68,1734698.21],[466195.38,1734704.89],[466199.73,1734709.58]]]]}},{"type":"Feature","properties":{"building":"yes","height":6,"heightSource":"default"},"geometry":{"type":"MultiPolygon","coordinates":[[[[466872.81,1735972.73],[466879.92,1735970.23],[466877.49,1735963.36],[466870.38,1735965.86],[466872.81,1735972.73]]]]}},{"type":"Feature","properties":{"building":"yes","height":6,"heightSource":"default"},"geometry":{"type":"MultiPolygon","coordinates":[[[[466704.99,1735858.14],[466710.72,1735855.37],[466707.8,1735849.39],[466702.07,1735852.16],[466704.99,1735858.14]]]]}},{"type":"Feature","properties":{"building":"yes","height":6,"heightSource":"default"},"geometry":{"type":"MultiPolygon","coordinates":[[[[466941.19,1735822.31],[466947.66,1735820.29],[466946.52,1735816.67],[466940.05,1735818.69],[466941.19,1735822.31]]]]}},{"type":"Feature","properties":{"building":"yes","height":6,"heightSource":"default"},"geometry":{"type":"MultiPolygon","coordinates":[[[[466707.63,1735654.18],[466707.41,1735646.86],[466713.25,1735646.69],[466713.46,1735654.01],[466707.63,1735654.18]]]]}},{"type":"Feature","properties":{"building":"yes","height":6,"heightSource":"default"},"geometry":{"type":"MultiPolygon","coordinates":[[[[466707.6,1735665.55],[466707.31,1735676.62],[466713.68,1735676.78],[466713.97,1735665.73],[466707.6,1735665.55]]]]}},{"type":"Feature","properties":{"building":"yes","height":6,"heightSource":"default"},"geometry":{"type":"MultiPolygon","coordinates":[[[[466754.87,1735098.57],[466770.27,1735090.09],[466767.45,1735085.01],[466752.05,1735093.5],[466754.87,1735098.57]]]]}},{"type":"Feature","properties":{"building":"yes","height":6,"heightSource":"default"},"geometry":{"type":"MultiPolygon","coordinates":[[[[466028.65,1734384.29],[466024.9,1734374.18],[466016.61,1734377.21],[466020.35,1734387.32],[466028.65,1734384.29]]]]}},{"type":"Feature","properties":{"building":"yes","height":6,"heightSource":"default"},"geometry":{"type":"MultiPolygon","coordinates":[[[[466024.71,1734371.85],[466029.01,1734382.13],[466037.2,1734378.75],[466032.9,1734368.47],[466024.71,1734371.85]]]]}},{"type":"Feature","properties":{"building":"yes","height":6,"heightSource":"default"},"geometry":{"type":"MultiPolygon","coordinates":[[[[466020.41,1734361.69],[466034.45,1734355.7],[466031.2,1734348.18],[466017.16,1734354.17],[466020.41,1734361.69]]]]}},{"type":"Feature","properties":{"building":"yes","height":6,"heightSource":"default"},"geometry":{"type":"MultiPolygon","coordinates":[[[[468234.14,1734582.35],[468253.78,1734572.19],[468249.75,1734564.48],[468230.1,1734574.64],[468234.14,1734582.35]]]]}},{"type":"Feature","properties":{"building":"yes","height":6,"heightSource":"default"},"geometry":{"type":"MultiPolygon","coordinates":[[[[468304.05,1734543.35],[468310.8,1734538.27],[468307.99,1734534.57],[468301.23,1734539.65],[468304.05,1734543.35]]]]}},{"type":"Feature","properties":{"building":"yes","height":6,"heightSource":"default"},"geometry":{"type":"MultiPolygon","coordinates":[[[[468359.23,1734662.63],[468363.1,1734668.53],[468369.51,1734664.38],[468365.63,1734658.48],[468359.23,1734662.63]]]]}},{"type":"Feature","properties":{"building":"yes","height":6,"heightSource":"default"},"geometry":{"type":"MultiPolygon","coordinates":[[[[468360.22,1734690.36],[468366.09,1734686.79],[468363.38,1734682.42],[468357.51,1734685.99],[468360.22,1734690.36]]]]}},{"type":"Feature","properties":{"building":"yes","height":6,"heightSource":"default"},"geometry":{"type":"MultiPolygon","coordinates":[[[[468163.11,1734704.43],[468169.41,1734702.2],[468167.06,1734695.65],[468160.77,1734697.89],[468163.11,1734704.43]]]]}},{"type":"Feature","properties":{"building":"yes","height":6,"heightSource":"default"},"geometry":{"type":"MultiPolygon","coordinates":[[[[468300.17,1734359.12],[468307.2,1734357.48],[468306.12,1734352.85],[468299.08,1734354.48],[468300.17,1734359.12]]]]}},{"type":"Feature","properties":{"building":"yes","height":6,"heightSource":"default"},"geometry":{"type":"MultiPolygon","coordinates":[[[[468243.17,1734353.28],[468251.51,1734348.4],[468248.48,1734343.26],[468240.13,1734348.14],[468243.17,1734353.28]]]]}},{"type":"Feature","properties":{"building":"yes","height":6,"heightSource":"default"},"geometry":{"type":"MultiPolygon","coordinates":[[[[466533.94,1735667.98],[466544.03,1735662.8],[466540.48,1735655.97],[466530.38,1735661.15],[466533.94,1735667.98]]]]}},{"type":"Feature","properties":{"building":"yes","height":6,"heightSource":"default"},"geometry":{"type":"MultiPolygon","coordinates":[[[[466398.32,1735621.33],[466400.57,1735629.91],[466406.62,1735628.36],[466404.37,1735619.78],[466398.32,1735621.33]]]]}},{"type":"Feature","properties":{"building":"yes","height":6,"heightSource":"default"},"geometry":{"type":"MultiPolygon","coordinates":[[[[466338.68,1735716.94],[466339.79,1735727.91],[466347.06,1735727.19],[466345.95,1735716.21],[466338.68,1735716.94]]]]}},{"type":"Feature","properties":{"building":"yes","height":6,"heightSource":"default"},"geometry":{"type":"MultiPolygon","coordinates":[[[[466378.43,1735804.11],[466389.22,1735802.11],[466388.04,1735795.72],[466377.24,1735797.7],[466378.43,1735804.11]]]]}},{"type":"Feature","properties":{"building":"yes","height":6,"heightSource":"default"},"geometry":{"type":"MultiPolygon","coordinates":[[[[466372.25,1735810.69],[466377.93,1735830.18],[466383.72,1735828.5],[466378.05,1735809.02],[466372.25,1735810.69]]]]}},{"type":"Feature","properties":{"building":"yes","height":6,"heightSource":"default"},"geometry":{"type":"MultiPolygon","coordinates":[[[[466384.75,1735829.24],[466386.32,1735835.8],[466396.21,1735833.47],[466394.65,1735826.91],[466384.75,1735829.24]]]]}},{"type":"Feature","properties":{"building":"yes","height":6,"heightSource":"default"},"geometry":{"type":"MultiPolygon","coordinates":[[[[466276.91,1736000.92],[466283.75,1736000.55],[466283.22,1735991.12],[466276.4,1735991.48],[466276.91,1736000.92]]]]}},{"type":"Feature","properties":{"building":"yes","height":6,"heightSource":"default"},"geometry":{"type":"MultiPolygon","coordinates":[[[[466469.9,1735418.53],[466474.3,1735433.52],[466485.37,1735430.32],[466480.96,1735415.33],[466469.9,1735418.53]]]]}},{"type":"Feature","properties":{"building":"house","height":6,"heightSource":"default"},"geometry":{"type":"MultiPolygon","coordinates":[[[[468541.82,1734031.9],[468538.6,1734025.3],[468526.78,1734030.99],[468529.98,1734037.59],[468541.82,1734031.9]]]]}},{"type":"Feature","properties":{"building":"house","height":6,"heightSource":"default"},"geometry":{"type":"MultiPolygon","coordinates":[[[[468580.61,1734235.35],[468590.19,1734230.83],[468594.25,1734239.31],[468584.65,1734243.83],[468580.61,1734235.35]]]]}},{"type":"Feature","properties":{"building":"yes","height":6,"heightSource":"default"},"geometry":{"type":"MultiPolygon","coordinates":[[[[468597.73,1734225.02],[468600.28,1734231.9],[468606.86,1734229.51],[468604.31,1734222.61],[468597.73,1734225.02]]]]}},{"type":"Feature","properties":{"building":"yes","height":6,"heightSource":"default"},"geometry":{"type":"MultiPolygon","coordinates":[[[[468587.04,1734210.19],[468590.6,1734220.96],[468598.36,1734218.41],[468594.8,1734207.64],[468587.04,1734210.19]]]]}},{"type":"Feature","properties":{"building":"yes","height":6,"heightSource":"default"},"geometry":{"type":"MultiPolygon","coordinates":[[[[468613.98,1734219.66],[468622.62,1734215.86],[468618.84,1734207.39],[468610.2,1734211.19],[468613.98,1734219.66]]]]}},{"type":"Feature","properties":{"building":"yes","height":6,"heightSource":"default"},"geometry":{"type":"MultiPolygon","coordinates":[[[[469102.36,1733928.83],[469110.88,1733937.1],[469117.39,1733930.46],[469108.88,1733922.2],[469102.36,1733928.83]]]]}},{"type":"Feature","properties":{"building":"yes","height":6,"heightSource":"default"},"geometry":{"type":"MultiPolygon","coordinates":[[[[469223.53,1733967.05],[469230.29,1733960.49],[469225.15,1733955.26],[469218.39,1733961.82],[469223.53,1733967.05]]]]}},{"type":"Feature","properties":{"building":"yes","height":6,"heightSource":"default"},"geometry":{"type":"MultiPolygon","coordinates":[[[[469177.21,1733813.83],[469186.96,1733820.59],[469191.69,1733813.86],[469181.94,1733807.11],[469177.21,1733813.83]]]]}},{"type":"Feature","properties":{"building":"yes","height":6,"heightSource":"default"},"geometry":{"type":"MultiPolygon","coordinates":[[[[469442.57,1734021.6],[469446.82,1734028.36],[469453.26,1734024.36],[469449.02,1734017.61],[469442.57,1734021.6]]]]}},{"type":"Feature","properties":{"building":"yes","height":6,"heightSource":"default"},"geometry":{"type":"MultiPolygon","coordinates":[[[[469760.93,1733893.92],[469764.27,1733901.88],[469769.79,1733899.6],[469766.46,1733891.64],[469760.93,1733893.92]]]]}},{"type":"Feature","properties":{"building":"yes","height":6,"heightSource":"default"},"geometry":{"type":"MultiPolygon","coordinates":[[[[463695.33,1734999.58],[463712.9,1734990.65],[463714.34,1734993.45],[463720.43,1734990.35],[463718.46,1734986.51],[463734.86,1734978.17],[463726.09,1734961.13],[463686.02,1734981.5],[463695.33,1734999.58]]]]}},{"type":"Feature","properties":{"building":"school","height":6,"heightSource":"default"},"geometry":{"type":"MultiPolygon","coordinates":[[[[463602.07,1734878.01],[463615.21,1734901.03],[463625.08,1734895.46],[463611.93,1734872.46],[463602.07,1734878.01]]]]}},{"type":"Feature","properties":{"building":"school","height":6,"heightSource":"default"},"geometry":{"type":"MultiPolygon","coordinates":[[[[463646.96,1734890.13],[463671.43,1734876.92],[463677.16,1734887.41],[463652.69,1734900.61],[463646.96,1734890.13]]]]}},{"type":"Feature","properties":{"building":"yes","height":6,"heightSource":"default"},"geometry":{"type":"MultiPolygon","coordinates":[[[[463599.31,1734898.99],[463607.26,1734916.19],[463615.44,1734912.46],[463607.49,1734895.26],[463599.31,1734898.99]]]]}},{"type":"Feature","properties":{"building":"yes","height":6,"heightSource":"default"},"geometry":{"type":"MultiPolygon","coordinates":[[[[463629.01,1734899.04],[463635.69,1734910.41],[463625.43,1734916.35],[463618.76,1734904.99],[463629.01,1734899.04]]]]}},{"type":"Feature","properties":{"building":"yes","height":6,"heightSource":"default"},"geometry":{"type":"MultiPolygon","coordinates":[[[[463584.71,1734927.41],[463572.54,1734931.51],[463575.1,1734939.03],[463580.8,1734937.1],[463581.49,1734939.14],[463585.77,1734937.69],[463584.84,1734934.95],[463587.03,1734934.22],[463584.71,1734927.41]]]]}},{"type":"Feature","properties":{"building":"yes","height":6,"heightSource":"default"},"geometry":{"type":"MultiPolygon","coordinates":[[[[463576.92,1734850.43],[463568.07,1734854.61],[463572.23,1734863.32],[463581.08,1734859.14],[463576.92,1734850.43]]]]}},{"type":"Feature","properties":{"building":"yes","height":6,"heightSource":"default"},"geometry":{"type":"MultiPolygon","coordinates":[[[[463607.5,1734826.31],[463632.51,1734805.84],[463625.27,1734797.11],[463600.26,1734817.58],[463607.5,1734826.31]]]]}},{"type":"Feature","properties":{"building":"yes","height":6,"heightSource":"default"},"geometry":{"type":"MultiPolygon","coordinates":[[[[463751.29,1734752.86],[463743.88,1734736.59],[463735.48,1734740.36],[463736.66,1734742.95],[463734.31,1734744],[463739.05,1734754.42],[463744.91,1734751.77],[463746.4,1734755.06],[463751.29,1734752.86]]]]}},{"type":"Feature","properties":{"building":"yes","height":6,"heightSource":"default"},"geometry":{"type":"MultiPolygon","coordinates":[[[[463684.06,1734772.02],[463679.97,1734764.86],[463673.16,1734768.71],[463677.26,1734775.87],[463684.06,1734772.02]]]]}},{"type":"Feature","properties":{"building":"yes","height":6,"heightSource":"default"},"geometry":{"type":"MultiPolygon","coordinates":[[[[463671.71,1734785.98],[463663.4,1734790.88],[463667.29,1734797.39],[463675.59,1734792.49],[463671.71,1734785.98]]]]}},{"type":"Feature","properties":{"building":"yes","height":6,"heightSource":"default"},"geometry":{"type":"MultiPolygon","coordinates":[[[[463685.29,1734831.62],[463693.26,1734828.68],[463698.18,1734824.92],[463690.08,1734809.51],[463684.24,1734812.54],[463683.1,1734810.39],[463677.71,1734813.2],[463679.72,1734817.03],[463672.67,1734820.7],[463676.96,1734828.86],[463682.36,1734826.05],[463685.29,1734831.62]]]]}},{"type":"Feature","properties":{"building":"yes","height":6,"heightSource":"default"},"geometry":{"type":"MultiPolygon","coordinates":[[[[463687.54,1734844.74],[463704.47,1734836.14],[463701,1734829.39],[463695.16,1734832.37],[463693.26,1734828.68],[463684.4,1734833.18],[463686.96,1734838.14],[463687.54,1734844.74]]]]}},{"type":"Feature","properties":{"building":"house","height":6,"heightSource":"default"},"geometry":{"type":"MultiPolygon","coordinates":[[[[463704.75,1734836.87],[463686.4,1734846.68],[463687.89,1734849.44],[463684.34,1734851.34],[463686.83,1734855.95],[463689.84,1734854.34],[463691.16,1734856.8],[463710.07,1734846.69],[463704.75,1734836.87]]]]}},{"type":"Feature","properties":{"building":"yes","height":6,"heightSource":"default"},"geometry":{"type":"MultiPolygon","coordinates":[[[[463695.72,1734862.63],[463702.16,1734859.07],[463699.37,1734854.09],[463692.94,1734857.65],[463695.72,1734862.63]]]]}},{"type":"Feature","properties":{"building":"house","height":6,"heightSource":"default"},"geometry":{"type":"MultiPolygon","coordinates":[[[[463707.21,1734867.46],[463713.12,1734864.04],[463708.95,1734856.92],[463703.04,1734860.34],[463707.21,1734867.46]]]]}},{"type":"Feature","properties":{"building":"house","height":6,"heightSource":"default"},"geometry":{"type":"MultiPolygon","coordinates":[[[[463705.5,1734883.67],[463719.95,1734875.68],[463713.85,1734864.76],[463704.92,1734869.68],[463706.59,1734872.67],[463709.44,1734871.09],[463711.22,1734874.27],[463702.83,1734878.9],[463705.5,1734883.67]]]]}},{"type":"Feature","properties":{"building":"house","height":6,"heightSource":"default"},"geometry":{"type":"MultiPolygon","coordinates":[[[[463723.46,1734891.61],[463720.22,1734880.11],[463708.47,1734884.28],[463711.13,1734891.63],[463713.41,1734891.24],[463715.31,1734894.63],[463723.46,1734891.61]]]]}},{"type":"Feature","properties":{"building":"house","height":6,"heightSource":"default"},"geometry":{"type":"MultiPolygon","coordinates":[[[[463733.48,1734873.05],[463736.56,1734880.58],[463744.22,1734877.49],[463741.15,1734869.96],[463733.48,1734873.05]]]]}},{"type":"Feature","properties":{"building":"house","height":6,"heightSource":"default"},"geometry":{"type":"MultiPolygon","coordinates":[[[[463761.54,1734865.5],[463765.76,1734877.06],[463758.75,1734879.59],[463754.54,1734868.02],[463761.54,1734865.5]]]]}},{"type":"Feature","properties":{"building":"house","height":6,"heightSource":"default"},"geometry":{"type":"MultiPolygon","coordinates":[[[[463749.21,1734882.94],[463756.96,1734880.14],[463751.69,1734865.72],[463743.93,1734868.52],[463749.21,1734882.94]]]]}},{"type":"Feature","properties":{"building":"house","height":6,"heightSource":"default"},"geometry":{"type":"MultiPolygon","coordinates":[[[[463768.23,1734860.38],[463772.48,1734873.19],[463780.7,1734870.5],[463776.45,1734857.69],[463768.23,1734860.38]]]]}},{"type":"Feature","properties":{"building":"house","height":6,"heightSource":"default"},"geometry":{"type":"MultiPolygon","coordinates":[[[[463793.88,1734867.16],[463789.79,1734853.23],[463778.6,1734856.48],[463781.68,1734866.95],[463786.43,1734865.58],[463787.44,1734869.03],[463793.88,1734867.16]]]]}},{"type":"Feature","properties":{"building":"house","height":6,"heightSource":"default"},"geometry":{"type":"MultiPolygon","coordinates":[[[[463743.74,1734862.99],[463752.01,1734858.76],[463748.26,1734851.53],[463740,1734855.75],[463743.74,1734862.99]]]]}},{"type":"Feature","properties":{"building":"yes","height":6,"heightSource":"default"},"geometry":{"type":"MultiPolygon","coordinates":[[[[463702.62,1734793.45],[463705.74,1734801.04],[463713.46,1734797.89],[463710.34,1734790.31],[463702.62,1734793.45]]]]}},{"type":"Feature","properties":{"building":"yes","height":6,"heightSource":"default"},"geometry":{"type":"MultiPolygon","coordinates":[[[[463707.31,1734836.38],[463711.5,1734844.51],[463718.74,1734840.84],[463714.55,1734832.7],[463707.31,1734836.38]]]]}},{"type":"Feature","properties":{"building":"yes","height":6,"heightSource":"default"},"geometry":{"type":"MultiPolygon","coordinates":[[[[463730.19,1734826.59],[463739.91,1734848.08],[463748.79,1734844.12],[463739.08,1734822.62],[463730.19,1734826.59]]]]}},{"type":"Feature","properties":{"building":"house","height":6,"heightSource":"default"},"geometry":{"type":"MultiPolygon","coordinates":[[[[463795.37,1734852.45],[463798.76,1734863.25],[463808.73,1734860.17],[463805.34,1734849.37],[463795.37,1734852.45]]]]}},{"type":"Feature","properties":{"building":"house","height":6,"heightSource":"default"},"geometry":{"type":"MultiPolygon","coordinates":[[[[463825.92,1734849.95],[463819.17,1734832.59],[463811.05,1734835.72],[463817.8,1734853.07],[463825.92,1734849.95]]]]}},{"type":"Feature","properties":{"building":"house","height":6,"heightSource":"default"},"geometry":{"type":"MultiPolygon","coordinates":[[[[463826.88,1734843.27],[463829.97,1734851.64],[463837.38,1734848.93],[463834.3,1734840.57],[463826.88,1734843.27]]]]}},{"type":"Feature","properties":{"building":"house","height":6,"heightSource":"default"},"geometry":{"type":"MultiPolygon","coordinates":[[[[463836.5,1734841.85],[463838.47,1734849.56],[463846.16,1734847.62],[463844.2,1734839.92],[463836.5,1734841.85]]]]}},{"type":"Feature","properties":{"building":"house","height":6,"heightSource":"default"},"geometry":{"type":"MultiPolygon","coordinates":[[[[463852.62,1734836.62],[463856.33,1734847.83],[463865.32,1734844.88],[463861.62,1734833.68],[463852.62,1734836.62]]]]}},{"type":"Feature","properties":{"building":"house","height":6,"heightSource":"default"},"geometry":{"type":"MultiPolygon","coordinates":[[[[463864.03,1734834.45],[463867.91,1734846.27],[463876.2,1734843.58],[463872.33,1734831.78],[463864.03,1734834.45]]]]}},{"type":"Feature","properties":{"building":"house","height":6,"heightSource":"default"},"geometry":{"type":"MultiPolygon","coordinates":[[[[463885.8,1734839.88],[463894.43,1734837.16],[463891.64,1734828.42],[463883.01,1734831.13],[463885.8,1734839.88]]]]}},{"type":"Feature","properties":{"building":"house","height":6,"heightSource":"default"},"geometry":{"type":"MultiPolygon","coordinates":[[[[463887.81,1734818.13],[463892.21,1734827.52],[463900.09,1734823.87],[463895.69,1734814.47],[463887.81,1734818.13]]]]}},{"type":"Feature","properties":{"building":"yes","height":6,"heightSource":"default"},"geometry":{"type":"MultiPolygon","coordinates":[[[[463895.29,1734809.16],[463903.04,1734827.07],[463912.48,1734823.04],[463904.74,1734805.12],[463895.29,1734809.16]]]]}},{"type":"Feature","properties":{"building":"yes","height":6,"heightSource":"default"},"geometry":{"type":"MultiPolygon","coordinates":[[[[463908.67,1734810.83],[463914.06,1734823.77],[463921.01,1734820.9],[463915.62,1734807.97],[463908.67,1734810.83]]]]}},{"type":"Feature","properties":{"building":"yes","height":6,"heightSource":"default"},"geometry":{"type":"MultiPolygon","coordinates":[[[[463922.17,1734822.02],[463924.23,1734827.29],[463931.87,1734824.35],[463929.8,1734819.06],[463922.17,1734822.02]]]]}},{"type":"Feature","properties":{"building":"house","height":6,"heightSource":"default"},"geometry":{"type":"MultiPolygon","coordinates":[[[[463928.91,1734808.66],[463932.29,1734819.31],[463940.61,1734816.71],[463937.23,1734806.05],[463928.91,1734808.66]]]]}},{"type":"Feature","properties":{"building":"house","height":6,"heightSource":"default"},"geometry":{"type":"MultiPolygon","coordinates":[[[[463937.86,1734807.18],[463941.9,1734814.6],[463949.02,1734810.77],[463944.98,1734803.35],[463937.86,1734807.18]]]]}},{"type":"Feature","properties":{"building":"yes","height":6,"heightSource":"default"},"geometry":{"type":"MultiPolygon","coordinates":[[[[463955.12,1734806.06],[463951.48,1734798.57],[463945.33,1734801.52],[463948.97,1734809.01],[463955.12,1734806.06]]]]}},{"type":"Feature","properties":{"building":"yes","height":6,"heightSource":"default"},"geometry":{"type":"MultiPolygon","coordinates":[[[[463880.75,1734798.01],[463883.82,1734808],[463890.65,1734805.92],[463887.59,1734795.95],[463880.75,1734798.01]]]]}},{"type":"Feature","properties":{"building":"house","height":6,"heightSource":"default"},"geometry":{"type":"MultiPolygon","coordinates":[[[[463972.31,1734793.89],[463975.19,1734801.4],[463983.56,1734798.25],[463980.69,1734790.72],[463972.31,1734793.89]]]]}},{"type":"Feature","properties":{"building":"house","height":6,"heightSource":"default"},"geometry":{"type":"MultiPolygon","coordinates":[[[[463968.24,1734783.76],[463971.97,1734792.39],[463980.07,1734788.93],[463976.35,1734780.3],[463968.24,1734783.76]]]]}},{"type":"Feature","properties":{"building":"house","height":6,"heightSource":"default"},"geometry":{"type":"MultiPolygon","coordinates":[[[[463980.84,1734781.55],[463987.14,1734795.47],[463994.97,1734791.96],[463988.68,1734778.05],[463980.84,1734781.55]]]]}},{"type":"Feature","properties":{"building":"yes","height":6,"heightSource":"default"},"geometry":{"type":"MultiPolygon","coordinates":[[[[463998.73,1734794.23],[464008.39,1734790.4],[464004.21,1734780],[463994.54,1734783.83],[463998.73,1734794.23]]]]}},{"type":"Feature","properties":{"building":"yes","height":6,"heightSource":"default"},"geometry":{"type":"MultiPolygon","coordinates":[[[[463904.33,1734792.41],[463907.54,1734800.89],[463915.1,1734798.06],[463911.89,1734789.59],[463904.33,1734792.41]]]]}},{"type":"Feature","properties":{"building":"yes","height":6,"heightSource":"default"},"geometry":{"type":"MultiPolygon","coordinates":[[[[463967.97,1734752.48],[463978.58,1734745.1],[463973.99,1734738.59],[463963.39,1734745.97],[463967.97,1734752.48]]]]}},{"type":"Feature","properties":{"building":"yes","height":6,"heightSource":"default"},"geometry":{"type":"MultiPolygon","coordinates":[[[[463819.19,1734727.7],[463825.32,1734738.71],[463838.48,1734731.48],[463832.35,1734720.46],[463819.19,1734727.7]]]]}},{"type":"Feature","properties":{"building":"yes","height":6,"heightSource":"default"},"geometry":{"type":"MultiPolygon","coordinates":[[[[463783.69,1734750.3],[463790.11,1734760.85],[463798.98,1734755.51],[463792.56,1734744.96],[463783.69,1734750.3]]]]}},{"type":"Feature","properties":{"building":"yes","height":6,"heightSource":"default"},"geometry":{"type":"MultiPolygon","coordinates":[[[[463775.93,1734756.67],[463779.81,1734763.18],[463785.75,1734759.68],[463781.87,1734753.17],[463775.93,1734756.67]]]]}},{"type":"Feature","properties":{"building":"yes","height":6,"heightSource":"default"},"geometry":{"type":"MultiPolygon","coordinates":[[[[463798.03,1734778.4],[463802.58,1734786.06],[463809.98,1734781.72],[463805.45,1734774.06],[463798.03,1734778.4]]]]}},{"type":"Feature","properties":{"building":"yes","height":6,"heightSource":"default"},"geometry":{"type":"MultiPolygon","coordinates":[[[[463695.13,1734925.9],[463698.69,1734933.77],[463706.03,1734930.48],[463702.46,1734922.62],[463695.13,1734925.9]]]]}},{"type":"Feature","properties":{"building":"yes","height":6,"heightSource":"default"},"geometry":{"type":"MultiPolygon","coordinates":[[[[463704.08,1734962.18],[463718.44,1734954.63],[463714.94,1734948.08],[463700.59,1734955.64],[463704.08,1734962.18]]]]}},{"type":"Feature","properties":{"building":"yes","height":6,"heightSource":"default"},"geometry":{"type":"MultiPolygon","coordinates":[[[[463664.96,1734952.77],[463674.02,1734949.55],[463670.3,1734939.22],[463661.24,1734942.43],[463664.96,1734952.77]]]]}},{"type":"Feature","properties":{"building":"yes","height":6,"heightSource":"default"},"geometry":{"type":"MultiPolygon","coordinates":[[[[463665.83,1734958.54],[463668.68,1734965.75],[463674.7,1734963.4],[463671.85,1734956.19],[463665.83,1734958.54]]]]}},{"type":"Feature","properties":{"building":"yes","height":6,"heightSource":"default"},"geometry":{"type":"MultiPolygon","coordinates":[[[[463672.08,1734973.18],[463674.81,1734980.22],[463682.15,1734977.43],[463679.42,1734970.38],[463672.08,1734973.18]]]]}},{"type":"Feature","properties":{"building":"yes","height":6,"heightSource":"default"},"geometry":{"type":"MultiPolygon","coordinates":[[[[463907.15,1735293.9],[463920.69,1735287.7],[463917.09,1735279.94],[463912.59,1735282],[463910.86,1735278.28],[463901.83,1735282.41],[463907.15,1735293.9]]]]}},{"type":"Feature","properties":{"building":"yes","height":6,"heightSource":"default"},"geometry":{"type":"MultiPolygon","coordinates":[[[[463963.21,1735415.38],[463976.72,1735412.47],[463974.59,1735402.64],[463961.06,1735405.55],[463963.21,1735415.38]]]]}},{"type":"Feature","properties":{"building":"house","height":6,"heightSource":"default"},"geometry":{"type":"MultiPolygon","coordinates":[[[[464053.02,1735476.67],[464058.62,1735486.9],[464068.44,1735481.58],[464062.83,1735471.36],[464053.02,1735476.67]]]]}},{"type":"Feature","properties":{"building":"yes","height":6,"heightSource":"default"},"geometry":{"type":"MultiPolygon","coordinates":[[[[463649.76,1735214.47],[463657.69,1735222.72],[463667.1,1735213.77],[463659.15,1735205.54],[463649.76,1735214.47]]]]}},{"type":"Feature","properties":{"building":"house","height":6,"heightSource":"default"},"geometry":{"type":"MultiPolygon","coordinates":[[[[463629.75,1735178.19],[463636.28,1735186.98],[463643.11,1735181.96],[463636.58,1735173.17],[463629.75,1735178.19]]]]}},{"type":"Feature","properties":{"building":"house","height":6,"heightSource":"default"},"geometry":{"type":"MultiPolygon","coordinates":[[[[463618.06,1735186.3],[463623.13,1735192.51],[463632.29,1735185.13],[463627.23,1735178.92],[463618.06,1735186.3]]]]}},{"type":"Feature","properties":{"building":"house","height":6,"heightSource":"default"},"geometry":{"type":"MultiPolygon","coordinates":[[[[463677.46,1735167.84],[463694.19,1735157.5],[463686.5,1735145.2],[463669.76,1735155.55],[463677.46,1735167.84]]]]}},{"type":"Feature","properties":{"building":"house","height":6,"heightSource":"default"},"geometry":{"type":"MultiPolygon","coordinates":[[[[463648.71,1735148.33],[463661.29,1735143.15],[463657.28,1735133.52],[463654.11,1735134.82],[463653.01,1735132.2],[463647.55,1735134.45],[463648.75,1735137.33],[463644.8,1735138.96],[463648.71,1735148.33]]]]}},{"type":"Feature","properties":{"building":"yes","height":6,"heightSource":"default"},"geometry":{"type":"MultiPolygon","coordinates":[[[[463635.33,1735156.57],[463638.89,1735163.14],[463645.48,1735159.6],[463641.93,1735153.04],[463635.33,1735156.57]]]]}},{"type":"Feature","properties":{"building":"yes","height":6,"heightSource":"default"},"geometry":{"type":"MultiPolygon","coordinates":[[[[463620.19,1735165.26],[463623.7,1735171.92],[463629.03,1735169.15],[463625.52,1735162.48],[463620.19,1735165.26]]]]}},{"type":"Feature","properties":{"building":"house","height":6,"heightSource":"default"},"geometry":{"type":"MultiPolygon","coordinates":[[[[463610.08,1735174.79],[463616.11,1735171.27],[463612.86,1735165.79],[463606.84,1735169.3],[463610.08,1735174.79]]]]}},{"type":"Feature","properties":{"building":"yes","height":6,"heightSource":"default"},"geometry":{"type":"MultiPolygon","coordinates":[[[[463602.56,1735160.27],[463605.4,1735167.33],[463613.01,1735164.32],[463610.18,1735157.25],[463602.56,1735160.27]]]]}},{"type":"Feature","properties":{"building":"yes","height":6,"heightSource":"default"},"geometry":{"type":"MultiPolygon","coordinates":[[[[463613.89,1735132.53],[463617.25,1735141.26],[463624.95,1735138.34],[463621.59,1735129.6],[463613.89,1735132.53]]]]}},{"type":"Feature","properties":{"building":"yes","height":6,"heightSource":"default"},"geometry":{"type":"MultiPolygon","coordinates":[[[[463633.29,1735151.9],[463641.06,1735148.94],[463633.16,1735128.39],[463625.4,1735131.33],[463633.29,1735151.9]]]]}},{"type":"Feature","properties":{"building":"house","height":6,"heightSource":"default"},"geometry":{"type":"MultiPolygon","coordinates":[[[[463677.29,1735118.04],[463681.2,1735126.32],[463688.95,1735122.7],[463685.05,1735114.44],[463677.29,1735118.04]]]]}},{"type":"Feature","properties":{"building":"yes","height":6,"heightSource":"default"},"geometry":{"type":"MultiPolygon","coordinates":[[[[463685.75,1735133.42],[463694.56,1735129.42],[463691.54,1735122.84],[463682.73,1735126.84],[463685.75,1735133.42]]]]}},{"type":"Feature","properties":{"building":"house","height":6,"heightSource":"default"},"geometry":{"type":"MultiPolygon","coordinates":[[[[463696.15,1735111.2],[463699.71,1735120.87],[463708.37,1735117.74],[463704.81,1735108.06],[463696.15,1735111.2]]]]}},{"type":"Feature","properties":{"building":"house","height":6,"heightSource":"default"},"geometry":{"type":"MultiPolygon","coordinates":[[[[463715.1,1735105.57],[463718.41,1735115.15],[463726.6,1735112.34],[463723.28,1735102.77],[463715.1,1735105.57]]]]}},{"type":"Feature","properties":{"building":"house","height":6,"heightSource":"default"},"geometry":{"type":"MultiPolygon","coordinates":[[[[463733.87,1735111.57],[463742.62,1735107.82],[463738.29,1735097.83],[463729.53,1735101.58],[463733.87,1735111.57]]]]}},{"type":"Feature","properties":{"building":"house","height":6,"heightSource":"default"},"geometry":{"type":"MultiPolygon","coordinates":[[[[463740.71,1735094.89],[463745.38,1735105.15],[463752.8,1735101.81],[463748.12,1735091.55],[463740.71,1735094.89]]]]}},{"type":"Feature","properties":{"building":"house","height":6,"heightSource":"default"},"geometry":{"type":"MultiPolygon","coordinates":[[[[463749.71,1735091.6],[463756.25,1735106.28],[463765.06,1735102.4],[463758.53,1735087.73],[463749.71,1735091.6]]]]}},{"type":"Feature","properties":{"building":"house","height":6,"heightSource":"default"},"geometry":{"type":"MultiPolygon","coordinates":[[[[463769.76,1735093.95],[463776.54,1735090.97],[463773.41,1735083.94],[463766.63,1735086.92],[463769.76,1735093.95]]]]}},{"type":"Feature","properties":{"building":"yes","height":6,"heightSource":"default"},"geometry":{"type":"MultiPolygon","coordinates":[[[[463770.59,1735094.84],[463773.92,1735102.25],[463779.59,1735099.72],[463776.25,1735092.32],[463770.59,1735094.84]]]]}},{"type":"Feature","properties":{"building":"house","height":6,"heightSource":"default"},"geometry":{"type":"MultiPolygon","coordinates":[[[[463802.93,1735079.28],[463815.99,1735073.19],[463812.27,1735065.29],[463799.19,1735071.37],[463802.93,1735079.28]]]]}},{"type":"Feature","properties":{"building":"house","height":6,"heightSource":"default"},"geometry":{"type":"MultiPolygon","coordinates":[[[[463807.5,1735081.27],[463811.69,1735089.6],[463820.04,1735085.45],[463815.86,1735077.12],[463807.5,1735081.27]]]]}},{"type":"Feature","properties":{"building":"house","height":6,"heightSource":"default"},"geometry":{"type":"MultiPolygon","coordinates":[[[[463779.23,1735096.48],[463785.3,1735109.83],[463793.47,1735106.16],[463787.4,1735092.8],[463779.23,1735096.48]]]]}},{"type":"Feature","properties":{"building":"yes","height":6,"heightSource":"default"},"geometry":{"type":"MultiPolygon","coordinates":[[[[463821.18,1735099.53],[463829.53,1735095.46],[463825.85,1735088.02],[463817.51,1735092.1],[463821.18,1735099.53]]]]}},{"type":"Feature","properties":{"building":"yes","height":6,"heightSource":"default"},"geometry":{"type":"MultiPolygon","coordinates":[[[[463828.3,1735110.81],[463839.02,1735104.98],[463833.97,1735095.8],[463823.25,1735101.64],[463828.3,1735110.81]]]]}},{"type":"Feature","properties":{"building":"house","height":6,"heightSource":"default"},"geometry":{"type":"MultiPolygon","coordinates":[[[[463838.83,1735134.15],[463849.85,1735126.92],[463843.75,1735117.75],[463839.91,1735120.27],[463838.03,1735117.44],[463830.85,1735122.17],[463838.83,1735134.15]]]]}},{"type":"Feature","properties":{"building":"yes","height":6,"heightSource":"default"},"geometry":{"type":"MultiPolygon","coordinates":[[[[463852.91,1735136.55],[463858.92,1735144.92],[463867.07,1735139.15],[463861.05,1735130.77],[463852.91,1735136.55]]]]}},{"type":"Feature","properties":{"building":"yes","height":6,"heightSource":"default"},"geometry":{"type":"MultiPolygon","coordinates":[[[[463854.89,1735164.5],[463865.34,1735157.91],[463860.33,1735150.06],[463849.89,1735156.65],[463854.89,1735164.5]]]]}},{"type":"Feature","properties":{"building":"yes","height":6,"heightSource":"default"},"geometry":{"type":"MultiPolygon","coordinates":[[[[463869.73,1735167.49],[463878.1,1735162.44],[463873.81,1735155.44],[463865.45,1735160.47],[463869.73,1735167.49]]]]}},{"type":"Feature","properties":{"building":"house","height":6,"heightSource":"default"},"geometry":{"type":"MultiPolygon","coordinates":[[[[463412.69,1735206.36],[463420.33,1735224.31],[463435.41,1735217.96],[463431.38,1735208.49],[463429.04,1735209.48],[463427.13,1735205.02],[463423.93,1735206.37],[463422.22,1735202.35],[463412.69,1735206.36]]]]}},{"type":"Feature","properties":{"building":"yes","height":6,"heightSource":"default"},"geometry":{"type":"MultiPolygon","coordinates":[[[[463407.67,1735183.03],[463418.37,1735179.78],[463415.86,1735171.58],[463405.16,1735174.83],[463407.67,1735183.03]]]]}},{"type":"Feature","properties":{"building":"house","height":6,"heightSource":"default"},"geometry":{"type":"MultiPolygon","coordinates":[[[[463412.81,1735117.03],[463422.53,1735113.51],[463419.89,1735106.31],[463410.17,1735109.83],[463412.81,1735117.03]]]]}},{"type":"Feature","properties":{"building":"house","height":6,"heightSource":"default"},"geometry":{"type":"MultiPolygon","coordinates":[[[[463457.29,1735186.82],[463460.88,1735198.96],[463471.69,1735195.8],[463468.09,1735183.66],[463457.29,1735186.82]]]]}},{"type":"Feature","properties":{"building":"house","height":6,"heightSource":"default"},"geometry":{"type":"MultiPolygon","coordinates":[[[[463469.26,1735176.84],[463472.44,1735187.27],[463479.56,1735185.14],[463476.38,1735174.69],[463469.26,1735176.84]]]]}},{"type":"Feature","properties":{"building":"house","height":6,"heightSource":"default"},"geometry":{"type":"MultiPolygon","coordinates":[[[[463495.79,1735174.87],[463503.65,1735172.37],[463500.93,1735163.91],[463493.07,1735166.4],[463495.79,1735174.87]]]]}},{"type":"Feature","properties":{"building":"house","height":6,"heightSource":"default"},"geometry":{"type":"MultiPolygon","coordinates":[[[[463530.75,1735164.85],[463538.38,1735163.03],[463536.21,1735154.03],[463528.58,1735155.86],[463530.75,1735164.85]]]]}},{"type":"Feature","properties":{"building":"house","height":6,"heightSource":"default"},"geometry":{"type":"MultiPolygon","coordinates":[[[[463534.3,1735185.23],[463543.66,1735183.39],[463541.96,1735174.88],[463532.61,1735176.72],[463534.3,1735185.23]]]]}},{"type":"Feature","properties":{"building":"house","height":6,"heightSource":"default"},"geometry":{"type":"MultiPolygon","coordinates":[[[[463544.1,1735164.9],[463552.52,1735162.31],[463549.79,1735153.55],[463541.37,1735156.14],[463544.1,1735164.9]]]]}},{"type":"Feature","properties":{"building":"house","height":6,"heightSource":"default"},"geometry":{"type":"MultiPolygon","coordinates":[[[[463551.96,1735153.28],[463554.75,1735162.19],[463563.86,1735159.37],[463561.08,1735150.45],[463551.96,1735153.28]]]]}},{"type":"Feature","properties":{"building":"house","height":6,"heightSource":"default"},"geometry":{"type":"MultiPolygon","coordinates":[[[[463573.72,1735151.38],[463582.32,1735149.27],[463579.97,1735139.84],[463571.37,1735141.96],[463573.72,1735151.38]]]]}},{"type":"Feature","properties":{"building":"yes","height":6,"heightSource":"default"},"geometry":{"type":"MultiPolygon","coordinates":[[[[463464.43,1735152.99],[463466.74,1735160.25],[463472.13,1735158.56],[463469.82,1735151.3],[463464.43,1735152.99]]]]}},{"type":"Feature","properties":{"building":"house","height":6,"heightSource":"default"},"geometry":{"type":"MultiPolygon","coordinates":[[[[463575.83,1735157.26],[463577.27,1735163.73],[463584.12,1735162.23],[463582.67,1735155.75],[463575.83,1735157.26]]]]}},{"type":"Feature","properties":{"building":"house","height":6,"heightSource":"default"},"geometry":{"type":"MultiPolygon","coordinates":[[[[463584.58,1735173.31],[463591.13,1735170.43],[463588.32,1735164.14],[463581.77,1735167.02],[463584.58,1735173.31]]]]}},{"type":"Feature","properties":{"building":"yes","height":6,"heightSource":"default"},"geometry":{"type":"MultiPolygon","coordinates":[[[[463581.37,1735186.59],[463594.94,1735174.77],[463600.19,1735180.7],[463586.62,1735192.53],[463581.37,1735186.59]]]]}},{"type":"Feature","properties":{"building":"yes","height":6,"heightSource":"default"},"geometry":{"type":"MultiPolygon","coordinates":[[[[463596.62,1735185.8],[463599.73,1735191.65],[463604.25,1735189.27],[463601.15,1735183.42],[463596.62,1735185.8]]]]}},{"type":"Feature","properties":{"building":"yes","height":6,"heightSource":"default"},"geometry":{"type":"MultiPolygon","coordinates":[[[[463597.7,1735196.94],[463605.65,1735191.47],[463610.68,1735198.69],[463602.72,1735204.15],[463597.7,1735196.94]]]]}},{"type":"Feature","properties":{"building":"house","height":6,"heightSource":"default"},"geometry":{"type":"MultiPolygon","coordinates":[[[[463601.25,1735208.03],[463595.88,1735211.94],[463600.12,1735217.7],[463605.49,1735213.8],[463601.25,1735208.03]]]]}},{"type":"Feature","properties":{"building":"house","height":6,"heightSource":"default"},"geometry":{"type":"MultiPolygon","coordinates":[[[[463618.7,1735224.7],[463626.1,1735218.29],[463622.11,1735213.77],[463614.73,1735220.2],[463618.7,1735224.7]]]]}},{"type":"Feature","properties":{"building":"house","height":6,"heightSource":"default"},"geometry":{"type":"MultiPolygon","coordinates":[[[[463381.5,1735076.98],[463401.42,1735074.1],[463399.81,1735063.21],[463379.91,1735066.1],[463381.5,1735076.98]]]]}},{"type":"Feature","properties":{"building":"yes","height":6,"heightSource":"default"},"geometry":{"type":"MultiPolygon","coordinates":[[[[463453.45,1735153.1],[463460.58,1735151.24],[463458.75,1735144.3],[463451.62,1735146.16],[463453.45,1735153.1]]]]}},{"type":"Feature","properties":{"building":"house","height":6,"heightSource":"default"},"geometry":{"type":"MultiPolygon","coordinates":[[[[463471.4,1735145.5],[463473.88,1735154.25],[463483.99,1735151.43],[463481.5,1735142.66],[463471.4,1735145.5]]]]}},{"type":"Feature","properties":{"building":"house","height":6,"heightSource":"default"},"geometry":{"type":"MultiPolygon","coordinates":[[[[463494.94,1735149.72],[463506.19,1735146.51],[463503.51,1735137.17],[463492.25,1735140.38],[463494.94,1735149.72]]]]}},{"type":"Feature","properties":{"building":"house","height":6,"heightSource":"default"},"geometry":{"type":"MultiPolygon","coordinates":[[[[463524.23,1735141.95],[463532.35,1735139.14],[463528.23,1735127.34],[463520.1,1735130.15],[463524.23,1735141.95]]]]}},{"type":"Feature","properties":{"building":"house","height":6,"heightSource":"default"},"geometry":{"type":"MultiPolygon","coordinates":[[[[463534.66,1735140.22],[463542.25,1735138.11],[463539.79,1735129.43],[463532.22,1735131.54],[463534.66,1735140.22]]]]}},{"type":"Feature","properties":{"building":"house","height":6,"heightSource":"default"},"geometry":{"type":"MultiPolygon","coordinates":[[[[463568.42,1735133.93],[463577.62,1735130.75],[463573.1,1735117.77],[463563.89,1735120.94],[463568.42,1735133.93]]]]}},{"type":"Feature","properties":{"building":"house","height":6,"heightSource":"default"},"geometry":{"type":"MultiPolygon","coordinates":[[[[463550.02,1735100.07],[463554.44,1735112.08],[463568.3,1735107.04],[463563.87,1735095.03],[463550.02,1735100.07]]]]}},{"type":"Feature","properties":{"building":"house","height":6,"heightSource":"default"},"geometry":{"type":"MultiPolygon","coordinates":[[[[463542.43,1735063.81],[463544.72,1735070.99],[463555.21,1735067.69],[463552.91,1735060.5],[463542.43,1735063.81]]]]}},{"type":"Feature","properties":{"building":"house","height":6,"heightSource":"default"},"geometry":{"type":"MultiPolygon","coordinates":[[[[463529.26,1735067.12],[463532.87,1735075.78],[463541.2,1735072.36],[463537.61,1735063.69],[463529.26,1735067.12]]]]}},{"type":"Feature","properties":{"building":"house","height":6,"heightSource":"default"},"geometry":{"type":"MultiPolygon","coordinates":[[[[463513.26,1735071.46],[463518.14,1735082.1],[463527.25,1735077.96],[463522.36,1735067.33],[463513.26,1735071.46]]]]}},{"type":"Feature","properties":{"building":"yes","height":6,"heightSource":"default"},"geometry":{"type":"MultiPolygon","coordinates":[[[[463500.49,1735074.41],[463503.91,1735083.27],[463513.37,1735079.66],[463509.96,1735070.8],[463500.49,1735074.41]]]]}},{"type":"Feature","properties":{"building":"yes","height":6,"heightSource":"default"},"geometry":{"type":"MultiPolygon","coordinates":[[[[463488.34,1735074.61],[463490.55,1735080.79],[463496.65,1735078.62],[463494.45,1735072.46],[463488.34,1735074.61]]]]}},{"type":"Feature","properties":{"building":"house","height":6,"heightSource":"default"},"geometry":{"type":"MultiPolygon","coordinates":[[[[463479.32,1735077.97],[463482.26,1735086.19],[463489.24,1735083.71],[463486.3,1735075.5],[463479.32,1735077.97]]]]}},{"type":"Feature","properties":{"building":"yes","height":6,"heightSource":"default"},"geometry":{"type":"MultiPolygon","coordinates":[[[[463471.32,1735096.96],[463466.28,1735082.9],[463457.2,1735086.12],[463462.25,1735100.17],[463471.32,1735096.96]]]]}},{"type":"Feature","properties":{"building":"yes","height":6,"heightSource":"default"},"geometry":{"type":"MultiPolygon","coordinates":[[[[463514.17,1735091.58],[463517.13,1735098.67],[463523.55,1735096.02],[463520.6,1735088.94],[463514.17,1735091.58]]]]}},{"type":"Feature","properties":{"building":"yes","height":6,"heightSource":"default"},"geometry":{"type":"MultiPolygon","coordinates":[[[[463447.76,1735120.54],[463446.25,1735112.88],[463438.41,1735114.42],[463439.92,1735122.06],[463447.76,1735120.54]]]]}},{"type":"Feature","properties":{"building":"yes","height":6,"heightSource":"default"},"geometry":{"type":"MultiPolygon","coordinates":[[[[463560.37,1735054.09],[463565.43,1735073.14],[463575.62,1735070.47],[463573.11,1735060.99],[463575.89,1735060.27],[463573.34,1735050.69],[463560.37,1735054.09]]]]}},{"type":"Feature","properties":{"building":"yes","height":6,"heightSource":"default"},"geometry":{"type":"MultiPolygon","coordinates":[[[[463574.31,1735077.89],[463581.35,1735076.09],[463579.92,1735070.65],[463572.88,1735072.46],[463574.31,1735077.89]]]]}},{"type":"Feature","properties":{"building":"yes","height":6,"heightSource":"default"},"geometry":{"type":"MultiPolygon","coordinates":[[[[463583.22,1735092.04],[463594.58,1735089.78],[463592.55,1735079.69],[463581.19,1735081.95],[463583.22,1735092.04]]]]}},{"type":"Feature","properties":{"building":"house","height":6,"heightSource":"default"},"geometry":{"type":"MultiPolygon","coordinates":[[[[463583.73,1735110.73],[463593,1735108.2],[463590.2,1735098.02],[463580.92,1735100.55],[463583.73,1735110.73]]]]}},{"type":"Feature","properties":{"building":"yes","height":6,"heightSource":"default"},"geometry":{"type":"MultiPolygon","coordinates":[[[[463583.56,1735120.03],[463585.36,1735128.4],[463593.02,1735126.77],[463591.23,1735118.4],[463583.56,1735120.03]]]]}},{"type":"Feature","properties":{"building":"house","height":6,"heightSource":"default"},"geometry":{"type":"MultiPolygon","coordinates":[[[[463614.85,1735118.54],[463611.92,1735107.07],[463603.47,1735109.19],[463606.39,1735120.67],[463614.85,1735118.54]]]]}},{"type":"Feature","properties":{"building":"house","height":6,"heightSource":"default"},"geometry":{"type":"MultiPolygon","coordinates":[[[[463608.08,1735093.75],[463615.44,1735113.63],[463628.3,1735108.93],[463620.95,1735089.04],[463608.08,1735093.75]]]]}},{"type":"Feature","properties":{"building":"house","height":6,"heightSource":"default"},"geometry":{"type":"MultiPolygon","coordinates":[[[[463635.89,1735107.59],[463644.65,1735105.66],[463642.49,1735096.01],[463633.74,1735097.94],[463635.89,1735107.59]]]]}},{"type":"Feature","properties":{"building":"house","height":6,"heightSource":"default"},"geometry":{"type":"MultiPolygon","coordinates":[[[[463645.76,1735104.08],[463653.27,1735102.54],[463651.18,1735092.49],[463643.67,1735094.02],[463645.76,1735104.08]]]]}},{"type":"Feature","properties":{"building":"house","height":6,"heightSource":"default"},"geometry":{"type":"MultiPolygon","coordinates":[[[[463659.21,1735106.17],[463669.03,1735104.05],[463667.45,1735096.77],[463657.62,1735098.88],[463659.21,1735106.17]]]]}},{"type":"Feature","properties":{"building":"yes","height":6,"heightSource":"default"},"geometry":{"type":"MultiPolygon","coordinates":[[[[463673.71,1735102.98],[463666.79,1735076.96],[463674.53,1735074.93],[463681.45,1735100.96],[463673.71,1735102.98]]]]}},{"type":"Feature","properties":{"building":"house","height":6,"heightSource":"default"},"geometry":{"type":"MultiPolygon","coordinates":[[[[463682.07,1735097.12],[463697.93,1735092.27],[463692.44,1735074.51],[463684.11,1735077.05],[463686.92,1735086.15],[463679.39,1735088.45],[463682.07,1735097.12]]]]}},{"type":"Feature","properties":{"building":"house","height":6,"heightSource":"default"},"geometry":{"type":"MultiPolygon","coordinates":[[[[463677.02,1735071.66],[463690.77,1735067.63],[463688.34,1735059.46],[463674.59,1735063.48],[463677.02,1735071.66]]]]}},{"type":"Feature","properties":{"building":"house","height":6,"heightSource":"default"},"geometry":{"type":"MultiPolygon","coordinates":[[[[463675.43,1735061.96],[463686.39,1735058.79],[463684.54,1735052.45],[463673.57,1735055.63],[463675.43,1735061.96]]]]}},{"type":"Feature","properties":{"building":"house","height":6,"heightSource":"default"},"geometry":{"type":"MultiPolygon","coordinates":[[[[463671.2,1735054.51],[463684.53,1735049.96],[463681.49,1735041.16],[463668.17,1735045.72],[463671.2,1735054.51]]]]}},{"type":"Feature","properties":{"building":"house","height":6,"heightSource":"default"},"geometry":{"type":"MultiPolygon","coordinates":[[[[463665.65,1735041.56],[463674.82,1735038.46],[463669.85,1735023.94],[463660.68,1735027.04],[463665.65,1735041.56]]]]}},{"type":"Feature","properties":{"building":"house","height":6,"heightSource":"default"},"geometry":{"type":"MultiPolygon","coordinates":[[[[463661.45,1735040.8],[463657.83,1735030.15],[463649.67,1735032.89],[463653.3,1735043.53],[463661.45,1735040.8]]]]}},{"type":"Feature","properties":{"building":"house","height":6,"heightSource":"default"},"geometry":{"type":"MultiPolygon","coordinates":[[[[463633.43,1735048.97],[463642.9,1735048.07],[463641.6,1735034.41],[463632.11,1735035.31],[463633.43,1735048.97]]]]}},{"type":"Feature","properties":{"building":"house","height":6,"heightSource":"default"},"geometry":{"type":"MultiPolygon","coordinates":[[[[463609.57,1735055.92],[463617.92,1735055.27],[463617.03,1735044.16],[463608.68,1735044.82],[463609.57,1735055.92]]]]}},{"type":"Feature","properties":{"building":"house","height":6,"heightSource":"default"},"geometry":{"type":"MultiPolygon","coordinates":[[[[463598.55,1735064.68],[463608.03,1735063.94],[463606.26,1735041.35],[463596.77,1735042.08],[463598.55,1735064.68]]]]}},{"type":"Feature","properties":{"building":"yes","height":6,"heightSource":"default"},"geometry":{"type":"MultiPolygon","coordinates":[[[[463582.13,1735068.24],[463590.52,1735067.14],[463589.53,1735059.66],[463581.13,1735060.77],[463582.13,1735068.24]]]]}},{"type":"Feature","properties":{"building":"yes","height":6,"heightSource":"default"},"geometry":{"type":"MultiPolygon","coordinates":[[[[463649.6,1735083.21],[463657.36,1735081.6],[463655.36,1735072.15],[463647.61,1735073.78],[463649.6,1735083.21]]]]}},{"type":"Feature","properties":{"building":"house","height":6,"heightSource":"default"},"geometry":{"type":"MultiPolygon","coordinates":[[[[463710.02,1735089.28],[463719.51,1735086.34],[463716.41,1735076.5],[463706.93,1735079.45],[463710.02,1735089.28]]]]}},{"type":"Feature","properties":{"building":"house","height":6,"heightSource":"default"},"geometry":{"type":"MultiPolygon","coordinates":[[[[463703.32,1735062.41],[463712.38,1735058.95],[463715.87,1735067.97],[463706.81,1735071.43],[463703.32,1735062.41]]]]}},{"type":"Feature","properties":{"building":"house","height":6,"heightSource":"default"},"geometry":{"type":"MultiPolygon","coordinates":[[[[463735.96,1735064.79],[463743.2,1735062.17],[463742.07,1735059.07],[463746.33,1735057.53],[463744.33,1735052.07],[463740.58,1735053.42],[463738.4,1735047.45],[463730.99,1735050.13],[463732.8,1735055.05],[463728.12,1735056.74],[463730.46,1735063.14],[463734.79,1735061.57],[463735.96,1735064.79]]]]}},{"type":"Feature","properties":{"building":"house","height":6,"heightSource":"default"},"geometry":{"type":"MultiPolygon","coordinates":[[[[463698.09,1735054.35],[463709.79,1735050.22],[463706.98,1735042.35],[463695.28,1735046.47],[463698.09,1735054.35]]]]}},{"type":"Feature","properties":{"building":"yes","height":6,"heightSource":"default"},"geometry":{"type":"MultiPolygon","coordinates":[[[[463695.4,1735037.06],[463702.86,1735034.06],[463700.4,1735028.02],[463692.95,1735031.02],[463695.4,1735037.06]]]]}},{"type":"Feature","properties":{"building":"house","height":6,"heightSource":"default"},"geometry":{"type":"MultiPolygon","coordinates":[[[[463688.79,1735030.59],[463699.84,1735026.45],[463696.04,1735016.45],[463685,1735020.58],[463688.79,1735030.59]]]]}},{"type":"Feature","properties":{"building":"yes","height":6,"heightSource":"default"},"geometry":{"type":"MultiPolygon","coordinates":[[[[463724.26,1735046.06],[463734.92,1735042.41],[463732.12,1735034.32],[463721.46,1735037.96],[463724.26,1735046.06]]]]}},{"type":"Feature","properties":{"building":"house","height":6,"heightSource":"default"},"geometry":{"type":"MultiPolygon","coordinates":[[[[463716.04,1735023.61],[463711.7,1735010.43],[463720.45,1735007.57],[463724.8,1735020.75],[463716.04,1735023.61]]]]}},{"type":"Feature","properties":{"building":"yes","height":6,"heightSource":"default"},"geometry":{"type":"MultiPolygon","coordinates":[[[[463725.86,1735015.06],[463733.71,1735012.31],[463730.93,1735004.46],[463723.08,1735007.21],[463725.86,1735015.06]]]]}},{"type":"Feature","properties":{"building":"house","height":6,"heightSource":"default"},"geometry":{"type":"MultiPolygon","coordinates":[[[[463762.32,1735070.68],[463771.7,1735067.41],[463768.78,1735059.12],[463759.39,1735062.39],[463762.32,1735070.68]]]]}},{"type":"Feature","properties":{"building":"house","height":6,"heightSource":"default"},"geometry":{"type":"MultiPolygon","coordinates":[[[[463773.93,1735065.27],[463782.23,1735062.46],[463779.26,1735053.81],[463770.96,1735056.64],[463773.93,1735065.27]]]]}},{"type":"Feature","properties":{"building":"house","height":6,"heightSource":"default"},"geometry":{"type":"MultiPolygon","coordinates":[[[[463786.16,1735064.23],[463794.76,1735060.74],[463790.32,1735049.95],[463781.73,1735053.43],[463786.16,1735064.23]]]]}},{"type":"Feature","properties":{"building":"house","height":6,"heightSource":"default"},"geometry":{"type":"MultiPolygon","coordinates":[[[[463785.12,1735044.02],[463794.83,1735038.23],[463791.06,1735031.97],[463781.35,1735037.77],[463785.12,1735044.02]]]]}},{"type":"Feature","properties":{"building":"yes","height":6,"heightSource":"default"},"geometry":{"type":"MultiPolygon","coordinates":[[[[463783.67,1735035.08],[463790.02,1735031],[463785.37,1735023.87],[463779.03,1735027.96],[463783.67,1735035.08]]]]}},{"type":"Feature","properties":{"building":"house","height":6,"heightSource":"default"},"geometry":{"type":"MultiPolygon","coordinates":[[[[463774.43,1735025.89],[463783.53,1735020.68],[463778.95,1735012.77],[463769.85,1735017.99],[463774.43,1735025.89]]]]}},{"type":"Feature","properties":{"building":"house","height":6,"heightSource":"default"},"geometry":{"type":"MultiPolygon","coordinates":[[[[463754.06,1735008.57],[463769.55,1735001.41],[463765.16,1734992.05],[463749.68,1734999.21],[463754.06,1735008.57]]]]}},{"type":"Feature","properties":{"building":"house","height":6,"heightSource":"default"},"geometry":{"type":"MultiPolygon","coordinates":[[[[463750.13,1735005.84],[463745.83,1734994.17],[463735.21,1734998.04],[463739.53,1735009.71],[463750.13,1735005.84]]]]}},{"type":"Feature","properties":{"building":"house","height":6,"heightSource":"default"},"geometry":{"type":"MultiPolygon","coordinates":[[[[463823.07,1735050.38],[463838.14,1735044.22],[463832.33,1735030.16],[463826.04,1735032.72],[463826.76,1735034.47],[463822.51,1735036.2],[463823.9,1735039.55],[463819.36,1735041.42],[463823.07,1735050.38]]]]}},{"type":"Feature","properties":{"building":"house","height":6,"heightSource":"default"},"geometry":{"type":"MultiPolygon","coordinates":[[[[463810.12,1735032.11],[463814.4,1735038.1],[463819.55,1735034.46],[463815.26,1735028.47],[463810.12,1735032.11]]]]}},{"type":"Feature","properties":{"building":"house","height":6,"heightSource":"default"},"geometry":{"type":"MultiPolygon","coordinates":[[[[463804.18,1735023.79],[463809.11,1735030.8],[463817.06,1735025.28],[463812.13,1735018.27],[463804.18,1735023.79]]]]}},{"type":"Feature","properties":{"building":"house","height":6,"heightSource":"default"},"geometry":{"type":"MultiPolygon","coordinates":[[[[463796.65,1735005.9],[463801.46,1735013.25],[463810.81,1735007.2],[463806,1734999.85],[463796.65,1735005.9]]]]}},{"type":"Feature","properties":{"building":"house","height":6,"heightSource":"default"},"geometry":{"type":"MultiPolygon","coordinates":[[[[463775.21,1734986.38],[463780.84,1735002.01],[463790.46,1734998.59],[463784.83,1734982.96],[463775.21,1734986.38]]]]}},{"type":"Feature","properties":{"building":"house","height":6,"heightSource":"default"},"geometry":{"type":"MultiPolygon","coordinates":[[[[463800.42,1734991.17],[463796.83,1734980.25],[463786.78,1734983.5],[463790.37,1734994.43],[463800.42,1734991.17]]]]}},{"type":"Feature","properties":{"building":"house","height":6,"heightSource":"default"},"geometry":{"type":"MultiPolygon","coordinates":[[[[463808.89,1734985.11],[463816.1,1734982.6],[463811.84,1734970.49],[463804.63,1734972.99],[463808.89,1734985.11]]]]}},{"type":"Feature","properties":{"building":"house","height":6,"heightSource":"default"},"geometry":{"type":"MultiPolygon","coordinates":[[[[463821.04,1734977.38],[463828.97,1734974.24],[463825.21,1734964.87],[463817.29,1734968.02],[463821.04,1734977.38]]]]}},{"type":"Feature","properties":{"building":"house","height":6,"heightSource":"default"},"geometry":{"type":"MultiPolygon","coordinates":[[[[463834.57,1734983.48],[463841.94,1734980.68],[463837.69,1734969.61],[463830.32,1734972.41],[463834.57,1734983.48]]]]}},{"type":"Feature","properties":{"building":"yes","height":6,"heightSource":"default"},"geometry":{"type":"MultiPolygon","coordinates":[[[[463821.53,1734990.56],[463832.65,1734987.01],[463830.34,1734979.85],[463820.88,1734982.88],[463822.1,1734986.63],[463820.43,1734987.17],[463821.53,1734990.56]]]]}},{"type":"Feature","properties":{"building":"yes","height":6,"heightSource":"default"},"geometry":{"type":"MultiPolygon","coordinates":[[[[463844.92,1735005.65],[463855.51,1735001.59],[463852.32,1734993.35],[463841.72,1734997.4],[463844.92,1735005.65]]]]}},{"type":"Feature","properties":{"building":"house","height":6,"heightSource":"default"},"geometry":{"type":"MultiPolygon","coordinates":[[[[463850.2,1734966.44],[463857.93,1734963.9],[463855.13,1734955.46],[463847.42,1734957.99],[463850.2,1734966.44]]]]}},{"type":"Feature","properties":{"building":"house","height":6,"heightSource":"default"},"geometry":{"type":"MultiPolygon","coordinates":[[[[463860.45,1734966.62],[463868.03,1734964.58],[463864.88,1734953],[463857.3,1734955.03],[463860.45,1734966.62]]]]}},{"type":"Feature","properties":{"building":"house","height":6,"heightSource":"default"},"geometry":{"type":"MultiPolygon","coordinates":[[[[463894.77,1735013.51],[463892.34,1735003.99],[463877.39,1735007.75],[463880.9,1735021.54],[463888.57,1735019.62],[463887.48,1735015.35],[463894.77,1735013.51]]]]}},{"type":"Feature","properties":{"building":"house","height":6,"heightSource":"default"},"geometry":{"type":"MultiPolygon","coordinates":[[[[463849.07,1735035.88],[463855.59,1735033.2],[463852.53,1735025.83],[463846.01,1735028.52],[463849.07,1735035.88]]]]}},{"type":"Feature","properties":{"building":"house","height":6,"heightSource":"default"},"geometry":{"type":"MultiPolygon","coordinates":[[[[463839.58,1735040.95],[463846.41,1735037.9],[463842.91,1735030.2],[463836.09,1735033.25],[463839.58,1735040.95]]]]}},{"type":"Feature","properties":{"building":"house","height":6,"heightSource":"default"},"geometry":{"type":"MultiPolygon","coordinates":[[[[463860.49,1735011.11],[463850.38,1735014.61],[463855.15,1735028.19],[463865.26,1735024.69],[463860.49,1735011.11]]]]}},{"type":"Feature","properties":{"building":"house","height":6,"heightSource":"default"},"geometry":{"type":"MultiPolygon","coordinates":[[[[463915.01,1735009.62],[463921.91,1735006.72],[463918.33,1734998.31],[463911.43,1735001.21],[463915.01,1735009.62]]]]}},{"type":"Feature","properties":{"building":"yes","height":6,"heightSource":"default"},"geometry":{"type":"MultiPolygon","coordinates":[[[[463866.54,1734990.28],[463874.51,1734990.2],[463874.42,1734980.71],[463866.45,1734980.79],[463866.54,1734990.28]]]]}},{"type":"Feature","properties":{"building":"house","height":6,"heightSource":"default"},"geometry":{"type":"MultiPolygon","coordinates":[[[[463925.03,1734997.87],[463930.14,1735006.9],[463937.43,1735002.81],[463932.32,1734993.78],[463925.03,1734997.87]]]]}},{"type":"Feature","properties":{"building":"house","height":6,"heightSource":"default"},"geometry":{"type":"MultiPolygon","coordinates":[[[[463922.98,1734995.76],[463930.34,1734992.05],[463926.44,1734984.39],[463919.08,1734988.1],[463922.98,1734995.76]]]]}},{"type":"Feature","properties":{"building":"house","height":6,"heightSource":"default"},"geometry":{"type":"MultiPolygon","coordinates":[[[[463917.61,1734987.65],[463926.87,1734982.81],[463921.8,1734973.19],[463912.52,1734978.03],[463917.61,1734987.65]]]]}},{"type":"Feature","properties":{"building":"house","height":6,"heightSource":"default"},"geometry":{"type":"MultiPolygon","coordinates":[[[[463914.32,1734964.83],[463924.29,1734962.84],[463922.6,1734954.53],[463912.64,1734956.53],[463914.32,1734964.83]]]]}},{"type":"Feature","properties":{"building":"house","height":6,"heightSource":"default"},"geometry":{"type":"MultiPolygon","coordinates":[[[[463910.44,1734950.67],[463918.64,1734948.08],[463915.61,1734938.66],[463907.42,1734941.25],[463910.44,1734950.67]]]]}},{"type":"Feature","properties":{"building":"yes","height":6,"heightSource":"default"},"geometry":{"type":"MultiPolygon","coordinates":[[[[463875.65,1734956.43],[463884.01,1734955.27],[463882.92,1734947.52],[463874.56,1734948.68],[463875.65,1734956.43]]]]}},{"type":"Feature","properties":{"building":"house","height":6,"heightSource":"default"},"geometry":{"type":"MultiPolygon","coordinates":[[[[463448.62,1735067.93],[463457.57,1735065.58],[463455.45,1735057.61],[463446.5,1735059.96],[463448.62,1735067.93]]]]}},{"type":"Feature","properties":{"building":"house","height":6,"heightSource":"default"},"geometry":{"type":"MultiPolygon","coordinates":[[[[463462.75,1735065.93],[463471.53,1735062.3],[463467.72,1735053.19],[463458.94,1735056.81],[463462.75,1735065.93]]]]}},{"type":"Feature","properties":{"building":"yes","height":6,"heightSource":"default"},"geometry":{"type":"MultiPolygon","coordinates":[[[[463416.41,1735033.03],[463425.13,1735030.77],[463422.74,1735021.72],[463414.04,1735023.98],[463416.41,1735033.03]]]]}},{"type":"Feature","properties":{"building":"yes","height":6,"heightSource":"default"},"geometry":{"type":"MultiPolygon","coordinates":[[[[463472.67,1735054.32],[463475.24,1735061.77],[463482.75,1735059.22],[463480.17,1735051.76],[463472.67,1735054.32]]]]}},{"type":"Feature","properties":{"building":"house","height":6,"heightSource":"default"},"geometry":{"type":"MultiPolygon","coordinates":[[[[463487.41,1735059.2],[463494.84,1735057.5],[463493.23,1735050.63],[463485.8,1735052.34],[463487.41,1735059.2]]]]}},{"type":"Feature","properties":{"building":"house","height":6,"heightSource":"default"},"geometry":{"type":"MultiPolygon","coordinates":[[[[463498.93,1735055.51],[463505.7,1735053.83],[463503.84,1735046.41],[463497.05,1735048.09],[463498.93,1735055.51]]]]}},{"type":"Feature","properties":{"building":"yes","height":6,"heightSource":"default"},"geometry":{"type":"MultiPolygon","coordinates":[[[[463512.98,1735053.8],[463519.67,1735051.19],[463517.31,1735045.23],[463510.62,1735047.83],[463512.98,1735053.8]]]]}},{"type":"Feature","properties":{"building":"yes","height":6,"heightSource":"default"},"geometry":{"type":"MultiPolygon","coordinates":[[[[463518.32,1735043.8],[463520.73,1735050.32],[463525.88,1735048.44],[463523.46,1735041.91],[463518.32,1735043.8]]]]}},{"type":"Feature","properties":{"building":"house","height":6,"heightSource":"default"},"geometry":{"type":"MultiPolygon","coordinates":[[[[463435.99,1735012.41],[463445.09,1735009.85],[463442.85,1735002],[463433.75,1735004.56],[463435.99,1735012.41]]]]}},{"type":"Feature","properties":{"building":"yes","height":6,"heightSource":"default"},"geometry":{"type":"MultiPolygon","coordinates":[[[[463460.93,1735006.67],[463467.72,1735005.77],[463467.04,1735000.78],[463460.26,1735001.68],[463460.93,1735006.67]]]]}},{"type":"Feature","properties":{"building":"house","height":6,"heightSource":"default"},"geometry":{"type":"MultiPolygon","coordinates":[[[[463486.2,1735005.02],[463494.42,1735003.03],[463491.68,1734991.78],[463483.46,1734993.76],[463486.2,1735005.02]]]]}},{"type":"Feature","properties":{"building":"house","height":6,"heightSource":"default"},"geometry":{"type":"MultiPolygon","coordinates":[[[[463495.99,1735001.43],[463507.35,1734998.38],[463504.44,1734987.69],[463493.09,1734990.74],[463495.99,1735001.43]]]]}},{"type":"Feature","properties":{"building":"yes","height":6,"heightSource":"default"},"geometry":{"type":"MultiPolygon","coordinates":[[[[463510.35,1734988.56],[463524.6,1734983.96],[463521.94,1734975.81],[463507.69,1734980.43],[463510.35,1734988.56]]]]}},{"type":"Feature","properties":{"building":"yes","height":6,"heightSource":"default"},"geometry":{"type":"MultiPolygon","coordinates":[[[[463516.47,1734997.61],[463527.03,1734994.33],[463524.35,1734985.81],[463513.79,1734989.09],[463516.47,1734997.61]]]]}},{"type":"Feature","properties":{"building":"yes","height":6,"heightSource":"default"},"geometry":{"type":"MultiPolygon","coordinates":[[[[463520.04,1735008.9],[463530.27,1735005.29],[463527.28,1734996.92],[463517.05,1735000.54],[463520.04,1735008.9]]]]}},{"type":"Feature","properties":{"building":"house","height":6,"heightSource":"default"},"geometry":{"type":"MultiPolygon","coordinates":[[[[463524.7,1735018.21],[463533.99,1735015.08],[463531.33,1735007.27],[463522.04,1735010.39],[463524.7,1735018.21]]]]}},{"type":"Feature","properties":{"building":"yes","height":6,"heightSource":"default"},"geometry":{"type":"MultiPolygon","coordinates":[[[[463527.39,1735026.55],[463532.62,1735041.27],[463539.39,1735038.89],[463534.16,1735024.19],[463527.39,1735026.55]]]]}},{"type":"Feature","properties":{"building":"house","height":6,"heightSource":"default"},"geometry":{"type":"MultiPolygon","coordinates":[[[[463533.71,1734967.67],[463538.02,1734981],[463548.12,1734977.77],[463543.81,1734964.45],[463533.71,1734967.67]]]]}},{"type":"Feature","properties":{"building":"house","height":6,"heightSource":"default"},"geometry":{"type":"MultiPolygon","coordinates":[[[[463554.35,1734982.2],[463563.26,1734979.44],[463559.5,1734967.43],[463550.59,1734970.19],[463554.35,1734982.2]]]]}},{"type":"Feature","properties":{"building":"house","height":6,"heightSource":"default"},"geometry":{"type":"MultiPolygon","coordinates":[[[[463540.62,1734992.76],[463548.32,1734990.3],[463545.83,1734982.61],[463538.13,1734985.08],[463540.62,1734992.76]]]]}},{"type":"Feature","properties":{"building":"yes","height":6,"heightSource":"default"},"geometry":{"type":"MultiPolygon","coordinates":[[[[463547.19,1735007.97],[463554.1,1735005.84],[463551.53,1734997.61],[463544.63,1734999.74],[463547.19,1735007.97]]]]}},{"type":"Feature","properties":{"building":"house","height":6,"heightSource":"default"},"geometry":{"type":"MultiPolygon","coordinates":[[[[463548.58,1735019.31],[463556.41,1735016.49],[463553.42,1735008.29],[463545.59,1735011.13],[463548.58,1735019.31]]]]}},{"type":"Feature","properties":{"building":"house","height":6,"heightSource":"default"},"geometry":{"type":"MultiPolygon","coordinates":[[[[463549.92,1735021.16],[463553.66,1735031.11],[463563.16,1735027.59],[463559.41,1735017.64],[463549.92,1735021.16]]]]}},{"type":"Feature","properties":{"building":"house","height":6,"heightSource":"default"},"geometry":{"type":"MultiPolygon","coordinates":[[[[463571.61,1735034.92],[463580.61,1735032.32],[463578.26,1735024.29],[463569.26,1735026.9],[463571.61,1735034.92]]]]}},{"type":"Feature","properties":{"building":"house","height":6,"heightSource":"default"},"geometry":{"type":"MultiPolygon","coordinates":[[[[463586.78,1735029.89],[463594.73,1735027.43],[463592.11,1735019.12],[463584.17,1735021.57],[463586.78,1735029.89]]]]}},{"type":"Feature","properties":{"building":"house","height":6,"heightSource":"default"},"geometry":{"type":"MultiPolygon","coordinates":[[[[463600.95,1735012.56],[463593.42,1735014.72],[463597.04,1735027.14],[463604.56,1735024.97],[463600.95,1735012.56]]]]}},{"type":"Feature","properties":{"building":"yes","height":6,"heightSource":"default"},"geometry":{"type":"MultiPolygon","coordinates":[[[[463610.24,1735027.71],[463619.7,1735025],[463615.83,1735011.72],[463606.37,1735014.44],[463610.24,1735027.71]]]]}},{"type":"Feature","properties":{"building":"house","height":6,"heightSource":"default"},"geometry":{"type":"MultiPolygon","coordinates":[[[[463636.23,1735016.88],[463646.36,1735013.8],[463642.04,1734999.77],[463631.91,1735002.85],[463636.23,1735016.88]]]]}},{"type":"Feature","properties":{"building":"yes","height":6,"heightSource":"default"},"geometry":{"type":"MultiPolygon","coordinates":[[[[463621.59,1735004.93],[463630.31,1735002.31],[463627.99,1734994.65],[463619.26,1734997.27],[463621.59,1735004.93]]]]}},{"type":"Feature","properties":{"building":"yes","height":6,"heightSource":"default"},"geometry":{"type":"MultiPolygon","coordinates":[[[[463648.79,1735006.19],[463658.29,1735002.67],[463653.62,1734990.21],[463644.12,1734993.74],[463648.79,1735006.19]]]]}},{"type":"Feature","properties":{"building":"house","height":6,"heightSource":"default"},"geometry":{"type":"MultiPolygon","coordinates":[[[[463651.51,1734982.26],[463661.08,1734979.15],[463658.5,1734971.32],[463648.94,1734974.44],[463651.51,1734982.26]]]]}},{"type":"Feature","properties":{"building":"house","height":6,"heightSource":"default"},"geometry":{"type":"MultiPolygon","coordinates":[[[[463647.51,1734965.31],[463655.13,1734962.85],[463652.14,1734953.7],[463644.52,1734956.17],[463647.51,1734965.31]]]]}},{"type":"Feature","properties":{"building":"house","height":6,"heightSource":"default"},"geometry":{"type":"MultiPolygon","coordinates":[[[[463579.55,1734968.3],[463588.22,1734965.82],[463584.81,1734954.06],[463576.14,1734956.55],[463579.55,1734968.3]]]]}},{"type":"Feature","properties":{"building":"house","height":6,"heightSource":"default"},"geometry":{"type":"MultiPolygon","coordinates":[[[[463608.68,1734963.71],[463617.57,1734961.03],[463613.91,1734949.04],[463605.03,1734951.71],[463608.68,1734963.71]]]]}},{"type":"Feature","properties":{"building":"house","height":6,"heightSource":"default"},"geometry":{"type":"MultiPolygon","coordinates":[[[[463624.01,1734955.33],[463632.32,1734952.68],[463628.46,1734940.71],[463620.14,1734943.36],[463624.01,1734955.33]]]]}},{"type":"Feature","properties":{"building":"house","height":6,"heightSource":"default"},"geometry":{"type":"MultiPolygon","coordinates":[[[[463640.87,1734947.76],[463648.99,1734944.9],[463645.64,1734935.51],[463637.52,1734938.37],[463640.87,1734947.76]]]]}},{"type":"Feature","properties":{"building":"house","height":6,"heightSource":"default"},"geometry":{"type":"MultiPolygon","coordinates":[[[[463757.73,1734960.79],[463762.63,1734969.38],[463771.51,1734964.37],[463766.61,1734955.79],[463757.73,1734960.79]]]]}},{"type":"Feature","properties":{"building":"house","height":6,"heightSource":"default"},"geometry":{"type":"MultiPolygon","coordinates":[[[[463758.53,1734956.66],[463769.03,1734950.41],[463763.8,1734941.73],[463753.3,1734947.99],[463758.53,1734956.66]]]]}},{"type":"Feature","properties":{"building":"house","height":6,"heightSource":"default"},"geometry":{"type":"MultiPolygon","coordinates":[[[[463785.43,1734963.1],[463794.5,1734961.63],[463791.62,1734944.09],[463782.57,1734945.55],[463785.43,1734963.1]]]]}},{"type":"Feature","properties":{"building":"house","height":6,"heightSource":"default"},"geometry":{"type":"MultiPolygon","coordinates":[[[[463798.08,1734959.32],[463805.29,1734956.99],[463802.3,1734947.89],[463795.1,1734950.23],[463798.08,1734959.32]]]]}},{"type":"Feature","properties":{"building":"yes","height":6,"heightSource":"default"},"geometry":{"type":"MultiPolygon","coordinates":[[[[463812.58,1734956.32],[463820.48,1734953.31],[463817.73,1734946.18],[463809.83,1734949.18],[463812.58,1734956.32]]]]}},{"type":"Feature","properties":{"building":"house","height":6,"heightSource":"default"},"geometry":{"type":"MultiPolygon","coordinates":[[[[463819.4,1734946.3],[463823.36,1734956],[463831.17,1734952.84],[463827.21,1734943.15],[463819.4,1734946.3]]]]}},{"type":"Feature","properties":{"building":"house","height":6,"heightSource":"default"},"geometry":{"type":"MultiPolygon","coordinates":[[[[463860.19,1734913.81],[463856.2,1734901.95],[463842.79,1734906.41],[463845.63,1734914.84],[463851.5,1734912.89],[463852.65,1734916.32],[463860.19,1734913.81]]]]}},{"type":"Feature","properties":{"building":"house","height":6,"heightSource":"default"},"geometry":{"type":"MultiPolygon","coordinates":[[[[463876.6,1734934.96],[463884.32,1734933.17],[463881.86,1734922.65],[463874.14,1734924.43],[463876.6,1734934.96]]]]}},{"type":"Feature","properties":{"building":"house","height":6,"heightSource":"default"},"geometry":{"type":"MultiPolygon","coordinates":[[[[463885.12,1734931],[463893.9,1734929.69],[463892.53,1734920.63],[463883.75,1734921.94],[463885.12,1734931]]]]}},{"type":"Feature","properties":{"building":"house","height":6,"heightSource":"default"},"geometry":{"type":"MultiPolygon","coordinates":[[[[463894.98,1734913.46],[463906.61,1734910.83],[463904.48,1734901.55],[463892.85,1734904.18],[463894.98,1734913.46]]]]}},{"type":"Feature","properties":{"building":"yes","height":6,"heightSource":"default"},"geometry":{"type":"MultiPolygon","coordinates":[[[[463745.9,1734937.02],[463760.03,1734930.43],[463756.71,1734923.37],[463742.56,1734929.95],[463745.9,1734937.02]]]]}},{"type":"Feature","properties":{"building":"yes","height":6,"heightSource":"default"},"geometry":{"type":"MultiPolygon","coordinates":[[[[463729.04,1734921.6],[463747.18,1734914.21],[463741.43,1734900.3],[463723.29,1734907.7],[463729.04,1734921.6]]]]}},{"type":"Feature","properties":{"building":"yes","height":6,"heightSource":"default"},"geometry":{"type":"MultiPolygon","coordinates":[[[[463744.81,1734899.39],[463748.83,1734910.02],[463756.51,1734907.16],[463752.48,1734896.52],[463744.81,1734899.39]]]]}},{"type":"Feature","properties":{"building":"yes","height":6,"heightSource":"default"},"geometry":{"type":"MultiPolygon","coordinates":[[[[463765.34,1734907.25],[463775.02,1734903.51],[463771,1734893.25],[463761.33,1734896.99],[463765.34,1734907.25]]]]}},{"type":"Feature","properties":{"building":"house","height":6,"heightSource":"default"},"geometry":{"type":"MultiPolygon","coordinates":[[[[463784.6,1734902.74],[463791.51,1734900.15],[463787.97,1734890.77],[463781.06,1734893.34],[463784.6,1734902.74]]]]}},{"type":"Feature","properties":{"building":"house","height":6,"heightSource":"default"},"geometry":{"type":"MultiPolygon","coordinates":[[[[463794.98,1734899.49],[463805.53,1734895.76],[463800.87,1734882.76],[463790.32,1734886.49],[463794.98,1734899.49]]]]}},{"type":"Feature","properties":{"building":"house","height":6,"heightSource":"default"},"geometry":{"type":"MultiPolygon","coordinates":[[[[463806.11,1734891.36],[463814.1,1734888.9],[463811.32,1734879.99],[463803.34,1734882.44],[463806.11,1734891.36]]]]}},{"type":"Feature","properties":{"building":"yes","height":6,"heightSource":"default"},"geometry":{"type":"MultiPolygon","coordinates":[[[[463827.52,1734887.54],[463836.81,1734884.42],[463833,1734873.22],[463823.71,1734876.34],[463827.52,1734887.54]]]]}},{"type":"Feature","properties":{"building":"yes","height":6,"heightSource":"default"},"geometry":{"type":"MultiPolygon","coordinates":[[[[463859.13,1734874.39],[463868.6,1734870.53],[463864.2,1734859.88],[463854.75,1734863.74],[463859.13,1734874.39]]]]}},{"type":"Feature","properties":{"building":"yes","height":6,"heightSource":"default"},"geometry":{"type":"MultiPolygon","coordinates":[[[[463891.29,1734887.69],[463898.37,1734886.06],[463895.73,1734874.73],[463888.65,1734876.37],[463891.29,1734887.69]]]]}},{"type":"Feature","properties":{"building":"yes","height":6,"heightSource":"default"},"geometry":{"type":"MultiPolygon","coordinates":[[[[463863.75,1734881.94],[463872.51,1734878.47],[463869.74,1734871.53],[463860.98,1734875.01],[463863.75,1734881.94]]]]}},{"type":"Feature","properties":{"building":"yes","height":6,"heightSource":"default"},"geometry":{"type":"MultiPolygon","coordinates":[[[[463865.86,1734912.18],[463873.7,1734909.55],[463870.63,1734900.57],[463862.8,1734903.21],[463865.86,1734912.18]]]]}},{"type":"Feature","properties":{"building":"house","height":6,"heightSource":"default"},"geometry":{"type":"MultiPolygon","coordinates":[[[[463919.77,1734910.09],[463927.64,1734907.71],[463925.06,1734899.33],[463917.2,1734901.7],[463919.77,1734910.09]]]]}},{"type":"Feature","properties":{"building":"house","height":6,"heightSource":"default"},"geometry":{"type":"MultiPolygon","coordinates":[[[[463939.62,1734913.42],[463947.75,1734910.89],[463944.69,1734901.2],[463936.56,1734903.74],[463939.62,1734913.42]]]]}},{"type":"Feature","properties":{"building":"house","height":6,"heightSource":"default"},"geometry":{"type":"MultiPolygon","coordinates":[[[[463919.01,1734898.38],[463926.64,1734896.29],[463924.37,1734888.06],[463916.73,1734890.16],[463919.01,1734898.38]]]]}},{"type":"Feature","properties":{"building":"house","height":6,"heightSource":"default"},"geometry":{"type":"MultiPolygon","coordinates":[[[[463948.72,1734910.62],[463955.34,1734908.62],[463952.42,1734899.09],[463945.8,1734901.09],[463948.72,1734910.62]]]]}},{"type":"Feature","properties":{"building":"yes","height":6,"heightSource":"default"},"geometry":{"type":"MultiPolygon","coordinates":[[[[463956.01,1734902.04],[463963.09,1734900.99],[463961.72,1734891.87],[463954.65,1734892.91],[463956.01,1734902.04]]]]}},{"type":"Feature","properties":{"building":"house","height":6,"heightSource":"default"},"geometry":{"type":"MultiPolygon","coordinates":[[[[463969.07,1734901.57],[463977.32,1734899.75],[463975.18,1734890.16],[463966.92,1734892],[463969.07,1734901.57]]]]}},{"type":"Feature","properties":{"building":"house","height":6,"heightSource":"default"},"geometry":{"type":"MultiPolygon","coordinates":[[[[463991.13,1734895.25],[464001.8,1734894.14],[464000.43,1734881.16],[463989.77,1734882.27],[463991.13,1734895.25]]]]}},{"type":"Feature","properties":{"building":"yes","height":6,"heightSource":"default"},"geometry":{"type":"MultiPolygon","coordinates":[[[[464057.07,1734868.83],[464066.55,1734865.12],[464062.36,1734854.56],[464052.89,1734858.28],[464057.07,1734868.83]]]]}},{"type":"Feature","properties":{"building":"yes","height":6,"heightSource":"default"},"geometry":{"type":"MultiPolygon","coordinates":[[[[463902.78,1734854.2],[463909.68,1734851.77],[463906.92,1734844.07],[463900.02,1734846.5],[463902.78,1734854.2]]]]}},{"type":"Feature","properties":{"building":"yes","height":6,"heightSource":"default"},"geometry":{"type":"MultiPolygon","coordinates":[[[[463915,1734863.92],[463923.13,1734861.49],[463919.85,1734850.66],[463911.72,1734853.08],[463915,1734863.92]]]]}},{"type":"Feature","properties":{"building":"house","height":6,"heightSource":"default"},"geometry":{"type":"MultiPolygon","coordinates":[[[[463928.23,1734862.29],[463937.74,1734859.66],[463934.19,1734846.99],[463924.67,1734849.62],[463928.23,1734862.29]]]]}},{"type":"Feature","properties":{"building":"house","height":6,"heightSource":"default"},"geometry":{"type":"MultiPolygon","coordinates":[[[[463950.32,1734867.57],[463959.01,1734863.21],[463953.75,1734852.86],[463945.06,1734857.22],[463950.32,1734867.57]]]]}},{"type":"Feature","properties":{"building":"house","height":6,"heightSource":"default"},"geometry":{"type":"MultiPolygon","coordinates":[[[[463948.22,1734846.17],[463943.83,1734835.43],[463935.1,1734838.95],[463939.49,1734849.69],[463948.22,1734846.17]]]]}},{"type":"Feature","properties":{"building":"yes","height":6,"heightSource":"default"},"geometry":{"type":"MultiPolygon","coordinates":[[[[463969.73,1734881.05],[463977.09,1734878.85],[463973.95,1734868.47],[463966.59,1734870.67],[463969.73,1734881.05]]]]}},{"type":"Feature","properties":{"building":"house","height":6,"heightSource":"default"},"geometry":{"type":"MultiPolygon","coordinates":[[[[463957.94,1734845.91],[463965.73,1734841.2],[463958.22,1734828.96],[463950.44,1734833.68],[463957.94,1734845.91]]]]}},{"type":"Feature","properties":{"building":"house","height":6,"heightSource":"default"},"geometry":{"type":"MultiPolygon","coordinates":[[[[463970.14,1734836.44],[463977.25,1734832.67],[463972.7,1734824.19],[463965.58,1734827.97],[463970.14,1734836.44]]]]}},{"type":"Feature","properties":{"building":"house","height":6,"heightSource":"default"},"geometry":{"type":"MultiPolygon","coordinates":[[[[463985.79,1734829.58],[463994.4,1734825],[463988.64,1734814.3],[463980.02,1734818.88],[463985.79,1734829.58]]]]}},{"type":"Feature","properties":{"building":"yes","height":6,"heightSource":"default"},"geometry":{"type":"MultiPolygon","coordinates":[[[[463999.61,1734831.92],[464011.52,1734825.88],[464002.53,1734808.38],[463990.63,1734814.42],[463999.61,1734831.92]]]]}},{"type":"Feature","properties":{"building":"yes","height":6,"heightSource":"default"},"geometry":{"type":"MultiPolygon","coordinates":[[[[464009.92,1734978.51],[464018.67,1734975.12],[464013.29,1734961.41],[464004.54,1734964.81],[464009.92,1734978.51]]]]}},{"type":"Feature","properties":{"building":"house","height":6,"heightSource":"default"},"geometry":{"type":"MultiPolygon","coordinates":[[[[464044.5,1734964.76],[464051,1734962.27],[464046.86,1734951.61],[464040.38,1734954.1],[464044.5,1734964.76]]]]}},{"type":"Feature","properties":{"building":"house","height":6,"heightSource":"default"},"geometry":{"type":"MultiPolygon","coordinates":[[[[464075.85,1734951.81],[464084.11,1734948.87],[464080.76,1734939.6],[464072.5,1734942.56],[464075.85,1734951.81]]]]}},{"type":"Feature","properties":{"building":"house","height":6,"heightSource":"default"},"geometry":{"type":"MultiPolygon","coordinates":[[[[463931.85,1734942.15],[463940.94,1734938.76],[463937.57,1734929.85],[463928.48,1734933.24],[463931.85,1734942.15]]]]}},{"type":"Feature","properties":{"building":"house","height":6,"heightSource":"default"},"geometry":{"type":"MultiPolygon","coordinates":[[[[463956.23,1734934.3],[463963.49,1734931.75],[463960.59,1734923.62],[463953.33,1734926.18],[463956.23,1734934.3]]]]}},{"type":"Feature","properties":{"building":"yes","height":6,"heightSource":"default"},"geometry":{"type":"MultiPolygon","coordinates":[[[[463968.66,1734926.66],[463975.4,1734924.75],[463973.17,1734916.98],[463966.42,1734918.9],[463968.66,1734926.66]]]]}},{"type":"Feature","properties":{"building":"house","height":6,"heightSource":"default"},"geometry":{"type":"MultiPolygon","coordinates":[[[[464013.28,1734930.85],[464009.65,1734917.61],[464001.65,1734919.78],[464003.27,1734925.68],[464000.73,1734926.37],[464002.01,1734931.04],[464005.61,1734930.07],[464006.34,1734932.73],[464013.28,1734930.85]]]]}},{"type":"Feature","properties":{"building":"yes","height":6,"heightSource":"default"},"geometry":{"type":"MultiPolygon","coordinates":[[[[464003.26,1734957.69],[464011.14,1734955.22],[464006.85,1734941.64],[463998.97,1734944.1],[464003.26,1734957.69]]]]}},{"type":"Feature","properties":{"building":"house","height":6,"heightSource":"default"},"geometry":{"type":"MultiPolygon","coordinates":[[[[464013.35,1734952.12],[464009.57,1734941.57],[464016.49,1734939.13],[464020.27,1734949.68],[464013.35,1734952.12]]]]}},{"type":"Feature","properties":{"building":"yes","height":6,"heightSource":"default"},"geometry":{"type":"MultiPolygon","coordinates":[[[[464000.51,1734916.7],[464009.59,1734914],[464006.74,1734904.52],[463997.65,1734907.24],[464000.51,1734916.7]]]]}},{"type":"Feature","properties":{"building":"yes","height":6,"heightSource":"default"},"geometry":{"type":"MultiPolygon","coordinates":[[[[464028.56,1734907.86],[464036.18,1734904.77],[464032.73,1734896.34],[464025.1,1734899.43],[464028.56,1734907.86]]]]}},{"type":"Feature","properties":{"building":"house","height":6,"heightSource":"default"},"geometry":{"type":"MultiPolygon","coordinates":[[[[464041.45,1734908.83],[464049.97,1734905.25],[464045.49,1734894.71],[464036.96,1734898.28],[464041.45,1734908.83]]]]}},{"type":"Feature","properties":{"building":"house","height":6,"heightSource":"default"},"geometry":{"type":"MultiPolygon","coordinates":[[[[464061.11,1734901.79],[464069.44,1734897.55],[464063.66,1734886.36],[464055.34,1734890.6],[464061.11,1734901.79]]]]}},{"type":"Feature","properties":{"building":"house","height":6,"heightSource":"default"},"geometry":{"type":"MultiPolygon","coordinates":[[[[464074.42,1734897.81],[464083.8,1734893.49],[464078.2,1734881.51],[464068.82,1734885.83],[464074.42,1734897.81]]]]}},{"type":"Feature","properties":{"building":"yes","height":6,"heightSource":"default"},"geometry":{"type":"MultiPolygon","coordinates":[[[[464524.07,1734901.63],[464530.62,1734913.3],[464540.07,1734908.06],[464535.8,1734900.46],[464532.89,1734902.08],[464529.73,1734896.43],[464524.07,1734901.63]]]]}},{"type":"Feature","properties":{"building":"yes","height":6,"heightSource":"default"},"geometry":{"type":"MultiPolygon","coordinates":[[[[464467.4,1734873.11],[464473.16,1734882.47],[464464.76,1734887.59],[464459,1734878.23],[464467.4,1734873.11]]]]}},{"type":"Feature","properties":{"building":"yes","height":6,"heightSource":"default"},"geometry":{"type":"MultiPolygon","coordinates":[[[[464577.7,1734806.43],[464583.29,1734805.35],[464582.22,1734799.92],[464576.63,1734801],[464577.7,1734806.43]]]]}},{"type":"Feature","properties":{"building":"yes","height":6,"heightSource":"default"},"geometry":{"type":"MultiPolygon","coordinates":[[[[464996.75,1734897.72],[465007.34,1734896.03],[465006.52,1734890.9],[464995.92,1734892.6],[464996.75,1734897.72]]]]}},{"type":"Feature","properties":{"building":"yes","height":6,"heightSource":"default"},"geometry":{"type":"MultiPolygon","coordinates":[[[[467953.97,1736443.99],[467947.46,1736431.88],[467958.01,1736426.26],[467964.53,1736438.38],[467953.97,1736443.99]]]]}},{"type":"Feature","properties":{"building":"yes","height":6,"heightSource":"default"},"geometry":{"type":"MultiPolygon","coordinates":[[[[467930.9,1736488.68],[467936.82,1736486.81],[467933.77,1736477.28],[467927.84,1736479.16],[467930.9,1736488.68]]]]}},{"type":"Feature","properties":{"building":"yes","height":6,"heightSource":"default"},"geometry":{"type":"MultiPolygon","coordinates":[[[[467928.81,1736474.04],[467941.94,1736470.32],[467939.96,1736463.41],[467926.83,1736467.13],[467928.81,1736474.04]]]]}},{"type":"Feature","properties":{"building":"house","height":6,"heightSource":"default"},"geometry":{"type":"MultiPolygon","coordinates":[[[[467821.36,1736385.97],[467827.73,1736382.51],[467823.04,1736374],[467816.68,1736377.46],[467821.36,1736385.97]]]]}},{"type":"Feature","properties":{"building":"house","height":6,"heightSource":"default"},"geometry":{"type":"MultiPolygon","coordinates":[[[[467740.35,1736334],[467746.9,1736343.63],[467753.43,1736339.24],[467746.88,1736329.6],[467740.35,1736334]]]]}},{"type":"Feature","properties":{"building":"house","height":6,"heightSource":"default"},"geometry":{"type":"MultiPolygon","coordinates":[[[[467647.19,1736460.72],[467658.28,1736458.28],[467656.55,1736450.47],[467645.45,1736452.92],[467647.19,1736460.72]]]]}},{"type":"Feature","properties":{"building":"yes","height":6,"heightSource":"default"},"geometry":{"type":"MultiPolygon","coordinates":[[[[467455.2,1736499.17],[467461.17,1736497.82],[467459.71,1736491.45],[467453.73,1736492.81],[467455.2,1736499.17]]]]}},{"type":"Feature","properties":{"building":"yes","height":6,"heightSource":"default"},"geometry":{"type":"MultiPolygon","coordinates":[[[[467397.81,1736426.8],[467401.35,1736433.19],[467408.71,1736429.17],[467405.18,1736422.77],[467397.81,1736426.8]]]]}},{"type":"Feature","properties":{"building":"yes","height":6,"heightSource":"default"},"geometry":{"type":"MultiPolygon","coordinates":[[[[467402.7,1736435.5],[467406.57,1736442.25],[467411.99,1736439.19],[467408.12,1736432.44],[467402.7,1736435.5]]]]}},{"type":"Feature","properties":{"building":"yes","height":6,"heightSource":"default"},"geometry":{"type":"MultiPolygon","coordinates":[[[[467386.5,1736406.42],[467391.39,1736403.85],[467388.86,1736399.09],[467383.98,1736401.65],[467386.5,1736406.42]]]]}},{"type":"Feature","properties":{"building":"house","height":6,"heightSource":"default"},"geometry":{"type":"MultiPolygon","coordinates":[[[[467593.62,1736499.39],[467607.81,1736496.88],[467606.34,1736488.67],[467592.15,1736491.18],[467593.62,1736499.39]]]]}},{"type":"Feature","properties":{"building":"house","height":6,"heightSource":"default"},"geometry":{"type":"MultiPolygon","coordinates":[[[[467569.9,1736638.72],[467577.89,1736636.72],[467575.52,1736627.44],[467567.54,1736629.45],[467569.9,1736638.72]]]]}},{"type":"Feature","properties":{"building":"house","height":6,"heightSource":"default"},"geometry":{"type":"MultiPolygon","coordinates":[[[[467472.57,1736652.44],[467480.44,1736651.43],[467479.68,1736645.58],[467471.82,1736646.59],[467472.57,1736652.44]]]]}},{"type":"Feature","properties":{"building":"yes","height":6,"heightSource":"default"},"geometry":{"type":"MultiPolygon","coordinates":[[[[469486.52,1734357.67],[469498.14,1734346.5],[469494.26,1734342.51],[469482.64,1734353.67],[469486.52,1734357.67]]]]}},{"type":"Feature","properties":{"building":"yes","height":6,"heightSource":"default"},"geometry":{"type":"MultiPolygon","coordinates":[[[[469617.11,1734287.99],[469625.6,1734278],[469620.58,1734273.78],[469612.08,1734283.79],[469617.11,1734287.99]]]]}},{"type":"Feature","properties":{"building":"yes","height":6,"heightSource":"default"},"geometry":{"type":"MultiPolygon","coordinates":[[[[469574.07,1734257.27],[469578.3,1734259.63],[469579.79,1734256.98],[469576.34,1734253.28],[469574.07,1734257.27]]]]}},{"type":"Feature","properties":{"building":"yes","height":6,"heightSource":"default"},"geometry":{"type":"MultiPolygon","coordinates":[[[[469488.42,1734310.77],[469493.13,1734309.12],[469491.61,1734304.82],[469486.9,1734306.46],[469488.42,1734310.77]]]]}},{"type":"Feature","properties":{"building":"yes","height":6,"heightSource":"default"},"geometry":{"type":"MultiPolygon","coordinates":[[[[469526.13,1734148.46],[469531.43,1734144.17],[469526.4,1734138.03],[469521.09,1734142.33],[469526.13,1734148.46]]]]}},{"type":"Feature","properties":{"building":"yes","height":6,"heightSource":"default"},"geometry":{"type":"MultiPolygon","coordinates":[[[[469790.97,1734322.41],[469804.96,1734314.77],[469801.37,1734308.28],[469787.38,1734315.93],[469790.97,1734322.41]]]]}},{"type":"Feature","properties":{"building":"yes","height":6,"heightSource":"default"},"geometry":{"type":"MultiPolygon","coordinates":[[[[469976.67,1734456.48],[469981.59,1734450.73],[469977.14,1734446.98],[469972.22,1734452.71],[469976.67,1734456.48]]]]}},{"type":"Feature","properties":{"building":"yes","height":6,"heightSource":"default"},"geometry":{"type":"MultiPolygon","coordinates":[[[[468419.6,1736581.23],[468424.53,1736588.82],[468432.79,1736583.52],[468427.85,1736575.93],[468419.6,1736581.23]]]]}},{"type":"Feature","properties":{"building":"house","height":6,"heightSource":"default"},"geometry":{"type":"MultiPolygon","coordinates":[[[[468431.68,1736571.55],[468436.08,1736580.19],[468442.5,1736576.96],[468438.11,1736568.33],[468431.68,1736571.55]]]]}},{"type":"Feature","properties":{"building":"house","height":6,"heightSource":"default"},"geometry":{"type":"MultiPolygon","coordinates":[[[[468444.74,1736568.95],[468448.95,1736573.61],[468456.12,1736567.21],[468451.92,1736562.56],[468444.74,1736568.95]]]]}},{"type":"Feature","properties":{"building":"yes","height":6,"heightSource":"default"},"geometry":{"type":"MultiPolygon","coordinates":[[[[468468.76,1736419.85],[468474.6,1736424.34],[468478.98,1736418.7],[468473.15,1736414.23],[468468.76,1736419.85]]]]}},{"type":"Feature","properties":{"building":"yes","height":6,"heightSource":"default"},"geometry":{"type":"MultiPolygon","coordinates":[[[[468479.19,1736435.9],[468485.57,1736440.21],[468489.24,1736434.86],[468482.85,1736430.54],[468479.19,1736435.9]]]]}},{"type":"Feature","properties":{"building":"house","height":6,"heightSource":"default"},"geometry":{"type":"MultiPolygon","coordinates":[[[[468269.28,1736369.39],[468278.78,1736386.04],[468290.45,1736379.45],[468280.95,1736362.81],[468269.28,1736369.39]]]]}},{"type":"Feature","properties":{"building":"yes","height":6,"heightSource":"default"},"geometry":{"type":"MultiPolygon","coordinates":[[[[467484.83,1735672.71],[467491.69,1735667.08],[467485.4,1735659.5],[467478.54,1735665.12],[467484.83,1735672.71]]]]}},{"type":"Feature","properties":{"building":"yes","height":6,"heightSource":"default"},"geometry":{"type":"MultiPolygon","coordinates":[[[[467473.36,1735660.05],[467478.33,1735655.73],[467472.75,1735649.4],[467467.78,1735653.73],[467473.36,1735660.05]]]]}},{"type":"Feature","properties":{"building":"yes","height":6,"heightSource":"default"},"geometry":{"type":"MultiPolygon","coordinates":[[[[468449.76,1735275.85],[468455.18,1735273.45],[468452.27,1735267],[468446.86,1735269.41],[468449.76,1735275.85]]]]}},{"type":"Feature","properties":{"building":"yes","height":6,"heightSource":"default"},"geometry":{"type":"MultiPolygon","coordinates":[[[[468454.89,1735266.94],[468456.34,1735272.08],[468460.94,1735270.79],[468459.48,1735265.66],[468454.89,1735266.94]]]]}},{"type":"Feature","properties":{"building":"yes","height":6,"heightSource":"default"},"geometry":{"type":"MultiPolygon","coordinates":[[[[468374.4,1735389.12],[468380.88,1735386.68],[468378.94,1735381.57],[468372.46,1735384],[468374.4,1735389.12]]]]}},{"type":"Feature","properties":{"building":"yes","height":6,"heightSource":"default"},"geometry":{"type":"MultiPolygon","coordinates":[[[[468379.3,1735395.45],[468385.52,1735393.07],[468383.52,1735387.86],[468377.3,1735390.24],[468379.3,1735395.45]]]]}},{"type":"Feature","properties":{"building":"yes","height":6,"heightSource":"default"},"geometry":{"type":"MultiPolygon","coordinates":[[[[467976.78,1735784.37],[467987.92,1735796.14],[467981.13,1735802.51],[467969.98,1735790.73],[467976.78,1735784.37]]]]}},{"type":"Feature","properties":{"building":"yes","height":6,"heightSource":"default"},"geometry":{"type":"MultiPolygon","coordinates":[[[[468100.91,1735731.08],[468108.99,1735737.51],[468112.97,1735732.56],[468104.89,1735726.13],[468100.91,1735731.08]]]]}},{"type":"Feature","properties":{"building":"yes","height":6,"heightSource":"default"},"geometry":{"type":"MultiPolygon","coordinates":[[[[470598.92,1733341.12],[470610.24,1733340.31],[470609.74,1733333.43],[470598.41,1733334.24],[470598.92,1733341.12]]]]}},{"type":"Feature","properties":{"building":"yes","height":6,"heightSource":"default"},"geometry":{"type":"MultiPolygon","coordinates":[[[[469965.09,1732295.47],[469967.02,1732300.22],[469973.3,1732297.7],[469971.37,1732292.95],[469965.09,1732295.47]]]]}},{"type":"Feature","properties":{"building":"yes","height":6,"heightSource":"default"},"geometry":{"type":"MultiPolygon","coordinates":[[[[469973.21,1732248.76],[469984.83,1732237.78],[469980.37,1732233.11],[469968.74,1732244.08],[469973.21,1732248.76]]]]}},{"type":"Feature","properties":{"building":"yes","height":6,"heightSource":"default"},"geometry":{"type":"MultiPolygon","coordinates":[[[[469931.53,1732349],[469939,1732346.07],[469936.9,1732340.79],[469929.44,1732343.72],[469931.53,1732349]]]]}},{"type":"Feature","properties":{"building":"yes","height":6,"heightSource":"default"},"geometry":{"type":"MultiPolygon","coordinates":[[[[470468.92,1732293.45],[470476.07,1732291.89],[470474.75,1732285.87],[470467.59,1732287.43],[470468.92,1732293.45]]]]}},{"type":"Feature","properties":{"building":"yes","height":6,"heightSource":"default"},"geometry":{"type":"MultiPolygon","coordinates":[[[[470520.26,1732283.09],[470527.73,1732282.84],[470527.53,1732276.99],[470520.07,1732277.23],[470520.26,1732283.09]]]]}},{"type":"Feature","properties":{"building":"yes","height":6,"heightSource":"default"},"geometry":{"type":"MultiPolygon","coordinates":[[[[470522.03,1732207.16],[470528.24,1732205.54],[470526.82,1732200.15],[470520.62,1732201.75],[470522.03,1732207.16]]]]}},{"type":"Feature","properties":{"building":"yes","height":6,"heightSource":"default"},"geometry":{"type":"MultiPolygon","coordinates":[[[[470458.53,1732208.99],[470465.01,1732208.38],[470464.46,1732202.54],[470457.98,1732203.15],[470458.53,1732208.99]]]]}},{"type":"Feature","properties":{"building":"yes","height":6,"heightSource":"default"},"geometry":{"type":"MultiPolygon","coordinates":[[[[470384.12,1732085.04],[470387.76,1732091.01],[470393.38,1732087.62],[470389.74,1732081.65],[470384.12,1732085.04]]]]}},{"type":"Feature","properties":{"building":"yes","height":6,"heightSource":"default"},"geometry":{"type":"MultiPolygon","coordinates":[[[[469793.78,1733235.41],[469800.12,1733232.09],[469797.07,1733226.33],[469790.73,1733229.65],[469793.78,1733235.41]]]]}},{"type":"Feature","properties":{"building":"yes","height":6,"heightSource":"default"},"geometry":{"type":"MultiPolygon","coordinates":[[[[469355.05,1733002.49],[469363.29,1732998.15],[469359.59,1732991.21],[469351.35,1732995.56],[469355.05,1733002.49]]]]}},{"type":"Feature","properties":{"building":"yes","height":6,"heightSource":"default"},"geometry":{"type":"MultiPolygon","coordinates":[[[[469419.51,1732940.29],[469428.66,1732933.7],[469423.93,1732927.24],[469414.8,1732933.85],[469419.51,1732940.29]]]]}},{"type":"Feature","properties":{"building":"yes","height":6,"heightSource":"default"},"geometry":{"type":"MultiPolygon","coordinates":[[[[469434.69,1732920.94],[469438.89,1732926.63],[469445.94,1732921.5],[469441.74,1732915.81],[469434.69,1732920.94]]]]}},{"type":"Feature","properties":{"building":"yes","height":6,"heightSource":"default"},"geometry":{"type":"MultiPolygon","coordinates":[[[[469594.14,1732861.36],[469603.88,1732857.8],[469601.11,1732850.35],[469591.39,1732853.9],[469594.14,1732861.36]]]]}},{"type":"Feature","properties":{"building":"yes","height":6,"heightSource":"default"},"geometry":{"type":"MultiPolygon","coordinates":[[[[469118.97,1732953.64],[469125.85,1732948.76],[469121.84,1732943.16],[469114.95,1732948.04],[469118.97,1732953.64]]]]}},{"type":"Feature","properties":{"building":"house","height":6,"heightSource":"default"},"geometry":{"type":"MultiPolygon","coordinates":[[[[468842.43,1733405.11],[468849.31,1733401.39],[468846.14,1733395.39],[468838.97,1733399.4],[468842.43,1733405.11]]]]}},{"type":"Feature","properties":{"building":"house","height":6,"heightSource":"default"},"geometry":{"type":"MultiPolygon","coordinates":[[[[468980.48,1733392.96],[468986.71,1733389.96],[468984.39,1733385.19],[468978.16,1733388.17],[468980.48,1733392.96]]]]}},{"type":"Feature","properties":{"building":"yes","height":6,"heightSource":"default"},"geometry":{"type":"MultiPolygon","coordinates":[[[[469931.75,1733061.88],[469928.91,1733053.64],[469923.67,1733055.43],[469926.51,1733063.67],[469931.75,1733061.88]]]]}},{"type":"Feature","properties":{"building":"yes","height":6,"heightSource":"default"},"geometry":{"type":"MultiPolygon","coordinates":[[[[469794.1,1732804.02],[469797.54,1732811.92],[469802.97,1732809.58],[469799.53,1732801.69],[469794.1,1732804.02]]]]}},{"type":"Feature","properties":{"building":"yes","height":6,"heightSource":"default"},"geometry":{"type":"MultiPolygon","coordinates":[[[[469946.1,1732788.04],[469950.21,1732793.27],[469945.97,1732796.57],[469941.86,1732791.34],[469946.1,1732788.04]]]]}},{"type":"Feature","properties":{"building":"yes","height":6,"heightSource":"default"},"geometry":{"type":"MultiPolygon","coordinates":[[[[469906.13,1732686.84],[469913.12,1732684.26],[469911.26,1732679.25],[469904.27,1732681.83],[469906.13,1732686.84]]]]}},{"type":"Feature","properties":{"building":"yes","height":6,"heightSource":"default"},"geometry":{"type":"MultiPolygon","coordinates":[[[[470124.88,1732770.99],[470128.99,1732780.45],[470141.85,1732774.93],[470137.75,1732765.48],[470124.88,1732770.99]]]]}},{"type":"Feature","properties":{"building":"yes","height":6,"heightSource":"default"},"geometry":{"type":"MultiPolygon","coordinates":[[[[464192.52,1736036.33],[464196.59,1736042.11],[464201.65,1736038.59],[464197.58,1736032.81],[464192.52,1736036.33]]]]}},{"type":"Feature","properties":{"building":"yes","height":6,"heightSource":"default"},"geometry":{"type":"MultiPolygon","coordinates":[[[[464203.54,1736048.83],[464208.24,1736045.36],[464205.2,1736041.27],[464200.49,1736044.74],[464203.54,1736048.83]]]]}},{"type":"Feature","properties":{"building":"house","height":6,"heightSource":"default"},"geometry":{"type":"MultiPolygon","coordinates":[[[[462870.53,1735762.53],[462859.12,1735770.95],[462865.14,1735778.99],[462873.4,1735772.89],[462876.09,1735776.51],[462879.24,1735774.19],[462870.53,1735762.53]]]]}},{"type":"Feature","properties":{"building":"yes","height":6,"heightSource":"default"},"geometry":{"type":"MultiPolygon","coordinates":[[[[463022.98,1736078.24],[463049.12,1736065.51],[463042.37,1736051.81],[463016.22,1736064.54],[463022.98,1736078.24]]]]}},{"type":"Feature","properties":{"building":"yes","height":6,"heightSource":"default"},"geometry":{"type":"MultiPolygon","coordinates":[[[[463017.76,1736051.95],[463025.69,1736047.97],[463023.36,1736043.35],[463015.41,1736047.31],[463017.76,1736051.95]]]]}},{"type":"Feature","properties":{"building":"yes","height":6,"heightSource":"default"},"geometry":{"type":"MultiPolygon","coordinates":[[[[463000.44,1736041.17],[463017.59,1736032.82],[463012.87,1736023.26],[462995.73,1736031.61],[463000.44,1736041.17]]]]}},{"type":"Feature","properties":{"building":"yes","height":6,"heightSource":"default"},"geometry":{"type":"MultiPolygon","coordinates":[[[[463026.96,1736022.66],[463036.57,1736018.85],[463034.5,1736013.7],[463024.89,1736017.51],[463026.96,1736022.66]]]]}},{"type":"Feature","properties":{"building":"yes","height":6,"heightSource":"default"},"geometry":{"type":"MultiPolygon","coordinates":[[[[462982.97,1736024.71],[462985.44,1736027.95],[462988.38,1736025.74],[462985.91,1736022.51],[462982.97,1736024.71]]]]}},{"type":"Feature","properties":{"building":"yes","height":6,"heightSource":"default"},"geometry":{"type":"MultiPolygon","coordinates":[[[[463051.77,1736081.81],[463059.41,1736075.05],[463055.86,1736071.07],[463048.22,1736077.85],[463051.77,1736081.81]]]]}},{"type":"Feature","properties":{"building":"yes","height":6,"heightSource":"default"},"geometry":{"type":"MultiPolygon","coordinates":[[[[463061.97,1736072.12],[463069.78,1736065.7],[463066.09,1736061.26],[463058.28,1736067.66],[463061.97,1736072.12]]]]}},{"type":"Feature","properties":{"building":"yes","height":6,"heightSource":"default"},"geometry":{"type":"MultiPolygon","coordinates":[[[[463033.25,1736092.92],[463044.49,1736086.38],[463040.38,1736079.38],[463029.14,1736085.93],[463033.25,1736092.92]]]]}},{"type":"Feature","properties":{"building":"yes","height":6,"heightSource":"default"},"geometry":{"type":"MultiPolygon","coordinates":[[[[463023.86,1736098.65],[463030.67,1736106.78],[463037.94,1736100.77],[463031.12,1736092.64],[463023.86,1736098.65]]]]}},{"type":"Feature","properties":{"building":"yes","height":6,"heightSource":"default"},"geometry":{"type":"MultiPolygon","coordinates":[[[[462999.04,1736073.13],[463005.58,1736069.56],[463003.12,1736065.09],[462996.57,1736068.65],[462999.04,1736073.13]]]]}},{"type":"Feature","properties":{"building":"yes","height":6,"heightSource":"default"},"geometry":{"type":"MultiPolygon","coordinates":[[[[462980.85,1736076.26],[462983.84,1736074.48],[462981.57,1736070.73],[462978.57,1736072.52],[462980.85,1736076.26]]]]}},{"type":"Feature","properties":{"building":"yes","height":6,"heightSource":"default"},"geometry":{"type":"MultiPolygon","coordinates":[[[[462973.22,1736081.44],[462978.79,1736077.54],[462976.23,1736073.94],[462970.66,1736077.84],[462973.22,1736081.44]]]]}},{"type":"Feature","properties":{"building":"house","height":6,"heightSource":"default"},"geometry":{"type":"MultiPolygon","coordinates":[[[[463126.58,1736089.11],[463133.05,1736096.46],[463141.21,1736089.34],[463134.73,1736082],[463126.58,1736089.11]]]]}},{"type":"Feature","properties":{"building":"yes","height":6,"heightSource":"default"},"geometry":{"type":"MultiPolygon","coordinates":[[[[463142.68,1736124.41],[463149.77,1736120.07],[463147.16,1736115.87],[463140.07,1736120.22],[463142.68,1736124.41]]]]}},{"type":"Feature","properties":{"building":"house","height":6,"heightSource":"default"},"geometry":{"type":"MultiPolygon","coordinates":[[[[463175.48,1736080.75],[463182.34,1736076.5],[463178.43,1736070.24],[463171.57,1736074.49],[463175.48,1736080.75]]]]}},{"type":"Feature","properties":{"building":"house","height":6,"heightSource":"default"},"geometry":{"type":"MultiPolygon","coordinates":[[[[463175.63,1736096.87],[463179.31,1736105.99],[463186.78,1736103.02],[463183.1,1736093.9],[463175.63,1736096.87]]]]}},{"type":"Feature","properties":{"building":"house","height":6,"heightSource":"default"},"geometry":{"type":"MultiPolygon","coordinates":[[[[463176.57,1736123.62],[463179.59,1736133.04],[463187.63,1736130.5],[463184.61,1736121.07],[463176.57,1736123.62]]]]}},{"type":"Feature","properties":{"building":"house","height":6,"heightSource":"default"},"geometry":{"type":"MultiPolygon","coordinates":[[[[463155.23,1736128.71],[463148.71,1736133.18],[463154.95,1736142.17],[463161.47,1736137.71],[463155.23,1736128.71]]]]}},{"type":"Feature","properties":{"building":"house","height":6,"heightSource":"default"},"geometry":{"type":"MultiPolygon","coordinates":[[[[463245.81,1736115],[463242.35,1736105.06],[463250.3,1736102.33],[463253.76,1736112.27],[463245.81,1736115]]]]}},{"type":"Feature","properties":{"building":"yes","height":6,"heightSource":"default"},"geometry":{"type":"MultiPolygon","coordinates":[[[[463216.5,1736112.58],[463225.49,1736109.85],[463223.18,1736102.37],[463214.2,1736105.11],[463216.5,1736112.58]]]]}},{"type":"Feature","properties":{"building":"yes","height":6,"heightSource":"default"},"geometry":{"type":"MultiPolygon","coordinates":[[[[463189.67,1736134.48],[463197.36,1736132.16],[463194.51,1736122.84],[463186.82,1736125.16],[463189.67,1736134.48]]]]}},{"type":"Feature","properties":{"building":"yes","height":6,"heightSource":"default"},"geometry":{"type":"MultiPolygon","coordinates":[[[[463205.13,1736129.77],[463202.26,1736119.64],[463195.55,1736121.52],[463198.41,1736131.64],[463205.13,1736129.77]]]]}},{"type":"Feature","properties":{"building":"house","height":6,"heightSource":"default"},"geometry":{"type":"MultiPolygon","coordinates":[[[[463383.84,1736026.24],[463396.64,1736037.6],[463406.68,1736026.43],[463393.88,1736015.07],[463383.84,1736026.24]]]]}},{"type":"Feature","properties":{"building":"house","height":6,"heightSource":"default"},"geometry":{"type":"MultiPolygon","coordinates":[[[[463410.53,1735973.97],[463418.89,1735988.1],[463428.11,1735982.72],[463419.76,1735968.59],[463410.53,1735973.97]]]]}},{"type":"Feature","properties":{"building":"yes","height":6,"heightSource":"default"},"geometry":{"type":"MultiPolygon","coordinates":[[[[463337.85,1736107.62],[463340.46,1736116.61],[463348.5,1736114.3],[463345.88,1736105.31],[463337.85,1736107.62]]]]}},{"type":"Feature","properties":{"building":"school","height":6,"heightSource":"default"},"geometry":{"type":"MultiPolygon","coordinates":[[[[463398.33,1736179.19],[463409.18,1736174.99],[463398.75,1736148.31],[463387.89,1736152.51],[463398.33,1736179.19]]]]}},{"type":"Feature","properties":{"building":"house","height":6,"heightSource":"default"},"geometry":{"type":"MultiPolygon","coordinates":[[[[463310.32,1736139.49],[463321.32,1736136.76],[463319.31,1736128.72],[463308.31,1736131.45],[463310.32,1736139.49]]]]}},{"type":"Feature","properties":{"building":"house","height":6,"heightSource":"default"},"geometry":{"type":"MultiPolygon","coordinates":[[[[463322.63,1736142.97],[463314.82,1736144.71],[463316.52,1736152.21],[463324.31,1736150.47],[463322.63,1736142.97]]]]}},{"type":"Feature","properties":{"building":"house","height":6,"heightSource":"default"},"geometry":{"type":"MultiPolygon","coordinates":[[[[463319.2,1736165.1],[463321.44,1736173.36],[463330.19,1736171.02],[463327.95,1736162.76],[463319.2,1736165.1]]]]}},{"type":"Feature","properties":{"building":"house","height":6,"heightSource":"default"},"geometry":{"type":"MultiPolygon","coordinates":[[[[463304.2,1736168.25],[463311.33,1736166.48],[463309.01,1736157.29],[463301.88,1736159.06],[463304.2,1736168.25]]]]}},{"type":"Feature","properties":{"building":"house","height":6,"heightSource":"default"},"geometry":{"type":"MultiPolygon","coordinates":[[[[463290.34,1736171.62],[463292.88,1736180.57],[463300.73,1736178.37],[463298.19,1736169.41],[463290.34,1736171.62]]]]}},{"type":"Feature","properties":{"building":"house","height":6,"heightSource":"default"},"geometry":{"type":"MultiPolygon","coordinates":[[[[463282.81,1736186.13],[463291.49,1736183.48],[463288.74,1736174.52],[463280.04,1736177.16],[463282.81,1736186.13]]]]}},{"type":"Feature","properties":{"building":"house","height":6,"heightSource":"default"},"geometry":{"type":"MultiPolygon","coordinates":[[[[463260.59,1736180.6],[463270.52,1736178.09],[463268.38,1736169.78],[463258.45,1736172.3],[463260.59,1736180.6]]]]}},{"type":"Feature","properties":{"building":"house","height":6,"heightSource":"default"},"geometry":{"type":"MultiPolygon","coordinates":[[[[463266.8,1736143.84],[463255.85,1736146.41],[463258.14,1736155.96],[463269.07,1736153.39],[463266.8,1736143.84]]]]}},{"type":"Feature","properties":{"building":"house","height":6,"heightSource":"default"},"geometry":{"type":"MultiPolygon","coordinates":[[[[463249.75,1736134.66],[463261.24,1736131.35],[463258.77,1736122.9],[463247.29,1736126.23],[463249.75,1736134.66]]]]}},{"type":"Feature","properties":{"building":"house","height":6,"heightSource":"default"},"geometry":{"type":"MultiPolygon","coordinates":[[[[463313.33,1736189.1],[463315.99,1736199.83],[463324.53,1736197.73],[463321.87,1736187.01],[463313.33,1736189.1]]]]}},{"type":"Feature","properties":{"building":"house","height":6,"heightSource":"default"},"geometry":{"type":"MultiPolygon","coordinates":[[[[463299.26,1736203.42],[463307.03,1736202.67],[463306.14,1736193.34],[463298.37,1736194.08],[463299.26,1736203.42]]]]}},{"type":"Feature","properties":{"building":"house","height":6,"heightSource":"default"},"geometry":{"type":"MultiPolygon","coordinates":[[[[463283.67,1736208.79],[463291.52,1736207.49],[463290.16,1736199.46],[463282.31,1736200.78],[463283.67,1736208.79]]]]}},{"type":"Feature","properties":{"building":"house","height":6,"heightSource":"default"},"geometry":{"type":"MultiPolygon","coordinates":[[[[463269.99,1736219.82],[463278.25,1736217.93],[463276.54,1736210.51],[463268.27,1736212.4],[463269.99,1736219.82]]]]}},{"type":"Feature","properties":{"building":"yes","height":6,"heightSource":"default"},"geometry":{"type":"MultiPolygon","coordinates":[[[[463328.05,1736220.78],[463336.1,1736218.54],[463333.96,1736210.93],[463325.9,1736213.15],[463328.05,1736220.78]]]]}},{"type":"Feature","properties":{"building":"yes","height":6,"heightSource":"default"},"geometry":{"type":"MultiPolygon","coordinates":[[[[463332.89,1736232.7],[463341.91,1736229.24],[463339.11,1736222.01],[463330.08,1736225.47],[463332.89,1736232.7]]]]}},{"type":"Feature","properties":{"building":"yes","height":6,"heightSource":"default"},"geometry":{"type":"MultiPolygon","coordinates":[[[[463337.45,1736243.52],[463340.27,1736252.57],[463348.41,1736250.07],[463345.59,1736241.02],[463337.45,1736243.52]]]]}},{"type":"Feature","properties":{"building":"yes","height":6,"heightSource":"default"},"geometry":{"type":"MultiPolygon","coordinates":[[[[463330.02,1736254.49],[463338.59,1736252.25],[463335.59,1736240.9],[463327.02,1736243.14],[463330.02,1736254.49]]]]}},{"type":"Feature","properties":{"building":"yes","height":6,"heightSource":"default"},"geometry":{"type":"MultiPolygon","coordinates":[[[[463310.14,1736229.02],[463315.97,1736236.92],[463322.12,1736232.43],[463316.29,1736224.53],[463310.14,1736229.02]]]]}},{"type":"Feature","properties":{"building":"house","height":6,"heightSource":"default"},"geometry":{"type":"MultiPolygon","coordinates":[[[[463317.59,1736261.87],[463314.46,1736249.74],[463322.63,1736247.66],[463325.77,1736259.77],[463317.59,1736261.87]]]]}},{"type":"Feature","properties":{"building":"yes","height":6,"heightSource":"default"},"geometry":{"type":"MultiPolygon","coordinates":[[[[463303.59,1736237.1],[463310.66,1736232.81],[463307,1736226.85],[463299.93,1736231.15],[463303.59,1736237.1]]]]}},{"type":"Feature","properties":{"building":"yes","height":6,"heightSource":"default"},"geometry":{"type":"MultiPolygon","coordinates":[[[[463297.1,1736250.12],[463304.8,1736267.06],[463313.23,1736263.28],[463305.52,1736246.33],[463297.1,1736250.12]]]]}},{"type":"Feature","properties":{"building":"yes","height":6,"heightSource":"default"},"geometry":{"type":"MultiPolygon","coordinates":[[[[463294.56,1736269.54],[463301.31,1736266.77],[463294.29,1736249.85],[463287.53,1736252.62],[463294.56,1736269.54]]]]}},{"type":"Feature","properties":{"building":"house","height":6,"heightSource":"default"},"geometry":{"type":"MultiPolygon","coordinates":[[[[463291.31,1736274.51],[463288.41,1736262.22],[463279.57,1736264.28],[463280.98,1736270.3],[463276.21,1736271.41],[463277.69,1736277.68],[463291.31,1736274.51]]]]}},{"type":"Feature","properties":{"building":"house","height":6,"heightSource":"default"},"geometry":{"type":"MultiPolygon","coordinates":[[[[463275.32,1736242.24],[463284.05,1736239.62],[463286.56,1736247.89],[463277.83,1736250.51],[463275.32,1736242.24]]]]}},{"type":"Feature","properties":{"building":"yes","height":6,"heightSource":"default"},"geometry":{"type":"MultiPolygon","coordinates":[[[[463269.14,1736229.86],[463285.85,1736226.41],[463284.17,1736218.34],[463267.46,1736221.78],[463269.14,1736229.86]]]]}},{"type":"Feature","properties":{"building":"yes","height":6,"heightSource":"default"},"geometry":{"type":"MultiPolygon","coordinates":[[[[463264.94,1736211.86],[463273.85,1736209.76],[463271.75,1736200.92],[463262.85,1736203],[463264.94,1736211.86]]]]}},{"type":"Feature","properties":{"building":"yes","height":6,"heightSource":"default"},"geometry":{"type":"MultiPolygon","coordinates":[[[[463369.2,1736269.04],[463380.43,1736262.34],[463376.15,1736255.25],[463364.91,1736261.95],[463369.2,1736269.04]]]]}},{"type":"Feature","properties":{"building":"yes","height":6,"heightSource":"default"},"geometry":{"type":"MultiPolygon","coordinates":[[[[463344.59,1736263.27],[463348.41,1736273.71],[463355.99,1736270.98],[463352.18,1736260.53],[463344.59,1736263.27]]]]}},{"type":"Feature","properties":{"building":"yes","height":6,"heightSource":"default"},"geometry":{"type":"MultiPolygon","coordinates":[[[[463333.97,1736268.56],[463337.33,1736278.8],[463345.76,1736276.08],[463342.42,1736265.83],[463333.97,1736268.56]]]]}},{"type":"Feature","properties":{"building":"house","height":6,"heightSource":"default"},"geometry":{"type":"MultiPolygon","coordinates":[[[[463324.87,1736276.27],[463326.93,1736287.06],[463335.69,1736285.41],[463333.62,1736274.61],[463324.87,1736276.27]]]]}},{"type":"Feature","properties":{"building":"yes","height":6,"heightSource":"default"},"geometry":{"type":"MultiPolygon","coordinates":[[[[463311.36,1736289.03],[463319.33,1736286.81],[463317,1736278.54],[463309.02,1736280.76],[463311.36,1736289.03]]]]}},{"type":"Feature","properties":{"building":"house","height":6,"heightSource":"default"},"geometry":{"type":"MultiPolygon","coordinates":[[[[463297.94,1736282.75],[463301.26,1736292.9],[463309.51,1736290.24],[463306.19,1736280.08],[463297.94,1736282.75]]]]}},{"type":"Feature","properties":{"building":"house","height":6,"heightSource":"default"},"geometry":{"type":"MultiPolygon","coordinates":[[[[463296.46,1736294.22],[463292.63,1736284.27],[463281.72,1736288.43],[463283.73,1736293.66],[463280.24,1736294.99],[463282.06,1736299.7],[463296.46,1736294.22]]]]}},{"type":"Feature","properties":{"building":"yes","height":6,"heightSource":"default"},"geometry":{"type":"MultiPolygon","coordinates":[[[[463320.9,1736329.35],[463333.29,1736326.94],[463331.8,1736319.37],[463319.4,1736321.78],[463320.9,1736329.35]]]]}},{"type":"Feature","properties":{"building":"yes","height":6,"heightSource":"default"},"geometry":{"type":"MultiPolygon","coordinates":[[[[463305.94,1736330.48],[463313.33,1736328.19],[463311.43,1736322.15],[463304.04,1736324.44],[463305.94,1736330.48]]]]}},{"type":"Feature","properties":{"building":"yes","height":6,"heightSource":"default"},"geometry":{"type":"MultiPolygon","coordinates":[[[[463308.75,1736340.34],[463316.28,1736337.84],[463313.57,1736329.8],[463306.05,1736332.3],[463308.75,1736340.34]]]]}},{"type":"Feature","properties":{"building":"house","height":6,"heightSource":"default"},"geometry":{"type":"MultiPolygon","coordinates":[[[[463294.21,1736346.59],[463302.76,1736345],[463301.22,1736336.86],[463292.67,1736338.45],[463294.21,1736346.59]]]]}},{"type":"Feature","properties":{"building":"house","height":6,"heightSource":"default"},"geometry":{"type":"MultiPolygon","coordinates":[[[[463298.5,1736368.57],[463309.33,1736364.91],[463306.37,1736356.28],[463295.53,1736359.96],[463298.5,1736368.57]]]]}},{"type":"Feature","properties":{"building":"yes","height":6,"heightSource":"default"},"geometry":{"type":"MultiPolygon","coordinates":[[[[463310.7,1736352.52],[463314.06,1736361.54],[463321.75,1736358.71],[463318.39,1736349.69],[463310.7,1736352.52]]]]}},{"type":"Feature","properties":{"building":"house","height":6,"heightSource":"default"},"geometry":{"type":"MultiPolygon","coordinates":[[[[463306.53,1736376.93],[463317.61,1736372.96],[463314.67,1736364.86],[463303.59,1736368.84],[463306.53,1736376.93]]]]}},{"type":"Feature","properties":{"building":"house","height":6,"heightSource":"default"},"geometry":{"type":"MultiPolygon","coordinates":[[[[463310.77,1736390.57],[463320.4,1736387.62],[463317.65,1736378.73],[463308.03,1736381.68],[463310.77,1736390.57]]]]}},{"type":"Feature","properties":{"building":"house","height":6,"heightSource":"default"},"geometry":{"type":"MultiPolygon","coordinates":[[[[463315.03,1736407.03],[463324.14,1736404.05],[463320.47,1736392.96],[463311.37,1736395.94],[463315.03,1736407.03]]]]}},{"type":"Feature","properties":{"building":"house","height":6,"heightSource":"default"},"geometry":{"type":"MultiPolygon","coordinates":[[[[463360.92,1736394.2],[463356.09,1736382.37],[463344.51,1736387.04],[463349.34,1736398.87],[463360.92,1736394.2]]]]}},{"type":"Feature","properties":{"building":"house","height":6,"heightSource":"default"},"geometry":{"type":"MultiPolygon","coordinates":[[[[463321.14,1736470.33],[463328.69,1736469.13],[463327.41,1736461.18],[463319.86,1736462.38],[463321.14,1736470.33]]]]}},{"type":"Feature","properties":{"building":"house","height":6,"heightSource":"default"},"geometry":{"type":"MultiPolygon","coordinates":[[[[463292.16,1736469.91],[463300.38,1736469.09],[463299.56,1736460.97],[463291.34,1736461.78],[463292.16,1736469.91]]]]}},{"type":"Feature","properties":{"building":"house","height":6,"heightSource":"default"},"geometry":{"type":"MultiPolygon","coordinates":[[[[463289.29,1736512.23],[463301.67,1736510.03],[463299.88,1736500.1],[463293.5,1736501.24],[463292.69,1736496.77],[463286.7,1736497.83],[463289.29,1736512.23]]]]}},{"type":"Feature","properties":{"building":"house","height":6,"heightSource":"default"},"geometry":{"type":"MultiPolygon","coordinates":[[[[463293.68,1736534.96],[463306.15,1736532.57],[463304.44,1736523.77],[463291.97,1736526.16],[463293.68,1736534.96]]]]}},{"type":"Feature","properties":{"building":"house","height":6,"heightSource":"default"},"geometry":{"type":"MultiPolygon","coordinates":[[[[463310.57,1736554.72],[463308.93,1736541.9],[463301.08,1736542.9],[463301.35,1736544.99],[463294.2,1736545.89],[463294.89,1736551.31],[463297.82,1736550.93],[463298.56,1736556.68],[463303.73,1736556.03],[463304.13,1736559.13],[463309.34,1736558.47],[463308.9,1736554.93],[463310.57,1736554.72]]]]}},{"type":"Feature","properties":{"building":"house","height":6,"heightSource":"default"},"geometry":{"type":"MultiPolygon","coordinates":[[[[463299.65,1736605.17],[463316.53,1736603.73],[463315.97,1736597.33],[463312.26,1736597.64],[463312.04,1736595.07],[463298.88,1736596.2],[463299.65,1736605.17]]]]}},{"type":"Feature","properties":{"building":"house","height":6,"heightSource":"default"},"geometry":{"type":"MultiPolygon","coordinates":[[[[463305.13,1736653.27],[463313.3,1736650.96],[463310.97,1736642.81],[463302.79,1736645.11],[463305.13,1736653.27]]]]}},{"type":"Feature","properties":{"building":"house","height":6,"heightSource":"default"},"geometry":{"type":"MultiPolygon","coordinates":[[[[463338.58,1736628.79],[463335.27,1736614.2],[463324.62,1736616.57],[463327.92,1736631.17],[463338.58,1736628.79]]]]}},{"type":"Feature","properties":{"building":"house","height":6,"heightSource":"default"},"geometry":{"type":"MultiPolygon","coordinates":[[[[463333.71,1736579.66],[463343.62,1736577.85],[463341.94,1736568.82],[463332.04,1736570.64],[463333.71,1736579.66]]]]}},{"type":"Feature","properties":{"building":"house","height":6,"heightSource":"default"},"geometry":{"type":"MultiPolygon","coordinates":[[[[463333.46,1736566.89],[463340.67,1736565.63],[463339.1,1736556.74],[463331.89,1736557.99],[463333.46,1736566.89]]]]}},{"type":"Feature","properties":{"building":"house","height":6,"heightSource":"default"},"geometry":{"type":"MultiPolygon","coordinates":[[[[463331.18,1736556.49],[463338.61,1736555.48],[463337.61,1736548.27],[463330.19,1736549.28],[463331.18,1736556.49]]]]}},{"type":"Feature","properties":{"building":"house","height":6,"heightSource":"default"},"geometry":{"type":"MultiPolygon","coordinates":[[[[463328.53,1736547.8],[463337.37,1736546.94],[463336.56,1736538.66],[463327.73,1736539.52],[463328.53,1736547.8]]]]}},{"type":"Feature","properties":{"building":"house","height":6,"heightSource":"default"},"geometry":{"type":"MultiPolygon","coordinates":[[[[463323.93,1736532.42],[463332.25,1736531.7],[463331.39,1736522.01],[463323.07,1736522.73],[463323.93,1736532.42]]]]}},{"type":"Feature","properties":{"building":"house","height":6,"heightSource":"default"},"geometry":{"type":"MultiPolygon","coordinates":[[[[463320.88,1736514.19],[463328.73,1736513.93],[463328.47,1736506.64],[463320.64,1736506.9],[463320.88,1736514.19]]]]}},{"type":"Feature","properties":{"building":"house","height":6,"heightSource":"default"},"geometry":{"type":"MultiPolygon","coordinates":[[[[463339.98,1736523.45],[463349.55,1736524.23],[463350.71,1736510.3],[463341.14,1736509.51],[463339.98,1736523.45]]]]}},{"type":"Feature","properties":{"building":"house","height":6,"heightSource":"default"},"geometry":{"type":"MultiPolygon","coordinates":[[[[463361.11,1736531.43],[463369.67,1736530.43],[463368.59,1736521.31],[463360.03,1736522.3],[463361.11,1736531.43]]]]}},{"type":"Feature","properties":{"building":"yes","height":6,"heightSource":"default"},"geometry":{"type":"MultiPolygon","coordinates":[[[[463278.8,1736471.52],[463290.61,1736470.2],[463289.85,1736463.47],[463278.04,1736464.8],[463278.8,1736471.52]]]]}},{"type":"Feature","properties":{"building":"house","height":6,"heightSource":"default"},"geometry":{"type":"MultiPolygon","coordinates":[[[[463290.12,1736429.87],[463298.72,1736427.24],[463295.47,1736416.7],[463286.87,1736419.32],[463290.12,1736429.87]]]]}},{"type":"Feature","properties":{"building":"yes","height":6,"heightSource":"default"},"geometry":{"type":"MultiPolygon","coordinates":[[[[463287.09,1736413.7],[463296.25,1736410.95],[463294.12,1736403.91],[463284.95,1736406.66],[463287.09,1736413.7]]]]}},{"type":"Feature","properties":{"building":"yes","height":6,"heightSource":"default"},"geometry":{"type":"MultiPolygon","coordinates":[[[[463260.78,1736433.82],[463269.12,1736432.88],[463268.05,1736423.61],[463259.72,1736424.55],[463260.78,1736433.82]]]]}},{"type":"Feature","properties":{"building":"yes","height":6,"heightSource":"default"},"geometry":{"type":"MultiPolygon","coordinates":[[[[463250.41,1736422.65],[463246.88,1736416.61],[463239.7,1736420.75],[463243.22,1736426.8],[463250.41,1736422.65]]]]}},{"type":"Feature","properties":{"building":"yes","height":6,"heightSource":"default"},"geometry":{"type":"MultiPolygon","coordinates":[[[[463292.88,1736401.21],[463298.32,1736399.17],[463295.99,1736393.02],[463290.55,1736395.07],[463292.88,1736401.21]]]]}},{"type":"Feature","properties":{"building":"house","height":6,"heightSource":"default"},"geometry":{"type":"MultiPolygon","coordinates":[[[[463285.44,1736392.9],[463294.34,1736389.4],[463290.66,1736380.16],[463281.76,1736383.66],[463285.44,1736392.9]]]]}},{"type":"Feature","properties":{"building":"house","height":6,"heightSource":"default"},"geometry":{"type":"MultiPolygon","coordinates":[[[[463276.65,1736360.69],[463283.92,1736358.53],[463281.69,1736351.1],[463274.42,1736353.25],[463276.65,1736360.69]]]]}},{"type":"Feature","properties":{"building":"house","height":6,"heightSource":"default"},"geometry":{"type":"MultiPolygon","coordinates":[[[[463271.5,1736348.11],[463280.03,1736345.21],[463277.48,1736337.8],[463268.95,1736340.7],[463271.5,1736348.11]]]]}},{"type":"Feature","properties":{"building":"house","height":6,"heightSource":"default"},"geometry":{"type":"MultiPolygon","coordinates":[[[[463262.88,1736322.64],[463273.15,1736319.92],[463271.22,1736312.74],[463260.97,1736315.45],[463262.88,1736322.64]]]]}},{"type":"Feature","properties":{"building":"house","height":6,"heightSource":"default"},"geometry":{"type":"MultiPolygon","coordinates":[[[[463262.23,1736303.7],[463273.18,1736301.74],[463271.67,1736293.42],[463260.72,1736295.4],[463262.23,1736303.7]]]]}},{"type":"Feature","properties":{"building":"house","height":6,"heightSource":"default"},"geometry":{"type":"MultiPolygon","coordinates":[[[[463254.84,1736311.6],[463251.46,1736300.38],[463244.2,1736302.55],[463247.58,1736313.76],[463254.84,1736311.6]]]]}},{"type":"Feature","properties":{"building":"yes","height":6,"heightSource":"default"},"geometry":{"type":"MultiPolygon","coordinates":[[[[463237.29,1736317.35],[463235.67,1736308.14],[463243.14,1736306.84],[463244.75,1736316.05],[463237.29,1736317.35]]]]}},{"type":"Feature","properties":{"building":"house","height":6,"heightSource":"default"},"geometry":{"type":"MultiPolygon","coordinates":[[[[463224.94,1736320.08],[463220,1736310.03],[463212.16,1736313.84],[463217.09,1736323.89],[463224.94,1736320.08]]]]}},{"type":"Feature","properties":{"building":"house","height":6,"heightSource":"default"},"geometry":{"type":"MultiPolygon","coordinates":[[[[463254.65,1736356.06],[463250.79,1736345.1],[463258.74,1736342.35],[463262.59,1736353.3],[463254.65,1736356.06]]]]}},{"type":"Feature","properties":{"building":"house","height":6,"heightSource":"default"},"geometry":{"type":"MultiPolygon","coordinates":[[[[463239.15,1736379.93],[463248.39,1736379.45],[463247.6,1736364.28],[463238.35,1736364.76],[463239.15,1736379.93]]]]}},{"type":"Feature","properties":{"building":"house","height":6,"heightSource":"default"},"geometry":{"type":"MultiPolygon","coordinates":[[[[463209.72,1736348.39],[463219.09,1736342.02],[463213.9,1736334.48],[463204.53,1736340.83],[463209.72,1736348.39]]]]}},{"type":"Feature","properties":{"building":"yes","height":6,"heightSource":"default"},"geometry":{"type":"MultiPolygon","coordinates":[[[[463198.33,1736342.31],[463205.81,1736337.32],[463202.15,1736331.9],[463194.66,1736336.89],[463198.33,1736342.31]]]]}},{"type":"Feature","properties":{"building":"yes","height":6,"heightSource":"default"},"geometry":{"type":"MultiPolygon","coordinates":[[[[463236.94,1736357.5],[463246.26,1736354.13],[463243.17,1736345.7],[463233.86,1736349.07],[463236.94,1736357.5]]]]}},{"type":"Feature","properties":{"building":"house","height":6,"heightSource":"default"},"geometry":{"type":"MultiPolygon","coordinates":[[[[463232.62,1736389.13],[463230.07,1736379.88],[463219.01,1736382.87],[463221.55,1736392.13],[463232.62,1736389.13]]]]}},{"type":"Feature","properties":{"building":"house","height":6,"heightSource":"default"},"geometry":{"type":"MultiPolygon","coordinates":[[[[463208.98,1736350.45],[463199.41,1736356.43],[463204.9,1736365.11],[463211.08,1736361.25],[463209.2,1736358.29],[463212.6,1736356.16],[463208.98,1736350.45]]]]}},{"type":"Feature","properties":{"building":"house","height":6,"heightSource":"default"},"geometry":{"type":"MultiPolygon","coordinates":[[[[463202.28,1736294.12],[463205.08,1736301.78],[463197.49,1736304.53],[463194.7,1736296.85],[463202.28,1736294.12]]]]}},{"type":"Feature","properties":{"building":"house","height":6,"heightSource":"default"},"geometry":{"type":"MultiPolygon","coordinates":[[[[463207.11,1736302.23],[463214.86,1736299.63],[463212.14,1736291.63],[463204.39,1736294.24],[463207.11,1736302.23]]]]}},{"type":"Feature","properties":{"building":"house","height":6,"heightSource":"default"},"geometry":{"type":"MultiPolygon","coordinates":[[[[463237.06,1736291.35],[463243.98,1736288.66],[463240.71,1736280.34],[463233.78,1736283.03],[463237.06,1736291.35]]]]}},{"type":"Feature","properties":{"building":"yes","height":6,"heightSource":"default"},"geometry":{"type":"MultiPolygon","coordinates":[[[[463249.54,1736289.91],[463256.55,1736287.36],[463254.33,1736281.34],[463247.34,1736283.87],[463249.54,1736289.91]]]]}},{"type":"Feature","properties":{"building":"house","height":6,"heightSource":"default"},"geometry":{"type":"MultiPolygon","coordinates":[[[[463256.92,1736284.44],[463268.11,1736282.41],[463266.89,1736275.76],[463255.71,1736277.8],[463256.92,1736284.44]]]]}},{"type":"Feature","properties":{"building":"yes","height":6,"heightSource":"default"},"geometry":{"type":"MultiPolygon","coordinates":[[[[463244.74,1736282.02],[463253.3,1736278.91],[463250.16,1736270.36],[463241.6,1736273.47],[463244.74,1736282.02]]]]}},{"type":"Feature","properties":{"building":"yes","height":6,"heightSource":"default"},"geometry":{"type":"MultiPolygon","coordinates":[[[[463256.29,1736270.95],[463265.36,1736269.44],[463264.34,1736263.4],[463255.27,1736264.91],[463256.29,1736270.95]]]]}},{"type":"Feature","properties":{"building":"yes","height":6,"heightSource":"default"},"geometry":{"type":"MultiPolygon","coordinates":[[[[463195.75,1736278.77],[463198.49,1736285.92],[463205.15,1736283.41],[463202.41,1736276.26],[463195.75,1736278.77]]]]}},{"type":"Feature","properties":{"building":"house","height":6,"heightSource":"default"},"geometry":{"type":"MultiPolygon","coordinates":[[[[463197.94,1736269.6],[463208.06,1736265.15],[463204.68,1736257.58],[463194.56,1736262.03],[463197.94,1736269.6]]]]}},{"type":"Feature","properties":{"building":"house","height":6,"heightSource":"default"},"geometry":{"type":"MultiPolygon","coordinates":[[[[463171.86,1736270.27],[463179.55,1736268.52],[463177.84,1736261.04],[463170.15,1736262.78],[463171.86,1736270.27]]]]}},{"type":"Feature","properties":{"building":"house","height":6,"heightSource":"default"},"geometry":{"type":"MultiPolygon","coordinates":[[[[463186.6,1736241.88],[463194.54,1736239.28],[463191.52,1736230.18],[463183.59,1736232.78],[463186.6,1736241.88]]]]}},{"type":"Feature","properties":{"building":"yes","height":6,"heightSource":"default"},"geometry":{"type":"MultiPolygon","coordinates":[[[[463227.2,1736269.46],[463245.32,1736263.06],[463242.61,1736255.47],[463224.49,1736261.87],[463227.2,1736269.46]]]]}},{"type":"Feature","properties":{"building":"yes","height":6,"heightSource":"default"},"geometry":{"type":"MultiPolygon","coordinates":[[[[463232.48,1736257.48],[463240.69,1736254.91],[463236.85,1736242.74],[463228.63,1736245.31],[463232.48,1736257.48]]]]}},{"type":"Feature","properties":{"building":"yes","height":6,"heightSource":"default"},"geometry":{"type":"MultiPolygon","coordinates":[[[[463250.69,1736247.56],[463258.88,1736247.23],[463258.62,1736240.67],[463250.42,1736240.99],[463250.69,1736247.56]]]]}},{"type":"Feature","properties":{"building":"yes","height":6,"heightSource":"default"},"geometry":{"type":"MultiPolygon","coordinates":[[[[463249.24,1736238.28],[463258,1736237.68],[463257.42,1736229.12],[463248.65,1736229.71],[463249.24,1736238.28]]]]}},{"type":"Feature","properties":{"building":"yes","height":6,"heightSource":"default"},"geometry":{"type":"MultiPolygon","coordinates":[[[[463226.99,1736237.62],[463235.07,1736235.22],[463233.08,1736228.62],[463225.01,1736231.02],[463226.99,1736237.62]]]]}},{"type":"Feature","properties":{"building":"house","height":6,"heightSource":"default"},"geometry":{"type":"MultiPolygon","coordinates":[[[[463243.41,1736218.28],[463251.97,1736216.41],[463250.23,1736208.51],[463241.67,1736210.38],[463243.41,1736218.28]]]]}},{"type":"Feature","properties":{"building":"house","height":6,"heightSource":"default"},"geometry":{"type":"MultiPolygon","coordinates":[[[[463227.62,1736226.94],[463236.18,1736224.21],[463232.72,1736213.46],[463224.15,1736216.19],[463227.62,1736226.94]]]]}},{"type":"Feature","properties":{"building":"house","height":6,"heightSource":"default"},"geometry":{"type":"MultiPolygon","coordinates":[[[[463209.88,1736231.38],[463217.09,1736228.89],[463213.53,1736218.79],[463206.33,1736221.29],[463209.88,1736231.38]]]]}},{"type":"Feature","properties":{"building":"house","height":6,"heightSource":"default"},"geometry":{"type":"MultiPolygon","coordinates":[[[[463198.81,1736235.56],[463205.98,1736233.31],[463203.19,1736224.49],[463196.01,1736226.73],[463198.81,1736235.56]]]]}},{"type":"Feature","properties":{"building":"yes","height":6,"heightSource":"default"},"geometry":{"type":"MultiPolygon","coordinates":[[[[463134.28,1736231.94],[463136.13,1736248.06],[463146,1736246.93],[463144.14,1736230.81],[463134.28,1736231.94]]]]}},{"type":"Feature","properties":{"building":"house","height":6,"heightSource":"default"},"geometry":{"type":"MultiPolygon","coordinates":[[[[463158.96,1736229.64],[463167.79,1736228.31],[463166.43,1736219.45],[463157.61,1736220.78],[463158.96,1736229.64]]]]}},{"type":"Feature","properties":{"building":"yes","height":6,"heightSource":"default"},"geometry":{"type":"MultiPolygon","coordinates":[[[[463140.17,1736216.31],[463147.22,1736215.9],[463146.74,1736207.91],[463139.69,1736208.32],[463140.17,1736216.31]]]]}},{"type":"Feature","properties":{"building":"yes","height":6,"heightSource":"default"},"geometry":{"type":"MultiPolygon","coordinates":[[[[463146,1736182.84],[463160.22,1736179.62],[463157.95,1736169.75],[463143.75,1736172.97],[463146,1736182.84]]]]}},{"type":"Feature","properties":{"building":"yes","height":6,"heightSource":"default"},"geometry":{"type":"MultiPolygon","coordinates":[[[[463145.02,1736166.86],[463154.13,1736165.71],[463153.03,1736157.26],[463143.93,1736158.43],[463145.02,1736166.86]]]]}},{"type":"Feature","properties":{"building":"house","height":6,"heightSource":"default"},"geometry":{"type":"MultiPolygon","coordinates":[[[[463178.7,1736220.09],[463186.67,1736218.24],[463184.7,1736209.83],[463176.73,1736211.68],[463178.7,1736220.09]]]]}},{"type":"Feature","properties":{"building":"yes","height":6,"heightSource":"default"},"geometry":{"type":"MultiPolygon","coordinates":[[[[463198.96,1736207.85],[463210.39,1736206.18],[463209.23,1736198.34],[463197.8,1736200.01],[463198.96,1736207.85]]]]}},{"type":"Feature","properties":{"building":"house","height":6,"heightSource":"default"},"geometry":{"type":"MultiPolygon","coordinates":[[[[463240.75,1736200.23],[463251.21,1736199.09],[463250.31,1736190.77],[463239.85,1736191.91],[463240.75,1736200.23]]]]}},{"type":"Feature","properties":{"building":"yes","height":6,"heightSource":"default"},"geometry":{"type":"MultiPolygon","coordinates":[[[[463242.18,1736188.77],[463250.01,1736187.54],[463248.78,1736179.77],[463240.95,1736180.99],[463242.18,1736188.77]]]]}},{"type":"Feature","properties":{"building":"yes","height":6,"heightSource":"default"},"geometry":{"type":"MultiPolygon","coordinates":[[[[463178.76,1736203.27],[463186.37,1736202.64],[463185.74,1736195.28],[463178.15,1736195.91],[463178.76,1736203.27]]]]}},{"type":"Feature","properties":{"building":"yes","height":6,"heightSource":"default"},"geometry":{"type":"MultiPolygon","coordinates":[[[[463176.3,1736187.21],[463183.81,1736184.81],[463181.68,1736178.21],[463174.17,1736180.61],[463176.3,1736187.21]]]]}},{"type":"Feature","properties":{"building":"house","height":6,"heightSource":"default"},"geometry":{"type":"MultiPolygon","coordinates":[[[[463174.82,1736175.28],[463184.99,1736172.2],[463182.75,1736164.9],[463172.57,1736167.98],[463174.82,1736175.28]]]]}},{"type":"Feature","properties":{"building":"house","height":6,"heightSource":"default"},"geometry":{"type":"MultiPolygon","coordinates":[[[[463197.64,1736182.17],[463205.97,1736181.86],[463205.67,1736173.45],[463197.34,1736173.74],[463197.64,1736182.17]]]]}},{"type":"Feature","properties":{"building":"house","height":6,"heightSource":"default"},"geometry":{"type":"MultiPolygon","coordinates":[[[[463189,1736170.32],[463196.84,1736169.96],[463196.38,1736160.39],[463188.55,1736160.74],[463189,1736170.32]]]]}},{"type":"Feature","properties":{"building":"house","height":6,"heightSource":"default"},"geometry":{"type":"MultiPolygon","coordinates":[[[[463231.33,1736169.04],[463239.08,1736168.89],[463238.91,1736158.62],[463231.15,1736158.75],[463231.33,1736169.04]]]]}},{"type":"Feature","properties":{"building":"house","height":6,"heightSource":"default"},"geometry":{"type":"MultiPolygon","coordinates":[[[[463224.98,1736145.62],[463239.99,1736141.36],[463237.29,1736131.94],[463222.27,1736136.21],[463224.98,1736145.62]]]]}},{"type":"Feature","properties":{"building":"yes","height":6,"heightSource":"default"},"geometry":{"type":"MultiPolygon","coordinates":[[[[463082.86,1736272.21],[463092.55,1736270.12],[463089.55,1736256.44],[463079.45,1736258.63],[463080.54,1736263.6],[463077.52,1736264.26],[463076.42,1736259.24],[463069.62,1736260.71],[463072.64,1736274.52],[463078.45,1736273.26],[463077.78,1736270.2],[463082.21,1736269.24],[463082.86,1736272.21]]]]}},{"type":"Feature","properties":{"building":"house","height":6,"heightSource":"default"},"geometry":{"type":"MultiPolygon","coordinates":[[[[463306.81,1736735.54],[463318.8,1736729.51],[463312.87,1736717.86],[463300.88,1736723.89],[463306.81,1736735.54]]]]}},{"type":"Feature","properties":{"building":"house","height":6,"heightSource":"default"},"geometry":{"type":"MultiPolygon","coordinates":[[[[463308.65,1736754.44],[463318.35,1736751.99],[463316.71,1736745.6],[463312.72,1736746.61],[463311.93,1736743.52],[463316.53,1736742.36],[463315.23,1736737.27],[463304.93,1736739.86],[463308.65,1736754.44]]]]}},{"type":"Feature","properties":{"building":"yes","height":6,"heightSource":"default"},"geometry":{"type":"MultiPolygon","coordinates":[[[[463233.17,1736847.14],[463237.7,1736845.7],[463236.08,1736840.68],[463231.55,1736842.13],[463233.17,1736847.14]]]]}},{"type":"Feature","properties":{"building":"house","height":6,"heightSource":"default"},"geometry":{"type":"MultiPolygon","coordinates":[[[[465677.5,1738314.35],[465684.65,1738308.48],[465679.45,1738302.21],[465672.3,1738308.08],[465677.5,1738314.35]]]]}},{"type":"Feature","properties":{"building":"house","height":6,"heightSource":"default"},"geometry":{"type":"MultiPolygon","coordinates":[[[[465695.97,1738238.79],[465705.71,1738250.75],[465713.9,1738244.17],[465704.15,1738232.2],[465695.97,1738238.79]]]]}},{"type":"Feature","properties":{"building":"yes","height":6,"heightSource":"default"},"geometry":{"type":"MultiPolygon","coordinates":[[[[465683.47,1738244.19],[465696.69,1738232.65],[465688.14,1738222.98],[465674.92,1738234.53],[465683.47,1738244.19]]]]}},{"type":"Feature","properties":{"building":"yes","height":6,"heightSource":"default"},"geometry":{"type":"MultiPolygon","coordinates":[[[[465672.64,1738216.13],[465677.14,1738221.43],[465681.36,1738217.88],[465676.88,1738212.59],[465672.64,1738216.13]]]]}},{"type":"Feature","properties":{"building":"house","height":6,"heightSource":"default"},"geometry":{"type":"MultiPolygon","coordinates":[[[[465692.11,1738205.11],[465685.29,1738194.18],[465677.47,1738199],[465684.29,1738209.93],[465692.11,1738205.11]]]]}},{"type":"Feature","properties":{"building":"yes","height":6,"heightSource":"default"},"geometry":{"type":"MultiPolygon","coordinates":[[[[465778.45,1738221.06],[465785.47,1738217.72],[465783.26,1738213.14],[465776.24,1738216.48],[465778.45,1738221.06]]]]}},{"type":"Feature","properties":{"building":"yes","height":6,"heightSource":"default"},"geometry":{"type":"MultiPolygon","coordinates":[[[[465754.57,1738264.41],[465761.46,1738259.84],[465757.8,1738254.4],[465750.92,1738258.98],[465754.57,1738264.41]]]]}},{"type":"Feature","properties":{"building":"yes","height":6,"heightSource":"default"},"geometry":{"type":"MultiPolygon","coordinates":[[[[465816.63,1738280.28],[465824.61,1738283.49],[465827.78,1738275.73],[465819.8,1738272.51],[465816.63,1738280.28]]]]}},{"type":"Feature","properties":{"building":"yes","height":3.2,"heightSource":"inferred"},"geometry":{"type":"MultiPolygon","coordinates":[[[[462838.31,1732709.94],[462867.47,1732763.67],[462874.08,1732760.13],[462844.89,1732706.4],[462838.31,1732709.94]]]]}},{"type":"Feature","properties":{"building":"yes","height":6,"heightSource":"default"},"geometry":{"type":"MultiPolygon","coordinates":[[[[462990.15,1732768.54],[462996.98,1732776.53],[463003.19,1732771.29],[462996.35,1732763.3],[462990.15,1732768.54]]]]}},{"type":"Feature","properties":{"building":"yes","height":6,"heightSource":"default"},"geometry":{"type":"MultiPolygon","coordinates":[[[[462949.91,1732602.29],[462958.09,1732614.22],[462965.14,1732609.45],[462956.94,1732597.52],[462949.91,1732602.29]]]]}},{"type":"Feature","properties":{"building":"yes","height":6,"heightSource":"default"},"geometry":{"type":"MultiPolygon","coordinates":[[[[462947.63,1732598.71],[462955.3,1732593.34],[462948.84,1732584.22],[462941.16,1732589.61],[462947.63,1732598.71]]]]}},{"type":"Feature","properties":{"building":"house","height":6,"heightSource":"default"},"geometry":{"type":"MultiPolygon","coordinates":[[[[462986.7,1732580.68],[462993.45,1732591.28],[463000.34,1732586.97],[462993.58,1732576.35],[462986.7,1732580.68]]]]}},{"type":"Feature","properties":{"building":"yes","height":6,"heightSource":"default"},"geometry":{"type":"MultiPolygon","coordinates":[[[[462967.54,1732578.69],[462976.9,1732572.47],[462972.67,1732566.21],[462963.32,1732572.42],[462967.54,1732578.69]]]]}},{"type":"Feature","properties":{"building":"house","height":6,"heightSource":"default"},"geometry":{"type":"MultiPolygon","coordinates":[[[[465970.05,1731319.18],[465977.88,1731313.79],[465971.52,1731304.64],[465963.68,1731310.02],[465970.05,1731319.18]]]]}},{"type":"Feature","properties":{"building":"house","height":6,"heightSource":"default"},"geometry":{"type":"MultiPolygon","coordinates":[[[[466165.85,1731337.21],[466169.57,1731346.84],[466183.18,1731341.66],[466179.46,1731332.02],[466165.85,1731337.21]]]]}},{"type":"Feature","properties":{"building":"house","height":6,"heightSource":"default"},"geometry":{"type":"MultiPolygon","coordinates":[[[[466211.32,1731356.9],[466221.34,1731360.55],[466225.59,1731349.01],[466215.58,1731345.37],[466211.32,1731356.9]]]]}},{"type":"Feature","properties":{"building":"house","height":6,"heightSource":"default"},"geometry":{"type":"MultiPolygon","coordinates":[[[[466244.58,1731367.9],[466256.81,1731368.8],[466257.49,1731359.56],[466253.26,1731359.25],[466253.57,1731355.21],[466245.57,1731354.63],[466244.58,1731367.9]]]]}},{"type":"Feature","properties":{"building":"yes","height":6,"heightSource":"default"},"geometry":{"type":"MultiPolygon","coordinates":[[[[466222.93,1731301.05],[466225.76,1731308.82],[466232.14,1731306.53],[466229.31,1731298.75],[466222.93,1731301.05]]]]}},{"type":"Feature","properties":{"building":"yes","height":6,"heightSource":"default"},"geometry":{"type":"MultiPolygon","coordinates":[[[[466213.07,1731289.35],[466215.57,1731296.85],[466224.23,1731294.01],[466221.74,1731286.5],[466213.07,1731289.35]]]]}},{"type":"Feature","properties":{"building":"yes","height":6,"heightSource":"default"},"geometry":{"type":"MultiPolygon","coordinates":[[[[466209.26,1731289.45],[466221.66,1731284.54],[466218.83,1731277.5],[466206.44,1731282.41],[466209.26,1731289.45]]]]}},{"type":"Feature","properties":{"building":"yes","height":6,"heightSource":"default"},"geometry":{"type":"MultiPolygon","coordinates":[[[[466625.55,1731589.83],[466630.52,1731585.81],[466627.04,1731581.56],[466622.07,1731585.58],[466625.55,1731589.83]]]]}},{"type":"Feature","properties":{"building":"house","height":6,"heightSource":"default"},"geometry":{"type":"MultiPolygon","coordinates":[[[[461708.09,1735506.86],[461717.38,1735503.59],[461714.25,1735494.8],[461704.96,1735498.07],[461708.09,1735506.86]]]]}},{"type":"Feature","properties":{"building":"house","height":6,"heightSource":"default"},"geometry":{"type":"MultiPolygon","coordinates":[[[[461761.69,1735486.97],[461766.76,1735484.05],[461759.68,1735471.88],[461748.54,1735478.28],[461758.06,1735494.65],[461764.14,1735491.16],[461761.69,1735486.97]]]]}},{"type":"Feature","properties":{"building":"house","height":6,"heightSource":"default"},"geometry":{"type":"MultiPolygon","coordinates":[[[[461709.22,1735480.65],[461717.47,1735478.77],[461715.21,1735468.95],[461706.96,1735470.83],[461709.22,1735480.65]]]]}},{"type":"Feature","properties":{"building":"house","height":6,"heightSource":"default"},"geometry":{"type":"MultiPolygon","coordinates":[[[[461736.11,1735457.68],[461749.02,1735453.04],[461745.52,1735443.41],[461732.61,1735448.05],[461736.11,1735457.68]]]]}},{"type":"Feature","properties":{"building":"house","height":6,"heightSource":"default"},"geometry":{"type":"MultiPolygon","coordinates":[[[[461732.13,1735441.4],[461748.3,1735436.65],[461745.55,1735427.37],[461729.36,1735432.14],[461732.13,1735441.4]]]]}},{"type":"Feature","properties":{"building":"house","height":6,"heightSource":"default"},"geometry":{"type":"MultiPolygon","coordinates":[[[[461666.78,1735396.2],[461678.28,1735392.2],[461674.77,1735382.25],[461663.27,1735386.27],[461666.78,1735396.2]]]]}},{"type":"Feature","properties":{"building":"yes","height":6,"heightSource":"default"},"geometry":{"type":"MultiPolygon","coordinates":[[[[467386.3,1737261.52],[467392.12,1737257.33],[467388.57,1737252.46],[467382.75,1737256.66],[467386.3,1737261.52]]]]}},{"type":"Feature","properties":{"building":"yes","height":6,"heightSource":"default"},"geometry":{"type":"MultiPolygon","coordinates":[[[[467361.6,1737252.42],[467365.63,1737257.58],[467370.63,1737253.72],[467366.6,1737248.56],[467361.6,1737252.42]]]]}},{"type":"Feature","properties":{"building":"yes","height":6,"heightSource":"default"},"geometry":{"type":"MultiPolygon","coordinates":[[[[467540.39,1737065.65],[467545.08,1737072.25],[467550.3,1737068.57],[467545.61,1737061.97],[467540.39,1737065.65]]]]}},{"type":"Feature","properties":{"building":"yes","height":6,"heightSource":"default"},"geometry":{"type":"MultiPolygon","coordinates":[[[[467438.66,1737129.63],[467444.28,1737124.17],[467440.15,1737119.97],[467434.53,1737125.43],[467438.66,1737129.63]]]]}},{"type":"Feature","properties":{"building":"yes","height":6,"heightSource":"default"},"geometry":{"type":"MultiPolygon","coordinates":[[[[461324.63,1735575.96],[461314.66,1735568.14],[461310.02,1735573.98],[461319.99,1735581.79],[461324.63,1735575.96]]]]}},{"type":"Feature","properties":{"building":"yes","height":6,"heightSource":"default"},"geometry":{"type":"MultiPolygon","coordinates":[[[[462586.91,1738535.15],[462594.62,1738530.76],[462590.31,1738523.29],[462582.6,1738527.68],[462586.91,1738535.15]]]]}},{"type":"Feature","properties":{"building":"yes","height":6,"heightSource":"default"},"geometry":{"type":"MultiPolygon","coordinates":[[[[462615.85,1737049.54],[462622.74,1737046.1],[462618.4,1737037.52],[462611.52,1737040.97],[462615.85,1737049.54]]]]}},{"type":"Feature","properties":{"building":"house","height":6,"heightSource":"default"},"geometry":{"type":"MultiPolygon","coordinates":[[[[472367.87,1732196.73],[472375.5,1732195.88],[472374.37,1732185.94],[472366.75,1732186.79],[472367.87,1732196.73]]]]}},{"type":"Feature","properties":{"building":"yes","height":6,"heightSource":"default"},"geometry":{"type":"MultiPolygon","coordinates":[[[[472382.71,1732171.29],[472390.8,1732173.67],[472392.63,1732167.53],[472384.54,1732165.15],[472382.71,1732171.29]]]]}},{"type":"Feature","properties":{"building":"yes","height":6,"heightSource":"default"},"geometry":{"type":"MultiPolygon","coordinates":[[[[472386.31,1732203.05],[472393.38,1732203.04],[472393.38,1732197.74],[472386.3,1732197.75],[472386.31,1732203.05]]]]}},{"type":"Feature","properties":{"building":"yes","height":6,"heightSource":"default"},"geometry":{"type":"MultiPolygon","coordinates":[[[[471538.07,1733387.53],[471549.45,1733389.46],[471551.09,1733379.88],[471539.71,1733377.96],[471538.07,1733387.53]]]]}},{"type":"Feature","properties":{"building":"yes","height":6,"heightSource":"default"},"geometry":{"type":"MultiPolygon","coordinates":[[[[471573.76,1733367.41],[471581.5,1733369.63],[471584.18,1733360.36],[471576.44,1733358.16],[471573.76,1733367.41]]]]}},{"type":"Feature","properties":{"building":"yes","height":6,"heightSource":"default"},"geometry":{"type":"MultiPolygon","coordinates":[[[[471663.41,1733398.85],[471665.46,1733386.22],[471673.6,1733387.54],[471671.53,1733400.15],[471663.41,1733398.85]]]]}},{"type":"Feature","properties":{"building":"yes","height":6,"heightSource":"default"},"geometry":{"type":"MultiPolygon","coordinates":[[[[471736.12,1733408.01],[471744.09,1733407.59],[471743.54,1733397.25],[471735.57,1733397.67],[471736.12,1733408.01]]]]}},{"type":"Feature","properties":{"building":"yes","height":6,"heightSource":"default"},"geometry":{"type":"MultiPolygon","coordinates":[[[[471691.21,1733315.7],[471703.72,1733314.87],[471702.98,1733303.95],[471690.49,1733304.77],[471691.21,1733315.7]]]]}},{"type":"Feature","properties":{"building":"yes","height":6,"heightSource":"default"},"geometry":{"type":"MultiPolygon","coordinates":[[[[471794.87,1733399.82],[471803.13,1733398.62],[471801.92,1733390.39],[471793.66,1733391.58],[471794.87,1733399.82]]]]}},{"type":"Feature","properties":{"building":"house","height":6,"heightSource":"default"},"geometry":{"type":"MultiPolygon","coordinates":[[[[471903.12,1733364.33],[471915.23,1733363.72],[471914.82,1733355.73],[471902.73,1733356.33],[471903.12,1733364.33]]]]}},{"type":"Feature","properties":{"building":"yes","height":6,"heightSource":"default"},"geometry":{"type":"MultiPolygon","coordinates":[[[[471874.78,1733363.79],[471881.3,1733364.47],[471881.91,1733358.83],[471875.38,1733358.14],[471874.78,1733363.79]]]]}},{"type":"Feature","properties":{"building":"house","height":6,"heightSource":"default"},"geometry":{"type":"MultiPolygon","coordinates":[[[[472024.96,1733390.02],[472032.03,1733390.41],[472032.48,1733382.31],[472025.41,1733381.91],[472024.96,1733390.02]]]]}},{"type":"Feature","properties":{"building":"yes","height":6,"heightSource":"default"},"geometry":{"type":"MultiPolygon","coordinates":[[[[472024.41,1733398.19],[472030.84,1733398.77],[472031.32,1733393.49],[472024.89,1733392.91],[472024.41,1733398.19]]]]}},{"type":"Feature","properties":{"building":"house","height":6,"heightSource":"default"},"geometry":{"type":"MultiPolygon","coordinates":[[[[472105.16,1733383.59],[472113.43,1733380.55],[472109.93,1733371.24],[472101.44,1733374.28],[472105.16,1733383.59]]]]}},{"type":"Feature","properties":{"building":"house","height":6,"heightSource":"default"},"geometry":{"type":"MultiPolygon","coordinates":[[[[472132.35,1733402.9],[472140.3,1733401.76],[472139.25,1733394.52],[472131.3,1733395.66],[472132.35,1733402.9]]]]}},{"type":"Feature","properties":{"building":"house","height":6,"heightSource":"default"},"geometry":{"type":"MultiPolygon","coordinates":[[[[472189.94,1733399.83],[472188.39,1733388.34],[472176.39,1733389.94],[472177.64,1733399.18],[472181.18,1733398.72],[472181.49,1733400.95],[472189.94,1733399.83]]]]}},{"type":"Feature","properties":{"building":"yes","height":6,"heightSource":"default"},"geometry":{"type":"MultiPolygon","coordinates":[[[[472229.69,1733400.65],[472236.29,1733399.36],[472235.07,1733393.26],[472228.48,1733394.55],[472229.69,1733400.65]]]]}},{"type":"Feature","properties":{"building":"yes","height":6,"heightSource":"default"},"geometry":{"type":"MultiPolygon","coordinates":[[[[472244.55,1733397.1],[472251.86,1733396.25],[472250.96,1733388.58],[472243.65,1733389.42],[472244.55,1733397.1]]]]}},{"type":"Feature","properties":{"building":"yes","height":6,"heightSource":"default"},"geometry":{"type":"MultiPolygon","coordinates":[[[[472193.31,1733021.39],[472201.58,1733020.96],[472201.1,1733012.13],[472192.84,1733012.56],[472193.31,1733021.39]]]]}},{"type":"Feature","properties":{"building":"yes","height":6,"heightSource":"default"},"geometry":{"type":"MultiPolygon","coordinates":[[[[472165.48,1733012.27],[472176.59,1733012.11],[472176.47,1733003.5],[472165.36,1733003.66],[472165.48,1733012.27]]]]}},{"type":"Feature","properties":{"building":"yes","height":6,"heightSource":"default"},"geometry":{"type":"MultiPolygon","coordinates":[[[[472078.9,1732716.04],[472093.38,1732709.87],[472090.42,1732703.02],[472075.94,1732709.19],[472078.9,1732716.04]]]]}},{"type":"Feature","properties":{"building":"yes","height":6,"heightSource":"default"},"geometry":{"type":"MultiPolygon","coordinates":[[[[472077.26,1732771.1],[472085.34,1732780.1],[472096.9,1732769.84],[472088.81,1732760.84],[472077.26,1732771.1]]]]}},{"type":"Feature","properties":{"building":"yes","height":6,"heightSource":"default"},"geometry":{"type":"MultiPolygon","coordinates":[[[[472163.87,1732736.35],[472166.92,1732735.04],[472165.53,1732731.82],[472162.47,1732733.13],[472163.87,1732736.35]]]]}},{"type":"Feature","properties":{"building":"yes","height":6,"heightSource":"default"},"geometry":{"type":"MultiPolygon","coordinates":[[[[472162.31,1732705.42],[472166.52,1732701.96],[472163.3,1732698.09],[472159.09,1732701.53],[472162.31,1732705.42]]]]}},{"type":"Feature","properties":{"building":"yes","height":6,"heightSource":"default"},"geometry":{"type":"MultiPolygon","coordinates":[[[[472114.02,1732694.53],[472119.47,1732691.81],[472117.03,1732686.98],[472111.58,1732689.7],[472114.02,1732694.53]]]]}},{"type":"Feature","properties":{"building":"yes","height":6,"heightSource":"default"},"geometry":{"type":"MultiPolygon","coordinates":[[[[471474.18,1733023.95],[471482.01,1733020.14],[471479.25,1733014.53],[471471.42,1733018.35],[471474.18,1733023.95]]]]}},{"type":"Feature","properties":{"building":"house","height":6,"heightSource":"default"},"geometry":{"type":"MultiPolygon","coordinates":[[[[471445.84,1733020.92],[471457.81,1733016.51],[471455.48,1733010.27],[471443.5,1733014.7],[471445.84,1733020.92]]]]}},{"type":"Feature","properties":{"building":"yes","height":6,"heightSource":"default"},"geometry":{"type":"MultiPolygon","coordinates":[[[[471585.35,1733021.92],[471590.12,1733021.73],[471589.98,1733018.14],[471585.2,1733018.34],[471585.35,1733021.92]]]]}},{"type":"Feature","properties":{"building":"house","height":6,"heightSource":"default"},"geometry":{"type":"MultiPolygon","coordinates":[[[[471606.9,1733021.25],[471611.57,1733021.35],[471611.68,1733016.27],[471607.01,1733016.18],[471606.9,1733021.25]]]]}},{"type":"Feature","properties":{"building":"yes","height":6,"heightSource":"default"},"geometry":{"type":"MultiPolygon","coordinates":[[[[471178.67,1731555.53],[471185.51,1731552.45],[471181.4,1731543.47],[471174.58,1731546.55],[471178.67,1731555.53]]]]}},{"type":"Feature","properties":{"building":"yes","height":6,"heightSource":"default"},"geometry":{"type":"MultiPolygon","coordinates":[[[[471289.29,1731508.1],[471297.49,1731503.36],[471292.03,1731494.04],[471283.84,1731498.78],[471289.29,1731508.1]]]]}},{"type":"Feature","properties":{"building":"house","height":6,"heightSource":"default"},"geometry":{"type":"MultiPolygon","coordinates":[[[[469954.03,1735570.16],[469964.65,1735553.34],[469973.67,1735558.97],[469963.03,1735575.8],[469954.03,1735570.16]]]]}},{"type":"Feature","properties":{"building":"house","height":6,"heightSource":"default"},"geometry":{"type":"MultiPolygon","coordinates":[[[[470006,1735666.49],[470017.62,1735660.4],[470013.6,1735652.8],[470001.98,1735658.9],[470006,1735666.49]]]]}},{"type":"Feature","properties":{"building":"house","height":6,"heightSource":"default"},"geometry":{"type":"MultiPolygon","coordinates":[[[[470025.71,1735725.9],[470039.9,1735718.94],[470036.11,1735711.3],[470021.92,1735718.26],[470025.71,1735725.9]]]]}},{"type":"Feature","properties":{"building":"house","height":6,"heightSource":"default"},"geometry":{"type":"MultiPolygon","coordinates":[[[[470018.8,1735700.76],[470026.95,1735697.27],[470023.24,1735688.71],[470015.09,1735692.19],[470018.8,1735700.76]]]]}},{"type":"Feature","properties":{"building":"house","height":6,"heightSource":"default"},"geometry":{"type":"MultiPolygon","coordinates":[[[[470112.79,1735216.67],[470123.13,1735205.87],[470115.57,1735198.7],[470105.22,1735209.5],[470112.79,1735216.67]]]]}},{"type":"Feature","properties":{"building":"yes","height":6,"heightSource":"default"},"geometry":{"type":"MultiPolygon","coordinates":[[[[470203.94,1735201.39],[470207.52,1735205.73],[470212.29,1735211.71],[470220.91,1735204.97],[470212.58,1735194.45],[470203.94,1735201.39]]]]}},{"type":"Feature","properties":{"building":"yes","height":6,"heightSource":"default"},"geometry":{"type":"MultiPolygon","coordinates":[[[[470203.94,1735201.39],[470171.92,1735227.48],[470175.49,1735231.81],[470207.52,1735205.73],[470203.94,1735201.39]]]]}},{"type":"Feature","properties":{"building":"yes","height":6,"heightSource":"default"},"geometry":{"type":"MultiPolygon","coordinates":[[[[470165.42,1735236.69],[470169.01,1735242.75],[470179.17,1735236.8],[470173.88,1735231.72],[470165.42,1735236.69]]]]}},{"type":"Feature","properties":{"building":"house","height":6,"heightSource":"default"},"geometry":{"type":"MultiPolygon","coordinates":[[[[470708.21,1734648.12],[470719.72,1734655.61],[470724.2,1734648.81],[470712.69,1734641.32],[470708.21,1734648.12]]]]}},{"type":"Feature","properties":{"building":"yes","height":6,"heightSource":"default"},"geometry":{"type":"MultiPolygon","coordinates":[[[[470689.31,1734606.69],[470694.86,1734611.88],[470699.25,1734607.25],[470693.7,1734602.06],[470689.31,1734606.69]]]]}},{"type":"Feature","properties":{"building":"yes","height":6,"heightSource":"default"},"geometry":{"type":"MultiPolygon","coordinates":[[[[470698.66,1734598.69],[470703.46,1734603.6],[470708.26,1734598.96],[470703.44,1734594.05],[470698.66,1734598.69]]]]}},{"type":"Feature","properties":{"building":"yes","height":6,"heightSource":"default"},"geometry":{"type":"MultiPolygon","coordinates":[[[[470843.63,1734698.77],[470848.7,1734706.8],[470841.4,1734711.34],[470836.34,1734703.33],[470843.63,1734698.77]]]]}},{"type":"Feature","properties":{"building":"house","height":6,"heightSource":"default"},"geometry":{"type":"MultiPolygon","coordinates":[[[[470497.47,1734551.05],[470501.86,1734557.85],[470507.81,1734554.05],[470503.41,1734547.26],[470497.47,1734551.05]]]]}},{"type":"Feature","properties":{"building":"house","height":6,"heightSource":"default"},"geometry":{"type":"MultiPolygon","coordinates":[[[[470607.7,1734458.77],[470613.97,1734452],[470606.39,1734445.06],[470600.12,1734451.82],[470607.7,1734458.77]]]]}},{"type":"Feature","properties":{"building":"yes","height":6,"heightSource":"default"},"geometry":{"type":"MultiPolygon","coordinates":[[[[470592.26,1734336.87],[470598.39,1734342.46],[470602.77,1734337.72],[470596.64,1734332.13],[470592.26,1734336.87]]]]}},{"type":"Feature","properties":{"building":"yes","height":6,"heightSource":"default"},"geometry":{"type":"MultiPolygon","coordinates":[[[[470723.46,1734362.99],[470729.9,1734369.36],[470735,1734364.27],[470728.57,1734357.89],[470723.46,1734362.99]]]]}},{"type":"Feature","properties":{"building":"yes","height":6,"heightSource":"default"},"geometry":{"type":"MultiPolygon","coordinates":[[[[470787.49,1734267.23],[470793.56,1734261.6],[470787.46,1734255.1],[470781.39,1734260.74],[470787.49,1734267.23]]]]}},{"type":"Feature","properties":{"building":"yes","height":6,"heightSource":"default"},"geometry":{"type":"MultiPolygon","coordinates":[[[[470788.58,1734253.12],[470795.32,1734257.97],[470799.58,1734252.11],[470792.83,1734247.26],[470788.58,1734253.12]]]]}},{"type":"Feature","properties":{"building":"yes","height":6,"heightSource":"default"},"geometry":{"type":"MultiPolygon","coordinates":[[[[470628.75,1734181.83],[470634.1,1734184.23],[470636.62,1734178.72],[470631.27,1734176.31],[470628.75,1734181.83]]]]}},{"type":"Feature","properties":{"building":"yes","height":6,"heightSource":"default"},"geometry":{"type":"MultiPolygon","coordinates":[[[[470642.77,1734035.19],[470646.82,1734038.39],[470651.34,1734032.72],[470647.3,1734029.53],[470642.77,1734035.19]]]]}},{"type":"Feature","properties":{"building":"yes","height":6,"heightSource":"default"},"geometry":{"type":"MultiPolygon","coordinates":[[[[470795.51,1734012.2],[470799.23,1734016.9],[470803.74,1734013.39],[470800.01,1734008.67],[470795.51,1734012.2]]]]}},{"type":"Feature","properties":{"building":"yes","height":6,"heightSource":"default"},"geometry":{"type":"MultiPolygon","coordinates":[[[[470674.09,1733897.66],[470679.46,1733901.07],[470683.63,1733894.59],[470678.26,1733891.18],[470674.09,1733897.66]]]]}},{"type":"Feature","properties":{"building":"yes","height":6,"heightSource":"default"},"geometry":{"type":"MultiPolygon","coordinates":[[[[470842.46,1733637.06],[470847.24,1733642.88],[470852.24,1733638.82],[470847.46,1733632.99],[470842.46,1733637.06]]]]}},{"type":"Feature","properties":{"building":"yes","height":6,"heightSource":"default"},"geometry":{"type":"MultiPolygon","coordinates":[[[[471038.62,1734071.6],[471033.99,1734063.37],[471038.7,1734060.76],[471043.32,1734068.99],[471038.62,1734071.6]]]]}},{"type":"Feature","properties":{"building":"yes","height":6,"heightSource":"default"},"geometry":{"type":"MultiPolygon","coordinates":[[[[471217.65,1733974.17],[471224.21,1733971.76],[471221.5,1733964.5],[471214.94,1733966.91],[471217.65,1733974.17]]]]}},{"type":"Feature","properties":{"building":"yes","height":6,"heightSource":"default"},"geometry":{"type":"MultiPolygon","coordinates":[[[[471665.06,1734055.96],[471668.12,1734062.88],[471675.39,1734059.7],[471672.33,1734052.78],[471665.06,1734055.96]]]]}},{"type":"Feature","properties":{"building":"house","height":6,"heightSource":"default"},"geometry":{"type":"MultiPolygon","coordinates":[[[[471862.31,1734261.42],[471871.99,1734257.14],[471868.72,1734249.83],[471859.03,1734254.11],[471862.31,1734261.42]]]]}},{"type":"Feature","properties":{"building":"house","height":6,"heightSource":"default"},"geometry":{"type":"MultiPolygon","coordinates":[[[[471920.23,1734230.6],[471924.29,1734240.02],[471929.95,1734237.61],[471925.92,1734228.19],[471920.23,1734230.6]]]]}},{"type":"Feature","properties":{"building":"house","height":6,"heightSource":"default"},"geometry":{"type":"MultiPolygon","coordinates":[[[[472003.45,1734188.35],[471999.5,1734179.31],[471993.28,1734181.99],[471997.22,1734191.04],[472003.45,1734188.35]]]]}},{"type":"Feature","properties":{"building":"house","height":6,"heightSource":"default"},"geometry":{"type":"MultiPolygon","coordinates":[[[[472123.43,1734100.73],[472134.32,1734097.82],[472131.54,1734087.54],[472120.65,1734090.45],[472123.43,1734100.73]]]]}},{"type":"Feature","properties":{"building":"house","height":6,"heightSource":"default"},"geometry":{"type":"MultiPolygon","coordinates":[[[[470520.43,1733767.82],[470530.39,1733775.11],[470536.06,1733767.46],[470526.1,1733760.16],[470520.43,1733767.82]]]]}},{"type":"Feature","properties":{"building":"yes","height":6,"heightSource":"default"},"geometry":{"type":"MultiPolygon","coordinates":[[[[470613.59,1733522.93],[470612.42,1733516.76],[470607.9,1733517.59],[470609.06,1733523.77],[470613.59,1733522.93]]]]}},{"type":"Feature","properties":{"building":"house","height":6,"heightSource":"default"},"geometry":{"type":"MultiPolygon","coordinates":[[[[470536.44,1733596.57],[470540.93,1733591.95],[470536.68,1733587.86],[470532.19,1733592.46],[470536.44,1733596.57]]]]}},{"type":"Feature","properties":{"building":"yes","height":6,"heightSource":"default"},"geometry":{"type":"MultiPolygon","coordinates":[[[[471283.34,1734101.44],[471287.54,1734105.03],[471291.97,1734099.9],[471287.77,1734096.31],[471283.34,1734101.44]]]]}},{"type":"Feature","properties":{"building":"house","height":6,"heightSource":"default"},"geometry":{"type":"MultiPolygon","coordinates":[[[[468825.91,1737129.4],[468830.29,1737134.37],[468835.73,1737129.61],[468831.35,1737124.65],[468825.91,1737129.4]]]]}},{"type":"Feature","properties":{"building":"yes","height":6,"heightSource":"default"},"geometry":{"type":"MultiPolygon","coordinates":[[[[469212.1,1736957.33],[469218.73,1736957.45],[469218.84,1736952.12],[469212.21,1736951.98],[469212.1,1736957.33]]]]}},{"type":"Feature","properties":{"building":"yes","height":6,"heightSource":"default"},"geometry":{"type":"MultiPolygon","coordinates":[[[[469230.21,1736866.64],[469236.83,1736867.64],[469237.8,1736861.28],[469231.19,1736860.28],[469230.21,1736866.64]]]]}},{"type":"Feature","properties":{"building":"yes","height":6,"heightSource":"default"},"geometry":{"type":"MultiPolygon","coordinates":[[[[469196.5,1736855.65],[469200.42,1736857.07],[469202.49,1736851.44],[469198.56,1736850.02],[469196.5,1736855.65]]]]}},{"type":"Feature","properties":{"building":"house","height":6,"heightSource":"default"},"geometry":{"type":"MultiPolygon","coordinates":[[[[469356.59,1736798.44],[469367.1,1736802.62],[469369.31,1736797.16],[469358.79,1736792.97],[469356.59,1736798.44]]]]}},{"type":"Feature","properties":{"building":"house","height":6,"heightSource":"default"},"geometry":{"type":"MultiPolygon","coordinates":[[[[469529.59,1736707.27],[469539.19,1736704.14],[469536.72,1736696.68],[469527.13,1736699.82],[469529.59,1736707.27]]]]}},{"type":"Feature","properties":{"building":"house","height":6,"heightSource":"default"},"geometry":{"type":"MultiPolygon","coordinates":[[[[469266.6,1736606.44],[469274.79,1736611.16],[469278.37,1736605],[469270.17,1736600.3],[469266.6,1736606.44]]]]}},{"type":"Feature","properties":{"building":"yes","height":6,"heightSource":"default"},"geometry":{"type":"MultiPolygon","coordinates":[[[[469323.88,1736532.16],[469329.66,1736526.92],[469326.15,1736523.09],[469320.37,1736528.33],[469323.88,1736532.16]]]]}},{"type":"Feature","properties":{"building":"house","height":6,"heightSource":"default"},"geometry":{"type":"MultiPolygon","coordinates":[[[[469366.56,1736331.2],[469375.71,1736321.08],[469368.81,1736314.92],[469359.65,1736325.04],[469366.56,1736331.2]]]]}},{"type":"Feature","properties":{"building":"yes","height":6,"heightSource":"default"},"geometry":{"type":"MultiPolygon","coordinates":[[[[469485.74,1736259.83],[469494.13,1736248.24],[469487.04,1736243.17],[469478.66,1736254.77],[469485.74,1736259.83]]]]}},{"type":"Feature","properties":{"building":"yes","height":6,"heightSource":"default"},"geometry":{"type":"MultiPolygon","coordinates":[[[[469611.27,1736186.71],[469617,1736184.31],[469615.03,1736179.68],[469609.3,1736182.1],[469611.27,1736186.71]]]]}},{"type":"Feature","properties":{"building":"yes","height":6,"heightSource":"default"},"geometry":{"type":"MultiPolygon","coordinates":[[[[469600.93,1736177.39],[469607.56,1736175.15],[469605.17,1736168.19],[469598.54,1736170.44],[469600.93,1736177.39]]]]}},{"type":"Feature","properties":{"building":"yes","height":6,"heightSource":"default"},"geometry":{"type":"MultiPolygon","coordinates":[[[[469530.96,1735865.96],[469537.83,1735868.83],[469541.23,1735860.82],[469534.35,1735857.94],[469530.96,1735865.96]]]]}},{"type":"Feature","properties":{"building":"yes","height":6,"heightSource":"default"},"geometry":{"type":"MultiPolygon","coordinates":[[[[469697.47,1735884.02],[469704.5,1735877.56],[469697.4,1735869.93],[469690.37,1735876.38],[469697.47,1735884.02]]]]}},{"type":"Feature","properties":{"building":"yes","height":6,"heightSource":"default"},"geometry":{"type":"MultiPolygon","coordinates":[[[[470004.33,1735855.23],[470037.96,1735844.35],[470032.16,1735826.66],[469998.54,1735837.52],[470004.33,1735855.23]]]]}},{"type":"Feature","properties":{"building":"yes","height":6,"heightSource":"default"},"geometry":{"type":"MultiPolygon","coordinates":[[[[469977.3,1735846.99],[469980.79,1735857.22],[469991.32,1735853.65],[469987.84,1735843.43],[469977.3,1735846.99]]]]}},{"type":"Feature","properties":{"building":"yes","height":6,"heightSource":"default"},"geometry":{"type":"MultiPolygon","coordinates":[[[[469969.83,1735837.26],[469989.25,1735831.38],[469986.38,1735822.02],[469966.96,1735827.91],[469969.83,1735837.26]]]]}},{"type":"Feature","properties":{"building":"yes","height":6,"heightSource":"default"},"geometry":{"type":"MultiPolygon","coordinates":[[[[470028.86,1735794.85],[470036.5,1735792.27],[470033.63,1735783.9],[470025.98,1735786.48],[470028.86,1735794.85]]]]}},{"type":"Feature","properties":{"building":"yes","height":6,"heightSource":"default"},"geometry":{"type":"MultiPolygon","coordinates":[[[[470012.1,1735774.71],[470019.07,1735772.07],[470016.24,1735764.72],[470009.29,1735767.35],[470012.1,1735774.71]]]]}},{"type":"Feature","properties":{"building":"yes","height":6,"heightSource":"default"},"geometry":{"type":"MultiPolygon","coordinates":[[[[470013.84,1735760.09],[470021.06,1735757.92],[470018.91,1735750.82],[470011.69,1735752.99],[470013.84,1735760.09]]]]}},{"type":"Feature","properties":{"building":"yes","height":6,"heightSource":"default"},"geometry":{"type":"MultiPolygon","coordinates":[[[[469932.84,1735699.25],[469958.35,1735686.99],[469953.53,1735677.09],[469928.03,1735689.34],[469932.84,1735699.25]]]]}},{"type":"Feature","properties":{"building":"house","height":6,"heightSource":"default"},"geometry":{"type":"MultiPolygon","coordinates":[[[[469829.1,1735606.37],[469838.94,1735600.77],[469834.21,1735592.56],[469824.38,1735598.17],[469829.1,1735606.37]]]]}},{"type":"Feature","properties":{"building":"house","height":6,"heightSource":"default"},"geometry":{"type":"MultiPolygon","coordinates":[[[[469824.15,1735571.28],[469829.24,1735565.92],[469823.86,1735560.86],[469818.76,1735566.22],[469824.15,1735571.28]]]]}},{"type":"Feature","properties":{"building":"yes","height":6,"heightSource":"default"},"geometry":{"type":"MultiPolygon","coordinates":[[[[469904.41,1735872.79],[469909.49,1735877.03],[469915.65,1735869.73],[469910.57,1735865.49],[469904.41,1735872.79]]]]}},{"type":"Feature","properties":{"building":"house","height":6,"heightSource":"default"},"geometry":{"type":"MultiPolygon","coordinates":[[[[469962.57,1735892.75],[469966.31,1735901.13],[469974.62,1735897.46],[469970.88,1735889.08],[469962.57,1735892.75]]]]}},{"type":"Feature","properties":{"building":"house","height":6,"heightSource":"default"},"geometry":{"type":"MultiPolygon","coordinates":[[[[469989.49,1735889.82],[469985.95,1735881.17],[469993.67,1735878.06],[469997.21,1735886.72],[469989.49,1735889.82]]]]}},{"type":"Feature","properties":{"building":"house","height":6,"heightSource":"default"},"geometry":{"type":"MultiPolygon","coordinates":[[[[469993.13,1735890.64],[469997.43,1735899.44],[470005.45,1735895.57],[470001.15,1735886.77],[469993.13,1735890.64]]]]}},{"type":"Feature","properties":{"building":"house","height":6,"heightSource":"default"},"geometry":{"type":"MultiPolygon","coordinates":[[[[470008.49,1735886.41],[470003.58,1735876.19],[470011.42,1735872.46],[470016.33,1735882.69],[470008.49,1735886.41]]]]}},{"type":"Feature","properties":{"building":"house","height":6,"heightSource":"default"},"geometry":{"type":"MultiPolygon","coordinates":[[[[470011,1735887.8],[470014.67,1735895.19],[470022.71,1735891.24],[470019.04,1735883.86],[470011,1735887.8]]]]}},{"type":"Feature","properties":{"building":"house","height":6,"heightSource":"default"},"geometry":{"type":"MultiPolygon","coordinates":[[[[470021.66,1735877.77],[470018.16,1735868.01],[470025.86,1735865.29],[470029.36,1735875.05],[470021.66,1735877.77]]]]}},{"type":"Feature","properties":{"building":"house","height":6,"heightSource":"default"},"geometry":{"type":"MultiPolygon","coordinates":[[[[470033.29,1735864.57],[470036.42,1735873.95],[470044.49,1735871.3],[470041.36,1735861.91],[470033.29,1735864.57]]]]}},{"type":"Feature","properties":{"building":"house","height":6,"heightSource":"default"},"geometry":{"type":"MultiPolygon","coordinates":[[[[470054.64,1735863.19],[470064.68,1735859.35],[470061.33,1735850.72],[470051.3,1735854.56],[470054.64,1735863.19]]]]}},{"type":"Feature","properties":{"building":"house","height":6,"heightSource":"default"},"geometry":{"type":"MultiPolygon","coordinates":[[[[470057.33,1735871.38],[470060.81,1735882.38],[470067.48,1735880.31],[470063.99,1735869.29],[470057.33,1735871.38]]]]}},{"type":"Feature","properties":{"building":"yes","height":6,"heightSource":"default"},"geometry":{"type":"MultiPolygon","coordinates":[[[[470066.37,1735898.24],[470074.64,1735896.06],[470071.58,1735884.59],[470063.31,1735886.77],[470066.37,1735898.24]]]]}},{"type":"Feature","properties":{"building":"house","height":6,"heightSource":"default"},"geometry":{"type":"MultiPolygon","coordinates":[[[[470076.75,1735907.1],[470080.02,1735914.62],[470087.37,1735911.47],[470084.09,1735903.95],[470076.75,1735907.1]]]]}},{"type":"Feature","properties":{"building":"yes","height":6,"heightSource":"default"},"geometry":{"type":"MultiPolygon","coordinates":[[[[470049.53,1735892.08],[470052.15,1735902.68],[470057.6,1735901.37],[470055.41,1735890.99],[470049.53,1735892.08]]]]}},{"type":"Feature","properties":{"building":"yes","height":6,"heightSource":"default"},"geometry":{"type":"MultiPolygon","coordinates":[[[[470079.92,1735855.15],[470095.79,1735848.91],[470092.12,1735839.69],[470076.25,1735845.93],[470079.92,1735855.15]]]]}},{"type":"Feature","properties":{"building":"house","height":6,"heightSource":"default"},"geometry":{"type":"MultiPolygon","coordinates":[[[[470083.49,1735867.93],[470090.74,1735863.63],[470086.12,1735855.91],[470078.86,1735860.22],[470083.49,1735867.93]]]]}},{"type":"Feature","properties":{"building":"yes","height":6,"heightSource":"default"},"geometry":{"type":"MultiPolygon","coordinates":[[[[470100.57,1735836.78],[470105.98,1735850.49],[470116.14,1735846.54],[470110.72,1735832.83],[470100.57,1735836.78]]]]}},{"type":"Feature","properties":{"building":"yes","height":6,"heightSource":"default"},"geometry":{"type":"MultiPolygon","coordinates":[[[[470117.52,1735845.88],[470111.81,1735832.64],[470119.54,1735829.36],[470125.24,1735842.6],[470117.52,1735845.88]]]]}},{"type":"Feature","properties":{"building":"yes","height":6,"heightSource":"default"},"geometry":{"type":"MultiPolygon","coordinates":[[[[470122.46,1735830.09],[470125.35,1735837.4],[470133.72,1735834.14],[470130.83,1735826.82],[470122.46,1735830.09]]]]}},{"type":"Feature","properties":{"building":"house","height":6,"heightSource":"default"},"geometry":{"type":"MultiPolygon","coordinates":[[[[470067.28,1735832.04],[470075.97,1735828.51],[470072.25,1735819.45],[470063.55,1735822.99],[470067.28,1735832.04]]]]}},{"type":"Feature","properties":{"building":"house","height":6,"heightSource":"default"},"geometry":{"type":"MultiPolygon","coordinates":[[[[470096.85,1735817.58],[470104.89,1735814.63],[470101.07,1735804.4],[470093.05,1735807.36],[470096.85,1735817.58]]]]}},{"type":"Feature","properties":{"building":"house","height":6,"heightSource":"default"},"geometry":{"type":"MultiPolygon","coordinates":[[[[470107.96,1735813.19],[470105.08,1735804.48],[470113.95,1735801.58],[470116.84,1735810.29],[470107.96,1735813.19]]]]}},{"type":"Feature","properties":{"building":"house","height":6,"heightSource":"default"},"geometry":{"type":"MultiPolygon","coordinates":[[[[470120.1,1735801.18],[470123.78,1735811.42],[470131.37,1735808.73],[470127.7,1735798.5],[470120.1,1735801.18]]]]}},{"type":"Feature","properties":{"building":"house","height":6,"heightSource":"default"},"geometry":{"type":"MultiPolygon","coordinates":[[[[470050.39,1735792.96],[470054.12,1735802.13],[470062.29,1735798.85],[470058.56,1735789.67],[470050.39,1735792.96]]]]}},{"type":"Feature","properties":{"building":"yes","height":6,"heightSource":"default"},"geometry":{"type":"MultiPolygon","coordinates":[[[[470065.91,1735793.68],[470073.29,1735790.45],[470069.17,1735781.15],[470061.79,1735784.38],[470065.91,1735793.68]]]]}},{"type":"Feature","properties":{"building":"house","height":6,"heightSource":"default"},"geometry":{"type":"MultiPolygon","coordinates":[[[[470086.22,1735788.81],[470094.07,1735786.07],[470090.6,1735776.26],[470082.75,1735778.99],[470086.22,1735788.81]]]]}},{"type":"Feature","properties":{"building":"house","height":6,"heightSource":"default"},"geometry":{"type":"MultiPolygon","coordinates":[[[[470105.65,1735782.48],[470108.68,1735790.09],[470121.12,1735785.2],[470118.1,1735777.58],[470105.65,1735782.48]]]]}},{"type":"Feature","properties":{"building":"house","height":6,"heightSource":"default"},"geometry":{"type":"MultiPolygon","coordinates":[[[[470046.01,1735781.8],[470053.74,1735778.72],[470050.64,1735771.07],[470042.91,1735774.16],[470046.01,1735781.8]]]]}},{"type":"Feature","properties":{"building":"house","height":6,"heightSource":"default"},"geometry":{"type":"MultiPolygon","coordinates":[[[[470042.91,1735767.67],[470052.73,1735763.1],[470048.65,1735754.44],[470038.83,1735759.01],[470042.91,1735767.67]]]]}},{"type":"Feature","properties":{"building":"yes","height":6,"heightSource":"default"},"geometry":{"type":"MultiPolygon","coordinates":[[[[470061.77,1735753.72],[470067.28,1735766.8],[470075.9,1735763.21],[470070.38,1735750.13],[470061.77,1735753.72]]]]}},{"type":"Feature","properties":{"building":"yes","height":6,"heightSource":"default"},"geometry":{"type":"MultiPolygon","coordinates":[[[[470032.7,1735751.38],[470043.11,1735746.66],[470038.76,1735737.18],[470028.35,1735741.89],[470032.7,1735751.38]]]]}},{"type":"Feature","properties":{"building":"house","height":6,"heightSource":"default"},"geometry":{"type":"MultiPolygon","coordinates":[[[[470038,1735734.29],[470043.95,1735742.76],[470051.19,1735737.74],[470045.24,1735729.27],[470038,1735734.29]]]]}},{"type":"Feature","properties":{"building":"yes","height":6,"heightSource":"default"},"geometry":{"type":"MultiPolygon","coordinates":[[[[470046.48,1735728.94],[470052.06,1735735.33],[470059.42,1735728.97],[470053.82,1735722.59],[470046.48,1735728.94]]]]}},{"type":"Feature","properties":{"building":"house","height":6,"heightSource":"default"},"geometry":{"type":"MultiPolygon","coordinates":[[[[470060.44,1735720.88],[470067.54,1735728.81],[470074.15,1735722.97],[470067.05,1735715.04],[470060.44,1735720.88]]]]}},{"type":"Feature","properties":{"building":"yes","height":6,"heightSource":"default"},"geometry":{"type":"MultiPolygon","coordinates":[[[[470069.77,1735710.89],[470075.31,1735717.52],[470081.99,1735712.01],[470076.46,1735705.38],[470069.77,1735710.89]]]]}},{"type":"Feature","properties":{"building":"house","height":6,"heightSource":"default"},"geometry":{"type":"MultiPolygon","coordinates":[[[[470101.32,1735675.91],[470111.2,1735681.29],[470116.24,1735672.17],[470106.35,1735666.77],[470101.32,1735675.91]]]]}},{"type":"Feature","properties":{"building":"house","height":6,"heightSource":"default"},"geometry":{"type":"MultiPolygon","coordinates":[[[[470106.39,1735660.89],[470116.19,1735666.47],[470120.6,1735658.82],[470110.8,1735653.24],[470106.39,1735660.89]]]]}},{"type":"Feature","properties":{"building":"house","height":6,"heightSource":"default"},"geometry":{"type":"MultiPolygon","coordinates":[[[[470117.87,1735652.08],[470125.21,1735655.88],[470129.87,1735646.99],[470122.53,1735643.19],[470117.87,1735652.08]]]]}},{"type":"Feature","properties":{"building":"house","height":6,"heightSource":"default"},"geometry":{"type":"MultiPolygon","coordinates":[[[[470091.44,1735885],[470097.67,1735893.09],[470106.07,1735886.69],[470099.85,1735878.62],[470091.44,1735885]]]]}},{"type":"Feature","properties":{"building":"house","height":6,"heightSource":"default"},"geometry":{"type":"MultiPolygon","coordinates":[[[[470113.36,1735927.63],[470120.23,1735923.06],[470116,1735916.79],[470109.13,1735921.38],[470113.36,1735927.63]]]]}},{"type":"Feature","properties":{"building":"house","height":6,"heightSource":"default"},"geometry":{"type":"MultiPolygon","coordinates":[[[[470120.04,1735940.78],[470130.4,1735935.83],[470126.96,1735928.72],[470116.6,1735933.67],[470120.04,1735940.78]]]]}},{"type":"Feature","properties":{"building":"house","height":6,"heightSource":"default"},"geometry":{"type":"MultiPolygon","coordinates":[[[[470124.74,1735959.3],[470133.96,1735954.68],[470129.34,1735945.58],[470120.12,1735950.2],[470124.74,1735959.3]]]]}},{"type":"Feature","properties":{"building":"house","height":6,"heightSource":"default"},"geometry":{"type":"MultiPolygon","coordinates":[[[[470136.78,1735983.79],[470145.83,1735979],[470142.02,1735971.88],[470132.97,1735976.68],[470136.78,1735983.79]]]]}},{"type":"Feature","properties":{"building":"house","height":6,"heightSource":"default"},"geometry":{"type":"MultiPolygon","coordinates":[[[[470158.69,1736028.4],[470167.9,1736022.73],[470163.35,1736015.45],[470154.15,1736021.12],[470158.69,1736028.4]]]]}},{"type":"Feature","properties":{"building":"house","height":6,"heightSource":"default"},"geometry":{"type":"MultiPolygon","coordinates":[[[[470187.59,1736060.72],[470194.95,1736059.29],[470193.42,1736051.56],[470186.07,1736052.99],[470187.59,1736060.72]]]]}},{"type":"Feature","properties":{"building":"yes","height":6,"heightSource":"default"},"geometry":{"type":"MultiPolygon","coordinates":[[[[470206.9,1736049.25],[470215.29,1736048.92],[470215.05,1736042.87],[470206.67,1736043.2],[470206.9,1736049.25]]]]}},{"type":"Feature","properties":{"building":"house","height":6,"heightSource":"default"},"geometry":{"type":"MultiPolygon","coordinates":[[[[470127.78,1736035.33],[470136.26,1736030.38],[470131.75,1736022.72],[470123.26,1736027.67],[470127.78,1736035.33]]]]}},{"type":"Feature","properties":{"building":"yes","height":6,"heightSource":"default"},"geometry":{"type":"MultiPolygon","coordinates":[[[[470137.21,1736086.38],[470144.19,1736087.23],[470145.16,1736079.34],[470138.18,1736078.49],[470137.21,1736086.38]]]]}},{"type":"Feature","properties":{"building":"yes","height":6,"heightSource":"default"},"geometry":{"type":"MultiPolygon","coordinates":[[[[470250.69,1736111.53],[470257.58,1736114.92],[470260.8,1736108.47],[470253.89,1736105.08],[470250.69,1736111.53]]]]}},{"type":"Feature","properties":{"building":"yes","height":6,"heightSource":"default"},"geometry":{"type":"MultiPolygon","coordinates":[[[[470218.03,1735896.11],[470221.46,1735898.31],[470224.24,1735894.03],[470220.8,1735891.82],[470218.03,1735896.11]]]]}},{"type":"Feature","properties":{"building":"yes","height":6,"heightSource":"default"},"geometry":{"type":"MultiPolygon","coordinates":[[[[470221.34,1735889.74],[470226.19,1735892.25],[470228.88,1735887.13],[470224.04,1735884.61],[470221.34,1735889.74]]]]}},{"type":"Feature","properties":{"building":"yes","height":6,"heightSource":"default"},"geometry":{"type":"MultiPolygon","coordinates":[[[[472449.61,1736478.86],[472460.05,1736473.08],[472457.14,1736467.87],[472446.7,1736473.66],[472449.61,1736478.86]]]]}},{"type":"Feature","properties":{"building":"house","height":6,"heightSource":"default"},"geometry":{"type":"MultiPolygon","coordinates":[[[[472474.44,1736478.21],[472479.46,1736474.26],[472476.14,1736470.08],[472471.12,1736474.03],[472474.44,1736478.21]]]]}},{"type":"Feature","properties":{"building":"house","height":6,"heightSource":"default"},"geometry":{"type":"MultiPolygon","coordinates":[[[[472398.04,1736325.44],[472402.11,1736331.69],[472407.96,1736327.91],[472403.9,1736321.68],[472398.04,1736325.44]]]]}},{"type":"Feature","properties":{"building":"yes","height":6,"heightSource":"default"},"geometry":{"type":"MultiPolygon","coordinates":[[[[472453.65,1736281.61],[472458.98,1736287.19],[472463.66,1736282.77],[472458.33,1736277.19],[472453.65,1736281.61]]]]}},{"type":"Feature","properties":{"building":"house","height":6,"heightSource":"default"},"geometry":{"type":"MultiPolygon","coordinates":[[[[472456.77,1736273.02],[472460.68,1736277.01],[472464.16,1736273.64],[472460.25,1736269.64],[472456.77,1736273.02]]]]}},{"type":"Feature","properties":{"building":"yes","height":6,"heightSource":"default"},"geometry":{"type":"MultiPolygon","coordinates":[[[[472417.96,1734975.88],[472424.25,1734972.83],[472421.76,1734967.73],[472415.46,1734970.78],[472417.96,1734975.88]]]]}},{"type":"Feature","properties":{"building":"yes","height":6,"heightSource":"default"},"geometry":{"type":"MultiPolygon","coordinates":[[[[472424.93,1734984.95],[472427.75,1734990.42],[472433.78,1734987.36],[472430.96,1734981.89],[472424.93,1734984.95]]]]}},{"type":"Feature","properties":{"building":"yes","height":6,"heightSource":"default"},"geometry":{"type":"MultiPolygon","coordinates":[[[[472348.78,1735019.53],[472351.98,1735024.71],[472356.89,1735021.7],[472353.69,1735016.53],[472348.78,1735019.53]]]]}},{"type":"Feature","properties":{"building":"yes","height":6,"heightSource":"default"},"geometry":{"type":"MultiPolygon","coordinates":[[[[472389.11,1734808.8],[472395.22,1734806.83],[472393.68,1734802.13],[472387.56,1734804.1],[472389.11,1734808.8]]]]}},{"type":"Feature","properties":{"building":"yes","height":6,"heightSource":"default"},"geometry":{"type":"MultiPolygon","coordinates":[[[[472386.58,1734815.32],[472389.04,1734823.24],[472393.93,1734821.74],[472391.46,1734813.82],[472386.58,1734815.32]]]]}},{"type":"Feature","properties":{"building":"yes","height":6,"heightSource":"default"},"geometry":{"type":"MultiPolygon","coordinates":[[[[472515.94,1734439.05],[472517.31,1734445.79],[472522.37,1734444.79],[472521,1734438.04],[472515.94,1734439.05]]]]}},{"type":"Feature","properties":{"building":"yes","height":6,"heightSource":"default"},"geometry":{"type":"MultiPolygon","coordinates":[[[[472447.37,1734179.48],[472463.75,1734177.62],[472462.75,1734168.85],[472446.36,1734170.71],[472447.37,1734179.48]]]]}},{"type":"Feature","properties":{"building":"house","height":6,"heightSource":"default"},"geometry":{"type":"MultiPolygon","coordinates":[[[[468671.65,1737235.83],[468661.51,1737243.68],[468667.35,1737251.13],[468677.49,1737243.28],[468671.65,1737235.83]]]]}},{"type":"Feature","properties":{"building":"house","height":6,"heightSource":"default"},"geometry":{"type":"MultiPolygon","coordinates":[[[[468482.43,1737388.87],[468494,1737385.63],[468491.12,1737375.51],[468479.56,1737378.74],[468482.43,1737388.87]]]]}},{"type":"Feature","properties":{"building":"yes","height":6,"heightSource":"default"},"geometry":{"type":"MultiPolygon","coordinates":[[[[469177.7,1737759.62],[469180.59,1737768.06],[469187.97,1737765.58],[469185.07,1737757.13],[469177.7,1737759.62]]]]}},{"type":"Feature","properties":{"building":"yes","height":6,"heightSource":"default"},"geometry":{"type":"MultiPolygon","coordinates":[[[[469160.45,1737761.77],[469170.67,1737760.2],[469169.36,1737751.84],[469159.14,1737753.43],[469160.45,1737761.77]]]]}},{"type":"Feature","properties":{"building":"yes","height":6,"heightSource":"default"},"geometry":{"type":"MultiPolygon","coordinates":[[[[469188.88,1737762.51],[469212.52,1737760.13],[469211.47,1737749.94],[469187.85,1737752.3],[469188.88,1737762.51]]]]}},{"type":"Feature","properties":{"building":"yes","height":6,"heightSource":"default"},"geometry":{"type":"MultiPolygon","coordinates":[[[[470038.02,1738518.74],[470044.42,1738513.03],[470039.51,1738507.6],[470033.12,1738513.3],[470038.02,1738518.74]]]]}},{"type":"Feature","properties":{"building":"yes","height":6,"heightSource":"default"},"geometry":{"type":"MultiPolygon","coordinates":[[[[470018.11,1738491.26],[470022.69,1738497.73],[470027.02,1738494.72],[470022.43,1738488.23],[470018.11,1738491.26]]]]}},{"type":"Feature","properties":{"building":"yes","height":6,"heightSource":"default"},"geometry":{"type":"MultiPolygon","coordinates":[[[[470024.76,1738483.05],[470029.79,1738490.48],[470035.16,1738486.89],[470030.13,1738479.46],[470024.76,1738483.05]]]]}},{"type":"Feature","properties":{"building":"yes","height":6,"heightSource":"default"},"geometry":{"type":"MultiPolygon","coordinates":[[[[470033.05,1738478.25],[470038.24,1738484.91],[470043.66,1738480.74],[470038.46,1738474.08],[470033.05,1738478.25]]]]}},{"type":"Feature","properties":{"building":"yes","height":6,"heightSource":"default"},"geometry":{"type":"MultiPolygon","coordinates":[[[[469950.33,1738407.5],[469955.09,1738412.34],[469959.83,1738407.73],[469955.08,1738402.89],[469950.33,1738407.5]]]]}},{"type":"Feature","properties":{"building":"yes","height":6,"heightSource":"default"},"geometry":{"type":"MultiPolygon","coordinates":[[[[469815.49,1738364.92],[469819.07,1738361.74],[469815.07,1738357.3],[469811.5,1738360.48],[469815.49,1738364.92]]]]}},{"type":"Feature","properties":{"building":"yes","height":6,"heightSource":"default"},"geometry":{"type":"MultiPolygon","coordinates":[[[[469815.79,1738267.86],[469812.8,1738263.73],[469807.6,1738267.46],[469810.61,1738271.59],[469815.79,1738267.86]]]]}},{"type":"Feature","properties":{"building":"house","height":6,"heightSource":"default"},"geometry":{"type":"MultiPolygon","coordinates":[[[[469697.9,1738157.17],[469702.22,1738162.23],[469707.12,1738158.08],[469702.8,1738153.02],[469697.9,1738157.17]]]]}},{"type":"Feature","properties":{"building":"yes","height":6,"heightSource":"default"},"geometry":{"type":"MultiPolygon","coordinates":[[[[469706.34,1738143.1],[469711.53,1738149.63],[469716.28,1738145.89],[469711.09,1738139.37],[469706.34,1738143.1]]]]}},{"type":"Feature","properties":{"building":"yes","height":6,"heightSource":"default"},"geometry":{"type":"MultiPolygon","coordinates":[[[[469376.97,1737832.45],[469381.01,1737838.02],[469387.76,1737833.19],[469383.74,1737827.62],[469376.97,1737832.45]]]]}},{"type":"Feature","properties":{"building":"yes","height":6,"heightSource":"default"},"geometry":{"type":"MultiPolygon","coordinates":[[[[470439.64,1737051.96],[470444.79,1737050.6],[470446.57,1737057.29],[470441.43,1737058.65],[470439.64,1737051.96]]]]}},{"type":"Feature","properties":{"building":"yes","height":6,"heightSource":"default"},"geometry":{"type":"MultiPolygon","coordinates":[[[[470281.61,1737376.77],[470286.16,1737383.46],[470290.09,1737380.82],[470285.55,1737374.12],[470281.61,1737376.77]]]]}},{"type":"Feature","properties":{"building":"yes","height":6,"heightSource":"default"},"geometry":{"type":"MultiPolygon","coordinates":[[[[470210.76,1737316.51],[470217.17,1737313.18],[470214.31,1737307.76],[470207.91,1737311.1],[470210.76,1737316.51]]]]}},{"type":"Feature","properties":{"building":"yes","height":6,"heightSource":"default"},"geometry":{"type":"MultiPolygon","coordinates":[[[[470219.27,1737305.83],[470216.51,1737300.4],[470212.21,1737302.56],[470214.97,1737307.99],[470219.27,1737305.83]]]]}},{"type":"Feature","properties":{"building":"yes","height":6,"heightSource":"default"},"geometry":{"type":"MultiPolygon","coordinates":[[[[470185.01,1737303.19],[470190.85,1737313.35],[470197.44,1737309.63],[470191.6,1737299.46],[470185.01,1737303.19]]]]}},{"type":"Feature","properties":{"building":"yes","height":6,"heightSource":"default"},"geometry":{"type":"MultiPolygon","coordinates":[[[[470513.69,1737264.56],[470515.41,1737270.33],[470519.67,1737269.08],[470517.95,1737263.31],[470513.69,1737264.56]]]]}},{"type":"Feature","properties":{"building":"yes","height":6,"heightSource":"default"},"geometry":{"type":"MultiPolygon","coordinates":[[[[470180.53,1737644.03],[470185.37,1737641.77],[470182.61,1737635.95],[470177.77,1737638.2],[470180.53,1737644.03]]]]}},{"type":"Feature","properties":{"building":"yes","height":6,"heightSource":"default"},"geometry":{"type":"MultiPolygon","coordinates":[[[[469885.84,1737497.47],[469889.53,1737501.63],[469893.72,1737497.96],[469890.02,1737493.81],[469885.84,1737497.47]]]]}},{"type":"Feature","properties":{"building":"yes","height":6,"heightSource":"default"},"geometry":{"type":"MultiPolygon","coordinates":[[[[470034.54,1737575.15],[470040.27,1737581.38],[470044.89,1737577.17],[470039.17,1737570.94],[470034.54,1737575.15]]]]}},{"type":"Feature","properties":{"building":"yes","height":6,"heightSource":"default"},"geometry":{"type":"MultiPolygon","coordinates":[[[[469909.96,1737664.35],[469915.92,1737661.44],[469912.3,1737654.11],[469906.34,1737657.02],[469909.96,1737664.35]]]]}},{"type":"Feature","properties":{"building":"yes","height":6,"heightSource":"default"},"geometry":{"type":"MultiPolygon","coordinates":[[[[470076.92,1737696.65],[470083.93,1737691.23],[470079.85,1737686.02],[470072.85,1737691.44],[470076.92,1737696.65]]]]}},{"type":"Feature","properties":{"building":"yes","height":6,"heightSource":"default"},"geometry":{"type":"MultiPolygon","coordinates":[[[[470221.44,1737189.38],[470228.24,1737187.07],[470225.79,1737179.94],[470219,1737182.24],[470221.44,1737189.38]]]]}},{"type":"Feature","properties":{"building":"yes","height":6,"heightSource":"default"},"geometry":{"type":"MultiPolygon","coordinates":[[[[470631.14,1737118.83],[470635.54,1737116.58],[470631.75,1737109.26],[470627.35,1737111.5],[470631.14,1737118.83]]]]}},{"type":"Feature","properties":{"building":"yes","height":6,"heightSource":"default"},"geometry":{"type":"MultiPolygon","coordinates":[[[[470319.05,1736667.8],[470324.33,1736669.5],[470326.34,1736663.32],[470321.07,1736661.62],[470319.05,1736667.8]]]]}},{"type":"Feature","properties":{"building":"yes","height":6,"heightSource":"default"},"geometry":{"type":"MultiPolygon","coordinates":[[[[469942.27,1736426.3],[469945.99,1736431.08],[469949.92,1736428.05],[469946.21,1736423.28],[469942.27,1736426.3]]]]}},{"type":"Feature","properties":{"building":"yes","height":6,"heightSource":"default"},"geometry":{"type":"MultiPolygon","coordinates":[[[[470016.7,1736503.28],[470020.17,1736507.58],[470023.33,1736505.05],[470019.87,1736500.75],[470016.7,1736503.28]]]]}},{"type":"Feature","properties":{"building":"yes","height":6,"heightSource":"default"},"geometry":{"type":"MultiPolygon","coordinates":[[[[465367.34,1739261.45],[465381.3,1739259.53],[465380.16,1739251.33],[465366.2,1739253.26],[465367.34,1739261.45]]]]}},{"type":"Feature","properties":{"building":"yes","height":6,"heightSource":"default"},"geometry":{"type":"MultiPolygon","coordinates":[[[[465361.61,1739226.11],[465369.4,1739225.03],[465368.65,1739219.81],[465360.87,1739220.89],[465361.61,1739226.11]]]]}},{"type":"Feature","properties":{"building":"yes","height":6,"heightSource":"default"},"geometry":{"type":"MultiPolygon","coordinates":[[[[462227.78,1732633.65],[462238.93,1732627.54],[462235.26,1732620.92],[462224.12,1732627.03],[462227.78,1732633.65]]]]}},{"type":"Feature","properties":{"building":"yes","height":6,"heightSource":"default"},"geometry":{"type":"MultiPolygon","coordinates":[[[[462213.07,1732629.8],[462229.24,1732621.38],[462225.75,1732614.77],[462209.59,1732623.19],[462213.07,1732629.8]]]]}},{"type":"Feature","properties":{"building":"yes","height":6,"heightSource":"default"},"geometry":{"type":"MultiPolygon","coordinates":[[[[462135.27,1732661.52],[462139.49,1732670.99],[462146.91,1732667.73],[462142.69,1732658.26],[462135.27,1732661.52]]]]}},{"type":"Feature","properties":{"building":"house","height":6,"heightSource":"default"},"geometry":{"type":"MultiPolygon","coordinates":[[[[462558.5,1732781.81],[462562.71,1732788.16],[462557.51,1732791.57],[462553.29,1732785.2],[462558.5,1732781.81]]]]}},{"type":"Feature","properties":{"building":"yes","height":6,"heightSource":"default"},"geometry":{"type":"MultiPolygon","coordinates":[[[[462547.8,1732749.76],[462553.22,1732747.35],[462549.99,1732740.19],[462544.58,1732742.6],[462547.8,1732749.76]]]]}},{"type":"Feature","properties":{"building":"yes","height":6,"heightSource":"default"},"geometry":{"type":"MultiPolygon","coordinates":[[[[462753.29,1732680.27],[462760.03,1732677.81],[462758.14,1732672.66],[462751.38,1732675.11],[462753.29,1732680.27]]]]}},{"type":"Feature","properties":{"building":"yes","height":6,"heightSource":"default"},"geometry":{"type":"MultiPolygon","coordinates":[[[[462749.5,1732695.97],[462755.27,1732694.27],[462753.65,1732688.82],[462747.87,1732690.51],[462749.5,1732695.97]]]]}},{"type":"Feature","properties":{"building":"house","height":6,"heightSource":"default"},"geometry":{"type":"MultiPolygon","coordinates":[[[[462850.83,1732548.89],[462856.77,1732557.89],[462862.64,1732554.07],[462856.7,1732545.06],[462850.83,1732548.89]]]]}},{"type":"Feature","properties":{"building":"house","height":6,"heightSource":"default"},"geometry":{"type":"MultiPolygon","coordinates":[[[[462807.96,1732492.24],[462812.4,1732499.69],[462818.98,1732495.81],[462814.52,1732488.36],[462807.96,1732492.24]]]]}},{"type":"Feature","properties":{"building":"yes","height":6,"heightSource":"default"},"geometry":{"type":"MultiPolygon","coordinates":[[[[463013.6,1732364.49],[463019.59,1732372.35],[463026.02,1732367.49],[463020.02,1732359.65],[463013.6,1732364.49]]]]}},{"type":"Feature","properties":{"building":"yes","height":6,"heightSource":"default"},"geometry":{"type":"MultiPolygon","coordinates":[[[[460781.71,1739372.75],[460787.7,1739370.72],[460785.48,1739364.25],[460779.49,1739366.29],[460781.71,1739372.75]]]]}},{"type":"Feature","properties":{"building":"yes","height":6,"heightSource":"default"},"geometry":{"type":"MultiPolygon","coordinates":[[[[460536.13,1734988.97],[460540.69,1734996.51],[460546.37,1734993.1],[460541.82,1734985.58],[460536.13,1734988.97]]]]}},{"type":"Feature","properties":{"building":"yes","height":6,"heightSource":"default"},"geometry":{"type":"MultiPolygon","coordinates":[[[[470767.73,1737007.62],[470775.07,1737002.84],[470771.33,1736997.16],[470763.99,1737001.94],[470767.73,1737007.62]]]]}},{"type":"Feature","properties":{"building":"yes","height":6,"heightSource":"default"},"geometry":{"type":"MultiPolygon","coordinates":[[[[472126.53,1736373.67],[472138.13,1736369.44],[472135.16,1736361.39],[472123.56,1736365.62],[472126.53,1736373.67]]]]}},{"type":"Feature","properties":{"building":"yes","height":6,"heightSource":"default"},"geometry":{"type":"MultiPolygon","coordinates":[[[[472393.13,1737253.72],[472400.04,1737255.46],[472401.1,1737251.33],[472394.17,1737249.6],[472393.13,1737253.72]]]]}},{"type":"Feature","properties":{"building":"yes","height":6,"heightSource":"default"},"geometry":{"type":"MultiPolygon","coordinates":[[[[472283.11,1737250.94],[472296.23,1737245.38],[472291.55,1737234.48],[472278.43,1737240.03],[472283.11,1737250.94]]]]}},{"type":"Feature","properties":{"building":"house","height":6,"heightSource":"default"},"geometry":{"type":"MultiPolygon","coordinates":[[[[466279.6,1739227.07],[466290.63,1739247.24],[466303.28,1739240.41],[466299.31,1739233.16],[466300.9,1739232.3],[466304.32,1739238.56],[466310.9,1739235.01],[466300.01,1739215.06],[466295.5,1739217.49],[466299.61,1739225.03],[466295,1739227.52],[466291.3,1739220.76],[466279.6,1739227.07]]]]}},{"type":"Feature","properties":{"building":"yes","height":6,"heightSource":"default"},"geometry":{"type":"MultiPolygon","coordinates":[[[[466437.72,1739095.34],[466440.82,1739107.93],[466446.46,1739106.56],[466443.36,1739093.97],[466437.72,1739095.34]]]]}},{"type":"Feature","properties":{"building":"yes","height":6,"heightSource":"default"},"geometry":{"type":"MultiPolygon","coordinates":[[[[466456.79,1739074.34],[466463.93,1739072.98],[466462,1739062.95],[466454.87,1739064.31],[466456.79,1739074.34]]]]}},{"type":"Feature","properties":{"building":"yes","height":6,"heightSource":"default"},"geometry":{"type":"MultiPolygon","coordinates":[[[[466489.18,1739068.44],[466497.65,1739066],[466495.28,1739057.86],[466486.82,1739060.29],[466489.18,1739068.44]]]]}},{"type":"Feature","properties":{"building":"yes","height":6,"heightSource":"default"},"geometry":{"type":"MultiPolygon","coordinates":[[[[466505.07,1739067.72],[466520.72,1739064.04],[466518.11,1739053.03],[466502.45,1739056.7],[466505.07,1739067.72]]]]}},{"type":"Feature","properties":{"building":"yes","height":6,"heightSource":"default"},"geometry":{"type":"MultiPolygon","coordinates":[[[[464317.76,1731414.32],[464330.06,1731416.51],[464331.75,1731407.07],[464319.46,1731404.89],[464317.76,1731414.32]]]]}},{"type":"Feature","properties":{"building":"yes","height":6,"heightSource":"default"},"geometry":{"type":"MultiPolygon","coordinates":[[[[464302.85,1731373.56],[464309.05,1731344.33],[464292.8,1731340.94],[464286.6,1731370.16],[464302.85,1731373.56]]]]}},{"type":"Feature","properties":{"building":"yes","height":6,"heightSource":"default"},"geometry":{"type":"MultiPolygon","coordinates":[[[[464326.57,1731361.65],[464336.97,1731363.77],[464339.91,1731349.53],[464329.52,1731347.41],[464326.57,1731361.65]]]]}},{"type":"Feature","properties":{"building":"yes","height":6,"heightSource":"default"},"geometry":{"type":"MultiPolygon","coordinates":[[[[464276.69,1731340.32],[464288.44,1731342.54],[464290.1,1731333.89],[464278.35,1731331.66],[464276.69,1731340.32]]]]}},{"type":"Feature","properties":{"building":"yes","height":6,"heightSource":"default"},"geometry":{"type":"MultiPolygon","coordinates":[[[[464314.33,1731355.63],[464317.59,1731339.75],[464329.05,1731342.08],[464325.77,1731357.97],[464314.33,1731355.63]]]]}},{"type":"Feature","properties":{"building":"yes","height":6,"heightSource":"default"},"geometry":{"type":"MultiPolygon","coordinates":[[[[463749.88,1731265.94],[463751.73,1731270.95],[463747.12,1731272.64],[463751.51,1731284.51],[463756.71,1731282.62],[463761.96,1731296.81],[463776.19,1731291.61],[463764.67,1731260.53],[463749.88,1731265.94]]]]}},{"type":"Feature","properties":{"building":"yes","height":6,"heightSource":"default"},"geometry":{"type":"MultiPolygon","coordinates":[[[[463772.87,1731195.25],[463774.28,1731203.37],[463772.22,1731203.73],[463773.61,1731211.76],[463791.7,1731208.66],[463790.01,1731198.93],[463786.06,1731199.61],[463784.95,1731193.19],[463772.87,1731195.25]]]]}},{"type":"Feature","properties":{"building":"yes","height":6,"heightSource":"default"},"geometry":{"type":"MultiPolygon","coordinates":[[[[463967.08,1731359.32],[463986.13,1731362.67],[463990.2,1731339.81],[463971.15,1731336.47],[463967.08,1731359.32]]]]}},{"type":"Feature","properties":{"building":"yes","height":6,"heightSource":"default"},"geometry":{"type":"MultiPolygon","coordinates":[[[[463813.36,1731356.98],[463821.16,1731381.27],[463832.96,1731377.53],[463828.91,1731364.89],[463824.98,1731366.13],[463821.23,1731354.48],[463813.36,1731356.98]]]]}},{"type":"Feature","properties":{"building":"yes","height":6,"heightSource":"default"},"geometry":{"type":"MultiPolygon","coordinates":[[[[463803.33,1731362.2],[463808.63,1731377.23],[463816.9,1731374.35],[463811.6,1731359.31],[463803.33,1731362.2]]]]}},{"type":"Feature","properties":{"building":"yes","height":6,"heightSource":"default"},"geometry":{"type":"MultiPolygon","coordinates":[[[[463793.33,1731377.54],[463798.01,1731377.11],[463798.33,1731380.49],[463803.04,1731380.04],[463801.12,1731359.93],[463791.72,1731360.82],[463793.33,1731377.54]]]]}},{"type":"Feature","properties":{"building":"yes","height":6,"heightSource":"default"},"geometry":{"type":"MultiPolygon","coordinates":[[[[463790.26,1731386.07],[463789.28,1731364.73],[463781.11,1731365.11],[463782.1,1731386.43],[463790.26,1731386.07]]]]}},{"type":"Feature","properties":{"building":"yes","height":6,"heightSource":"default"},"geometry":{"type":"MultiPolygon","coordinates":[[[[463761.58,1731380.11],[463763.28,1731363.74],[463771.74,1731364.6],[463770.04,1731380.98],[463761.58,1731380.11]]]]}},{"type":"Feature","properties":{"building":"yes","height":6,"heightSource":"default"},"geometry":{"type":"MultiPolygon","coordinates":[[[[463749.78,1731372.13],[463750.09,1731384.29],[463758.48,1731384.08],[463758.17,1731371.91],[463749.78,1731372.13]]]]}},{"type":"Feature","properties":{"building":"yes","height":6,"heightSource":"default"},"geometry":{"type":"MultiPolygon","coordinates":[[[[467750.64,1729468.19],[467776.45,1729466.11],[467775.21,1729450.86],[467749.4,1729452.93],[467750.64,1729468.19]]]]}},{"type":"Feature","properties":{"building":"yes","height":6,"heightSource":"default"},"geometry":{"type":"MultiPolygon","coordinates":[[[[467754.95,1729490.81],[467772.32,1729488.93],[467771.45,1729480.91],[467754.07,1729482.79],[467754.95,1729490.81]]]]}},{"type":"Feature","properties":{"building":"yes","height":6,"heightSource":"default"},"geometry":{"type":"MultiPolygon","coordinates":[[[[471855.73,1729740.01],[471871.26,1729729.78],[471865.1,1729720.54],[471849.57,1729730.78],[471855.73,1729740.01]]]]}},{"type":"Feature","properties":{"building":"yes","height":6,"heightSource":"default"},"geometry":{"type":"MultiPolygon","coordinates":[[[[469703.86,1729336.85],[469699.1,1729346.85],[469705.56,1729349.89],[469710.31,1729339.87],[469703.86,1729336.85]]]]}},{"type":"Feature","properties":{"building":"yes","height":6,"heightSource":"default"},"geometry":{"type":"MultiPolygon","coordinates":[[[[469744.23,1729294.57],[469734.4,1729299.6],[469738.08,1729306.7],[469747.9,1729301.68],[469744.23,1729294.57]]]]}},{"type":"Feature","properties":{"building":"yes","height":6,"heightSource":"default"},"geometry":{"type":"MultiPolygon","coordinates":[[[[469731.9,1729309.71],[469724.76,1729313.09],[469727.67,1729319.17],[469734.82,1729315.78],[469731.9,1729309.71]]]]}},{"type":"Feature","properties":{"building":"yes","height":6,"heightSource":"default"},"geometry":{"type":"MultiPolygon","coordinates":[[[[466144.47,1730287.5],[466154.47,1730293.72],[466159.73,1730285.38],[466149.73,1730279.15],[466144.47,1730287.5]]]]}},{"type":"Feature","properties":{"building":"yes","height":6,"heightSource":"default"},"geometry":{"type":"MultiPolygon","coordinates":[[[[466185.32,1730250.22],[466174.41,1730239.02],[466164.53,1730248.52],[466175.44,1730259.72],[466185.32,1730250.22]]]]}},{"type":"Feature","properties":{"building":"yes","height":6,"heightSource":"default"},"geometry":{"type":"MultiPolygon","coordinates":[[[[465252.26,1729080.6],[465244.19,1729067.57],[465232.56,1729074.69],[465240.62,1729087.72],[465252.26,1729080.6]]]]}},{"type":"Feature","properties":{"building":"yes","height":6,"heightSource":"default"},"geometry":{"type":"MultiPolygon","coordinates":[[[[465341.55,1729181.79],[465355.82,1729173.8],[465351.14,1729165.56],[465336.88,1729173.56],[465341.55,1729181.79]]]]}},{"type":"Feature","properties":{"building":"yes","height":6,"heightSource":"default"},"geometry":{"type":"MultiPolygon","coordinates":[[[[465407.43,1729150.39],[465410.76,1729139.08],[465402.49,1729136.68],[465399.17,1729147.99],[465407.43,1729150.39]]]]}},{"type":"Feature","properties":{"building":"yes","height":6,"heightSource":"default"},"geometry":{"type":"MultiPolygon","coordinates":[[[[465988.81,1729447.23],[465995.48,1729468.65],[466004.94,1729465.73],[465998.27,1729444.32],[465988.81,1729447.23]]]]}},{"type":"Feature","properties":{"building":"yes","height":6,"heightSource":"default"},"geometry":{"type":"MultiPolygon","coordinates":[[[[466094.41,1729445.7],[466093.52,1729432.96],[466085.35,1729433.51],[466086.23,1729446.27],[466094.41,1729445.7]]]]}},{"type":"Feature","properties":{"building":"yes","height":6,"heightSource":"default"},"geometry":{"type":"MultiPolygon","coordinates":[[[[470144.08,1728685.73],[470139.14,1728672.2],[470149.15,1728668.59],[470154.09,1728682.13],[470144.08,1728685.73]]]]}},{"type":"Feature","properties":{"building":"yes","height":6,"heightSource":"default"},"geometry":{"type":"MultiPolygon","coordinates":[[[[470440.27,1728436.47],[470449.99,1728434.11],[470448.22,1728426.88],[470438.49,1728429.24],[470440.27,1728436.47]]]]}},{"type":"Feature","properties":{"building":"yes","height":6,"heightSource":"default"},"geometry":{"type":"MultiPolygon","coordinates":[[[[462912.9,1731190.97],[462931.12,1731180.01],[462921.97,1731165],[462903.76,1731175.97],[462912.9,1731190.97]]]]}},{"type":"Feature","properties":{"building":"yes","height":6,"heightSource":"default"},"geometry":{"type":"MultiPolygon","coordinates":[[[[462975.31,1731183.02],[462965.76,1731168.65],[462956.74,1731174.56],[462966.31,1731188.93],[462975.31,1731183.02]]]]}},{"type":"Feature","properties":{"building":"yes","height":6,"heightSource":"default"},"geometry":{"type":"MultiPolygon","coordinates":[[[[462536.61,1730995.98],[462547.59,1730987.83],[462540.52,1730978.42],[462529.53,1730986.58],[462536.61,1730995.98]]]]}},{"type":"Feature","properties":{"building":"yes","height":6,"heightSource":"default"},"geometry":{"type":"MultiPolygon","coordinates":[[[[462487.81,1730919.34],[462502.99,1730907.79],[462496.29,1730899.1],[462481.11,1730910.66],[462487.81,1730919.34]]]]}},{"type":"Feature","properties":{"building":"yes","height":6,"heightSource":"default"},"geometry":{"type":"MultiPolygon","coordinates":[[[[462505.03,1730886.51],[462512.5,1730893.91],[462520.42,1730886.01],[462512.94,1730878.61],[462505.03,1730886.51]]]]}},{"type":"Feature","properties":{"building":"yes","height":6,"heightSource":"default"},"geometry":{"type":"MultiPolygon","coordinates":[[[[462217.43,1731955.72],[462117.74,1731994.54],[462122.79,1732007.33],[462150.98,1731996.35],[462155.19,1732007.03],[462176.71,1731998.66],[462172.22,1731987.27],[462222.21,1731967.82],[462217.43,1731955.72]]]]}},{"type":"Feature","properties":{"building":"yes","height":6,"heightSource":"default"},"geometry":{"type":"MultiPolygon","coordinates":[[[[462161.93,1732009.95],[462175.77,1732004.48],[462179.77,1732014.46],[462165.93,1732019.93],[462161.93,1732009.95]]]]}},{"type":"Feature","properties":{"building":"yes","height":6,"heightSource":"default"},"geometry":{"type":"MultiPolygon","coordinates":[[[[462833.84,1731529.33],[462823.91,1731534.7],[462820.11,1731527.73],[462830.03,1731522.36],[462833.84,1731529.33]]]]}},{"type":"Feature","properties":{"building":"yes","height":6,"heightSource":"default"},"geometry":{"type":"MultiPolygon","coordinates":[[[[462798.27,1731484.66],[462807.59,1731479.45],[462802.17,1731469.88],[462792.85,1731475.08],[462798.27,1731484.66]]]]}},{"type":"Feature","properties":{"building":"yes","height":6,"heightSource":"default"},"geometry":{"type":"MultiPolygon","coordinates":[[[[462755.15,1731748.24],[462752.99,1731735.62],[462759.98,1731734.45],[462762.13,1731747.05],[462755.15,1731748.24]]]]}},{"type":"Feature","properties":{"building":"yes","height":6,"heightSource":"default"},"geometry":{"type":"MultiPolygon","coordinates":[[[[462516.58,1731054.06],[462524.39,1731064.65],[462531.24,1731059.66],[462523.43,1731049.08],[462516.58,1731054.06]]]]}},{"type":"Feature","properties":{"building":"yes","height":6,"heightSource":"default"},"geometry":{"type":"MultiPolygon","coordinates":[[[[462518.25,1731039.57],[462526.05,1731049.21],[462535.47,1731041.67],[462527.67,1731032.04],[462518.25,1731039.57]]]]}},{"type":"Feature","properties":{"building":"yes","height":6,"heightSource":"default"},"geometry":{"type":"MultiPolygon","coordinates":[[[[472437.9,1739051.29],[472447.49,1739043.66],[472439.99,1739034.35],[472430.4,1739042],[472437.9,1739051.29]]]]}},{"type":"Feature","properties":{"building":"yes","height":6,"heightSource":"default"},"geometry":{"type":"MultiPolygon","coordinates":[[[[471894.7,1737872.18],[471886.35,1737862.91],[471876.9,1737871.32],[471885.25,1737880.6],[471894.7,1737872.18]]]]}},{"type":"Feature","properties":{"building":"yes","height":6,"heightSource":"default"},"geometry":{"type":"MultiPolygon","coordinates":[[[[471807.73,1739327.3],[471814.3,1739332.97],[471819.66,1739326.85],[471813.1,1739321.17],[471807.73,1739327.3]]]]}},{"type":"Feature","properties":{"building":"yes","height":6,"heightSource":"default"},"geometry":{"type":"MultiPolygon","coordinates":[[[[471722.7,1739267.22],[471729.13,1739264.58],[471726.74,1739258.85],[471720.32,1739261.48],[471722.7,1739267.22]]]]}},{"type":"Feature","properties":{"building":"yes","height":6,"heightSource":"default"},"geometry":{"type":"MultiPolygon","coordinates":[[[[466872.02,1729830.06],[466885.96,1729822.34],[466879.66,1729811.11],[466865.73,1729818.83],[466872.02,1729830.06]]]]}},{"type":"Feature","properties":{"building":"yes","height":6,"heightSource":"default"},"geometry":{"type":"MultiPolygon","coordinates":[[[[466858.64,1729816.47],[466876.45,1729807.08],[466869.68,1729794.38],[466856.84,1729801.15],[466859.8,1729806.71],[466854.83,1729809.34],[466858.64,1729816.47]]]]}},{"type":"Feature","properties":{"building":"yes","height":6,"heightSource":"default"},"geometry":{"type":"MultiPolygon","coordinates":[[[[466755.78,1729700.93],[466760.51,1729718.33],[466771.88,1729715.28],[466767.14,1729697.88],[466755.78,1729700.93]]]]}},{"type":"Feature","properties":{"building":"yes","height":6,"heightSource":"default"},"geometry":{"type":"MultiPolygon","coordinates":[[[[467234.52,1729489.85],[467243.95,1729504.71],[467257.16,1729496.43],[467247.74,1729481.57],[467234.52,1729489.85]]]]}},{"type":"Feature","properties":{"building":"yes","height":6,"heightSource":"default"},"geometry":{"type":"MultiPolygon","coordinates":[[[[467284.61,1729438],[467291.91,1729433.61],[467287.1,1729425.73],[467279.81,1729430.12],[467284.61,1729438]]]]}},{"type":"Feature","properties":{"building":"yes","height":6,"heightSource":"default"},"geometry":{"type":"MultiPolygon","coordinates":[[[[467321.6,1729390.7],[467332.88,1729383.18],[467325.91,1729372.84],[467314.62,1729380.37],[467321.6,1729390.7]]]]}},{"type":"Feature","properties":{"building":"yes","height":6,"heightSource":"default"},"geometry":{"type":"MultiPolygon","coordinates":[[[[467335.18,1729441.8],[467328.59,1729431.4],[467335.07,1729427.35],[467341.66,1729437.75],[467335.18,1729441.8]]]]}},{"type":"Feature","properties":{"building":"yes","height":6,"heightSource":"default"},"geometry":{"type":"MultiPolygon","coordinates":[[[[467347.86,1729418.86],[467353.28,1729428.31],[467360.44,1729424.25],[467355.01,1729414.8],[467347.86,1729418.86]]]]}},{"type":"Feature","properties":{"building":"yes","height":6,"heightSource":"default"},"geometry":{"type":"MultiPolygon","coordinates":[[[[467370.41,1729409.24],[467375.74,1729418.37],[467384.21,1729413.5],[467378.89,1729404.36],[467370.41,1729409.24]]]]}},{"type":"Feature","properties":{"building":"yes","height":6,"heightSource":"default"},"geometry":{"type":"MultiPolygon","coordinates":[[[[467439.85,1729375.23],[467433.03,1729362.42],[467441.39,1729358.02],[467448.22,1729370.84],[467439.85,1729375.23]]]]}},{"type":"Feature","properties":{"building":"yes","height":6,"heightSource":"default"},"geometry":{"type":"MultiPolygon","coordinates":[[[[467447.93,1729352.49],[467451.15,1729359.5],[467459.32,1729355.81],[467456.11,1729348.8],[467447.93,1729352.49]]]]}},{"type":"Feature","properties":{"building":"yes","height":6,"heightSource":"default"},"geometry":{"type":"MultiPolygon","coordinates":[[[[462227.06,1730553.26],[462252.36,1730550.3],[462250.54,1730534.9],[462225.24,1730537.89],[462227.06,1730553.26]]]]}},{"type":"Feature","properties":{"building":"yes","height":6,"heightSource":"default"},"geometry":{"type":"MultiPolygon","coordinates":[[[[462256.46,1730699.11],[462263.63,1730697.15],[462262.13,1730691.72],[462254.96,1730693.68],[462256.46,1730699.11]]]]}},{"type":"Feature","properties":{"building":"yes","height":6,"heightSource":"default"},"geometry":{"type":"MultiPolygon","coordinates":[[[[462279.85,1730529.89],[462290.03,1730528.96],[462289.2,1730519.95],[462279.03,1730520.86],[462279.85,1730529.89]]]]}},{"type":"Feature","properties":{"building":"yes","height":6,"heightSource":"default"},"geometry":{"type":"MultiPolygon","coordinates":[[[[462287.79,1730553.01],[462305.43,1730550.92],[462304.02,1730539.32],[462286.39,1730541.4],[462287.79,1730553.01]]]]}},{"type":"Feature","properties":{"building":"yes","height":6,"heightSource":"default"},"geometry":{"type":"MultiPolygon","coordinates":[[[[462281.99,1730512.32],[462288.84,1730510.11],[462290.72,1730515.82],[462298.91,1730513.18],[462294.56,1730499.85],[462279.5,1730504.71],[462281.99,1730512.32]]]]}},{"type":"Feature","properties":{"building":"yes","height":6,"heightSource":"default"},"geometry":{"type":"MultiPolygon","coordinates":[[[[461636.98,1730625.5],[461645.67,1730619.19],[461640.83,1730612.63],[461632.15,1730618.94],[461636.98,1730625.5]]]]}},{"type":"Feature","properties":{"building":"yes","height":6,"heightSource":"default"},"geometry":{"type":"MultiPolygon","coordinates":[[[[460676.95,1730140.48],[460679.94,1730147.86],[460686.87,1730145.09],[460683.89,1730137.71],[460676.95,1730140.48]]]]}},{"type":"Feature","properties":{"building":"yes","height":6,"heightSource":"default"},"geometry":{"type":"MultiPolygon","coordinates":[[[[465336.58,1729075.38],[465331.28,1729080.15],[465335.63,1729084.93],[465340.93,1729080.17],[465336.58,1729075.38]]]]}},{"type":"Feature","properties":{"building":"yes","height":6,"heightSource":"default"},"geometry":{"type":"MultiPolygon","coordinates":[[[[465444.82,1729055.13],[465454.45,1729061.19],[465458.99,1729054.07],[465449.38,1729048],[465444.82,1729055.13]]]]}},{"type":"Feature","properties":{"building":"yes","height":6,"heightSource":"default"},"geometry":{"type":"MultiPolygon","coordinates":[[[[464934.56,1728874.27],[464941.59,1728883.73],[464950.58,1728877.14],[464943.54,1728867.68],[464934.56,1728874.27]]]]}},{"type":"Feature","properties":{"building":"yes","height":6,"heightSource":"default"},"geometry":{"type":"MultiPolygon","coordinates":[[[[465019.51,1728849.82],[465028.4,1728845.07],[465023.23,1728835.51],[465014.35,1728840.25],[465019.51,1728849.82]]]]}},{"type":"Feature","properties":{"building":"yes","height":6,"heightSource":"default"},"geometry":{"type":"MultiPolygon","coordinates":[[[[465142.5,1728846.7],[465148.28,1728857.17],[465157.42,1728852.17],[465151.63,1728841.71],[465142.5,1728846.7]]]]}},{"type":"Feature","properties":{"building":"yes","height":6,"heightSource":"default"},"geometry":{"type":"MultiPolygon","coordinates":[[[[465043.09,1728724.39],[465052.29,1728720.55],[465047.64,1728709.57],[465038.45,1728713.42],[465043.09,1728724.39]]]]}},{"type":"Feature","properties":{"building":"yes","height":6,"heightSource":"default"},"geometry":{"type":"MultiPolygon","coordinates":[[[[465066.66,1728448.11],[465077.27,1728446.77],[465076.38,1728439.87],[465065.77,1728441.21],[465066.66,1728448.11]]]]}},{"type":"Feature","properties":{"building":"yes","height":6,"heightSource":"default"},"geometry":{"type":"MultiPolygon","coordinates":[[[[465845.95,1728654.35],[465860.7,1728646.14],[465856.88,1728639.35],[465842.12,1728647.55],[465845.95,1728654.35]]]]}},{"type":"Feature","properties":{"building":"yes","height":6,"heightSource":"default"},"geometry":{"type":"MultiPolygon","coordinates":[[[[465779.72,1728730.49],[465791.21,1728722.18],[465785.66,1728714.59],[465774.17,1728722.88],[465779.72,1728730.49]]]]}},{"type":"Feature","properties":{"building":"yes","height":6,"heightSource":"default"},"geometry":{"type":"MultiPolygon","coordinates":[[[[465728.27,1728619.73],[465738.01,1728624.29],[465741.98,1728615.92],[465732.24,1728611.35],[465728.27,1728619.73]]]]}},{"type":"Feature","properties":{"building":"yes","height":6,"heightSource":"default"},"geometry":{"type":"MultiPolygon","coordinates":[[[[465730.69,1728651.9],[465737.19,1728631.1],[465726.41,1728627.77],[465719.9,1728648.57],[465730.69,1728651.9]]]]}},{"type":"Feature","properties":{"building":"yes","height":6,"heightSource":"default"},"geometry":{"type":"MultiPolygon","coordinates":[[[[465721.45,1728610.37],[465730.01,1728610.08],[465729.78,1728603.33],[465721.21,1728603.62],[465721.45,1728610.37]]]]}},{"type":"Feature","properties":{"building":"yes","height":6,"heightSource":"default"},"geometry":{"type":"MultiPolygon","coordinates":[[[[465745.22,1728598.48],[465751.88,1728595.95],[465749.96,1728590.95],[465743.3,1728593.48],[465745.22,1728598.48]]]]}},{"type":"Feature","properties":{"building":"yes","height":6,"heightSource":"default"},"geometry":{"type":"MultiPolygon","coordinates":[[[[465902.04,1728599.7],[465911.11,1728593.4],[465906.72,1728587.16],[465897.65,1728593.48],[465902.04,1728599.7]]]]}},{"type":"Feature","properties":{"building":"yes","height":6,"heightSource":"default"},"geometry":{"type":"MultiPolygon","coordinates":[[[[465928.9,1728576.8],[465923.47,1728568.38],[465918.26,1728571.7],[465923.68,1728580.13],[465928.9,1728576.8]]]]}},{"type":"Feature","properties":{"building":"yes","height":6,"heightSource":"default"},"geometry":{"type":"MultiPolygon","coordinates":[[[[466133.31,1729180.22],[466142.03,1729174.33],[466137.47,1729167.65],[466128.74,1729173.53],[466133.31,1729180.22]]]]}},{"type":"Feature","properties":{"building":"yes","height":6,"heightSource":"default"},"geometry":{"type":"MultiPolygon","coordinates":[[[[466133.01,1729198.05],[466150.13,1729189.95],[466146.26,1729181.87],[466129.14,1729189.96],[466133.01,1729198.05]]]]}},{"type":"Feature","properties":{"building":"yes","height":6,"heightSource":"default"},"geometry":{"type":"MultiPolygon","coordinates":[[[[466096.62,1729214.03],[466103.55,1729224.5],[466110.74,1729219.78],[466103.81,1729209.33],[466096.62,1729214.03]]]]}},{"type":"Feature","properties":{"building":"yes","height":6,"heightSource":"default"},"geometry":{"type":"MultiPolygon","coordinates":[[[[466129.04,1729221.95],[466137.42,1729216.3],[466132.81,1729209.54],[466124.43,1729215.18],[466129.04,1729221.95]]]]}},{"type":"Feature","properties":{"building":"yes","height":6,"heightSource":"default"},"geometry":{"type":"MultiPolygon","coordinates":[[[[466101.28,1729371],[466102.14,1729384.63],[466112.7,1729383.97],[466111.84,1729370.35],[466101.28,1729371]]]]}},{"type":"Feature","properties":{"building":"yes","height":6,"heightSource":"default"},"geometry":{"type":"MultiPolygon","coordinates":[[[[465995.86,1729412.66],[466010.65,1729409.29],[466008.55,1729400.21],[465993.77,1729403.59],[465995.86,1729412.66]]]]}},{"type":"Feature","properties":{"building":"yes","height":6,"heightSource":"default"},"geometry":{"type":"MultiPolygon","coordinates":[[[[465972.16,1729416.89],[465982.56,1729415.95],[465981.33,1729402.5],[465970.93,1729403.44],[465972.16,1729416.89]]]]}},{"type":"Feature","properties":{"building":"yes","height":6,"heightSource":"default"},"geometry":{"type":"MultiPolygon","coordinates":[[[[465951.36,1729411.77],[465963.8,1729411.53],[465963.51,1729396.3],[465951.07,1729396.54],[465951.36,1729411.77]]]]}},{"type":"Feature","properties":{"building":"yes","height":6,"heightSource":"default"},"geometry":{"type":"MultiPolygon","coordinates":[[[[466012.39,1728294.47],[466022.64,1728286.36],[466017.56,1728280.02],[466007.31,1728288.12],[466012.39,1728294.47]]]]}},{"type":"Feature","properties":{"building":"yes","height":6,"heightSource":"default"},"geometry":{"type":"MultiPolygon","coordinates":[[[[465841.5,1728347.2],[465847.23,1728354.09],[465851.79,1728350.35],[465846.06,1728343.45],[465841.5,1728347.2]]]]}},{"type":"Feature","properties":{"building":"yes","height":6,"heightSource":"default"},"geometry":{"type":"MultiPolygon","coordinates":[[[[466688.74,1729235.84],[466684.56,1729228.17],[466690.97,1729224.72],[466695.15,1729232.39],[466688.74,1729235.84]]]]}},{"type":"Feature","properties":{"building":"yes","height":6,"heightSource":"default"},"geometry":{"type":"MultiPolygon","coordinates":[[[[466661.76,1729187.63],[466671.21,1729182.42],[466667.17,1729175.17],[466657.71,1729180.37],[466661.76,1729187.63]]]]}},{"type":"Feature","properties":{"building":"yes","height":6,"heightSource":"default"},"geometry":{"type":"MultiPolygon","coordinates":[[[[467531.58,1729221.04],[467544.9,1729218.15],[467542.95,1729209.25],[467529.63,1729212.13],[467531.58,1729221.04]]]]}},{"type":"Feature","properties":{"building":"yes","height":6,"heightSource":"default"},"geometry":{"type":"MultiPolygon","coordinates":[[[[467591.9,1729237.29],[467601.27,1729234.48],[467599.04,1729227.15],[467589.67,1729229.95],[467591.9,1729237.29]]]]}},{"type":"Feature","properties":{"building":"yes","height":6,"heightSource":"default"},"geometry":{"type":"MultiPolygon","coordinates":[[[[467625.7,1729230.11],[467633.51,1729227.49],[467630.16,1729217.64],[467622.35,1729220.26],[467625.7,1729230.11]]]]}},{"type":"Feature","properties":{"building":"yes","height":6,"heightSource":"default"},"geometry":{"type":"MultiPolygon","coordinates":[[[[467605.29,1729234.24],[467613.91,1729230.48],[467610,1729221.64],[467601.39,1729225.41],[467605.29,1729234.24]]]]}},{"type":"Feature","properties":{"building":"yes","height":6,"heightSource":"default"},"geometry":{"type":"MultiPolygon","coordinates":[[[[467625.41,1729216.62],[467636.46,1729211.79],[467633.33,1729204.69],[467622.27,1729209.52],[467625.41,1729216.62]]]]}},{"type":"Feature","properties":{"building":"school","height":6,"heightSource":"default"},"geometry":{"type":"MultiPolygon","coordinates":[[[[467976.9,1729191.1],[467963.16,1729142.62],[467946.85,1729147.17],[467960.61,1729195.67],[467976.9,1729191.1]]]]}},{"type":"Feature","properties":{"building":"school","height":6,"heightSource":"default"},"geometry":{"type":"MultiPolygon","coordinates":[[[[467966.6,1729203.76],[467979.53,1729255.11],[467991.35,1729252.16],[467978.42,1729200.82],[467966.6,1729203.76]]]]}},{"type":"Feature","properties":{"building":"school","height":6,"heightSource":"default"},"geometry":{"type":"MultiPolygon","coordinates":[[[[467911.72,1729216.36],[467948.7,1729205.51],[467945.46,1729194.58],[467908.48,1729205.42],[467911.72,1729216.36]]]]}},{"type":"Feature","properties":{"building":"yes","height":6,"heightSource":"default"},"geometry":{"type":"MultiPolygon","coordinates":[[[[467975.67,1729268.85],[467993.07,1729264.99],[467991.02,1729255.87],[467973.62,1729259.73],[467975.67,1729268.85]]]]}},{"type":"Feature","properties":{"building":"yes","height":6,"heightSource":"default"},"geometry":{"type":"MultiPolygon","coordinates":[[[[468011.89,1729244.94],[468019.55,1729240.2],[468014.81,1729232.67],[468007.16,1729237.42],[468011.89,1729244.94]]]]}},{"type":"Feature","properties":{"building":"yes","height":6,"heightSource":"default"},"geometry":{"type":"MultiPolygon","coordinates":[[[[468034.42,1729253.5],[468029.06,1729237.58],[468038.02,1729234.61],[468043.38,1729250.53],[468034.42,1729253.5]]]]}},{"type":"Feature","properties":{"building":"yes","height":6,"heightSource":"default"},"geometry":{"type":"MultiPolygon","coordinates":[[[[468043.83,1729245.64],[468051.15,1729242.96],[468047.35,1729232.67],[468040.02,1729235.35],[468043.83,1729245.64]]]]}},{"type":"Feature","properties":{"building":"yes","height":6,"heightSource":"default"},"geometry":{"type":"MultiPolygon","coordinates":[[[[468027.31,1729158.81],[468036.54,1729155.78],[468032.67,1729144.11],[468023.43,1729147.14],[468027.31,1729158.81]]]]}},{"type":"Feature","properties":{"building":"yes","height":6,"heightSource":"default"},"geometry":{"type":"MultiPolygon","coordinates":[[[[468195.6,1729183.67],[468192.05,1729167.53],[468201.98,1729165.37],[468205.53,1729181.51],[468195.6,1729183.67]]]]}},{"type":"Feature","properties":{"building":"yes","height":6,"heightSource":"default"},"geometry":{"type":"MultiPolygon","coordinates":[[[[464278.51,1729876.56],[464287.23,1729880.34],[464291.37,1729870.91],[464282.65,1729867.13],[464278.51,1729876.56]]]]}},{"type":"Feature","properties":{"building":"yes","height":6,"heightSource":"default"},"geometry":{"type":"MultiPolygon","coordinates":[[[[462378.73,1728149.39],[462375.85,1728142.53],[462364.42,1728147.27],[462368.09,1728156.02],[462374.42,1728153.39],[462372.99,1728149.96],[462378.73,1728149.39]]]]}},{"type":"Feature","properties":{"building":"yes","height":6,"heightSource":"default"},"geometry":{"type":"MultiPolygon","coordinates":[[[[470380.45,1728184.74],[470377.89,1728177.54],[470373.05,1728179.24],[470375.61,1728186.44],[470380.45,1728184.74]]]]}},{"type":"Feature","properties":{"building":"yes","height":6,"heightSource":"default"},"geometry":{"type":"MultiPolygon","coordinates":[[[[462454.41,1728391.63],[462451.91,1728384.14],[462458.57,1728381.94],[462461.07,1728389.43],[462454.41,1728391.63]]]]}},{"type":"Feature","properties":{"building":"yes","height":6,"heightSource":"default"},"geometry":{"type":"MultiPolygon","coordinates":[[[[462458.17,1728376.68],[462462.22,1728388.76],[462470.06,1728386.17],[462466.01,1728374.08],[462458.17,1728376.68]]]]}},{"type":"Feature","properties":{"building":"yes","height":6,"heightSource":"default"},"geometry":{"type":"MultiPolygon","coordinates":[[[[462604.79,1728547.87],[462608,1728557.16],[462616.82,1728554.15],[462613.61,1728544.85],[462604.79,1728547.87]]]]}},{"type":"Feature","properties":{"building":"yes","height":6,"heightSource":"default"},"geometry":{"type":"MultiPolygon","coordinates":[[[[462823.58,1729203.39],[462829.8,1729203.1],[462829.58,1729198.11],[462823.34,1729198.4],[462823.58,1729203.39]]]]}},{"type":"Feature","properties":{"building":"yes","height":6,"heightSource":"default"},"geometry":{"type":"MultiPolygon","coordinates":[[[[462637.04,1728274.81],[462631.17,1728264.44],[462638.94,1728260.09],[462644.81,1728270.46],[462637.04,1728274.81]]]]}},{"type":"Feature","properties":{"building":"yes","height":6,"heightSource":"default"},"geometry":{"type":"MultiPolygon","coordinates":[[[[462649.63,1728245.68],[462653.24,1728253.9],[462661.3,1728250.41],[462657.68,1728242.18],[462649.63,1728245.68]]]]}},{"type":"Feature","properties":{"building":"yes","height":6,"heightSource":"default"},"geometry":{"type":"MultiPolygon","coordinates":[[[[462640.02,1728281.39],[462649.32,1728275.85],[462646.24,1728270.71],[462636.92,1728276.24],[462640.02,1728281.39]]]]}},{"type":"Feature","properties":{"building":"yes","height":6,"heightSource":"default"},"geometry":{"type":"MultiPolygon","coordinates":[[[[462600.5,1728337.4],[462605.06,1728344.89],[462611.36,1728341.12],[462606.79,1728333.62],[462600.5,1728337.4]]]]}},{"type":"Feature","properties":{"building":"yes","height":6,"heightSource":"default"},"geometry":{"type":"MultiPolygon","coordinates":[[[[462766.86,1728003.85],[462770.02,1728009.45],[462774.42,1728007],[462771.27,1728001.4],[462766.86,1728003.85]]]]}},{"type":"Feature","properties":{"building":"yes","height":6,"heightSource":"default"},"geometry":{"type":"MultiPolygon","coordinates":[[[[463000.83,1727998.54],[463003.66,1728009.43],[463010.07,1728007.79],[463007.25,1727996.89],[463000.83,1727998.54]]]]}},{"type":"Feature","properties":{"building":"yes","height":6,"heightSource":"default"},"geometry":{"type":"MultiPolygon","coordinates":[[[[464901.11,1727967.45],[464916.47,1728001.03],[464950.48,1727985.67],[464935.12,1727952.08],[464901.11,1727967.45]]]]}},{"type":"Feature","properties":{"building":"yes","height":6,"heightSource":"default"},"geometry":{"type":"MultiPolygon","coordinates":[[[[465009.03,1727986.39],[465029.63,1727976.41],[465024.75,1727966.47],[465004.16,1727976.47],[465009.03,1727986.39]]]]}},{"type":"Feature","properties":{"building":"yes","height":6,"heightSource":"default"},"geometry":{"type":"MultiPolygon","coordinates":[[[[464634.74,1728103.38],[464640.11,1728099.71],[464636.77,1728094.87],[464631.39,1728098.53],[464634.74,1728103.38]]]]}},{"type":"Feature","properties":{"building":"yes","height":6,"heightSource":"default"},"geometry":{"type":"MultiPolygon","coordinates":[[[[464608.66,1728068.98],[464613.66,1728079.35],[464618.96,1728076.84],[464613.97,1728066.46],[464608.66,1728068.98]]]]}},{"type":"Feature","properties":{"building":"yes","height":6,"heightSource":"default"},"geometry":{"type":"MultiPolygon","coordinates":[[[[464615.92,1728058.18],[464612.71,1728049.98],[464603.83,1728053.41],[464607.04,1728061.61],[464615.92,1728058.18]]]]}},{"type":"Feature","properties":{"building":"yes","height":6,"heightSource":"default"},"geometry":{"type":"MultiPolygon","coordinates":[[[[464646.47,1727981.7],[464653.33,1727979.49],[464651.42,1727973.58],[464644.54,1727975.8],[464646.47,1727981.7]]]]}},{"type":"Feature","properties":{"building":"yes","height":6,"heightSource":"default"},"geometry":{"type":"MultiPolygon","coordinates":[[[[461775.44,1728134.31],[461793.48,1728132.74],[461792.28,1728119.16],[461774.25,1728120.73],[461775.44,1728134.31]]]]}},{"type":"Feature","properties":{"building":"yes","height":6,"heightSource":"default"},"geometry":{"type":"MultiPolygon","coordinates":[[[[462174.11,1728263.12],[462182.61,1728255.89],[462178.23,1728250.8],[462169.73,1728258.04],[462174.11,1728263.12]]]]}},{"type":"Feature","properties":{"building":"yes","height":6,"heightSource":"default"},"geometry":{"type":"MultiPolygon","coordinates":[[[[462099.92,1728313.54],[462104.07,1728317.74],[462108.2,1728313.73],[462104.05,1728309.53],[462099.92,1728313.54]]]]}},{"type":"Feature","properties":{"building":"warehouse","height":6,"heightSource":"default"},"geometry":{"type":"MultiPolygon","coordinates":[[[[464873.53,1728289.03],[464945.59,1728290.42],[464945.75,1728282.63],[464952.41,1728282.77],[464952.77,1728264.32],[464874.04,1728262.79],[464873.53,1728289.03]]]]}},{"type":"Feature","properties":{"building":"yes","height":6,"heightSource":"default"},"geometry":{"type":"MultiPolygon","coordinates":[[[[464978.32,1728271.12],[464998.3,1728271.89],[464998.77,1728259.6],[464978.8,1728258.85],[464978.32,1728271.12]]]]}},{"type":"Feature","properties":{"building":"yes","height":6,"heightSource":"default"},"geometry":{"type":"MultiPolygon","coordinates":[[[[462089,1729234.1],[462090.58,1729245.01],[462100.17,1729243.64],[462098.59,1729232.71],[462089,1729234.1]]]]}},{"type":"Feature","properties":{"building":"yes","height":6,"heightSource":"default"},"geometry":{"type":"MultiPolygon","coordinates":[[[[462069.59,1729224.11],[462073.87,1729237.2],[462080.29,1729235.13],[462076.02,1729222.04],[462069.59,1729224.11]]]]}},{"type":"Feature","properties":{"building":"yes","height":6,"heightSource":"default"},"geometry":{"type":"MultiPolygon","coordinates":[[[[462046.82,1729118.72],[462080.19,1729108.11],[462074.85,1729093.05],[462040.35,1729102.15],[462046.82,1729118.72]]]]}},{"type":"Feature","properties":{"building":"yes","height":6,"heightSource":"default"},"geometry":{"type":"MultiPolygon","coordinates":[[[[461965.42,1728818.93],[461976.66,1728813.54],[461972.07,1728804.09],[461960.83,1728809.49],[461965.42,1728818.93]]]]}},{"type":"Feature","properties":{"building":"yes","height":6,"heightSource":"default"},"geometry":{"type":"MultiPolygon","coordinates":[[[[461933.41,1728778.08],[461957.97,1728764.56],[461953.69,1728756.87],[461929.12,1728770.38],[461933.41,1728778.08]]]]}},{"type":"Feature","properties":{"building":"yes","height":6,"heightSource":"default"},"geometry":{"type":"MultiPolygon","coordinates":[[[[461929.73,1728768.18],[461947.16,1728758.01],[461940.12,1728746.1],[461922.69,1728756.27],[461929.73,1728768.18]]]]}},{"type":"Feature","properties":{"building":"yes","height":6,"heightSource":"default"},"geometry":{"type":"MultiPolygon","coordinates":[[[[461514.43,1728762.58],[461525.89,1728756.96],[461522.09,1728749.34],[461510.64,1728754.95],[461514.43,1728762.58]]]]}},{"type":"Feature","properties":{"building":"yes","height":6,"heightSource":"default"},"geometry":{"type":"MultiPolygon","coordinates":[[[[461496.27,1728737.81],[461503.67,1728751.98],[461511.93,1728747.72],[461504.54,1728733.56],[461496.27,1728737.81]]]]}},{"type":"Feature","properties":{"building":"yes","height":6,"heightSource":"default"},"geometry":{"type":"MultiPolygon","coordinates":[[[[461662.75,1729069.34],[461669.28,1729066.62],[461667.04,1729061.34],[461660.52,1729064.06],[461662.75,1729069.34]]]]}},{"type":"Feature","properties":{"building":"yes","height":6,"heightSource":"default"},"geometry":{"type":"MultiPolygon","coordinates":[[[[461593.56,1728863.26],[461605.4,1728860.46],[461607.32,1728868.45],[461595.47,1728871.26],[461593.56,1728863.26]]]]}},{"type":"Feature","properties":{"building":"yes","height":6,"heightSource":"default"},"geometry":{"type":"MultiPolygon","coordinates":[[[[461568.48,1728880.48],[461566.92,1728869.92],[461573.29,1728868.99],[461574.86,1728879.55],[461568.48,1728880.48]]]]}},{"type":"Feature","properties":{"building":"yes","height":6,"heightSource":"default"},"geometry":{"type":"MultiPolygon","coordinates":[[[[461624.08,1728856.98],[461626.9,1728865.15],[461631.96,1728863.42],[461629.14,1728855.25],[461624.08,1728856.98]]]]}},{"type":"Feature","properties":{"building":"yes","height":6,"heightSource":"default"},"geometry":{"type":"MultiPolygon","coordinates":[[[[461922.38,1729289.35],[461928.18,1729287.8],[461926.7,1729282.29],[461920.88,1729283.83],[461922.38,1729289.35]]]]}},{"type":"Feature","properties":{"building":"yes","height":6,"heightSource":"default"},"geometry":{"type":"MultiPolygon","coordinates":[[[[469923.96,1728361.5],[469929.84,1728369.95],[469936.15,1728365.61],[469930.28,1728357.16],[469923.96,1728361.5]]]]}},{"type":"Feature","properties":{"building":"yes","height":6,"heightSource":"default"},"geometry":{"type":"MultiPolygon","coordinates":[[[[469928.37,1728385.49],[469939.07,1728379.01],[469934.82,1728372.09],[469924.12,1728378.57],[469928.37,1728385.49]]]]}},{"type":"Feature","properties":{"building":"yes","height":6,"heightSource":"default"},"geometry":{"type":"MultiPolygon","coordinates":[[[[469767.48,1728228.68],[469774.02,1728241.1],[469784.04,1728235.87],[469777.49,1728223.46],[469767.48,1728228.68]]]]}},{"type":"Feature","properties":{"building":"yes","height":6,"heightSource":"default"},"geometry":{"type":"MultiPolygon","coordinates":[[[[469785.22,1728218.13],[469792.76,1728231.89],[469803.98,1728225.83],[469796.45,1728212.05],[469785.22,1728218.13]]]]}},{"type":"Feature","properties":{"building":"yes","height":6,"heightSource":"default"},"geometry":{"type":"MultiPolygon","coordinates":[[[[469780.92,1728107.13],[469785.19,1728114.11],[469791.96,1728110.02],[469787.69,1728103.04],[469780.92,1728107.13]]]]}},{"type":"Feature","properties":{"building":"yes","height":6,"heightSource":"default"},"geometry":{"type":"MultiPolygon","coordinates":[[[[469726.97,1728192.67],[469740.26,1728191.53],[469739.55,1728183.4],[469726.27,1728184.54],[469726.97,1728192.67]]]]}},{"type":"Feature","properties":{"building":"yes","height":6,"heightSource":"default"},"geometry":{"type":"MultiPolygon","coordinates":[[[[471495.62,1728315.25],[471519.15,1728302.3],[471512.52,1728290.41],[471489.01,1728303.36],[471495.62,1728315.25]]]]}},{"type":"Feature","properties":{"building":"yes","height":6,"heightSource":"default"},"geometry":{"type":"MultiPolygon","coordinates":[[[[471735.22,1728452.4],[471741.57,1728460.36],[471749.16,1728454.37],[471742.81,1728446.41],[471735.22,1728452.4]]]]}},{"type":"Feature","properties":{"building":"yes","height":6,"heightSource":"default"},"geometry":{"type":"MultiPolygon","coordinates":[[[[471809.56,1728428.1],[471814.72,1728423.67],[471811.11,1728419.5],[471805.94,1728423.92],[471809.56,1728428.1]]]]}},{"type":"Feature","properties":{"building":"yes","height":6,"heightSource":"default"},"geometry":{"type":"MultiPolygon","coordinates":[[[[471797.95,1728434.62],[471804.84,1728444.21],[471811.84,1728439.25],[471804.94,1728429.65],[471797.95,1728434.62]]]]}},{"type":"Feature","properties":{"building":"yes","height":6,"heightSource":"default"},"geometry":{"type":"MultiPolygon","coordinates":[[[[471992.19,1728215.84],[471998.43,1728213.29],[471996.09,1728207.64],[471989.86,1728210.18],[471992.19,1728215.84]]]]}},{"type":"Feature","properties":{"building":"yes","height":6,"heightSource":"default"},"geometry":{"type":"MultiPolygon","coordinates":[[[[471980.36,1728190.74],[471987,1728187.3],[471983.77,1728181.13],[471977.13,1728184.57],[471980.36,1728190.74]]]]}},{"type":"Feature","properties":{"building":"yes","height":6,"heightSource":"default"},"geometry":{"type":"MultiPolygon","coordinates":[[[[472059.6,1728137.06],[472066.58,1728134.23],[472064.38,1728128.91],[472057.41,1728131.74],[472059.6,1728137.06]]]]}},{"type":"Feature","properties":{"building":"yes","height":6,"heightSource":"default"},"geometry":{"type":"MultiPolygon","coordinates":[[[[472386.76,1729406.81],[472403.1,1729397.74],[472398.81,1729390.11],[472382.48,1729399.19],[472386.76,1729406.81]]]]}},{"type":"Feature","properties":{"building":"yes","height":6,"heightSource":"default"},"geometry":{"type":"MultiPolygon","coordinates":[[[[471569.82,1738419.82],[471689.99,1738406.01],[471688.33,1738391.7],[471568.15,1738405.48],[471569.82,1738419.82]]]]}},{"type":"Feature","properties":{"building":"yes","height":6,"heightSource":"default"},"geometry":{"type":"MultiPolygon","coordinates":[[[[471652.71,1738364.99],[471663.61,1738359.96],[471658.28,1738348.54],[471647.38,1738353.56],[471652.71,1738364.99]]]]}},{"type":"Feature","properties":{"building":"yes","height":6,"heightSource":"default"},"geometry":{"type":"MultiPolygon","coordinates":[[[[471633.8,1738369.82],[471638.99,1738381.29],[471652.41,1738375.3],[471647.22,1738363.82],[471633.8,1738369.82]]]]}},{"type":"Feature","properties":{"building":"yes","height":6,"heightSource":"default"},"geometry":{"type":"MultiPolygon","coordinates":[[[[471672.45,1738218.45],[471678.33,1738223.78],[471683.95,1738217.67],[471678.07,1738212.33],[471672.45,1738218.45]]]]}},{"type":"Feature","properties":{"building":"yes","height":6,"heightSource":"default"},"geometry":{"type":"MultiPolygon","coordinates":[[[[471224.7,1737934.98],[471232.42,1737942.52],[471238.8,1737936.08],[471235.32,1737932.67],[471232.62,1737935.41],[471228.37,1737931.26],[471224.7,1737934.98]]]]}},{"type":"Feature","properties":{"building":"yes","height":6,"heightSource":"default"},"geometry":{"type":"MultiPolygon","coordinates":[[[[462473.52,1728023.77],[462478.35,1728034.47],[462487.1,1728030.56],[462482.27,1728019.86],[462473.52,1728023.77]]]]}},{"type":"Feature","properties":{"building":"yes","height":6,"heightSource":"default"},"geometry":{"type":"MultiPolygon","coordinates":[[[[462491.46,1727998.79],[462503.18,1727993.49],[462499.2,1727984.8],[462487.48,1727990.11],[462491.46,1727998.79]]]]}},{"type":"Feature","properties":{"building":"yes","height":6,"heightSource":"default"},"geometry":{"type":"MultiPolygon","coordinates":[[[[462507.39,1727974.39],[462511.1,1727981.6],[462519.99,1727977.09],[462516.28,1727969.87],[462507.39,1727974.39]]]]}},{"type":"Feature","properties":{"building":"yes","height":6,"heightSource":"default"},"geometry":{"type":"MultiPolygon","coordinates":[[[[462544.21,1728017.88],[462549.07,1728014.86],[462545.54,1728009.26],[462540.68,1728012.27],[462544.21,1728017.88]]]]}},{"type":"Feature","properties":{"building":"yes","height":6,"heightSource":"default"},"geometry":{"type":"MultiPolygon","coordinates":[[[[462539.65,1728010.96],[462546.09,1728007.39],[462542.15,1728000.4],[462535.73,1728003.97],[462539.65,1728010.96]]]]}},{"type":"Feature","properties":{"building":"yes","height":6,"heightSource":"default"},"geometry":{"type":"MultiPolygon","coordinates":[[[[462528.8,1727990.79],[462531.65,1727996.34],[462536.85,1727993.71],[462534,1727988.16],[462528.8,1727990.79]]]]}},{"type":"Feature","properties":{"building":"yes","height":6,"heightSource":"default"},"geometry":{"type":"MultiPolygon","coordinates":[[[[462331.76,1728070.45],[462335.37,1728082.82],[462345.27,1728079.97],[462341.66,1728067.59],[462331.76,1728070.45]]]]}},{"type":"Feature","properties":{"building":"apartments","height":9.6,"heightSource":"inferred"},"geometry":{"type":"MultiPolygon","coordinates":[[[[463644.9,1731563.05],[463657.49,1731567.54],[463677.6,1731511.89],[463665.03,1731507.4],[463644.9,1731563.05]]]]}},{"type":"Feature","properties":{"building":"yes","height":6,"heightSource":"default"},"geometry":{"type":"MultiPolygon","coordinates":[[[[463375.53,1732041.89],[463382.53,1732051.3],[463399.83,1732038.6],[463392.83,1732029.19],[463375.53,1732041.89]]]]}},{"type":"Feature","properties":{"building":"roof","height":6,"heightSource":"default"},"geometry":{"type":"MultiPolygon","coordinates":[[[[463275.52,1732275.28],[463267.63,1732280.18],[463286.28,1732309.77],[463294.15,1732304.87],[463275.52,1732275.28]]]]}},{"type":"Feature","properties":{"building":"yes","height":3.2,"heightSource":"inferred"},"geometry":{"type":"MultiPolygon","coordinates":[[[[463304.83,1732286.75],[463312.36,1732282.07],[463297.6,1732258.56],[463290.06,1732263.24],[463304.83,1732286.75]]]]}},{"type":"Feature","properties":{"building":"yes","height":3.2,"heightSource":"inferred"},"geometry":{"type":"MultiPolygon","coordinates":[[[[463309.67,1732341.78],[463283.41,1732358.11],[463290.04,1732368.65],[463316.31,1732352.32],[463309.67,1732341.78]]]]}},{"type":"Feature","properties":{"building":"yes","height":6,"heightSource":"default"},"geometry":{"type":"MultiPolygon","coordinates":[[[[463266.37,1732347.25],[463273.84,1732345.48],[463272.24,1732338.76],[463264.75,1732340.54],[463266.37,1732347.25]]]]}},{"type":"Feature","properties":{"building":"school","height":6.4,"heightSource":"inferred"},"geometry":{"type":"MultiPolygon","coordinates":[[[[462446.77,1734584.56],[462486.78,1734598.93],[462494.13,1734578.72],[462454.11,1734564.36],[462446.77,1734584.56]]]]}},{"type":"Feature","properties":{"building":"school","height":9.6,"heightSource":"inferred"},"geometry":{"type":"MultiPolygon","coordinates":[[[[462377.71,1734532.62],[462387.64,1734536.46],[462400.35,1734503.96],[462390.43,1734500.13],[462377.71,1734532.62]]]]}},{"type":"Feature","properties":{"building":"commercial","height":9.6,"heightSource":"inferred"},"geometry":{"type":"MultiPolygon","coordinates":[[[[462046.69,1735762.74],[462064.28,1735768.5],[462068.57,1735755.6],[462054.64,1735751.02],[462053.27,1735755.13],[462049.63,1735753.93],[462046.69,1735762.74]]]]}},{"type":"Feature","properties":{"building":"commercial","height":3.2,"heightSource":"inferred"},"geometry":{"type":"MultiPolygon","coordinates":[[[[462108.09,1735780.67],[462138.48,1735791.09],[462146.47,1735768.04],[462116.08,1735757.64],[462108.09,1735780.67]]]]}},{"type":"Feature","properties":{"building":"roof","height":6,"heightSource":"default"},"geometry":{"type":"MultiPolygon","coordinates":[[[[462008.3,1735838.7],[462034.26,1735848.06],[462039.23,1735834.45],[462013.26,1735825.1],[462008.3,1735838.7]]]]}},{"type":"Feature","properties":{"building":"commercial","height":3.2,"heightSource":"inferred"},"geometry":{"type":"MultiPolygon","coordinates":[[[[461987.37,1735869.2],[462028.15,1735884.47],[462033.94,1735869.2],[461993.16,1735853.93],[461987.37,1735869.2]]]]}},{"type":"Feature","properties":{"building":"commercial","height":3.2,"heightSource":"inferred"},"geometry":{"type":"MultiPolygon","coordinates":[[[[461980.07,1735857.69],[461989.04,1735851.69],[461977.55,1735834.71],[461968.57,1735840.7],[461980.07,1735857.69]]]]}},{"type":"Feature","properties":{"building":"commercial","height":3.2,"heightSource":"inferred"},"geometry":{"type":"MultiPolygon","coordinates":[[[[461960.96,1735811.11],[461969.81,1735814.44],[461975.3,1735800.05],[461966.44,1735796.72],[461960.96,1735811.11]]]]}},{"type":"Feature","properties":{"building":"roof","height":6,"heightSource":"default"},"geometry":{"type":"MultiPolygon","coordinates":[[[[462026.57,1735809.25],[462046.68,1735816.34],[462046.13,1735817.89],[462052.72,1735820.21],[462055.5,1735812.42],[462053.46,1735811.7],[462059.26,1735795.42],[462034.61,1735786.74],[462026.57,1735809.25]]]]}}]}