{"type":"FeatureCollection","name":"p64-subset","crs":{"type":"name","properties":{"name":"urn:ogc:def:crs:EPSG::32647"}},"features":[{"type":"Feature","properties":{"building":"yes","height":6,"heightSource":"default"},"geometry":{"type":"MultiPolygon","coordinates":[[[[596798.67,1900562.14],[596842.99,1900576.58],[596836.46,1900596.36],[596792.15,1900581.93],[596798.67,1900562.14]]]]}},{"type":"Feature","properties":{"building":"yes","height":6,"heightSource":"default"},"geometry":{"type":"MultiPolygon","coordinates":[[[[596805.89,1900550.58],[596868.24,1900572.15],[596874.88,1900553.17],[596812.52,1900531.61],[596805.89,1900550.58]]]]}},{"type":"Feature","properties":{"building":"yes","height":6,"heightSource":"default"},"geometry":{"type":"MultiPolygon","coordinates":[[[[596787.79,1900606.09],[596840.37,1900622.55],[596832.39,1900647.74],[596779.81,1900631.27],[596787.79,1900606.09]]]]}},{"type":"Feature","properties":{"building":"yes","height":6,"heightSource":"default"},"geometry":{"type":"MultiPolygon","coordinates":[[[[596843.2,1900667.17],[596852.62,1900670.28],[596838.47,1900712.59],[596829.05,1900709.47],[596843.2,1900667.17]]]]}},{"type":"Feature","properties":{"building":"yes","height":6,"heightSource":"default"},"geometry":{"type":"MultiPolygon","coordinates":[[[[596896.79,1900597.96],[596922.27,1900606.61],[596918.26,1900618.29],[596892.78,1900609.63],[596896.79,1900597.96]]]]}},{"type":"Feature","properties":{"building":"yes","height":6,"heightSource":"default"},"geometry":{"type":"MultiPolygon","coordinates":[[[[596884.68,1900561.13],[596953.35,1900584.6],[596949.07,1900596.95],[596880.41,1900573.48],[596884.68,1900561.13]]]]}},{"type":"Feature","properties":{"building":"yes","height":6,"heightSource":"default"},"geometry":{"type":"MultiPolygon","coordinates":[[[[596756.59,1900693.26],[596824.57,1900715.28],[596819.16,1900731.78],[596808.23,1900728.25],[596809.59,1900724.09],[596767.66,1900710.51],[596765.71,1900716.45],[596750.59,1900711.56],[596756.59,1900693.26]]]]}},{"type":"Feature","properties":{"building":"roof","height":6,"heightSource":"default"},"geometry":{"type":"MultiPolygon","coordinates":[[[[590860.76,1896719.9],[590865.64,1896730.32],[590882.55,1896722.51],[590877.67,1896712.08],[590860.76,1896719.9]]]]}},{"type":"Feature","properties":{"building":"yes","height":6,"heightSource":"default"},"geometry":{"type":"MultiPolygon","coordinates":[[[[588870.07,1897813.35],[588885.85,1897794.15],[588918.17,1897820.38],[588902.41,1897839.58],[588870.07,1897813.35]]]]}},{"type":"Feature","properties":{"building":"roof","height":6,"heightSource":"default"},"geometry":{"type":"MultiPolygon","coordinates":[[[[591923.87,1898326.44],[591943.32,1898322],[591940.33,1898309.05],[591932.47,1898310.85],[591930.85,1898303.85],[591919.26,1898306.49],[591923.87,1898326.44]]]]}},{"type":"Feature","properties":{"building":"roof","height":6,"heightSource":"default"},"geometry":{"type":"MultiPolygon","coordinates":[[[[593412.56,1895136.51],[593418.38,1895132.6],[593411,1895121.77],[593397.64,1895130.76],[593401,1895135.68],[593408.55,1895130.61],[593412.56,1895136.51]]]]}},{"type":"Feature","properties":{"building":"no","height":6,"heightSource":"default"},"geometry":{"type":"MultiPolygon","coordinates":[[[[590159.84,1893312.79],[590225.14,1893284.36],[590264.72,1893311.66],[590327.55,1893387.61],[590224.38,1893427.19],[590159.84,1893312.79]]]]}},{"type":"Feature","properties":{"building":"no","height":6,"heightSource":"default"},"geometry":{"type":"MultiPolygon","coordinates":[[[[588292.74,1895568.03],[588267.88,1895424.46],[588388.34,1895419.67],[588388.41,1895553.92],[588292.74,1895568.03]]]]}},{"type":"Feature","properties":{"building":"no","height":6,"heightSource":"default"},"geometry":{"type":"MultiPolygon","coordinates":[[[[590734.07,1900272.5],[590835.9,1900294.05],[590838.95,1900398.3],[590713.36,1900380.26],[590734.07,1900272.5]]]]}},{"type":"Feature","properties":{"building":"no","height":6,"heightSource":"default"},"geometry":{"type":"MultiPolygon","coordinates":[[[[588714.28,1899895.3],[588832.52,1899854.82],[588830.82,1900044.46],[588742.99,1900058.06],[588714.28,1899895.3]]]]}},{"type":"Feature","properties":{"building":"no","height":6,"heightSource":"default"},"geometry":{"type":"MultiPolygon","coordinates":[[[[591880.86,1903468.9],[591853.08,1903519.24],[591841.39,1903508.57],[591796.03,1903467.18],[591760.83,1903408.14],[591779,1903382.38],[591817.61,1903364.95],[591858.44,1903387.82],[591883.69,1903367.57],[591922.51,1903390.19],[591880.86,1903468.9]]]]}},{"type":"Feature","properties":{"building":"no","height":6,"heightSource":"default"},"geometry":{"type":"MultiPolygon","coordinates":[[[[591866.56,1901795.63],[591783.17,1901884.42],[591887.3,1901999.47],[591934.7,1902046.19],[592056.61,1901955.75],[591998.43,1901865.59],[591944.58,1901904.73],[591866.56,1901795.63]]]]}},{"type":"Feature","properties":{"building":"yes","height":6,"heightSource":"default"},"geometry":{"type":"MultiPolygon","coordinates":[[[[592323.99,1902514.44],[592345.07,1902512.64],[592343.54,1902495],[592322.48,1902496.79],[592323.99,1902514.44]]]]}},{"type":"Feature","properties":{"building":"yes","height":6,"heightSource":"default"},"geometry":{"type":"MultiPolygon","coordinates":[[[[592323.61,1902395.77],[592343.37,1902395.76],[592343.35,1902383.15],[592323.6,1902383.17],[592323.61,1902395.77]]]]}},{"type":"Feature","properties":{"building":"roof","height":6,"heightSource":"default"},"geometry":{"type":"MultiPolygon","coordinates":[[[[592348.87,1902426.02],[592346.14,1902406.39],[592319.13,1902410.09],[592321.86,1902429.72],[592348.87,1902426.02]]]]}},{"type":"Feature","properties":{"building":"retail","height":6,"heightSource":"default"},"geometry":{"type":"MultiPolygon","coordinates":[[[[592194.11,1903056.35],[592206.82,1903062.05],[592213.98,1903046.3],[592201.26,1903040.6],[592194.11,1903056.35]]]]}},{"type":"Feature","properties":{"building":"retail","height":6,"heightSource":"default"},"geometry":{"type":"MultiPolygon","coordinates":[[[[591978.36,1898331.57],[591995.78,1898326.26],[591979.71,1898311.84],[591975.49,1898311.86],[591978.36,1898331.57]]]]}},{"type":"Feature","properties":{"building":"yes","height":6,"heightSource":"default"},"geometry":{"type":"MultiPolygon","coordinates":[[[[591463,1898089.31],[591459.87,1898099.18],[591481.68,1898106],[591484.8,1898096.11],[591463,1898089.31]]]]}},{"type":"Feature","properties":{"building":"hospital","height":19.2,"heightSource":"inferred"},"geometry":{"type":"MultiPolygon","coordinates":[[[[592056.75,1898200.99],[592112.5,1898182.41],[592102.97,1898154.13],[592047.21,1898172.69],[592056.75,1898200.99]]]]}},{"type":"Feature","properties":{"building":"hospital","height":12.8,"heightSource":"inferred"},"geometry":{"type":"MultiPolygon","coordinates":[[[[592046.45,1898159.07],[592039.83,1898138.96],[592075.69,1898127.3],[592081.52,1898144.98],[592083.86,1898152.09],[592067.7,1898157.34],[592066.16,1898152.65],[592046.45,1898159.07]]]]}},{"type":"Feature","properties":{"building":"hospital","height":6.4,"heightSource":"inferred"},"geometry":{"type":"MultiPolygon","coordinates":[[[[592034.67,1898131.31],[592033.36,1898127.26],[592028.76,1898112.98],[592065.45,1898101.28],[592068.27,1898110.01],[592071.37,1898119.62],[592034.67,1898131.31]]]]}},{"type":"Feature","properties":{"building":"hospital","height":6,"heightSource":"default"},"geometry":{"type":"MultiPolygon","coordinates":[[[[592032.47,1898276.38],[592058.04,1898266.75],[592053.86,1898255.77],[592044.57,1898259.27],[592042.8,1898254.65],[592034.34,1898257.84],[592035.79,1898261.64],[592027.97,1898264.58],[592032.47,1898276.38]]]]}},{"type":"Feature","properties":{"building":"hospital","height":6,"heightSource":"default"},"geometry":{"type":"MultiPolygon","coordinates":[[[[592121.16,1898203.18],[592147.42,1898194.82],[592134.2,1898153.83],[592107.95,1898162.19],[592121.16,1898203.18]]]]}},{"type":"Feature","properties":{"building":"hospital","height":6,"heightSource":"default"},"geometry":{"type":"MultiPolygon","coordinates":[[[[592090.82,1898143.77],[592085.11,1898126.93],[592120.89,1898114.95],[592126.6,1898131.78],[592090.82,1898143.77]]]]}},{"type":"Feature","properties":{"building":"hospital","height":6.4,"heightSource":"inferred"},"geometry":{"type":"MultiPolygon","coordinates":[[[[592080.38,1898116.54],[592115.43,1898105.43],[592109.78,1898087.81],[592074.74,1898098.91],[592077.43,1898107.32],[592080.38,1898116.54]]]]}},{"type":"Feature","properties":{"building":"hospital","height":3.2,"heightSource":"inferred"},"geometry":{"type":"MultiPolygon","coordinates":[[[[592082.39,1898088.5],[592078.09,1898071.3],[592097.18,1898066.58],[592101.48,1898083.78],[592082.39,1898088.5]]]]}},{"type":"Feature","properties":{"building":"hospital","height":16,"heightSource":"inferred"},"geometry":{"type":"MultiPolygon","coordinates":[[[[592020.41,1898110.68],[592014.48,1898092.47],[592056.76,1898078.87],[592058.6,1898084.52],[592062.7,1898097.09],[592020.41,1898110.68]]]]}},{"type":"Feature","properties":{"building":"yes","height":6,"heightSource":"default"},"geometry":{"type":"MultiPolygon","coordinates":[[[[591952.86,1898050.82],[591951.84,1898042.93],[591970.58,1898040.55],[591971.6,1898048.45],[591952.86,1898050.82]]]]}},{"type":"Feature","properties":{"building":"commercial","height":9.6,"heightSource":"inferred"},"geometry":{"type":"MultiPolygon","coordinates":[[[[591885.56,1898192.72],[591896.07,1898189.05],[591883.68,1898153.94],[591874.8,1898162.25],[591885.56,1898192.72]]]]}},{"type":"Feature","properties":{"building":"commercial","height":9.6,"heightSource":"inferred"},"geometry":{"type":"MultiPolygon","coordinates":[[[[591900.44,1898230.5],[591887.32,1898196.53],[591897.94,1898192.47],[591911.07,1898226.43],[591900.44,1898230.5]]]]}},{"type":"Feature","properties":{"building":"commercial","height":9.6,"heightSource":"inferred"},"geometry":{"type":"MultiPolygon","coordinates":[[[[591915.58,1898272.91],[591925.9,1898269.22],[591913.1,1898233.9],[591902.77,1898237.59],[591915.58,1898272.91]]]]}},{"type":"Feature","properties":{"building":"hospital","height":16,"heightSource":"inferred"},"geometry":{"type":"MultiPolygon","coordinates":[[[[591981.23,1898166.29],[592027.01,1898150.05],[592016.26,1898118.4],[591969.6,1898135.95],[591981.23,1898166.29]]]]}},{"type":"Feature","properties":{"building":"hospital","height":6.4,"heightSource":"inferred"},"geometry":{"type":"MultiPolygon","coordinates":[[[[591981.23,1898166.29],[591989.18,1898188.42],[591990.14,1898189.27],[591991.55,1898189.02],[592032.85,1898174.37],[592034.56,1898173.45],[592034.56,1898171.1],[592027.01,1898150.05],[591981.23,1898166.29]]]]}},{"type":"Feature","properties":{"building":"school","height":6,"heightSource":"default"},"geometry":{"type":"MultiPolygon","coordinates":[[[[591712.19,1899703.51],[591724.47,1899699.52],[591707.12,1899646.93],[591694.85,1899650.93],[591708.31,1899691.77],[591712.19,1899703.51]]]]}},{"type":"Feature","properties":{"building":"school","height":6,"heightSource":"default"},"geometry":{"type":"MultiPolygon","coordinates":[[[[591733.07,1899763.57],[591745.07,1899759.44],[591736.73,1899735.5],[591728.91,1899713.06],[591716.89,1899717.19],[591733.07,1899763.57]]]]}},{"type":"Feature","properties":{"building":"school","height":6,"heightSource":"default"},"geometry":{"type":"MultiPolygon","coordinates":[[[[591709.96,1899642.71],[591761.16,1899625.76],[591757.22,1899614.02],[591706.02,1899630.96],[591709.96,1899642.71]]]]}},{"type":"Feature","properties":{"building":"school","height":6,"heightSource":"default"},"geometry":{"type":"MultiPolygon","coordinates":[[[[591780.56,1899632.4],[591819.27,1899618.22],[591809.13,1899590.88],[591770.42,1899605.06],[591780.56,1899632.4]]]]}},{"type":"Feature","properties":{"building":"hospital","height":6,"heightSource":"default"},"geometry":{"type":"MultiPolygon","coordinates":[[[[592010.51,1898230.5],[592001.93,1898199.39],[592028.3,1898192.2],[592033.27,1898208.38],[592048.98,1898203.39],[592051.4,1898210.76],[592035.87,1898215.64],[592038.01,1898223.57],[592010.51,1898230.5]]]]}},{"type":"Feature","properties":{"building":"yes","height":6,"heightSource":"default"},"geometry":{"type":"MultiPolygon","coordinates":[[[[591991.33,1898288.9],[591990.11,1898284.26],[591992.29,1898283.7],[591995.4,1898282.88],[591996.62,1898287.52],[591991.33,1898288.9]]]]}},{"type":"Feature","properties":{"building":"yes","height":6,"heightSource":"default"},"geometry":{"type":"MultiPolygon","coordinates":[[[[591946.31,1898065.17],[591946.3,1898059.11],[591952.7,1898059.11],[591952.71,1898065.16],[591946.31,1898065.17]]]]}},{"type":"Feature","properties":{"building":"apartments","height":9.6,"heightSource":"inferred"},"geometry":{"type":"MultiPolygon","coordinates":[[[[592164.25,1898227.38],[592161.32,1898218.69],[592186.34,1898210.38],[592189.27,1898219.08],[592164.25,1898227.38]]]]}},{"type":"Feature","properties":{"building":"apartments","height":6,"heightSource":"default"},"geometry":{"type":"MultiPolygon","coordinates":[[[[592190.18,1898203.71],[592227.61,1898191.14],[592224.2,1898181.12],[592186.77,1898193.69],[592190.18,1898203.71]]]]}},{"type":"Feature","properties":{"building":"apartments","height":6,"heightSource":"default"},"geometry":{"type":"MultiPolygon","coordinates":[[[[592197.93,1898223.94],[592193.89,1898212.36],[592231.06,1898199.5],[592235.12,1898211.09],[592197.93,1898223.94]]]]}},{"type":"Feature","properties":{"building":"apartments","height":6,"heightSource":"default"},"geometry":{"type":"MultiPolygon","coordinates":[[[[592171.65,1898246.24],[592195.99,1898236.97],[592192.44,1898227.79],[592168.12,1898237.04],[592171.65,1898246.24]]]]}},{"type":"Feature","properties":{"building":"apartments","height":6,"heightSource":"default"},"geometry":{"type":"MultiPolygon","coordinates":[[[[592200.29,1898236.3],[592197.49,1898227.52],[592222.08,1898219.74],[592224.88,1898228.52],[592200.29,1898236.3]]]]}},{"type":"Feature","properties":{"building":"apartments","height":6,"heightSource":"default"},"geometry":{"type":"MultiPolygon","coordinates":[[[[592228.01,1898227.05],[592225.13,1898218.59],[592250.67,1898209.97],[592253.56,1898218.44],[592228.01,1898227.05]]]]}},{"type":"Feature","properties":{"building":"apartments","height":6,"heightSource":"default"},"geometry":{"type":"MultiPolygon","coordinates":[[[[592239.83,1898208.46],[592235.73,1898195.79],[592270.72,1898184.59],[592274.83,1898197.25],[592239.83,1898208.46]]]]}},{"type":"Feature","properties":{"building":"apartments","height":6,"heightSource":"default"},"geometry":{"type":"MultiPolygon","coordinates":[[[[592256.64,1898216.02],[592254.02,1898208.19],[592277.95,1898200.24],[592280.59,1898208.09],[592256.64,1898216.02]]]]}},{"type":"Feature","properties":{"building":"pavilion","height":6,"heightSource":"default"},"geometry":{"type":"MultiPolygon","coordinates":[[[[591910.66,1898051.34],[591902.06,1898033.9],[591927.36,1898021.57],[591935.98,1898039.01],[591910.66,1898051.34]]]]}},{"type":"Feature","properties":{"building":"yes","height":6,"heightSource":"default"},"geometry":{"type":"MultiPolygon","coordinates":[[[[591947.2,1898014.39],[591942.6,1897979.58],[591983.94,1897974.18],[591988.55,1898008.98],[591947.2,1898014.39]]]]}},{"type":"Feature","properties":{"building":"school","height":6,"heightSource":"default"},"geometry":{"type":"MultiPolygon","coordinates":[[[[591864.84,1899321.28],[591865.83,1899284.18],[591887.67,1899284.75],[591886.69,1899321.86],[591864.84,1899321.28]]]]}},{"type":"Feature","properties":{"building":"yes","height":6,"heightSource":"default"},"geometry":{"type":"MultiPolygon","coordinates":[[[[591827.65,1899361.13],[591829.19,1899343.84],[591843.14,1899345.07],[591841.59,1899362.37],[591827.65,1899361.13]]]]}},{"type":"Feature","properties":{"building":"yes","height":6,"heightSource":"default"},"geometry":{"type":"MultiPolygon","coordinates":[[[[591813.32,1899407.36],[591813.58,1899400.2],[591844.22,1899401.32],[591843.95,1899408.48],[591813.32,1899407.36]]]]}},{"type":"Feature","properties":{"building":"school","height":6,"heightSource":"default"},"geometry":{"type":"MultiPolygon","coordinates":[[[[591743.58,1899792.28],[591740.6,1899780.5],[591746.6,1899779.01],[591773.08,1899772.4],[591773.31,1899772.34],[591794.17,1899767.14],[591797.14,1899778.92],[591743.58,1899792.28]]]]}},{"type":"Feature","properties":{"building":"school","height":6,"heightSource":"default"},"geometry":{"type":"MultiPolygon","coordinates":[[[[591841.99,1899765.19],[591837.96,1899751.06],[591865.16,1899743.39],[591869.19,1899757.52],[591841.99,1899765.19]]]]}},{"type":"Feature","properties":{"building":"school","height":6,"heightSource":"default"},"geometry":{"type":"MultiPolygon","coordinates":[[[[591751.44,1899750.79],[591747.09,1899736.23],[591755.83,1899733.66],[591760.18,1899748.2],[591751.44,1899750.79]]]]}},{"type":"Feature","properties":{"building":"yes","height":6,"heightSource":"default"},"geometry":{"type":"MultiPolygon","coordinates":[[[[591997.89,1900383.66],[591995.84,1900375.34],[592014,1900370.93],[592016.04,1900379.26],[591997.89,1900383.66]]]]}},{"type":"Feature","properties":{"building":"yes","height":6,"heightSource":"default"},"geometry":{"type":"MultiPolygon","coordinates":[[[[592014.97,1900391.89],[592014,1900384.19],[592023.44,1900383.02],[592025.46,1900390.45],[592014.97,1900391.89]]]]}},{"type":"Feature","properties":{"building":"house","height":6,"heightSource":"default"},"geometry":{"type":"MultiPolygon","coordinates":[[[[592100.1,1900479.9],[592099.77,1900467.13],[592117.8,1900466.69],[592117.97,1900473.76],[592113.4,1900473.87],[592113.53,1900479.56],[592100.1,1900479.9]]]]}},{"type":"Feature","properties":{"building":"hospital","height":6,"heightSource":"default"},"geometry":{"type":"MultiPolygon","coordinates":[[[[592131.31,1898124.45],[592124.68,1898102.17],[592142.04,1898097.06],[592148.68,1898119.34],[592131.31,1898124.45]]]]}},{"type":"Feature","properties":{"building":"hospital","height":6,"heightSource":"default"},"geometry":{"type":"MultiPolygon","coordinates":[[[[592121.51,1898091.81],[592115.69,1898074.82],[592148.58,1898063.68],[592154.41,1898080.66],[592121.51,1898091.81]]]]}},{"type":"Feature","properties":{"building":"hospital","height":6,"heightSource":"default"},"geometry":{"type":"MultiPolygon","coordinates":[[[[592146.91,1898161.58],[592137.76,1898134.42],[592152.41,1898129.55],[592161.56,1898156.69],[592146.91,1898161.58]]]]}},{"type":"Feature","properties":{"building":"hospital","height":6,"heightSource":"default"},"geometry":{"type":"MultiPolygon","coordinates":[[[[592155.5,1898132.23],[592143.24,1898095.5],[592160.59,1898089.78],[592172.85,1898126.5],[592155.5,1898132.23]]]]}},{"type":"Feature","properties":{"building":"yes","height":6,"heightSource":"default"},"geometry":{"type":"MultiPolygon","coordinates":[[[[591936.08,1898134.79],[591927.86,1898123.68],[591937.66,1898116.51],[591945.89,1898127.62],[591936.08,1898134.79]]]]}},{"type":"Feature","properties":{"building":"yes","height":6,"heightSource":"default"},"geometry":{"type":"MultiPolygon","coordinates":[[[[591926.09,1898148.2],[591923.52,1898144.59],[591923.78,1898131.76],[591929.9,1898129.32],[591939.24,1898141.69],[591926.09,1898148.2]]]]}},{"type":"Feature","properties":{"building":"yes","height":6,"heightSource":"default"},"geometry":{"type":"MultiPolygon","coordinates":[[[[591964.43,1898218.26],[591963.14,1898212.7],[591962.86,1898211.48],[591968.3,1898210.25],[591969.87,1898217.02],[591964.43,1898218.26]]]]}},{"type":"Feature","properties":{"building":"hospital","height":6,"heightSource":"default"},"geometry":{"type":"MultiPolygon","coordinates":[[[[592042.2,1898231.88],[592037.5,1898215.95],[592055.3,1898210.77],[592061.28,1898209.02],[592065.97,1898224.95],[592042.2,1898231.88]]]]}},{"type":"Feature","properties":{"building":"hospital","height":6,"heightSource":"default"},"geometry":{"type":"MultiPolygon","coordinates":[[[[592069.15,1898212.06],[592065.61,1898201.35],[592105.62,1898188.3],[592109.15,1898199],[592069.15,1898212.06]]]]}},{"type":"Feature","properties":{"building":"yes","height":6,"heightSource":"default"},"geometry":{"type":"MultiPolygon","coordinates":[[[[591968.08,1898836.65],[591984.49,1898835.23],[591982.45,1898811.99],[591966.03,1898813.41],[591968.08,1898836.65]]]]}},{"type":"Feature","properties":{"building":"commercial","height":6.4,"heightSource":"inferred"},"geometry":{"type":"MultiPolygon","coordinates":[[[[591924.21,1898881.85],[591930.49,1898865.41],[591951.23,1898865.16],[591951.42,1898881.53],[591924.21,1898881.85]]]]}},{"type":"Feature","properties":{"building":"school","height":6,"heightSource":"default"},"geometry":{"type":"MultiPolygon","coordinates":[[[[591815.61,1899263.53],[591817.51,1899249.12],[591854.74,1899253.99],[591852.84,1899268.39],[591815.61,1899263.53]]]]}},{"type":"Feature","properties":{"building":"commercial","height":12.8,"heightSource":"inferred"},"geometry":{"type":"MultiPolygon","coordinates":[[[[591834.48,1899180.41],[591842.34,1899144.62],[591863.52,1899149.22],[591855.66,1899185.01],[591834.48,1899180.41]]]]}},{"type":"Feature","properties":{"building":"school","height":6,"heightSource":"default"},"geometry":{"type":"MultiPolygon","coordinates":[[[[591952.42,1899244.3],[591973.81,1899252.24],[591991.4,1899205.39],[591970.01,1899197.45],[591952.42,1899244.3]]]]}},{"type":"Feature","properties":{"building":"school","height":6,"heightSource":"default"},"geometry":{"type":"MultiPolygon","coordinates":[[[[591936.84,1899165.86],[591941.2,1899151.63],[591976.82,1899162.41],[591972.46,1899176.65],[591936.84,1899165.86]]]]}},{"type":"Feature","properties":{"building":"yes","height":6,"heightSource":"default"},"geometry":{"type":"MultiPolygon","coordinates":[[[[591961.29,1899334.32],[591961.83,1899325.52],[591982.26,1899326.75],[591981.72,1899335.55],[591961.29,1899334.32]]]]}},{"type":"Feature","properties":{"building":"yes","height":6,"heightSource":"default"},"geometry":{"type":"MultiPolygon","coordinates":[[[[591183.13,1898907.24],[591168,1898836.4],[591245.14,1898820.13],[591250.05,1898843.13],[591260.2,1898845.43],[591263.55,1898861.14],[591256.38,1898862.65],[591262.33,1898890.53],[591183.13,1898907.24]]]]}},{"type":"Feature","properties":{"building":"yes","height":6,"heightSource":"default"},"geometry":{"type":"MultiPolygon","coordinates":[[[[591203.08,1898965.77],[591196.19,1898912.95],[591261.72,1898904.51],[591268.61,1898957.32],[591203.08,1898965.77]]]]}},{"type":"Feature","properties":{"building":"yes","height":6,"heightSource":"default"},"geometry":{"type":"MultiPolygon","coordinates":[[[[591099.48,1898918.22],[591094.52,1898881.58],[591147.49,1898874.51],[591152.44,1898911.14],[591099.48,1898918.22]]]]}},{"type":"Feature","properties":{"building":"yes","height":6,"heightSource":"default"},"geometry":{"type":"MultiPolygon","coordinates":[[[[591986.89,1897947.21],[591982.1,1897919.88],[592009.22,1897915.19],[592014.01,1897942.51],[591986.89,1897947.21]]]]}},{"type":"Feature","properties":{"building":"yes","height":6,"heightSource":"default"},"geometry":{"type":"MultiPolygon","coordinates":[[[[591957.07,1897947.9],[591950.13,1897917.97],[591965.88,1897914.35],[591972.83,1897944.3],[591957.07,1897947.9]]]]}},{"type":"Feature","properties":{"building":"school","height":6,"heightSource":"default"},"geometry":{"type":"MultiPolygon","coordinates":[[[[591846.48,1898026.73],[591889.29,1898010.63],[591880.24,1897986.87],[591837.43,1898002.97],[591846.48,1898026.73]]]]}},{"type":"Feature","properties":{"building":"yes","height":6,"heightSource":"default"},"geometry":{"type":"MultiPolygon","coordinates":[[[[591832.88,1899203.35],[591836.04,1899186.25],[591853.68,1899189.47],[591850.53,1899206.56],[591832.88,1899203.35]]]]}},{"type":"Feature","properties":{"building":"yes","height":6,"heightSource":"default"},"geometry":{"type":"MultiPolygon","coordinates":[[[[591828.32,1899227.98],[591830.51,1899214.11],[591851.62,1899217.4],[591849.42,1899231.27],[591828.32,1899227.98]]]]}},{"type":"Feature","properties":{"building":"apartments","height":6,"heightSource":"default"},"geometry":{"type":"MultiPolygon","coordinates":[[[[592208.44,1898257.17],[592205.5,1898248.39],[592229.46,1898240.46],[592232.4,1898249.24],[592208.44,1898257.17]]]]}},{"type":"Feature","properties":{"building":"apartments","height":6,"heightSource":"default"},"geometry":{"type":"MultiPolygon","coordinates":[[[[592236.61,1898248.62],[592233.87,1898239.85],[592259.15,1898232.04],[592261.89,1898240.81],[592236.61,1898248.62]]]]}},{"type":"Feature","properties":{"building":"apartments","height":6,"heightSource":"default"},"geometry":{"type":"MultiPolygon","coordinates":[[[[592261.87,1898230.57],[592264.72,1898238.62],[592289.65,1898229.91],[592286.79,1898221.86],[592261.87,1898230.57]]]]}},{"type":"Feature","properties":{"building":"school","height":6,"heightSource":"default"},"geometry":{"type":"MultiPolygon","coordinates":[[[[591896.46,1898010.41],[591911.87,1898000.01],[591883.83,1897959.02],[591874.25,1897965.49],[591896.42,1897997.88],[591890.6,1898001.82],[591896.46,1898010.41]]]]}},{"type":"Feature","properties":{"building":"yes","height":6,"heightSource":"default"},"geometry":{"type":"MultiPolygon","coordinates":[[[[591899.52,1898731.55],[591899.43,1898720.41],[591903.11,1898720.38],[591903.02,1898709.01],[591918.78,1898708.89],[591918.85,1898717.75],[591912.42,1898717.81],[591912.44,1898721.29],[591919.52,1898721.24],[591919.6,1898731.38],[591899.52,1898731.55]]]]}},{"type":"Feature","properties":{"building":"yes","height":6,"heightSource":"default"},"geometry":{"type":"MultiPolygon","coordinates":[[[[591902.57,1898760.84],[591895.9,1898737.4],[591921.01,1898738.55],[591920.92,1898760.41],[591902.57,1898760.84]]]]}},{"type":"Feature","properties":{"building":"yes","height":6,"heightSource":"default"},"geometry":{"type":"MultiPolygon","coordinates":[[[[591892.61,1898830.78],[591889.49,1898811.19],[591907.17,1898808.41],[591910.29,1898828.01],[591892.61,1898830.78]]]]}},{"type":"Feature","properties":{"building":"yes","height":6,"heightSource":"default"},"geometry":{"type":"MultiPolygon","coordinates":[[[[591869.93,1898831.4],[591868.06,1898813.06],[591887.23,1898811.13],[591889.09,1898829.47],[591869.93,1898831.4]]]]}},{"type":"Feature","properties":{"building":"yes","height":6,"heightSource":"default"},"geometry":{"type":"MultiPolygon","coordinates":[[[[591916.99,1898905.29],[591919.85,1898888.83],[591957.77,1898895.31],[591954.91,1898911.8],[591916.99,1898905.29]]]]}},{"type":"Feature","properties":{"building":"yes","height":6,"heightSource":"default"},"geometry":{"type":"MultiPolygon","coordinates":[[[[591913.81,1898935.82],[591923,1898909.17],[591937.88,1898914.24],[591928.68,1898940.9],[591913.81,1898935.82]]]]}},{"type":"Feature","properties":{"building":"yes","height":6,"heightSource":"default"},"geometry":{"type":"MultiPolygon","coordinates":[[[[591901.9,1898954.48],[591907.14,1898937.75],[591934.44,1898946.2],[591929.18,1898962.94],[591901.9,1898954.48]]]]}},{"type":"Feature","properties":{"building":"commercial","height":6,"heightSource":"default"},"geometry":{"type":"MultiPolygon","coordinates":[[[[591732.46,1899417.45],[591726.48,1899399.14],[591726.3,1899398.59],[591730.86,1899357.63],[591775.87,1899351.2],[591779.77,1899410.83],[591732.46,1899417.45]]]]}},{"type":"Feature","properties":{"building":"commercial","height":6,"heightSource":"default"},"geometry":{"type":"MultiPolygon","coordinates":[[[[591667.24,1899425.85],[591665.52,1899393.14],[591726.48,1899399.14],[591732.46,1899417.45],[591711.2,1899423.77],[591667.24,1899425.85]]]]}},{"type":"Feature","properties":{"building":"school","height":9.6,"heightSource":"inferred"},"geometry":{"type":"MultiPolygon","coordinates":[[[[591702.75,1899797.47],[591716.94,1899792.5],[591690.13,1899716.96],[591675.97,1899721.92],[591702.75,1899797.47]]]]}},{"type":"Feature","properties":{"building":"school","height":6,"heightSource":"default"},"geometry":{"type":"MultiPolygon","coordinates":[[[[591668.5,1899718.01],[591664.61,1899706.36],[591684.84,1899699.71],[591688.72,1899711.35],[591668.5,1899718.01]]]]}},{"type":"Feature","properties":{"building":"school","height":6,"heightSource":"default"},"geometry":{"type":"MultiPolygon","coordinates":[[[[591660.16,1899699.69],[591646.84,1899661.42],[591668.33,1899654.03],[591681.66,1899692.3],[591660.16,1899699.69]]]]}},{"type":"Feature","properties":{"building":"school","height":6,"heightSource":"default"},"geometry":{"type":"MultiPolygon","coordinates":[[[[591647.26,1899681.54],[591651.93,1899679.9],[591646.33,1899664.1],[591641.66,1899665.74],[591647.26,1899681.54]]]]}},{"type":"Feature","properties":{"building":"school","height":6,"heightSource":"default"},"geometry":{"type":"MultiPolygon","coordinates":[[[[591690.22,1899697.56],[591685.77,1899686.42],[591702.24,1899679.94],[591706.68,1899691.09],[591690.22,1899697.56]]]]}},{"type":"Feature","properties":{"building":"school","height":6,"heightSource":"default"},"geometry":{"type":"MultiPolygon","coordinates":[[[[591685.09,1899679.67],[591681.06,1899667.1],[591696.78,1899662.12],[591700.81,1899674.7],[591685.09,1899679.67]]]]}},{"type":"Feature","properties":{"building":"school","height":6,"heightSource":"default"},"geometry":{"type":"MultiPolygon","coordinates":[[[[591693.86,1899647.27],[591691.09,1899640.1],[591702.9,1899635.61],[591705.66,1899642.78],[591693.86,1899647.27]]]]}},{"type":"Feature","properties":{"building":"yes","height":6,"heightSource":"default"},"geometry":{"type":"MultiPolygon","coordinates":[[[[591816.45,1897987.74],[591808.31,1897975.27],[591829.12,1897961.85],[591837.25,1897974.32],[591816.45,1897987.74]]]]}},{"type":"Feature","properties":{"building":"yes","height":6,"heightSource":"default"},"geometry":{"type":"MultiPolygon","coordinates":[[[[591693.95,1898036.72],[591677.89,1898014.04],[591691.81,1898004.31],[591707.86,1898026.99],[591693.95,1898036.72]]]]}},{"type":"Feature","properties":{"building":"yes","height":6,"heightSource":"default"},"geometry":{"type":"MultiPolygon","coordinates":[[[[591954.9,1898556.52],[591976.3,1898557.08],[591976.39,1898536.44],[591954.81,1898542.6],[591954.9,1898556.52]]]]}},{"type":"Feature","properties":{"building":"no","height":6,"heightSource":"default"},"geometry":{"type":"MultiPolygon","coordinates":[[[[591811.67,1899408.75],[591808.45,1899367.07],[591808.59,1899336.03],[591896.71,1899328.89],[591901.09,1899263.96],[591979.65,1899258.89],[591983.42,1899295.52],[592001.19,1899322.41],[592002.7,1899324.68],[592006.27,1899379.21],[591960.57,1899426.66],[591888.35,1899417.17],[591845.62,1899409.03],[591811.67,1899408.75]]]]}},{"type":"Feature","properties":{"building":"yes","height":6,"heightSource":"default"},"geometry":{"type":"MultiPolygon","coordinates":[[[[591758.53,1899086.68],[591764.82,1899068.05],[591803.01,1899080.77],[591796.72,1899099.41],[591758.53,1899086.68]]]]}},{"type":"Feature","properties":{"building":"yes","height":6,"heightSource":"default"},"geometry":{"type":"MultiPolygon","coordinates":[[[[591797.56,1899100.45],[591816.04,1899105.97],[591823.14,1899082.47],[591804.65,1899076.95],[591797.56,1899100.45]]]]}},{"type":"Feature","properties":{"building":"commercial","height":6,"heightSource":"default"},"geometry":{"type":"MultiPolygon","coordinates":[[[[591998.07,1898667.14],[592017.82,1898666.15],[592016.85,1898646.99],[591997.09,1898647.99],[591998.07,1898667.14]]]]}},{"type":"Feature","properties":{"building":"commercial","height":6,"heightSource":"default"},"geometry":{"type":"MultiPolygon","coordinates":[[[[591999.37,1898685.96],[592019.88,1898684.46],[592018.66,1898667.91],[591998.13,1898669.41],[591999.37,1898685.96]]]]}},{"type":"Feature","properties":{"building":"commercial","height":6,"heightSource":"default"},"geometry":{"type":"MultiPolygon","coordinates":[[[[591984.43,1898737.6],[591988.79,1898712.97],[592008.84,1898716.47],[592004.47,1898741.11],[591984.43,1898737.6]]]]}},{"type":"Feature","properties":{"building":"yes","height":6,"heightSource":"default"},"geometry":{"type":"MultiPolygon","coordinates":[[[[591980.05,1898753.67],[591980.54,1898748.57],[591983.18,1898748.83],[591983.89,1898741.44],[591995.2,1898742.53],[591994,1898755.01],[591980.05,1898753.67]]]]}},{"type":"Feature","properties":{"building":"commercial","height":6,"heightSource":"default"},"geometry":{"type":"MultiPolygon","coordinates":[[[[592722.79,1900535.23],[592744.85,1900541.53],[592750.19,1900523.04],[592728.13,1900516.74],[592722.79,1900535.23]]]]}},{"type":"Feature","properties":{"building":"yes","height":6,"heightSource":"default"},"geometry":{"type":"MultiPolygon","coordinates":[[[[591855.27,1898952.44],[591861.98,1898916.44],[591879.41,1898921.46],[591868.1,1898956.59],[591855.27,1898952.44]]]]}},{"type":"Feature","properties":{"building":"yes","height":6,"heightSource":"default"},"geometry":{"type":"MultiPolygon","coordinates":[[[[591865.81,1898916.07],[591879.58,1898920.6],[591882.59,1898911.55],[591868.83,1898907.02],[591865.81,1898916.07]]]]}},{"type":"Feature","properties":{"building":"yes","height":6,"heightSource":"default"},"geometry":{"type":"MultiPolygon","coordinates":[[[[591827.93,1899471.38],[591824.78,1899457.79],[591839.4,1899454.44],[591842.55,1899468.02],[591827.93,1899471.38]]]]}},{"type":"Feature","properties":{"building":"yes","height":6,"heightSource":"default"},"geometry":{"type":"MultiPolygon","coordinates":[[[[591533.8,1897338.37],[591543.61,1897307.49],[591605.8,1897327.02],[591595.98,1897357.88],[591533.8,1897338.37]]]]}},{"type":"Feature","properties":{"building":"yes","height":6,"heightSource":"default"},"geometry":{"type":"MultiPolygon","coordinates":[[[[591739.31,1897355.58],[591746.02,1897332.58],[591765.84,1897338.29],[591759.13,1897361.29],[591739.31,1897355.58]]]]}},{"type":"Feature","properties":{"building":"yes","height":6,"heightSource":"default"},"geometry":{"type":"MultiPolygon","coordinates":[[[[591493.94,1897616.16],[591480.65,1897595.9],[591492.93,1897587.93],[591506.22,1897608.2],[591493.94,1897616.16]]]]}},{"type":"Feature","properties":{"building":"yes","height":6,"heightSource":"default"},"geometry":{"type":"MultiPolygon","coordinates":[[[[591474.49,1897589.71],[591459.85,1897568.97],[591473.03,1897559.78],[591487.67,1897580.52],[591474.49,1897589.71]]]]}},{"type":"Feature","properties":{"building":"yes","height":6,"heightSource":"default"},"geometry":{"type":"MultiPolygon","coordinates":[[[[591453.82,1897557.77],[591433.88,1897528.23],[591442.67,1897516.17],[591465.49,1897549.97],[591453.82,1897557.77]]]]}},{"type":"Feature","properties":{"building":"school","height":6,"heightSource":"default"},"geometry":{"type":"MultiPolygon","coordinates":[[[[592930.9,1896297.22],[592931.69,1896278.61],[593005.76,1896281.71],[593005.22,1896294.44],[592943.1,1896291.84],[592942.85,1896297.71],[592930.9,1896297.22]]]]}},{"type":"Feature","properties":{"building":"school","height":6,"heightSource":"default"},"geometry":{"type":"MultiPolygon","coordinates":[[[[593060.82,1896361.77],[593073.69,1896362.25],[593075.72,1896308.37],[593062.87,1896307.89],[593060.82,1896361.77]]]]}},{"type":"Feature","properties":{"building":"school","height":6,"heightSource":"default"},"geometry":{"type":"MultiPolygon","coordinates":[[[[593063.38,1896302.87],[593075.4,1896303.02],[593075.91,1896264.28],[593063.88,1896264.12],[593063.38,1896302.87]]]]}},{"type":"Feature","properties":{"building":"hospital","height":6,"heightSource":"default"},"geometry":{"type":"MultiPolygon","coordinates":[[[[593124.11,1896364.14],[593122.29,1896349.9],[593143.77,1896347.2],[593145.62,1896361.66],[593139.31,1896362.45],[593138.65,1896365.05],[593132.16,1896365.82],[593130.86,1896363.28],[593124.11,1896364.14]]]]}},{"type":"Feature","properties":{"building":"no","height":6,"heightSource":"default"},"geometry":{"type":"MultiPolygon","coordinates":[[[[590494.22,1895518.7],[590559.27,1895502.5],[590556.25,1895481.8],[590576.84,1895474.8],[590563.58,1895438.63],[590551.14,1895415.78],[590546.24,1895396.63],[590542.88,1895376.41],[590541.49,1895372.41],[590460.75,1895384.8],[590494.22,1895518.7]]]]}},{"type":"Feature","properties":{"building":"yes","height":6,"heightSource":"default"},"geometry":{"type":"MultiPolygon","coordinates":[[[[590522.13,1895503.54],[590519.97,1895495.77],[590539.9,1895490.33],[590542.04,1895498.11],[590522.13,1895503.54]]]]}},{"type":"Feature","properties":{"building":"no","height":6,"heightSource":"default"},"geometry":{"type":"MultiPolygon","coordinates":[[[[589649.03,1892719.26],[589658.64,1892747.57],[589682.53,1892740.47],[589693.65,1892777.49],[589721.79,1892769.14],[589730.12,1892753.59],[589728.29,1892735.59],[589700.46,1892628.51],[589691.26,1892574.99],[589538.52,1892607.79],[589558.4,1892692.36],[589613.2,1892682.43],[589627.81,1892725.62],[589649.03,1892719.26]]]]}},{"type":"Feature","properties":{"building":"yes","height":6,"heightSource":"default"},"geometry":{"type":"MultiPolygon","coordinates":[[[[589668.2,1892668.29],[589664.94,1892656.27],[589686.8,1892650.42],[589690.06,1892662.44],[589668.2,1892668.29]]]]}},{"type":"Feature","properties":{"building":"school","height":6,"heightSource":"default"},"geometry":{"type":"MultiPolygon","coordinates":[[[[591444.12,1898038.48],[591450.1,1898026.57],[591483.51,1898043.13],[591477.52,1898055.05],[591444.12,1898038.48]]]]}},{"type":"Feature","properties":{"building":"yes","height":6,"heightSource":"default"},"geometry":{"type":"MultiPolygon","coordinates":[[[[591934.46,1897969.09],[591931.49,1897959.16],[591938.94,1897956.97],[591937.75,1897953.61],[591946.68,1897951.36],[591947.8,1897955.07],[591953.73,1897953.32],[591956.49,1897962.58],[591934.46,1897969.09]]]]}},{"type":"Feature","properties":{"building":"no","height":6,"heightSource":"default"},"geometry":{"type":"MultiPolygon","coordinates":[[[[592541.65,1897124.61],[592536.52,1897118.36],[592536.29,1897086.51],[592546.75,1897054.88],[592574.75,1897056.29],[592586.39,1897047.18],[592588.49,1897031.44],[592568.06,1897026.41],[592579.17,1896974.28],[592686.69,1896987.94],[592676.58,1897025.97],[592648.83,1897090.85],[592644.93,1897135.53],[592541.65,1897124.61]]]]}},{"type":"Feature","properties":{"building":"yes","height":6,"heightSource":"default"},"geometry":{"type":"MultiPolygon","coordinates":[[[[592563.37,1897119.7],[592563.61,1897110.58],[592586.35,1897111.18],[592586.12,1897120.29],[592563.37,1897119.7]]]]}},{"type":"Feature","properties":{"building":"school","height":6,"heightSource":"default"},"geometry":{"type":"MultiPolygon","coordinates":[[[[591802.7,1897762.91],[591799.09,1897750.02],[591841.9,1897738.19],[591845.51,1897751.1],[591802.7,1897762.91]]]]}},{"type":"Feature","properties":{"building":"school","height":6,"heightSource":"default"},"geometry":{"type":"MultiPolygon","coordinates":[[[[591909.76,1897812.72],[591906.36,1897799.5],[591949.85,1897788.43],[591953.25,1897801.65],[591909.76,1897812.72]]]]}},{"type":"Feature","properties":{"building":"school","height":6,"heightSource":"default"},"geometry":{"type":"MultiPolygon","coordinates":[[[[591488.75,1898612.41],[591500.38,1898607.9],[591489.59,1898580.43],[591477.96,1898584.95],[591488.75,1898612.41]]]]}},{"type":"Feature","properties":{"building":"school","height":6,"heightSource":"default"},"geometry":{"type":"MultiPolygon","coordinates":[[[[591494.67,1898632.24],[591507.01,1898627.33],[591499.86,1898609.59],[591487.52,1898614.5],[591494.67,1898632.24]]]]}},{"type":"Feature","properties":{"building":"school","height":6,"heightSource":"default"},"geometry":{"type":"MultiPolygon","coordinates":[[[[591464.5,1898581.19],[591471.35,1898578.72],[591467.33,1898567.75],[591460.48,1898570.22],[591464.5,1898581.19]]]]}},{"type":"Feature","properties":{"building":"school","height":6,"heightSource":"default"},"geometry":{"type":"MultiPolygon","coordinates":[[[[591473.53,1898577.88],[591483.13,1898573.93],[591475.73,1898556.13],[591466.12,1898560.08],[591473.53,1898577.88]]]]}},{"type":"Feature","properties":{"building":"commercial","height":6,"heightSource":"default"},"geometry":{"type":"MultiPolygon","coordinates":[[[[591447.16,1898530.71],[591461.59,1898523.28],[591453.22,1898507.25],[591438.8,1898514.67],[591447.16,1898530.71]]]]}},{"type":"Feature","properties":{"building":"commercial","height":6,"heightSource":"default"},"geometry":{"type":"MultiPolygon","coordinates":[[[[591469.98,1898513.12],[591457.56,1898497.9],[591498.44,1898471.19],[591507.41,1898482.09],[591469.98,1898513.12]]]]}},{"type":"Feature","properties":{"building":"commercial","height":6,"heightSource":"default"},"geometry":{"type":"MultiPolygon","coordinates":[[[[591508.13,1898480.2],[591500.49,1898469.61],[591512.53,1898461.02],[591520.17,1898471.6],[591508.13,1898480.2]]]]}},{"type":"Feature","properties":{"building":"commercial","height":6,"heightSource":"default"},"geometry":{"type":"MultiPolygon","coordinates":[[[[591667.77,1898341.84],[591654.18,1898326.58],[591671.58,1898310.84],[591682.22,1898324.54],[591681.67,1898330.43],[591667.77,1898341.84]]]]}},{"type":"Feature","properties":{"building":"commercial","height":6,"heightSource":"default"},"geometry":{"type":"MultiPolygon","coordinates":[[[[591687.56,1898358.89],[591677.59,1898345.66],[591682.18,1898341.86],[591688.37,1898342.77],[591696.29,1898353.07],[591687.56,1898358.89]]]]}},{"type":"Feature","properties":{"building":"yes","height":6,"heightSource":"default"},"geometry":{"type":"MultiPolygon","coordinates":[[[[591707.62,1898348.54],[591702.61,1898339.45],[591714.4,1898333.03],[591719.41,1898342.1],[591707.62,1898348.54]]]]}},{"type":"Feature","properties":{"building":"commercial","height":9.6,"heightSource":"inferred"},"geometry":{"type":"MultiPolygon","coordinates":[[[[591702.61,1898339.45],[591698.44,1898331.1],[591699.38,1898326.68],[591707.57,1898321.2],[591714.4,1898333.03],[591702.61,1898339.45]]]]}},{"type":"Feature","properties":{"building":"commercial","height":6.4,"heightSource":"inferred"},"geometry":{"type":"MultiPolygon","coordinates":[[[[591763.17,1898250.51],[591753.2,1898239.27],[591762.89,1898232.75],[591770.82,1898243.76],[591763.17,1898250.51]]]]}},{"type":"Feature","properties":{"building":"yes","height":6,"heightSource":"default"},"geometry":{"type":"MultiPolygon","coordinates":[[[[591737.91,1898173.78],[591745.8,1898167.36],[591733.35,1898152.28],[591725.47,1898158.7],[591737.91,1898173.78]]]]}},{"type":"Feature","properties":{"building":"yes","height":6,"heightSource":"default"},"geometry":{"type":"MultiPolygon","coordinates":[[[[591723.91,1898157.76],[591733.1,1898151.51],[591728.45,1898144.74],[591719.25,1898150.99],[591723.91,1898157.76]]]]}},{"type":"Feature","properties":{"building":"commercial","height":6,"heightSource":"default"},"geometry":{"type":"MultiPolygon","coordinates":[[[[591707.59,1898133.94],[591718.16,1898126.63],[591710.53,1898115.72],[591699.96,1898123.04],[591707.59,1898133.94]]]]}},{"type":"Feature","properties":{"building":"yes","height":6,"heightSource":"default"},"geometry":{"type":"MultiPolygon","coordinates":[[[[591726.64,1898481.7],[591744.5,1898475.28],[591746.81,1898470.09],[591741.69,1898456.51],[591739.76,1898457.23],[591720.16,1898464.52],[591726.64,1898481.7]]]]}},{"type":"Feature","properties":{"building":"commercial","height":6,"heightSource":"default"},"geometry":{"type":"MultiPolygon","coordinates":[[[[591810.23,1898449.35],[591817.98,1898445.18],[591810.33,1898431.16],[591802.59,1898435.35],[591810.23,1898449.35]]]]}},{"type":"Feature","properties":{"building":"commercial","height":6,"heightSource":"default"},"geometry":{"type":"MultiPolygon","coordinates":[[[[591800.44,1898453.56],[591807.45,1898450.59],[591802.03,1898437.9],[591795.01,1898440.85],[591800.44,1898453.56]]]]}},{"type":"Feature","properties":{"building":"commercial","height":6,"heightSource":"default"},"geometry":{"type":"MultiPolygon","coordinates":[[[[591785.9,1898459.21],[591799.12,1898453.94],[591792.09,1898436.56],[591778.88,1898441.83],[591785.9,1898459.21]]]]}},{"type":"Feature","properties":{"building":"commercial","height":6,"heightSource":"default"},"geometry":{"type":"MultiPolygon","coordinates":[[[[591903.94,1898277.38],[591912.09,1898274.32],[591898.62,1898238.9],[591890.47,1898241.96],[591903.94,1898277.38]]]]}},{"type":"Feature","properties":{"building":"commercial","height":9.6,"heightSource":"inferred"},"geometry":{"type":"MultiPolygon","coordinates":[[[[591789.33,1898318.48],[591780.76,1898308.42],[591789.11,1898302.36],[591800,1898316.35],[591789.33,1898318.48]]]]}},{"type":"Feature","properties":{"building":"commercial","height":6.4,"heightSource":"inferred"},"geometry":{"type":"MultiPolygon","coordinates":[[[[591816.85,1898333.66],[591814.62,1898326.51],[591829.11,1898322.02],[591831.35,1898329.18],[591816.85,1898333.66]]]]}},{"type":"Feature","properties":{"building":"commercial","height":6,"heightSource":"default"},"geometry":{"type":"MultiPolygon","coordinates":[[[[591836.84,1898337.5],[591830.28,1898320.97],[591837.77,1898318.02],[591844.34,1898334.56],[591836.84,1898337.5]]]]}},{"type":"Feature","properties":{"building":"house","height":6,"heightSource":"default"},"geometry":{"type":"MultiPolygon","coordinates":[[[[591893.8,1898306.7],[591890.46,1898297.66],[591899.93,1898294.2],[591903.26,1898303.25],[591893.8,1898306.7]]]]}},{"type":"Feature","properties":{"building":"pavilion","height":6,"heightSource":"default"},"geometry":{"type":"MultiPolygon","coordinates":[[[[591929.73,1898259.33],[591927.63,1898253.34],[591933.88,1898251.17],[591935.98,1898257.18],[591929.73,1898259.33]]]]}},{"type":"Feature","properties":{"building":"yes","height":6,"heightSource":"default"},"geometry":{"type":"MultiPolygon","coordinates":[[[[591935.08,1898348.44],[591933.38,1898343.22],[591950.11,1898337.83],[591951.81,1898343.06],[591935.08,1898348.44]]]]}},{"type":"Feature","properties":{"building":"yes","height":6,"heightSource":"default"},"geometry":{"type":"MultiPolygon","coordinates":[[[[591941.84,1898353.93],[591940.15,1898348.31],[591950.92,1898345.12],[591952.61,1898350.73],[591941.84,1898353.93]]]]}},{"type":"Feature","properties":{"building":"commercial","height":6,"heightSource":"default"},"geometry":{"type":"MultiPolygon","coordinates":[[[[591938.82,1898398.43],[591934.17,1898382.87],[591951.85,1898377.65],[591956.5,1898393.21],[591938.82,1898398.43]]]]}},{"type":"Feature","properties":{"building":"commercial","height":9.6,"heightSource":"inferred"},"geometry":{"type":"MultiPolygon","coordinates":[[[[591957.44,1898433.31],[591951.86,1898407.98],[591962.55,1898405.66],[591968.13,1898430.99],[591957.44,1898433.31]]]]}},{"type":"Feature","properties":{"building":"commercial","height":9.6,"heightSource":"inferred"},"geometry":{"type":"MultiPolygon","coordinates":[[[[591994.19,1898406.4],[591992.12,1898398.44],[592013.13,1898393.04],[592015.2,1898401],[591994.19,1898406.4]]]]}},{"type":"Feature","properties":{"building":"commercial","height":6,"heightSource":"default"},"geometry":{"type":"MultiPolygon","coordinates":[[[[592002.18,1898416.24],[591999.89,1898406.61],[592015.06,1898403.07],[592017.35,1898412.69],[592002.18,1898416.24]]]]}},{"type":"Feature","properties":{"building":"commercial","height":9.6,"heightSource":"inferred"},"geometry":{"type":"MultiPolygon","coordinates":[[[[591959.06,1898585.4],[591972.64,1898585.92],[591973.55,1898561.86],[591959.96,1898561.34],[591959.06,1898585.4]]]]}},{"type":"Feature","properties":{"building":"commercial","height":6,"heightSource":"default"},"geometry":{"type":"MultiPolygon","coordinates":[[[[591960.11,1898598.56],[591977.58,1898598.34],[591977.27,1898585.98],[591959.77,1898589.58],[591960.11,1898598.56]]]]}},{"type":"Feature","properties":{"building":"no","height":6,"heightSource":"default"},"geometry":{"type":"MultiPolygon","coordinates":[[[[591947.11,1898636.09],[591948.77,1898616.75],[591972.55,1898616.69],[591970.62,1898637.62],[591947.11,1898636.09]]]]}},{"type":"Feature","properties":{"building":"commercial","height":6.4,"heightSource":"inferred"},"geometry":{"type":"MultiPolygon","coordinates":[[[[591954.32,1898634.93],[591954.55,1898631.26],[591967.08,1898632.02],[591966.85,1898635.69],[591954.32,1898634.93]]]]}},{"type":"Feature","properties":{"building":"yes","height":6,"heightSource":"default"},"geometry":{"type":"MultiPolygon","coordinates":[[[[591782.83,1898035.02],[591777.9,1898027],[591792.57,1898018.09],[591797.51,1898026.12],[591782.83,1898035.02]]]]}},{"type":"Feature","properties":{"building":"hospital","height":6,"heightSource":"default"},"geometry":{"type":"MultiPolygon","coordinates":[[[[591765.48,1898041.98],[591774.53,1898036.28],[591767,1898024.44],[591773.02,1898020.66],[591769.54,1898015.19],[591763.14,1898019.21],[591756.24,1898008.38],[591747.55,1898013.86],[591765.48,1898041.98]]]]}},{"type":"Feature","properties":{"building":"yes","height":6,"heightSource":"default"},"geometry":{"type":"MultiPolygon","coordinates":[[[[591659.43,1897997.24],[591647.44,1897977.42],[591641.88,1897980.74],[591635.72,1897970.56],[591641.07,1897967.36],[591627.97,1897945.73],[591642.1,1897937.29],[591652.78,1897954.92],[591662.22,1897949.29],[591672.2,1897965.79],[591664.08,1897970.64],[591674.66,1897988.14],[591659.43,1897997.24]]]]}},{"type":"Feature","properties":{"building":"yes","height":6,"heightSource":"default"},"geometry":{"type":"MultiPolygon","coordinates":[[[[591608.64,1898000.07],[591621.41,1897992.15],[591613.21,1897979.1],[591609.36,1897972.97],[591596.58,1897980.89],[591608.64,1898000.07]]]]}},{"type":"Feature","properties":{"building":"garage","height":6,"heightSource":"default"},"geometry":{"type":"MultiPolygon","coordinates":[[[[591613.21,1897979.1],[591623.65,1897972.86],[591619.74,1897966.24],[591609.36,1897972.97],[591613.21,1897979.1]]]]}},{"type":"Feature","properties":{"building":"yes","height":6,"heightSource":"default"},"geometry":{"type":"MultiPolygon","coordinates":[[[[591588.69,1897965.35],[591598.01,1897968.5],[591605.61,1897946.32],[591596.29,1897943.17],[591588.69,1897965.35]]]]}},{"type":"Feature","properties":{"building":"office","height":6,"heightSource":"default"},"geometry":{"type":"MultiPolygon","coordinates":[[[[591566.84,1897991.41],[591575.41,1897972.08],[591591.93,1897988.83],[591579.66,1898002.13],[591566.84,1897991.41]]]]}},{"type":"Feature","properties":{"building":"yes","height":6,"heightSource":"default"},"geometry":{"type":"MultiPolygon","coordinates":[[[[591542.03,1897956.44],[591558.94,1897964.02],[591562.55,1897956.07],[591545.64,1897948.49],[591542.03,1897956.44]]]]}},{"type":"Feature","properties":{"building":"yes","height":6,"heightSource":"default"},"geometry":{"type":"MultiPolygon","coordinates":[[[[591537.98,1897967.86],[591541.39,1897959],[591558.16,1897965.37],[591554.75,1897974.23],[591537.98,1897967.86]]]]}},{"type":"Feature","properties":{"building":"school","height":6,"heightSource":"default"},"geometry":{"type":"MultiPolygon","coordinates":[[[[591436.94,1897940.77],[591444.51,1897926.72],[591516.68,1897965.13],[591509.1,1897979.17],[591436.94,1897940.77]]]]}},{"type":"Feature","properties":{"building":"school","height":6,"heightSource":"default"},"geometry":{"type":"MultiPolygon","coordinates":[[[[591468.63,1898014.68],[591478.11,1898018.16],[591479.91,1898013.27],[591485.28,1898013.67],[591488.14,1898006.02],[591484.75,1898003.54],[591487.44,1897996.25],[591476.87,1897992.38],[591468.63,1898014.68]]]]}},{"type":"Feature","properties":{"building":"pavilion","height":6,"heightSource":"default"},"geometry":{"type":"MultiPolygon","coordinates":[[[[591433.25,1898016.76],[591436.48,1898007.95],[591433.26,1898006.78],[591437.2,1897996.02],[591440.8,1897997.33],[591442.97,1897991.42],[591455.92,1897996.11],[591446.59,1898021.59],[591433.25,1898016.76]]]]}},{"type":"Feature","properties":{"building":"yes","height":6,"heightSource":"default"},"geometry":{"type":"MultiPolygon","coordinates":[[[[592161.5,1898269.58],[592170.06,1898264.73],[592151.85,1898233.06],[592143.3,1898237.91],[592161.5,1898269.58]]]]}},{"type":"Feature","properties":{"building":"house","height":6,"heightSource":"default"},"geometry":{"type":"MultiPolygon","coordinates":[[[[592309.72,1899636.84],[592309.04,1899626.73],[592307.56,1899624.23],[592307.36,1899618.32],[592304.2,1899618.22],[592303.69,1899610.44],[592308.2,1899610.16],[592307.8,1899607.24],[592322.19,1899606.83],[592323.34,1899618.3],[592328.79,1899617.84],[592329.14,1899627.8],[592320.09,1899628.38],[592320.32,1899631.52],[592317.16,1899632.05],[592317.43,1899636.44],[592309.72,1899636.84]]]]}},{"type":"Feature","properties":{"building":"yes","height":6,"heightSource":"default"},"geometry":{"type":"MultiPolygon","coordinates":[[[[592445.79,1898059.72],[592453.41,1898060.06],[592453.85,1898050.35],[592446.24,1898050.01],[592445.79,1898059.72]]]]}},{"type":"Feature","properties":{"building":"yes","height":6,"heightSource":"default"},"geometry":{"type":"MultiPolygon","coordinates":[[[[592391.06,1898057.32],[592396.04,1898042.03],[592416.09,1898048.49],[592411.1,1898063.78],[592391.06,1898057.32]]]]}},{"type":"Feature","properties":{"building":"yes","height":6,"heightSource":"default"},"geometry":{"type":"MultiPolygon","coordinates":[[[[592364.14,1898039.47],[592368.89,1898020.37],[592387.46,1898024.93],[592382.72,1898044.03],[592364.14,1898039.47]]]]}},{"type":"Feature","properties":{"building":"residential","height":6,"heightSource":"default"},"geometry":{"type":"MultiPolygon","coordinates":[[[[592276.26,1898001.94],[592279.03,1897984.72],[592301.95,1897988.36],[592299.18,1898005.59],[592276.26,1898001.94]]]]}},{"type":"Feature","properties":{"building":"residential","height":6,"heightSource":"default"},"geometry":{"type":"MultiPolygon","coordinates":[[[[592298.15,1898013.51],[592302.33,1897987.87],[592312.65,1897989.53],[592308.48,1898015.17],[592298.15,1898013.51]]]]}},{"type":"Feature","properties":{"building":"yes","height":6,"heightSource":"default"},"geometry":{"type":"MultiPolygon","coordinates":[[[[592298.47,1898030.6],[592301.02,1898016.34],[592307.14,1898017.42],[592304.61,1898031.68],[592298.47,1898030.6]]]]}},{"type":"Feature","properties":{"building":"house","height":6,"heightSource":"default"},"geometry":{"type":"MultiPolygon","coordinates":[[[[592321.47,1898001.1],[592322.8,1897993.16],[592332.49,1897994.75],[592331.17,1898002.68],[592323.34,1898001.4],[592321.47,1898001.1]]]]}},{"type":"Feature","properties":{"building":"commercial","height":6,"heightSource":"default"},"geometry":{"type":"MultiPolygon","coordinates":[[[[592310.09,1898086.98],[592312.89,1898069.66],[592316.53,1898070.24],[592322.5,1898071.19],[592319.7,1898088.52],[592310.09,1898086.98]]]]}},{"type":"Feature","properties":{"building":"house","height":6,"heightSource":"default"},"geometry":{"type":"MultiPolygon","coordinates":[[[[592330.71,1898074.33],[592332.31,1898063.75],[592344,1898065.5],[592342.4,1898076.07],[592330.71,1898074.33]]]]}},{"type":"Feature","properties":{"building":"house","height":6,"heightSource":"default"},"geometry":{"type":"MultiPolygon","coordinates":[[[[592419.61,1898166.15],[592418.49,1898152.95],[592433.49,1898151.69],[592434.62,1898164.89],[592419.61,1898166.15]]]]}},{"type":"Feature","properties":{"building":"yes","height":6,"heightSource":"default"},"geometry":{"type":"MultiPolygon","coordinates":[[[[592411.45,1898257.72],[592442.09,1898254.69],[592440.81,1898241.91],[592410.16,1898244.93],[592411.45,1898257.72]]]]}},{"type":"Feature","properties":{"building":"yes","height":6,"heightSource":"default"},"geometry":{"type":"MultiPolygon","coordinates":[[[[592569.92,1898119.3],[592573.72,1898110.58],[592586.61,1898116.12],[592582.81,1898124.85],[592569.92,1898119.3]]]]}},{"type":"Feature","properties":{"building":"commercial","height":6,"heightSource":"default"},"geometry":{"type":"MultiPolygon","coordinates":[[[[592562.23,1898106.7],[592561.01,1898099.67],[592575.68,1898097.14],[592576.91,1898104.17],[592562.23,1898106.7]]]]}},{"type":"Feature","properties":{"building":"commercial","height":6,"heightSource":"default"},"geometry":{"type":"MultiPolygon","coordinates":[[[[592579.68,1898107.76],[592581.78,1898095.55],[592596.68,1898098.08],[592594.58,1898110.29],[592579.68,1898107.76]]]]}},{"type":"Feature","properties":{"building":"commercial","height":6,"heightSource":"default"},"geometry":{"type":"MultiPolygon","coordinates":[[[[592595.19,1898125.83],[592595.23,1898116.42],[592600.48,1898116.44],[592600.43,1898125.85],[592595.19,1898125.83]]]]}},{"type":"Feature","properties":{"building":"no","height":6,"heightSource":"default"},"geometry":{"type":"MultiPolygon","coordinates":[[[[592728.85,1898187.5],[592733.05,1898153.03],[592792.87,1898157.53],[592791.57,1898210.43],[592760.19,1898198.96],[592728.85,1898187.5]]]]}},{"type":"Feature","properties":{"building":"house","height":6,"heightSource":"default"},"geometry":{"type":"MultiPolygon","coordinates":[[[[592730.49,1898184.65],[592731.32,1898178.01],[592759.62,1898181.47],[592758.79,1898188.11],[592730.49,1898184.65]]]]}},{"type":"Feature","properties":{"building":"house","height":6,"heightSource":"default"},"geometry":{"type":"MultiPolygon","coordinates":[[[[592732.23,1898172],[592733.26,1898164.88],[592762.27,1898169.02],[592761.24,1898176.15],[592732.23,1898172]]]]}},{"type":"Feature","properties":{"building":"office","height":6.4,"heightSource":"inferred"},"geometry":{"type":"MultiPolygon","coordinates":[[[[592849.6,1898226.03],[592854.23,1898213.19],[592868.5,1898218.27],[592863.86,1898231.11],[592849.6,1898226.03]]]]}},{"type":"Feature","properties":{"building":"yes","height":6,"heightSource":"default"},"geometry":{"type":"MultiPolygon","coordinates":[[[[592838.74,1898330.68],[592844.1,1898312.61],[592881.27,1898325.34],[592876.47,1898342.44],[592838.74,1898330.68]]]]}},{"type":"Feature","properties":{"building":"yes","height":6,"heightSource":"default"},"geometry":{"type":"MultiPolygon","coordinates":[[[[592835.33,1898345.67],[592838.67,1898334.33],[592874.73,1898344.84],[592871.4,1898356.16],[592835.33,1898345.67]]]]}},{"type":"Feature","properties":{"building":"yes","height":6,"heightSource":"default"},"geometry":{"type":"MultiPolygon","coordinates":[[[[592809.54,1898319.63],[592827.5,1898316.67],[592821.73,1898282.02],[592803.77,1898284.98],[592809.54,1898319.63]]]]}},{"type":"Feature","properties":{"building":"yes","height":6,"heightSource":"default"},"geometry":{"type":"MultiPolygon","coordinates":[[[[592043.8,1899671.56],[592052.08,1899671.84],[592052.46,1899658.77],[592044.18,1899658.49],[592043.8,1899671.56]]]]}},{"type":"Feature","properties":{"building":"yes","height":6,"heightSource":"default"},"geometry":{"type":"MultiPolygon","coordinates":[[[[592068.78,1899683.36],[592083.13,1899683.47],[592083.24,1899667.13],[592068.9,1899667.03],[592068.78,1899683.36]]]]}},{"type":"Feature","properties":{"building":"house","height":6,"heightSource":"default"},"geometry":{"type":"MultiPolygon","coordinates":[[[[592127.23,1899713.76],[592125.89,1899688.48],[592135.97,1899687.97],[592137.29,1899713.24],[592127.23,1899713.76]]]]}},{"type":"Feature","properties":{"building":"yes","height":6,"heightSource":"default"},"geometry":{"type":"MultiPolygon","coordinates":[[[[592108.3,1899612.54],[592107.84,1899602.76],[592169.11,1899600.63],[592171.81,1899646.36],[592134.74,1899648.93],[592134.54,1899640.26],[592161.29,1899638.04],[592160.54,1899610.8],[592108.3,1899612.54]]]]}},{"type":"Feature","properties":{"building":"yes","height":6,"heightSource":"default"},"geometry":{"type":"MultiPolygon","coordinates":[[[[592080.24,1900860.08],[592079.59,1900849.65],[592090.2,1900849.01],[592090.84,1900859.43],[592080.24,1900860.08]]]]}},{"type":"Feature","properties":{"building":"house","height":6,"heightSource":"default"},"geometry":{"type":"MultiPolygon","coordinates":[[[[592071,1900896.61],[592071.29,1900886.76],[592086.89,1900887.22],[592086.59,1900897.07],[592071,1900896.61]]]]}},{"type":"Feature","properties":{"building":"house","height":6,"heightSource":"default"},"geometry":{"type":"MultiPolygon","coordinates":[[[[592073.37,1900880.3],[592073.06,1900866.13],[592083.69,1900865.9],[592084,1900880.08],[592073.37,1900880.3]]]]}},{"type":"Feature","properties":{"building":"yes","height":6,"heightSource":"default"},"geometry":{"type":"MultiPolygon","coordinates":[[[[591672.25,1897878.58],[591660.56,1897859.32],[591673.13,1897851.8],[591684.81,1897871.07],[591672.25,1897878.58]]]]}},{"type":"Feature","properties":{"building":"yes","height":6,"heightSource":"default"},"geometry":{"type":"MultiPolygon","coordinates":[[[[591652.65,1897908.27],[591674.84,1897892.7],[591650.29,1897858.13],[591628.1,1897873.69],[591652.65,1897908.27]]]]}},{"type":"Feature","properties":{"building":"yes","height":6,"heightSource":"default"},"geometry":{"type":"MultiPolygon","coordinates":[[[[591621.73,1897917.71],[591633.6,1897910.52],[591622.09,1897891.77],[591610.23,1897898.95],[591621.73,1897917.71]]]]}},{"type":"Feature","properties":{"building":"yes","height":6,"heightSource":"default"},"geometry":{"type":"MultiPolygon","coordinates":[[[[591296.89,1898122.95],[591297.33,1898114.67],[591308.68,1898115.28],[591308.23,1898123.55],[591296.89,1898122.95]]]]}},{"type":"Feature","properties":{"building":"yes","height":6,"heightSource":"default"},"geometry":{"type":"MultiPolygon","coordinates":[[[[591491.87,1897632.07],[591498.96,1897637.68],[591511.8,1897621.64],[591504.7,1897616.03],[591491.87,1897632.07]]]]}},{"type":"Feature","properties":{"building":"yes","height":6,"heightSource":"default"},"geometry":{"type":"MultiPolygon","coordinates":[[[[591560.68,1897721.33],[591568.05,1897732.94],[591587.38,1897720.83],[591580.02,1897709.23],[591560.68,1897721.33]]]]}},{"type":"Feature","properties":{"building":"school","height":6,"heightSource":"default"},"geometry":{"type":"MultiPolygon","coordinates":[[[[590762.32,1897090.55],[590824.86,1897138.73],[590835.25,1897125.4],[590772.7,1897077.24],[590762.32,1897090.55]]]]}},{"type":"Feature","properties":{"building":"school","height":6,"heightSource":"default"},"geometry":{"type":"MultiPolygon","coordinates":[[[[590737.76,1897125.98],[590751.97,1897107.71],[590822.36,1897161.77],[590808.16,1897180.03],[590737.76,1897125.98]]]]}},{"type":"Feature","properties":{"building":"school","height":6,"heightSource":"default"},"geometry":{"type":"MultiPolygon","coordinates":[[[[590707.71,1897127.07],[590696.32,1897116.08],[590751.87,1897059.17],[590763.27,1897070.16],[590707.71,1897127.07]]]]}},{"type":"Feature","properties":{"building":"school","height":6,"heightSource":"default"},"geometry":{"type":"MultiPolygon","coordinates":[[[[590770.89,1897065.44],[590750.74,1897047.13],[590781.15,1897014.08],[590801.29,1897032.38],[590770.89,1897065.44]]]]}},{"type":"Feature","properties":{"building":"school","height":6,"heightSource":"default"},"geometry":{"type":"MultiPolygon","coordinates":[[[[590865.6,1897131.12],[590852.35,1897122.5],[590855.26,1897118.06],[590850.91,1897115.23],[590859.67,1897101.92],[590865.72,1897105.85],[590869.24,1897101.49],[590880.67,1897108.23],[590865.6,1897131.12]]]]}},{"type":"Feature","properties":{"building":"school","height":6,"heightSource":"default"},"geometry":{"type":"MultiPolygon","coordinates":[[[[590825.81,1897141.77],[590835.81,1897129.77],[590856.11,1897146.49],[590846.11,1897158.49],[590825.81,1897141.77]]]]}},{"type":"Feature","properties":{"building":"school","height":6,"heightSource":"default"},"geometry":{"type":"MultiPolygon","coordinates":[[[[590681.44,1897250.76],[590687.11,1897241.72],[590752.52,1897282.28],[590746.84,1897291.33],[590681.44,1897250.76]]]]}},{"type":"Feature","properties":{"building":"commercial","height":6,"heightSource":"default"},"geometry":{"type":"MultiPolygon","coordinates":[[[[591123.05,1897082.29],[591136.07,1897073.99],[591113.87,1897039.66],[591100.86,1897047.96],[591123.05,1897082.29]]]]}},{"type":"Feature","properties":{"building":"commercial","height":6,"heightSource":"default"},"geometry":{"type":"MultiPolygon","coordinates":[[[[591140.1,1897106.19],[591126.36,1897088.13],[591141.26,1897076.94],[591154.99,1897095],[591140.1,1897106.19]]]]}},{"type":"Feature","properties":{"building":"yes","height":6,"heightSource":"default"},"geometry":{"type":"MultiPolygon","coordinates":[[[[591224.5,1897223.99],[591218.99,1897214.14],[591232.09,1897206.9],[591237.6,1897216.75],[591224.5,1897223.99]]]]}},{"type":"Feature","properties":{"building":"yes","height":6,"heightSource":"default"},"geometry":{"type":"MultiPolygon","coordinates":[[[[591171.62,1897214.02],[591178.79,1897183.16],[591209.5,1897170.6],[591221.35,1897185.26],[591180.99,1897215.33],[591171.62,1897214.02]]]]}},{"type":"Feature","properties":{"building":"yes","height":6,"heightSource":"default"},"geometry":{"type":"MultiPolygon","coordinates":[[[[591179.21,1897179.37],[591206.09,1897168.6],[591190.58,1897142.99],[591184.24,1897151.48],[591179.21,1897179.37]]]]}},{"type":"Feature","properties":{"building":"no","height":6,"heightSource":"default"},"geometry":{"type":"MultiPolygon","coordinates":[[[[591589.51,1897207.91],[591623.45,1897054.26],[591762.49,1897069.62],[591754.01,1897217.35],[591667.03,1897233.35],[591589.51,1897207.91]]]]}},{"type":"Feature","properties":{"building":"yes","height":6,"heightSource":"default"},"geometry":{"type":"MultiPolygon","coordinates":[[[[591674.08,1897141.13],[591693.27,1897144.77],[591694.82,1897136.7],[591675.63,1897133.06],[591674.08,1897141.13]]]]}},{"type":"Feature","properties":{"building":"yes","height":6,"heightSource":"default"},"geometry":{"type":"MultiPolygon","coordinates":[[[[592196.93,1896815.97],[592206.04,1896818.89],[592210.19,1896806.06],[592201.08,1896803.14],[592196.93,1896815.97]]]]}},{"type":"Feature","properties":{"building":"apartments","height":19.2,"heightSource":"inferred"},"geometry":{"type":"MultiPolygon","coordinates":[[[[592293.66,1898177.94],[592304.56,1898173.95],[592302.91,1898169.5],[592299.05,1898159.08],[592297.42,1898154.68],[592286.52,1898158.66],[592293.66,1898177.94]]]]}},{"type":"Feature","properties":{"building":"apartments","height":19.2,"heightSource":"inferred"},"geometry":{"type":"MultiPolygon","coordinates":[[[[592308.31,1898172.28],[592306.95,1898168.28],[592303.41,1898157.85],[592302.02,1898153.75],[592312.95,1898150.08],[592319.24,1898168.61],[592308.31,1898172.28]]]]}},{"type":"Feature","properties":{"building":"yes","height":6,"heightSource":"default"},"geometry":{"type":"MultiPolygon","coordinates":[[[[592302.91,1898169.5],[592306.95,1898168.28],[592303.41,1898157.85],[592299.05,1898159.08],[592302.91,1898169.5]]]]}},{"type":"Feature","properties":{"building":"commercial","height":6,"heightSource":"default"},"geometry":{"type":"MultiPolygon","coordinates":[[[[592232.52,1898184.95],[592230.12,1898178.18],[592270.49,1898164.03],[592272.89,1898170.81],[592232.52,1898184.95]]]]}},{"type":"Feature","properties":{"building":"yes","height":6,"heightSource":"default"},"geometry":{"type":"MultiPolygon","coordinates":[[[[592118.44,1898767.31],[592126.83,1898763.93],[592120.64,1898748.8],[592112.27,1898752.17],[592118.44,1898767.31]]]]}},{"type":"Feature","properties":{"building":"yes","height":6,"heightSource":"default"},"geometry":{"type":"MultiPolygon","coordinates":[[[[592127.7,1898762.87],[592122.07,1898748.26],[592131.05,1898744.84],[592136.68,1898759.45],[592127.7,1898762.87]]]]}},{"type":"Feature","properties":{"building":"house","height":6,"heightSource":"default"},"geometry":{"type":"MultiPolygon","coordinates":[[[[592135.68,1898280.63],[592129.83,1898266.95],[592140.73,1898262.35],[592146.58,1898276.02],[592135.68,1898280.63]]]]}},{"type":"Feature","properties":{"building":"yes","height":6,"heightSource":"default"},"geometry":{"type":"MultiPolygon","coordinates":[[[[593857.14,1900263.39],[593868.94,1900254.57],[593857.52,1900239.47],[593845.71,1900248.29],[593857.14,1900263.39]]]]}},{"type":"Feature","properties":{"building":"yes","height":6,"heightSource":"default"},"geometry":{"type":"MultiPolygon","coordinates":[[[[590746.4,1900302.35],[590748.2,1900293.8],[590767.34,1900297.79],[590765.53,1900306.34],[590746.4,1900302.35]]]]}},{"type":"Feature","properties":{"building":"school","height":6,"heightSource":"default"},"geometry":{"type":"MultiPolygon","coordinates":[[[[590638.52,1900323.65],[590648.93,1900324.88],[590655.4,1900270.67],[590644.99,1900269.44],[590638.52,1900323.65]]]]}},{"type":"Feature","properties":{"building":"school","height":6,"heightSource":"default"},"geometry":{"type":"MultiPolygon","coordinates":[[[[590634.41,1900345.9],[590646.77,1900347.11],[590648.41,1900330.45],[590636.04,1900329.25],[590634.41,1900345.9]]]]}},{"type":"Feature","properties":{"building":"yes","height":6,"heightSource":"default"},"geometry":{"type":"MultiPolygon","coordinates":[[[[590566.85,1900246.48],[590572.49,1900246.67],[590572.67,1900241.42],[590567.02,1900241.24],[590566.85,1900246.48]]]]}},{"type":"Feature","properties":{"building":"school","height":6,"heightSource":"default"},"geometry":{"type":"MultiPolygon","coordinates":[[[[593454.63,1900477.35],[593454.69,1900466.39],[593539.29,1900466.86],[593539.23,1900477.83],[593454.63,1900477.35]]]]}},{"type":"Feature","properties":{"building":"yes","height":6,"heightSource":"default"},"geometry":{"type":"MultiPolygon","coordinates":[[[[590837.65,1896750.57],[590834.53,1896739.52],[590855.56,1896732.72],[590858.68,1896743.77],[590837.65,1896750.57]]]]}},{"type":"Feature","properties":{"building":"yes","height":6,"heightSource":"default"},"geometry":{"type":"MultiPolygon","coordinates":[[[[590833.2,1896850.8],[590840.39,1896843.76],[590853.05,1896856.53],[590845.86,1896863.57],[590833.2,1896850.8]]]]}},{"type":"Feature","properties":{"building":"yes","height":6,"heightSource":"default"},"geometry":{"type":"MultiPolygon","coordinates":[[[[590845.45,1896866.42],[590850.71,1896872.58],[590857.64,1896866.75],[590852.38,1896860.57],[590845.45,1896866.42]]]]}},{"type":"Feature","properties":{"building":"yes","height":6,"heightSource":"default"},"geometry":{"type":"MultiPolygon","coordinates":[[[[590878.74,1896622.05],[590902.32,1896637.54],[590915.69,1896616.94],[590929.42,1896595.86],[590929.04,1896595.62],[590906.37,1896580.52],[590878.74,1896622.05]]]]}},{"type":"Feature","properties":{"building":"yes","height":6,"heightSource":"default"},"geometry":{"type":"MultiPolygon","coordinates":[[[[590915.69,1896616.94],[590929.42,1896595.86],[590951.11,1896609.8],[590937.38,1896630.89],[590918.05,1896618.45],[590915.69,1896616.94]]]]}},{"type":"Feature","properties":{"building":"mosque","height":6,"heightSource":"default"},"geometry":{"type":"MultiPolygon","coordinates":[[[[590757.3,1896424.24],[590757.47,1896423.86],[590757.24,1896423.21],[590757.21,1896422.52],[590765.09,1896412.09],[590773.36,1896418.26],[590764.89,1896429.47],[590758.84,1896424.96],[590757.3,1896424.24]]]]}},{"type":"Feature","properties":{"building":"yes","height":6,"heightSource":"default"},"geometry":{"type":"MultiPolygon","coordinates":[[[[590757.24,1896423.21],[590757.21,1896422.52],[590757.41,1896421.81],[590757.84,1896421.2],[590758.43,1896420.75],[590759.14,1896420.51],[590759.89,1896420.51],[590760.59,1896420.76],[590761.19,1896421.21],[590761.6,1896421.82],[590761.8,1896422.54],[590761.75,1896423.28],[590761.46,1896423.98],[590760.97,1896424.54],[590760.32,1896424.92],[590759.58,1896425.06],[590758.84,1896424.96],[590758.3,1896424.72],[590757.83,1896424.34],[590757.47,1896423.86],[590757.24,1896423.21]]]]}},{"type":"Feature","properties":{"building":"yes","height":6,"heightSource":"default"},"geometry":{"type":"MultiPolygon","coordinates":[[[[590739.86,1896406.08],[590752.86,1896413.63],[590767.05,1896389.51],[590754.05,1896381.96],[590739.86,1896406.08]]]]}},{"type":"Feature","properties":{"building":"no","height":6,"heightSource":"default"},"geometry":{"type":"MultiPolygon","coordinates":[[[[587673.75,1893939.79],[587765.09,1893996.27],[587825.84,1893929.56],[587684.21,1893848.83],[587655.21,1893897.64],[587688.56,1893911.23],[587673.75,1893939.79]]]]}},{"type":"Feature","properties":{"building":"yes","height":6,"heightSource":"default"},"geometry":{"type":"MultiPolygon","coordinates":[[[[588321.04,1895543.1],[588320.1,1895532.8],[588344.42,1895530.63],[588345.35,1895540.94],[588321.04,1895543.1]]]]}},{"type":"Feature","properties":{"building":"yes","height":6,"heightSource":"default"},"geometry":{"type":"MultiPolygon","coordinates":[[[[591990.57,1898396.63],[591988.3,1898388.15],[592004.36,1898383.91],[592006.63,1898392.39],[591990.57,1898396.63]]]]}},{"type":"Feature","properties":{"building":"house","height":6,"heightSource":"default"},"geometry":{"type":"MultiPolygon","coordinates":[[[[590645.74,1898304.02],[590648.92,1898297.2],[590659.54,1898302.11],[590656.35,1898308.92],[590645.74,1898304.02]]]]}},{"type":"Feature","properties":{"building":"apartments","height":16,"heightSource":"inferred"},"geometry":{"type":"MultiPolygon","coordinates":[[[[591039.22,1897846.57],[591051.1,1897851.82],[591071.6,1897806.04],[591059.71,1897800.78],[591039.22,1897846.57]]]]}},{"type":"Feature","properties":{"building":"yes","height":6,"heightSource":"default"},"geometry":{"type":"MultiPolygon","coordinates":[[[[590995.6,1897846.68],[590999.35,1897849.17],[591002.39,1897844.67],[590998.64,1897842.17],[590995.6,1897846.68]]]]}},{"type":"Feature","properties":{"building":"yes","height":6,"heightSource":"default"},"geometry":{"type":"MultiPolygon","coordinates":[[[[590929.67,1897835.48],[590936.54,1897838.51],[590941.17,1897828.14],[590943.81,1897822.24],[590936.94,1897819.21],[590929.67,1897835.48]]]]}},{"type":"Feature","properties":{"building":"yes","height":6,"heightSource":"default"},"geometry":{"type":"MultiPolygon","coordinates":[[[[591478.2,1898169.33],[591484.68,1898158.62],[591509.01,1898164.44],[591505.54,1898177.2],[591478.2,1898169.33]]]]}},{"type":"Feature","properties":{"building":"yes","height":6,"heightSource":"default"},"geometry":{"type":"MultiPolygon","coordinates":[[[[591840.49,1899527.64],[591835.06,1899515.83],[591852.45,1899504.17],[591859.43,1899513.48],[591840.49,1899527.64]]]]}},{"type":"Feature","properties":{"building":"yes","height":6,"heightSource":"default"},"geometry":{"type":"MultiPolygon","coordinates":[[[[591834,1899510.81],[591831.59,1899502.27],[591844.31,1899490.18],[591847.65,1899501.09],[591834,1899510.81]]]]}},{"type":"Feature","properties":{"building":"yes","height":6,"heightSource":"default"},"geometry":{"type":"MultiPolygon","coordinates":[[[[591898.09,1899414.01],[591899.86,1899387.08],[591920.12,1899388.81],[591920.74,1899384.39],[591928.97,1899384.93],[591928.62,1899390.29],[591944.66,1899391.33],[591942.98,1899416.91],[591898.09,1899414.01]]]]}},{"type":"Feature","properties":{"building":"yes","height":6,"heightSource":"default"},"geometry":{"type":"MultiPolygon","coordinates":[[[[591869.59,1901944.18],[591882,1901935.33],[591876.1,1901927.16],[591863.68,1901936.01],[591869.59,1901944.18]]]]}},{"type":"Feature","properties":{"building":"yes","height":6,"heightSource":"default"},"geometry":{"type":"MultiPolygon","coordinates":[[[[591977.82,1901924.55],[591970.43,1901913.73],[591989.65,1901900.75],[591997.05,1901911.57],[591977.82,1901924.55]]]]}},{"type":"Feature","properties":{"building":"yes","height":6,"heightSource":"default"},"geometry":{"type":"MultiPolygon","coordinates":[[[[591992.07,1901951.33],[591985.04,1901940.75],[591995.49,1901933.89],[591992.22,1901928.94],[592001.12,1901923.11],[592004.54,1901928.28],[592015.17,1901921.32],[592021.94,1901931.52],[592013.84,1901936.83],[592016.99,1901941.56],[592005.27,1901949.43],[592002.28,1901944.64],[591992.07,1901951.33]]]]}},{"type":"Feature","properties":{"building":"pavilion","height":6,"heightSource":"default"},"geometry":{"type":"MultiPolygon","coordinates":[[[[591862.04,1901924.58],[591850.05,1901904.21],[591866.18,1901894.83],[591878.17,1901915.2],[591862.04,1901924.58]]]]}},{"type":"Feature","properties":{"building":"school","height":6,"heightSource":"default"},"geometry":{"type":"MultiPolygon","coordinates":[[[[592093.58,1901671.15],[592089.53,1901660.69],[592121.22,1901648.56],[592125.28,1901659.02],[592093.58,1901671.15]]]]}},{"type":"Feature","properties":{"building":"school","height":6,"heightSource":"default"},"geometry":{"type":"MultiPolygon","coordinates":[[[[592065.49,1901693.86],[592056.49,1901674.11],[592084.93,1901661.3],[592093.94,1901681.03],[592065.49,1901693.86]]]]}},{"type":"Feature","properties":{"building":"school","height":6,"heightSource":"default"},"geometry":{"type":"MultiPolygon","coordinates":[[[[591941,1903352.84],[591946.53,1903341.59],[591992.79,1903364.04],[591987.28,1903375.28],[591941,1903352.84]]]]}},{"type":"Feature","properties":{"building":"school","height":6,"heightSource":"default"},"geometry":{"type":"MultiPolygon","coordinates":[[[[591898.92,1903355.28],[591919.18,1903367.72],[591932.96,1903345.53],[591931.55,1903341.82],[591934.93,1903336.36],[591917.36,1903325.58],[591898.92,1903355.28]]]]}},{"type":"Feature","properties":{"building":"school","height":6,"heightSource":"default"},"geometry":{"type":"MultiPolygon","coordinates":[[[[591938.69,1903323.16],[591944.34,1903313.41],[592020.44,1903356.92],[592014.78,1903366.7],[591938.69,1903323.16]]]]}},{"type":"Feature","properties":{"building":"yes","height":6,"heightSource":"default"},"geometry":{"type":"MultiPolygon","coordinates":[[[[591856.18,1903436.62],[591865.86,1903420.31],[591892.91,1903436.19],[591883.21,1903452.5],[591856.18,1903436.62]]]]}},{"type":"Feature","properties":{"building":"garage","height":6,"heightSource":"default"},"geometry":{"type":"MultiPolygon","coordinates":[[[[592062.25,1898263.02],[592054.39,1898238.33],[592093.57,1898226.01],[592101.42,1898250.69],[592062.25,1898263.02]]]]}},{"type":"Feature","properties":{"building":"garage","height":6,"heightSource":"default"},"geometry":{"type":"MultiPolygon","coordinates":[[[[592107.58,1898246.16],[592099.64,1898223.33],[592113.71,1898218.49],[592121.66,1898241.33],[592107.58,1898246.16]]]]}},{"type":"Feature","properties":{"building":"hospital","height":6,"heightSource":"default"},"geometry":{"type":"MultiPolygon","coordinates":[[[[592133.5,1898064.1],[592127.31,1898044.24],[592140.15,1898040.28],[592146.35,1898060.14],[592133.5,1898064.1]]]]}},{"type":"Feature","properties":{"building":"detached","height":6,"heightSource":"default"},"geometry":{"type":"MultiPolygon","coordinates":[[[[591871.04,1899585.5],[591867.49,1899577.77],[591879.05,1899572.53],[591882.6,1899580.26],[591871.04,1899585.5]]]]}},{"type":"Feature","properties":{"building":"detached","height":6,"heightSource":"default"},"geometry":{"type":"MultiPolygon","coordinates":[[[[591878.94,1899599.26],[591875.1,1899592.71],[591885.57,1899585.79],[591890.01,1899593.08],[591878.94,1899599.26]]]]}},{"type":"Feature","properties":{"building":"detached","height":6,"heightSource":"default"},"geometry":{"type":"MultiPolygon","coordinates":[[[[591870.55,1899627.95],[591865.03,1899612.76],[591880.61,1899607.14],[591886.15,1899622.35],[591870.55,1899627.95]]]]}},{"type":"Feature","properties":{"building":"detached","height":6,"heightSource":"default"},"geometry":{"type":"MultiPolygon","coordinates":[[[[591876.82,1899640.92],[591872.38,1899629.5],[591885.91,1899624.29],[591890.35,1899635.71],[591876.82,1899640.92]]]]}},{"type":"Feature","properties":{"building":"detached","height":6,"heightSource":"default"},"geometry":{"type":"MultiPolygon","coordinates":[[[[591887.65,1899619.21],[591883.86,1899609.9],[591901.15,1899602.96],[591904.93,1899612.28],[591887.65,1899619.21]]]]}},{"type":"Feature","properties":{"building":"detached","height":6,"heightSource":"default"},"geometry":{"type":"MultiPolygon","coordinates":[[[[591898.03,1899586.08],[591893.95,1899578.55],[591904.26,1899573.02],[591908.34,1899580.55],[591898.03,1899586.08]]]]}},{"type":"Feature","properties":{"building":"detached","height":6,"heightSource":"default"},"geometry":{"type":"MultiPolygon","coordinates":[[[[591903.46,1899595.87],[591900.76,1899590.6],[591914.7,1899583.56],[591917.38,1899588.83],[591903.46,1899595.87]]]]}},{"type":"Feature","properties":{"building":"detached","height":6,"heightSource":"default"},"geometry":{"type":"MultiPolygon","coordinates":[[[[591860.21,1899577.24],[591855.51,1899568.21],[591867.86,1899561.87],[591872.55,1899570.9],[591860.21,1899577.24]]]]}},{"type":"Feature","properties":{"building":"yes","height":6,"heightSource":"default"},"geometry":{"type":"MultiPolygon","coordinates":[[[[591779.87,1899544.28],[591776.23,1899536.02],[591806.66,1899522.79],[591810.29,1899531.04],[591779.87,1899544.28]]]]}},{"type":"Feature","properties":{"building":"yes","height":6,"heightSource":"default"},"geometry":{"type":"MultiPolygon","coordinates":[[[[591907.85,1898021.2],[591900.27,1898010.51],[591913.42,1898001.3],[591920.99,1898011.99],[591907.85,1898021.2]]]]}},{"type":"Feature","properties":{"building":"yes","height":6,"heightSource":"default"},"geometry":{"type":"MultiPolygon","coordinates":[[[[591799,1898064.52],[591793.91,1898054.33],[591813.47,1898044.69],[591818.55,1898054.87],[591799,1898064.52]]]]}},{"type":"Feature","properties":{"building":"yes","height":6,"heightSource":"default"},"geometry":{"type":"MultiPolygon","coordinates":[[[[591841.69,1897996.69],[591836.06,1897984.54],[591849.54,1897978.36],[591855.18,1897990.51],[591841.69,1897996.69]]]]}},{"type":"Feature","properties":{"building":"no","height":6,"heightSource":"default"},"geometry":{"type":"MultiPolygon","coordinates":[[[[591927.1,1897985.23],[591902.62,1897929.25],[591902.2,1897910.89],[591980.69,1897857.31],[591988.09,1897886.13],[592047.7,1897877.93],[592063.29,1897979.18],[592062.92,1897988.44],[592060.27,1897996.24],[592054.51,1898003.05],[591920.21,1898098.89],[591886.21,1898091.92],[591860.46,1898052.54],[591929.79,1898011.02],[591919.33,1897992.41],[591927.1,1897985.23]]]]}},{"type":"Feature","properties":{"building":"commercial","height":9.6,"heightSource":"inferred"},"geometry":{"type":"MultiPolygon","coordinates":[[[[591889.12,1898235.68],[591896.87,1898232.82],[591883.96,1898198.42],[591876.22,1898201.28],[591889.12,1898235.68]]]]}},{"type":"Feature","properties":{"building":"commercial","height":6,"heightSource":"default"},"geometry":{"type":"MultiPolygon","coordinates":[[[[591874.13,1898196.44],[591882.48,1898193.3],[591876.49,1898177.59],[591868.15,1898180.72],[591874.13,1898196.44]]]]}},{"type":"Feature","properties":{"building":"commercial","height":6,"heightSource":"default"},"geometry":{"type":"MultiPolygon","coordinates":[[[[591868.37,1898179.16],[591864.92,1898170.53],[591872.93,1898163.82],[591877.72,1898175.49],[591868.37,1898179.16]]]]}},{"type":"Feature","properties":{"building":"commercial","height":6,"heightSource":"default"},"geometry":{"type":"MultiPolygon","coordinates":[[[[591857.55,1898203.68],[591852.82,1898197.57],[591843.84,1898185.96],[591857.44,1898173.79],[591866.4,1898197.79],[591857.55,1898203.68]]]]}},{"type":"Feature","properties":{"building":"commercial","height":6,"heightSource":"default"},"geometry":{"type":"MultiPolygon","coordinates":[[[[591872.96,1898142.23],[591879.73,1898136.74],[591873.33,1898128.93],[591866.56,1898134.42],[591872.96,1898142.23]]]]}},{"type":"Feature","properties":{"building":"commercial","height":9.6,"heightSource":"inferred"},"geometry":{"type":"MultiPolygon","coordinates":[[[[591867.47,1898150.65],[591872.96,1898145.44],[591864.37,1898136.5],[591861.58,1898139.15],[591858.81,1898136.28],[591856.11,1898138.86],[591867.47,1898150.65]]]]}},{"type":"Feature","properties":{"building":"yes","height":6,"heightSource":"default"},"geometry":{"type":"MultiPolygon","coordinates":[[[[591859.39,1898153.42],[591864.2,1898148.93],[591854.41,1898138.56],[591849.6,1898143.06],[591859.39,1898153.42]]]]}},{"type":"Feature","properties":{"building":"commercial","height":6,"heightSource":"default"},"geometry":{"type":"MultiPolygon","coordinates":[[[[591859.62,1898155.95],[591856.15,1898159.03],[591856.16,1898158.93],[591842.51,1898144.16],[591845.98,1898140.79],[591859.62,1898155.95]]]]}},{"type":"Feature","properties":{"building":"commercial","height":6.4,"heightSource":"inferred"},"geometry":{"type":"MultiPolygon","coordinates":[[[[591856.16,1898158.93],[591853.45,1898161.42],[591839.78,1898146.65],[591842.51,1898144.16],[591856.16,1898158.93]]]]}},{"type":"Feature","properties":{"building":"commercial","height":6,"heightSource":"default"},"geometry":{"type":"MultiPolygon","coordinates":[[[[591846.13,1898168.67],[591852.58,1898162.24],[591837.55,1898147.32],[591831.09,1898153.73],[591846.13,1898168.67]]]]}},{"type":"Feature","properties":{"building":"commercial","height":6,"heightSource":"default"},"geometry":{"type":"MultiPolygon","coordinates":[[[[591825.01,1898189.95],[591830.77,1898184.32],[591827.25,1898180.77],[591816.04,1898169.45],[591810.28,1898175.08],[591825.01,1898189.95]]]]}},{"type":"Feature","properties":{"building":"commercial","height":6,"heightSource":"default"},"geometry":{"type":"MultiPolygon","coordinates":[[[[591819.34,1898194.72],[591823.76,1898190.27],[591816.43,1898183.09],[591812.02,1898187.54],[591819.34,1898194.72]]]]}},{"type":"Feature","properties":{"building":"yes","height":6,"heightSource":"default"},"geometry":{"type":"MultiPolygon","coordinates":[[[[591804.3,1898207.38],[591818.53,1898195.56],[591808.3,1898183.42],[591794.08,1898195.24],[591804.3,1898207.38]]]]}},{"type":"Feature","properties":{"building":"yes","height":6,"heightSource":"default"},"geometry":{"type":"MultiPolygon","coordinates":[[[[591797.15,1898213.5],[591803.58,1898208.22],[591790.39,1898192.35],[591783.96,1898197.64],[591797.15,1898213.5]]]]}},{"type":"Feature","properties":{"building":"yes","height":6,"heightSource":"default"},"geometry":{"type":"MultiPolygon","coordinates":[[[[591793.08,1898216.93],[591796.09,1898214.11],[591788.02,1898205.64],[591785.02,1898208.46],[591793.08,1898216.93]]]]}},{"type":"Feature","properties":{"building":"commercial","height":6,"heightSource":"default"},"geometry":{"type":"MultiPolygon","coordinates":[[[[591847.27,1898201.54],[591852.82,1898197.57],[591843.84,1898185.96],[591838.96,1898191.39],[591847.27,1898201.54]]]]}},{"type":"Feature","properties":{"building":"house","height":6,"heightSource":"default"},"geometry":{"type":"MultiPolygon","coordinates":[[[[591951.3,1898115.26],[591943.08,1898106.76],[591949.81,1898100.33],[591958.03,1898108.84],[591951.3,1898115.26]]]]}},{"type":"Feature","properties":{"building":"house","height":6,"heightSource":"default"},"geometry":{"type":"MultiPolygon","coordinates":[[[[591957.4,1898106.99],[591947.57,1898095.88],[591954.92,1898089.46],[591964.35,1898101.59],[591957.4,1898106.99]]]]}},{"type":"Feature","properties":{"building":"house","height":6,"heightSource":"default"},"geometry":{"type":"MultiPolygon","coordinates":[[[[591957.33,1898089.93],[591968.88,1898106.6],[591976.67,1898101.26],[591965.12,1898084.6],[591957.33,1898089.93]]]]}},{"type":"Feature","properties":{"building":"house","height":6,"heightSource":"default"},"geometry":{"type":"MultiPolygon","coordinates":[[[[591972.4,1898093.21],[591978.36,1898089.51],[591972.38,1898079.96],[591966.41,1898083.67],[591972.4,1898093.21]]]]}},{"type":"Feature","properties":{"building":"house","height":6,"heightSource":"default"},"geometry":{"type":"MultiPolygon","coordinates":[[[[591971.93,1898076.59],[591979.81,1898071.07],[591988.97,1898083.99],[591981.08,1898089.51],[591971.93,1898076.59]]]]}},{"type":"Feature","properties":{"building":"yes","height":6,"heightSource":"default"},"geometry":{"type":"MultiPolygon","coordinates":[[[[592174.05,1898121.78],[592183.95,1898119.7],[592180.95,1898105.54],[592171.04,1898107.62],[592174.05,1898121.78]]]]}},{"type":"Feature","properties":{"building":"yes","height":6,"heightSource":"default"},"geometry":{"type":"MultiPolygon","coordinates":[[[[592043.71,1898166.92],[592054.41,1898163.3],[592052.87,1898158.79],[592042.16,1898162.41],[592043.71,1898166.92]]]]}},{"type":"Feature","properties":{"building":"detached","height":6,"heightSource":"default"},"geometry":{"type":"MultiPolygon","coordinates":[[[[592255.03,1898155.72],[592251.47,1898145.69],[592250.57,1898143.15],[592262.73,1898138.88],[592267.2,1898151.45],[592255.03,1898155.72]]]]}},{"type":"Feature","properties":{"building":"yes","height":6,"heightSource":"default"},"geometry":{"type":"MultiPolygon","coordinates":[[[[592204.97,1898164.67],[592201.81,1898155.99],[592213.58,1898151.75],[592216.75,1898160.44],[592204.97,1898164.67]]]]}},{"type":"Feature","properties":{"building":"detached","height":6,"heightSource":"default"},"geometry":{"type":"MultiPolygon","coordinates":[[[[592268.28,1898068.34],[592268.42,1898049.8],[592283.4,1898049.91],[592283.28,1898068.45],[592268.28,1898068.34]]]]}},{"type":"Feature","properties":{"building":"detached","height":6,"heightSource":"default"},"geometry":{"type":"MultiPolygon","coordinates":[[[[592287.93,1898070.11],[592297.3,1898070.13],[592297.34,1898053.5],[592287.97,1898053.48],[592287.93,1898070.11]]]]}},{"type":"Feature","properties":{"building":"yes","height":6,"heightSource":"default"},"geometry":{"type":"MultiPolygon","coordinates":[[[[592167.78,1898103.85],[592179.96,1898100.44],[592175.33,1898084.09],[592163.15,1898087.49],[592167.78,1898103.85]]]]}},{"type":"Feature","properties":{"building":"yes","height":6,"heightSource":"default"},"geometry":{"type":"MultiPolygon","coordinates":[[[[592160.9,1898079.65],[592156.81,1898067.56],[592176.78,1898060.88],[592180.87,1898072.97],[592160.9,1898079.65]]]]}},{"type":"Feature","properties":{"building":"yes","height":6,"heightSource":"default"},"geometry":{"type":"MultiPolygon","coordinates":[[[[592159.34,1898064.62],[592155.31,1898051.39],[592167.04,1898047.86],[592171.07,1898061.09],[592159.34,1898064.62]]]]}},{"type":"Feature","properties":{"building":"yes","height":6,"heightSource":"default"},"geometry":{"type":"MultiPolygon","coordinates":[[[[592234.43,1898106.25],[592247.89,1898101.78],[592242.28,1898085.08],[592228.82,1898089.56],[592234.43,1898106.25]]]]}},{"type":"Feature","properties":{"building":"yes","height":6,"heightSource":"default"},"geometry":{"type":"MultiPolygon","coordinates":[[[[592230.47,1898083.79],[592226.32,1898069.22],[592239.59,1898065.49],[592243.73,1898080.06],[592230.47,1898083.79]]]]}},{"type":"Feature","properties":{"building":"yes","height":6,"heightSource":"default"},"geometry":{"type":"MultiPolygon","coordinates":[[[[592210.93,1898062.03],[592236.18,1898052.11],[592231.87,1898041.27],[592206.61,1898051.19],[592210.93,1898062.03]]]]}},{"type":"Feature","properties":{"building":"yes","height":6,"heightSource":"default"},"geometry":{"type":"MultiPolygon","coordinates":[[[[592283.25,1898141.02],[592312.2,1898131.31],[592308.61,1898120.73],[592279.66,1898130.45],[592283.25,1898141.02]]]]}},{"type":"Feature","properties":{"building":"yes","height":6,"heightSource":"default"},"geometry":{"type":"MultiPolygon","coordinates":[[[[592275.77,1898123.48],[592306.83,1898113.01],[592303.49,1898103.24],[592272.44,1898113.7],[592275.77,1898123.48]]]]}},{"type":"Feature","properties":{"building":"yes","height":6,"heightSource":"default"},"geometry":{"type":"MultiPolygon","coordinates":[[[[592271.08,1898105.55],[592298.43,1898095.65],[592295.22,1898086.89],[592267.88,1898096.79],[592271.08,1898105.55]]]]}},{"type":"Feature","properties":{"building":"yes","height":6,"heightSource":"default"},"geometry":{"type":"MultiPolygon","coordinates":[[[[592034.82,1898001.18],[592059.32,1897987.27],[592052.7,1897975.76],[592028.2,1897989.66],[592034.82,1898001.18]]]]}},{"type":"Feature","properties":{"building":"detached","height":6,"heightSource":"default"},"geometry":{"type":"MultiPolygon","coordinates":[[[[592123.74,1897998.28],[592125.38,1897986.1],[592137.18,1897987.67],[592135.54,1897999.85],[592123.74,1897998.28]]]]}},{"type":"Feature","properties":{"building":"detached","height":6,"heightSource":"default"},"geometry":{"type":"MultiPolygon","coordinates":[[[[592145.99,1898004.25],[592147.51,1897990.61],[592156.9,1897991.63],[592155.37,1898005.29],[592145.99,1898004.25]]]]}},{"type":"Feature","properties":{"building":"detached","height":6,"heightSource":"default"},"geometry":{"type":"MultiPolygon","coordinates":[[[[592157.11,1898006.44],[592158.18,1897996.08],[592169.65,1897997.26],[592168.57,1898007.61],[592157.11,1898006.44]]]]}},{"type":"Feature","properties":{"building":"detached","height":6,"heightSource":"default"},"geometry":{"type":"MultiPolygon","coordinates":[[[[592174.73,1898009.65],[592176.16,1897997.53],[592191.5,1897999.31],[592190.07,1898011.43],[592174.73,1898009.65]]]]}},{"type":"Feature","properties":{"building":"detached","height":6,"heightSource":"default"},"geometry":{"type":"MultiPolygon","coordinates":[[[[592208.15,1898014.38],[592209.13,1898004.31],[592221.79,1898005.54],[592220.81,1898015.6],[592208.15,1898014.38]]]]}},{"type":"Feature","properties":{"building":"detached","height":6,"heightSource":"default"},"geometry":{"type":"MultiPolygon","coordinates":[[[[592229.99,1898013.86],[592231.63,1898004.15],[592239.31,1898005.44],[592237.67,1898015.14],[592229.99,1898013.86]]]]}},{"type":"Feature","properties":{"building":"detached","height":6,"heightSource":"default"},"geometry":{"type":"MultiPolygon","coordinates":[[[[592241.41,1897996.87],[592242.53,1897985.99],[592258.1,1897987.55],[592256.99,1897998.44],[592241.41,1897996.87]]]]}},{"type":"Feature","properties":{"building":"yes","height":6,"heightSource":"default"},"geometry":{"type":"MultiPolygon","coordinates":[[[[592102.18,1898249.01],[592100.35,1898243.45],[592105.35,1898241.82],[592107.17,1898247.39],[592102.18,1898249.01]]]]}},{"type":"Feature","properties":{"building":"house","height":6,"heightSource":"default"},"geometry":{"type":"MultiPolygon","coordinates":[[[[591916.75,1898295.5],[591913.02,1898285.79],[591931.73,1898278.69],[591935.46,1898288.4],[591916.75,1898295.5]]]]}},{"type":"Feature","properties":{"building":"yes","height":6,"heightSource":"default"},"geometry":{"type":"MultiPolygon","coordinates":[[[[591921.83,1898301.58],[591919.58,1898296.61],[591934.85,1898289.77],[591937.1,1898294.75],[591921.83,1898301.58]]]]}},{"type":"Feature","properties":{"building":"hospital","height":6,"heightSource":"default"},"geometry":{"type":"MultiPolygon","coordinates":[[[[591992.91,1898200.28],[591991.48,1898195.77],[591989.91,1898190.8],[592022.42,1898180.65],[592025.42,1898190.13],[591992.91,1898200.28]]]]}},{"type":"Feature","properties":{"building":"yes","height":6,"heightSource":"default"},"geometry":{"type":"MultiPolygon","coordinates":[[[[591885.17,1898280.65],[591880.24,1898266.53],[591888.78,1898263.58],[591893.71,1898277.7],[591885.17,1898280.65]]]]}},{"type":"Feature","properties":{"building":"yes","height":6,"heightSource":"default"},"geometry":{"type":"MultiPolygon","coordinates":[[[[591875.88,1898265.74],[591882.82,1898263],[591881,1898258.42],[591886.84,1898256.12],[591880.97,1898241.4],[591868.18,1898246.43],[591875.88,1898265.74]]]]}},{"type":"Feature","properties":{"building":"yes","height":6,"heightSource":"default"},"geometry":{"type":"MultiPolygon","coordinates":[[[[591860.86,1898234.23],[591866.78,1898228.33],[591852.52,1898214.22],[591846.6,1898220.13],[591850.83,1898224.3],[591860.86,1898234.23]]]]}},{"type":"Feature","properties":{"building":"yes","height":6,"heightSource":"default"},"geometry":{"type":"MultiPolygon","coordinates":[[[[593598.28,1896209.38],[593595.58,1896202.75],[593614.41,1896195.17],[593617.11,1896201.81],[593598.28,1896209.38]]]]}},{"type":"Feature","properties":{"building":"yes","height":6,"heightSource":"default"},"geometry":{"type":"MultiPolygon","coordinates":[[[[593250.72,1896247.26],[593247.57,1896228.32],[593286.94,1896221.86],[593290.09,1896240.79],[593250.72,1896247.26]]]]}},{"type":"Feature","properties":{"building":"kindergarten","height":6,"heightSource":"default"},"geometry":{"type":"MultiPolygon","coordinates":[[[[593202.69,1896307.09],[593208.65,1896306.03],[593209.8,1896312.47],[593216.1,1896311.35],[593212.92,1896293.76],[593200.68,1896295.94],[593202.69,1896307.09]]]]}},{"type":"Feature","properties":{"building":"yes","height":6,"heightSource":"default"},"geometry":{"type":"MultiPolygon","coordinates":[[[[593187.03,1896251.61],[593183.45,1896230.25],[593215.76,1896224.91],[593219.34,1896246.28],[593187.03,1896251.61]]]]}},{"type":"Feature","properties":{"building":"yes","height":6,"heightSource":"default"},"geometry":{"type":"MultiPolygon","coordinates":[[[[591826.5,1898203.79],[591836.86,1898216.03],[591849.36,1898205.59],[591839.01,1898193.35],[591826.5,1898203.79]]]]}},{"type":"Feature","properties":{"building":"yes","height":6,"heightSource":"default"},"geometry":{"type":"MultiPolygon","coordinates":[[[[595762.23,1899460.31],[595765.46,1899450.1],[595786.33,1899456.65],[595783.09,1899466.85],[595762.23,1899460.31]]]]}},{"type":"Feature","properties":{"building":"yes","height":6,"heightSource":"default"},"geometry":{"type":"MultiPolygon","coordinates":[[[[594032.12,1900488.16],[594031.64,1900477.21],[594052.55,1900476.29],[594053.04,1900487.24],[594032.12,1900488.16]]]]}},{"type":"Feature","properties":{"building":"yes","height":6,"heightSource":"default"},"geometry":{"type":"MultiPolygon","coordinates":[[[[593682.82,1900569.08],[593694.09,1900568.6],[593694.21,1900571.48],[593702.41,1900571.13],[593702.98,1900568.38],[593711.65,1900568.01],[593710.75,1900547.5],[593702.4,1900547.86],[593702.29,1900545.32],[593692.27,1900545.75],[593692.53,1900551.51],[593682.08,1900551.96],[593682.82,1900569.08]]]]}},{"type":"Feature","properties":{"building":"school","height":6,"heightSource":"default"},"geometry":{"type":"MultiPolygon","coordinates":[[[[594696.89,1904064.25],[594700.8,1904051.3],[594734.82,1904061.43],[594730.9,1904074.39],[594696.89,1904064.25]]]]}},{"type":"Feature","properties":{"building":"school","height":6,"heightSource":"default"},"geometry":{"type":"MultiPolygon","coordinates":[[[[594585.69,1904021.38],[594589.64,1904010.58],[594691.93,1904047.6],[594687.98,1904058.39],[594585.69,1904021.38]]]]}},{"type":"Feature","properties":{"building":"school","height":6.4,"heightSource":"inferred"},"geometry":{"type":"MultiPolygon","coordinates":[[[[594592.2,1903981.68],[594604.54,1903985.82],[594619.88,1903940.58],[594607.53,1903936.44],[594592.2,1903981.68]]]]}},{"type":"Feature","properties":{"building":"school","height":3.2,"heightSource":"inferred"},"geometry":{"type":"MultiPolygon","coordinates":[[[[594608.42,1903935.13],[594610.95,1903928.02],[594617.76,1903930.41],[594615.24,1903937.52],[594608.42,1903935.13]]]]}},{"type":"Feature","properties":{"building":"yes","height":6,"heightSource":"default"},"geometry":{"type":"MultiPolygon","coordinates":[[[[594605.81,1903922.31],[594606.96,1903918.04],[594611.4,1903919.22],[594610.24,1903923.49],[594605.81,1903922.31]]]]}},{"type":"Feature","properties":{"building":"house","height":6,"heightSource":"default"},"geometry":{"type":"MultiPolygon","coordinates":[[[[593901.98,1903712.6],[593905.82,1903697.58],[593920.62,1903701.32],[593916.78,1903716.33],[593901.98,1903712.6]]]]}},{"type":"Feature","properties":{"building":"roof","height":6,"heightSource":"default"},"geometry":{"type":"MultiPolygon","coordinates":[[[[590467.51,1894382.97],[590484.35,1894381.48],[590483.5,1894371.94],[590466.66,1894373.41],[590467.51,1894382.97]]]]}},{"type":"Feature","properties":{"building":"hospital","height":6,"heightSource":"default"},"geometry":{"type":"MultiPolygon","coordinates":[[[[591802.71,1903529.65],[591817.36,1903542.67],[591828.77,1903529.99],[591814.13,1903516.97],[591802.71,1903529.65]]]]}},{"type":"Feature","properties":{"building":"yes","height":6,"heightSource":"default"},"geometry":{"type":"MultiPolygon","coordinates":[[[[592924.32,1902081.9],[592925.2,1902070.95],[592947.77,1902072.75],[592946.89,1902083.71],[592924.32,1902081.9]]]]}},{"type":"Feature","properties":{"building":"yes","height":6,"heightSource":"default"},"geometry":{"type":"MultiPolygon","coordinates":[[[[592898.93,1901951.02],[592897.77,1901939.87],[592913.36,1901938.27],[592914.52,1901949.43],[592898.93,1901951.02]]]]}},{"type":"Feature","properties":{"building":"school","height":6,"heightSource":"default"},"geometry":{"type":"MultiPolygon","coordinates":[[[[591885.93,1897744.43],[591882.12,1897732.5],[591925.56,1897718.78],[591929.37,1897730.72],[591885.93,1897744.43]]]]}},{"type":"Feature","properties":{"building":"school","height":6,"heightSource":"default"},"geometry":{"type":"MultiPolygon","coordinates":[[[[592431.15,1897675.26],[592431.54,1897662.61],[592477.9,1897664.03],[592477.5,1897676.68],[592431.15,1897675.26]]]]}},{"type":"Feature","properties":{"building":"house","height":6,"heightSource":"default"},"geometry":{"type":"MultiPolygon","coordinates":[[[[592770.88,1897209.95],[592771.45,1897202.4],[592783.41,1897203.32],[592782.86,1897210.61],[592779,1897210.32],[592778.71,1897214.18],[592774.84,1897213.88],[592775.11,1897210.27],[592770.88,1897209.95]]]]}},{"type":"Feature","properties":{"building":"yes","height":6,"heightSource":"default"},"geometry":{"type":"MultiPolygon","coordinates":[[[[588799.31,1899965.69],[588796.73,1899957.47],[588814.13,1899952.06],[588816.73,1899960.29],[588799.31,1899965.69]]]]}},{"type":"Feature","properties":{"building":"yes","height":6,"heightSource":"default"},"geometry":{"type":"MultiPolygon","coordinates":[[[[590151.09,1903608.22],[590150.94,1903596.16],[590173.04,1903595.89],[590173.18,1903607.95],[590151.09,1903608.22]]]]}},{"type":"Feature","properties":{"building":"yes","height":6,"heightSource":"default"},"geometry":{"type":"MultiPolygon","coordinates":[[[[591927.49,1898382.46],[591950.97,1898374.53],[591945.16,1898357.55],[591921.67,1898365.49],[591927.49,1898382.46]]]]}},{"type":"Feature","properties":{"building":"church","height":6.4,"heightSource":"inferred"},"geometry":{"type":"MultiPolygon","coordinates":[[[[594545.75,1904354.66],[594547.28,1904343.59],[594560.21,1904345.35],[594558.69,1904356.42],[594545.75,1904354.66]]]]}},{"type":"Feature","properties":{"building":"yes","height":6,"heightSource":"default"},"geometry":{"type":"MultiPolygon","coordinates":[[[[594775.01,1892737.04],[594777.8,1892728.24],[594795.46,1892733.76],[594792.68,1892742.56],[594775.01,1892737.04]]]]}},{"type":"Feature","properties":{"building":"yes","height":6,"heightSource":"default"},"geometry":{"type":"MultiPolygon","coordinates":[[[[589683.27,1892705.74],[589684.36,1892705.76],[589685.37,1892706.14],[589686.19,1892706.83],[589686.74,1892707.75],[589686.96,1892708.81],[589686.82,1892709.88],[589686.32,1892710.83],[589685.54,1892711.58],[589684.61,1892712],[589683.58,1892712.11],[589682.57,1892711.91],[589681.68,1892711.38],[589681.01,1892710.62],[589680.61,1892709.67],[589680.52,1892708.66],[589680.78,1892707.62],[589681.38,1892706.72],[589682.24,1892706.07],[589683.27,1892705.74]]]]}},{"type":"Feature","properties":{"building":"commercial","height":6,"heightSource":"default"},"geometry":{"type":"MultiPolygon","coordinates":[[[[591104.98,1898762.18],[591087.82,1898739.47],[591103.1,1898728.06],[591120.26,1898750.77],[591104.98,1898762.18]]]]}},{"type":"Feature","properties":{"building":"commercial","height":6,"heightSource":"default"},"geometry":{"type":"MultiPolygon","coordinates":[[[[591123.1,1898751.5],[591130.97,1898745.19],[591115.2,1898725.77],[591107.33,1898732.06],[591123.1,1898751.5]]]]}},{"type":"Feature","properties":{"building":"commercial","height":6,"heightSource":"default"},"geometry":{"type":"MultiPolygon","coordinates":[[[[591014.21,1898811.67],[591025.64,1898794.09],[591040.92,1898803.91],[591034.15,1898814.32],[591026.4,1898819.5],[591014.21,1898811.67]]]]}},{"type":"Feature","properties":{"building":"house","height":6,"heightSource":"default"},"geometry":{"type":"MultiPolygon","coordinates":[[[[590704.49,1899164.59],[590698.59,1899151.83],[590701.65,1899150.44],[590698.64,1899143.92],[590712.45,1899137.62],[590721.69,1899157.62],[590716.9,1899159.81],[590718.42,1899163.09],[590712.71,1899165.71],[590710.84,1899161.69],[590704.49,1899164.59]]]]}},{"type":"Feature","properties":{"building":"yes","height":6,"heightSource":"default"},"geometry":{"type":"MultiPolygon","coordinates":[[[[590740.64,1899234.68],[590735.13,1899214.6],[590731.67,1899202],[590758.79,1899194.66],[590767.75,1899227.34],[590740.64,1899234.68]]]]}},{"type":"Feature","properties":{"building":"yes","height":9.6,"heightSource":"inferred"},"geometry":{"type":"MultiPolygon","coordinates":[[[[590654.31,1899194.51],[590672.11,1899190.33],[590652.34,1899133.42],[590638.31,1899145.04],[590654.31,1899194.51]]]]}},{"type":"Feature","properties":{"building":"yes","height":6,"heightSource":"default"},"geometry":{"type":"MultiPolygon","coordinates":[[[[590569.16,1899205.99],[590574.21,1899205.27],[590572.78,1899195.47],[590567.75,1899196.19],[590569.16,1899205.99]]]]}},{"type":"Feature","properties":{"building":"house","height":6,"heightSource":"default"},"geometry":{"type":"MultiPolygon","coordinates":[[[[590486.06,1899263.31],[590478.83,1899240.57],[590460.38,1899246.37],[590467.6,1899269.1],[590486.06,1899263.31]]]]}},{"type":"Feature","properties":{"building":"yes","height":6,"heightSource":"default"},"geometry":{"type":"MultiPolygon","coordinates":[[[[591756.5,1897992.39],[591752.17,1897985.67],[591763.28,1897978.57],[591767.62,1897985.3],[591756.5,1897992.39]]]]}},{"type":"Feature","properties":{"building":"residential","height":6,"heightSource":"default"},"geometry":{"type":"MultiPolygon","coordinates":[[[[591698.31,1898063.5],[591704.36,1898071.3],[591733.86,1898048.7],[591727.81,1898040.9],[591698.31,1898063.5]]]]}},{"type":"Feature","properties":{"building":"residential","height":6,"heightSource":"default"},"geometry":{"type":"MultiPolygon","coordinates":[[[[591689.89,1898054.93],[591696.07,1898062.64],[591725.19,1898039.54],[591719.02,1898031.85],[591689.89,1898054.93]]]]}},{"type":"Feature","properties":{"building":"residential","height":6,"heightSource":"default"},"geometry":{"type":"MultiPolygon","coordinates":[[[[591751.34,1898049.76],[591760.82,1898043.96],[591755.23,1898034.92],[591745.74,1898040.72],[591751.34,1898049.76]]]]}},{"type":"Feature","properties":{"building":"house","height":6,"heightSource":"default"},"geometry":{"type":"MultiPolygon","coordinates":[[[[591747.78,1898039.03],[591754.66,1898034.69],[591750.93,1898028.85],[591744.05,1898033.19],[591747.78,1898039.03]]]]}},{"type":"Feature","properties":{"building":"house","height":6,"heightSource":"default"},"geometry":{"type":"MultiPolygon","coordinates":[[[[591743.61,1898031.51],[591750.49,1898027.17],[591746.77,1898021.33],[591739.88,1898025.67],[591743.61,1898031.51]]]]}},{"type":"Feature","properties":{"building":"yes","height":6,"heightSource":"default"},"geometry":{"type":"MultiPolygon","coordinates":[[[[591652.49,1897848.91],[591660.71,1897843.42],[591650.14,1897827.81],[591641.93,1897833.31],[591652.49,1897848.91]]]]}},{"type":"Feature","properties":{"building":"school","height":6,"heightSource":"default"},"geometry":{"type":"MultiPolygon","coordinates":[[[[591510.37,1897979.92],[591538.78,1897993.95],[591545.53,1897980.47],[591517.11,1897966.44],[591510.37,1897979.92]]]]}},{"type":"Feature","properties":{"building":"school","height":6,"heightSource":"default"},"geometry":{"type":"MultiPolygon","coordinates":[[[[591452.97,1898016.65],[591465.05,1898021.43],[591479.28,1897985.82],[591467.2,1897981.04],[591452.97,1898016.65]]]]}},{"type":"Feature","properties":{"building":"school","height":6,"heightSource":"default"},"geometry":{"type":"MultiPolygon","coordinates":[[[[591430.52,1897961.29],[591460.43,1897975.68],[591467.55,1897961.04],[591437.66,1897946.65],[591430.52,1897961.29]]]]}},{"type":"Feature","properties":{"building":"school","height":6,"heightSource":"default"},"geometry":{"type":"MultiPolygon","coordinates":[[[[591405.51,1897964.07],[591399.61,1897955],[591430.69,1897935.01],[591436.59,1897944.09],[591405.51,1897964.07]]]]}},{"type":"Feature","properties":{"building":"school","height":6,"heightSource":"default"},"geometry":{"type":"MultiPolygon","coordinates":[[[[591450.13,1898024.06],[591452.54,1898017.84],[591466.97,1898023.36],[591464.56,1898029.59],[591450.13,1898024.06]]]]}},{"type":"Feature","properties":{"building":"yes","height":6,"heightSource":"default"},"geometry":{"type":"MultiPolygon","coordinates":[[[[591405.46,1898079.98],[591430.78,1898087.1],[591437.3,1898064.17],[591411.97,1898057.06],[591405.46,1898079.98]]]]}},{"type":"Feature","properties":{"building":"yes","height":6,"heightSource":"default"},"geometry":{"type":"MultiPolygon","coordinates":[[[[591459.53,1898078.81],[591470.71,1898082.14],[591472.79,1898075.24],[591461.62,1898071.91],[591459.53,1898078.81]]]]}},{"type":"Feature","properties":{"building":"school","height":6.4,"heightSource":"inferred"},"geometry":{"type":"MultiPolygon","coordinates":[[[[588757.19,1899667.97],[588819.07,1899654.03],[588816.23,1899641.62],[588754.36,1899655.57],[588757.19,1899667.97]]]]}},{"type":"Feature","properties":{"building":"school","height":6,"heightSource":"default"},"geometry":{"type":"MultiPolygon","coordinates":[[[[588747.54,1899717.15],[588744.76,1899704.58],[588779.02,1899697.12],[588781.79,1899709.69],[588747.54,1899717.15]]]]}},{"type":"Feature","properties":{"building":"yes","height":6,"heightSource":"default"},"geometry":{"type":"MultiPolygon","coordinates":[[[[588799.49,1899783.75],[588797.53,1899771.63],[588809.43,1899769.73],[588811.39,1899781.85],[588799.49,1899783.75]]]]}},{"type":"Feature","properties":{"building":"yes","height":6,"heightSource":"default"},"geometry":{"type":"MultiPolygon","coordinates":[[[[588510.67,1899966.1],[588522.74,1899977.35],[588530.73,1899976.39],[588530.07,1899963.63],[588510.67,1899966.1]]]]}},{"type":"Feature","properties":{"building":"yes","height":6,"heightSource":"default"},"geometry":{"type":"MultiPolygon","coordinates":[[[[589744.77,1899426.86],[589753.89,1899428.06],[589754.73,1899421.71],[589745.61,1899420.51],[589744.77,1899426.86]]]]}},{"type":"Feature","properties":{"building":"yes","height":6,"heightSource":"default"},"geometry":{"type":"MultiPolygon","coordinates":[[[[589759.13,1899429.71],[589768.27,1899430.91],[589769.11,1899424.56],[589759.98,1899423.36],[589759.13,1899429.71]]]]}},{"type":"Feature","properties":{"building":"yes","height":6,"heightSource":"default"},"geometry":{"type":"MultiPolygon","coordinates":[[[[589775.14,1899432.12],[589784.27,1899433.33],[589785.12,1899426.98],[589775.99,1899425.78],[589775.14,1899432.12]]]]}},{"type":"Feature","properties":{"building":"yes","height":6,"heightSource":"default"},"geometry":{"type":"MultiPolygon","coordinates":[[[[589790.03,1899434.04],[589799.16,1899435.24],[589800.01,1899428.89],[589790.88,1899427.7],[589790.03,1899434.04]]]]}},{"type":"Feature","properties":{"building":"yes","height":6,"heightSource":"default"},"geometry":{"type":"MultiPolygon","coordinates":[[[[589746.52,1899417.32],[589755.65,1899418.52],[589756.5,1899412.17],[589747.37,1899410.97],[589746.52,1899417.32]]]]}},{"type":"Feature","properties":{"building":"yes","height":6,"heightSource":"default"},"geometry":{"type":"MultiPolygon","coordinates":[[[[589760.79,1899419.85],[589769.91,1899421.05],[589770.76,1899414.7],[589761.64,1899413.5],[589760.79,1899419.85]]]]}},{"type":"Feature","properties":{"building":"yes","height":6,"heightSource":"default"},"geometry":{"type":"MultiPolygon","coordinates":[[[[589776.19,1899421.88],[589785.31,1899423.09],[589786.15,1899416.74],[589777.03,1899415.54],[589776.19,1899421.88]]]]}},{"type":"Feature","properties":{"building":"yes","height":6,"heightSource":"default"},"geometry":{"type":"MultiPolygon","coordinates":[[[[589791.32,1899424.05],[589800.45,1899425.25],[589801.29,1899418.91],[589792.17,1899417.7],[589791.32,1899424.05]]]]}},{"type":"Feature","properties":{"building":"yes","height":6,"heightSource":"default"},"geometry":{"type":"MultiPolygon","coordinates":[[[[589748.71,1899401.77],[589757.83,1899402.97],[589758.67,1899396.63],[589749.55,1899395.42],[589748.71,1899401.77]]]]}},{"type":"Feature","properties":{"building":"yes","height":6,"heightSource":"default"},"geometry":{"type":"MultiPolygon","coordinates":[[[[589763.09,1899404.43],[589772.23,1899405.64],[589773.07,1899399.29],[589763.94,1899398.09],[589763.09,1899404.43]]]]}},{"type":"Feature","properties":{"building":"yes","height":6,"heightSource":"default"},"geometry":{"type":"MultiPolygon","coordinates":[[[[589779.1,1899406.72],[589788.23,1899407.92],[589789.08,1899401.57],[589779.95,1899400.37],[589779.1,1899406.72]]]]}},{"type":"Feature","properties":{"building":"yes","height":6,"heightSource":"default"},"geometry":{"type":"MultiPolygon","coordinates":[[[[589793.88,1899408.76],[589803,1899409.96],[589803.84,1899403.62],[589794.71,1899402.41],[589793.88,1899408.76]]]]}},{"type":"Feature","properties":{"building":"yes","height":6,"heightSource":"default"},"geometry":{"type":"MultiPolygon","coordinates":[[[[589750.11,1899392.65],[589759.24,1899393.85],[589760.08,1899387.5],[589750.95,1899386.3],[589750.11,1899392.65]]]]}},{"type":"Feature","properties":{"building":"yes","height":6,"heightSource":"default"},"geometry":{"type":"MultiPolygon","coordinates":[[[[589764.63,1899394.94],[589773.76,1899396.14],[589774.6,1899389.79],[589765.47,1899388.59],[589764.63,1899394.94]]]]}},{"type":"Feature","properties":{"building":"yes","height":6,"heightSource":"default"},"geometry":{"type":"MultiPolygon","coordinates":[[[[589780.52,1899397.1],[589789.64,1899398.3],[589790.48,1899391.95],[589781.36,1899390.75],[589780.52,1899397.1]]]]}},{"type":"Feature","properties":{"building":"yes","height":6,"heightSource":"default"},"geometry":{"type":"MultiPolygon","coordinates":[[[[589795.28,1899399.39],[589804.4,1899400.59],[589805.24,1899394.24],[589796.12,1899393.04],[589795.28,1899399.39]]]]}},{"type":"Feature","properties":{"building":"yes","height":6,"heightSource":"default"},"geometry":{"type":"MultiPolygon","coordinates":[[[[589746.09,1899445.45],[589748.76,1899431.88],[589761.78,1899434.4],[589759.12,1899447.96],[589746.09,1899445.45]]]]}},{"type":"Feature","properties":{"building":"yes","height":6,"heightSource":"default"},"geometry":{"type":"MultiPolygon","coordinates":[[[[589752.15,1899377.84],[589760.2,1899379.13],[589762.93,1899362.16],[589754.88,1899360.87],[589752.15,1899377.84]]]]}},{"type":"Feature","properties":{"building":"house","height":6.4,"heightSource":"inferred"},"geometry":{"type":"MultiPolygon","coordinates":[[[[589846.26,1899394.68],[589848.28,1899379.46],[589861.34,1899381.16],[589859.68,1899393.77],[589855.07,1899393.16],[589854.72,1899395.79],[589846.26,1899394.68]]]]}},{"type":"Feature","properties":{"building":"commercial","height":6.4,"heightSource":"inferred"},"geometry":{"type":"MultiPolygon","coordinates":[[[[590425.13,1899202.82],[590428.31,1899201.97],[590424.2,1899187.02],[590421.01,1899187.87],[590425.13,1899202.82]]]]}},{"type":"Feature","properties":{"building":"terrace","height":6,"heightSource":"default"},"geometry":{"type":"MultiPolygon","coordinates":[[[[590430.76,1899181.35],[590444.94,1899177.73],[590432.32,1899129.07],[590418.15,1899132.7],[590430.76,1899181.35]]]]}},{"type":"Feature","properties":{"building":"commercial","height":6,"heightSource":"default"},"geometry":{"type":"MultiPolygon","coordinates":[[[[590462.3,1899193.29],[590485.64,1899188.91],[590481.54,1899167.24],[590455.26,1899169.48],[590462.3,1899193.29]]]]}},{"type":"Feature","properties":{"building":"yes","height":6,"heightSource":"default"},"geometry":{"type":"MultiPolygon","coordinates":[[[[590523.69,1899248.09],[590553.21,1899238.09],[590547.36,1899221.04],[590517.83,1899231.05],[590523.69,1899248.09]]]]}},{"type":"Feature","properties":{"building":"yes","height":6,"heightSource":"default"},"geometry":{"type":"MultiPolygon","coordinates":[[[[590545.82,1899259.41],[590567.34,1899251.21],[590562.8,1899239.47],[590541.28,1899247.68],[590545.82,1899259.41]]]]}},{"type":"Feature","properties":{"building":"yes","height":6,"heightSource":"default"},"geometry":{"type":"MultiPolygon","coordinates":[[[[590580.51,1899036.93],[590586.86,1899061.57],[590606.47,1899056.58],[590600.13,1899031.95],[590580.51,1899036.93]]]]}},{"type":"Feature","properties":{"building":"yes","height":6,"heightSource":"default"},"geometry":{"type":"MultiPolygon","coordinates":[[[[590566.44,1899014.45],[590593.61,1899005.01],[590587.52,1898987.66],[590560.35,1898997.1],[590566.44,1899014.45]]]]}},{"type":"Feature","properties":{"building":"yes","height":6,"heightSource":"default"},"geometry":{"type":"MultiPolygon","coordinates":[[[[590576.82,1899027.2],[590588.55,1899023.75],[590585.64,1899013.97],[590573.9,1899017.42],[590576.82,1899027.2]]]]}},{"type":"Feature","properties":{"building":"yes","height":6,"heightSource":"default"},"geometry":{"type":"MultiPolygon","coordinates":[[[[590655.43,1902103.19],[590655.5,1902094.44],[590672.63,1902094.6],[590672.55,1902103.35],[590655.43,1902103.19]]]]}},{"type":"Feature","properties":{"building":"school","height":6,"heightSource":"default"},"geometry":{"type":"MultiPolygon","coordinates":[[[[590550.21,1902087.69],[590561.93,1902086.53],[590558.63,1902053.64],[590546.91,1902054.81],[590550.21,1902087.69]]]]}},{"type":"Feature","properties":{"building":"school","height":6,"heightSource":"default"},"geometry":{"type":"MultiPolygon","coordinates":[[[[590546.92,1902054.6],[590559.2,1902053.31],[590557.49,1902037.24],[590562.74,1902036.69],[590561.53,1902025.27],[590556.09,1902025.84],[590554.38,1902009.65],[590542.3,1902010.91],[590546.92,1902054.6]]]]}},{"type":"Feature","properties":{"building":"school","height":6,"heightSource":"default"},"geometry":{"type":"MultiPolygon","coordinates":[[[[589911.72,1903595.31],[589913.31,1903577.64],[589951.47,1903581.02],[589949.89,1903598.71],[589911.72,1903595.31]]]]}},{"type":"Feature","properties":{"building":"school","height":6,"heightSource":"default"},"geometry":{"type":"MultiPolygon","coordinates":[[[[589876.2,1903595.24],[589877.32,1903579.58],[589911.59,1903582.02],[589910.46,1903597.67],[589876.2,1903595.24]]]]}},{"type":"Feature","properties":{"building":"hospital","height":6.4,"heightSource":"inferred"},"geometry":{"type":"MultiPolygon","coordinates":[[[[589815.96,1903519.33],[589816.33,1903509.26],[589823.26,1903509.52],[589823.55,1903501.89],[589839.02,1903502.45],[589838.74,1903510],[589844.78,1903510.22],[589844.4,1903520.39],[589815.96,1903519.33]]]]}},{"type":"Feature","properties":{"building":"yes","height":6,"heightSource":"default"},"geometry":{"type":"MultiPolygon","coordinates":[[[[590370.1,1904045.91],[590375.14,1904045.13],[590374.57,1904041.47],[590369.53,1904042.24],[590370.1,1904045.91]]]]}},{"type":"Feature","properties":{"building":"yes","height":6,"heightSource":"default"},"geometry":{"type":"MultiPolygon","coordinates":[[[[590220.57,1893384.98],[590239.95,1893373.34],[590233.54,1893362.79],[590214.16,1893374.42],[590220.57,1893384.98]]]]}},{"type":"Feature","properties":{"building":"school","height":6,"heightSource":"default"},"geometry":{"type":"MultiPolygon","coordinates":[[[[590434.28,1893131.55],[590445.81,1893129.98],[590436.99,1893066.39],[590425.47,1893067.96],[590434.28,1893131.55]]]]}},{"type":"Feature","properties":{"building":"school","height":6,"heightSource":"default"},"geometry":{"type":"MultiPolygon","coordinates":[[[[590452.56,1893074.75],[590490.99,1893073.12],[590490.48,1893061.38],[590452.06,1893063.01],[590452.56,1893074.75]]]]}},{"type":"Feature","properties":{"building":"yes","height":6,"heightSource":"default"},"geometry":{"type":"MultiPolygon","coordinates":[[[[591807.98,1898940.53],[591831.02,1898946.14],[591832.89,1898938.56],[591809.84,1898932.95],[591807.98,1898940.53]]]]}},{"type":"Feature","properties":{"building":"yes","height":6,"heightSource":"default"},"geometry":{"type":"MultiPolygon","coordinates":[[[[591829.07,1898935.97],[591832.48,1898916.58],[591847.39,1898919.17],[591843.98,1898938.56],[591829.07,1898935.97]]]]}},{"type":"Feature","properties":{"building":"yes","height":6,"heightSource":"default"},"geometry":{"type":"MultiPolygon","coordinates":[[[[591808.27,1898930.45],[591826.08,1898934.08],[591830.09,1898914.57],[591818.6,1898912.24],[591817.31,1898918.53],[591825.06,1898920.1],[591823.31,1898928.61],[591809.24,1898925.75],[591808.27,1898930.45]]]]}},{"type":"Feature","properties":{"building":"yes","height":6,"heightSource":"default"},"geometry":{"type":"MultiPolygon","coordinates":[[[[591829.55,1898898.51],[591831.51,1898888.08],[591843.14,1898890.24],[591841.18,1898900.67],[591829.55,1898898.51]]]]}},{"type":"Feature","properties":{"building":"yes","height":6,"heightSource":"default"},"geometry":{"type":"MultiPolygon","coordinates":[[[[591824.41,1898911.58],[591847.22,1898915.93],[591849.41,1898904.61],[591826.6,1898900.25],[591824.41,1898911.58]]]]}},{"type":"Feature","properties":{"building":"yes","height":6,"heightSource":"default"},"geometry":{"type":"MultiPolygon","coordinates":[[[[591790.79,1898659.12],[591796.51,1898658.01],[591796.96,1898660.33],[591804.93,1898658.78],[591802.91,1898648.53],[591793.69,1898650.32],[591794.19,1898652.81],[591789.73,1898653.68],[591790.79,1898659.12]]]]}},{"type":"Feature","properties":{"building":"yes","height":6,"heightSource":"default"},"geometry":{"type":"MultiPolygon","coordinates":[[[[591745.25,1898662.34],[591733.24,1898662.53],[591733.12,1898654.94],[591745.14,1898654.76],[591745.25,1898662.34]]]]}},{"type":"Feature","properties":{"building":"yes","height":6,"heightSource":"default"},"geometry":{"type":"MultiPolygon","coordinates":[[[[591800.19,1898680.74],[591797.01,1898666.52],[591817.25,1898662.04],[591820.43,1898676.26],[591800.19,1898680.74]]]]}},{"type":"Feature","properties":{"building":"yes","height":6,"heightSource":"default"},"geometry":{"type":"MultiPolygon","coordinates":[[[[591805.67,1898733.7],[591808.95,1898744.75],[591835.82,1898736.87],[591832.54,1898725.83],[591805.67,1898733.7]]]]}},{"type":"Feature","properties":{"building":"yes","height":6,"heightSource":"default"},"geometry":{"type":"MultiPolygon","coordinates":[[[[591799.61,1898716.16],[591805.67,1898733.7],[591832.54,1898725.83],[591827.82,1898708.56],[591799.61,1898716.16]]]]}},{"type":"Feature","properties":{"building":"yes","height":6,"heightSource":"default"},"geometry":{"type":"MultiPolygon","coordinates":[[[[591795.17,1898700.3],[591823.27,1898692.72],[591827.82,1898708.56],[591799.61,1898716.16],[591795.17,1898700.3]]]]}},{"type":"Feature","properties":{"building":"yes","height":6,"heightSource":"default"},"geometry":{"type":"MultiPolygon","coordinates":[[[[591777.4,1898703.98],[591774.21,1898687.52],[591791.63,1898684.18],[591794.82,1898700.64],[591777.4,1898703.98]]]]}},{"type":"Feature","properties":{"building":"yes","height":6,"heightSource":"default"},"geometry":{"type":"MultiPolygon","coordinates":[[[[591754.81,1898758.95],[591761.87,1898757.7],[591759.62,1898745.27],[591755.22,1898746.05],[591753.47,1898736.34],[591752.2,1898729.34],[591772.01,1898725.8],[591774.87,1898741.66],[591771.9,1898742.19],[591776.16,1898765.73],[591756.67,1898769.22],[591754.81,1898758.95]]]]}},{"type":"Feature","properties":{"building":"yes","height":6,"heightSource":"default"},"geometry":{"type":"MultiPolygon","coordinates":[[[[591778.7,1898746.55],[591772.48,1898722.71],[591797.41,1898716.28],[591803.63,1898740.12],[591778.7,1898746.55]]]]}},{"type":"Feature","properties":{"building":"yes","height":6,"heightSource":"default"},"geometry":{"type":"MultiPolygon","coordinates":[[[[591795.02,1898773.03],[591813.96,1898769.37],[591809.79,1898748.01],[591790.85,1898751.67],[591795.02,1898773.03]]]]}},{"type":"Feature","properties":{"building":"yes","height":6,"heightSource":"default"},"geometry":{"type":"MultiPolygon","coordinates":[[[[591816.26,1898770.18],[591808.95,1898744.75],[591835.82,1898736.87],[591842.3,1898763.73],[591816.26,1898770.18]]]]}},{"type":"Feature","properties":{"building":"yes","height":6,"heightSource":"default"},"geometry":{"type":"MultiPolygon","coordinates":[[[[591822.78,1898786.7],[591848.26,1898782.3],[591850.23,1898793.59],[591824.75,1898797.98],[591822.78,1898786.7]]]]}},{"type":"Feature","properties":{"building":"house","height":6,"heightSource":"default"},"geometry":{"type":"MultiPolygon","coordinates":[[[[591774.23,1898809.82],[591806.82,1898806.95],[591807.43,1898813.75],[591819.39,1898812.7],[591815.92,1898773.83],[591785.12,1898776.53],[591786.08,1898787.33],[591772.34,1898788.54],[591774.23,1898809.82]]]]}},{"type":"Feature","properties":{"building":"house","height":6,"heightSource":"default"},"geometry":{"type":"MultiPolygon","coordinates":[[[[591859.28,1898712.26],[591882.16,1898707.24],[591884.63,1898718.38],[591861.76,1898723.4],[591859.28,1898712.26]]]]}},{"type":"Feature","properties":{"building":"house","height":6,"heightSource":"default"},"geometry":{"type":"MultiPolygon","coordinates":[[[[591841.19,1898688.18],[591858.39,1898684.39],[591861.28,1898697.38],[591844.09,1898701.16],[591841.19,1898688.18]]]]}},{"type":"Feature","properties":{"building":"commercial","height":6,"heightSource":"default"},"geometry":{"type":"MultiPolygon","coordinates":[[[[591869.7,1898890.78],[591880.82,1898851.5],[591895.65,1898855.64],[591884.53,1898894.92],[591869.7,1898890.78]]]]}},{"type":"Feature","properties":{"building":"house","height":6,"heightSource":"default"},"geometry":{"type":"MultiPolygon","coordinates":[[[[591871.09,1898850.6],[591893.28,1898850.66],[591893.32,1898833.51],[591871.13,1898833.44],[591871.09,1898850.6]]]]}},{"type":"Feature","properties":{"building":"industrial","height":6,"heightSource":"default"},"geometry":{"type":"MultiPolygon","coordinates":[[[[591723.95,1898578.44],[591749.75,1898571.9],[591747.09,1898561.5],[591721.28,1898568.05],[591723.95,1898578.44]]]]}},{"type":"Feature","properties":{"building":"industrial","height":6,"heightSource":"default"},"geometry":{"type":"MultiPolygon","coordinates":[[[[591769.86,1898613.03],[591748.97,1898621.72],[591751.08,1898633.36],[591773.79,1898626.23],[591769.86,1898613.03]]]]}},{"type":"Feature","properties":{"building":"industrial","height":6,"heightSource":"default"},"geometry":{"type":"MultiPolygon","coordinates":[[[[591711.64,1898644.98],[591709.98,1898620.48],[591748.04,1898617.93],[591749.7,1898642.44],[591711.64,1898644.98]]]]}},{"type":"Feature","properties":{"building":"terrace","height":6,"heightSource":"default"},"geometry":{"type":"MultiPolygon","coordinates":[[[[591850.85,1898727.13],[591852.28,1898732.81],[591876.48,1898726.79],[591875.05,1898721.11],[591850.85,1898727.13]]]]}},{"type":"Feature","properties":{"building":"house","height":6,"heightSource":"default"},"geometry":{"type":"MultiPolygon","coordinates":[[[[591693.32,1898930.23],[591737.9,1898942.11],[591741.6,1898928.35],[591697.03,1898916.47],[591693.32,1898930.23]]]]}},{"type":"Feature","properties":{"building":"house","height":6,"heightSource":"default"},"geometry":{"type":"MultiPolygon","coordinates":[[[[591805.94,1898964.17],[591809.83,1898950.49],[591829.08,1898955.89],[591825.19,1898969.57],[591805.94,1898964.17]]]]}},{"type":"Feature","properties":{"building":"house","height":6,"heightSource":"default"},"geometry":{"type":"MultiPolygon","coordinates":[[[[591764.39,1898848.97],[591764.59,1898834.37],[591780.14,1898834.59],[591779.94,1898849.18],[591764.39,1898848.97]]]]}},{"type":"Feature","properties":{"building":"house","height":6,"heightSource":"default"},"geometry":{"type":"MultiPolygon","coordinates":[[[[591745.36,1898882.26],[591744.98,1898865.95],[591764.94,1898865.5],[591765.33,1898881.81],[591745.36,1898882.26]]]]}},{"type":"Feature","properties":{"building":"house","height":6,"heightSource":"default"},"geometry":{"type":"MultiPolygon","coordinates":[[[[591693.93,1899070.53],[591691.21,1899057.32],[591716.43,1899052.21],[591719.14,1899065.42],[591693.93,1899070.53]]]]}},{"type":"Feature","properties":{"building":"house","height":6,"heightSource":"default"},"geometry":{"type":"MultiPolygon","coordinates":[[[[591733.22,1899061.52],[591734.61,1899051.26],[591742.26,1899052.29],[591740.86,1899062.55],[591733.22,1899061.52]]]]}},{"type":"Feature","properties":{"building":"house","height":6,"heightSource":"default"},"geometry":{"type":"MultiPolygon","coordinates":[[[[591738.11,1899079.01],[591740.33,1899064.8],[591755.24,1899067.1],[591753.01,1899081.33],[591738.11,1899079.01]]]]}},{"type":"Feature","properties":{"building":"house","height":6,"heightSource":"default"},"geometry":{"type":"MultiPolygon","coordinates":[[[[591695.33,1899090.75],[591728.55,1899085.08],[591725.56,1899067.81],[591692.34,1899073.48],[591695.33,1899090.75]]]]}},{"type":"Feature","properties":{"building":"house","height":6,"heightSource":"default"},"geometry":{"type":"MultiPolygon","coordinates":[[[[591723.74,1899102.57],[591742.71,1899103.02],[591742.99,1899091.3],[591724.01,1899090.86],[591723.74,1899102.57]]]]}},{"type":"Feature","properties":{"building":"commercial","height":6,"heightSource":"default"},"geometry":{"type":"MultiPolygon","coordinates":[[[[591717.5,1899116.01],[591730.36,1899117.13],[591731.08,1899108.98],[591743.72,1899110.07],[591744.63,1899099.8],[591765.68,1899101.63],[591764.29,1899117.4],[591776.09,1899118.43],[591774.95,1899131.38],[591768.02,1899130.77],[591716.59,1899126.29],[591717.5,1899116.01]]]]}},{"type":"Feature","properties":{"building":"house","height":6,"heightSource":"default"},"geometry":{"type":"MultiPolygon","coordinates":[[[[591781.26,1899167.17],[591782.52,1899159.31],[591788.58,1899160.28],[591789.23,1899156.27],[591797.79,1899157.63],[591795.88,1899169.5],[591781.26,1899167.17]]]]}},{"type":"Feature","properties":{"building":"house","height":6,"heightSource":"default"},"geometry":{"type":"MultiPolygon","coordinates":[[[[591762.65,1899164.91],[591763.89,1899153.1],[591779.16,1899154.69],[591777.92,1899166.5],[591762.65,1899164.91]]]]}},{"type":"Feature","properties":{"building":"house","height":6,"heightSource":"default"},"geometry":{"type":"MultiPolygon","coordinates":[[[[591763.3,1899188.91],[591779.27,1899191.4],[591782.08,1899184.39],[591791.78,1899185.57],[591793.16,1899179.48],[591780.69,1899178.08],[591780.31,1899181.62],[591766.77,1899178.51],[591763.3,1899188.91]]]]}},{"type":"Feature","properties":{"building":"residential","height":6,"heightSource":"default"},"geometry":{"type":"MultiPolygon","coordinates":[[[[591755.9,1899209.93],[591774.5,1899213.24],[591776.22,1899203.69],[591757.62,1899200.37],[591755.9,1899209.93]]]]}},{"type":"Feature","properties":{"building":"residential","height":6,"heightSource":"default"},"geometry":{"type":"MultiPolygon","coordinates":[[[[591754.72,1899224.31],[591774.73,1899226.67],[591776.15,1899214.74],[591756.14,1899212.39],[591754.72,1899224.31]]]]}},{"type":"Feature","properties":{"building":"commercial","height":6,"heightSource":"default"},"geometry":{"type":"MultiPolygon","coordinates":[[[[591742.25,1899248.77],[591744.21,1899236.49],[591781.33,1899242.35],[591779.37,1899254.63],[591742.25,1899248.77]]]]}},{"type":"Feature","properties":{"building":"yes","height":6,"heightSource":"default"},"geometry":{"type":"MultiPolygon","coordinates":[[[[591746.64,1899226.98],[591775.01,1899229.45],[591774.16,1899239.18],[591745.79,1899236.71],[591746.64,1899226.98]]]]}},{"type":"Feature","properties":{"building":"house","height":6,"heightSource":"default"},"geometry":{"type":"MultiPolygon","coordinates":[[[[591768.05,1898997.07],[591772.54,1898976.91],[591785.16,1898979.68],[591780.68,1898999.85],[591768.05,1898997.07]]]]}},{"type":"Feature","properties":{"building":"house","height":6,"heightSource":"default"},"geometry":{"type":"MultiPolygon","coordinates":[[[[591725.04,1898983.17],[591727.08,1898967.59],[591743.7,1898969.75],[591741.66,1898985.33],[591725.04,1898983.17]]]]}},{"type":"Feature","properties":{"building":"house","height":6,"heightSource":"default"},"geometry":{"type":"MultiPolygon","coordinates":[[[[591690.9,1898980.4],[591694.95,1898981.46],[591694.09,1898984.76],[591711.47,1898989.28],[591715.95,1898972.26],[591698.34,1898967.69],[591697.22,1898971.98],[591693.37,1898970.99],[591690.9,1898980.4]]]]}},{"type":"Feature","properties":{"building":"house","height":6,"heightSource":"default"},"geometry":{"type":"MultiPolygon","coordinates":[[[[591683.49,1899051.81],[591677,1899038.16],[591691.03,1899031.57],[591697.51,1899045.23],[591683.49,1899051.81]]]]}},{"type":"Feature","properties":{"building":"house","height":6,"heightSource":"default"},"geometry":{"type":"MultiPolygon","coordinates":[[[[591673.28,1898997.79],[591687.39,1898997.82],[591687.38,1899011.5],[591673.25,1899011.48],[591673.28,1898997.79]]]]}},{"type":"Feature","properties":{"building":"house","height":6,"heightSource":"default"},"geometry":{"type":"MultiPolygon","coordinates":[[[[591702.81,1899024.52],[591708.63,1899025.71],[591707.81,1899029.66],[591717.59,1899031.65],[591720.39,1899018.03],[591715.88,1899017.11],[591716.41,1899014.55],[591705.33,1899012.3],[591702.81,1899024.52]]]]}},{"type":"Feature","properties":{"building":"house","height":6,"heightSource":"default"},"geometry":{"type":"MultiPolygon","coordinates":[[[[591032.08,1898861.63],[591039.91,1898873.13],[591053.16,1898864.23],[591045.33,1898852.72],[591032.08,1898861.63]]]]}},{"type":"Feature","properties":{"building":"house","height":6,"heightSource":"default"},"geometry":{"type":"MultiPolygon","coordinates":[[[[591028.86,1898910.41],[591040.41,1898917.99],[591045.74,1898909.97],[591032.9,1898901.53],[591027.56,1898909.56],[591028.86,1898910.41]]]]}},{"type":"Feature","properties":{"building":"house","height":6,"heightSource":"default"},"geometry":{"type":"MultiPolygon","coordinates":[[[[591006.74,1898919.36],[590996.87,1898905.66],[591010.68,1898895.83],[591020.57,1898909.53],[591006.74,1898919.36]]]]}},{"type":"Feature","properties":{"building":"commercial","height":6,"heightSource":"default"},"geometry":{"type":"MultiPolygon","coordinates":[[[[590940.69,1898921.74],[590961.71,1898932.92],[590954.87,1898945.61],[590933.85,1898934.43],[590940.69,1898921.74]]]]}},{"type":"Feature","properties":{"building":"house","height":6,"heightSource":"default"},"geometry":{"type":"MultiPolygon","coordinates":[[[[590945.79,1898960.57],[590953.33,1898948.24],[590963.93,1898954.66],[590959.6,1898961.74],[590968.78,1898967.29],[590965.57,1898972.54],[590945.79,1898960.57]]]]}},{"type":"Feature","properties":{"building":"house","height":6,"heightSource":"default"},"geometry":{"type":"MultiPolygon","coordinates":[[[[590921.2,1898946],[590945.15,1898960.13],[590951.9,1898948.82],[590927.95,1898934.69],[590921.2,1898946]]]]}},{"type":"Feature","properties":{"building":"yes","height":6,"heightSource":"default"},"geometry":{"type":"MultiPolygon","coordinates":[[[[590957.53,1899019.45],[590961.44,1899011.76],[590967.74,1899014.92],[590963.84,1899022.62],[590957.53,1899019.45]]]]}},{"type":"Feature","properties":{"building":"house","height":6,"heightSource":"default"},"geometry":{"type":"MultiPolygon","coordinates":[[[[590956.74,1899041.11],[590963.15,1899045.41],[590961.79,1899047.41],[590965.56,1899049.94],[590967.8,1899046.62],[590972.58,1899049.81],[590977.28,1899042.88],[590960.51,1899031.65],[590954.91,1899039.89],[590956.74,1899041.11]]]]}},{"type":"Feature","properties":{"building":"commercial","height":6,"heightSource":"default"},"geometry":{"type":"MultiPolygon","coordinates":[[[[591400.73,1897448.88],[591418.59,1897474.33],[591405.43,1897482.78],[591394.03,1897479.61],[591382.26,1897463.39],[591400.73,1897448.88]]]]}},{"type":"Feature","properties":{"building":"yes","height":6,"heightSource":"default"},"geometry":{"type":"MultiPolygon","coordinates":[[[[591584.97,1898030.18],[591603.68,1898020.03],[591610.88,1898033.13],[591592.17,1898043.28],[591584.97,1898030.18]]]]}},{"type":"Feature","properties":{"building":"house","height":6,"heightSource":"default"},"geometry":{"type":"MultiPolygon","coordinates":[[[[591274.98,1897486.5],[591281.61,1897475.36],[591287.85,1897479.04],[591284.23,1897485.11],[591288.6,1897487.69],[591285.58,1897492.75],[591274.98,1897486.5]]]]}},{"type":"Feature","properties":{"building":"yes","height":6,"heightSource":"default"},"geometry":{"type":"MultiPolygon","coordinates":[[[[591289.09,1897473.22],[591294.77,1897464.6],[591299.68,1897467.8],[591293.99,1897476.41],[591289.09,1897473.22]]]]}},{"type":"Feature","properties":{"building":"house","height":6,"heightSource":"default"},"geometry":{"type":"MultiPolygon","coordinates":[[[[591298.3,1897479.35],[591303.46,1897471.07],[591317.35,1897479.6],[591312.19,1897487.9],[591298.3,1897479.35]]]]}},{"type":"Feature","properties":{"building":"house","height":6,"heightSource":"default"},"geometry":{"type":"MultiPolygon","coordinates":[[[[591303.58,1897468.88],[591318.12,1897479.16],[591324.74,1897469.9],[591310.21,1897459.62],[591303.58,1897468.88]]]]}},{"type":"Feature","properties":{"building":"house","height":6,"heightSource":"default"},"geometry":{"type":"MultiPolygon","coordinates":[[[[591254.41,1897500.56],[591263.85,1897505.6],[591258.03,1897516.39],[591248.58,1897511.35],[591254.41,1897500.56]]]]}},{"type":"Feature","properties":{"building":"house","height":6,"heightSource":"default"},"geometry":{"type":"MultiPolygon","coordinates":[[[[591248.6,1897494.79],[591261.19,1897502.6],[591269.14,1897489.91],[591260.77,1897484.71],[591256.66,1897491.25],[591252.45,1897488.64],[591248.6,1897494.79]]]]}},{"type":"Feature","properties":{"building":"house","height":6,"heightSource":"default"},"geometry":{"type":"MultiPolygon","coordinates":[[[[591297.34,1897419.59],[591312.26,1897433.25],[591323.93,1897420.65],[591309,1897407],[591297.34,1897419.59]]]]}},{"type":"Feature","properties":{"building":"house","height":6,"heightSource":"default"},"geometry":{"type":"MultiPolygon","coordinates":[[[[591296.16,1897438.97],[591306.97,1897445.93],[591312.33,1897437.73],[591301.52,1897430.76],[591296.16,1897438.97]]]]}},{"type":"Feature","properties":{"building":"house","height":6,"heightSource":"default"},"geometry":{"type":"MultiPolygon","coordinates":[[[[591274.49,1897450.95],[591290.48,1897461.3],[591298.59,1897448.92],[591282.6,1897438.57],[591274.49,1897450.95]]]]}},{"type":"Feature","properties":{"building":"house","height":6,"heightSource":"default"},"geometry":{"type":"MultiPolygon","coordinates":[[[[591310.62,1897406.23],[591319.34,1897414.37],[591330.11,1897402.95],[591321.4,1897394.82],[591310.62,1897406.23]]]]}},{"type":"Feature","properties":{"building":"house","height":6,"heightSource":"default"},"geometry":{"type":"MultiPolygon","coordinates":[[[[591331.48,1897408.66],[591320,1897437.26],[591348.51,1897448.57],[591352.56,1897438.48],[591340.58,1897433.74],[591348.01,1897415.21],[591331.48,1897408.66]]]]}},{"type":"Feature","properties":{"building":"house","height":6,"heightSource":"default"},"geometry":{"type":"MultiPolygon","coordinates":[[[[591371.59,1897443.14],[591368.57,1897438.64],[591390.35,1897432.15],[591394.5,1897437.87],[591371.59,1897443.14]]]]}},{"type":"Feature","properties":{"building":"house","height":6,"heightSource":"default"},"geometry":{"type":"MultiPolygon","coordinates":[[[[591337.2,1897395.21],[591342.33,1897401.69],[591358.23,1897389.25],[591353.1,1897382.76],[591337.2,1897395.21]]]]}},{"type":"Feature","properties":{"building":"yes","height":6,"heightSource":"default"},"geometry":{"type":"MultiPolygon","coordinates":[[[[591143.72,1897587.77],[591150.71,1897576],[591168.6,1897586.48],[591161.61,1897598.25],[591143.72,1897587.77]]]]}},{"type":"Feature","properties":{"building":"house","height":6,"heightSource":"default"},"geometry":{"type":"MultiPolygon","coordinates":[[[[591114.71,1897749.48],[591137.46,1897757.09],[591142.36,1897742.61],[591119.62,1897734.98],[591114.71,1897749.48]]]]}},{"type":"Feature","properties":{"building":"house","height":6,"heightSource":"default"},"geometry":{"type":"MultiPolygon","coordinates":[[[[591116.11,1897776.2],[591118.49,1897764.1],[591129.4,1897766.21],[591127.01,1897778.33],[591116.11,1897776.2]]]]}},{"type":"Feature","properties":{"building":"house","height":6,"heightSource":"default"},"geometry":{"type":"MultiPolygon","coordinates":[[[[591090.01,1897872.63],[591106.57,1897843.24],[591116.09,1897848.54],[591099.54,1897877.93],[591090.01,1897872.63]]]]}},{"type":"Feature","properties":{"building":"house","height":6,"heightSource":"default"},"geometry":{"type":"MultiPolygon","coordinates":[[[[591073.61,1897862.12],[591081.61,1897846.06],[591093.21,1897851.77],[591083.12,1897872.01],[591077.34,1897869.17],[591079.42,1897864.97],[591073.61,1897862.12]]]]}},{"type":"Feature","properties":{"building":"commercial","height":6,"heightSource":"default"},"geometry":{"type":"MultiPolygon","coordinates":[[[[591710.13,1898388],[591695.06,1898395.67],[591698.82,1898402.99],[591713.91,1898395.33],[591710.13,1898388]]]]}},{"type":"Feature","properties":{"building":"commercial","height":6,"heightSource":"default"},"geometry":{"type":"MultiPolygon","coordinates":[[[[591707.11,1898377.06],[591689.96,1898385.78],[591695.06,1898395.67],[591710.13,1898388],[591707.11,1898377.06]]]]}},{"type":"Feature","properties":{"building":"commercial","height":6,"heightSource":"default"},"geometry":{"type":"MultiPolygon","coordinates":[[[[591703.26,1898369.59],[591688.33,1898377.19],[591683.01,1898379.89],[591686.86,1898387.36],[591689.96,1898385.78],[591707.11,1898377.06],[591703.26,1898369.59]]]]}},{"type":"Feature","properties":{"building":"commercial","height":6,"heightSource":"default"},"geometry":{"type":"MultiPolygon","coordinates":[[[[591718.02,1898405.32],[591714.41,1898396.58],[591698.82,1898402.99],[591696.68,1898403.87],[591697.98,1898406.29],[591701.54,1898412.95],[591718.02,1898405.32]]]]}},{"type":"Feature","properties":{"building":"house","height":6,"heightSource":"default"},"geometry":{"type":"MultiPolygon","coordinates":[[[[591718.02,1898405.32],[591701.54,1898412.95],[591695.63,1898416.34],[591702.5,1898430.18],[591724.83,1898419.84],[591718.02,1898405.32]]]]}},{"type":"Feature","properties":{"building":"commercial","height":6,"heightSource":"default"},"geometry":{"type":"MultiPolygon","coordinates":[[[[591700.08,1898363.44],[591685.16,1898371.04],[591688.33,1898377.19],[591703.26,1898369.59],[591700.08,1898363.44]]]]}},{"type":"Feature","properties":{"building":"commercial","height":6,"heightSource":"default"},"geometry":{"type":"MultiPolygon","coordinates":[[[[591696.49,1898356.46],[591681.56,1898364.06],[591685.16,1898371.04],[591700.08,1898363.44],[591696.49,1898356.46]]]]}},{"type":"Feature","properties":{"building":"commercial","height":6,"heightSource":"default"},"geometry":{"type":"MultiPolygon","coordinates":[[[[591716.37,1898424.51],[591720.4,1898433.75],[591728.42,1898430.3],[591724.4,1898421.06],[591716.37,1898424.51]]]]}},{"type":"Feature","properties":{"building":"house","height":6,"heightSource":"default"},"geometry":{"type":"MultiPolygon","coordinates":[[[[591713.01,1898436.93],[591708.99,1898427.68],[591716.37,1898424.51],[591720.4,1898433.75],[591713.01,1898436.93]]]]}},{"type":"Feature","properties":{"building":"house","height":6,"heightSource":"default"},"geometry":{"type":"MultiPolygon","coordinates":[[[[591702.49,1898430.47],[591706.52,1898439.72],[591713.01,1898436.93],[591708.99,1898427.68],[591702.49,1898430.47]]]]}},{"type":"Feature","properties":{"building":"house","height":6,"heightSource":"default"},"geometry":{"type":"MultiPolygon","coordinates":[[[[591692.4,1898395.89],[591684.43,1898400.11],[591681.01,1898393.74],[591688.97,1898389.51],[591692.4,1898395.89]]]]}},{"type":"Feature","properties":{"building":"house","height":6,"heightSource":"default"},"geometry":{"type":"MultiPolygon","coordinates":[[[[591697.98,1898406.29],[591681.6,1898414.98],[591685.14,1898421.57],[591695.29,1898416.19],[591701.54,1898412.95],[591697.98,1898406.29]]]]}},{"type":"Feature","properties":{"building":"house","height":6,"heightSource":"default"},"geometry":{"type":"MultiPolygon","coordinates":[[[[591676.02,1898404.58],[591684.43,1898400.11],[591692.4,1898395.89],[591696.68,1898403.87],[591697.98,1898406.29],[591681.6,1898414.98],[591676.02,1898404.58]]]]}},{"type":"Feature","properties":{"building":"house","height":6,"heightSource":"default"},"geometry":{"type":"MultiPolygon","coordinates":[[[[591682.88,1898422.7],[591685.14,1898421.57],[591695.39,1898416.44],[591702.49,1898430.47],[591689.98,1898436.73],[591682.88,1898422.7]]]]}},{"type":"Feature","properties":{"building":"commercial","height":6,"heightSource":"default"},"geometry":{"type":"MultiPolygon","coordinates":[[[[591675.14,1898351.71],[591673.26,1898349.68],[591677.59,1898345.66],[591687.56,1898358.89],[591684.43,1898361.75],[591682.99,1898360.32],[591675.14,1898351.71]]]]}},{"type":"Feature","properties":{"building":"commercial","height":6,"heightSource":"default"},"geometry":{"type":"MultiPolygon","coordinates":[[[[591680.1,1898362.93],[591672.25,1898354.32],[591675.14,1898351.71],[591682.99,1898360.32],[591680.1,1898362.93]]]]}},{"type":"Feature","properties":{"building":"commercial","height":6,"heightSource":"default"},"geometry":{"type":"MultiPolygon","coordinates":[[[[591677.14,1898365.52],[591669.27,1898357],[591672.19,1898354.32],[591672.25,1898354.32],[591680.1,1898362.93],[591677.14,1898365.52]]]]}},{"type":"Feature","properties":{"building":"commercial","height":6,"heightSource":"default"},"geometry":{"type":"MultiPolygon","coordinates":[[[[591678.38,1898377.46],[591664.8,1898362.78],[591664.48,1898361.37],[591669.27,1898357],[591677.14,1898365.52],[591683.69,1898372.6],[591678.38,1898377.46]]]]}},{"type":"Feature","properties":{"building":"commercial","height":6,"heightSource":"default"},"geometry":{"type":"MultiPolygon","coordinates":[[[[591678.19,1898385.92],[591660.45,1898366.76],[591664.8,1898362.78],[591678.38,1898377.46],[591682.54,1898381.95],[591678.19,1898385.92]]]]}},{"type":"Feature","properties":{"building":"commercial","height":6,"heightSource":"default"},"geometry":{"type":"MultiPolygon","coordinates":[[[[591672.89,1898391.55],[591654.76,1898371.97],[591660.45,1898366.76],[591678.19,1898385.92],[591678.58,1898386.36],[591672.89,1898391.55]]]]}},{"type":"Feature","properties":{"building":"commercial","height":6,"heightSource":"default"},"geometry":{"type":"MultiPolygon","coordinates":[[[[591651.14,1898375.26],[591669.27,1898394.86],[591672.89,1898391.55],[591654.76,1898371.97],[591651.14,1898375.26]]]]}},{"type":"Feature","properties":{"building":"yes","height":6,"heightSource":"default"},"geometry":{"type":"MultiPolygon","coordinates":[[[[591585.6,1898081.39],[591590.01,1898086.43],[591588.72,1898087.53],[591597.02,1898097.03],[591613.58,1898082.74],[591621.11,1898091.35],[591595.59,1898113.37],[591575.36,1898090.23],[591585.6,1898081.39]]]]}},{"type":"Feature","properties":{"building":"yes","height":6,"heightSource":"default"},"geometry":{"type":"MultiPolygon","coordinates":[[[[591588.72,1898087.53],[591590.01,1898086.43],[591594.01,1898082.92],[591590.29,1898078.71],[591596.7,1898073.08],[591600.34,1898077.19],[591605.78,1898072.44],[591613.58,1898082.74],[591597.02,1898097.03],[591588.72,1898087.53]]]]}},{"type":"Feature","properties":{"building":"yes","height":6,"heightSource":"default"},"geometry":{"type":"MultiPolygon","coordinates":[[[[591552.23,1898053.11],[591574.5,1898074.44],[591566.91,1898082.27],[591544.64,1898060.94],[591552.23,1898053.11]]]]}},{"type":"Feature","properties":{"building":"school","height":6,"heightSource":"default"},"geometry":{"type":"MultiPolygon","coordinates":[[[[591603.77,1898042.19],[591630.95,1898075.64],[591624.11,1898081.13],[591630,1898088.39],[591654.33,1898068.87],[591621.26,1898028.16],[591603.77,1898042.19]]]]}},{"type":"Feature","properties":{"building":"commercial","height":6,"heightSource":"default"},"geometry":{"type":"MultiPolygon","coordinates":[[[[591620.96,1898401.86],[591637.2,1898419.99],[591663.7,1898396.57],[591647.46,1898378.43],[591620.96,1898401.86]]]]}},{"type":"Feature","properties":{"building":"yes","height":6,"heightSource":"default"},"geometry":{"type":"MultiPolygon","coordinates":[[[[591678.09,1898441.71],[591686.44,1898436.9],[591692.32,1898446.97],[591683.97,1898451.78],[591678.09,1898441.71]]]]}},{"type":"Feature","properties":{"building":"yes","height":6,"heightSource":"default"},"geometry":{"type":"MultiPolygon","coordinates":[[[[591673.8,1898441.93],[591679.61,1898455.44],[591674.7,1898457.52],[591668.89,1898444.02],[591673.8,1898441.93]]]]}},{"type":"Feature","properties":{"building":"yes","height":6,"heightSource":"default"},"geometry":{"type":"MultiPolygon","coordinates":[[[[591668.1,1898460.74],[591661.24,1898446.47],[591666.92,1898443.77],[591673.8,1898458.04],[591668.1,1898460.74]]]]}},{"type":"Feature","properties":{"building":"yes","height":6,"heightSource":"default"},"geometry":{"type":"MultiPolygon","coordinates":[[[[591655.61,1898466.71],[591649.81,1898453.63],[591660.13,1898449.12],[591665.92,1898462.2],[591655.61,1898466.71]]]]}},{"type":"Feature","properties":{"building":"yes","height":6,"heightSource":"default"},"geometry":{"type":"MultiPolygon","coordinates":[[[[591664,1898429.65],[591677.44,1898422.23],[591682.18,1898430.72],[591668.74,1898438.14],[591664,1898429.65]]]]}},{"type":"Feature","properties":{"building":"yes","height":6,"heightSource":"default"},"geometry":{"type":"MultiPolygon","coordinates":[[[[591737.36,1898451.42],[591718.17,1898459.74],[591720.16,1898464.52],[591739.76,1898457.23],[591737.36,1898451.42]]]]}},{"type":"Feature","properties":{"building":"yes","height":6,"heightSource":"default"},"geometry":{"type":"MultiPolygon","coordinates":[[[[591734.91,1898445.83],[591715.71,1898454.15],[591718.17,1898459.74],[591737.36,1898451.42],[591734.91,1898445.83]]]]}},{"type":"Feature","properties":{"building":"yes","height":6,"heightSource":"default"},"geometry":{"type":"MultiPolygon","coordinates":[[[[591730.44,1898435.64],[591711.24,1898443.97],[591715.71,1898454.15],[591734.91,1898445.83],[591730.44,1898435.64]]]]}},{"type":"Feature","properties":{"building":"yes","height":6,"heightSource":"default"},"geometry":{"type":"MultiPolygon","coordinates":[[[[591637.46,1898468.21],[591648.01,1898462.88],[591652.06,1898470.79],[591641.51,1898476.12],[591637.46,1898468.21]]]]}},{"type":"Feature","properties":{"building":"yes","height":6,"heightSource":"default"},"geometry":{"type":"MultiPolygon","coordinates":[[[[591657.35,1898473.51],[591631.19,1898484.65],[591643.45,1898513.1],[591661.38,1898505.47],[591652.9,1898485.81],[591661.13,1898482.3],[591657.35,1898473.51]]]]}},{"type":"Feature","properties":{"building":"house","height":6,"heightSource":"default"},"geometry":{"type":"MultiPolygon","coordinates":[[[[591628.82,1898484.06],[591624.17,1898473.44],[591633.55,1898469.4],[591638.18,1898480.02],[591628.82,1898484.06]]]]}},{"type":"Feature","properties":{"building":"house","height":6,"heightSource":"default"},"geometry":{"type":"MultiPolygon","coordinates":[[[[591609.81,1898429.17],[591624.01,1898422.25],[591619.92,1898413.94],[591605.71,1898420.87],[591609.81,1898429.17]]]]}},{"type":"Feature","properties":{"building":"house","height":6,"heightSource":"default"},"geometry":{"type":"MultiPolygon","coordinates":[[[[591627.86,1898432.58],[591611.54,1898439.26],[591608.38,1898431.66],[591624.69,1898424.97],[591627.86,1898432.58]]]]}},{"type":"Feature","properties":{"building":"house","height":6,"heightSource":"default"},"geometry":{"type":"MultiPolygon","coordinates":[[[[591611.54,1898439.26],[591627.86,1898432.58],[591631.21,1898440.66],[591614.9,1898447.35],[591611.54,1898439.26]]]]}},{"type":"Feature","properties":{"building":"house","height":6,"heightSource":"default"},"geometry":{"type":"MultiPolygon","coordinates":[[[[591633.19,1898439.2],[591654.23,1898426.3],[591662.1,1898438.98],[591641.06,1898451.88],[591633.19,1898439.2]]]]}},{"type":"Feature","properties":{"building":"commercial","height":6,"heightSource":"default"},"geometry":{"type":"MultiPolygon","coordinates":[[[[591149.17,1898920.89],[591153.18,1898948.4],[591139.08,1898975.84],[591168.12,1898990.43],[591189.54,1898952.26],[591183.57,1898914.51],[591149.17,1898920.89]]]]}},{"type":"Feature","properties":{"building":"yes","height":6,"heightSource":"default"},"geometry":{"type":"MultiPolygon","coordinates":[[[[591059.62,1898885.61],[591066,1898879.37],[591068.85,1898882.25],[591062.47,1898888.49],[591059.62,1898885.61]]]]}},{"type":"Feature","properties":{"building":"yes","height":6,"heightSource":"default"},"geometry":{"type":"MultiPolygon","coordinates":[[[[591037.48,1898885.57],[591043.71,1898878.24],[591049.05,1898882.73],[591042.82,1898890.05],[591037.48,1898885.57]]]]}},{"type":"Feature","properties":{"building":"yes","height":6,"heightSource":"default"},"geometry":{"type":"MultiPolygon","coordinates":[[[[590972.15,1898933.12],[590985.26,1898939.11],[590989.97,1898928.93],[590976.86,1898922.94],[590972.15,1898933.12]]]]}},{"type":"Feature","properties":{"building":"yes","height":6,"heightSource":"default"},"geometry":{"type":"MultiPolygon","coordinates":[[[[590961.6,1898948.05],[590966.58,1898935.86],[590983.89,1898942.84],[590978.91,1898955.03],[590961.6,1898948.05]]]]}},{"type":"Feature","properties":{"building":"yes","height":6,"heightSource":"default"},"geometry":{"type":"MultiPolygon","coordinates":[[[[591036.4,1898901.12],[591039.79,1898896.92],[591037.35,1898894.97],[591041.47,1898889.87],[591054.65,1898900.37],[591047.15,1898909.67],[591036.4,1898901.12]]]]}},{"type":"Feature","properties":{"building":"yes","height":6,"heightSource":"default"},"geometry":{"type":"MultiPolygon","coordinates":[[[[590991.25,1898934.27],[590995.16,1898924.31],[591006.78,1898928.82],[591002.88,1898938.78],[590991.25,1898934.27]]]]}},{"type":"Feature","properties":{"building":"yes","height":6,"heightSource":"default"},"geometry":{"type":"MultiPolygon","coordinates":[[[[591017.74,1898929.77],[591022.02,1898923.12],[591035.06,1898931.4],[591030.79,1898938.05],[591017.74,1898929.77]]]]}},{"type":"Feature","properties":{"building":"yes","height":6,"heightSource":"default"},"geometry":{"type":"MultiPolygon","coordinates":[[[[591009.93,1898940.54],[591023.59,1898948.82],[591029.93,1898938.5],[591016.26,1898930.23],[591009.93,1898940.54]]]]}},{"type":"Feature","properties":{"building":"yes","height":6,"heightSource":"default"},"geometry":{"type":"MultiPolygon","coordinates":[[[[590864.46,1899053.55],[590860.73,1899047.4],[590867.7,1899043.23],[590871.43,1899049.38],[590864.46,1899053.55]]]]}},{"type":"Feature","properties":{"building":"yes","height":6,"heightSource":"default"},"geometry":{"type":"MultiPolygon","coordinates":[[[[591066.79,1899205.99],[591076.17,1899198.66],[591078.92,1899202.13],[591082.49,1899199.35],[591088.01,1899206.33],[591072.3,1899218.6],[591066.44,1899211.2],[591069.19,1899209.04],[591066.79,1899205.99]]]]}},{"type":"Feature","properties":{"building":"yes","height":6,"heightSource":"default"},"geometry":{"type":"MultiPolygon","coordinates":[[[[591099.21,1899222.09],[591111.36,1899215.08],[591115.84,1899222.75],[591103.68,1899229.77],[591099.21,1899222.09]]]]}},{"type":"Feature","properties":{"building":"yes","height":6,"heightSource":"default"},"geometry":{"type":"MultiPolygon","coordinates":[[[[591087.51,1899253.24],[591091.75,1899250.34],[591085.93,1899241.98],[591102.11,1899230.89],[591114.04,1899248.07],[591093.64,1899262.07],[591087.51,1899253.24]]]]}},{"type":"Feature","properties":{"building":"yes","height":6,"heightSource":"default"},"geometry":{"type":"MultiPolygon","coordinates":[[[[591049.74,1899192.84],[591062.22,1899181.29],[591070.34,1899189.96],[591057.85,1899201.51],[591049.74,1899192.84]]]]}},{"type":"Feature","properties":{"building":"yes","height":6,"heightSource":"default"},"geometry":{"type":"MultiPolygon","coordinates":[[[[591030.07,1899159.4],[591042.15,1899148.31],[591048.59,1899155.24],[591036.51,1899166.33],[591030.07,1899159.4]]]]}},{"type":"Feature","properties":{"building":"home","height":6,"heightSource":"default"},"geometry":{"type":"MultiPolygon","coordinates":[[[[590970.13,1899183.17],[590995.38,1899167.42],[591001.57,1899177.22],[590976.31,1899192.96],[590970.13,1899183.17]]]]}},{"type":"Feature","properties":{"building":"yes","height":6,"heightSource":"default"},"geometry":{"type":"MultiPolygon","coordinates":[[[[591787.95,1899003.81],[591825.64,1899009.21],[591828.29,1898990.94],[591790.59,1898985.54],[591787.95,1899003.81]]]]}},{"type":"Feature","properties":{"building":"yes","height":6,"heightSource":"default"},"geometry":{"type":"MultiPolygon","coordinates":[[[[591574.16,1898614],[591574.98,1898621.52],[591592.49,1898619.63],[591591.67,1898612.11],[591574.16,1898614]]]]}},{"type":"Feature","properties":{"building":"yes","height":6,"heightSource":"default"},"geometry":{"type":"MultiPolygon","coordinates":[[[[591572.14,1898604.43],[591573.38,1898612.16],[591594.12,1898608.84],[591592.87,1898601.11],[591572.14,1898604.43]]]]}},{"type":"Feature","properties":{"building":"yes","height":6,"heightSource":"default"},"geometry":{"type":"MultiPolygon","coordinates":[[[[591569.42,1898589.17],[591571.71,1898602.16],[591591.87,1898598.63],[591589.58,1898585.65],[591569.42,1898589.17]]]]}},{"type":"Feature","properties":{"building":"yes","height":6,"heightSource":"default"},"geometry":{"type":"MultiPolygon","coordinates":[[[[591346.33,1898622.85],[591360.49,1898645.26],[591376.73,1898635.12],[591362.56,1898612.71],[591346.33,1898622.85]]]]}},{"type":"Feature","properties":{"building":"yes","height":6,"heightSource":"default"},"geometry":{"type":"MultiPolygon","coordinates":[[[[591328.22,1898637.72],[591338.43,1898655.42],[591355.09,1898645.93],[591344.87,1898628.23],[591328.22,1898637.72]]]]}},{"type":"Feature","properties":{"building":"yes","height":6,"heightSource":"default"},"geometry":{"type":"MultiPolygon","coordinates":[[[[591405.18,1898587.59],[591419.07,1898619.71],[591426.79,1898616.41],[591412.89,1898584.3],[591405.18,1898587.59]]]]}},{"type":"Feature","properties":{"building":"yes","height":6,"heightSource":"default"},"geometry":{"type":"MultiPolygon","coordinates":[[[[591422.97,1898580.09],[591414.04,1898583.88],[591428.15,1898616.72],[591437.08,1898612.95],[591422.97,1898580.09]]]]}},{"type":"Feature","properties":{"building":"yes","height":6,"heightSource":"default"},"geometry":{"type":"MultiPolygon","coordinates":[[[[591424.68,1898580.02],[591438.71,1898615.91],[591471,1898603.44],[591456.98,1898567.55],[591424.68,1898580.02]]]]}},{"type":"Feature","properties":{"building":"yes","height":6,"heightSource":"default"},"geometry":{"type":"MultiPolygon","coordinates":[[[[591565.15,1898588.23],[591586.81,1898578.84],[591582.42,1898568.82],[591560.75,1898578.21],[591565.15,1898588.23]]]]}},{"type":"Feature","properties":{"building":"yes","height":6,"heightSource":"default"},"geometry":{"type":"MultiPolygon","coordinates":[[[[591562.78,1898575.53],[591581.28,1898567.52],[591579.23,1898562.85],[591560.72,1898570.87],[591562.78,1898575.53]]]]}},{"type":"Feature","properties":{"building":"yes","height":6,"heightSource":"default"},"geometry":{"type":"MultiPolygon","coordinates":[[[[591560.09,1898570.21],[591579.02,1898562],[591576.84,1898557.02],[591557.91,1898565.23],[591560.09,1898570.21]]]]}},{"type":"Feature","properties":{"building":"yes","height":6,"heightSource":"default"},"geometry":{"type":"MultiPolygon","coordinates":[[[[591558.48,1898563.61],[591576.21,1898555.92],[591574.08,1898551.05],[591556.34,1898558.74],[591558.48,1898563.61]]]]}},{"type":"Feature","properties":{"building":"yes","height":6,"heightSource":"default"},"geometry":{"type":"MultiPolygon","coordinates":[[[[591555.08,1898558.35],[591572.6,1898550.75],[591569.83,1898544.44],[591552.31,1898552.04],[591555.08,1898558.35]]]]}},{"type":"Feature","properties":{"building":"yes","height":6,"heightSource":"default"},"geometry":{"type":"MultiPolygon","coordinates":[[[[591551.69,1898551.31],[591569.52,1898543.58],[591565.94,1898535.43],[591548.11,1898543.16],[591551.69,1898551.31]]]]}},{"type":"Feature","properties":{"building":"yes","height":6,"heightSource":"default"},"geometry":{"type":"MultiPolygon","coordinates":[[[[591549.52,1898541.17],[591564.49,1898534.68],[591560.64,1898525.9],[591545.66,1898532.4],[591549.52,1898541.17]]]]}},{"type":"Feature","properties":{"building":"yes","height":6,"heightSource":"default"},"geometry":{"type":"MultiPolygon","coordinates":[[[[591545.75,1898531.05],[591560.25,1898524.77],[591557.26,1898517.95],[591542.75,1898524.23],[591545.75,1898531.05]]]]}},{"type":"Feature","properties":{"building":"yes","height":6,"heightSource":"default"},"geometry":{"type":"MultiPolygon","coordinates":[[[[591542.61,1898523.52],[591556.75,1898517.4],[591555.02,1898513.47],[591540.89,1898519.61],[591542.61,1898523.52]]]]}},{"type":"Feature","properties":{"building":"yes","height":6,"heightSource":"default"},"geometry":{"type":"MultiPolygon","coordinates":[[[[591540.56,1898518.86],[591554.85,1898512.68],[591552.23,1898506.74],[591537.95,1898512.92],[591540.56,1898518.86]]]]}},{"type":"Feature","properties":{"building":"yes","height":6,"heightSource":"default"},"geometry":{"type":"MultiPolygon","coordinates":[[[[591535.34,1898505.87],[591538.04,1898512.03],[591551.1,1898506.37],[591548.4,1898500.21],[591535.34,1898505.87]]]]}},{"type":"Feature","properties":{"building":"yes","height":6,"heightSource":"default"},"geometry":{"type":"MultiPolygon","coordinates":[[[[591531.39,1898496.78],[591534.84,1898504.67],[591545.93,1898499.87],[591542.47,1898491.98],[591531.39,1898496.78]]]]}},{"type":"Feature","properties":{"building":"yes","height":6,"heightSource":"default"},"geometry":{"type":"MultiPolygon","coordinates":[[[[591401.56,1898517.26],[591410.66,1898514.08],[591405.49,1898499.49],[591396.4,1898502.66],[591401.56,1898517.26]]]]}},{"type":"Feature","properties":{"building":"yes","height":6,"heightSource":"default"},"geometry":{"type":"MultiPolygon","coordinates":[[[[591388.15,1898520.68],[591399.17,1898516.82],[591394.08,1898502.42],[591383.05,1898506.26],[591388.15,1898520.68]]]]}},{"type":"Feature","properties":{"building":"yes","height":6,"heightSource":"default"},"geometry":{"type":"MultiPolygon","coordinates":[[[[591377.57,1898524.32],[591386.59,1898521.17],[591380.94,1898505.19],[591371.93,1898508.34],[591377.57,1898524.32]]]]}},{"type":"Feature","properties":{"building":"yes","height":6,"heightSource":"default"},"geometry":{"type":"MultiPolygon","coordinates":[[[[591368.14,1898526.82],[591376.57,1898523.88],[591371.85,1898510.54],[591363.43,1898513.48],[591368.14,1898526.82]]]]}},{"type":"Feature","properties":{"building":"yes","height":6,"heightSource":"default"},"geometry":{"type":"MultiPolygon","coordinates":[[[[591355.29,1898531.17],[591366.81,1898527.13],[591361.58,1898512.34],[591350.06,1898516.36],[591355.29,1898531.17]]]]}},{"type":"Feature","properties":{"building":"yes","height":6,"heightSource":"default"},"geometry":{"type":"MultiPolygon","coordinates":[[[[591345.93,1898534.73],[591354.32,1898531.8],[591348.79,1898516.18],[591340.41,1898519.11],[591345.93,1898534.73]]]]}},{"type":"Feature","properties":{"building":"yes","height":6,"heightSource":"default"},"geometry":{"type":"MultiPolygon","coordinates":[[[[591329.43,1898524.46],[591334.22,1898537.99],[591344.36,1898534.45],[591339.58,1898520.92],[591329.43,1898524.46]]]]}},{"type":"Feature","properties":{"building":"yes","height":6,"heightSource":"default"},"geometry":{"type":"MultiPolygon","coordinates":[[[[591312.3,1898528.21],[591317.33,1898542.45],[591331.77,1898537.41],[591326.72,1898523.17],[591312.3,1898528.21]]]]}},{"type":"Feature","properties":{"building":"yes","height":6,"heightSource":"default"},"geometry":{"type":"MultiPolygon","coordinates":[[[[591302.83,1898492.8],[591308.05,1898504.91],[591314.48,1898502.19],[591309.26,1898490.06],[591302.83,1898492.8]]]]}},{"type":"Feature","properties":{"building":"yes","height":6,"heightSource":"default"},"geometry":{"type":"MultiPolygon","coordinates":[[[[591286.26,1898497.4],[591288.03,1898510.85],[591298.02,1898509.55],[591296.25,1898496.1],[591286.26,1898497.4]]]]}},{"type":"Feature","properties":{"building":"yes","height":6,"heightSource":"default"},"geometry":{"type":"MultiPolygon","coordinates":[[[[591359.16,1898462.14],[591370.87,1898457.89],[591366.02,1898444.66],[591354.3,1898448.91],[591359.16,1898462.14]]]]}},{"type":"Feature","properties":{"building":"yes","height":6,"heightSource":"default"},"geometry":{"type":"MultiPolygon","coordinates":[[[[591347.37,1898466.63],[591357.76,1898462.86],[591352.59,1898448.78],[591342.2,1898452.55],[591347.37,1898466.63]]]]}},{"type":"Feature","properties":{"building":"yes","height":6,"heightSource":"default"},"geometry":{"type":"MultiPolygon","coordinates":[[[[591335.8,1898471.04],[591346.37,1898467.2],[591341.44,1898453.77],[591330.86,1898457.6],[591335.8,1898471.04]]]]}},{"type":"Feature","properties":{"building":"yes","height":6,"heightSource":"default"},"geometry":{"type":"MultiPolygon","coordinates":[[[[591325.51,1898475.25],[591334.69,1898471.92],[591329.15,1898456.83],[591319.97,1898460.17],[591325.51,1898475.25]]]]}},{"type":"Feature","properties":{"building":"yes","height":6,"heightSource":"default"},"geometry":{"type":"MultiPolygon","coordinates":[[[[591311.8,1898480.58],[591324.16,1898476.1],[591318.15,1898459.76],[591305.8,1898464.24],[591311.8,1898480.58]]]]}},{"type":"Feature","properties":{"building":"yes","height":6,"heightSource":"default"},"geometry":{"type":"MultiPolygon","coordinates":[[[[591238.55,1898528.95],[591241.76,1898545.05],[591257.28,1898542],[591254.08,1898525.89],[591238.55,1898528.95]]]]}},{"type":"Feature","properties":{"building":"yes","height":6,"heightSource":"default"},"geometry":{"type":"MultiPolygon","coordinates":[[[[591284.04,1898467.27],[591288.01,1898484.43],[591299.88,1898481.72],[591295.91,1898464.55],[591284.04,1898467.27]]]]}},{"type":"Feature","properties":{"building":"yes","height":6,"heightSource":"default"},"geometry":{"type":"MultiPolygon","coordinates":[[[[591271.83,1898471.04],[591275.49,1898486.89],[591285.68,1898484.57],[591282.02,1898468.72],[591271.83,1898471.04]]]]}},{"type":"Feature","properties":{"building":"yes","height":6,"heightSource":"default"},"geometry":{"type":"MultiPolygon","coordinates":[[[[591258.41,1898471.19],[591263.67,1898493.94],[591274.24,1898491.53],[591268.98,1898468.78],[591258.41,1898471.19]]]]}},{"type":"Feature","properties":{"building":"yes","height":6,"heightSource":"default"},"geometry":{"type":"MultiPolygon","coordinates":[[[[591246.49,1898473.55],[591251.69,1898496.01],[591262.24,1898493.61],[591257.05,1898471.14],[591246.49,1898473.55]]]]}},{"type":"Feature","properties":{"building":"yes","height":6,"heightSource":"default"},"geometry":{"type":"MultiPolygon","coordinates":[[[[591235.15,1898475.41],[591240.36,1898497.97],[591249.82,1898495.83],[591244.61,1898473.25],[591235.15,1898475.41]]]]}},{"type":"Feature","properties":{"building":"yes","height":6,"heightSource":"default"},"geometry":{"type":"MultiPolygon","coordinates":[[[[591222.88,1898477.13],[591228.49,1898501.43],[591238.97,1898499.03],[591233.35,1898474.74],[591222.88,1898477.13]]]]}},{"type":"Feature","properties":{"building":"yes","height":6,"heightSource":"default"},"geometry":{"type":"MultiPolygon","coordinates":[[[[591266.71,1898500.36],[591270.85,1898518.32],[591281.54,1898515.88],[591277.39,1898497.93],[591266.71,1898500.36]]]]}},{"type":"Feature","properties":{"building":"yes","height":6,"heightSource":"default"},"geometry":{"type":"MultiPolygon","coordinates":[[[[591254.35,1898502.51],[591258.59,1898520.82],[591269.33,1898518.38],[591265.1,1898500.05],[591254.35,1898502.51]]]]}},{"type":"Feature","properties":{"building":"yes","height":6,"heightSource":"default"},"geometry":{"type":"MultiPolygon","coordinates":[[[[591240.72,1898505.57],[591245.16,1898524.76],[591257.65,1898521.9],[591253.21,1898502.71],[591240.72,1898505.57]]]]}},{"type":"Feature","properties":{"building":"yes","height":6,"heightSource":"default"},"geometry":{"type":"MultiPolygon","coordinates":[[[[591326.4,1898483.47],[591331.16,1898495.68],[591341.35,1898491.76],[591336.58,1898479.55],[591326.4,1898483.47]]]]}},{"type":"Feature","properties":{"building":"yes","height":6,"heightSource":"default"},"geometry":{"type":"MultiPolygon","coordinates":[[[[591315.62,1898486.76],[591320.88,1898500.26],[591330.19,1898496.67],[591324.93,1898483.17],[591315.62,1898486.76]]]]}},{"type":"Feature","properties":{"building":"yes","height":6,"heightSource":"default"},"geometry":{"type":"MultiPolygon","coordinates":[[[[591367.9,1898469.7],[591371.4,1898478.67],[591382.21,1898474.5],[591378.71,1898465.53],[591367.9,1898469.7]]]]}},{"type":"Feature","properties":{"building":"yes","height":6,"heightSource":"default"},"geometry":{"type":"MultiPolygon","coordinates":[[[[591351.05,1898474.3],[591356.03,1898487.06],[591365.62,1898483.36],[591360.65,1898470.6],[591351.05,1898474.3]]]]}},{"type":"Feature","properties":{"building":"yes","height":6,"heightSource":"default"},"geometry":{"type":"MultiPolygon","coordinates":[[[[591341.04,1898478.71],[591345.8,1898490.91],[591353.92,1898487.78],[591349.16,1898475.59],[591341.04,1898478.71]]]]}},{"type":"Feature","properties":{"building":"yes","height":6,"heightSource":"default"},"geometry":{"type":"MultiPolygon","coordinates":[[[[591355.43,1898577.51],[591361.19,1898574.12],[591350.86,1898556.78],[591345.1,1898560.17],[591355.43,1898577.51]]]]}},{"type":"Feature","properties":{"building":"yes","height":6,"heightSource":"default"},"geometry":{"type":"MultiPolygon","coordinates":[[[[591349.67,1898580.91],[591355.43,1898577.51],[591345.1,1898560.17],[591339.34,1898563.57],[591349.67,1898580.91]]]]}},{"type":"Feature","properties":{"building":"yes","height":6,"heightSource":"default"},"geometry":{"type":"MultiPolygon","coordinates":[[[[591343.91,1898584.3],[591349.67,1898580.91],[591339.34,1898563.57],[591333.57,1898566.96],[591343.91,1898584.3]]]]}},{"type":"Feature","properties":{"building":"yes","height":6,"heightSource":"default"},"geometry":{"type":"MultiPolygon","coordinates":[[[[591338.15,1898587.69],[591343.91,1898584.3],[591333.57,1898566.96],[591327.81,1898570.35],[591338.15,1898587.69]]]]}},{"type":"Feature","properties":{"building":"yes","height":6,"heightSource":"default"},"geometry":{"type":"MultiPolygon","coordinates":[[[[591332.39,1898591.09],[591338.15,1898587.69],[591327.81,1898570.35],[591322.05,1898573.75],[591332.39,1898591.09]]]]}},{"type":"Feature","properties":{"building":"yes","height":6,"heightSource":"default"},"geometry":{"type":"MultiPolygon","coordinates":[[[[591326.62,1898594.48],[591332.39,1898591.09],[591322.05,1898573.75],[591316.28,1898577.13],[591326.62,1898594.48]]]]}},{"type":"Feature","properties":{"building":"yes","height":6,"heightSource":"default"},"geometry":{"type":"MultiPolygon","coordinates":[[[[591372.56,1898481.33],[591378.51,1898497.39],[591392.08,1898492.42],[591386.13,1898476.37],[591372.56,1898481.33]]]]}},{"type":"Feature","properties":{"building":"yes","height":6,"heightSource":"default"},"geometry":{"type":"MultiPolygon","coordinates":[[[[591362.84,1898485.83],[591368.28,1898500.32],[591376.21,1898497.38],[591370.76,1898482.88],[591362.84,1898485.83]]]]}},{"type":"Feature","properties":{"building":"yes","height":6,"heightSource":"default"},"geometry":{"type":"MultiPolygon","coordinates":[[[[591348.98,1898491.3],[591354.63,1898505.82],[591365.93,1898501.47],[591360.26,1898486.95],[591348.98,1898491.3]]]]}},{"type":"Feature","properties":{"building":"yes","height":6,"heightSource":"default"},"geometry":{"type":"MultiPolygon","coordinates":[[[[591336.54,1898495.71],[591342.01,1898509.85],[591352.67,1898505.8],[591347.19,1898491.64],[591336.54,1898495.71]]]]}},{"type":"Feature","properties":{"building":"yes","height":6,"heightSource":"default"},"geometry":{"type":"MultiPolygon","coordinates":[[[[591325.82,1898500.34],[591330.41,1898512.83],[591339.7,1898509.47],[591335.11,1898496.98],[591325.82,1898500.34]]]]}},{"type":"Feature","properties":{"building":"yes","height":6,"heightSource":"default"},"geometry":{"type":"MultiPolygon","coordinates":[[[[591312.83,1898504.54],[591316.68,1898518.48],[591327.17,1898515.62],[591323.33,1898501.67],[591312.83,1898504.54]]]]}},{"type":"Feature","properties":{"building":"yes","height":6,"heightSource":"default"},"geometry":{"type":"MultiPolygon","coordinates":[[[[591299.54,1898509.51],[591304.4,1898522.63],[591313.98,1898519.13],[591309.11,1898506.01],[591299.54,1898509.51]]]]}},{"type":"Feature","properties":{"building":"yes","height":6,"heightSource":"default"},"geometry":{"type":"MultiPolygon","coordinates":[[[[591287.32,1898515.62],[591292.81,1898529.35],[591303.1,1898525.28],[591297.61,1898511.56],[591287.32,1898515.62]]]]}},{"type":"Feature","properties":{"building":"yes","height":6,"heightSource":"default"},"geometry":{"type":"MultiPolygon","coordinates":[[[[591770.51,1898497.64],[591783.43,1898534.28],[591809.62,1898525.17],[591796.7,1898488.51],[591770.51,1898497.64]]]]}},{"type":"Feature","properties":{"building":"yes","height":6,"heightSource":"default"},"geometry":{"type":"MultiPolygon","coordinates":[[[[591802.38,1898574.46],[591805.93,1898584.51],[591831.15,1898575.73],[591827.6,1898565.68],[591802.38,1898574.46]]]]}},{"type":"Feature","properties":{"building":"yes","height":6,"heightSource":"default"},"geometry":{"type":"MultiPolygon","coordinates":[[[[591796.99,1898559.18],[591802.38,1898574.46],[591827.6,1898565.68],[591827.7,1898565.66],[591822.31,1898550.37],[591796.99,1898559.18]]]]}},{"type":"Feature","properties":{"building":"yes","height":6,"heightSource":"default"},"geometry":{"type":"MultiPolygon","coordinates":[[[[591792.98,1898547.78],[591796.99,1898559.18],[591821.63,1898550.59],[591817.62,1898539.2],[591792.98,1898547.78]]]]}},{"type":"Feature","properties":{"building":"yes","height":6,"heightSource":"default"},"geometry":{"type":"MultiPolygon","coordinates":[[[[591792.98,1898547.78],[591817.62,1898539.2],[591822.4,1898537.53],[591817.76,1898524.36],[591788.32,1898534.6],[591792.98,1898547.78]]]]}},{"type":"Feature","properties":{"building":"yes","height":6,"heightSource":"default"},"geometry":{"type":"MultiPolygon","coordinates":[[[[591717.45,1898531.42],[591709.95,1898534.03],[591714.53,1898547],[591722.02,1898544.4],[591717.45,1898531.42]]]]}},{"type":"Feature","properties":{"building":"yes","height":6,"heightSource":"default"},"geometry":{"type":"MultiPolygon","coordinates":[[[[591728.81,1898542.25],[591739.23,1898538.62],[591734.03,1898523.84],[591723.6,1898527.47],[591728.81,1898542.25]]]]}},{"type":"Feature","properties":{"building":"yes","height":6,"heightSource":"default"},"geometry":{"type":"MultiPolygon","coordinates":[[[[591717.2,1898553.25],[591721.65,1898565.85],[591729.57,1898563.09],[591725.14,1898550.5],[591717.2,1898553.25]]]]}},{"type":"Feature","properties":{"building":"yes","height":6,"heightSource":"default"},"geometry":{"type":"MultiPolygon","coordinates":[[[[591704.28,1898557.52],[591708.77,1898570.24],[591720.07,1898566.31],[591715.59,1898553.59],[591704.28,1898557.52]]]]}},{"type":"Feature","properties":{"building":"yes","height":6,"heightSource":"default"},"geometry":{"type":"MultiPolygon","coordinates":[[[[591682.85,1898505.82],[591676.62,1898508],[591682.83,1898525.64],[591689.07,1898523.47],[591682.85,1898505.82]]]]}},{"type":"Feature","properties":{"building":"yes","height":6,"heightSource":"default"},"geometry":{"type":"MultiPolygon","coordinates":[[[[591689.08,1898503.65],[591682.85,1898505.82],[591689.07,1898523.47],[591695.3,1898521.3],[591689.08,1898503.65]]]]}},{"type":"Feature","properties":{"building":"yes","height":6,"heightSource":"default"},"geometry":{"type":"MultiPolygon","coordinates":[[[[591695.31,1898501.48],[591689.08,1898503.65],[591695.3,1898521.3],[591701.53,1898519.13],[591695.31,1898501.48]]]]}},{"type":"Feature","properties":{"building":"yes","height":6,"heightSource":"default"},"geometry":{"type":"MultiPolygon","coordinates":[[[[591701.54,1898499.31],[591695.31,1898501.48],[591701.53,1898519.13],[591707.76,1898516.96],[591701.54,1898499.31]]]]}},{"type":"Feature","properties":{"building":"yes","height":6,"heightSource":"default"},"geometry":{"type":"MultiPolygon","coordinates":[[[[591707.77,1898497.15],[591701.54,1898499.31],[591707.76,1898516.96],[591713.99,1898514.79],[591707.77,1898497.15]]]]}},{"type":"Feature","properties":{"building":"yes","height":6,"heightSource":"default"},"geometry":{"type":"MultiPolygon","coordinates":[[[[591714.01,1898494.97],[591707.77,1898497.15],[591713.99,1898514.79],[591720.22,1898512.63],[591714.01,1898494.97]]]]}},{"type":"Feature","properties":{"building":"yes","height":6,"heightSource":"default"},"geometry":{"type":"MultiPolygon","coordinates":[[[[591720.24,1898492.8],[591714.01,1898494.97],[591720.22,1898512.63],[591726.47,1898510.45],[591720.24,1898492.8]]]]}},{"type":"Feature","properties":{"building":"yes","height":6,"heightSource":"default"},"geometry":{"type":"MultiPolygon","coordinates":[[[[591726.47,1898490.64],[591720.24,1898492.8],[591726.47,1898510.45],[591732.7,1898508.28],[591726.47,1898490.64]]]]}},{"type":"Feature","properties":{"building":"yes","height":6,"heightSource":"default"},"geometry":{"type":"MultiPolygon","coordinates":[[[[591852.11,1898640.82],[591863.74,1898639.6],[591862.33,1898626.38],[591850.7,1898627.61],[591852.11,1898640.82]]]]}},{"type":"Feature","properties":{"building":"yes","height":6,"heightSource":"default"},"geometry":{"type":"MultiPolygon","coordinates":[[[[591842.06,1898625.19],[591845.47,1898641.5],[591851.48,1898640.27],[591848.05,1898623.94],[591842.06,1898625.19]]]]}},{"type":"Feature","properties":{"building":"yes","height":6,"heightSource":"default"},"geometry":{"type":"MultiPolygon","coordinates":[[[[591828.48,1898645.33],[591829.56,1898657.74],[591842.12,1898656.67],[591841.04,1898644.25],[591828.48,1898645.33]]]]}},{"type":"Feature","properties":{"building":"yes","height":6,"heightSource":"default"},"geometry":{"type":"MultiPolygon","coordinates":[[[[591828.32,1898636.76],[591828.82,1898643.4],[591844.01,1898642.25],[591843.5,1898635.62],[591828.32,1898636.76]]]]}},{"type":"Feature","properties":{"building":"yes","height":6,"heightSource":"default"},"geometry":{"type":"MultiPolygon","coordinates":[[[[591821.28,1898629.84],[591823.36,1898638.01],[591828.32,1898636.76],[591842.78,1898633.13],[591840.7,1898624.97],[591821.28,1898629.84]]]]}},{"type":"Feature","properties":{"building":"yes","height":6,"heightSource":"default"},"geometry":{"type":"MultiPolygon","coordinates":[[[[591843.33,1898643.84],[591845.25,1898655.35],[591895.49,1898647.07],[591893.57,1898635.55],[591843.33,1898643.84]]]]}},{"type":"Feature","properties":{"building":"yes","height":6,"heightSource":"default"},"geometry":{"type":"MultiPolygon","coordinates":[[[[591864.23,1898384.99],[591872.98,1898402.22],[591886.85,1898395.26],[591878.1,1898378.04],[591864.23,1898384.99]]]]}},{"type":"Feature","properties":{"building":"yes","height":6,"heightSource":"default"},"geometry":{"type":"MultiPolygon","coordinates":[[[[591913.99,1898496.5],[591919.41,1898507.16],[591928.91,1898502.38],[591923.48,1898491.72],[591913.99,1898496.5]]]]}},{"type":"Feature","properties":{"building":"yes","height":6,"heightSource":"default"},"geometry":{"type":"MultiPolygon","coordinates":[[[[591880.45,1898539.24],[591889.45,1898537.01],[591884.16,1898515.92],[591875.16,1898518.15],[591880.45,1898539.24]]]]}},{"type":"Feature","properties":{"building":"yes","height":6,"heightSource":"default"},"geometry":{"type":"MultiPolygon","coordinates":[[[[591856.71,1898442.09],[591861.77,1898456.03],[591876.99,1898450.57],[591871.92,1898436.63],[591856.71,1898442.09]]]]}},{"type":"Feature","properties":{"building":"yes","height":6,"heightSource":"default"},"geometry":{"type":"MultiPolygon","coordinates":[[[[591860.32,1898430.48],[591869.75,1898427.05],[591863.34,1898409.66],[591853.91,1898413.09],[591860.32,1898430.48]]]]}},{"type":"Feature","properties":{"building":"yes","height":6,"heightSource":"default"},"geometry":{"type":"MultiPolygon","coordinates":[[[[591846.75,1898434.89],[591859.04,1898430.68],[591854.38,1898417.23],[591842.09,1898421.44],[591846.75,1898434.89]]]]}},{"type":"Feature","properties":{"building":"yes","height":6,"heightSource":"default"},"geometry":{"type":"MultiPolygon","coordinates":[[[[591827.17,1898442.81],[591832.6,1898440.49],[591825.61,1898424.3],[591820.18,1898426.62],[591827.17,1898442.81]]]]}},{"type":"Feature","properties":{"building":"yes","height":6,"heightSource":"default"},"geometry":{"type":"MultiPolygon","coordinates":[[[[591833.6,1898440.43],[591842.96,1898436.85],[591835.97,1898418.76],[591826.61,1898422.33],[591833.6,1898440.43]]]]}},{"type":"Feature","properties":{"building":"yes","height":6,"heightSource":"default"},"geometry":{"type":"MultiPolygon","coordinates":[[[[591821.69,1898344.47],[591826.28,1898356.79],[591844.49,1898350.1],[591839.91,1898337.78],[591821.69,1898344.47]]]]}},{"type":"Feature","properties":{"building":"yes","height":6,"heightSource":"default"},"geometry":{"type":"MultiPolygon","coordinates":[[[[591922.17,1898408.49],[591930.75,1898405.35],[591923.26,1898385.19],[591914.68,1898388.35],[591922.17,1898408.49]]]]}},{"type":"Feature","properties":{"building":"yes","height":6,"heightSource":"default"},"geometry":{"type":"MultiPolygon","coordinates":[[[[591913.59,1898411.65],[591922.17,1898408.49],[591914.68,1898388.35],[591906.09,1898391.49],[591913.59,1898411.65]]]]}},{"type":"Feature","properties":{"building":"yes","height":6,"heightSource":"default"},"geometry":{"type":"MultiPolygon","coordinates":[[[[591905.01,1898414.8],[591913.59,1898411.65],[591906.09,1898391.49],[591897.52,1898394.64],[591905.01,1898414.8]]]]}},{"type":"Feature","properties":{"building":"yes","height":6,"heightSource":"default"},"geometry":{"type":"MultiPolygon","coordinates":[[[[591896.43,1898417.95],[591905.01,1898414.8],[591897.52,1898394.64],[591888.93,1898397.8],[591896.43,1898417.95]]]]}},{"type":"Feature","properties":{"building":"yes","height":6,"heightSource":"default"},"geometry":{"type":"MultiPolygon","coordinates":[[[[591887.84,1898421.11],[591896.43,1898417.95],[591888.93,1898397.8],[591880.34,1898400.95],[591887.84,1898421.11]]]]}},{"type":"Feature","properties":{"building":"yes","height":6,"heightSource":"default"},"geometry":{"type":"MultiPolygon","coordinates":[[[[591879.26,1898424.26],[591887.84,1898421.11],[591880.34,1898400.95],[591871.77,1898404.1],[591879.26,1898424.26]]]]}},{"type":"Feature","properties":{"building":"yes","height":6,"heightSource":"default"},"geometry":{"type":"MultiPolygon","coordinates":[[[[591870.68,1898427.41],[591879.26,1898424.26],[591871.77,1898404.1],[591863.18,1898407.26],[591870.68,1898427.41]]]]}},{"type":"Feature","properties":{"building":"yes","height":6,"heightSource":"default"},"geometry":{"type":"MultiPolygon","coordinates":[[[[591908.07,1898389.51],[591918.65,1898385.02],[591911.2,1898367.69],[591900.62,1898372.17],[591908.07,1898389.51]]]]}},{"type":"Feature","properties":{"building":"yes","height":6,"heightSource":"default"},"geometry":{"type":"MultiPolygon","coordinates":[[[[591908.76,1898364.13],[591922.9,1898360.94],[591920.49,1898350.45],[591906.36,1898353.63],[591908.76,1898364.13]]]]}},{"type":"Feature","properties":{"building":"yes","height":6,"heightSource":"default"},"geometry":{"type":"MultiPolygon","coordinates":[[[[591865.31,1898366.07],[591872.07,1898379.91],[591883.43,1898374.43],[591876.68,1898360.59],[591865.31,1898366.07]]]]}},{"type":"Feature","properties":{"building":"yes","height":6,"heightSource":"default"},"geometry":{"type":"MultiPolygon","coordinates":[[[[591833.29,1898415.62],[591842.93,1898412.11],[591838.16,1898399.14],[591828.52,1898402.63],[591833.29,1898415.62]]]]}},{"type":"Feature","properties":{"building":"yes","height":6,"heightSource":"default"},"geometry":{"type":"MultiPolygon","coordinates":[[[[591834.86,1898383.73],[591841.72,1898381],[591837.36,1898370.21],[591830.5,1898372.94],[591834.86,1898383.73]]]]}},{"type":"Feature","properties":{"building":"yes","height":6,"heightSource":"default"},"geometry":{"type":"MultiPolygon","coordinates":[[[[591811.97,1898380.64],[591817.22,1898390.03],[591831.62,1898382.09],[591826.38,1898372.71],[591811.97,1898380.64]]]]}},{"type":"Feature","properties":{"building":"yes","height":6,"heightSource":"default"},"geometry":{"type":"MultiPolygon","coordinates":[[[[591857.11,1898399.35],[591863.4,1898395.83],[591854.69,1898380.42],[591848.4,1898383.95],[591857.11,1898399.35]]]]}},{"type":"Feature","properties":{"building":"yes","height":6,"heightSource":"default"},"geometry":{"type":"MultiPolygon","coordinates":[[[[591837.89,1898390.33],[591847.09,1898405.06],[591855.54,1898399.86],[591846.33,1898385.12],[591837.89,1898390.33]]]]}},{"type":"Feature","properties":{"building":"yes","height":6,"heightSource":"default"},"geometry":{"type":"MultiPolygon","coordinates":[[[[591825.07,1898419.41],[591831.5,1898416.32],[591827.73,1898408.56],[591821.29,1898411.65],[591825.07,1898419.41]]]]}},{"type":"Feature","properties":{"building":"yes","height":6,"heightSource":"default"},"geometry":{"type":"MultiPolygon","coordinates":[[[[591809.36,1898407.72],[591813.75,1898415.02],[591823.69,1898409.11],[591819.3,1898401.81],[591809.36,1898407.72]]]]}},{"type":"Feature","properties":{"building":"yes","height":6,"heightSource":"default"},"geometry":{"type":"MultiPolygon","coordinates":[[[[591803.76,1898399.12],[591808.29,1898406.76],[591818.87,1898400.57],[591814.34,1898392.92],[591803.76,1898399.12]]]]}},{"type":"Feature","properties":{"building":"yes","height":6,"heightSource":"default"},"geometry":{"type":"MultiPolygon","coordinates":[[[[591780.18,1898362.43],[591792.19,1898354.54],[591783.71,1898341.78],[591771.69,1898349.66],[591780.18,1898362.43]]]]}},{"type":"Feature","properties":{"building":"yes","height":6,"heightSource":"default"},"geometry":{"type":"MultiPolygon","coordinates":[[[[591784.07,1898368.76],[591797.48,1898388.67],[591807.85,1898381.76],[591794.44,1898361.86],[591784.07,1898368.76]]]]}},{"type":"Feature","properties":{"building":"yes","height":6,"heightSource":"default"},"geometry":{"type":"MultiPolygon","coordinates":[[[[591831.68,1898505.28],[591843.24,1898502.92],[591840.47,1898489.51],[591828.91,1898491.87],[591831.68,1898505.28]]]]}},{"type":"Feature","properties":{"building":"yes","height":6,"heightSource":"default"},"geometry":{"type":"MultiPolygon","coordinates":[[[[591832.91,1898514.64],[591842.49,1898511.99],[591840.78,1898505.91],[591831.22,1898508.56],[591832.91,1898514.64]]]]}},{"type":"Feature","properties":{"building":"yes","height":6,"heightSource":"default"},"geometry":{"type":"MultiPolygon","coordinates":[[[[591957.72,1898611.88],[591976.61,1898612.3],[591976.87,1898600.69],[591957.98,1898600.26],[591957.72,1898611.88]]]]}},{"type":"Feature","properties":{"building":"yes","height":6,"heightSource":"default"},"geometry":{"type":"MultiPolygon","coordinates":[[[[591934.55,1898594.48],[591936.06,1898608.07],[591955.89,1898605.89],[591954.38,1898592.3],[591934.55,1898594.48]]]]}},{"type":"Feature","properties":{"building":"yes","height":6,"heightSource":"default"},"geometry":{"type":"MultiPolygon","coordinates":[[[[591920.2,1898547.99],[591936.56,1898543.59],[591934.06,1898534.41],[591917.71,1898538.81],[591920.2,1898547.99]]]]}},{"type":"Feature","properties":{"building":"yes","height":6,"heightSource":"default"},"geometry":{"type":"MultiPolygon","coordinates":[[[[591916.26,1898537.26],[591931.68,1898532.87],[591927.94,1898519.91],[591912.52,1898524.3],[591916.26,1898537.26]]]]}},{"type":"Feature","properties":{"building":"yes","height":6,"heightSource":"default"},"geometry":{"type":"MultiPolygon","coordinates":[[[[591946.69,1898526.14],[591962.23,1898524.42],[591961.07,1898513.93],[591945.52,1898515.64],[591946.69,1898526.14]]]]}},{"type":"Feature","properties":{"building":"yes","height":6,"heightSource":"default"},"geometry":{"type":"MultiPolygon","coordinates":[[[[591945.26,1898512.94],[591967.8,1898510.77],[591966.92,1898501.69],[591944.36,1898503.86],[591945.26,1898512.94]]]]}},{"type":"Feature","properties":{"building":"yes","height":6,"heightSource":"default"},"geometry":{"type":"MultiPolygon","coordinates":[[[[591946.74,1898501.04],[591965.94,1898495.56],[591963.49,1898487.04],[591944.27,1898492.52],[591946.74,1898501.04]]]]}},{"type":"Feature","properties":{"building":"yes","height":6,"heightSource":"default"},"geometry":{"type":"MultiPolygon","coordinates":[[[[591947.14,1898489.77],[591963.2,1898484.22],[591960.61,1898476.79],[591944.54,1898482.33],[591947.14,1898489.77]]]]}},{"type":"Feature","properties":{"building":"yes","height":6,"heightSource":"default"},"geometry":{"type":"MultiPolygon","coordinates":[[[[591896.71,1898533.04],[591890.28,1898514.68],[591895.45,1898512.89],[591891.71,1898502.19],[591899.28,1898499.57],[591900.29,1898502.44],[591913.08,1898498.03],[591916.82,1898508.78],[591905.51,1898512.69],[591908.32,1898520.7],[591902.3,1898522.77],[591904.9,1898530.21],[591896.71,1898533.04]]]]}},{"type":"Feature","properties":{"building":"yes","height":6,"heightSource":"default"},"geometry":{"type":"MultiPolygon","coordinates":[[[[591839.15,1898556.2],[591848.86,1898553.98],[591840.15,1898516.46],[591830.45,1898518.68],[591839.15,1898556.2]]]]}},{"type":"Feature","properties":{"building":"yes","height":6,"heightSource":"default"},"geometry":{"type":"MultiPolygon","coordinates":[[[[591814.6,1898608.05],[591817.85,1898621.86],[591838.49,1898617.06],[591835.23,1898603.25],[591814.6,1898608.05]]]]}},{"type":"Feature","properties":{"building":"yes","height":6,"heightSource":"default"},"geometry":{"type":"MultiPolygon","coordinates":[[[[591933.61,1898467.8],[591941.4,1898483.66],[591963.56,1898472.92],[591955.77,1898457.06],[591933.61,1898467.8]]]]}},{"type":"Feature","properties":{"building":"yes","height":6,"heightSource":"default"},"geometry":{"type":"MultiPolygon","coordinates":[[[[591931.39,1898437.6],[591937.44,1898453.78],[591944.65,1898451.11],[591938.61,1898434.94],[591931.39,1898437.6]]]]}},{"type":"Feature","properties":{"building":"yes","height":6,"heightSource":"default"},"geometry":{"type":"MultiPolygon","coordinates":[[[[591929.65,1898460.63],[591937.88,1898454.79],[591928.81,1898442.17],[591920.58,1898448.02],[591929.65,1898460.63]]]]}},{"type":"Feature","properties":{"building":"yes","height":6,"heightSource":"default"},"geometry":{"type":"MultiPolygon","coordinates":[[[[591910.18,1898452.18],[591919.34,1898464.62],[591927,1898459.06],[591917.85,1898446.61],[591910.18,1898452.18]]]]}},{"type":"Feature","properties":{"building":"yes","height":6,"heightSource":"default"},"geometry":{"type":"MultiPolygon","coordinates":[[[[591943.78,1898444.04],[591947.29,1898455.11],[591968.25,1898448.54],[591964.74,1898437.46],[591943.78,1898444.04]]]]}},{"type":"Feature","properties":{"building":"yes","height":6,"heightSource":"default"},"geometry":{"type":"MultiPolygon","coordinates":[[[[591933.93,1898413.16],[591942.71,1898442.86],[591958.49,1898438.25],[591949.71,1898408.55],[591933.93,1898413.16]]]]}},{"type":"Feature","properties":{"building":"yes","height":6,"heightSource":"default"},"geometry":{"type":"MultiPolygon","coordinates":[[[[591883.75,1898430.68],[591874.07,1898434.01],[591882.25,1898457.5],[591891.94,1898454.16],[591883.75,1898430.68]]]]}},{"type":"Feature","properties":{"building":"yes","height":6,"heightSource":"default"},"geometry":{"type":"MultiPolygon","coordinates":[[[[591893.44,1898427.35],[591883.75,1898430.68],[591891.94,1898454.16],[591901.62,1898450.83],[591893.44,1898427.35]]]]}},{"type":"Feature","properties":{"building":"yes","height":6,"heightSource":"default"},"geometry":{"type":"MultiPolygon","coordinates":[[[[591903.13,1898424.02],[591893.44,1898427.35],[591901.62,1898450.83],[591911.3,1898447.5],[591903.13,1898424.02]]]]}},{"type":"Feature","properties":{"building":"yes","height":6,"heightSource":"default"},"geometry":{"type":"MultiPolygon","coordinates":[[[[591912.81,1898420.69],[591903.13,1898424.02],[591911.3,1898447.5],[591920.99,1898444.17],[591912.81,1898420.69]]]]}},{"type":"Feature","properties":{"building":"yes","height":6,"heightSource":"default"},"geometry":{"type":"MultiPolygon","coordinates":[[[[591922.5,1898417.36],[591912.81,1898420.69],[591920.99,1898444.17],[591930.68,1898440.84],[591922.5,1898417.36]]]]}},{"type":"Feature","properties":{"building":"yes","height":6,"heightSource":"default"},"geometry":{"type":"MultiPolygon","coordinates":[[[[591892.59,1898484.32],[591929.31,1898465.75],[591937.92,1898482.54],[591901.19,1898501.11],[591892.59,1898484.32]]]]}},{"type":"Feature","properties":{"building":"yes","height":6,"heightSource":"default"},"geometry":{"type":"MultiPolygon","coordinates":[[[[591849.47,1898500.07],[591866.78,1898496.59],[591867.97,1898502.43],[591880.38,1898499.94],[591882.3,1898509.35],[591871.39,1898511.54],[591873.18,1898520.33],[591854.37,1898524.11],[591849.47,1898500.07]]]]}},{"type":"Feature","properties":{"building":"yes","height":6,"heightSource":"default"},"geometry":{"type":"MultiPolygon","coordinates":[[[[591867.78,1898478.78],[591888.49,1898472.7],[591895.71,1898497.01],[591882.7,1898500.84],[591880.79,1898494.42],[591873.09,1898496.68],[591867.78,1898478.78]]]]}},{"type":"Feature","properties":{"building":"yes","height":6,"heightSource":"default"},"geometry":{"type":"MultiPolygon","coordinates":[[[[591861.56,1898234.17],[591872.4,1898229.81],[591874.51,1898235.01],[591872.17,1898235.95],[591873.4,1898238.99],[591868.53,1898240.95],[591867.69,1898238.88],[591864.06,1898240.34],[591861.56,1898234.17]]]]}},{"type":"Feature","properties":{"building":"yes","height":6,"heightSource":"default"},"geometry":{"type":"MultiPolygon","coordinates":[[[[591843.38,1898229.38],[591856.7,1898248.65],[591864.13,1898243.58],[591850.83,1898224.3],[591843.38,1898229.38]]]]}},{"type":"Feature","properties":{"building":"yes","height":6,"heightSource":"default"},"geometry":{"type":"MultiPolygon","coordinates":[[[[591904.64,1898616.17],[591904.45,1898629.22],[591918.14,1898629.42],[591918.33,1898616.38],[591904.64,1898616.17]]]]}},{"type":"Feature","properties":{"building":"yes","height":6,"heightSource":"default"},"geometry":{"type":"MultiPolygon","coordinates":[[[[591896.32,1898626.91],[591902.88,1898625.96],[591901.43,1898616.17],[591894.87,1898617.14],[591896.32,1898626.91]]]]}},{"type":"Feature","properties":{"building":"yes","height":6,"heightSource":"default"},"geometry":{"type":"MultiPolygon","coordinates":[[[[591887.02,1898634.53],[591895.15,1898633.71],[591893.54,1898617.78],[591885.4,1898618.6],[591887.02,1898634.53]]]]}},{"type":"Feature","properties":{"building":"yes","height":6,"heightSource":"default"},"geometry":{"type":"MultiPolygon","coordinates":[[[[591865.45,1898639.82],[591876.16,1898637.89],[591873.04,1898620.84],[591862.33,1898622.78],[591865.45,1898639.82]]]]}},{"type":"Feature","properties":{"building":"yes","height":6,"heightSource":"default"},"geometry":{"type":"MultiPolygon","coordinates":[[[[591882.31,1898458.93],[591887.18,1898471.12],[591896.04,1898467.6],[591891.16,1898455.43],[591882.31,1898458.93]]]]}},{"type":"Feature","properties":{"building":"yes","height":6,"heightSource":"default"},"geometry":{"type":"MultiPolygon","coordinates":[[[[591873.32,1898459.81],[591876.97,1898473.68],[591884.46,1898471.73],[591880.81,1898457.87],[591873.32,1898459.81]]]]}},{"type":"Feature","properties":{"building":"yes","height":6,"heightSource":"default"},"geometry":{"type":"MultiPolygon","coordinates":[[[[591863.53,1898462.68],[591867.71,1898476.27],[591875.99,1898473.75],[591871.82,1898460.16],[591863.53,1898462.68]]]]}},{"type":"Feature","properties":{"building":"yes","height":6,"heightSource":"default"},"geometry":{"type":"MultiPolygon","coordinates":[[[[591832.06,1898468.07],[591836.08,1898476.94],[591850.8,1898470.36],[591846.77,1898461.48],[591832.06,1898468.07]]]]}},{"type":"Feature","properties":{"building":"yes","height":6,"heightSource":"default"},"geometry":{"type":"MultiPolygon","coordinates":[[[[591827.78,1898451.53],[591831.66,1898464.59],[591854.51,1898457.89],[591850.63,1898444.83],[591827.78,1898451.53]]]]}},{"type":"Feature","properties":{"building":"yes","height":6,"heightSource":"default"},"geometry":{"type":"MultiPolygon","coordinates":[[[[591838.91,1898177.47],[591844.13,1898172.82],[591836.94,1898164.83],[591831.7,1898169.48],[591838.91,1898177.47]]]]}},{"type":"Feature","properties":{"building":"yes","height":6,"heightSource":"default"},"geometry":{"type":"MultiPolygon","coordinates":[[[[591834.33,1898181.99],[591838.48,1898178.82],[591821.9,1898157.38],[591817.75,1898160.55],[591834.33,1898181.99]]]]}},{"type":"Feature","properties":{"building":"yes","height":6,"heightSource":"default"},"geometry":{"type":"MultiPolygon","coordinates":[[[[591848.75,1898128.96],[591863.79,1898117.16],[591857.69,1898109.48],[591842.65,1898121.27],[591848.75,1898128.96]]]]}},{"type":"Feature","properties":{"building":"yes","height":6,"heightSource":"default"},"geometry":{"type":"MultiPolygon","coordinates":[[[[591834.3,1898107.77],[591843.02,1898119.7],[591856.98,1898109.63],[591848.25,1898097.7],[591834.3,1898107.77]]]]}},{"type":"Feature","properties":{"building":"yes","height":6,"heightSource":"default"},"geometry":{"type":"MultiPolygon","coordinates":[[[[591814.54,1898124.13],[591821.42,1898132.14],[591839.23,1898117.05],[591832.37,1898109.04],[591814.54,1898124.13]]]]}},{"type":"Feature","properties":{"building":"yes","height":6,"heightSource":"default"},"geometry":{"type":"MultiPolygon","coordinates":[[[[591796.22,1898138.15],[591805.63,1898148.43],[591819.74,1898135.65],[591810.33,1898125.39],[591796.22,1898138.15]]]]}},{"type":"Feature","properties":{"building":"yes","height":6,"heightSource":"default"},"geometry":{"type":"MultiPolygon","coordinates":[[[[591752.34,1898260.05],[591758.19,1898254.02],[591740.48,1898237.02],[591734.62,1898243.04],[591752.34,1898260.05]]]]}},{"type":"Feature","properties":{"building":"yes","height":6,"heightSource":"default"},"geometry":{"type":"MultiPolygon","coordinates":[[[[591746.48,1898266.07],[591752.34,1898260.05],[591734.62,1898243.04],[591728.78,1898249.07],[591746.48,1898266.07]]]]}},{"type":"Feature","properties":{"building":"yes","height":6,"heightSource":"default"},"geometry":{"type":"MultiPolygon","coordinates":[[[[591740.64,1898272.09],[591746.48,1898266.07],[591728.78,1898249.07],[591722.92,1898255.09],[591740.64,1898272.09]]]]}},{"type":"Feature","properties":{"building":"yes","height":6,"heightSource":"default"},"geometry":{"type":"MultiPolygon","coordinates":[[[[591734.78,1898278.11],[591740.64,1898272.09],[591722.92,1898255.09],[591717.08,1898261.12],[591734.78,1898278.11]]]]}},{"type":"Feature","properties":{"building":"yes","height":6,"heightSource":"default"},"geometry":{"type":"MultiPolygon","coordinates":[[[[591728.94,1898284.14],[591734.78,1898278.11],[591717.08,1898261.12],[591711.22,1898267.13],[591728.94,1898284.14]]]]}},{"type":"Feature","properties":{"building":"yes","height":6,"heightSource":"default"},"geometry":{"type":"MultiPolygon","coordinates":[[[[591723.08,1898290.15],[591728.94,1898284.14],[591711.22,1898267.13],[591705.37,1898273.16],[591723.08,1898290.15]]]]}},{"type":"Feature","properties":{"building":"yes","height":6,"heightSource":"default"},"geometry":{"type":"MultiPolygon","coordinates":[[[[591868.16,1898305.19],[591875.01,1898322],[591883.01,1898318.77],[591876.16,1898301.96],[591868.16,1898305.19]]]]}},{"type":"Feature","properties":{"building":"yes","height":6,"heightSource":"default"},"geometry":{"type":"MultiPolygon","coordinates":[[[[591859.66,1898308.13],[591865.51,1898324.64],[591872.51,1898322.2],[591866.65,1898305.68],[591859.66,1898308.13]]]]}},{"type":"Feature","properties":{"building":"yes","height":6,"heightSource":"default"},"geometry":{"type":"MultiPolygon","coordinates":[[[[591781.48,1898293.11],[591791.47,1898293.3],[591791.64,1898283.89],[591781.66,1898283.71],[591781.48,1898293.11]]]]}},{"type":"Feature","properties":{"building":"yes","height":6,"heightSource":"default"},"geometry":{"type":"MultiPolygon","coordinates":[[[[591796.14,1898284.25],[591806.15,1898278.2],[591798.54,1898265.75],[591788.52,1898271.8],[591796.14,1898284.25]]]]}},{"type":"Feature","properties":{"building":"yes","height":6,"heightSource":"default"},"geometry":{"type":"MultiPolygon","coordinates":[[[[591840.75,1898292.31],[591849.62,1898288.38],[591846.2,1898280.77],[591837.34,1898284.7],[591840.75,1898292.31]]]]}},{"type":"Feature","properties":{"building":"yes","height":6,"heightSource":"default"},"geometry":{"type":"MultiPolygon","coordinates":[[[[591822.81,1898302.37],[591831.74,1898296.88],[591826.13,1898287.83],[591817.19,1898293.33],[591822.81,1898302.37]]]]}},{"type":"Feature","properties":{"building":"yes","height":6,"heightSource":"default"},"geometry":{"type":"MultiPolygon","coordinates":[[[[591793.97,1898290.61],[591807.7,1898314.9],[591817.78,1898309.28],[591804.06,1898284.99],[591793.97,1898290.61]]]]}},{"type":"Feature","properties":{"building":"yes","height":6,"heightSource":"default"},"geometry":{"type":"MultiPolygon","coordinates":[[[[591827.21,1898258.59],[591836.52,1898268.46],[591849.41,1898256.47],[591840.1,1898246.58],[591827.21,1898258.59]]]]}},{"type":"Feature","properties":{"building":"yes","height":6,"heightSource":"default"},"geometry":{"type":"MultiPolygon","coordinates":[[[[591850.59,1898261.09],[591855.24,1898273.53],[591869.66,1898268.2],[591865.03,1898255.78],[591850.59,1898261.09]]]]}},{"type":"Feature","properties":{"building":"yes","height":6,"heightSource":"default"},"geometry":{"type":"MultiPolygon","coordinates":[[[[591886.67,1898584.34],[591897.14,1898582.01],[591894.58,1898570.62],[591884.1,1898572.97],[591886.67,1898584.34]]]]}},{"type":"Feature","properties":{"building":"yes","height":6,"heightSource":"default"},"geometry":{"type":"MultiPolygon","coordinates":[[[[591837.19,1898580.95],[591860.51,1898575.74],[591856.98,1898560.1],[591866.94,1898557.88],[591874.14,1898589.75],[591840.86,1898597.18],[591837.19,1898580.95]]]]}},{"type":"Feature","properties":{"building":"yes","height":6,"heightSource":"default"},"geometry":{"type":"MultiPolygon","coordinates":[[[[591899.75,1898610.93],[591908.24,1898609.39],[591904.78,1898590.57],[591896.29,1898592.12],[591899.75,1898610.93]]]]}},{"type":"Feature","properties":{"building":"yes","height":6,"heightSource":"default"},"geometry":{"type":"MultiPolygon","coordinates":[[[[591891.25,1898612.48],[591899.75,1898610.93],[591896.29,1898592.12],[591887.79,1898593.66],[591891.25,1898612.48]]]]}},{"type":"Feature","properties":{"building":"yes","height":6,"heightSource":"default"},"geometry":{"type":"MultiPolygon","coordinates":[[[[591882.76,1898614.01],[591891.25,1898612.48],[591887.79,1898593.66],[591879.3,1898595.2],[591882.76,1898614.01]]]]}},{"type":"Feature","properties":{"building":"yes","height":6,"heightSource":"default"},"geometry":{"type":"MultiPolygon","coordinates":[[[[591874.26,1898615.55],[591882.76,1898614.01],[591879.3,1898595.2],[591870.81,1898596.74],[591874.26,1898615.55]]]]}},{"type":"Feature","properties":{"building":"yes","height":6,"heightSource":"default"},"geometry":{"type":"MultiPolygon","coordinates":[[[[591865.77,1898617.09],[591874.26,1898615.55],[591870.81,1898596.74],[591862.31,1898598.27],[591865.77,1898617.09]]]]}},{"type":"Feature","properties":{"building":"yes","height":6,"heightSource":"default"},"geometry":{"type":"MultiPolygon","coordinates":[[[[591857.27,1898618.63],[591865.77,1898617.09],[591862.31,1898598.27],[591853.82,1898599.82],[591857.27,1898618.63]]]]}},{"type":"Feature","properties":{"building":"yes","height":6,"heightSource":"default"},"geometry":{"type":"MultiPolygon","coordinates":[[[[591848.78,1898620.16],[591857.27,1898618.63],[591853.82,1898599.82],[591845.32,1898601.35],[591848.78,1898620.16]]]]}},{"type":"Feature","properties":{"building":"yes","height":6,"heightSource":"default"},"geometry":{"type":"MultiPolygon","coordinates":[[[[591840.29,1898621.71],[591848.78,1898620.16],[591845.32,1898601.35],[591836.84,1898602.9],[591840.29,1898621.71]]]]}},{"type":"Feature","properties":{"building":"yes","height":6,"heightSource":"default"},"geometry":{"type":"MultiPolygon","coordinates":[[[[591776.67,1898463.14],[591785.9,1898459.21],[591778.88,1898441.83],[591769.9,1898445.32],[591776.67,1898463.14]]]]}},{"type":"Feature","properties":{"building":"yes","height":6,"heightSource":"default"},"geometry":{"type":"MultiPolygon","coordinates":[[[[591753.32,1898451.7],[591758.03,1898466.04],[591764.66,1898467.9],[591776.67,1898463.14],[591769.9,1898445.32],[591753.32,1898451.7]]]]}},{"type":"Feature","properties":{"building":"terrace","height":6,"heightSource":"default"},"geometry":{"type":"MultiPolygon","coordinates":[[[[591859.44,1898761.23],[591860.87,1898766.91],[591885.07,1898760.89],[591883.64,1898755.21],[591859.44,1898761.23]]]]}},{"type":"Feature","properties":{"building":"terrace","height":6,"heightSource":"default"},"geometry":{"type":"MultiPolygon","coordinates":[[[[591858.01,1898755.55],[591859.44,1898761.23],[591883.64,1898755.21],[591882.21,1898749.53],[591858.01,1898755.55]]]]}},{"type":"Feature","properties":{"building":"terrace","height":6,"heightSource":"default"},"geometry":{"type":"MultiPolygon","coordinates":[[[[591856.57,1898749.86],[591858.01,1898755.55],[591882.21,1898749.53],[591880.78,1898743.85],[591856.57,1898749.86]]]]}},{"type":"Feature","properties":{"building":"terrace","height":6,"heightSource":"default"},"geometry":{"type":"MultiPolygon","coordinates":[[[[591855.14,1898744.17],[591856.57,1898749.86],[591880.78,1898743.85],[591879.34,1898738.15],[591855.14,1898744.17]]]]}},{"type":"Feature","properties":{"building":"terrace","height":6,"heightSource":"default"},"geometry":{"type":"MultiPolygon","coordinates":[[[[591853.71,1898738.49],[591855.14,1898744.17],[591879.34,1898738.15],[591877.91,1898732.47],[591853.71,1898738.49]]]]}},{"type":"Feature","properties":{"building":"terrace","height":6,"heightSource":"default"},"geometry":{"type":"MultiPolygon","coordinates":[[[[591852.28,1898732.81],[591853.71,1898738.49],[591877.91,1898732.47],[591876.48,1898726.79],[591852.28,1898732.81]]]]}},{"type":"Feature","properties":{"building":"yes","height":6,"heightSource":"default"},"geometry":{"type":"MultiPolygon","coordinates":[[[[591747.12,1898440.98],[591751.18,1898451.05],[591773.07,1898442.33],[591769.01,1898432.26],[591747.12,1898440.98]]]]}},{"type":"Feature","properties":{"building":"yes","height":6,"heightSource":"default"},"geometry":{"type":"MultiPolygon","coordinates":[[[[591743.06,1898430.91],[591747.12,1898440.98],[591769.01,1898432.26],[591764.95,1898422.2],[591743.06,1898430.91]]]]}},{"type":"Feature","properties":{"building":"yes","height":6,"heightSource":"default"},"geometry":{"type":"MultiPolygon","coordinates":[[[[591739,1898420.85],[591743.06,1898430.91],[591764.95,1898422.2],[591760.89,1898412.12],[591739,1898420.85]]]]}},{"type":"Feature","properties":{"building":"yes","height":6,"heightSource":"default"},"geometry":{"type":"MultiPolygon","coordinates":[[[[591734.94,1898410.78],[591739,1898420.85],[591760.89,1898412.12],[591756.83,1898402.06],[591734.94,1898410.78]]]]}},{"type":"Feature","properties":{"building":"yes","height":6,"heightSource":"default"},"geometry":{"type":"MultiPolygon","coordinates":[[[[591730.88,1898400.71],[591734.94,1898410.78],[591756.83,1898402.06],[591752.77,1898392],[591730.88,1898400.71]]]]}},{"type":"Feature","properties":{"building":"yes","height":6,"heightSource":"default"},"geometry":{"type":"MultiPolygon","coordinates":[[[[591726.82,1898390.64],[591730.88,1898400.71],[591752.77,1898392],[591748.71,1898381.92],[591726.82,1898390.64]]]]}},{"type":"Feature","properties":{"building":"yes","height":6,"heightSource":"default"},"geometry":{"type":"MultiPolygon","coordinates":[[[[591722.76,1898380.58],[591726.82,1898390.64],[591748.71,1898381.92],[591744.65,1898371.86],[591722.76,1898380.58]]]]}},{"type":"Feature","properties":{"building":"yes","height":6,"heightSource":"default"},"geometry":{"type":"MultiPolygon","coordinates":[[[[591718.71,1898370.5],[591722.76,1898380.58],[591744.65,1898371.86],[591740.59,1898361.79],[591718.71,1898370.5]]]]}},{"type":"Feature","properties":{"building":"yes","height":6,"heightSource":"default"},"geometry":{"type":"MultiPolygon","coordinates":[[[[591714.65,1898360.44],[591718.71,1898370.5],[591740.59,1898361.79],[591736.53,1898351.72],[591714.65,1898360.44]]]]}},{"type":"Feature","properties":{"building":"yes","height":6,"heightSource":"default"},"geometry":{"type":"MultiPolygon","coordinates":[[[[591829.79,1898237.72],[591838.47,1898228.22],[591817.39,1898209.2],[591808.71,1898218.7],[591829.79,1898237.72]]]]}},{"type":"Feature","properties":{"building":"yes","height":6,"heightSource":"default"},"geometry":{"type":"MultiPolygon","coordinates":[[[[591821.13,1898247.22],[591829.79,1898237.72],[591808.71,1898218.7],[591800.05,1898228.19],[591821.13,1898247.22]]]]}},{"type":"Feature","properties":{"building":"yes","height":6,"heightSource":"default"},"geometry":{"type":"MultiPolygon","coordinates":[[[[591746.56,1898279.65],[591741.08,1898285.13],[591755.79,1898299.66],[591761.28,1898294.17],[591746.56,1898279.65]]]]}},{"type":"Feature","properties":{"building":"yes","height":6,"heightSource":"default"},"geometry":{"type":"MultiPolygon","coordinates":[[[[591752.05,1898274.15],[591746.56,1898279.65],[591761.28,1898294.17],[591766.77,1898288.68],[591752.05,1898274.15]]]]}},{"type":"Feature","properties":{"building":"yes","height":6,"heightSource":"default"},"geometry":{"type":"MultiPolygon","coordinates":[[[[591757.54,1898268.67],[591752.05,1898274.15],[591766.77,1898288.68],[591772.25,1898283.19],[591757.54,1898268.67]]]]}},{"type":"Feature","properties":{"building":"yes","height":6,"heightSource":"default"},"geometry":{"type":"MultiPolygon","coordinates":[[[[591763.03,1898263.17],[591757.54,1898268.67],[591772.25,1898283.19],[591777.75,1898277.71],[591763.03,1898263.17]]]]}},{"type":"Feature","properties":{"building":"yes","height":6,"heightSource":"default"},"geometry":{"type":"MultiPolygon","coordinates":[[[[591768.52,1898257.68],[591763.03,1898263.17],[591777.75,1898277.71],[591783.24,1898272.21],[591768.52,1898257.68]]]]}},{"type":"Feature","properties":{"building":"yes","height":6,"heightSource":"default"},"geometry":{"type":"MultiPolygon","coordinates":[[[[591774.01,1898252.2],[591768.52,1898257.68],[591783.24,1898272.21],[591788.72,1898266.72],[591774.01,1898252.2]]]]}},{"type":"Feature","properties":{"building":"yes","height":6,"heightSource":"default"},"geometry":{"type":"MultiPolygon","coordinates":[[[[591779.49,1898246.7],[591774.01,1898252.2],[591788.72,1898266.72],[591794.21,1898261.23],[591779.49,1898246.7]]]]}},{"type":"Feature","properties":{"building":"yes","height":6,"heightSource":"default"},"geometry":{"type":"MultiPolygon","coordinates":[[[[591784.98,1898241.22],[591779.49,1898246.7],[591794.21,1898261.23],[591799.69,1898255.74],[591784.98,1898241.22]]]]}},{"type":"Feature","properties":{"building":"yes","height":6,"heightSource":"default"},"geometry":{"type":"MultiPolygon","coordinates":[[[[591790.47,1898235.72],[591784.98,1898241.22],[591799.69,1898255.74],[591805.18,1898250.25],[591790.47,1898235.72]]]]}},{"type":"Feature","properties":{"building":"yes","height":6,"heightSource":"default"},"geometry":{"type":"MultiPolygon","coordinates":[[[[591795.95,1898230.23],[591790.47,1898235.72],[591805.18,1898250.25],[591810.67,1898244.76],[591795.95,1898230.23]]]]}},{"type":"Feature","properties":{"building":"yes","height":6,"heightSource":"default"},"geometry":{"type":"MultiPolygon","coordinates":[[[[591774.49,1898551.17],[591751.03,1898558.63],[591753.67,1898566.78],[591777.11,1898559.31],[591774.49,1898551.17]]]]}},{"type":"Feature","properties":{"building":"yes","height":6,"heightSource":"default"},"geometry":{"type":"MultiPolygon","coordinates":[[[[591746.62,1898546.51],[591749.96,1898556.86],[591773.69,1898549.31],[591770.35,1898538.95],[591746.62,1898546.51]]]]}},{"type":"Feature","properties":{"building":"yes","height":6,"heightSource":"default"},"geometry":{"type":"MultiPolygon","coordinates":[[[[591741.83,1898532.53],[591745.87,1898545.04],[591769.28,1898537.58],[591765.24,1898525.06],[591741.83,1898532.53]]]]}},{"type":"Feature","properties":{"building":"yes","height":6,"heightSource":"default"},"geometry":{"type":"MultiPolygon","coordinates":[[[[591735.42,1898509.01],[591739.11,1898519.02],[591761.62,1898510.82],[591757.93,1898500.82],[591735.42,1898509.01]]]]}},{"type":"Feature","properties":{"building":"yes","height":6,"heightSource":"default"},"geometry":{"type":"MultiPolygon","coordinates":[[[[591731.74,1898499.01],[591735.42,1898509.01],[591757.93,1898500.82],[591754.24,1898490.81],[591731.74,1898499.01]]]]}},{"type":"Feature","properties":{"building":"yes","height":6,"heightSource":"default"},"geometry":{"type":"MultiPolygon","coordinates":[[[[591728.05,1898489.01],[591731.74,1898499.01],[591754.24,1898490.81],[591750.55,1898480.82],[591728.05,1898489.01]]]]}},{"type":"Feature","properties":{"building":"house","height":6,"heightSource":"default"},"geometry":{"type":"MultiPolygon","coordinates":[[[[591682.89,1898558.99],[591685.76,1898567.07],[591691.61,1898565.02],[591694.35,1898572.73],[591706.44,1898568.5],[591700.84,1898552.71],[591682.89,1898558.99]]]]}},{"type":"Feature","properties":{"building":"yes","height":6,"heightSource":"default"},"geometry":{"type":"MultiPolygon","coordinates":[[[[591675.4,1898557.74],[591693.89,1898550.55],[591690.08,1898540.88],[591671.59,1898548.09],[591675.4,1898557.74]]]]}},{"type":"Feature","properties":{"building":"yes","height":6,"heightSource":"default"},"geometry":{"type":"MultiPolygon","coordinates":[[[[591293.2,1898604.74],[591301.16,1898615.66],[591308.19,1898610.6],[591300.24,1898599.68],[591293.2,1898604.74]]]]}},{"type":"Feature","properties":{"building":"yes","height":6,"heightSource":"default"},"geometry":{"type":"MultiPolygon","coordinates":[[[[591270.56,1898595.65],[591281.07,1898610.06],[591290.61,1898603.18],[591280.1,1898588.77],[591270.56,1898595.65]]]]}},{"type":"Feature","properties":{"building":"yes","height":6,"heightSource":"default"},"geometry":{"type":"MultiPolygon","coordinates":[[[[591181.91,1898675.49],[591191.43,1898692.11],[591201.87,1898686.2],[591192.35,1898669.59],[591181.91,1898675.49]]]]}},{"type":"Feature","properties":{"building":"yes","height":6,"heightSource":"default"},"geometry":{"type":"MultiPolygon","coordinates":[[[[591141.84,1898705.84],[591136.12,1898710.02],[591146.32,1898723.82],[591152.04,1898719.64],[591141.84,1898705.84]]]]}},{"type":"Feature","properties":{"building":"yes","height":6,"heightSource":"default"},"geometry":{"type":"MultiPolygon","coordinates":[[[[591147.56,1898701.66],[591141.84,1898705.84],[591152.04,1898719.64],[591157.76,1898715.46],[591147.56,1898701.66]]]]}},{"type":"Feature","properties":{"building":"yes","height":6,"heightSource":"default"},"geometry":{"type":"MultiPolygon","coordinates":[[[[591153.28,1898697.48],[591147.56,1898701.66],[591157.76,1898715.46],[591163.48,1898711.28],[591153.28,1898697.48]]]]}},{"type":"Feature","properties":{"building":"yes","height":6,"heightSource":"default"},"geometry":{"type":"MultiPolygon","coordinates":[[[[591159,1898693.3],[591153.28,1898697.48],[591163.48,1898711.28],[591169.2,1898707.1],[591159,1898693.3]]]]}},{"type":"Feature","properties":{"building":"yes","height":6,"heightSource":"default"},"geometry":{"type":"MultiPolygon","coordinates":[[[[591164.71,1898689.12],[591159,1898693.3],[591169.2,1898707.1],[591174.92,1898702.92],[591164.71,1898689.12]]]]}},{"type":"Feature","properties":{"building":"yes","height":6,"heightSource":"default"},"geometry":{"type":"MultiPolygon","coordinates":[[[[591170.43,1898684.94],[591164.71,1898689.12],[591174.92,1898702.92],[591180.64,1898698.74],[591170.43,1898684.94]]]]}},{"type":"Feature","properties":{"building":"yes","height":6,"heightSource":"default"},"geometry":{"type":"MultiPolygon","coordinates":[[[[591176.15,1898680.77],[591170.43,1898684.94],[591180.64,1898698.74],[591186.36,1898694.56],[591176.15,1898680.77]]]]}},{"type":"Feature","properties":{"building":"yes","height":6,"heightSource":"default"},"geometry":{"type":"MultiPolygon","coordinates":[[[[591369.77,1898529.81],[591376.9,1898547.46],[591392.54,1898541.22],[591385.42,1898523.57],[591369.77,1898529.81]]]]}},{"type":"Feature","properties":{"building":"yes","height":6,"heightSource":"default"},"geometry":{"type":"MultiPolygon","coordinates":[[[[591356.56,1898533.51],[591367.39,1898561.1],[591378.97,1898556.62],[591368.13,1898529.02],[591356.56,1898533.51]]]]}},{"type":"Feature","properties":{"building":"yes","height":6,"heightSource":"default"},"geometry":{"type":"MultiPolygon","coordinates":[[[[591523.4,1898996.54],[591523.34,1899009.44],[591547.58,1899009.55],[591547.64,1898996.65],[591523.4,1898996.54]]]]}},{"type":"Feature","properties":{"building":"yes","height":6,"heightSource":"default"},"geometry":{"type":"MultiPolygon","coordinates":[[[[591526.47,1898978.55],[591526.4,1898992.45],[591539.95,1898992.51],[591540.02,1898978.61],[591526.47,1898978.55]]]]}},{"type":"Feature","properties":{"building":"yes","height":6,"heightSource":"default"},"geometry":{"type":"MultiPolygon","coordinates":[[[[591544.55,1898971.48],[591559.84,1898972.05],[591560.24,1898961.64],[591544.94,1898961.05],[591544.55,1898971.48]]]]}},{"type":"Feature","properties":{"building":"yes","height":6,"heightSource":"default"},"geometry":{"type":"MultiPolygon","coordinates":[[[[591536.96,1898960.17],[591545.81,1898960.21],[591545.84,1898953.11],[591536.99,1898953.08],[591536.96,1898960.17]]]]}},{"type":"Feature","properties":{"building":"yes","height":6,"heightSource":"default"},"geometry":{"type":"MultiPolygon","coordinates":[[[[591551.64,1898948.6],[591565.11,1898948.56],[591565.08,1898939.35],[591551.6,1898939.4],[591551.64,1898948.6]]]]}},{"type":"Feature","properties":{"building":"yes","height":6,"heightSource":"default"},"geometry":{"type":"MultiPolygon","coordinates":[[[[591517.72,1898940.81],[591517.64,1898952.07],[591539.39,1898952.23],[591539.47,1898940.97],[591517.72,1898940.81]]]]}},{"type":"Feature","properties":{"building":"yes","height":6,"heightSource":"default"},"geometry":{"type":"MultiPolygon","coordinates":[[[[591516.93,1898926.83],[591517.29,1898939.32],[591540.69,1898938.65],[591540.32,1898926.16],[591516.93,1898926.83]]]]}},{"type":"Feature","properties":{"building":"yes","height":6,"heightSource":"default"},"geometry":{"type":"MultiPolygon","coordinates":[[[[591537.34,1898908],[591539.42,1898919.11],[591550.63,1898917.03],[591548.54,1898905.93],[591537.34,1898908]]]]}},{"type":"Feature","properties":{"building":"yes","height":6,"heightSource":"default"},"geometry":{"type":"MultiPolygon","coordinates":[[[[591516.43,1898892.66],[591516.37,1898906.85],[591524.78,1898906.88],[591524.85,1898892.7],[591516.43,1898892.66]]]]}},{"type":"Feature","properties":{"building":"yes","height":6,"heightSource":"default"},"geometry":{"type":"MultiPolygon","coordinates":[[[[591606.97,1898740.88],[591615.67,1898740.36],[591614.59,1898722.73],[591605.89,1898723.25],[591606.97,1898740.88]]]]}},{"type":"Feature","properties":{"building":"yes","height":6,"heightSource":"default"},"geometry":{"type":"MultiPolygon","coordinates":[[[[591581.37,1898658.83],[591592.2,1898690.36],[591603.34,1898686.59],[591592.51,1898655.05],[591581.37,1898658.83]]]]}},{"type":"Feature","properties":{"building":"yes","height":6,"heightSource":"default"},"geometry":{"type":"MultiPolygon","coordinates":[[[[591580.92,1898647.27],[591584.26,1898655.92],[591604.54,1898648.22],[591601.22,1898639.56],[591580.92,1898647.27]]]]}},{"type":"Feature","properties":{"building":"yes","height":6,"heightSource":"default"},"geometry":{"type":"MultiPolygon","coordinates":[[[[591551.75,1898633.54],[591554.09,1898643.1],[591567.94,1898639.75],[591565.6,1898630.2],[591551.75,1898633.54]]]]}},{"type":"Feature","properties":{"building":"yes","height":6,"heightSource":"default"},"geometry":{"type":"MultiPolygon","coordinates":[[[[591550.89,1898666.49],[591567.83,1898659.58],[591563.99,1898650.28],[591547.05,1898657.19],[591550.89,1898666.49]]]]}},{"type":"Feature","properties":{"building":"yes","height":6,"heightSource":"default"},"geometry":{"type":"MultiPolygon","coordinates":[[[[591551.98,1898677.77],[591570.23,1898671.19],[591566.71,1898661.54],[591548.46,1898668.12],[591551.98,1898677.77]]]]}},{"type":"Feature","properties":{"building":"yes","height":6,"heightSource":"default"},"geometry":{"type":"MultiPolygon","coordinates":[[[[591528.86,1898663.42],[591531.97,1898671.51],[591548.03,1898665.43],[591544.93,1898657.34],[591528.86,1898663.42]]]]}},{"type":"Feature","properties":{"building":"yes","height":6,"heightSource":"default"},"geometry":{"type":"MultiPolygon","coordinates":[[[[591540.25,1898685.17],[591546.38,1898702.2],[591564.65,1898695.71],[591558.51,1898678.67],[591540.25,1898685.17]]]]}},{"type":"Feature","properties":{"building":"yes","height":6,"heightSource":"default"},"geometry":{"type":"MultiPolygon","coordinates":[[[[591557.39,1898727.05],[591573.67,1898723.38],[591571.64,1898714.51],[591555.37,1898718.19],[591557.39,1898727.05]]]]}},{"type":"Feature","properties":{"building":"yes","height":6,"heightSource":"default"},"geometry":{"type":"MultiPolygon","coordinates":[[[[591516.37,1898726.75],[591527.79,1898721.09],[591525.89,1898717.32],[591530.52,1898715.03],[591532.42,1898718.8],[591536.58,1898716.73],[591544.35,1898732.17],[591524.14,1898742.21],[591516.37,1898726.75]]]]}},{"type":"Feature","properties":{"building":"yes","height":6,"heightSource":"default"},"geometry":{"type":"MultiPolygon","coordinates":[[[[591555.98,1898864.64],[591557.99,1898853.34],[591565.74,1898854.7],[591566.57,1898850.05],[591582.11,1898852.78],[591579.27,1898868.73],[591555.98,1898864.64]]]]}},{"type":"Feature","properties":{"building":"yes","height":6,"heightSource":"default"},"geometry":{"type":"MultiPolygon","coordinates":[[[[591427.49,1898621.65],[591432.45,1898634.08],[591441.17,1898630.65],[591436.21,1898618.21],[591427.49,1898621.65]]]]}},{"type":"Feature","properties":{"building":"yes","height":6,"heightSource":"default"},"geometry":{"type":"MultiPolygon","coordinates":[[[[591544.28,1898861.64],[591554.79,1898862.64],[591556.15,1898848.56],[591545.64,1898847.55],[591544.28,1898861.64]]]]}},{"type":"Feature","properties":{"building":"yes","height":6,"heightSource":"default"},"geometry":{"type":"MultiPolygon","coordinates":[[[[591569.17,1898836.34],[591590.15,1898836.43],[591590.2,1898823.95],[591569.23,1898823.86],[591569.17,1898836.34]]]]}},{"type":"Feature","properties":{"building":"yes","height":6,"heightSource":"default"},"geometry":{"type":"MultiPolygon","coordinates":[[[[591544.8,1898815.39],[591545,1898822.86],[591568.68,1898822.25],[591568.49,1898814.78],[591544.8,1898815.39]]]]}},{"type":"Feature","properties":{"building":"yes","height":6,"heightSource":"default"},"geometry":{"type":"MultiPolygon","coordinates":[[[[591593.59,1898815.25],[591601,1898815.28],[591601.04,1898807.56],[591593.62,1898807.53],[591593.59,1898815.25]]]]}},{"type":"Feature","properties":{"building":"yes","height":6,"heightSource":"default"},"geometry":{"type":"MultiPolygon","coordinates":[[[[591572.6,1898804.74],[591572.91,1898819.48],[591584.18,1898819.25],[591583.86,1898804.51],[591572.6,1898804.74]]]]}},{"type":"Feature","properties":{"building":"yes","height":6,"heightSource":"default"},"geometry":{"type":"MultiPolygon","coordinates":[[[[591576.18,1898799.94],[591584.49,1898798.78],[591583.19,1898789.49],[591574.87,1898790.65],[591576.18,1898799.94]]]]}},{"type":"Feature","properties":{"building":"yes","height":6,"heightSource":"default"},"geometry":{"type":"MultiPolygon","coordinates":[[[[591595.33,1898791.72],[591607.53,1898788.79],[591606.06,1898782.75],[591593.86,1898785.7],[591595.33,1898791.72]]]]}},{"type":"Feature","properties":{"building":"yes","height":6,"heightSource":"default"},"geometry":{"type":"MultiPolygon","coordinates":[[[[591575.71,1898778.46],[591578.52,1898788.67],[591595.98,1898783.94],[591593.18,1898773.71],[591575.71,1898778.46]]]]}},{"type":"Feature","properties":{"building":"yes","height":6,"heightSource":"default"},"geometry":{"type":"MultiPolygon","coordinates":[[[[589584.41,1899030.42],[589576.96,1899037.27],[589582.92,1899043.67],[589590.38,1899036.83],[589584.41,1899030.42]]]]}},{"type":"Feature","properties":{"building":"yes","height":6,"heightSource":"default"},"geometry":{"type":"MultiPolygon","coordinates":[[[[590919.9,1898867.28],[590939.36,1898889.81],[590954.81,1898876.65],[590935.34,1898854.1],[590919.9,1898867.28]]]]}},{"type":"Feature","properties":{"building":"yes","height":6,"heightSource":"default"},"geometry":{"type":"MultiPolygon","coordinates":[[[[591054.47,1898772.26],[591051.8,1898774.54],[591048.5,1898777.35],[591062.26,1898793.29],[591068.24,1898788.21],[591054.47,1898772.26]]]]}},{"type":"Feature","properties":{"building":"yes","height":6,"heightSource":"default"},"geometry":{"type":"MultiPolygon","coordinates":[[[[591060.44,1898767.17],[591054.47,1898772.26],[591068.24,1898788.21],[591074.21,1898783.11],[591060.44,1898767.17]]]]}},{"type":"Feature","properties":{"building":"yes","height":6,"heightSource":"default"},"geometry":{"type":"MultiPolygon","coordinates":[[[[591066.41,1898762.08],[591060.44,1898767.17],[591074.21,1898783.11],[591080.17,1898778.01],[591066.41,1898762.08]]]]}},{"type":"Feature","properties":{"building":"yes","height":6,"heightSource":"default"},"geometry":{"type":"MultiPolygon","coordinates":[[[[591072.39,1898756.98],[591066.41,1898762.08],[591080.17,1898778.01],[591086.14,1898772.92],[591072.39,1898756.98]]]]}},{"type":"Feature","properties":{"building":"yes","height":6,"heightSource":"default"},"geometry":{"type":"MultiPolygon","coordinates":[[[[591078.35,1898751.88],[591072.39,1898756.98],[591086.14,1898772.92],[591092.12,1898767.83],[591078.35,1898751.88]]]]}},{"type":"Feature","properties":{"building":"yes","height":6,"heightSource":"default"},"geometry":{"type":"MultiPolygon","coordinates":[[[[591084.32,1898746.8],[591078.35,1898751.88],[591092.12,1898767.83],[591098.09,1898762.74],[591084.32,1898746.8]]]]}},{"type":"Feature","properties":{"building":"yes","height":6,"heightSource":"default"},"geometry":{"type":"MultiPolygon","coordinates":[[[[591396.77,1898407.94],[591406.42,1898405.33],[591403.48,1898394.55],[591393.83,1898397.15],[591396.77,1898407.94]]]]}},{"type":"Feature","properties":{"building":"yes","height":6,"heightSource":"default"},"geometry":{"type":"MultiPolygon","coordinates":[[[[591409.61,1898376.81],[591409.52,1898395.66],[591421.21,1898395.71],[591421.3,1898376.86],[591409.61,1898376.81]]]]}},{"type":"Feature","properties":{"building":"yes","height":6,"heightSource":"default"},"geometry":{"type":"MultiPolygon","coordinates":[[[[591299.28,1898374.62],[591298.33,1898391.12],[591306.47,1898391.58],[591307.41,1898375.07],[591299.28,1898374.62]]]]}},{"type":"Feature","properties":{"building":"yes","height":6,"heightSource":"default"},"geometry":{"type":"MultiPolygon","coordinates":[[[[591290.15,1898374.79],[591288.83,1898390.3],[591296.81,1898390.98],[591298.14,1898375.46],[591290.15,1898374.79]]]]}},{"type":"Feature","properties":{"building":"yes","height":6,"heightSource":"default"},"geometry":{"type":"MultiPolygon","coordinates":[[[[591331.66,1898423.1],[591331.32,1898430.16],[591338.03,1898430.47],[591338.36,1898423.42],[591331.66,1898423.1]]]]}},{"type":"Feature","properties":{"building":"yes","height":6,"heightSource":"default"},"geometry":{"type":"MultiPolygon","coordinates":[[[[591305.95,1898399.31],[591304.72,1898416.03],[591317.28,1898416.94],[591318.5,1898400.22],[591305.95,1898399.31]]]]}},{"type":"Feature","properties":{"building":"yes","height":6,"heightSource":"default"},"geometry":{"type":"MultiPolygon","coordinates":[[[[591307.75,1898379.34],[591306.49,1898393.56],[591316.76,1898394.46],[591318.02,1898380.23],[591307.75,1898379.34]]]]}},{"type":"Feature","properties":{"building":"yes","height":6,"heightSource":"default"},"geometry":{"type":"MultiPolygon","coordinates":[[[[591325.24,1898392.88],[591321.96,1898418.24],[591333.52,1898419.71],[591336.78,1898394.34],[591325.24,1898392.88]]]]}},{"type":"Feature","properties":{"building":"yes","height":6,"heightSource":"default"},"geometry":{"type":"MultiPolygon","coordinates":[[[[591342.19,1898428.39],[591340.54,1898441.57],[591355.93,1898443.48],[591357.6,1898430.31],[591342.19,1898428.39]]]]}},{"type":"Feature","properties":{"building":"yes","height":6,"heightSource":"default"},"geometry":{"type":"MultiPolygon","coordinates":[[[[591368.23,1898379.17],[591368.17,1898393.36],[591380.43,1898393.41],[591380.5,1898379.23],[591368.23,1898379.17]]]]}},{"type":"Feature","properties":{"building":"yes","height":6,"heightSource":"default"},"geometry":{"type":"MultiPolygon","coordinates":[[[[591377.7,1898332.71],[591377.82,1898356.09],[591385.45,1898356.05],[591385.34,1898332.68],[591377.7,1898332.71]]]]}},{"type":"Feature","properties":{"building":"yes","height":6,"heightSource":"default"},"geometry":{"type":"MultiPolygon","coordinates":[[[[591378.02,1898308.55],[591387.66,1898308.87],[591388.1,1898295.89],[591378.47,1898295.56],[591378.02,1898308.55]]]]}},{"type":"Feature","properties":{"building":"yes","height":6,"heightSource":"default"},"geometry":{"type":"MultiPolygon","coordinates":[[[[591389.25,1898319.44],[591402.01,1898319.5],[591402.09,1898302.13],[591389.33,1898302.07],[591389.25,1898319.44]]]]}},{"type":"Feature","properties":{"building":"yes","height":6,"heightSource":"default"},"geometry":{"type":"MultiPolygon","coordinates":[[[[591397.93,1898340.18],[591410.11,1898341.91],[591412.47,1898325.47],[591400.28,1898323.74],[591397.93,1898340.18]]]]}},{"type":"Feature","properties":{"building":"yes","height":6,"heightSource":"default"},"geometry":{"type":"MultiPolygon","coordinates":[[[[591424.68,1898354.47],[591440.27,1898356.48],[591441.74,1898345.14],[591426.16,1898343.14],[591424.68,1898354.47]]]]}},{"type":"Feature","properties":{"building":"yes","height":6,"heightSource":"default"},"geometry":{"type":"MultiPolygon","coordinates":[[[[591412.83,1898325.08],[591425.53,1898335.6],[591434.42,1898325.01],[591421.72,1898314.49],[591412.83,1898325.08]]]]}},{"type":"Feature","properties":{"building":"yes","height":6,"heightSource":"default"},"geometry":{"type":"MultiPolygon","coordinates":[[[[591445.4,1898379.09],[591454.91,1898380.3],[591456.39,1898368.83],[591446.87,1898367.61],[591445.4,1898379.09]]]]}},{"type":"Feature","properties":{"building":"yes","height":6,"heightSource":"default"},"geometry":{"type":"MultiPolygon","coordinates":[[[[591464.57,1898397.03],[591474.12,1898392.92],[591471.01,1898385.81],[591461.46,1898389.94],[591464.57,1898397.03]]]]}},{"type":"Feature","properties":{"building":"yes","height":6,"heightSource":"default"},"geometry":{"type":"MultiPolygon","coordinates":[[[[591465.68,1898406.26],[591470.05,1898416.49],[591484.99,1898410.17],[591480.61,1898399.95],[591465.68,1898406.26]]]]}},{"type":"Feature","properties":{"building":"yes","height":6,"heightSource":"default"},"geometry":{"type":"MultiPolygon","coordinates":[[[[591432.21,1898426.1],[591436.03,1898433.77],[591444.04,1898429.84],[591440.22,1898422.16],[591432.21,1898426.1]]]]}},{"type":"Feature","properties":{"building":"yes","height":6,"heightSource":"default"},"geometry":{"type":"MultiPolygon","coordinates":[[[[591418.21,1898431.14],[591420.9,1898440.96],[591428.89,1898438.8],[591426.2,1898428.98],[591418.21,1898431.14]]]]}},{"type":"Feature","properties":{"building":"yes","height":6,"heightSource":"default"},"geometry":{"type":"MultiPolygon","coordinates":[[[[591424.04,1898402.82],[591427.93,1898415.53],[591435.79,1898413.15],[591431.89,1898400.44],[591424.04,1898402.82]]]]}},{"type":"Feature","properties":{"building":"yes","height":6,"heightSource":"default"},"geometry":{"type":"MultiPolygon","coordinates":[[[[591410.19,1898406.44],[591415.71,1898420.53],[591425.85,1898416.61],[591420.33,1898402.51],[591410.19,1898406.44]]]]}},{"type":"Feature","properties":{"building":"yes","height":6,"heightSource":"default"},"geometry":{"type":"MultiPolygon","coordinates":[[[[591395.91,1898410.91],[591400.84,1898422.82],[591412.14,1898418.19],[591407.19,1898406.28],[591395.91,1898410.91]]]]}},{"type":"Feature","properties":{"building":"yes","height":6,"heightSource":"default"},"geometry":{"type":"MultiPolygon","coordinates":[[[[591405.06,1898434.91],[591408.77,1898446.32],[591416.63,1898443.8],[591412.92,1898432.4],[591405.06,1898434.91]]]]}},{"type":"Feature","properties":{"building":"yes","height":6,"heightSource":"default"},"geometry":{"type":"MultiPolygon","coordinates":[[[[591394.36,1898439.4],[591397.03,1898449.6],[591405.6,1898447.37],[591402.92,1898437.17],[591394.36,1898439.4]]]]}},{"type":"Feature","properties":{"building":"yes","height":6,"heightSource":"default"},"geometry":{"type":"MultiPolygon","coordinates":[[[[591378.5,1898443.16],[591380.88,1898454.29],[591392.73,1898451.78],[591390.35,1898440.66],[591378.5,1898443.16]]]]}},{"type":"Feature","properties":{"building":"yes","height":6,"heightSource":"default"},"geometry":{"type":"MultiPolygon","coordinates":[[[[591404.9,1898456.74],[591408.29,1898468.11],[591417.07,1898465.53],[591413.69,1898454.15],[591404.9,1898456.74]]]]}},{"type":"Feature","properties":{"building":"yes","height":6,"heightSource":"default"},"geometry":{"type":"MultiPolygon","coordinates":[[[[591415.83,1898453.24],[591421.83,1898464.06],[591428.12,1898460.61],[591422.12,1898449.8],[591415.83,1898453.24]]]]}},{"type":"Feature","properties":{"building":"yes","height":6,"heightSource":"default"},"geometry":{"type":"MultiPolygon","coordinates":[[[[591421.71,1898446.26],[591429.42,1898461.45],[591436.56,1898457.86],[591428.85,1898442.67],[591421.71,1898446.26]]]]}},{"type":"Feature","properties":{"building":"yes","height":6,"heightSource":"default"},"geometry":{"type":"MultiPolygon","coordinates":[[[[591438.69,1898459.94],[591443.51,1898469.11],[591450.01,1898465.73],[591445.19,1898456.56],[591438.69,1898459.94]]]]}},{"type":"Feature","properties":{"building":"yes","height":6,"heightSource":"default"},"geometry":{"type":"MultiPolygon","coordinates":[[[[591434.98,1898444.69],[591440.35,1898456.73],[591448.63,1898453.08],[591443.27,1898441.03],[591434.98,1898444.69]]]]}},{"type":"Feature","properties":{"building":"yes","height":6,"heightSource":"default"},"geometry":{"type":"MultiPolygon","coordinates":[[[[591442.86,1898434.93],[591450.53,1898451.61],[591461.97,1898446.41],[591454.3,1898429.74],[591442.86,1898434.93]]]]}},{"type":"Feature","properties":{"building":"yes","height":6,"heightSource":"default"},"geometry":{"type":"MultiPolygon","coordinates":[[[[591459.52,1898427.28],[591463.86,1898436.4],[591472.37,1898432.39],[591468.03,1898423.28],[591459.52,1898427.28]]]]}},{"type":"Feature","properties":{"building":"yes","height":6,"heightSource":"default"},"geometry":{"type":"MultiPolygon","coordinates":[[[[591481.99,1898427.03],[591493.95,1898422.25],[591490.22,1898413.01],[591478.25,1898417.8],[591481.99,1898427.03]]]]}},{"type":"Feature","properties":{"building":"yes","height":6,"heightSource":"default"},"geometry":{"type":"MultiPolygon","coordinates":[[[[591472.69,1898431.67],[591481.25,1898428.13],[591477.08,1898418.19],[591468.53,1898421.72],[591472.69,1898431.67]]]]}},{"type":"Feature","properties":{"building":"yes","height":6,"heightSource":"default"},"geometry":{"type":"MultiPolygon","coordinates":[[[[591473.96,1898435.36],[591482.01,1898454.04],[591505.84,1898443.9],[591497.8,1898425.22],[591473.96,1898435.36]]]]}},{"type":"Feature","properties":{"building":"yes","height":6,"heightSource":"default"},"geometry":{"type":"MultiPolygon","coordinates":[[[[591441.62,1898489.23],[591447.21,1898502.64],[591453.35,1898500.11],[591447.77,1898486.7],[591441.62,1898489.23]]]]}},{"type":"Feature","properties":{"building":"yes","height":6,"heightSource":"default"},"geometry":{"type":"MultiPolygon","coordinates":[[[[591430.5,1898488.47],[591437,1898506.21],[591445.14,1898503.27],[591438.65,1898485.53],[591430.5,1898488.47]]]]}},{"type":"Feature","properties":{"building":"yes","height":6,"heightSource":"default"},"geometry":{"type":"MultiPolygon","coordinates":[[[[591419.19,1898530.95],[591433.93,1898522.36],[591424.42,1898506.27],[591409.7,1898514.84],[591419.19,1898530.95]]]]}},{"type":"Feature","properties":{"building":"yes","height":6,"heightSource":"default"},"geometry":{"type":"MultiPolygon","coordinates":[[[[591397.41,1898521.64],[591407.45,1898542.18],[591415.6,1898538.25],[591405.56,1898517.7],[591397.41,1898521.64]]]]}},{"type":"Feature","properties":{"building":"yes","height":6,"heightSource":"default"},"geometry":{"type":"MultiPolygon","coordinates":[[[[591388.41,1898525.28],[591398.33,1898546.52],[591405.33,1898543.29],[591395.41,1898522.05],[591388.41,1898525.28]]]]}},{"type":"Feature","properties":{"building":"yes","height":6,"heightSource":"default"},"geometry":{"type":"MultiPolygon","coordinates":[[[[591444.97,1898475.42],[591453.62,1898496.38],[591465.84,1898491.4],[591457.19,1898470.44],[591444.97,1898475.42]]]]}},{"type":"Feature","properties":{"building":"yes","height":6,"heightSource":"default"},"geometry":{"type":"MultiPolygon","coordinates":[[[[591407.41,1898486.31],[591441.71,1898475.18],[591437.34,1898461.9],[591403.04,1898473.04],[591407.41,1898486.31]]]]}},{"type":"Feature","properties":{"building":"yes","height":6,"heightSource":"default"},"geometry":{"type":"MultiPolygon","coordinates":[[[[591452.68,1898457.88],[591455.82,1898464.8],[591464.27,1898461.01],[591461.12,1898454.09],[591452.68,1898457.88]]]]}},{"type":"Feature","properties":{"building":"yes","height":6,"heightSource":"default"},"geometry":{"type":"MultiPolygon","coordinates":[[[[591463.36,1898447.79],[591467.94,1898458.88],[591479.95,1898453.97],[591475.35,1898442.88],[591463.36,1898447.79]]]]}},{"type":"Feature","properties":{"building":"yes","height":6,"heightSource":"default"},"geometry":{"type":"MultiPolygon","coordinates":[[[[591488.4,1898460.23],[591496.63,1898470.88],[591505.5,1898464.12],[591497.27,1898453.46],[591488.4,1898460.23]]]]}},{"type":"Feature","properties":{"building":"yes","height":6,"heightSource":"default"},"geometry":{"type":"MultiPolygon","coordinates":[[[[591466.97,1898467.08],[591472.59,1898477],[591484.17,1898470.53],[591478.56,1898460.61],[591466.97,1898467.08]]]]}},{"type":"Feature","properties":{"building":"yes","height":6,"heightSource":"default"},"geometry":{"type":"MultiPolygon","coordinates":[[[[591787.98,1898100.76],[591798.77,1898117.93],[591813.5,1898108.79],[591802.71,1898091.61],[591787.98,1898100.76]]]]}},{"type":"Feature","properties":{"building":"yes","height":6,"heightSource":"default"},"geometry":{"type":"MultiPolygon","coordinates":[[[[591775.67,1898108.93],[591790.11,1898127.44],[591799.99,1898119.83],[591785.55,1898101.32],[591775.67,1898108.93]]]]}},{"type":"Feature","properties":{"building":"yes","height":6,"heightSource":"default"},"geometry":{"type":"MultiPolygon","coordinates":[[[[591746.39,1898358.02],[591750.43,1898364.28],[591763.54,1898355.92],[591759.5,1898349.67],[591746.39,1898358.02]]]]}},{"type":"Feature","properties":{"building":"yes","height":6,"heightSource":"default"},"geometry":{"type":"MultiPolygon","coordinates":[[[[591765.79,1898356.84],[591747.4,1898367.47],[591753.13,1898377.27],[591771.53,1898366.64],[591765.79,1898356.84]]]]}},{"type":"Feature","properties":{"building":"yes","height":6,"heightSource":"default"},"geometry":{"type":"MultiPolygon","coordinates":[[[[591752.22,1898378.11],[591757.1,1898387.42],[591777.36,1898376.94],[591772.47,1898367.62],[591752.22,1898378.11]]]]}},{"type":"Feature","properties":{"building":"yes","height":6,"heightSource":"default"},"geometry":{"type":"MultiPolygon","coordinates":[[[[591778.76,1898378.02],[591761.54,1898386.48],[591765.07,1898393.58],[591782.29,1898385.12],[591778.76,1898378.02]]]]}},{"type":"Feature","properties":{"building":"yes","height":6,"heightSource":"default"},"geometry":{"type":"MultiPolygon","coordinates":[[[[591788.67,1898393.09],[591773.73,1898399.16],[591777.82,1898409.1],[591792.76,1898403.03],[591788.67,1898393.09]]]]}},{"type":"Feature","properties":{"building":"yes","height":6,"heightSource":"default"},"geometry":{"type":"MultiPolygon","coordinates":[[[[591738.53,1898345.23],[591746.62,1898355.9],[591757.91,1898347.45],[591749.83,1898336.77],[591738.53,1898345.23]]]]}},{"type":"Feature","properties":{"building":"yes","height":6,"heightSource":"default"},"geometry":{"type":"MultiPolygon","coordinates":[[[[591708.13,1898350.49],[591712.22,1898359.58],[591729.6,1898351.84],[591725.5,1898342.75],[591708.13,1898350.49]]]]}},{"type":"Feature","properties":{"building":"yes","height":6,"heightSource":"default"},"geometry":{"type":"MultiPolygon","coordinates":[[[[591718.9,1898333.95],[591731.25,1898346.47],[591749.01,1898329.18],[591736.66,1898316.66],[591718.9,1898333.95]]]]}},{"type":"Feature","properties":{"building":"yes","height":6,"heightSource":"default"},"geometry":{"type":"MultiPolygon","coordinates":[[[[591708.98,1898319.59],[591720.89,1898330.99],[591732.93,1898318.58],[591721.01,1898307.16],[591708.98,1898319.59]]]]}},{"type":"Feature","properties":{"building":"yes","height":6,"heightSource":"default"},"geometry":{"type":"MultiPolygon","coordinates":[[[[591695.59,1898283.58],[591708.95,1898297.11],[591717.47,1898288.78],[591704.11,1898275.25],[591695.59,1898283.58]]]]}},{"type":"Feature","properties":{"building":"yes","height":6,"heightSource":"default"},"geometry":{"type":"MultiPolygon","coordinates":[[[[591718.39,1898206.42],[591734.27,1898227.73],[591742.79,1898221.46],[591726.91,1898200.15],[591718.39,1898206.42]]]]}},{"type":"Feature","properties":{"building":"yes","height":6,"heightSource":"default"},"geometry":{"type":"MultiPolygon","coordinates":[[[[591724.03,1898236.86],[591732.83,1898231.23],[591717.88,1898208.16],[591709.09,1898213.78],[591724.03,1898236.86]]]]}},{"type":"Feature","properties":{"building":"yes","height":6,"heightSource":"default"},"geometry":{"type":"MultiPolygon","coordinates":[[[[591697.93,1898221],[591713.04,1898238.99],[591719.84,1898233.36],[591704.73,1898215.37],[591697.93,1898221]]]]}},{"type":"Feature","properties":{"building":"yes","height":6,"heightSource":"default"},"geometry":{"type":"MultiPolygon","coordinates":[[[[591692.27,1898242.67],[591701.23,1898254.32],[591709.39,1898248.12],[591700.43,1898236.47],[591692.27,1898242.67]]]]}},{"type":"Feature","properties":{"building":"yes","height":6,"heightSource":"default"},"geometry":{"type":"MultiPolygon","coordinates":[[[[591660.81,1898261.24],[591666.98,1898269.14],[591677.72,1898260.84],[591671.56,1898252.95],[591660.81,1898261.24]]]]}},{"type":"Feature","properties":{"building":"yes","height":6,"heightSource":"default"},"geometry":{"type":"MultiPolygon","coordinates":[[[[591656.83,1898256.77],[591660.81,1898261.24],[591676.54,1898247.47],[591672.57,1898242.98],[591656.83,1898256.77]]]]}},{"type":"Feature","properties":{"building":"yes","height":6,"heightSource":"default"},"geometry":{"type":"MultiPolygon","coordinates":[[[[591666.96,1898272.11],[591672.2,1898281],[591684.32,1898273.94],[591679.09,1898265.06],[591666.96,1898272.11]]]]}},{"type":"Feature","properties":{"building":"yes","height":6,"heightSource":"default"},"geometry":{"type":"MultiPolygon","coordinates":[[[[591673.68,1898284.98],[591679.36,1898291.66],[591690.35,1898282.45],[591684.68,1898275.77],[591673.68,1898284.98]]]]}},{"type":"Feature","properties":{"building":"yes","height":6,"heightSource":"default"},"geometry":{"type":"MultiPolygon","coordinates":[[[[591679.13,1898293.16],[591685.59,1898301.69],[591698.52,1898292.04],[591692.07,1898283.5],[591679.13,1898293.16]]]]}},{"type":"Feature","properties":{"building":"yes","height":6,"heightSource":"default"},"geometry":{"type":"MultiPolygon","coordinates":[[[[591700.11,1898292.46],[591685.52,1898303.09],[591693.18,1898313.48],[591707.77,1898302.85],[591700.11,1898292.46]]]]}},{"type":"Feature","properties":{"building":"yes","height":6,"heightSource":"default"},"geometry":{"type":"MultiPolygon","coordinates":[[[[591750.19,1898208.98],[591756.73,1898217.51],[591762.6,1898213.08],[591756.05,1898204.53],[591750.19,1898208.98]]]]}},{"type":"Feature","properties":{"building":"yes","height":6,"heightSource":"default"},"geometry":{"type":"MultiPolygon","coordinates":[[[[591735.08,1898189.7],[591743.97,1898200.99],[591754.13,1898193.11],[591745.24,1898181.8],[591735.08,1898189.7]]]]}},{"type":"Feature","properties":{"building":"yes","height":6,"heightSource":"default"},"geometry":{"type":"MultiPolygon","coordinates":[[[[591727.27,1898196.83],[591743.67,1898219.46],[591751.25,1898214.03],[591734.86,1898191.39],[591727.27,1898196.83]]]]}},{"type":"Feature","properties":{"building":"yes","height":6,"heightSource":"default"},"geometry":{"type":"MultiPolygon","coordinates":[[[[591779.2,1898212.58],[591789.14,1898223.28],[591793.3,1898219.47],[591783.36,1898208.77],[591779.2,1898212.58]]]]}},{"type":"Feature","properties":{"building":"yes","height":6,"heightSource":"default"},"geometry":{"type":"MultiPolygon","coordinates":[[[[591768.31,1898222.46],[591782.75,1898234.63],[591790.35,1898225.73],[591775.91,1898213.56],[591768.31,1898222.46]]]]}},{"type":"Feature","properties":{"building":"yes","height":6,"heightSource":"default"},"geometry":{"type":"MultiPolygon","coordinates":[[[[591756.02,1898197.16],[591765.94,1898214.85],[591776.09,1898209.22],[591766.17,1898191.53],[591756.02,1898197.16]]]]}},{"type":"Feature","properties":{"building":"yes","height":6,"heightSource":"default"},"geometry":{"type":"MultiPolygon","coordinates":[[[[591746.61,1898180.54],[591757.37,1898193.98],[591765.31,1898187.71],[591754.55,1898174.27],[591746.61,1898180.54]]]]}},{"type":"Feature","properties":{"building":"yes","height":6,"heightSource":"default"},"geometry":{"type":"MultiPolygon","coordinates":[[[[591755.98,1898172.28],[591767.3,1898185.55],[591776.17,1898178.08],[591764.87,1898164.81],[591755.98,1898172.28]]]]}},{"type":"Feature","properties":{"building":"yes","height":6,"heightSource":"default"},"geometry":{"type":"MultiPolygon","coordinates":[[[[591766.94,1898163.4],[591775.05,1898173.57],[591784.36,1898166.23],[591776.24,1898156.07],[591766.94,1898163.4]]]]}},{"type":"Feature","properties":{"building":"yes","height":6,"heightSource":"default"},"geometry":{"type":"MultiPolygon","coordinates":[[[[591776.68,1898153.66],[591797.83,1898188.09],[591808.27,1898181.76],[591787.12,1898147.33],[591776.68,1898153.66]]]]}},{"type":"Feature","properties":{"building":"yes","height":6,"heightSource":"default"},"geometry":{"type":"MultiPolygon","coordinates":[[[[591817.28,1898150.37],[591821.94,1898156.83],[591834.4,1898147.96],[591829.72,1898141.5],[591817.28,1898150.37]]]]}},{"type":"Feature","properties":{"building":"yes","height":6,"heightSource":"default"},"geometry":{"type":"MultiPolygon","coordinates":[[[[591805.92,1898153.65],[591812.68,1898162.83],[591820.34,1898157.27],[591813.58,1898148.09],[591805.92,1898153.65]]]]}},{"type":"Feature","properties":{"building":"yes","height":6,"heightSource":"default"},"geometry":{"type":"MultiPolygon","coordinates":[[[[591789.42,1898145.15],[591798.21,1898156.35],[591804.94,1898151.13],[591796.14,1898139.92],[591789.42,1898145.15]]]]}},{"type":"Feature","properties":{"building":"yes","height":6,"heightSource":"default"},"geometry":{"type":"MultiPolygon","coordinates":[[[[591310.09,1898332.41],[591316.98,1898352.86],[591331.7,1898347.95],[591324.81,1898327.52],[591310.09,1898332.41]]]]}},{"type":"Feature","properties":{"building":"yes","height":6,"heightSource":"default"},"geometry":{"type":"MultiPolygon","coordinates":[[[[591236.83,1898708.34],[591243.32,1898723.47],[591255.9,1898718.14],[591249.4,1898703.01],[591236.83,1898708.34]]]]}},{"type":"Feature","properties":{"building":"yes","height":6,"heightSource":"default"},"geometry":{"type":"MultiPolygon","coordinates":[[[[591257.5,1898712.47],[591264.81,1898728.19],[591273.67,1898724.12],[591266.35,1898708.4],[591257.5,1898712.47]]]]}},{"type":"Feature","properties":{"building":"yes","height":6,"heightSource":"default"},"geometry":{"type":"MultiPolygon","coordinates":[[[[591256.3,1898709.63],[591264.87,1898705.21],[591258.16,1898692.36],[591249.58,1898696.78],[591256.3,1898709.63]]]]}},{"type":"Feature","properties":{"building":"yes","height":6,"heightSource":"default"},"geometry":{"type":"MultiPolygon","coordinates":[[[[591267.57,1898707.27],[591274.3,1898703.76],[591265.16,1898686.51],[591258.44,1898690.02],[591267.57,1898707.27]]]]}},{"type":"Feature","properties":{"building":"yes","height":6,"heightSource":"default"},"geometry":{"type":"MultiPolygon","coordinates":[[[[591273.23,1898686.32],[591279.02,1898702.06],[591289.23,1898698.35],[591283.44,1898682.6],[591273.23,1898686.32]]]]}},{"type":"Feature","properties":{"building":"yes","height":6,"heightSource":"default"},"geometry":{"type":"MultiPolygon","coordinates":[[[[591274.43,1898705.25],[591280.08,1898721.56],[591287.44,1898719.04],[591281.79,1898702.73],[591274.43,1898705.25]]]]}},{"type":"Feature","properties":{"building":"yes","height":6,"heightSource":"default"},"geometry":{"type":"MultiPolygon","coordinates":[[[[591348.19,1898668.86],[591351.7,1898675.46],[591364.14,1898668.92],[591360.63,1898662.32],[591348.19,1898668.86]]]]}},{"type":"Feature","properties":{"building":"yes","height":6,"heightSource":"default"},"geometry":{"type":"MultiPolygon","coordinates":[[[[591341.97,1898657.41],[591346.34,1898665.62],[591352.35,1898662.46],[591347.97,1898654.25],[591341.97,1898657.41]]]]}},{"type":"Feature","properties":{"building":"yes","height":6,"heightSource":"default"},"geometry":{"type":"MultiPolygon","coordinates":[[[[591303.05,1898666.53],[591315.86,1898694.34],[591323.58,1898690.83],[591310.78,1898663.02],[591303.05,1898666.53]]]]}},{"type":"Feature","properties":{"building":"yes","height":6,"heightSource":"default"},"geometry":{"type":"MultiPolygon","coordinates":[[[[591321.98,1898677.67],[591332.03,1898697.27],[591350.89,1898687.7],[591340.84,1898668.12],[591321.98,1898677.67]]]]}},{"type":"Feature","properties":{"building":"yes","height":6,"heightSource":"default"},"geometry":{"type":"MultiPolygon","coordinates":[[[[591360.05,1898647.93],[591364.32,1898656.59],[591377.32,1898650.27],[591373.06,1898641.61],[591360.05,1898647.93]]]]}},{"type":"Feature","properties":{"building":"yes","height":6,"heightSource":"default"},"geometry":{"type":"MultiPolygon","coordinates":[[[[591377.79,1898603.35],[591387.07,1898621.99],[591394.21,1898618.48],[591384.94,1898599.84],[591377.79,1898603.35]]]]}},{"type":"Feature","properties":{"building":"yes","height":6,"heightSource":"default"},"geometry":{"type":"MultiPolygon","coordinates":[[[[591367.07,1898607.98],[591378.3,1898629.59],[591386.38,1898625.45],[591375.15,1898603.83],[591367.07,1898607.98]]]]}},{"type":"Feature","properties":{"building":"yes","height":6,"heightSource":"default"},"geometry":{"type":"MultiPolygon","coordinates":[[[[591449.11,1898612.85],[591451.64,1898619.6],[591464.97,1898614.64],[591462.43,1898607.89],[591449.11,1898612.85]]]]}},{"type":"Feature","properties":{"building":"yes","height":6,"heightSource":"default"},"geometry":{"type":"MultiPolygon","coordinates":[[[[591420.74,1898631.89],[591426.89,1898629.65],[591423.31,1898620],[591417.18,1898622.24],[591420.74,1898631.89]]]]}},{"type":"Feature","properties":{"building":"yes","height":6,"heightSource":"default"},"geometry":{"type":"MultiPolygon","coordinates":[[[[591391.65,1898629.35],[591397.49,1898658.29],[591419.76,1898653.85],[591413.92,1898624.92],[591391.65,1898629.35]]]]}},{"type":"Feature","properties":{"building":"yes","height":6,"heightSource":"default"},"geometry":{"type":"MultiPolygon","coordinates":[[[[591393.09,1898675.01],[591379.15,1898680.77],[591383.37,1898690.85],[591397.31,1898685.1],[591393.09,1898675.01]]]]}},{"type":"Feature","properties":{"building":"yes","height":6,"heightSource":"default"},"geometry":{"type":"MultiPolygon","coordinates":[[[[591396.62,1898668.36],[591402.87,1898683.32],[591413.12,1898679.09],[591406.87,1898664.13],[591396.62,1898668.36]]]]}},{"type":"Feature","properties":{"building":"yes","height":6,"heightSource":"default"},"geometry":{"type":"MultiPolygon","coordinates":[[[[591442.69,1898651.49],[591449.32,1898666.16],[591458.18,1898662.22],[591451.57,1898647.53],[591442.69,1898651.49]]]]}},{"type":"Feature","properties":{"building":"yes","height":6,"heightSource":"default"},"geometry":{"type":"MultiPolygon","coordinates":[[[[591433.63,1898654.28],[591440.54,1898669.62],[591447.56,1898666.5],[591440.64,1898651.16],[591433.63,1898654.28]]]]}},{"type":"Feature","properties":{"building":"yes","height":6,"heightSource":"default"},"geometry":{"type":"MultiPolygon","coordinates":[[[[591424.26,1898658.06],[591430.44,1898672.84],[591438.99,1898669.32],[591432.81,1898654.54],[591424.26,1898658.06]]]]}},{"type":"Feature","properties":{"building":"yes","height":6,"heightSource":"default"},"geometry":{"type":"MultiPolygon","coordinates":[[[[591475.79,1898650.22],[591478.48,1898656.65],[591493.24,1898650.56],[591490.54,1898644.12],[591475.79,1898650.22]]]]}},{"type":"Feature","properties":{"building":"yes","height":6,"heightSource":"default"},"geometry":{"type":"MultiPolygon","coordinates":[[[[591471.78,1898636.24],[591475.04,1898644],[591486.31,1898639.34],[591483.06,1898631.58],[591471.78,1898636.24]]]]}},{"type":"Feature","properties":{"building":"yes","height":6,"heightSource":"default"},"geometry":{"type":"MultiPolygon","coordinates":[[[[591457.51,1898637.94],[591459.41,1898646.59],[591471.35,1898644],[591469.45,1898635.35],[591457.51,1898637.94]]]]}},{"type":"Feature","properties":{"building":"yes","height":6,"heightSource":"default"},"geometry":{"type":"MultiPolygon","coordinates":[[[[591402.43,1898611.26],[591408.36,1898624.42],[591417.91,1898620.15],[591411.98,1898607.01],[591402.43,1898611.26]]]]}},{"type":"Feature","properties":{"building":"yes","height":6,"heightSource":"default"},"geometry":{"type":"MultiPolygon","coordinates":[[[[591385.94,1898597.43],[591393.14,1898614.66],[591399.62,1898611.98],[591392.42,1898594.76],[591385.94,1898597.43]]]]}},{"type":"Feature","properties":{"building":"commercial","height":6.4,"heightSource":"inferred"},"geometry":{"type":"MultiPolygon","coordinates":[[[[590450.63,1899195.98],[590453.81,1899195.12],[590449.7,1899180.17],[590446.52,1899181.03],[590450.63,1899195.98]]]]}},{"type":"Feature","properties":{"building":"commercial","height":6.4,"heightSource":"inferred"},"geometry":{"type":"MultiPolygon","coordinates":[[[[590447.44,1899196.83],[590450.63,1899195.98],[590446.52,1899181.03],[590443.32,1899181.88],[590447.44,1899196.83]]]]}},{"type":"Feature","properties":{"building":"commercial","height":6.4,"heightSource":"inferred"},"geometry":{"type":"MultiPolygon","coordinates":[[[[590444.25,1899197.69],[590447.44,1899196.83],[590443.32,1899181.88],[590440.14,1899182.74],[590444.25,1899197.69]]]]}},{"type":"Feature","properties":{"building":"commercial","height":6.4,"heightSource":"inferred"},"geometry":{"type":"MultiPolygon","coordinates":[[[[590441.07,1899198.54],[590444.25,1899197.69],[590440.14,1899182.74],[590436.95,1899183.59],[590441.07,1899198.54]]]]}},{"type":"Feature","properties":{"building":"commercial","height":6.4,"heightSource":"inferred"},"geometry":{"type":"MultiPolygon","coordinates":[[[[590437.87,1899199.4],[590441.07,1899198.54],[590436.95,1899183.59],[590433.76,1899184.45],[590437.87,1899199.4]]]]}},{"type":"Feature","properties":{"building":"commercial","height":6.4,"heightSource":"inferred"},"geometry":{"type":"MultiPolygon","coordinates":[[[[590434.69,1899200.26],[590437.87,1899199.4],[590433.76,1899184.45],[590430.58,1899185.31],[590434.69,1899200.26]]]]}},{"type":"Feature","properties":{"building":"commercial","height":6.4,"heightSource":"inferred"},"geometry":{"type":"MultiPolygon","coordinates":[[[[590431.5,1899201.11],[590434.69,1899200.26],[590430.58,1899185.31],[590427.38,1899186.16],[590431.5,1899201.11]]]]}},{"type":"Feature","properties":{"building":"commercial","height":6.4,"heightSource":"inferred"},"geometry":{"type":"MultiPolygon","coordinates":[[[[590428.31,1899201.97],[590431.5,1899201.11],[590427.38,1899186.16],[590424.2,1899187.02],[590428.31,1899201.97]]]]}},{"type":"Feature","properties":{"building":"yes","height":6,"heightSource":"default"},"geometry":{"type":"MultiPolygon","coordinates":[[[[591249.36,1898326.06],[591253.48,1898336.84],[591262.77,1898333.34],[591258.65,1898322.55],[591249.36,1898326.06]]]]}},{"type":"Feature","properties":{"building":"yes","height":6,"heightSource":"default"},"geometry":{"type":"MultiPolygon","coordinates":[[[[591209.99,1898552.99],[591215.17,1898572.15],[591227.17,1898568.94],[591221.98,1898549.78],[591209.99,1898552.99]]]]}},{"type":"Feature","properties":{"building":"yes","height":6,"heightSource":"default"},"geometry":{"type":"MultiPolygon","coordinates":[[[[591161.18,1898671.43],[591164.71,1898681.45],[591176.99,1898677.17],[591173.46,1898667.17],[591161.18,1898671.43]]]]}},{"type":"Feature","properties":{"building":"yes","height":6,"heightSource":"default"},"geometry":{"type":"MultiPolygon","coordinates":[[[[591137.75,1898681.6],[591145.2,1898694.06],[591162.57,1898683.79],[591155.12,1898671.33],[591137.75,1898681.6]]]]}},{"type":"Feature","properties":{"building":"yes","height":6,"heightSource":"default"},"geometry":{"type":"MultiPolygon","coordinates":[[[[591120.01,1898706.41],[591122.96,1898721.57],[591133.8,1898719.48],[591130.87,1898704.33],[591120.01,1898706.41]]]]}},{"type":"Feature","properties":{"building":"yes","height":6,"heightSource":"default"},"geometry":{"type":"MultiPolygon","coordinates":[[[[591090.33,1898680.48],[591093.04,1898699.99],[591116.01,1898696.84],[591113.3,1898677.31],[591090.33,1898680.48]]]]}},{"type":"Feature","properties":{"building":"yes","height":6,"heightSource":"default"},"geometry":{"type":"MultiPolygon","coordinates":[[[[591134.96,1898567.75],[591138.94,1898574.62],[591149.02,1898568.86],[591145.05,1898561.99],[591134.96,1898567.75]]]]}},{"type":"Feature","properties":{"building":"yes","height":6,"heightSource":"default"},"geometry":{"type":"MultiPolygon","coordinates":[[[[591141.07,1898525.61],[591147.32,1898535.2],[591154.76,1898530.41],[591148.51,1898520.83],[591141.07,1898525.61]]]]}},{"type":"Feature","properties":{"building":"yes","height":6,"heightSource":"default"},"geometry":{"type":"MultiPolygon","coordinates":[[[[591146.87,1898537.97],[591151.82,1898547.36],[591159.11,1898543.56],[591154.16,1898534.17],[591146.87,1898537.97]]]]}},{"type":"Feature","properties":{"building":"yes","height":6,"heightSource":"default"},"geometry":{"type":"MultiPolygon","coordinates":[[[[591152.09,1898551.18],[591159.51,1898562.66],[591170.09,1898555.9],[591162.67,1898544.42],[591152.09,1898551.18]]]]}},{"type":"Feature","properties":{"building":"yes","height":6,"heightSource":"default"},"geometry":{"type":"MultiPolygon","coordinates":[[[[591147.77,1898592.13],[591156.6,1898611.32],[591169.88,1898605.28],[591161.06,1898586.09],[591147.77,1898592.13]]]]}},{"type":"Feature","properties":{"building":"yes","height":6,"heightSource":"default"},"geometry":{"type":"MultiPolygon","coordinates":[[[[591004.88,1898713.27],[591024.33,1898715.93],[591027.13,1898695.66],[591007.68,1898693.01],[591004.88,1898713.27]]]]}},{"type":"Feature","properties":{"building":"yes","height":6,"heightSource":"default"},"geometry":{"type":"MultiPolygon","coordinates":[[[[591511.08,1898155.88],[591507.99,1898161.83],[591522.65,1898169.34],[591525.73,1898163.39],[591511.08,1898155.88]]]]}},{"type":"Feature","properties":{"building":"yes","height":6,"heightSource":"default"},"geometry":{"type":"MultiPolygon","coordinates":[[[[591488.05,1898152.38],[591504.54,1898159.61],[591507.49,1898152.97],[591491.01,1898145.74],[591488.05,1898152.38]]]]}},{"type":"Feature","properties":{"building":"yes","height":6,"heightSource":"default"},"geometry":{"type":"MultiPolygon","coordinates":[[[[591491.15,1898143.95],[591503.11,1898149.32],[591509.08,1898136.17],[591497.14,1898130.8],[591491.15,1898143.95]]]]}},{"type":"Feature","properties":{"building":"yes","height":6,"heightSource":"default"},"geometry":{"type":"MultiPolygon","coordinates":[[[[591498.21,1898129.1],[591507.79,1898133.55],[591512.18,1898124.22],[591502.6,1898119.76],[591498.21,1898129.1]]]]}},{"type":"Feature","properties":{"building":"yes","height":6,"heightSource":"default"},"geometry":{"type":"MultiPolygon","coordinates":[[[[591506.61,1898148.07],[591516.12,1898151.85],[591524.56,1898130.9],[591515.05,1898127.12],[591506.61,1898148.07]]]]}},{"type":"Feature","properties":{"building":"yes","height":6,"heightSource":"default"},"geometry":{"type":"MultiPolygon","coordinates":[[[[591513.51,1898104.85],[591525.01,1898096.24],[591520.25,1898089.98],[591508.76,1898098.6],[591513.51,1898104.85]]]]}},{"type":"Feature","properties":{"building":"yes","height":6,"heightSource":"default"},"geometry":{"type":"MultiPolygon","coordinates":[[[[591525.6,1898096.62],[591512.53,1898108.01],[591520.77,1898117.34],[591533.84,1898105.94],[591525.6,1898096.62]]]]}},{"type":"Feature","properties":{"building":"yes","height":6,"heightSource":"default"},"geometry":{"type":"MultiPolygon","coordinates":[[[[591534.83,1898107.86],[591517.96,1898120.19],[591522.84,1898126.8],[591539.71,1898114.47],[591534.83,1898107.86]]]]}},{"type":"Feature","properties":{"building":"yes","height":6,"heightSource":"default"},"geometry":{"type":"MultiPolygon","coordinates":[[[[591530.26,1898123.44],[591538.47,1898133.75],[591549.05,1898125.44],[591540.86,1898115.12],[591530.26,1898123.44]]]]}},{"type":"Feature","properties":{"building":"yes","height":6,"heightSource":"default"},"geometry":{"type":"MultiPolygon","coordinates":[[[[591539.19,1898135.03],[591545.33,1898143.01],[591554.99,1898135.69],[591548.85,1898127.7],[591539.19,1898135.03]]]]}},{"type":"Feature","properties":{"building":"yes","height":6,"heightSource":"default"},"geometry":{"type":"MultiPolygon","coordinates":[[[[591522.81,1898149.13],[591531.46,1898160.28],[591543.12,1898151.32],[591534.47,1898140.19],[591522.81,1898149.13]]]]}},{"type":"Feature","properties":{"building":"yes","height":6,"heightSource":"default"},"geometry":{"type":"MultiPolygon","coordinates":[[[[591515.7,1898191.14],[591529.92,1898200.63],[591542.46,1898182.05],[591528.24,1898172.56],[591515.7,1898191.14]]]]}},{"type":"Feature","properties":{"building":"yes","height":6,"heightSource":"default"},"geometry":{"type":"MultiPolygon","coordinates":[[[[591499.47,1898216.79],[591513.71,1898224.27],[591518.75,1898214.8],[591504.5,1898207.32],[591499.47,1898216.79]]]]}},{"type":"Feature","properties":{"building":"yes","height":6,"heightSource":"default"},"geometry":{"type":"MultiPolygon","coordinates":[[[[591497.96,1898219.13],[591483.32,1898237.12],[591497.96,1898248.88],[591512.59,1898230.89],[591497.96,1898219.13]]]]}},{"type":"Feature","properties":{"building":"yes","height":6,"heightSource":"default"},"geometry":{"type":"MultiPolygon","coordinates":[[[[591496.82,1898250.67],[591515.42,1898269.11],[591523.42,1898261.14],[591504.81,1898242.71],[591496.82,1898250.67]]]]}},{"type":"Feature","properties":{"building":"yes","height":6,"heightSource":"default"},"geometry":{"type":"MultiPolygon","coordinates":[[[[591561.74,1898150.01],[591549.37,1898160.24],[591559.02,1898171.77],[591571.39,1898161.54],[591561.74,1898150.01]]]]}},{"type":"Feature","properties":{"building":"yes","height":6,"heightSource":"default"},"geometry":{"type":"MultiPolygon","coordinates":[[[[591569.27,1898187.55],[591578.15,1898196.44],[591592.08,1898182.72],[591583.2,1898173.81],[591569.27,1898187.55]]]]}},{"type":"Feature","properties":{"building":"yes","height":6,"heightSource":"default"},"geometry":{"type":"MultiPolygon","coordinates":[[[[591558.76,1898180.41],[591567.49,1898186.82],[591579.33,1898170.9],[591570.58,1898164.49],[591558.76,1898180.41]]]]}},{"type":"Feature","properties":{"building":"yes","height":6,"heightSource":"default"},"geometry":{"type":"MultiPolygon","coordinates":[[[[591551.92,1898193.92],[591544.05,1898205.77],[591551.23,1898210.48],[591559.1,1898198.62],[591551.92,1898193.92]]]]}},{"type":"Feature","properties":{"building":"yes","height":6,"heightSource":"default"},"geometry":{"type":"MultiPolygon","coordinates":[[[[591556.78,1898205.99],[591563.16,1898211.51],[591569.9,1898203.81],[591563.53,1898198.29],[591556.78,1898205.99]]]]}},{"type":"Feature","properties":{"building":"yes","height":6,"heightSource":"default"},"geometry":{"type":"MultiPolygon","coordinates":[[[[591562.46,1898212.89],[591571.63,1898221.47],[591579.45,1898213.21],[591570.27,1898204.64],[591562.46,1898212.89]]]]}},{"type":"Feature","properties":{"building":"yes","height":6,"heightSource":"default"},"geometry":{"type":"MultiPolygon","coordinates":[[[[591574.54,1898222.51],[591585.21,1898234.06],[591595.09,1898225.03],[591584.42,1898213.48],[591574.54,1898222.51]]]]}},{"type":"Feature","properties":{"building":"yes","height":6,"heightSource":"default"},"geometry":{"type":"MultiPolygon","coordinates":[[[[591536.13,1898247.08],[591551.73,1898262.87],[591566.2,1898248.76],[591550.6,1898232.97],[591536.13,1898247.08]]]]}},{"type":"Feature","properties":{"building":"yes","height":6,"heightSource":"default"},"geometry":{"type":"MultiPolygon","coordinates":[[[[591564.91,1898269.04],[591572.83,1898277.73],[591579.41,1898271.8],[591571.5,1898263.12],[591564.91,1898269.04]]]]}},{"type":"Feature","properties":{"building":"yes","height":6,"heightSource":"default"},"geometry":{"type":"MultiPolygon","coordinates":[[[[591556.62,1898276.59],[591565.08,1898284.25],[591571.03,1898277.76],[591562.56,1898270.09],[591556.62,1898276.59]]]]}},{"type":"Feature","properties":{"building":"yes","height":6,"heightSource":"default"},"geometry":{"type":"MultiPolygon","coordinates":[[[[591552.34,1898275.08],[591544.88,1898280.91],[591551.4,1898289.16],[591558.86,1898283.34],[591552.34,1898275.08]]]]}},{"type":"Feature","properties":{"building":"yes","height":6,"heightSource":"default"},"geometry":{"type":"MultiPolygon","coordinates":[[[[591540.19,1898278.93],[591531.13,1898288.51],[591536.39,1898293.43],[591545.46,1898283.84],[591540.19,1898278.93]]]]}},{"type":"Feature","properties":{"building":"yes","height":6,"heightSource":"default"},"geometry":{"type":"MultiPolygon","coordinates":[[[[591543.92,1898259.38],[591529.22,1898276.28],[591536.18,1898282.27],[591550.88,1898265.37],[591543.92,1898259.38]]]]}},{"type":"Feature","properties":{"building":"yes","height":6,"heightSource":"default"},"geometry":{"type":"MultiPolygon","coordinates":[[[[591518.05,1898272.3],[591524.44,1898277.86],[591541.08,1898258.95],[591534.68,1898253.39],[591518.05,1898272.3]]]]}},{"type":"Feature","properties":{"building":"yes","height":6,"heightSource":"default"},"geometry":{"type":"MultiPolygon","coordinates":[[[[591580.55,1898254.12],[591585.3,1898250],[591582.4,1898246.71],[591590.6,1898239.6],[591593.82,1898243.25],[591595.52,1898241.79],[591601.64,1898248.77],[591587.02,1898261.47],[591580.55,1898254.12]]]]}},{"type":"Feature","properties":{"building":"yes","height":6,"heightSource":"default"},"geometry":{"type":"MultiPolygon","coordinates":[[[[591594.95,1898235.08],[591602.12,1898244.27],[591612.36,1898236.37],[591605.19,1898227.19],[591594.95,1898235.08]]]]}},{"type":"Feature","properties":{"building":"yes","height":6,"heightSource":"default"},"geometry":{"type":"MultiPolygon","coordinates":[[[[591587.78,1898211.73],[591599.6,1898201.26],[591592.65,1898193.51],[591580.83,1898203.98],[591587.78,1898211.73]]]]}},{"type":"Feature","properties":{"building":"yes","height":6,"heightSource":"default"},"geometry":{"type":"MultiPolygon","coordinates":[[[[591598,1898224.18],[591610.5,1898213.26],[591601.06,1898202.58],[591588.56,1898213.5],[591598,1898224.18]]]]}},{"type":"Feature","properties":{"building":"yes","height":6,"heightSource":"default"},"geometry":{"type":"MultiPolygon","coordinates":[[[[591525.76,1898077.9],[591536.53,1898085.62],[591548.3,1898069.36],[591537.52,1898061.66],[591525.76,1898077.9]]]]}},{"type":"Feature","properties":{"building":"yes","height":6,"heightSource":"default"},"geometry":{"type":"MultiPolygon","coordinates":[[[[591537.11,1898091.14],[591549.85,1898100.77],[591562.05,1898084.8],[591549.3,1898075.17],[591537.11,1898091.14]]]]}},{"type":"Feature","properties":{"building":"yes","height":6,"heightSource":"default"},"geometry":{"type":"MultiPolygon","coordinates":[[[[591549.89,1898104.95],[591558.23,1898111.91],[591571.71,1898095.95],[591563.36,1898088.99],[591549.89,1898104.95]]]]}},{"type":"Feature","properties":{"building":"yes","height":6,"heightSource":"default"},"geometry":{"type":"MultiPolygon","coordinates":[[[[591571.5,1898022.82],[591581.29,1898030.69],[591590.04,1898019.96],[591580.25,1898012.08],[591571.5,1898022.82]]]]}},{"type":"Feature","properties":{"building":"yes","height":6,"heightSource":"default"},"geometry":{"type":"MultiPolygon","coordinates":[[[[591781.71,1898082.3],[591786.7,1898095.3],[591804.06,1898088.72],[591799.06,1898075.72],[591781.71,1898082.3]]]]}},{"type":"Feature","properties":{"building":"yes","height":6,"heightSource":"default"},"geometry":{"type":"MultiPolygon","coordinates":[[[[591746.43,1898107.53],[591751.11,1898118.53],[591766.82,1898111.94],[591762.15,1898100.93],[591746.43,1898107.53]]]]}},{"type":"Feature","properties":{"building":"yes","height":6,"heightSource":"default"},"geometry":{"type":"MultiPolygon","coordinates":[[[[591652.28,1898045.44],[591662.98,1898060.84],[591670.99,1898055.36],[591660.29,1898039.94],[591652.28,1898045.44]]]]}},{"type":"Feature","properties":{"building":"yes","height":6,"heightSource":"default"},"geometry":{"type":"MultiPolygon","coordinates":[[[[591632.93,1898034.72],[591643.8,1898047.48],[591649.67,1898042.55],[591638.8,1898029.78],[591632.93,1898034.72]]]]}},{"type":"Feature","properties":{"building":"yes","height":6,"heightSource":"default"},"geometry":{"type":"MultiPolygon","coordinates":[[[[591617.91,1898011.12],[591625.34,1898023.79],[591637.5,1898016.75],[591630.07,1898004.08],[591617.91,1898011.12]]]]}},{"type":"Feature","properties":{"building":"yes","height":6,"heightSource":"default"},"geometry":{"type":"MultiPolygon","coordinates":[[[[591668.64,1898102.64],[591678.25,1898115.51],[591683.8,1898111.43],[591674.18,1898098.55],[591668.64,1898102.64]]]]}},{"type":"Feature","properties":{"building":"yes","height":6,"heightSource":"default"},"geometry":{"type":"MultiPolygon","coordinates":[[[[591663.63,1898132.08],[591667.19,1898129.46],[591665,1898126.53],[591671.42,1898121.8],[591678.69,1898131.53],[591673.59,1898135.3],[591675.01,1898137.2],[591670.13,1898140.79],[591663.63,1898132.08]]]]}},{"type":"Feature","properties":{"building":"yes","height":6,"heightSource":"default"},"geometry":{"type":"MultiPolygon","coordinates":[[[[591579.03,1898143.14],[591583.36,1898149.04],[591596.55,1898139.5],[591592.22,1898133.59],[591579.03,1898143.14]]]]}},{"type":"Feature","properties":{"building":"yes","height":6,"heightSource":"default"},"geometry":{"type":"MultiPolygon","coordinates":[[[[591574.7,1898137.24],[591579.03,1898143.14],[591592.22,1898133.59],[591587.9,1898127.69],[591574.7,1898137.24]]]]}},{"type":"Feature","properties":{"building":"yes","height":6,"heightSource":"default"},"geometry":{"type":"MultiPolygon","coordinates":[[[[591570.37,1898131.34],[591574.7,1898137.24],[591587.9,1898127.69],[591583.57,1898121.79],[591570.37,1898131.34]]]]}},{"type":"Feature","properties":{"building":"yes","height":6,"heightSource":"default"},"geometry":{"type":"MultiPolygon","coordinates":[[[[591566.05,1898125.43],[591570.37,1898131.34],[591583.57,1898121.79],[591579.25,1898115.89],[591566.05,1898125.43]]]]}},{"type":"Feature","properties":{"building":"yes","height":6,"heightSource":"default"},"geometry":{"type":"MultiPolygon","coordinates":[[[[591561.73,1898119.53],[591566.05,1898125.43],[591579.25,1898115.89],[591574.93,1898109.98],[591561.73,1898119.53]]]]}},{"type":"Feature","properties":{"building":"yes","height":6,"heightSource":"default"},"geometry":{"type":"MultiPolygon","coordinates":[[[[591557.4,1898113.63],[591561.73,1898119.53],[591574.93,1898109.98],[591570.6,1898104.08],[591557.4,1898113.63]]]]}},{"type":"Feature","properties":{"building":"yes","height":6,"heightSource":"default"},"geometry":{"type":"MultiPolygon","coordinates":[[[[591599.05,1898147.13],[591588.28,1898158.14],[591594.34,1898163.98],[591605.1,1898152.98],[591599.05,1898147.13]]]]}},{"type":"Feature","properties":{"building":"yes","height":6,"heightSource":"default"},"geometry":{"type":"MultiPolygon","coordinates":[[[[591600.7,1898146.43],[591607.2,1898152.71],[591612.45,1898147.34],[591605.96,1898141.04],[591600.7,1898146.43]]]]}},{"type":"Feature","properties":{"building":"yes","height":6,"heightSource":"default"},"geometry":{"type":"MultiPolygon","coordinates":[[[[591610.02,1898182.41],[591615.68,1898187.88],[591627.95,1898175.33],[591622.3,1898169.86],[591610.02,1898182.41]]]]}},{"type":"Feature","properties":{"building":"yes","height":6,"heightSource":"default"},"geometry":{"type":"MultiPolygon","coordinates":[[[[591598.6,1898166.9],[591611.07,1898178.94],[591619.56,1898170.26],[591607.1,1898158.22],[591598.6,1898166.9]]]]}},{"type":"Feature","properties":{"building":"yes","height":6,"heightSource":"default"},"geometry":{"type":"MultiPolygon","coordinates":[[[[591608.06,1898158.16],[591615.85,1898165.68],[591622.39,1898159],[591614.6,1898151.47],[591608.06,1898158.16]]]]}},{"type":"Feature","properties":{"building":"yes","height":6,"heightSource":"default"},"geometry":{"type":"MultiPolygon","coordinates":[[[[591625.86,1898164.54],[591633.51,1898171.94],[591644.07,1898161.15],[591636.41,1898153.76],[591625.86,1898164.54]]]]}},{"type":"Feature","properties":{"building":"yes","height":6,"heightSource":"default"},"geometry":{"type":"MultiPolygon","coordinates":[[[[591616.22,1898151.46],[591627.09,1898161.96],[591633.89,1898155.01],[591623.02,1898144.51],[591616.22,1898151.46]]]]}},{"type":"Feature","properties":{"building":"yes","height":6,"heightSource":"default"},"geometry":{"type":"MultiPolygon","coordinates":[[[[591620.61,1898127.24],[591628.4,1898134.77],[591633.14,1898129.91],[591625.35,1898122.39],[591620.61,1898127.24]]]]}},{"type":"Feature","properties":{"building":"yes","height":6,"heightSource":"default"},"geometry":{"type":"MultiPolygon","coordinates":[[[[591597.13,1898131.17],[591606.25,1898140],[591622.41,1898123.49],[591613.27,1898114.67],[591597.13,1898131.17]]]]}},{"type":"Feature","properties":{"building":"yes","height":6,"heightSource":"default"},"geometry":{"type":"MultiPolygon","coordinates":[[[[591615.74,1898115.02],[591623.93,1898122.95],[591632.72,1898113.97],[591624.52,1898106.04],[591615.74,1898115.02]]]]}},{"type":"Feature","properties":{"building":"yes","height":6,"heightSource":"default"},"geometry":{"type":"MultiPolygon","coordinates":[[[[591638.04,1898153.19],[591646.17,1898161.05],[591653.65,1898153.39],[591645.52,1898145.54],[591638.04,1898153.19]]]]}},{"type":"Feature","properties":{"building":"yes","height":6,"heightSource":"default"},"geometry":{"type":"MultiPolygon","coordinates":[[[[591623.75,1898143.62],[591634.82,1898154.33],[591644.92,1898144.01],[591633.84,1898133.3],[591623.75,1898143.62]]]]}},{"type":"Feature","properties":{"building":"yes","height":6,"heightSource":"default"},"geometry":{"type":"MultiPolygon","coordinates":[[[[591648.21,1898143.09],[591655.5,1898150.14],[591662.19,1898143.3],[591654.9,1898136.26],[591648.21,1898143.09]]]]}},{"type":"Feature","properties":{"building":"yes","height":6,"heightSource":"default"},"geometry":{"type":"MultiPolygon","coordinates":[[[[591640.57,1898130.16],[591650.61,1898139.87],[591655.88,1898134.48],[591645.84,1898124.77],[591640.57,1898130.16]]]]}},{"type":"Feature","properties":{"building":"yes","height":6,"heightSource":"default"},"geometry":{"type":"MultiPolygon","coordinates":[[[[591646.51,1898123.81],[591654.84,1898131.86],[591659.33,1898127.26],[591651.01,1898119.22],[591646.51,1898123.81]]]]}},{"type":"Feature","properties":{"building":"yes","height":6,"heightSource":"default"},"geometry":{"type":"MultiPolygon","coordinates":[[[[591627.26,1898107.35],[591640.23,1898119.88],[591647.13,1898112.83],[591634.16,1898100.29],[591627.26,1898107.35]]]]}},{"type":"Feature","properties":{"building":"yes","height":6,"heightSource":"default"},"geometry":{"type":"MultiPolygon","coordinates":[[[[591651.72,1898106.25],[591658.92,1898098.91],[591650.16,1898090.44],[591642.97,1898097.78],[591651.72,1898106.25]]]]}},{"type":"Feature","properties":{"building":"yes","height":6,"heightSource":"default"},"geometry":{"type":"MultiPolygon","coordinates":[[[[591650.24,1898087.67],[591661.27,1898098.33],[591668.85,1898090.56],[591657.83,1898079.91],[591650.24,1898087.67]]]]}},{"type":"Feature","properties":{"building":"yes","height":6,"heightSource":"default"},"geometry":{"type":"MultiPolygon","coordinates":[[[[591678.17,1898093.47],[591682.1,1898099.86],[591696.44,1898091.14],[591692.5,1898084.75],[591678.17,1898093.47]]]]}},{"type":"Feature","properties":{"building":"yes","height":6,"heightSource":"default"},"geometry":{"type":"MultiPolygon","coordinates":[[[[591680.48,1898102.24],[591697.08,1898092.16],[591706.21,1898106.99],[591693.32,1898114.83],[591689.87,1898109.24],[591686.18,1898111.5],[591680.48,1898102.24]]]]}},{"type":"Feature","properties":{"building":"yes","height":6,"heightSource":"default"},"geometry":{"type":"MultiPolygon","coordinates":[[[[591643.86,1898190.07],[591653.59,1898199.08],[591676.09,1898175.08],[591666.36,1898166.07],[591643.86,1898190.07]]]]}},{"type":"Feature","properties":{"building":"yes","height":6,"heightSource":"default"},"geometry":{"type":"MultiPolygon","coordinates":[[[[591662.81,1898148.54],[591626.65,1898180.15],[591635.64,1898190.31],[591671.81,1898158.72],[591662.81,1898148.54]]]]}},{"type":"Feature","properties":{"building":"yes","height":6,"heightSource":"default"},"geometry":{"type":"MultiPolygon","coordinates":[[[[591623.6,1898206.92],[591630.64,1898216.27],[591642.96,1898207.12],[591635.92,1898197.76],[591623.6,1898206.92]]]]}},{"type":"Feature","properties":{"building":"yes","height":6,"heightSource":"default"},"geometry":{"type":"MultiPolygon","coordinates":[[[[591615.26,1898192],[591625.68,1898201.72],[591635.14,1898191.69],[591624.71,1898181.98],[591615.26,1898192]]]]}},{"type":"Feature","properties":{"building":"yes","height":6,"heightSource":"default"},"geometry":{"type":"MultiPolygon","coordinates":[[[[591665.3,1898229.01],[591671.39,1898235.6],[591694.1,1898214.86],[591688,1898208.27],[591665.3,1898229.01]]]]}},{"type":"Feature","properties":{"building":"yes","height":6,"heightSource":"default"},"geometry":{"type":"MultiPolygon","coordinates":[[[[591662.36,1898232.47],[591648.42,1898242.77],[591653.74,1898249.88],[591667.68,1898239.59],[591662.36,1898232.47]]]]}},{"type":"Feature","properties":{"building":"yes","height":6,"heightSource":"default"},"geometry":{"type":"MultiPolygon","coordinates":[[[[591656.98,1898222.67],[591661.95,1898228.85],[591669.96,1898222.52],[591664.99,1898216.32],[591656.98,1898222.67]]]]}},{"type":"Feature","properties":{"building":"yes","height":6,"heightSource":"default"},"geometry":{"type":"MultiPolygon","coordinates":[[[[591641.26,1898230.75],[591649.2,1898240.99],[591661.45,1898231.61],[591653.51,1898221.37],[591641.26,1898230.75]]]]}},{"type":"Feature","properties":{"building":"yes","height":6,"heightSource":"default"},"geometry":{"type":"MultiPolygon","coordinates":[[[[591661.36,1898202.55],[591670.52,1898213.04],[591677.55,1898206.97],[591668.37,1898196.49],[591661.36,1898202.55]]]]}},{"type":"Feature","properties":{"building":"yes","height":6,"heightSource":"default"},"geometry":{"type":"MultiPolygon","coordinates":[[[[591642.4,1898214.66],[591649.2,1898223.7],[591665.27,1898211.74],[591658.47,1898202.7],[591642.4,1898214.66]]]]}},{"type":"Feature","properties":{"building":"yes","height":6,"heightSource":"default"},"geometry":{"type":"MultiPolygon","coordinates":[[[[591830.33,1898068.84],[591812.83,1898079.12],[591816.09,1898084.6],[591833.6,1898074.31],[591830.33,1898068.84]]]]}},{"type":"Feature","properties":{"building":"yes","height":6,"heightSource":"default"},"geometry":{"type":"MultiPolygon","coordinates":[[[[591825.03,1898059.25],[591806.89,1898068.97],[591811.13,1898076.79],[591829.28,1898067.06],[591825.03,1898059.25]]]]}},{"type":"Feature","properties":{"building":"yes","height":6,"heightSource":"default"},"geometry":{"type":"MultiPolygon","coordinates":[[[[591827.36,1898079.95],[591834.48,1898091.31],[591843.35,1898085.83],[591836.23,1898074.47],[591827.36,1898079.95]]]]}},{"type":"Feature","properties":{"building":"yes","height":6,"heightSource":"default"},"geometry":{"type":"MultiPolygon","coordinates":[[[[591826.22,1898097.1],[591832.09,1898093.45],[591824.8,1898081.92],[591818.94,1898085.59],[591826.22,1898097.1]]]]}},{"type":"Feature","properties":{"building":"yes","height":6,"heightSource":"default"},"geometry":{"type":"MultiPolygon","coordinates":[[[[591816.77,1898104.43],[591824.79,1898097.95],[591814.9,1898085.87],[591806.88,1898092.36],[591816.77,1898104.43]]]]}},{"type":"Feature","properties":{"building":"yes","height":6,"heightSource":"default"},"geometry":{"type":"MultiPolygon","coordinates":[[[[591725.05,1898073.12],[591730.37,1898090.06],[591737.96,1898087.71],[591732.64,1898070.76],[591725.05,1898073.12]]]]}},{"type":"Feature","properties":{"building":"yes","height":6,"heightSource":"default"},"geometry":{"type":"MultiPolygon","coordinates":[[[[591739.04,1898086.58],[591747.46,1898083.96],[591741.14,1898063.83],[591732.71,1898066.45],[591739.04,1898086.58]]]]}},{"type":"Feature","properties":{"building":"yes","height":6,"heightSource":"default"},"geometry":{"type":"MultiPolygon","coordinates":[[[[591770.91,1898057.3],[591776.5,1898075.12],[591784.82,1898072.53],[591779.23,1898054.72],[591770.91,1898057.3]]]]}},{"type":"Feature","properties":{"building":"yes","height":6,"heightSource":"default"},"geometry":{"type":"MultiPolygon","coordinates":[[[[591759.69,1898061.44],[591764.29,1898076.09],[591773.08,1898073.37],[591768.48,1898058.71],[591759.69,1898061.44]]]]}},{"type":"Feature","properties":{"building":"yes","height":6,"heightSource":"default"},"geometry":{"type":"MultiPolygon","coordinates":[[[[591727.35,1898184.71],[591733.78,1898178.84],[591719.17,1898163.02],[591712.74,1898168.89],[591727.35,1898184.71]]]]}},{"type":"Feature","properties":{"building":"yes","height":6,"heightSource":"default"},"geometry":{"type":"MultiPolygon","coordinates":[[[[591720.91,1898190.58],[591727.35,1898184.71],[591712.74,1898168.89],[591706.3,1898174.76],[591720.91,1898190.58]]]]}},{"type":"Feature","properties":{"building":"yes","height":6,"heightSource":"default"},"geometry":{"type":"MultiPolygon","coordinates":[[[[591714.48,1898196.45],[591720.91,1898190.58],[591706.3,1898174.76],[591699.87,1898180.63],[591714.48,1898196.45]]]]}},{"type":"Feature","properties":{"building":"yes","height":6,"heightSource":"default"},"geometry":{"type":"MultiPolygon","coordinates":[[[[591708.04,1898202.32],[591714.48,1898196.45],[591699.87,1898180.63],[591693.44,1898186.5],[591708.04,1898202.32]]]]}},{"type":"Feature","properties":{"building":"yes","height":6,"heightSource":"default"},"geometry":{"type":"MultiPolygon","coordinates":[[[[591701.61,1898208.19],[591708.04,1898202.32],[591693.44,1898186.5],[591687.01,1898192.37],[591701.61,1898208.19]]]]}},{"type":"Feature","properties":{"building":"yes","height":6,"heightSource":"default"},"geometry":{"type":"MultiPolygon","coordinates":[[[[591695.18,1898214.04],[591701.61,1898208.19],[591687.01,1898192.37],[591680.58,1898198.22],[591695.18,1898214.04]]]]}},{"type":"Feature","properties":{"building":"yes","height":6,"heightSource":"default"},"geometry":{"type":"MultiPolygon","coordinates":[[[[591578.58,1898341.13],[591569.82,1898348.47],[591576.69,1898356.57],[591585.46,1898349.23],[591578.58,1898341.13]]]]}},{"type":"Feature","properties":{"building":"yes","height":6,"heightSource":"default"},"geometry":{"type":"MultiPolygon","coordinates":[[[[591580.01,1898339.64],[591587.54,1898348.32],[591599.98,1898337.66],[591592.46,1898328.98],[591580.01,1898339.64]]]]}},{"type":"Feature","properties":{"building":"yes","height":6,"heightSource":"default"},"geometry":{"type":"MultiPolygon","coordinates":[[[[591611.64,1898315.75],[591594.8,1898329.04],[591604.24,1898340.85],[591621.08,1898327.56],[591611.64,1898315.75]]]]}},{"type":"Feature","properties":{"building":"yes","height":6,"heightSource":"default"},"geometry":{"type":"MultiPolygon","coordinates":[[[[591582.71,1898356.52],[591588.45,1898362.71],[591595.63,1898356.15],[591589.9,1898349.96],[591582.71,1898356.52]]]]}},{"type":"Feature","properties":{"building":"yes","height":6,"heightSource":"default"},"geometry":{"type":"MultiPolygon","coordinates":[[[[591613.75,1898339.08],[591627.57,1898354.02],[591636.82,1898345.57],[591623,1898330.62],[591613.75,1898339.08]]]]}},{"type":"Feature","properties":{"building":"yes","height":6,"heightSource":"default"},"geometry":{"type":"MultiPolygon","coordinates":[[[[591640.04,1898328.63],[591660.96,1898351.25],[591666.35,1898346.33],[591645.42,1898323.71],[591640.04,1898328.63]]]]}},{"type":"Feature","properties":{"building":"yes","height":6,"heightSource":"default"},"geometry":{"type":"MultiPolygon","coordinates":[[[[591654.67,1898357.34],[591660.2,1898352.29],[591640.03,1898330.48],[591634.5,1898335.53],[591654.67,1898357.34]]]]}},{"type":"Feature","properties":{"building":"yes","height":6,"heightSource":"default"},"geometry":{"type":"MultiPolygon","coordinates":[[[[591630.92,1898358.86],[591641.37,1898370.16],[591654.17,1898358.47],[591643.72,1898347.17],[591630.92,1898358.86]]]]}},{"type":"Feature","properties":{"building":"yes","height":6,"heightSource":"default"},"geometry":{"type":"MultiPolygon","coordinates":[[[[591601.02,1898384.6],[591594.2,1898390.84],[591605.12,1898402.66],[591611.96,1898396.42],[591601.02,1898384.6]]]]}},{"type":"Feature","properties":{"building":"yes","height":6,"heightSource":"default"},"geometry":{"type":"MultiPolygon","coordinates":[[[[591607.86,1898378.35],[591601.02,1898384.6],[591611.96,1898396.42],[591618.79,1898390.17],[591607.86,1898378.35]]]]}},{"type":"Feature","properties":{"building":"yes","height":6,"heightSource":"default"},"geometry":{"type":"MultiPolygon","coordinates":[[[[591614.69,1898372.12],[591607.86,1898378.35],[591618.79,1898390.17],[591625.61,1898383.93],[591614.69,1898372.12]]]]}},{"type":"Feature","properties":{"building":"yes","height":6,"heightSource":"default"},"geometry":{"type":"MultiPolygon","coordinates":[[[[591621.51,1898365.88],[591614.69,1898372.12],[591625.61,1898383.93],[591632.45,1898377.69],[591621.51,1898365.88]]]]}},{"type":"Feature","properties":{"building":"yes","height":6,"heightSource":"default"},"geometry":{"type":"MultiPolygon","coordinates":[[[[591628.35,1898359.63],[591621.51,1898365.88],[591632.45,1898377.69],[591639.28,1898371.44],[591628.35,1898359.63]]]]}},{"type":"Feature","properties":{"building":"yes","height":6,"heightSource":"default"},"geometry":{"type":"MultiPolygon","coordinates":[[[[591626.66,1898271.67],[591631.38,1898278.97],[591647.79,1898268.49],[591643.08,1898261.19],[591626.66,1898271.67]]]]}},{"type":"Feature","properties":{"building":"yes","height":6,"heightSource":"default"},"geometry":{"type":"MultiPolygon","coordinates":[[[[591621.94,1898264.37],[591626.66,1898271.67],[591643.08,1898261.19],[591638.36,1898253.89],[591621.94,1898264.37]]]]}},{"type":"Feature","properties":{"building":"yes","height":6,"heightSource":"default"},"geometry":{"type":"MultiPolygon","coordinates":[[[[591617.22,1898257.07],[591621.94,1898264.37],[591638.36,1898253.89],[591633.64,1898246.58],[591617.22,1898257.07]]]]}},{"type":"Feature","properties":{"building":"yes","height":6,"heightSource":"default"},"geometry":{"type":"MultiPolygon","coordinates":[[[[591612.5,1898249.75],[591617.22,1898257.07],[591633.64,1898246.58],[591628.93,1898239.28],[591612.5,1898249.75]]]]}},{"type":"Feature","properties":{"building":"yes","height":6,"heightSource":"default"},"geometry":{"type":"MultiPolygon","coordinates":[[[[591646.86,1898314.19],[591651.24,1898320.97],[591672.2,1898307.6],[591667.81,1898300.82],[591646.86,1898314.19]]]]}},{"type":"Feature","properties":{"building":"yes","height":6,"heightSource":"default"},"geometry":{"type":"MultiPolygon","coordinates":[[[[591642.48,1898307.41],[591646.86,1898314.19],[591667.81,1898300.82],[591663.43,1898294.04],[591642.48,1898307.41]]]]}},{"type":"Feature","properties":{"building":"yes","height":6,"heightSource":"default"},"geometry":{"type":"MultiPolygon","coordinates":[[[[591638.1,1898300.63],[591642.48,1898307.41],[591663.43,1898294.04],[591659.05,1898287.25],[591638.1,1898300.63]]]]}},{"type":"Feature","properties":{"building":"house","height":6,"heightSource":"default"},"geometry":{"type":"MultiPolygon","coordinates":[[[[591347.46,1897408.16],[591352.59,1897414.65],[591368.49,1897402.22],[591363.36,1897395.73],[591347.46,1897408.16]]]]}},{"type":"Feature","properties":{"building":"house","height":6,"heightSource":"default"},"geometry":{"type":"MultiPolygon","coordinates":[[[[591342.33,1897401.69],[591347.46,1897408.16],[591363.36,1897395.73],[591358.23,1897389.25],[591342.33,1897401.69]]]]}},{"type":"Feature","properties":{"building":"house","height":6,"heightSource":"default"},"geometry":{"type":"MultiPolygon","coordinates":[[[[591356.47,1897420.64],[591353.45,1897416.13],[591369.55,1897403.58],[591373.71,1897409.3],[591356.47,1897420.64]]]]}},{"type":"Feature","properties":{"building":"house","height":6,"heightSource":"default"},"geometry":{"type":"MultiPolygon","coordinates":[[[[591359.49,1897425.13],[591356.47,1897420.64],[591373.71,1897409.3],[591377.87,1897415.01],[591359.49,1897425.13]]]]}},{"type":"Feature","properties":{"building":"house","height":6,"heightSource":"default"},"geometry":{"type":"MultiPolygon","coordinates":[[[[591362.52,1897429.64],[591359.49,1897425.13],[591377.87,1897415.01],[591382.03,1897420.73],[591362.52,1897429.64]]]]}},{"type":"Feature","properties":{"building":"house","height":6,"heightSource":"default"},"geometry":{"type":"MultiPolygon","coordinates":[[[[591365.54,1897434.15],[591362.52,1897429.64],[591382.03,1897420.73],[591386.18,1897426.44],[591365.54,1897434.15]]]]}},{"type":"Feature","properties":{"building":"house","height":6,"heightSource":"default"},"geometry":{"type":"MultiPolygon","coordinates":[[[[591368.57,1897438.64],[591365.54,1897434.15],[591386.18,1897426.44],[591390.35,1897432.15],[591368.57,1897438.64]]]]}},{"type":"Feature","properties":{"building":"yes","height":6,"heightSource":"default"},"geometry":{"type":"MultiPolygon","coordinates":[[[[591343.88,1897458.87],[591349.6,1897458.76],[591349.51,1897454.35],[591356.59,1897454.22],[591356.67,1897458.79],[591362.29,1897458.68],[591362.44,1897466.01],[591344.01,1897466.36],[591343.88,1897458.87]]]]}},{"type":"Feature","properties":{"building":"yes","height":6,"heightSource":"default"},"geometry":{"type":"MultiPolygon","coordinates":[[[[591365.72,1897452.04],[591369.13,1897456.73],[591362.93,1897461.17],[591369.9,1897470.79],[591384.81,1897460.11],[591374.43,1897445.79],[591365.72,1897452.04]]]]}},{"type":"Feature","properties":{"building":"yes","height":6,"heightSource":"default"},"geometry":{"type":"MultiPolygon","coordinates":[[[[591319.13,1897579.52],[591313.53,1897593.08],[591330.41,1897599.96],[591336,1897586.4],[591319.13,1897579.52]]]]}},{"type":"Feature","properties":{"building":"yes","height":6,"heightSource":"default"},"geometry":{"type":"MultiPolygon","coordinates":[[[[591359.59,1897593.45],[591354.79,1897607.06],[591363.27,1897610.01],[591368.06,1897596.39],[591359.59,1897593.45]]]]}},{"type":"Feature","properties":{"building":"yes","height":6,"heightSource":"default"},"geometry":{"type":"MultiPolygon","coordinates":[[[[591514.64,1897626.45],[591502.48,1897642.48],[591508.39,1897646.9],[591520.53,1897630.88],[591514.64,1897626.45]]]]}},{"type":"Feature","properties":{"building":"yes","height":6,"heightSource":"default"},"geometry":{"type":"MultiPolygon","coordinates":[[[[591522.65,1897636.7],[591512.02,1897643.78],[591519.88,1897655.44],[591530.51,1897648.37],[591522.65,1897636.7]]]]}},{"type":"Feature","properties":{"building":"yes","height":6,"heightSource":"default"},"geometry":{"type":"MultiPolygon","coordinates":[[[[591387.51,1897600.65],[591399.9,1897605.68],[591405.83,1897591.19],[591393.44,1897586.18],[591387.51,1897600.65]]]]}},{"type":"Feature","properties":{"building":"yes","height":6,"heightSource":"default"},"geometry":{"type":"MultiPolygon","coordinates":[[[[591434.42,1897548.55],[591439.61,1897555.77],[591444.71,1897552.14],[591439.52,1897544.92],[591434.42,1897548.55]]]]}},{"type":"Feature","properties":{"building":"yes","height":6,"heightSource":"default"},"geometry":{"type":"MultiPolygon","coordinates":[[[[591417.29,1897568.26],[591423.74,1897563.67],[591419.32,1897557.52],[591428.53,1897550.97],[591439.94,1897566.83],[591424.29,1897577.97],[591417.29,1897568.26]]]]}},{"type":"Feature","properties":{"building":"yes","height":6,"heightSource":"default"},"geometry":{"type":"MultiPolygon","coordinates":[[[[591410.61,1897554.08],[591404.22,1897561.41],[591409.73,1897566.16],[591416.11,1897558.82],[591410.61,1897554.08]]]]}},{"type":"Feature","properties":{"building":"yes","height":6,"heightSource":"default"},"geometry":{"type":"MultiPolygon","coordinates":[[[[591411.47,1897551.75],[591416.84,1897557.51],[591423.17,1897551.7],[591417.82,1897545.92],[591411.47,1897551.75]]]]}},{"type":"Feature","properties":{"building":"yes","height":6,"heightSource":"default"},"geometry":{"type":"MultiPolygon","coordinates":[[[[591423.48,1897530.28],[591413.57,1897541.36],[591421.39,1897548.26],[591431.3,1897537.2],[591423.48,1897530.28]]]]}},{"type":"Feature","properties":{"building":"yes","height":6,"heightSource":"default"},"geometry":{"type":"MultiPolygon","coordinates":[[[[591394.94,1897533.92],[591400.55,1897536.77],[591406.6,1897525.03],[591400.99,1897522.17],[591394.94,1897533.92]]]]}},{"type":"Feature","properties":{"building":"yes","height":6,"heightSource":"default"},"geometry":{"type":"MultiPolygon","coordinates":[[[[591377.65,1897539.79],[591388.83,1897545.02],[591394.81,1897532.39],[591383.63,1897527.16],[591377.65,1897539.79]]]]}},{"type":"Feature","properties":{"building":"yes","height":6,"heightSource":"default"},"geometry":{"type":"MultiPolygon","coordinates":[[[[591385.29,1897554.14],[591398.81,1897560.59],[591405.94,1897545.8],[591392.42,1897539.36],[591385.29,1897554.14]]]]}},{"type":"Feature","properties":{"building":"yes","height":6,"heightSource":"default"},"geometry":{"type":"MultiPolygon","coordinates":[[[[591406.06,1897517.88],[591416.6,1897522.17],[591421.9,1897509.32],[591411.37,1897505.01],[591406.06,1897517.88]]]]}},{"type":"Feature","properties":{"building":"yes","height":6,"heightSource":"default"},"geometry":{"type":"MultiPolygon","coordinates":[[[[591393.66,1897484.58],[591392.99,1897499.18],[591405.18,1897499.73],[591405.85,1897485.13],[591393.66,1897484.58]]]]}},{"type":"Feature","properties":{"building":"yes","height":6,"heightSource":"default"},"geometry":{"type":"MultiPolygon","coordinates":[[[[591378.06,1897495.7],[591385.75,1897497.51],[591389.5,1897481.75],[591381.81,1897479.94],[591378.06,1897495.7]]]]}},{"type":"Feature","properties":{"building":"yes","height":6,"heightSource":"default"},"geometry":{"type":"MultiPolygon","coordinates":[[[[591366.77,1897500.69],[591374.6,1897502.43],[591378.11,1897486.79],[591370.28,1897485.05],[591366.77,1897500.69]]]]}},{"type":"Feature","properties":{"building":"yes","height":6,"heightSource":"default"},"geometry":{"type":"MultiPolygon","coordinates":[[[[591348.28,1897473.46],[591343.95,1897494.2],[591354.86,1897496.44],[591359.17,1897475.71],[591348.28,1897473.46]]]]}},{"type":"Feature","properties":{"building":"yes","height":6,"heightSource":"default"},"geometry":{"type":"MultiPolygon","coordinates":[[[[591240.63,1897493.54],[591234.54,1897502.91],[591244.57,1897509.34],[591250.66,1897499.97],[591240.63,1897493.54]]]]}},{"type":"Feature","properties":{"building":"yes","height":6,"heightSource":"default"},"geometry":{"type":"MultiPolygon","coordinates":[[[[591334.88,1897470.63],[591326.61,1897481.3],[591338.62,1897490.5],[591346.89,1897479.83],[591334.88,1897470.63]]]]}},{"type":"Feature","properties":{"building":"yes","height":6,"heightSource":"default"},"geometry":{"type":"MultiPolygon","coordinates":[[[[591479.35,1897832.09],[591494.14,1897839],[591498.9,1897828.95],[591484.09,1897822.04],[591479.35,1897832.09]]]]}},{"type":"Feature","properties":{"building":"yes","height":6,"heightSource":"default"},"geometry":{"type":"MultiPolygon","coordinates":[[[[591466.89,1897825.29],[591478.64,1897830.17],[591487.11,1897809.97],[591475.37,1897805.1],[591466.89,1897825.29]]]]}},{"type":"Feature","properties":{"building":"yes","height":6,"heightSource":"default"},"geometry":{"type":"MultiPolygon","coordinates":[[[[591447.2,1897794.16],[591440.86,1897814.71],[591458.31,1897820.05],[591464.65,1897799.48],[591447.2,1897794.16]]]]}},{"type":"Feature","properties":{"building":"yes","height":6,"heightSource":"default"},"geometry":{"type":"MultiPolygon","coordinates":[[[[591543.58,1899203.11],[591561.42,1899203.18],[591561.45,1899196.38],[591543.61,1899196.3],[591543.58,1899203.11]]]]}},{"type":"Feature","properties":{"building":"yes","height":6,"heightSource":"default"},"geometry":{"type":"MultiPolygon","coordinates":[[[[591534.97,1899217.46],[591559.36,1899217.82],[591559.56,1899204.71],[591535.16,1899204.35],[591534.97,1899217.46]]]]}},{"type":"Feature","properties":{"building":"yes","height":6,"heightSource":"default"},"geometry":{"type":"MultiPolygon","coordinates":[[[[591531.64,1899195.4],[591552.07,1899194.41],[591551.45,1899181.95],[591531.03,1899182.94],[591531.64,1899195.4]]]]}},{"type":"Feature","properties":{"building":"yes","height":6,"heightSource":"default"},"geometry":{"type":"MultiPolygon","coordinates":[[[[591533.76,1899162.14],[591533.29,1899152.6],[591555.1,1899151.54],[591555.87,1899167.22],[591547.64,1899167.62],[591547.34,1899161.49],[591533.76,1899162.14]]]]}},{"type":"Feature","properties":{"building":"yes","height":6,"heightSource":"default"},"geometry":{"type":"MultiPolygon","coordinates":[[[[591575.58,1899113.38],[591594.24,1899114.31],[591594.87,1899102.05],[591576.21,1899101.11],[591575.58,1899113.38]]]]}},{"type":"Feature","properties":{"building":"yes","height":6,"heightSource":"default"},"geometry":{"type":"MultiPolygon","coordinates":[[[[591576.99,1899069.79],[591586.43,1899068.92],[591585.48,1899058.64],[591576.03,1899059.51],[591576.99,1899069.79]]]]}},{"type":"Feature","properties":{"building":"yes","height":6,"heightSource":"default"},"geometry":{"type":"MultiPolygon","coordinates":[[[[591583.1,1899088.24],[591597.65,1899088.3],[591597.72,1899073.42],[591583.17,1899073.36],[591583.1,1899088.24]]]]}},{"type":"Feature","properties":{"building":"yes","height":6,"heightSource":"default"},"geometry":{"type":"MultiPolygon","coordinates":[[[[591495.44,1899060],[591495.36,1899078.5],[591505.06,1899078.54],[591505.14,1899060.04],[591495.44,1899060]]]]}},{"type":"Feature","properties":{"building":"yes","height":6,"heightSource":"default"},"geometry":{"type":"MultiPolygon","coordinates":[[[[591505.55,1899081.31],[591516.06,1899081.21],[591516.01,1899075.83],[591505.5,1899075.92],[591505.55,1899081.31]]]]}},{"type":"Feature","properties":{"building":"yes","height":6,"heightSource":"default"},"geometry":{"type":"MultiPolygon","coordinates":[[[[591506.91,1899061.18],[591506.86,1899072.6],[591514.71,1899072.63],[591514.76,1899061.22],[591506.91,1899061.18]]]]}},{"type":"Feature","properties":{"building":"yes","height":6,"heightSource":"default"},"geometry":{"type":"MultiPolygon","coordinates":[[[[591548.61,1899084.75],[591563.08,1899084.94],[591563.19,1899076.29],[591548.72,1899076.11],[591548.61,1899084.75]]]]}},{"type":"Feature","properties":{"building":"yes","height":6,"heightSource":"default"},"geometry":{"type":"MultiPolygon","coordinates":[[[[591535.28,1899083.42],[591547.11,1899083.39],[591547.08,1899073.75],[591535.24,1899073.79],[591535.28,1899083.42]]]]}},{"type":"Feature","properties":{"building":"yes","height":6,"heightSource":"default"},"geometry":{"type":"MultiPolygon","coordinates":[[[[591522.44,1899082.3],[591533.22,1899082.26],[591533.18,1899074.03],[591522.41,1899074.08],[591522.44,1899082.3]]]]}},{"type":"Feature","properties":{"building":"yes","height":6,"heightSource":"default"},"geometry":{"type":"MultiPolygon","coordinates":[[[[591527.04,1899057.09],[591547.54,1899057.43],[591547.74,1899045.81],[591527.24,1899045.47],[591527.04,1899057.09]]]]}},{"type":"Feature","properties":{"building":"yes","height":6,"heightSource":"default"},"geometry":{"type":"MultiPolygon","coordinates":[[[[591549,1899075.05],[591563.48,1899075.84],[591564.1,1899064.57],[591549.62,1899063.78],[591549,1899075.05]]]]}},{"type":"Feature","properties":{"building":"yes","height":6,"heightSource":"default"},"geometry":{"type":"MultiPolygon","coordinates":[[[[591530.26,1899072.56],[591543.89,1899072.62],[591543.93,1899061.99],[591530.31,1899061.93],[591530.26,1899072.56]]]]}},{"type":"Feature","properties":{"building":"yes","height":6,"heightSource":"default"},"geometry":{"type":"MultiPolygon","coordinates":[[[[591488.87,1899092.58],[591488.29,1899108.41],[591501.41,1899108.89],[591502,1899093.06],[591488.87,1899092.58]]]]}},{"type":"Feature","properties":{"building":"yes","height":6,"heightSource":"default"},"geometry":{"type":"MultiPolygon","coordinates":[[[[591447.28,1899128.83],[591447.19,1899136.98],[591458.32,1899137.11],[591458.41,1899128.94],[591447.28,1899128.83]]]]}},{"type":"Feature","properties":{"building":"yes","height":6,"heightSource":"default"},"geometry":{"type":"MultiPolygon","coordinates":[[[[591465.88,1899132.84],[591465.46,1899139.79],[591475.73,1899140.4],[591476.14,1899133.45],[591465.88,1899132.84]]]]}},{"type":"Feature","properties":{"building":"yes","height":6,"heightSource":"default"},"geometry":{"type":"MultiPolygon","coordinates":[[[[591482.39,1899133.34],[591482.22,1899141.52],[591496.63,1899141.79],[591496.79,1899133.62],[591482.39,1899133.34]]]]}},{"type":"Feature","properties":{"building":"yes","height":6,"heightSource":"default"},"geometry":{"type":"MultiPolygon","coordinates":[[[[591475.83,1899124.55],[591476.16,1899132.99],[591495.85,1899132.23],[591495.51,1899123.8],[591475.83,1899124.55]]]]}},{"type":"Feature","properties":{"building":"yes","height":6,"heightSource":"default"},"geometry":{"type":"MultiPolygon","coordinates":[[[[591477.36,1899115.71],[591477.28,1899121.88],[591498.24,1899122.18],[591498.33,1899116.01],[591477.36,1899115.71]]]]}},{"type":"Feature","properties":{"building":"yes","height":6,"heightSource":"default"},"geometry":{"type":"MultiPolygon","coordinates":[[[[591516.45,1899132.11],[591516.34,1899142.02],[591528.9,1899142.16],[591529,1899132.23],[591516.45,1899132.11]]]]}},{"type":"Feature","properties":{"building":"yes","height":6,"heightSource":"default"},"geometry":{"type":"MultiPolygon","coordinates":[[[[591520.72,1899116.82],[591520.42,1899127.1],[591528.98,1899127.35],[591529.28,1899117.06],[591520.72,1899116.82]]]]}},{"type":"Feature","properties":{"building":"yes","height":6,"heightSource":"default"},"geometry":{"type":"MultiPolygon","coordinates":[[[[591519.78,1899105.62],[591529.33,1899105.66],[591529.39,1899091.2],[591519.84,1899091.15],[591519.78,1899105.62]]]]}},{"type":"Feature","properties":{"building":"yes","height":6,"heightSource":"default"},"geometry":{"type":"MultiPolygon","coordinates":[[[[591531.65,1899097.3],[591531.47,1899114.45],[591543.16,1899114.57],[591543.34,1899097.42],[591531.65,1899097.3]]]]}},{"type":"Feature","properties":{"building":"yes","height":6,"heightSource":"default"},"geometry":{"type":"MultiPolygon","coordinates":[[[[591544.97,1899115.72],[591561.11,1899116.18],[591561.53,1899101.36],[591545.4,1899100.9],[591544.97,1899115.72]]]]}},{"type":"Feature","properties":{"building":"yes","height":6,"heightSource":"default"},"geometry":{"type":"MultiPolygon","coordinates":[[[[591542.19,1899131.44],[591552.3,1899131.77],[591552.63,1899121.7],[591542.52,1899121.38],[591542.19,1899131.44]]]]}},{"type":"Feature","properties":{"building":"yes","height":6,"heightSource":"default"},"geometry":{"type":"MultiPolygon","coordinates":[[[[591553.81,1899131.42],[591565.72,1899131.48],[591565.78,1899119.49],[591553.87,1899119.44],[591553.81,1899131.42]]]]}},{"type":"Feature","properties":{"building":"yes","height":6,"heightSource":"default"},"geometry":{"type":"MultiPolygon","coordinates":[[[[591573.71,1899132.22],[591580.07,1899131.95],[591579.69,1899122.81],[591573.32,1899123.07],[591573.71,1899132.22]]]]}},{"type":"Feature","properties":{"building":"yes","height":6,"heightSource":"default"},"geometry":{"type":"MultiPolygon","coordinates":[[[[591580.99,1899130.9],[591592.97,1899130.47],[591592.59,1899120.12],[591580.61,1899120.56],[591580.99,1899130.9]]]]}},{"type":"Feature","properties":{"building":"yes","height":6,"heightSource":"default"},"geometry":{"type":"MultiPolygon","coordinates":[[[[591593.69,1899129.61],[591606.11,1899129.29],[591605.86,1899120],[591593.45,1899120.33],[591593.69,1899129.61]]]]}},{"type":"Feature","properties":{"building":"yes","height":6,"heightSource":"default"},"geometry":{"type":"MultiPolygon","coordinates":[[[[591578.16,1899156.98],[591595.43,1899156.89],[591595.36,1899142.28],[591578.09,1899142.37],[591578.16,1899156.98]]]]}},{"type":"Feature","properties":{"building":"yes","height":6,"heightSource":"default"},"geometry":{"type":"MultiPolygon","coordinates":[[[[591578.52,1899173.85],[591595.72,1899174.48],[591596.2,1899161.59],[591579.01,1899160.95],[591578.52,1899173.85]]]]}},{"type":"Feature","properties":{"building":"yes","height":6,"heightSource":"default"},"geometry":{"type":"MultiPolygon","coordinates":[[[[591520.77,1899234.76],[591510.76,1899234.17],[591510.38,1899240.62],[591520.39,1899241.21],[591520.77,1899234.76]]]]}},{"type":"Feature","properties":{"building":"yes","height":6,"heightSource":"default"},"geometry":{"type":"MultiPolygon","coordinates":[[[[591514.71,1899232.61],[591526.98,1899232.75],[591527.09,1899222.97],[591514.83,1899222.83],[591514.71,1899232.61]]]]}},{"type":"Feature","properties":{"building":"yes","height":6,"heightSource":"default"},"geometry":{"type":"MultiPolygon","coordinates":[[[[591532.27,1899231.06],[591532.5,1899241.84],[591543.24,1899241.6],[591543.01,1899230.82],[591532.27,1899231.06]]]]}},{"type":"Feature","properties":{"building":"yes","height":6,"heightSource":"default"},"geometry":{"type":"MultiPolygon","coordinates":[[[[591587.68,1899247.32],[591597.31,1899247.71],[591597.62,1899239.77],[591588,1899239.38],[591587.68,1899247.32]]]]}},{"type":"Feature","properties":{"building":"yes","height":6,"heightSource":"default"},"geometry":{"type":"MultiPolygon","coordinates":[[[[591574.69,1899248.12],[591586.47,1899248.27],[591586.58,1899239.97],[591574.81,1899239.82],[591574.69,1899248.12]]]]}},{"type":"Feature","properties":{"building":"yes","height":6,"heightSource":"default"},"geometry":{"type":"MultiPolygon","coordinates":[[[[591544.71,1899238.42],[591559.97,1899237.94],[591559.71,1899229.93],[591544.46,1899230.4],[591544.71,1899238.42]]]]}},{"type":"Feature","properties":{"building":"yes","height":6,"heightSource":"default"},"geometry":{"type":"MultiPolygon","coordinates":[[[[591575.83,1899234.87],[591588.02,1899234.85],[591587.99,1899223.51],[591575.8,1899223.52],[591575.83,1899234.87]]]]}},{"type":"Feature","properties":{"building":"yes","height":6,"heightSource":"default"},"geometry":{"type":"MultiPolygon","coordinates":[[[[591590.87,1899218.98],[591591.41,1899210.7],[591577.12,1899209.78],[591576.58,1899218.07],[591590.87,1899218.98]]]]}},{"type":"Feature","properties":{"building":"yes","height":6,"heightSource":"default"},"geometry":{"type":"MultiPolygon","coordinates":[[[[591573.37,1899207.42],[591598.04,1899207.87],[591598.23,1899197.66],[591573.57,1899197.22],[591573.37,1899207.42]]]]}},{"type":"Feature","properties":{"building":"yes","height":6,"heightSource":"default"},"geometry":{"type":"MultiPolygon","coordinates":[[[[591764.11,1899552.18],[591767.75,1899562.04],[591786.6,1899555.18],[591782.98,1899545.32],[591764.11,1899552.18]]]]}},{"type":"Feature","properties":{"building":"yes","height":6,"heightSource":"default"},"geometry":{"type":"MultiPolygon","coordinates":[[[[591745.96,1899561.46],[591749.9,1899571.43],[591763.9,1899565.96],[591759.97,1899555.99],[591745.96,1899561.46]]]]}},{"type":"Feature","properties":{"building":"yes","height":6,"heightSource":"default"},"geometry":{"type":"MultiPolygon","coordinates":[[[[591728.86,1899557.12],[591731.32,1899564.37],[591747.18,1899559.05],[591744.72,1899551.82],[591728.86,1899557.12]]]]}},{"type":"Feature","properties":{"building":"yes","height":6,"heightSource":"default"},"geometry":{"type":"MultiPolygon","coordinates":[[[[591690.13,1899576.52],[591696.12,1899588.57],[591709.56,1899581.96],[591703.56,1899569.91],[591690.13,1899576.52]]]]}},{"type":"Feature","properties":{"building":"yes","height":6,"heightSource":"default"},"geometry":{"type":"MultiPolygon","coordinates":[[[[591694.78,1899492.48],[591698.61,1899505.88],[591711.46,1899502.25],[591707.63,1899488.85],[591694.78,1899492.48]]]]}},{"type":"Feature","properties":{"building":"yes","height":6,"heightSource":"default"},"geometry":{"type":"MultiPolygon","coordinates":[[[[592035.49,1897421.22],[592022.99,1897427.89],[592028.36,1897437.84],[592040.87,1897431.17],[592035.49,1897421.22]]]]}},{"type":"Feature","properties":{"building":"yes","height":6,"heightSource":"default"},"geometry":{"type":"MultiPolygon","coordinates":[[[[592068.17,1897449.58],[592054.87,1897457.32],[592060.81,1897467.42],[592074.12,1897459.66],[592068.17,1897449.58]]]]}},{"type":"Feature","properties":{"building":"yes","height":6,"heightSource":"default"},"geometry":{"type":"MultiPolygon","coordinates":[[[[592079.64,1897438.28],[592099.5,1897444.22],[592101.96,1897436.08],[592082.1,1897430.15],[592079.64,1897438.28]]]]}},{"type":"Feature","properties":{"building":"yes","height":6,"heightSource":"default"},"geometry":{"type":"MultiPolygon","coordinates":[[[[592097.56,1897384.34],[592092.68,1897393.11],[592101.5,1897397.97],[592106.38,1897389.21],[592097.56,1897384.34]]]]}},{"type":"Feature","properties":{"building":"yes","height":6,"heightSource":"default"},"geometry":{"type":"MultiPolygon","coordinates":[[[[592159.58,1897408.65],[592155.78,1897423.3],[592171.24,1897427.26],[592175.03,1897412.63],[592159.58,1897408.65]]]]}},{"type":"Feature","properties":{"building":"yes","height":6,"heightSource":"default"},"geometry":{"type":"MultiPolygon","coordinates":[[[[592241.62,1897449.36],[592246.73,1897456.33],[592252.18,1897452.38],[592247.08,1897445.41],[592241.62,1897449.36]]]]}},{"type":"Feature","properties":{"building":"yes","height":6,"heightSource":"default"},"geometry":{"type":"MultiPolygon","coordinates":[[[[592267.75,1897606.35],[592267.81,1897616.25],[592274.65,1897616.21],[592274.59,1897606.3],[592267.75,1897606.35]]]]}},{"type":"Feature","properties":{"building":"yes","height":6,"heightSource":"default"},"geometry":{"type":"MultiPolygon","coordinates":[[[[592335.42,1897625.01],[592358.39,1897620.08],[592356.29,1897610.43],[592333.32,1897615.36],[592335.42,1897625.01]]]]}},{"type":"Feature","properties":{"building":"yes","height":6,"heightSource":"default"},"geometry":{"type":"MultiPolygon","coordinates":[[[[592406.31,1897595.26],[592422,1897594.91],[592421.24,1897562.09],[592405.55,1897562.46],[592406.31,1897595.26]]]]}},{"type":"Feature","properties":{"building":"yes","height":6,"heightSource":"default"},"geometry":{"type":"MultiPolygon","coordinates":[[[[592373.12,1897487.94],[592380.23,1897524.15],[592393.08,1897521.65],[592385.97,1897485.44],[592373.12,1897487.94]]]]}},{"type":"Feature","properties":{"building":"yes","height":6,"heightSource":"default"},"geometry":{"type":"MultiPolygon","coordinates":[[[[592396.68,1897514.13],[592404.68,1897511.61],[592399.81,1897496.33],[592391.81,1897498.84],[592396.68,1897514.13]]]]}},{"type":"Feature","properties":{"building":"yes","height":6,"heightSource":"default"},"geometry":{"type":"MultiPolygon","coordinates":[[[[592415.39,1897508.4],[592424.82,1897506.04],[592421.55,1897493.19],[592412.12,1897495.55],[592415.39,1897508.4]]]]}},{"type":"Feature","properties":{"building":"yes","height":6,"heightSource":"default"},"geometry":{"type":"MultiPolygon","coordinates":[[[[592390.45,1897473.27],[592405.88,1897509.98],[592413.31,1897506.89],[592397.88,1897470.18],[592390.45,1897473.27]]]]}},{"type":"Feature","properties":{"building":"yes","height":6,"heightSource":"default"},"geometry":{"type":"MultiPolygon","coordinates":[[[[592352.04,1897384.63],[592364.98,1897392.92],[592370.83,1897383.89],[592357.88,1897375.61],[592352.04,1897384.63]]]]}},{"type":"Feature","properties":{"building":"yes","height":6,"heightSource":"default"},"geometry":{"type":"MultiPolygon","coordinates":[[[[592350,1897394.19],[592345.12,1897408.3],[592353.1,1897411.03],[592357.98,1897396.93],[592350,1897394.19]]]]}},{"type":"Feature","properties":{"building":"yes","height":6,"heightSource":"default"},"geometry":{"type":"MultiPolygon","coordinates":[[[[592356.4,1897413.44],[592369.44,1897417.74],[592373.49,1897405.65],[592360.46,1897401.34],[592356.4,1897413.44]]]]}},{"type":"Feature","properties":{"building":"yes","height":6,"heightSource":"default"},"geometry":{"type":"MultiPolygon","coordinates":[[[[592356.47,1897414.71],[592351.9,1897427.53],[592363.5,1897431.62],[592368.08,1897418.8],[592356.47,1897414.71]]]]}},{"type":"Feature","properties":{"building":"yes","height":6,"heightSource":"default"},"geometry":{"type":"MultiPolygon","coordinates":[[[[592343.09,1897408.34],[592334.89,1897422.91],[592344.78,1897428.41],[592352.98,1897413.84],[592343.09,1897408.34]]]]}},{"type":"Feature","properties":{"building":"yes","height":6,"heightSource":"default"},"geometry":{"type":"MultiPolygon","coordinates":[[[[592587.03,1897499.39],[592591.88,1897514.37],[592605.89,1897509.89],[592601.04,1897494.91],[592587.03,1897499.39]]]]}},{"type":"Feature","properties":{"building":"yes","height":6,"heightSource":"default"},"geometry":{"type":"MultiPolygon","coordinates":[[[[592620.39,1897505.35],[592622.6,1897513.63],[592635.31,1897510.29],[592633.1,1897502],[592620.39,1897505.35]]]]}},{"type":"Feature","properties":{"building":"yes","height":6,"heightSource":"default"},"geometry":{"type":"MultiPolygon","coordinates":[[[[592644.85,1897520.63],[592650.03,1897531.74],[592663.17,1897525.71],[592658.01,1897514.6],[592644.85,1897520.63]]]]}},{"type":"Feature","properties":{"building":"yes","height":6,"heightSource":"default"},"geometry":{"type":"MultiPolygon","coordinates":[[[[592615.05,1897519.22],[592616.9,1897526.59],[592634.33,1897522.28],[592632.48,1897514.9],[592615.05,1897519.22]]]]}},{"type":"Feature","properties":{"building":"yes","height":6,"heightSource":"default"},"geometry":{"type":"MultiPolygon","coordinates":[[[[592643.22,1897535.65],[592648.79,1897549.26],[592665.79,1897542.39],[592660.23,1897528.78],[592643.22,1897535.65]]]]}},{"type":"Feature","properties":{"building":"yes","height":6,"heightSource":"default"},"geometry":{"type":"MultiPolygon","coordinates":[[[[592634.05,1897513.21],[592637.14,1897521.16],[592652.86,1897515.14],[592649.76,1897507.18],[592634.05,1897513.21]]]]}},{"type":"Feature","properties":{"building":"yes","height":6,"heightSource":"default"},"geometry":{"type":"MultiPolygon","coordinates":[[[[592550.88,1897386.95],[592548.37,1897402.18],[592568.04,1897405.39],[592570.56,1897390.14],[592550.88,1897386.95]]]]}},{"type":"Feature","properties":{"building":"yes","height":6,"heightSource":"default"},"geometry":{"type":"MultiPolygon","coordinates":[[[[592537.97,1897355.77],[592534.82,1897364.8],[592544.69,1897368.2],[592547.84,1897359.16],[592537.97,1897355.77]]]]}},{"type":"Feature","properties":{"building":"yes","height":6,"heightSource":"default"},"geometry":{"type":"MultiPolygon","coordinates":[[[[592190.68,1897582.19],[592189.03,1897593.5],[592199.73,1897595.03],[592201.37,1897583.72],[592190.68,1897582.19]]]]}},{"type":"Feature","properties":{"building":"yes","height":6,"heightSource":"default"},"geometry":{"type":"MultiPolygon","coordinates":[[[[592195.76,1897595.67],[592194.51,1897608.16],[592207.27,1897609.42],[592208.51,1897596.94],[592195.76,1897595.67]]]]}},{"type":"Feature","properties":{"building":"yes","height":6,"heightSource":"default"},"geometry":{"type":"MultiPolygon","coordinates":[[[[592201.4,1897594.04],[592202.84,1897582.64],[592213.84,1897584.01],[592213.04,1897590.35],[592219.48,1897591.15],[592217.27,1897608.7],[592208.97,1897607.67],[592210.54,1897595.19],[592201.4,1897594.04]]]]}},{"type":"Feature","properties":{"building":"yes","height":6,"heightSource":"default"},"geometry":{"type":"MultiPolygon","coordinates":[[[[592214.41,1897539.41],[592214.2,1897556.93],[592224.05,1897557.05],[592224.26,1897539.52],[592214.41,1897539.41]]]]}},{"type":"Feature","properties":{"building":"yes","height":6,"heightSource":"default"},"geometry":{"type":"MultiPolygon","coordinates":[[[[592259.19,1897541.02],[592261.2,1897560.57],[592277.32,1897558.95],[592275.32,1897539.39],[592259.19,1897541.02]]]]}},{"type":"Feature","properties":{"building":"yes","height":6,"heightSource":"default"},"geometry":{"type":"MultiPolygon","coordinates":[[[[592410.5,1897488.32],[592417.64,1897485.1],[592412.83,1897474.59],[592405.68,1897477.82],[592410.5,1897488.32]]]]}},{"type":"Feature","properties":{"building":"yes","height":6,"heightSource":"default"},"geometry":{"type":"MultiPolygon","coordinates":[[[[592540.09,1897407.01],[592540.27,1897415.8],[592529.43,1897416],[592529.25,1897407.22],[592540.09,1897407.01]]]]}},{"type":"Feature","properties":{"building":"yes","height":6,"heightSource":"default"},"geometry":{"type":"MultiPolygon","coordinates":[[[[592094.76,1897582.5],[592095.5,1897599.76],[592088.95,1897600.03],[592088.78,1897596.07],[592080.24,1897596.43],[592079.77,1897585.4],[592087.74,1897585.06],[592087.64,1897582.8],[592094.76,1897582.5]]]]}},{"type":"Feature","properties":{"building":"yes","height":6,"heightSource":"default"},"geometry":{"type":"MultiPolygon","coordinates":[[[[592238.88,1897480.05],[592222.29,1897505.08],[592213.82,1897499.53],[592219.61,1897490.79],[592230.41,1897474.5],[592238.88,1897480.05]]]]}},{"type":"Feature","properties":{"building":"yes","height":6,"heightSource":"default"},"geometry":{"type":"MultiPolygon","coordinates":[[[[592475.58,1897528.86],[592484.13,1897528.59],[592484.62,1897543.88],[592476.06,1897544.15],[592475.58,1897528.86]]]]}},{"type":"Feature","properties":{"building":"yes","height":6,"heightSource":"default"},"geometry":{"type":"MultiPolygon","coordinates":[[[[592454.32,1897564.47],[592457.02,1897575.59],[592449.38,1897577.42],[592446.67,1897566.3],[592454.32,1897564.47]]]]}},{"type":"Feature","properties":{"building":"yes","height":6,"heightSource":"default"},"geometry":{"type":"MultiPolygon","coordinates":[[[[592135.36,1897460.53],[592149.6,1897460.1],[592149.92,1897470.3],[592135.66,1897470.74],[592135.36,1897460.53]]]]}},{"type":"Feature","properties":{"building":"yes","height":6,"heightSource":"default"},"geometry":{"type":"MultiPolygon","coordinates":[[[[592563.69,1897542.9],[592556.17,1897545.24],[592553.9,1897538.02],[592561.42,1897535.67],[592563.69,1897542.9]]]]}},{"type":"Feature","properties":{"building":"yes","height":6,"heightSource":"default"},"geometry":{"type":"MultiPolygon","coordinates":[[[[592127.38,1897507.96],[592137.07,1897510.87],[592130.03,1897534.03],[592116.68,1897530.01],[592120.39,1897517.79],[592124.06,1897518.89],[592127.38,1897507.96]]]]}},{"type":"Feature","properties":{"building":"yes","height":6,"heightSource":"default"},"geometry":{"type":"MultiPolygon","coordinates":[[[[592505.21,1897388.41],[592504.72,1897401.28],[592491.74,1897400.79],[592492.23,1897387.91],[592505.21,1897388.41]]]]}},{"type":"Feature","properties":{"building":"yes","height":6,"heightSource":"default"},"geometry":{"type":"MultiPolygon","coordinates":[[[[592553.32,1897359.96],[592565.6,1897363.42],[592562.95,1897372.75],[592550.67,1897369.29],[592553.32,1897359.96]]]]}},{"type":"Feature","properties":{"building":"yes","height":6,"heightSource":"default"},"geometry":{"type":"MultiPolygon","coordinates":[[[[592156.03,1897392.79],[592154.31,1897397.45],[592145.75,1897394.33],[592153.4,1897373.55],[592166,1897378.13],[592160.05,1897394.26],[592156.03,1897392.79]]]]}},{"type":"Feature","properties":{"building":"yes","height":6,"heightSource":"default"},"geometry":{"type":"MultiPolygon","coordinates":[[[[592484.55,1897409.71],[592497.65,1897409.33],[592497.93,1897418.68],[592484.81,1897419.06],[592484.55,1897409.71]]]]}},{"type":"Feature","properties":{"building":"yes","height":6,"heightSource":"default"},"geometry":{"type":"MultiPolygon","coordinates":[[[[592089.47,1897491.63],[592093.52,1897485.93],[592099.64,1897490.21],[592096.27,1897494.97],[592098.87,1897496.78],[592089.84,1897509.52],[592076.72,1897500.32],[592085.08,1897488.54],[592089.47,1897491.63]]]]}},{"type":"Feature","properties":{"building":"yes","height":6,"heightSource":"default"},"geometry":{"type":"MultiPolygon","coordinates":[[[[592534.93,1897319.16],[592529.9,1897337.36],[592514.49,1897333.15],[592518.3,1897319.43],[592523.61,1897320.88],[592524.85,1897316.4],[592534.93,1897319.16]]]]}},{"type":"Feature","properties":{"building":"yes","height":6,"heightSource":"default"},"geometry":{"type":"MultiPolygon","coordinates":[[[[592146.36,1897476.12],[592146.31,1897470.56],[592155.32,1897470.48],[592155.37,1897476.04],[592146.36,1897476.12]]]]}},{"type":"Feature","properties":{"building":"yes","height":6,"heightSource":"default"},"geometry":{"type":"MultiPolygon","coordinates":[[[[592188.66,1897555.62],[592192.19,1897534.35],[592201.08,1897535.81],[592197.56,1897557.08],[592188.66,1897555.62]]]]}},{"type":"Feature","properties":{"building":"yes","height":6,"heightSource":"default"},"geometry":{"type":"MultiPolygon","coordinates":[[[[592299.29,1897523.92],[592310.48,1897522.36],[592314.15,1897548.35],[592302.96,1897549.92],[592299.29,1897523.92]]]]}},{"type":"Feature","properties":{"building":"yes","height":6,"heightSource":"default"},"geometry":{"type":"MultiPolygon","coordinates":[[[[592224.2,1897640.39],[592224.86,1897629.43],[592245.14,1897630.63],[592244.57,1897640.24],[592239.35,1897639.92],[592239.27,1897641.28],[592224.2,1897640.39]]]]}},{"type":"Feature","properties":{"building":"yes","height":6,"heightSource":"default"},"geometry":{"type":"MultiPolygon","coordinates":[[[[592214.72,1897636.33],[592215.06,1897628.69],[592224.18,1897629.09],[592223.83,1897636.73],[592214.72,1897636.33]]]]}},{"type":"Feature","properties":{"building":"yes","height":6,"heightSource":"default"},"geometry":{"type":"MultiPolygon","coordinates":[[[[592018.64,1897623.7],[592022.27,1897622.76],[592023.67,1897628.06],[592004.73,1897632.98],[592001.92,1897622.27],[592008.15,1897620.66],[592007.73,1897619.06],[592016.8,1897616.71],[592018.64,1897623.7]]]]}},{"type":"Feature","properties":{"building":"yes","height":6,"heightSource":"default"},"geometry":{"type":"MultiPolygon","coordinates":[[[[592330.81,1897589.64],[592339.35,1897589.34],[592339.99,1897607.59],[592331.44,1897607.89],[592330.81,1897589.64]]]]}},{"type":"Feature","properties":{"building":"yes","height":6,"heightSource":"default"},"geometry":{"type":"MultiPolygon","coordinates":[[[[592162.28,1897433.47],[592158.25,1897444.18],[592152.13,1897441.91],[592156.16,1897431.2],[592162.28,1897433.47]]]]}},{"type":"Feature","properties":{"building":"yes","height":6,"heightSource":"default"},"geometry":{"type":"MultiPolygon","coordinates":[[[[592151.83,1897600.68],[592157.77,1897586.83],[592168.95,1897591.57],[592163.01,1897605.42],[592151.83,1897600.68]]]]}},{"type":"Feature","properties":{"building":"yes","height":6,"heightSource":"default"},"geometry":{"type":"MultiPolygon","coordinates":[[[[592358.44,1897477.76],[592368.63,1897475.9],[592372.3,1897495.76],[592362.09,1897497.62],[592358.44,1897477.76]]]]}},{"type":"Feature","properties":{"building":"yes","height":6,"heightSource":"default"},"geometry":{"type":"MultiPolygon","coordinates":[[[[592286.24,1897600.86],[592276.84,1897601.25],[592276.34,1897589.07],[592285.73,1897588.68],[592286.24,1897600.86]]]]}},{"type":"Feature","properties":{"building":"yes","height":6,"heightSource":"default"},"geometry":{"type":"MultiPolygon","coordinates":[[[[592024.23,1897680],[592021.14,1897669.16],[592039.61,1897663.96],[592042.7,1897674.81],[592024.23,1897680]]]]}},{"type":"Feature","properties":{"building":"yes","height":6,"heightSource":"default"},"geometry":{"type":"MultiPolygon","coordinates":[[[[592007.52,1897538.45],[592016.28,1897535.61],[592023.01,1897556.08],[592014.25,1897558.93],[592007.52,1897538.45]]]]}},{"type":"Feature","properties":{"building":"yes","height":6,"heightSource":"default"},"geometry":{"type":"MultiPolygon","coordinates":[[[[592347.13,1897508.81],[592356.16,1897506.4],[592357.93,1897512.88],[592348.89,1897515.3],[592347.13,1897508.81]]]]}},{"type":"Feature","properties":{"building":"yes","height":6,"heightSource":"default"},"geometry":{"type":"MultiPolygon","coordinates":[[[[592466.58,1897396.58],[592475.55,1897395.43],[592478.24,1897416.05],[592469.27,1897417.21],[592466.58,1897396.58]]]]}},{"type":"Feature","properties":{"building":"yes","height":6,"heightSource":"default"},"geometry":{"type":"MultiPolygon","coordinates":[[[[592260.71,1897590.96],[592264.94,1897590.49],[592266.83,1897607.59],[592253.58,1897609.03],[592251.2,1897587.47],[592260.21,1897586.48],[592260.71,1897590.96]]]]}},{"type":"Feature","properties":{"building":"yes","height":6,"heightSource":"default"},"geometry":{"type":"MultiPolygon","coordinates":[[[[592245.62,1897506.14],[592235.63,1897506.06],[592235.76,1897490.85],[592245.75,1897490.94],[592245.62,1897506.14]]]]}},{"type":"Feature","properties":{"building":"yes","height":6,"heightSource":"default"},"geometry":{"type":"MultiPolygon","coordinates":[[[[592461.97,1897380.2],[592462.69,1897394.5],[592450.17,1897395.11],[592449.46,1897380.82],[592461.97,1897380.2]]]]}},{"type":"Feature","properties":{"building":"yes","height":6,"heightSource":"default"},"geometry":{"type":"MultiPolygon","coordinates":[[[[592478.78,1897545.41],[592485.05,1897545.19],[592485.43,1897555.95],[592479.16,1897556.17],[592478.78,1897545.41]]]]}},{"type":"Feature","properties":{"building":"yes","height":6,"heightSource":"default"},"geometry":{"type":"MultiPolygon","coordinates":[[[[592588.8,1897344.7],[592598.39,1897347.99],[592592.22,1897365.69],[592582.64,1897362.39],[592588.8,1897344.7]]]]}},{"type":"Feature","properties":{"building":"yes","height":6,"heightSource":"default"},"geometry":{"type":"MultiPolygon","coordinates":[[[[592110.99,1897550.46],[592093.82,1897552.39],[592092.01,1897536.44],[592100,1897535.54],[592100.93,1897543.76],[592110.11,1897542.73],[592110.99,1897550.46]]]]}},{"type":"Feature","properties":{"building":"yes","height":6,"heightSource":"default"},"geometry":{"type":"MultiPolygon","coordinates":[[[[592270.35,1897630.43],[592254.29,1897630.81],[592254.05,1897620.61],[592270.11,1897620.24],[592270.35,1897630.43]]]]}},{"type":"Feature","properties":{"building":"yes","height":6,"heightSource":"default"},"geometry":{"type":"MultiPolygon","coordinates":[[[[592130.73,1897444.29],[592153.06,1897446.5],[592152.24,1897454.65],[592143.09,1897453.74],[592142.85,1897456.16],[592129.68,1897454.87],[592130.73,1897444.29]]]]}},{"type":"Feature","properties":{"building":"yes","height":6,"heightSource":"default"},"geometry":{"type":"MultiPolygon","coordinates":[[[[592648.27,1897471.09],[592644.42,1897479.25],[592632.93,1897473.91],[592636.76,1897465.75],[592648.27,1897471.09]]]]}},{"type":"Feature","properties":{"building":"yes","height":6,"heightSource":"default"},"geometry":{"type":"MultiPolygon","coordinates":[[[[592652.09,1897442.03],[592662.23,1897446.97],[592651.39,1897468.97],[592634.09,1897460.55],[592638.84,1897450.93],[592645.99,1897454.41],[592652.09,1897442.03]]]]}},{"type":"Feature","properties":{"building":"yes","height":6,"heightSource":"default"},"geometry":{"type":"MultiPolygon","coordinates":[[[[592236.24,1897654.89],[592235.53,1897666.76],[592224.54,1897666.11],[592225.26,1897654.23],[592236.24,1897654.89]]]]}},{"type":"Feature","properties":{"building":"yes","height":6,"heightSource":"default"},"geometry":{"type":"MultiPolygon","coordinates":[[[[592256.84,1897646.78],[592257.07,1897634.88],[592274.47,1897635.22],[592274.24,1897647.13],[592256.84,1897646.78]]]]}},{"type":"Feature","properties":{"building":"yes","height":6,"heightSource":"default"},"geometry":{"type":"MultiPolygon","coordinates":[[[[592370.61,1897473.05],[592380.51,1897472.12],[592381.46,1897482.23],[592371.57,1897483.16],[592370.61,1897473.05]]]]}},{"type":"Feature","properties":{"building":"yes","height":6,"heightSource":"default"},"geometry":{"type":"MultiPolygon","coordinates":[[[[592503.56,1897560.33],[592489.47,1897560.31],[592489.49,1897548.4],[592486.34,1897548.4],[592486.36,1897539.61],[592493.21,1897539.61],[592493.21,1897534.51],[592503.59,1897534.53],[592503.56,1897560.33]]]]}},{"type":"Feature","properties":{"building":"yes","height":6,"heightSource":"default"},"geometry":{"type":"MultiPolygon","coordinates":[[[[592131.61,1897652.97],[592144.44,1897653.2],[592144.13,1897671.05],[592131.29,1897670.83],[592131.61,1897652.97]]]]}},{"type":"Feature","properties":{"building":"yes","height":6,"heightSource":"default"},"geometry":{"type":"MultiPolygon","coordinates":[[[[592433.19,1897485.25],[592442.72,1897482.17],[592446.08,1897492.4],[592436.54,1897495.49],[592433.19,1897485.25]]]]}},{"type":"Feature","properties":{"building":"yes","height":6,"heightSource":"default"},"geometry":{"type":"MultiPolygon","coordinates":[[[[592044.35,1897592.41],[592055.35,1897591.98],[592056.2,1897613.49],[592045.2,1897613.92],[592044.35,1897592.41]]]]}},{"type":"Feature","properties":{"building":"yes","height":6,"heightSource":"default"},"geometry":{"type":"MultiPolygon","coordinates":[[[[592578.36,1897514.16],[592579.31,1897521.4],[592582.39,1897521.01],[592583.4,1897528.81],[592571.34,1897530.36],[592569.39,1897515.32],[592578.36,1897514.16]]]]}},{"type":"Feature","properties":{"building":"yes","height":6,"heightSource":"default"},"geometry":{"type":"MultiPolygon","coordinates":[[[[592133.91,1897671.49],[592142.23,1897672.64],[592137.83,1897688.74],[592131.08,1897686.15],[592133.91,1897671.49]]]]}},{"type":"Feature","properties":{"building":"yes","height":6,"heightSource":"default"},"geometry":{"type":"MultiPolygon","coordinates":[[[[592509.24,1897334.64],[592520.99,1897341.18],[592516.06,1897349.94],[592504.31,1897343.39],[592509.24,1897334.64]]]]}},{"type":"Feature","properties":{"building":"yes","height":6,"heightSource":"default"},"geometry":{"type":"MultiPolygon","coordinates":[[[[592212.95,1897660.6],[592220.36,1897660.27],[592220.73,1897668.76],[592213.33,1897669.08],[592212.95,1897660.6]]]]}},{"type":"Feature","properties":{"building":"yes","height":6,"heightSource":"default"},"geometry":{"type":"MultiPolygon","coordinates":[[[[592297.7,1897599.71],[592287.24,1897600.7],[592286.09,1897588.61],[592296.54,1897587.63],[592297.7,1897599.71]]]]}},{"type":"Feature","properties":{"building":"yes","height":6,"heightSource":"default"},"geometry":{"type":"MultiPolygon","coordinates":[[[[592446.77,1897479.04],[592434.87,1897482.63],[592430.76,1897469.14],[592442.66,1897465.56],[592446.77,1897479.04]]]]}},{"type":"Feature","properties":{"building":"yes","height":6,"heightSource":"default"},"geometry":{"type":"MultiPolygon","coordinates":[[[[592517.67,1897301.66],[592525.93,1897301.9],[592525.78,1897307.28],[592517.51,1897307.05],[592517.67,1897301.66]]]]}},{"type":"Feature","properties":{"building":"yes","height":6,"heightSource":"default"},"geometry":{"type":"MultiPolygon","coordinates":[[[[592115.66,1897401.61],[592133.14,1897407.82],[592128.06,1897421.92],[592120.11,1897419.09],[592117.75,1897425.64],[592108.23,1897422.25],[592115.66,1897401.61]]]]}},{"type":"Feature","properties":{"building":"yes","height":6,"heightSource":"default"},"geometry":{"type":"MultiPolygon","coordinates":[[[[592452.82,1897543.07],[592443.33,1897543.61],[592442.69,1897532.31],[592452.18,1897531.76],[592452.82,1897543.07]]]]}},{"type":"Feature","properties":{"building":"yes","height":6,"heightSource":"default"},"geometry":{"type":"MultiPolygon","coordinates":[[[[592173.11,1897528.86],[592181.29,1897529.78],[592178.84,1897551.07],[592170.68,1897550.13],[592173.11,1897528.86]]]]}},{"type":"Feature","properties":{"building":"yes","height":6,"heightSource":"default"},"geometry":{"type":"MultiPolygon","coordinates":[[[[592359.05,1897516.23],[592361.2,1897535.26],[592350.78,1897536.42],[592348.63,1897517.39],[592359.05,1897516.23]]]]}},{"type":"Feature","properties":{"building":"yes","height":6,"heightSource":"default"},"geometry":{"type":"MultiPolygon","coordinates":[[[[592549.73,1897331.46],[592558.77,1897333.58],[592555.87,1897345.8],[592546.82,1897343.68],[592549.73,1897331.46]]]]}},{"type":"Feature","properties":{"building":"yes","height":6,"heightSource":"default"},"geometry":{"type":"MultiPolygon","coordinates":[[[[592295.32,1897548.85],[592283.32,1897550.62],[592280.21,1897529.81],[592292.21,1897528.04],[592295.32,1897548.85]]]]}},{"type":"Feature","properties":{"building":"yes","height":6,"heightSource":"default"},"geometry":{"type":"MultiPolygon","coordinates":[[[[592471.35,1897488.33],[592462.66,1897491.5],[592459.71,1897483.52],[592468.39,1897480.36],[592471.35,1897488.33]]]]}},{"type":"Feature","properties":{"building":"yes","height":6,"heightSource":"default"},"geometry":{"type":"MultiPolygon","coordinates":[[[[592299.7,1897355.74],[592320.3,1897365.87],[592312.17,1897382.23],[592291.57,1897372.1],[592299.7,1897355.74]]]]}},{"type":"Feature","properties":{"building":"yes","height":6,"heightSource":"default"},"geometry":{"type":"MultiPolygon","coordinates":[[[[592183.39,1897418.63],[592184.61,1897416.48],[592195.45,1897422.57],[592189.01,1897433.9],[592174.3,1897424.41],[592179.27,1897416.32],[592183.39,1897418.63]]]]}},{"type":"Feature","properties":{"building":"yes","height":6,"heightSource":"default"},"geometry":{"type":"MultiPolygon","coordinates":[[[[592560.28,1897386.5],[592561.1,1897375.78],[592572.17,1897376.63],[592571.34,1897387.35],[592560.28,1897386.5]]]]}},{"type":"Feature","properties":{"building":"yes","height":6,"heightSource":"default"},"geometry":{"type":"MultiPolygon","coordinates":[[[[592533.04,1897332.72],[592541.47,1897334.61],[592539.77,1897342.17],[592531.34,1897340.29],[592533.04,1897332.72]]]]}},{"type":"Feature","properties":{"building":"yes","height":6,"heightSource":"default"},"geometry":{"type":"MultiPolygon","coordinates":[[[[592431.57,1897456.46],[592439.3,1897453.97],[592442.47,1897463.71],[592434.74,1897466.2],[592431.57,1897456.46]]]]}},{"type":"Feature","properties":{"building":"yes","height":6,"heightSource":"default"},"geometry":{"type":"MultiPolygon","coordinates":[[[[592079.42,1897374.68],[592085.68,1897378.23],[592079.98,1897388.17],[592073.72,1897384.63],[592079.42,1897374.68]]]]}},{"type":"Feature","properties":{"building":"yes","height":6,"heightSource":"default"},"geometry":{"type":"MultiPolygon","coordinates":[[[[592506.05,1897382.46],[592499.15,1897383.14],[592498.19,1897373.48],[592505.08,1897372.79],[592506.05,1897382.46]]]]}},{"type":"Feature","properties":{"building":"yes","height":6,"heightSource":"default"},"geometry":{"type":"MultiPolygon","coordinates":[[[[592386.3,1897583.54],[592387.08,1897563.42],[592396.77,1897563.8],[592395.99,1897583.9],[592386.3,1897583.54]]]]}},{"type":"Feature","properties":{"building":"yes","height":6,"heightSource":"default"},"geometry":{"type":"MultiPolygon","coordinates":[[[[592445.4,1897461.69],[592460.83,1897460.24],[592461.35,1897465.86],[592467.12,1897465.32],[592467.73,1897471.79],[592461.8,1897472.34],[592462.52,1897480.05],[592451.5,1897481.08],[592450.39,1897469.28],[592446.15,1897469.68],[592445.4,1897461.69]]]]}},{"type":"Feature","properties":{"building":"yes","height":6,"heightSource":"default"},"geometry":{"type":"MultiPolygon","coordinates":[[[[592056.26,1897530.81],[592060.37,1897553.78],[592052.25,1897555.21],[592048.15,1897532.24],[592056.26,1897530.81]]]]}},{"type":"Feature","properties":{"building":"yes","height":6,"heightSource":"default"},"geometry":{"type":"MultiPolygon","coordinates":[[[[592375.79,1897381.7],[592391.36,1897381.47],[592391.56,1897395.65],[592376,1897395.88],[592375.79,1897381.7]]]]}},{"type":"Feature","properties":{"building":"yes","height":6,"heightSource":"default"},"geometry":{"type":"MultiPolygon","coordinates":[[[[592137.98,1897428.96],[592147.39,1897429.21],[592147.25,1897434.49],[592151.53,1897434.61],[592151.41,1897438.58],[592137.72,1897438.21],[592137.98,1897428.96]]]]}},{"type":"Feature","properties":{"building":"yes","height":6,"heightSource":"default"},"geometry":{"type":"MultiPolygon","coordinates":[[[[592486.59,1897347.84],[592472.92,1897348.33],[592472.58,1897339.13],[592486.26,1897338.65],[592486.59,1897347.84]]]]}},{"type":"Feature","properties":{"building":"yes","height":6,"heightSource":"default"},"geometry":{"type":"MultiPolygon","coordinates":[[[[592319.48,1897617.19],[592325.74,1897616.92],[592325.98,1897622.58],[592319.73,1897622.85],[592319.48,1897617.19]]]]}},{"type":"Feature","properties":{"building":"yes","height":6,"heightSource":"default"},"geometry":{"type":"MultiPolygon","coordinates":[[[[592107.5,1897422.79],[592124.29,1897428.64],[592120.37,1897439.77],[592110.09,1897436.19],[592109.01,1897439.23],[592102.5,1897436.95],[592107.5,1897422.79]]]]}},{"type":"Feature","properties":{"building":"yes","height":6,"heightSource":"default"},"geometry":{"type":"MultiPolygon","coordinates":[[[[592181.46,1897529.89],[592189.6,1897530.29],[592188.49,1897552.75],[592180.35,1897552.34],[592181.46,1897529.89]]]]}},{"type":"Feature","properties":{"building":"yes","height":6,"heightSource":"default"},"geometry":{"type":"MultiPolygon","coordinates":[[[[592645.44,1897482.66],[592641.69,1897490.76],[592629.42,1897485.14],[592633.17,1897477.06],[592645.44,1897482.66]]]]}},{"type":"Feature","properties":{"building":"yes","height":6,"heightSource":"default"},"geometry":{"type":"MultiPolygon","coordinates":[[[[592158.7,1897476.87],[592158.1,1897485.33],[592144.85,1897484.39],[592145.45,1897475.92],[592158.7,1897476.87]]]]}},{"type":"Feature","properties":{"building":"yes","height":6,"heightSource":"default"},"geometry":{"type":"MultiPolygon","coordinates":[[[[592167.2,1897400.03],[592172.56,1897384.87],[592176.12,1897386.11],[592178.09,1897380.56],[592188.88,1897384.32],[592184.41,1897396.96],[592180.6,1897395.62],[592177.73,1897403.72],[592167.2,1897400.03]]]]}},{"type":"Feature","properties":{"building":"yes","height":6,"heightSource":"default"},"geometry":{"type":"MultiPolygon","coordinates":[[[[592184.48,1897433.31],[592178.03,1897441.17],[592167.47,1897432.62],[592173.93,1897424.76],[592184.48,1897433.31]]]]}},{"type":"Feature","properties":{"building":"yes","height":6,"heightSource":"default"},"geometry":{"type":"MultiPolygon","coordinates":[[[[592323.74,1897596.28],[592324.22,1897610.72],[592311.5,1897611.13],[592311.03,1897596.69],[592323.74,1897596.28]]]]}},{"type":"Feature","properties":{"building":"yes","height":6,"heightSource":"default"},"geometry":{"type":"MultiPolygon","coordinates":[[[[592236.32,1897555.13],[592237.03,1897533.31],[592246.89,1897533.62],[592246.19,1897555.44],[592236.32,1897555.13]]]]}},{"type":"Feature","properties":{"building":"yes","height":6,"heightSource":"default"},"geometry":{"type":"MultiPolygon","coordinates":[[[[592255.07,1897409.54],[592248.47,1897399.32],[592264.78,1897388.92],[592271.38,1897399.14],[592255.07,1897409.54]]]]}},{"type":"Feature","properties":{"building":"yes","height":6,"heightSource":"default"},"geometry":{"type":"MultiPolygon","coordinates":[[[[592348.5,1897582.44],[592355.62,1897582.2],[592356.14,1897598.06],[592349.01,1897598.29],[592348.5,1897582.44]]]]}},{"type":"Feature","properties":{"building":"yes","height":6,"heightSource":"default"},"geometry":{"type":"MultiPolygon","coordinates":[[[[592033.36,1897519.26],[592028.71,1897503.33],[592037.49,1897500.8],[592039.67,1897508.28],[592042.3,1897507.53],[592044.77,1897515.98],[592033.36,1897519.26]]]]}},{"type":"Feature","properties":{"building":"yes","height":6,"heightSource":"default"},"geometry":{"type":"MultiPolygon","coordinates":[[[[592454.38,1897352.96],[592454.69,1897367.68],[592443.85,1897367.9],[592443.55,1897353.17],[592454.38,1897352.96]]]]}},{"type":"Feature","properties":{"building":"yes","height":6,"heightSource":"default"},"geometry":{"type":"MultiPolygon","coordinates":[[[[592204.55,1897615.38],[592200.44,1897632.58],[592183.14,1897628.5],[592187.25,1897611.3],[592204.55,1897615.38]]]]}},{"type":"Feature","properties":{"building":"yes","height":6,"heightSource":"default"},"geometry":{"type":"MultiPolygon","coordinates":[[[[592009.16,1897614.88],[591999.47,1897615.17],[591999.11,1897603.27],[592008.8,1897602.98],[592009.16,1897614.88]]]]}},{"type":"Feature","properties":{"building":"yes","height":6,"heightSource":"default"},"geometry":{"type":"MultiPolygon","coordinates":[[[[592650.46,1897485.69],[592644.63,1897482.64],[592650.35,1897471.84],[592663.78,1897478.87],[592656.18,1897493.23],[592648.57,1897489.25],[592650.46,1897485.69]]]]}},{"type":"Feature","properties":{"building":"yes","height":6,"heightSource":"default"},"geometry":{"type":"MultiPolygon","coordinates":[[[[592452.12,1897406.91],[592459.14,1897404.5],[592464.27,1897419.31],[592457.25,1897421.72],[592452.12,1897406.91]]]]}},{"type":"Feature","properties":{"building":"yes","height":6,"heightSource":"default"},"geometry":{"type":"MultiPolygon","coordinates":[[[[592236.2,1897543.24],[592235.27,1897559.47],[592225.71,1897558.94],[592226.63,1897542.71],[592236.2,1897543.24]]]]}},{"type":"Feature","properties":{"building":"yes","height":6,"heightSource":"default"},"geometry":{"type":"MultiPolygon","coordinates":[[[[592043.24,1897507.43],[592049.83,1897504.75],[592052.69,1897511.7],[592046.1,1897514.37],[592043.24,1897507.43]]]]}},{"type":"Feature","properties":{"building":"yes","height":6,"heightSource":"default"},"geometry":{"type":"MultiPolygon","coordinates":[[[[592101.38,1897515.18],[592111.94,1897491.76],[592124.46,1897497.35],[592113.89,1897520.77],[592101.38,1897515.18]]]]}},{"type":"Feature","properties":{"building":"yes","height":6,"heightSource":"default"},"geometry":{"type":"MultiPolygon","coordinates":[[[[592145.32,1897652.37],[592127.56,1897652.88],[592126.75,1897625.4],[592144.53,1897624.9],[592145.32,1897652.37]]]]}},{"type":"Feature","properties":{"building":"yes","height":6,"heightSource":"default"},"geometry":{"type":"MultiPolygon","coordinates":[[[[592213.74,1897496.31],[592210.36,1897493.88],[592208.31,1897496.68],[592201.17,1897491.55],[592208.64,1897481.27],[592219.18,1897488.83],[592213.74,1897496.31]]]]}},{"type":"Feature","properties":{"building":"yes","height":6,"heightSource":"default"},"geometry":{"type":"MultiPolygon","coordinates":[[[[592170.02,1897448.92],[592164.96,1897462.37],[592154.83,1897458.61],[592159.9,1897445.15],[592170.02,1897448.92]]]]}},{"type":"Feature","properties":{"building":"yes","height":6,"heightSource":"default"},"geometry":{"type":"MultiPolygon","coordinates":[[[[592248.63,1897534.63],[592257.18,1897534.96],[592256.2,1897558.75],[592247.66,1897558.41],[592248.63,1897534.63]]]]}},{"type":"Feature","properties":{"building":"yes","height":6,"heightSource":"default"},"geometry":{"type":"MultiPolygon","coordinates":[[[[592065.86,1897607.29],[592066.31,1897594.44],[592077.98,1897594.85],[592077.53,1897607.7],[592065.86,1897607.29]]]]}},{"type":"Feature","properties":{"building":"yes","height":6,"heightSource":"default"},"geometry":{"type":"MultiPolygon","coordinates":[[[[592474.26,1897464.91],[592482.86,1897462.6],[592487.28,1897478.84],[592478.68,1897481.15],[592474.26,1897464.91]]]]}},{"type":"Feature","properties":{"building":"yes","height":6,"heightSource":"default"},"geometry":{"type":"MultiPolygon","coordinates":[[[[591967.35,1898945.78],[591968.85,1898970.87],[591980.12,1898970.21],[591978.63,1898945.13],[591967.35,1898945.78]]]]}},{"type":"Feature","properties":{"building":"yes","height":6,"heightSource":"default"},"geometry":{"type":"MultiPolygon","coordinates":[[[[592005.65,1899058.8],[592005.23,1899072.05],[592020.91,1899072.55],[592021.34,1899059.29],[592005.65,1899058.8]]]]}},{"type":"Feature","properties":{"building":"yes","height":6,"heightSource":"default"},"geometry":{"type":"MultiPolygon","coordinates":[[[[591905.68,1899086.28],[591902.51,1899093.94],[591910.91,1899097.39],[591914.09,1899089.72],[591905.68,1899086.28]]]]}},{"type":"Feature","properties":{"building":"yes","height":6,"heightSource":"default"},"geometry":{"type":"MultiPolygon","coordinates":[[[[592233.53,1899165.78],[592241.5,1899175.46],[592252.16,1899166.79],[592244.19,1899157.11],[592233.53,1899165.78]]]]}},{"type":"Feature","properties":{"building":"yes","height":6,"heightSource":"default"},"geometry":{"type":"MultiPolygon","coordinates":[[[[592160.78,1899072.03],[592162.26,1899076.27],[592171.4,1899073.12],[592169.93,1899068.88],[592160.78,1899072.03]]]]}},{"type":"Feature","properties":{"building":"yes","height":6,"heightSource":"default"},"geometry":{"type":"MultiPolygon","coordinates":[[[[592167.04,1899027.83],[592167.83,1899035.73],[592173.32,1899035.18],[592172.54,1899027.29],[592167.04,1899027.83]]]]}},{"type":"Feature","properties":{"building":"yes","height":6,"heightSource":"default"},"geometry":{"type":"MultiPolygon","coordinates":[[[[592153.28,1899026.64],[592155.71,1899040.21],[592166.28,1899038.35],[592163.85,1899024.77],[592153.28,1899026.64]]]]}},{"type":"Feature","properties":{"building":"yes","height":6,"heightSource":"default"},"geometry":{"type":"MultiPolygon","coordinates":[[[[592175.95,1899013.05],[592175.07,1899025.51],[592180.49,1899025.89],[592181.36,1899013.43],[592175.95,1899013.05]]]]}},{"type":"Feature","properties":{"building":"yes","height":6,"heightSource":"default"},"geometry":{"type":"MultiPolygon","coordinates":[[[[592152.66,1899006.15],[592155.08,1899024.15],[592163.86,1899022.98],[592161.44,1899004.98],[592152.66,1899006.15]]]]}},{"type":"Feature","properties":{"building":"yes","height":6,"heightSource":"default"},"geometry":{"type":"MultiPolygon","coordinates":[[[[592149.87,1898992.59],[592152.18,1899001.09],[592158.4,1898999.42],[592156.08,1898990.93],[592149.87,1898992.59]]]]}},{"type":"Feature","properties":{"building":"yes","height":6,"heightSource":"default"},"geometry":{"type":"MultiPolygon","coordinates":[[[[592180.96,1898993.52],[592183.42,1899011.95],[592194.84,1899010.44],[592192.37,1898992.01],[592180.96,1898993.52]]]]}},{"type":"Feature","properties":{"building":"yes","height":6,"heightSource":"default"},"geometry":{"type":"MultiPolygon","coordinates":[[[[592246.75,1898987.09],[592261.81,1898987.75],[592260.97,1899007.04],[592250.91,1899006.61],[592251.51,1898992.91],[592246.5,1898992.69],[592246.75,1898987.09]]]]}},{"type":"Feature","properties":{"building":"yes","height":6,"heightSource":"default"},"geometry":{"type":"MultiPolygon","coordinates":[[[[592277.74,1899008.51],[592292.36,1899019.53],[592287.14,1899026.37],[592279.36,1899020.52],[592275.71,1899025.32],[592268.86,1899020.15],[592277.74,1899008.51]]]]}},{"type":"Feature","properties":{"building":"yes","height":6,"heightSource":"default"},"geometry":{"type":"MultiPolygon","coordinates":[[[[592286.36,1898993.92],[592278.86,1899004.43],[592294.42,1899015.41],[592301.93,1899004.9],[592286.36,1898993.92]]]]}},{"type":"Feature","properties":{"building":"yes","height":6,"heightSource":"default"},"geometry":{"type":"MultiPolygon","coordinates":[[[[592215.27,1898943.19],[592220.96,1898978.44],[592235.66,1898976.09],[592229.97,1898940.86],[592215.27,1898943.19]]]]}},{"type":"Feature","properties":{"building":"yes","height":6,"heightSource":"default"},"geometry":{"type":"MultiPolygon","coordinates":[[[[592238.65,1898914.1],[592242.33,1898928.78],[592251.89,1898926.41],[592248.22,1898911.73],[592238.65,1898914.1]]]]}},{"type":"Feature","properties":{"building":"yes","height":6,"heightSource":"default"},"geometry":{"type":"MultiPolygon","coordinates":[[[[592201.14,1898914.35],[592207.59,1898923.78],[592221.33,1898914.49],[592214.87,1898905.07],[592201.14,1898914.35]]]]}},{"type":"Feature","properties":{"building":"yes","height":6,"heightSource":"default"},"geometry":{"type":"MultiPolygon","coordinates":[[[[592383.89,1898652.62],[592394.01,1898652.1],[592393.04,1898633.46],[592382.92,1898633.98],[592383.89,1898652.62]]]]}},{"type":"Feature","properties":{"building":"yes","height":6,"heightSource":"default"},"geometry":{"type":"MultiPolygon","coordinates":[[[[592190.19,1899224.27],[592192.58,1899229.73],[592201.16,1899226],[592198.77,1899220.56],[592190.19,1899224.27]]]]}},{"type":"Feature","properties":{"building":"yes","height":6,"heightSource":"default"},"geometry":{"type":"MultiPolygon","coordinates":[[[[592138.17,1899104.54],[592140.05,1899127.91],[592151.89,1899126.98],[592150.01,1899103.6],[592138.17,1899104.54]]]]}},{"type":"Feature","properties":{"building":"yes","height":6,"heightSource":"default"},"geometry":{"type":"MultiPolygon","coordinates":[[[[592126.46,1899074.92],[592129.33,1899084.08],[592134.75,1899082.4],[592131.89,1899073.24],[592126.46,1899074.92]]]]}},{"type":"Feature","properties":{"building":"yes","height":6,"heightSource":"default"},"geometry":{"type":"MultiPolygon","coordinates":[[[[592132.96,1899073.39],[592138.62,1899088.53],[592148.48,1899084.89],[592142.82,1899069.75],[592132.96,1899073.39]]]]}},{"type":"Feature","properties":{"building":"yes","height":6,"heightSource":"default"},"geometry":{"type":"MultiPolygon","coordinates":[[[[592145.67,1899070.91],[592150.59,1899085.24],[592161.31,1899081.6],[592156.38,1899067.27],[592145.67,1899070.91]]]]}},{"type":"Feature","properties":{"building":"yes","height":6,"heightSource":"default"},"geometry":{"type":"MultiPolygon","coordinates":[[[[591955.35,1899015.69],[591953.66,1899026.67],[591960.35,1899027.69],[591962.05,1899016.71],[591955.35,1899015.69]]]]}},{"type":"Feature","properties":{"building":"yes","height":6,"heightSource":"default"},"geometry":{"type":"MultiPolygon","coordinates":[[[[591951.24,1898945.14],[591949.96,1898960.88],[591958.38,1898961.54],[591959.65,1898945.82],[591951.24,1898945.14]]]]}},{"type":"Feature","properties":{"building":"yes","height":6,"heightSource":"default"},"geometry":{"type":"MultiPolygon","coordinates":[[[[592045.66,1898882.76],[592045.9,1898889.17],[592060.33,1898888.63],[592060.09,1898882.24],[592045.66,1898882.76]]]]}},{"type":"Feature","properties":{"building":"yes","height":6,"heightSource":"default"},"geometry":{"type":"MultiPolygon","coordinates":[[[[591990.39,1898868.05],[591990.86,1898880.97],[592004.88,1898880.45],[592004.4,1898867.54],[591990.39,1898868.05]]]]}},{"type":"Feature","properties":{"building":"yes","height":6,"heightSource":"default"},"geometry":{"type":"MultiPolygon","coordinates":[[[[592010.85,1898863.52],[592019.07,1898863.22],[592018.35,1898843.51],[592010.12,1898843.81],[592010.85,1898863.52]]]]}},{"type":"Feature","properties":{"building":"yes","height":6,"heightSource":"default"},"geometry":{"type":"MultiPolygon","coordinates":[[[[592002.62,1898863.82],[592010.85,1898863.52],[592010.12,1898843.81],[592001.89,1898844.12],[592002.62,1898863.82]]]]}},{"type":"Feature","properties":{"building":"yes","height":6,"heightSource":"default"},"geometry":{"type":"MultiPolygon","coordinates":[[[[591994.38,1898864.12],[592002.62,1898863.82],[592001.89,1898844.12],[591993.66,1898844.41],[591994.38,1898864.12]]]]}},{"type":"Feature","properties":{"building":"yes","height":6,"heightSource":"default"},"geometry":{"type":"MultiPolygon","coordinates":[[[[591986.16,1898864.41],[591994.38,1898864.12],[591993.66,1898844.41],[591985.43,1898844.71],[591986.16,1898864.41]]]]}},{"type":"Feature","properties":{"building":"yes","height":6,"heightSource":"default"},"geometry":{"type":"MultiPolygon","coordinates":[[[[591977.93,1898864.72],[591986.16,1898864.41],[591985.43,1898844.71],[591977.2,1898845.01],[591977.93,1898864.72]]]]}},{"type":"Feature","properties":{"building":"yes","height":6,"heightSource":"default"},"geometry":{"type":"MultiPolygon","coordinates":[[[[591969.69,1898865.02],[591977.93,1898864.72],[591977.2,1898845.01],[591968.97,1898845.31],[591969.69,1898865.02]]]]}},{"type":"Feature","properties":{"building":"yes","height":6,"heightSource":"default"},"geometry":{"type":"MultiPolygon","coordinates":[[[[591961.47,1898865.32],[591969.69,1898865.02],[591968.97,1898845.31],[591960.74,1898845.61],[591961.47,1898865.32]]]]}},{"type":"Feature","properties":{"building":"yes","height":6,"heightSource":"default"},"geometry":{"type":"MultiPolygon","coordinates":[[[[591953.24,1898865.62],[591961.47,1898865.32],[591960.74,1898845.61],[591952.51,1898845.91],[591953.24,1898865.62]]]]}},{"type":"Feature","properties":{"building":"yes","height":6,"heightSource":"default"},"geometry":{"type":"MultiPolygon","coordinates":[[[[592003.99,1898821.83],[592004.63,1898834.8],[592014.12,1898834.35],[592013.48,1898821.38],[592003.99,1898821.83]]]]}},{"type":"Feature","properties":{"building":"yes","height":6,"heightSource":"default"},"geometry":{"type":"MultiPolygon","coordinates":[[[[592065.65,1898750.72],[592065.74,1898762.06],[592077.57,1898761.97],[592077.49,1898750.63],[592065.65,1898750.72]]]]}},{"type":"Feature","properties":{"building":"yes","height":6,"heightSource":"default"},"geometry":{"type":"MultiPolygon","coordinates":[[[[592078.82,1898718.27],[592081.38,1898724.97],[592085.84,1898723.3],[592088.58,1898730.51],[592113,1898721.33],[592108.53,1898709.61],[592096.38,1898714.18],[592095.55,1898711.99],[592078.82,1898718.27]]]]}},{"type":"Feature","properties":{"building":"yes","height":6,"heightSource":"default"},"geometry":{"type":"MultiPolygon","coordinates":[[[[592117.33,1898739.9],[592123.48,1898737.52],[592117.12,1898721.31],[592110.97,1898723.7],[592117.33,1898739.9]]]]}},{"type":"Feature","properties":{"building":"yes","height":6,"heightSource":"default"},"geometry":{"type":"MultiPolygon","coordinates":[[[[592108.9,1898744.25],[592116.97,1898741.1],[592110.08,1898723.66],[592102,1898726.82],[592108.9,1898744.25]]]]}},{"type":"Feature","properties":{"building":"yes","height":6,"heightSource":"default"},"geometry":{"type":"MultiPolygon","coordinates":[[[[592078.68,1898707.62],[592081.53,1898715.74],[592089.81,1898712.88],[592086.97,1898704.75],[592078.68,1898707.62]]]]}},{"type":"Feature","properties":{"building":"yes","height":6,"heightSource":"default"},"geometry":{"type":"MultiPolygon","coordinates":[[[[592062.2,1898692.65],[592061.8,1898708.44],[592068.64,1898708.61],[592069.04,1898692.83],[592062.2,1898692.65]]]]}},{"type":"Feature","properties":{"building":"yes","height":6,"heightSource":"default"},"geometry":{"type":"MultiPolygon","coordinates":[[[[592078.67,1898693.23],[592081.96,1898704.61],[592100.59,1898699.31],[592097.31,1898687.92],[592078.67,1898693.23]]]]}},{"type":"Feature","properties":{"building":"yes","height":6,"heightSource":"default"},"geometry":{"type":"MultiPolygon","coordinates":[[[[592078.72,1898682.31],[592081.48,1898688.88],[592087.56,1898686.36],[592084.79,1898679.79],[592078.72,1898682.31]]]]}},{"type":"Feature","properties":{"building":"yes","height":6,"heightSource":"default"},"geometry":{"type":"MultiPolygon","coordinates":[[[[592084.88,1898772.57],[592086.39,1898779.58],[592096.87,1898777.36],[592095.37,1898770.35],[592084.88,1898772.57]]]]}},{"type":"Feature","properties":{"building":"yes","height":6,"heightSource":"default"},"geometry":{"type":"MultiPolygon","coordinates":[[[[592089.37,1898780.96],[592094.48,1898794.17],[592104.11,1898790.48],[592099,1898777.27],[592089.37,1898780.96]]]]}},{"type":"Feature","properties":{"building":"yes","height":6,"heightSource":"default"},"geometry":{"type":"MultiPolygon","coordinates":[[[[592083.35,1898794.71],[592091.07,1898791.71],[592085.68,1898778.08],[592077.97,1898781.09],[592083.35,1898794.71]]]]}},{"type":"Feature","properties":{"building":"yes","height":6,"heightSource":"default"},"geometry":{"type":"MultiPolygon","coordinates":[[[[592068.06,1898788.02],[592073.57,1898799.47],[592082.71,1898795.11],[592077.2,1898783.67],[592068.06,1898788.02]]]]}},{"type":"Feature","properties":{"building":"yes","height":6,"heightSource":"default"},"geometry":{"type":"MultiPolygon","coordinates":[[[[592325.38,1898984.83],[592322.17,1898994.3],[592334.59,1898998.46],[592337.81,1898989.01],[592325.38,1898984.83]]]]}},{"type":"Feature","properties":{"building":"yes","height":6,"heightSource":"default"},"geometry":{"type":"MultiPolygon","coordinates":[[[[592332.92,1898972.61],[592328.76,1898984.72],[592338.9,1898988.16],[592343.06,1898976.06],[592332.92,1898972.61]]]]}},{"type":"Feature","properties":{"building":"yes","height":6,"heightSource":"default"},"geometry":{"type":"MultiPolygon","coordinates":[[[[592360.11,1898992.47],[592363.82,1899001.24],[592376.25,1898996.05],[592372.55,1898987.28],[592360.11,1898992.47]]]]}},{"type":"Feature","properties":{"building":"yes","height":6,"heightSource":"default"},"geometry":{"type":"MultiPolygon","coordinates":[[[[592296.14,1898943.99],[592300.32,1898951.26],[592314.2,1898943.39],[592310.02,1898936.11],[592296.14,1898943.99]]]]}},{"type":"Feature","properties":{"building":"yes","height":6,"heightSource":"default"},"geometry":{"type":"MultiPolygon","coordinates":[[[[592238.89,1899068.7],[592247.29,1899074.55],[592252.03,1899067.84],[592243.62,1899061.98],[592238.89,1899068.7]]]]}},{"type":"Feature","properties":{"building":"yes","height":6,"heightSource":"default"},"geometry":{"type":"MultiPolygon","coordinates":[[[[592245.99,1899060.72],[592258.32,1899073.28],[592267.77,1899064.1],[592255.44,1899051.55],[592245.99,1899060.72]]]]}},{"type":"Feature","properties":{"building":"yes","height":6,"heightSource":"default"},"geometry":{"type":"MultiPolygon","coordinates":[[[[592409.61,1899230.79],[592415.07,1899236.55],[592422.84,1899229.28],[592417.37,1899223.51],[592409.61,1899230.79]]]]}},{"type":"Feature","properties":{"building":"yes","height":6,"heightSource":"default"},"geometry":{"type":"MultiPolygon","coordinates":[[[[592237.5,1899213.66],[592242.41,1899211.34],[592241.05,1899208.5],[592260.51,1899199.28],[592267.19,1899213.2],[592242.81,1899224.75],[592237.5,1899213.66]]]]}},{"type":"Feature","properties":{"building":"yes","height":6,"heightSource":"default"},"geometry":{"type":"MultiPolygon","coordinates":[[[[592046.21,1899182.05],[592050.62,1899181.87],[592050.33,1899175],[592061.37,1899174.55],[592061.81,1899184.99],[592063.23,1899184.93],[592063.61,1899193.95],[592046.71,1899194.63],[592046.21,1899182.05]]]]}},{"type":"Feature","properties":{"building":"yes","height":6,"heightSource":"default"},"geometry":{"type":"MultiPolygon","coordinates":[[[[592067.71,1899167.38],[592091.48,1899164.19],[592090.23,1899155.04],[592066.47,1899158.23],[592067.71,1899167.38]]]]}},{"type":"Feature","properties":{"building":"yes","height":6,"heightSource":"default"},"geometry":{"type":"MultiPolygon","coordinates":[[[[592065.99,1899139.48],[592085.72,1899139.69],[592085.81,1899130.46],[592066.08,1899130.24],[592065.99,1899139.48]]]]}},{"type":"Feature","properties":{"building":"yes","height":6,"heightSource":"default"},"geometry":{"type":"MultiPolygon","coordinates":[[[[592079.76,1899121.57],[592079.68,1899128.97],[592085.71,1899129.04],[592085.8,1899121.63],[592079.76,1899121.57]]]]}},{"type":"Feature","properties":{"building":"yes","height":6,"heightSource":"default"},"geometry":{"type":"MultiPolygon","coordinates":[[[[592065,1899119.59],[592064.89,1899130.08],[592076.01,1899130.21],[592076.13,1899119.71],[592065,1899119.59]]]]}},{"type":"Feature","properties":{"building":"yes","height":6,"heightSource":"default"},"geometry":{"type":"MultiPolygon","coordinates":[[[[591999.79,1899129.51],[592020.06,1899129.74],[592019.94,1899141.08],[592010.94,1899140.97],[592010.87,1899148.2],[591999.59,1899148.08],[591999.79,1899129.51]]]]}},{"type":"Feature","properties":{"building":"yes","height":6,"heightSource":"default"},"geometry":{"type":"MultiPolygon","coordinates":[[[[591994.74,1899123.11],[592032.74,1899120.21],[592031.94,1899109.72],[591993.93,1899112.61],[591994.74,1899123.11]]]]}},{"type":"Feature","properties":{"building":"yes","height":6,"heightSource":"default"},"geometry":{"type":"MultiPolygon","coordinates":[[[[591749,1899165.75],[591748.25,1899175.17],[591793.9,1899178.78],[591794.66,1899169.36],[591749,1899165.75]]]]}},{"type":"Feature","properties":{"building":"yes","height":6,"heightSource":"default"},"geometry":{"type":"MultiPolygon","coordinates":[[[[591790.49,1899131.69],[591789.86,1899142.19],[591803.19,1899142.95],[591803.81,1899132.47],[591790.49,1899131.69]]]]}},{"type":"Feature","properties":{"building":"yes","height":6,"heightSource":"default"},"geometry":{"type":"MultiPolygon","coordinates":[[[[591768.69,1899131.46],[591768.12,1899139.95],[591787.6,1899141.26],[591788.17,1899132.75],[591768.69,1899131.46]]]]}},{"type":"Feature","properties":{"building":"yes","height":6,"heightSource":"default"},"geometry":{"type":"MultiPolygon","coordinates":[[[[591776.41,1899121.22],[591776.13,1899129.79],[591794.67,1899130.4],[591794.95,1899121.83],[591776.41,1899121.22]]]]}},{"type":"Feature","properties":{"building":"yes","height":6,"heightSource":"default"},"geometry":{"type":"MultiPolygon","coordinates":[[[[591851.65,1899113.82],[591868.32,1899122],[591872.86,1899112.88],[591856.19,1899104.7],[591851.65,1899113.82]]]]}},{"type":"Feature","properties":{"building":"yes","height":6,"heightSource":"default"},"geometry":{"type":"MultiPolygon","coordinates":[[[[591900.24,1899123.6],[591915.14,1899127.35],[591917.76,1899117.09],[591902.86,1899113.34],[591900.24,1899123.6]]]]}},{"type":"Feature","properties":{"building":"yes","height":6,"heightSource":"default"},"geometry":{"type":"MultiPolygon","coordinates":[[[[591899.51,1899110.63],[591913.74,1899115.83],[591916.99,1899107.06],[591902.76,1899101.85],[591899.51,1899110.63]]]]}},{"type":"Feature","properties":{"building":"yes","height":6,"heightSource":"default"},"geometry":{"type":"MultiPolygon","coordinates":[[[[591886.27,1899041.6],[591914.92,1899050.17],[591918.18,1899039.42],[591889.53,1899030.84],[591886.27,1899041.6]]]]}},{"type":"Feature","properties":{"building":"yes","height":6,"heightSource":"default"},"geometry":{"type":"MultiPolygon","coordinates":[[[[591989.58,1898985.78],[591981.83,1899028],[591991.45,1899029.74],[591999.19,1898987.53],[591989.58,1898985.78]]]]}},{"type":"Feature","properties":{"building":"yes","height":6,"heightSource":"default"},"geometry":{"type":"MultiPolygon","coordinates":[[[[591977.53,1898985.59],[591974.55,1898996.19],[591983.67,1898998.71],[591986.64,1898988.11],[591977.53,1898985.59]]]]}},{"type":"Feature","properties":{"building":"yes","height":6,"heightSource":"default"},"geometry":{"type":"MultiPolygon","coordinates":[[[[592419.02,1898846.05],[592420.35,1898855.62],[592410.84,1898856.93],[592409.51,1898847.35],[592419.02,1898846.05]]]]}},{"type":"Feature","properties":{"building":"yes","height":6,"heightSource":"default"},"geometry":{"type":"MultiPolygon","coordinates":[[[[592017.07,1898914.89],[592017.56,1898933.02],[592004.16,1898933.38],[592003.66,1898915.25],[592017.07,1898914.89]]]]}},{"type":"Feature","properties":{"building":"yes","height":6,"heightSource":"default"},"geometry":{"type":"MultiPolygon","coordinates":[[[[591899.2,1898998.33],[591901.08,1898989.66],[591933.83,1898996.66],[591931.95,1899005.34],[591899.2,1898998.33]]]]}},{"type":"Feature","properties":{"building":"yes","height":6,"heightSource":"default"},"geometry":{"type":"MultiPolygon","coordinates":[[[[592231.56,1898863.39],[592237.01,1898869.44],[592219.66,1898884.87],[592214.21,1898878.82],[592231.56,1898863.39]]]]}},{"type":"Feature","properties":{"building":"yes","height":6,"heightSource":"default"},"geometry":{"type":"MultiPolygon","coordinates":[[[[592073.14,1898990.08],[592073.49,1898999.81],[592054.12,1899000.47],[592053.77,1898990.75],[592073.14,1898990.08]]]]}},{"type":"Feature","properties":{"building":"yes","height":6,"heightSource":"default"},"geometry":{"type":"MultiPolygon","coordinates":[[[[592034.42,1899003.75],[592034.15,1898993.45],[592053.53,1898992.94],[592053.8,1899003.24],[592034.42,1899003.75]]]]}},{"type":"Feature","properties":{"building":"yes","height":6,"heightSource":"default"},"geometry":{"type":"MultiPolygon","coordinates":[[[[591985.25,1898872.09],[591978.52,1898872.29],[591978.37,1898867.59],[591985.1,1898867.38],[591985.25,1898872.09]]]]}},{"type":"Feature","properties":{"building":"yes","height":6,"heightSource":"default"},"geometry":{"type":"MultiPolygon","coordinates":[[[[592192.16,1898954.08],[592198.6,1898953.21],[592198.99,1898956.1],[592203.74,1898955.46],[592205.67,1898969.54],[592194.47,1898971.05],[592192.16,1898954.08]]]]}},{"type":"Feature","properties":{"building":"yes","height":6,"heightSource":"default"},"geometry":{"type":"MultiPolygon","coordinates":[[[[592067.8,1898968.8],[592055.26,1898969.07],[592055.06,1898959.43],[592067.6,1898959.16],[592067.8,1898968.8]]]]}},{"type":"Feature","properties":{"building":"yes","height":6,"heightSource":"default"},"geometry":{"type":"MultiPolygon","coordinates":[[[[592042.23,1898793.29],[592052.81,1898789.12],[592060.81,1898809.17],[592050.23,1898813.34],[592042.23,1898793.29]]]]}},{"type":"Feature","properties":{"building":"yes","height":6,"heightSource":"default"},"geometry":{"type":"MultiPolygon","coordinates":[[[[592272.48,1899059.02],[592279.62,1899047.94],[592287.2,1899052.77],[592280.06,1899063.86],[592272.48,1899059.02]]]]}},{"type":"Feature","properties":{"building":"yes","height":6,"heightSource":"default"},"geometry":{"type":"MultiPolygon","coordinates":[[[[592014.85,1898936.09],[592014.53,1898946.01],[592005.41,1898945.71],[592005.73,1898935.8],[592014.85,1898936.09]]]]}},{"type":"Feature","properties":{"building":"yes","height":6,"heightSource":"default"},"geometry":{"type":"MultiPolygon","coordinates":[[[[592068.9,1898677.89],[592058.65,1898677.56],[592059.19,1898661.23],[592067.16,1898661.5],[592067,1898666.49],[592069.28,1898666.56],[592068.9,1898677.89]]]]}},{"type":"Feature","properties":{"building":"yes","height":6,"heightSource":"default"},"geometry":{"type":"MultiPolygon","coordinates":[[[[592043.79,1898699.43],[592057.92,1898700.04],[592057.53,1898708.82],[592043.41,1898708.2],[592043.79,1898699.43]]]]}},{"type":"Feature","properties":{"building":"yes","height":6,"heightSource":"default"},"geometry":{"type":"MultiPolygon","coordinates":[[[[592177.71,1898938.73],[592187.46,1898936.3],[592189.23,1898943.33],[592179.47,1898945.76],[592177.71,1898938.73]]]]}},{"type":"Feature","properties":{"building":"yes","height":6,"heightSource":"default"},"geometry":{"type":"MultiPolygon","coordinates":[[[[592067.72,1898915.09],[592067.95,1898925.95],[592053.98,1898926.24],[592053.79,1898917.36],[592049.51,1898917.45],[592049.3,1898907.54],[592073.53,1898907.02],[592073.71,1898914.96],[592067.72,1898915.09]]]]}},{"type":"Feature","properties":{"building":"yes","height":6,"heightSource":"default"},"geometry":{"type":"MultiPolygon","coordinates":[[[[592107.13,1898708.43],[592093.54,1898712.49],[592090.72,1898703.15],[592104.31,1898699.08],[592107.13,1898708.43]]]]}},{"type":"Feature","properties":{"building":"yes","height":6,"heightSource":"default"},"geometry":{"type":"MultiPolygon","coordinates":[[[[592310.48,1898808.41],[592316.63,1898808.01],[592317.59,1898822.86],[592311.44,1898823.25],[592310.48,1898808.41]]]]}},{"type":"Feature","properties":{"building":"yes","height":6,"heightSource":"default"},"geometry":{"type":"MultiPolygon","coordinates":[[[[591860.35,1899084.96],[591873.41,1899087.44],[591871.72,1899096.2],[591875.58,1899096.93],[591874.04,1899104.87],[591868.42,1899103.8],[591868.19,1899105.01],[591856.9,1899102.85],[591860.35,1899084.96]]]]}},{"type":"Feature","properties":{"building":"yes","height":6,"heightSource":"default"},"geometry":{"type":"MultiPolygon","coordinates":[[[[592068.77,1899227.87],[592073.17,1899227.45],[592072.65,1899222.11],[592082.1,1899221.2],[592083.27,1899233.18],[592069.42,1899234.51],[592068.77,1899227.87]]]]}},{"type":"Feature","properties":{"building":"yes","height":6,"heightSource":"default"},"geometry":{"type":"MultiPolygon","coordinates":[[[[592203.83,1899105.66],[592214.68,1899115.75],[592207.68,1899123.19],[592196.82,1899113.11],[592203.83,1899105.66]]]]}},{"type":"Feature","properties":{"building":"yes","height":6,"heightSource":"default"},"geometry":{"type":"MultiPolygon","coordinates":[[[[592232.53,1899155.39],[592225.3,1899160.83],[592219.47,1899153.16],[592226.71,1899147.73],[592232.53,1899155.39]]]]}},{"type":"Feature","properties":{"building":"yes","height":6,"heightSource":"default"},"geometry":{"type":"MultiPolygon","coordinates":[[[[591994.77,1898924.69],[591994.68,1898918.44],[592002.67,1898918.34],[592002.8,1898927.97],[591990.82,1898928.14],[591990.77,1898924.73],[591994.77,1898924.69]]]]}},{"type":"Feature","properties":{"building":"yes","height":6,"heightSource":"default"},"geometry":{"type":"MultiPolygon","coordinates":[[[[592122.07,1898669.17],[592101.83,1898669.63],[592101.56,1898658.01],[592108.3,1898657.86],[592108.16,1898652.2],[592121.68,1898651.88],[592122.07,1898669.17]]]]}},{"type":"Feature","properties":{"building":"yes","height":6,"heightSource":"default"},"geometry":{"type":"MultiPolygon","coordinates":[[[[592004.25,1898951.45],[592008.52,1898951.39],[592008.57,1898954.61],[592015.13,1898954.53],[592015.34,1898969.44],[592004.51,1898969.59],[592004.25,1898951.45]]]]}},{"type":"Feature","properties":{"building":"yes","height":6,"heightSource":"default"},"geometry":{"type":"MultiPolygon","coordinates":[[[[592045.54,1898964.55],[592046.14,1898971.59],[592033.28,1898972.66],[592032.69,1898965.64],[592045.54,1898964.55]]]]}},{"type":"Feature","properties":{"building":"yes","height":6,"heightSource":"default"},"geometry":{"type":"MultiPolygon","coordinates":[[[[592039.74,1898759.75],[592028.63,1898759.44],[592029.05,1898743.58],[592040.17,1898743.87],[592039.74,1898759.75]]]]}},{"type":"Feature","properties":{"building":"yes","height":6,"heightSource":"default"},"geometry":{"type":"MultiPolygon","coordinates":[[[[592087.6,1898856.99],[592095.94,1898853.54],[592102.78,1898869.85],[592094.43,1898873.3],[592087.6,1898856.99]]]]}},{"type":"Feature","properties":{"building":"yes","height":6,"heightSource":"default"},"geometry":{"type":"MultiPolygon","coordinates":[[[[592269.37,1898930.24],[592272.63,1898937.59],[592262.85,1898941.87],[592259.59,1898934.52],[592269.37,1898930.24]]]]}},{"type":"Feature","properties":{"building":"yes","height":6,"heightSource":"default"},"geometry":{"type":"MultiPolygon","coordinates":[[[[592409,1898938.55],[592395.74,1898943.81],[592392.01,1898934.54],[592405.28,1898929.27],[592409,1898938.55]]]]}},{"type":"Feature","properties":{"building":"yes","height":6,"heightSource":"default"},"geometry":{"type":"MultiPolygon","coordinates":[[[[591820.35,1899046.87],[591830.32,1899047.23],[591829.85,1899060.54],[591821.58,1899060.24],[591821.79,1899054.3],[591820.09,1899054.24],[591820.35,1899046.87]]]]}},{"type":"Feature","properties":{"building":"yes","height":6,"heightSource":"default"},"geometry":{"type":"MultiPolygon","coordinates":[[[[592064.45,1898639.15],[592049.93,1898636.99],[592050.71,1898631.72],[592065.23,1898633.87],[592064.45,1898639.15]]]]}},{"type":"Feature","properties":{"building":"yes","height":6,"heightSource":"default"},"geometry":{"type":"MultiPolygon","coordinates":[[[[591808.51,1899034.43],[591795.96,1899034.22],[591796.1,1899025.71],[591808.65,1899025.93],[591808.51,1899034.43]]]]}},{"type":"Feature","properties":{"building":"yes","height":6,"heightSource":"default"},"geometry":{"type":"MultiPolygon","coordinates":[[[[592003,1899039.01],[592003.05,1899047.33],[591992.62,1899047.4],[591992.57,1899039.07],[592003,1899039.01]]]]}},{"type":"Feature","properties":{"building":"yes","height":6,"heightSource":"default"},"geometry":{"type":"MultiPolygon","coordinates":[[[[592067.79,1898971.39],[592067.57,1898980.75],[592054.16,1898980.41],[592054.39,1898971.07],[592067.79,1898971.39]]]]}},{"type":"Feature","properties":{"building":"yes","height":6,"heightSource":"default"},"geometry":{"type":"MultiPolygon","coordinates":[[[[592298.17,1898821.83],[592301.92,1898836.02],[592294.29,1898838.01],[592290.53,1898823.82],[592298.17,1898821.83]]]]}},{"type":"Feature","properties":{"building":"yes","height":6,"heightSource":"default"},"geometry":{"type":"MultiPolygon","coordinates":[[[[591752.34,1899286.14],[591752.69,1899276.11],[591771.78,1899276.77],[591771.44,1899286.8],[591752.34,1899286.14]]]]}},{"type":"Feature","properties":{"building":"yes","height":6,"heightSource":"default"},"geometry":{"type":"MultiPolygon","coordinates":[[[[591982.4,1899073.64],[591982.04,1899061.47],[591991.15,1899061.2],[591991.52,1899073.37],[591982.4,1899073.64]]]]}},{"type":"Feature","properties":{"building":"yes","height":6,"heightSource":"default"},"geometry":{"type":"MultiPolygon","coordinates":[[[[592064.83,1899254.63],[592065.22,1899267.94],[592050.97,1899268.36],[592050.57,1899255.05],[592064.83,1899254.63]]]]}},{"type":"Feature","properties":{"building":"yes","height":6,"heightSource":"default"},"geometry":{"type":"MultiPolygon","coordinates":[[[[592044.48,1898940.82],[592045.28,1898948.49],[592034.57,1898949.61],[592033.76,1898941.94],[592044.48,1898940.82]]]]}},{"type":"Feature","properties":{"building":"yes","height":6,"heightSource":"default"},"geometry":{"type":"MultiPolygon","coordinates":[[[[591894.32,1899082.72],[591892.47,1899091.12],[591896.43,1899091.98],[591895.25,1899097.39],[591877.92,1899093.63],[591880.96,1899079.81],[591894.32,1899082.72]]]]}},{"type":"Feature","properties":{"building":"yes","height":6,"heightSource":"default"},"geometry":{"type":"MultiPolygon","coordinates":[[[[592279.13,1898867.66],[592289.86,1898865.01],[592291.69,1898872.33],[592280.95,1898874.97],[592279.13,1898867.66]]]]}},{"type":"Feature","properties":{"building":"yes","height":6,"heightSource":"default"},"geometry":{"type":"MultiPolygon","coordinates":[[[[592030.04,1899007.96],[592026.16,1899020.69],[592018.05,1899018.25],[592021.93,1899005.51],[592030.04,1899007.96]]]]}},{"type":"Feature","properties":{"building":"yes","height":6,"heightSource":"default"},"geometry":{"type":"MultiPolygon","coordinates":[[[[592372.85,1898968.9],[592373.99,1898975.35],[592367.35,1898976.5],[592366.21,1898970.07],[592372.85,1898968.9]]]]}},{"type":"Feature","properties":{"building":"yes","height":6,"heightSource":"default"},"geometry":{"type":"MultiPolygon","coordinates":[[[[592440.45,1898967.8],[592435.03,1898973.61],[592424.28,1898963.67],[592429.71,1898957.86],[592440.45,1898967.8]]]]}},{"type":"Feature","properties":{"building":"yes","height":6,"heightSource":"default"},"geometry":{"type":"MultiPolygon","coordinates":[[[[592197.77,1898676.82],[592197.89,1898689.29],[592181.92,1898689.45],[592181.86,1898683.22],[592176.26,1898683.27],[592176.2,1898677.03],[592197.77,1898676.82]]]]}},{"type":"Feature","properties":{"building":"yes","height":6,"heightSource":"default"},"geometry":{"type":"MultiPolygon","coordinates":[[[[592266.41,1899037.15],[592278.01,1899045.54],[592272.16,1899053.54],[592260.55,1899045.15],[592266.41,1899037.15]]]]}},{"type":"Feature","properties":{"building":"yes","height":6,"heightSource":"default"},"geometry":{"type":"MultiPolygon","coordinates":[[[[591883.77,1899059.48],[591898.82,1899063.23],[591899.9,1899058.96],[591907.69,1899060.89],[591904.09,1899075.16],[591875.34,1899068.01],[591877.76,1899058.39],[591883.68,1899059.86],[591883.77,1899059.48]]]]}},{"type":"Feature","properties":{"building":"yes","height":6,"heightSource":"default"},"geometry":{"type":"MultiPolygon","coordinates":[[[[592031.05,1898811.26],[592046.5,1898806.89],[592049,1898815.63],[592052.53,1898814.64],[592060.33,1898841.87],[592038.09,1898848.16],[592033.89,1898833.49],[592038.73,1898832.12],[592037.53,1898827.93],[592040.6,1898827.06],[592038.73,1898820.52],[592035.3,1898821.48],[592036.5,1898825.68],[592029.22,1898827.74],[592026.25,1898817.43],[592032.32,1898815.72],[592031.05,1898811.26]]]]}},{"type":"Feature","properties":{"building":"yes","height":6,"heightSource":"default"},"geometry":{"type":"MultiPolygon","coordinates":[[[[592387.37,1899230.98],[592393.32,1899236.27],[592386.06,1899244.33],[592380.11,1899239.03],[592387.37,1899230.98]]]]}},{"type":"Feature","properties":{"building":"yes","height":6,"heightSource":"default"},"geometry":{"type":"MultiPolygon","coordinates":[[[[592009.89,1898990.31],[592005.23,1899016.91],[591994.86,1899015.11],[591999.53,1898988.5],[592009.89,1898990.31]]]]}},{"type":"Feature","properties":{"building":"yes","height":6,"heightSource":"default"},"geometry":{"type":"MultiPolygon","coordinates":[[[[592097,1898952.96],[592098.43,1898961.5],[592089.66,1898962.95],[592088.23,1898954.39],[592097,1898952.96]]]]}},{"type":"Feature","properties":{"building":"yes","height":6,"heightSource":"default"},"geometry":{"type":"MultiPolygon","coordinates":[[[[591963.78,1898987.1],[591972.31,1898988.75],[591967.99,1899010.9],[591959.47,1899009.26],[591963.78,1898987.1]]]]}},{"type":"Feature","properties":{"building":"yes","height":6,"heightSource":"default"},"geometry":{"type":"MultiPolygon","coordinates":[[[[592039.82,1898953.15],[592058.43,1898948.75],[592060.61,1898957.86],[592042.01,1898962.26],[592039.82,1898953.15]]]]}},{"type":"Feature","properties":{"building":"yes","height":6,"heightSource":"default"},"geometry":{"type":"MultiPolygon","coordinates":[[[[592419.62,1898920.52],[592410.69,1898921.83],[592408.51,1898907.13],[592417.44,1898905.82],[592419.62,1898920.52]]]]}},{"type":"Feature","properties":{"building":"yes","height":6,"heightSource":"default"},"geometry":{"type":"MultiPolygon","coordinates":[[[[592071.68,1899181.98],[592087.91,1899181.36],[592088.34,1899192.4],[592075.66,1899192.88],[592075.48,1899188.36],[592071.94,1899188.5],[592071.68,1899181.98]]]]}},{"type":"Feature","properties":{"building":"yes","height":6,"heightSource":"default"},"geometry":{"type":"MultiPolygon","coordinates":[[[[592028.19,1898773.29],[592035.21,1898771.44],[592037.19,1898778.85],[592030.17,1898780.7],[592028.19,1898773.29]]]]}},{"type":"Feature","properties":{"building":"yes","height":6,"heightSource":"default"},"geometry":{"type":"MultiPolygon","coordinates":[[[[592143.65,1898975.41],[592134.12,1898978.5],[592130.34,1898966.99],[592139.86,1898963.9],[592143.65,1898975.41]]]]}},{"type":"Feature","properties":{"building":"yes","height":6,"heightSource":"default"},"geometry":{"type":"MultiPolygon","coordinates":[[[[592153.58,1898946.6],[592146.61,1898949.07],[592148.46,1898954.25],[592141.8,1898956.61],[592136.7,1898942.39],[592150.35,1898937.56],[592153.58,1898946.6]]]]}},{"type":"Feature","properties":{"building":"yes","height":6,"heightSource":"default"},"geometry":{"type":"MultiPolygon","coordinates":[[[[592301,1898879.61],[592290.54,1898881.99],[592288.48,1898873.12],[592298.94,1898870.72],[592301,1898879.61]]]]}},{"type":"Feature","properties":{"building":"yes","height":6,"heightSource":"default"},"geometry":{"type":"MultiPolygon","coordinates":[[[[592214.85,1898709.33],[592215.24,1898719.53],[592199.01,1898720.14],[592198.62,1898709.96],[592214.85,1898709.33]]]]}},{"type":"Feature","properties":{"building":"yes","height":6,"heightSource":"default"},"geometry":{"type":"MultiPolygon","coordinates":[[[[592121.01,1898886.35],[592111.36,1898889.54],[592107,1898876.54],[592116.65,1898873.35],[592121.01,1898886.35]]]]}},{"type":"Feature","properties":{"building":"yes","height":6,"heightSource":"default"},"geometry":{"type":"MultiPolygon","coordinates":[[[[592067.58,1898989.37],[592056.64,1898989.42],[592056.6,1898981.09],[592067.55,1898981.05],[592067.58,1898989.37]]]]}},{"type":"Feature","properties":{"building":"yes","height":6,"heightSource":"default"},"geometry":{"type":"MultiPolygon","coordinates":[[[[592156.5,1898684.41],[592134.11,1898686.75],[592132.8,1898674.41],[592155.2,1898672.08],[592156.5,1898684.41]]]]}},{"type":"Feature","properties":{"building":"yes","height":6,"heightSource":"default"},"geometry":{"type":"MultiPolygon","coordinates":[[[[591828.72,1899029.62],[591837.28,1899032.33],[591835.08,1899039.18],[591826.52,1899036.48],[591828.72,1899029.62]]]]}},{"type":"Feature","properties":{"building":"yes","height":6,"heightSource":"default"},"geometry":{"type":"MultiPolygon","coordinates":[[[[592310,1898895.45],[592301.8,1898898.78],[592295.45,1898883.38],[592303.65,1898880.04],[592310,1898895.45]]]]}},{"type":"Feature","properties":{"building":"yes","height":6,"heightSource":"default"},"geometry":{"type":"MultiPolygon","coordinates":[[[[591945.98,1899054.58],[591929.75,1899056.78],[591928.37,1899046.77],[591940.7,1899045.1],[591941.61,1899051.77],[591945.53,1899051.24],[591945.98,1899054.58]]]]}},{"type":"Feature","properties":{"building":"yes","height":6,"heightSource":"default"},"geometry":{"type":"MultiPolygon","coordinates":[[[[592034.78,1898667.75],[592018.61,1898668.85],[592017.63,1898654.74],[592023.31,1898654.35],[592022.63,1898644.48],[592033.13,1898643.77],[592034.78,1898667.75]]]]}},{"type":"Feature","properties":{"building":"yes","height":6,"heightSource":"default"},"geometry":{"type":"MultiPolygon","coordinates":[[[[592066.14,1899287.01],[592066.27,1899297.49],[592052.31,1899297.68],[592052.16,1899287.19],[592066.14,1899287.01]]]]}},{"type":"Feature","properties":{"building":"yes","height":6,"heightSource":"default"},"geometry":{"type":"MultiPolygon","coordinates":[[[[591816.28,1899238.56],[591819.11,1899228.39],[591837.41,1899233.43],[591834.58,1899243.6],[591816.28,1899238.56]]]]}},{"type":"Feature","properties":{"building":"yes","height":6,"heightSource":"default"},"geometry":{"type":"MultiPolygon","coordinates":[[[[592309.28,1898865.75],[592312.19,1898874.22],[592301.72,1898877.76],[592298.82,1898869.28],[592309.28,1898865.75]]]]}},{"type":"Feature","properties":{"building":"yes","height":6,"heightSource":"default"},"geometry":{"type":"MultiPolygon","coordinates":[[[[592367.91,1899275.77],[592362.34,1899283.12],[592352.38,1899275.66],[592357.94,1899268.32],[592367.91,1899275.77]]]]}},{"type":"Feature","properties":{"building":"yes","height":6,"heightSource":"default"},"geometry":{"type":"MultiPolygon","coordinates":[[[[592105.92,1898677.77],[592120.72,1898675.6],[592122.19,1898685.59],[592120.52,1898685.83],[592123.53,1898706.07],[592114.04,1898707.47],[592111.16,1898688.05],[592107.53,1898688.59],[592105.92,1898677.77]]]]}},{"type":"Feature","properties":{"building":"yes","height":6,"heightSource":"default"},"geometry":{"type":"MultiPolygon","coordinates":[[[[592284.04,1898964.59],[592291.18,1898973.54],[592278.98,1898983.17],[592271.83,1898974.23],[592284.04,1898964.59]]]]}},{"type":"Feature","properties":{"building":"yes","height":6,"heightSource":"default"},"geometry":{"type":"MultiPolygon","coordinates":[[[[592012.9,1899258.68],[592025.84,1899258.19],[592026.5,1899275.47],[592013.55,1899275.95],[592012.9,1899258.68]]]]}},{"type":"Feature","properties":{"building":"yes","height":6,"heightSource":"default"},"geometry":{"type":"MultiPolygon","coordinates":[[[[591794.91,1899056.77],[591817.22,1899059.12],[591816.05,1899070.07],[591793.75,1899067.72],[591794.91,1899056.77]]]]}},{"type":"Feature","properties":{"building":"yes","height":6,"heightSource":"default"},"geometry":{"type":"MultiPolygon","coordinates":[[[[592193.56,1899204.94],[592208.55,1899198.33],[592214.04,1899210.63],[592199.04,1899217.23],[592193.56,1899204.94]]]]}},{"type":"Feature","properties":{"building":"yes","height":6,"heightSource":"default"},"geometry":{"type":"MultiPolygon","coordinates":[[[[592113.06,1899011.27],[592121.67,1899009.57],[592124.23,1899022.38],[592115.61,1899024.08],[592113.06,1899011.27]]]]}},{"type":"Feature","properties":{"building":"yes","height":6,"heightSource":"default"},"geometry":{"type":"MultiPolygon","coordinates":[[[[592041.72,1898864.5],[592051.4,1898864.14],[592051.21,1898859.05],[592060.33,1898858.72],[592060.82,1898872.02],[592042.02,1898872.71],[592041.72,1898864.5]]]]}},{"type":"Feature","properties":{"building":"yes","height":6,"heightSource":"default"},"geometry":{"type":"MultiPolygon","coordinates":[[[[591986.3,1898792.09],[591985.8,1898803.13],[591974.12,1898802.61],[591974.63,1898791.57],[591986.3,1898792.09]]]]}},{"type":"Feature","properties":{"building":"yes","height":6,"heightSource":"default"},"geometry":{"type":"MultiPolygon","coordinates":[[[[592329.77,1898868],[592340.07,1898894.44],[592331.4,1898897.78],[592321.1,1898871.32],[592329.77,1898868]]]]}},{"type":"Feature","properties":{"building":"yes","height":6,"heightSource":"default"},"geometry":{"type":"MultiPolygon","coordinates":[[[[592225.61,1899092.81],[592235.84,1899103.32],[592219.05,1899119.46],[592208.82,1899108.96],[592225.61,1899092.81]]]]}},{"type":"Feature","properties":{"building":"yes","height":6,"heightSource":"default"},"geometry":{"type":"MultiPolygon","coordinates":[[[[592190.66,1899047.99],[592197.18,1899033],[592203.34,1899035.65],[592201.19,1899040.58],[592204.19,1899041.87],[592203.14,1899044.25],[592208.35,1899046.49],[592205.01,1899054.15],[592190.66,1899047.99]]]]}},{"type":"Feature","properties":{"building":"yes","height":6,"heightSource":"default"},"geometry":{"type":"MultiPolygon","coordinates":[[[[592293.23,1898913.96],[592296.68,1898924.12],[592288.76,1898926.78],[592285.3,1898916.61],[592293.23,1898913.96]]]]}},{"type":"Feature","properties":{"building":"yes","height":6,"heightSource":"default"},"geometry":{"type":"MultiPolygon","coordinates":[[[[591926.17,1899018.28],[591938.72,1899018.08],[591938.8,1899022.61],[591942.9,1899022.55],[591943.07,1899032.75],[591930.52,1899032.95],[591930.38,1899024.73],[591926.28,1899024.8],[591926.17,1899018.28]]]]}},{"type":"Feature","properties":{"building":"yes","height":6,"heightSource":"default"},"geometry":{"type":"MultiPolygon","coordinates":[[[[592029.61,1898700.55],[592029.41,1898695.92],[592039.84,1898695.46],[592040.69,1898715],[592027.3,1898715.57],[592026.66,1898700.67],[592029.61,1898700.55]]]]}},{"type":"Feature","properties":{"building":"yes","height":6,"heightSource":"default"},"geometry":{"type":"MultiPolygon","coordinates":[[[[592136.21,1899013.18],[592145.58,1899010.3],[592151.54,1899029.41],[592142.19,1899032.29],[592136.21,1899013.18]]]]}},{"type":"Feature","properties":{"building":"yes","height":6,"heightSource":"default"},"geometry":{"type":"MultiPolygon","coordinates":[[[[592139.52,1898874.76],[592155.3,1898871.33],[592157.62,1898881.88],[592141.84,1898885.3],[592139.52,1898874.76]]]]}},{"type":"Feature","properties":{"building":"yes","height":6,"heightSource":"default"},"geometry":{"type":"MultiPolygon","coordinates":[[[[592023.14,1899049.46],[592009.49,1899050.05],[592008.98,1899038.63],[592022.65,1899038.04],[592023.14,1899049.46]]]]}},{"type":"Feature","properties":{"building":"yes","height":6,"heightSource":"default"},"geometry":{"type":"MultiPolygon","coordinates":[[[[592317.66,1899094.89],[592323.72,1899086.35],[592329.52,1899090.43],[592323.46,1899098.96],[592317.66,1899094.89]]]]}},{"type":"Feature","properties":{"building":"yes","height":6,"heightSource":"default"},"geometry":{"type":"MultiPolygon","coordinates":[[[[592274.2,1898899.93],[592280.83,1898911.18],[592271.51,1898916.61],[592264.88,1898905.37],[592274.2,1898899.93]]]]}},{"type":"Feature","properties":{"building":"yes","height":6,"heightSource":"default"},"geometry":{"type":"MultiPolygon","coordinates":[[[[592429.63,1899268.97],[592417.07,1899282.49],[592408.11,1899274.26],[592414.67,1899267.19],[592413.43,1899266.05],[592419.42,1899259.6],[592429.63,1899268.97]]]]}},{"type":"Feature","properties":{"building":"yes","height":6,"heightSource":"default"},"geometry":{"type":"MultiPolygon","coordinates":[[[[591978.62,1898892.75],[591978.28,1898910.88],[591968.69,1898910.71],[591969.03,1898892.56],[591978.62,1898892.75]]]]}},{"type":"Feature","properties":{"building":"yes","height":6,"heightSource":"default"},"geometry":{"type":"MultiPolygon","coordinates":[[[[592144.45,1898637.71],[592155.57,1898638.13],[592155.09,1898650.48],[592143.97,1898650.06],[592144.45,1898637.71]]]]}},{"type":"Feature","properties":{"building":"yes","height":6,"heightSource":"default"},"geometry":{"type":"MultiPolygon","coordinates":[[[[592226.86,1898844.38],[592230.52,1898861.6],[592207.9,1898866.33],[592204.24,1898849.11],[592226.86,1898844.38]]]]}},{"type":"Feature","properties":{"building":"yes","height":6,"heightSource":"default"},"geometry":{"type":"MultiPolygon","coordinates":[[[[591951.74,1898991.14],[591949.15,1899000.36],[591932.62,1898995.76],[591936.51,1898981.91],[591945.52,1898984.41],[591944.21,1898989.05],[591951.74,1898991.14]]]]}},{"type":"Feature","properties":{"building":"yes","height":6,"heightSource":"default"},"geometry":{"type":"MultiPolygon","coordinates":[[[[592131.5,1898655.24],[592153.29,1898653.34],[592154.11,1898662.63],[592132.32,1898664.52],[592131.5,1898655.24]]]]}},{"type":"Feature","properties":{"building":"yes","height":6,"heightSource":"default"},"geometry":{"type":"MultiPolygon","coordinates":[[[[592237.77,1898936.33],[592248.52,1898933.19],[592254.54,1898953.51],[592243.79,1898956.65],[592237.77,1898936.33]]]]}},{"type":"Feature","properties":{"building":"yes","height":6,"heightSource":"default"},"geometry":{"type":"MultiPolygon","coordinates":[[[[592370.91,1898956.48],[592372.18,1898967.1],[592357.85,1898968.79],[592356.58,1898958.18],[592370.91,1898956.48]]]]}},{"type":"Feature","properties":{"building":"yes","height":6,"heightSource":"default"},"geometry":{"type":"MultiPolygon","coordinates":[[[[592098.65,1899011.39],[592109.76,1899011.13],[592110.18,1899028.87],[592099.07,1899029.14],[592098.65,1899011.39]]]]}},{"type":"Feature","properties":{"building":"yes","height":6,"heightSource":"default"},"geometry":{"type":"MultiPolygon","coordinates":[[[[591976.22,1898867.09],[591976.52,1898880.98],[591970.82,1898881.11],[591970.88,1898883.65],[591955.48,1898883.98],[591955.12,1898867.55],[591976.22,1898867.09]]]]}},{"type":"Feature","properties":{"building":"yes","height":6,"heightSource":"default"},"geometry":{"type":"MultiPolygon","coordinates":[[[[592331.53,1899110.96],[592335.67,1899100.33],[592343.37,1899103.3],[592339.24,1899113.92],[592331.53,1899110.96]]]]}},{"type":"Feature","properties":{"building":"yes","height":6,"heightSource":"default"},"geometry":{"type":"MultiPolygon","coordinates":[[[[592346.43,1898987.36],[592346.9,1898972.75],[592357.33,1898973.08],[592356.86,1898987.69],[592346.43,1898987.36]]]]}},{"type":"Feature","properties":{"building":"yes","height":6,"heightSource":"default"},"geometry":{"type":"MultiPolygon","coordinates":[[[[592095.87,1899208.89],[592097.07,1899216.36],[592077.34,1899219.49],[592076.14,1899212.03],[592095.87,1899208.89]]]]}},{"type":"Feature","properties":{"building":"yes","height":6,"heightSource":"default"},"geometry":{"type":"MultiPolygon","coordinates":[[[[592004.88,1898970.46],[592012.89,1898971.94],[592010.54,1898984.39],[592002.54,1898982.91],[592004.88,1898970.46]]]]}},{"type":"Feature","properties":{"building":"yes","height":6,"heightSource":"default"},"geometry":{"type":"MultiPolygon","coordinates":[[[[592346.32,1898886.87],[592340.74,1898889.17],[592334.3,1898873.71],[592339.88,1898871.42],[592346.32,1898886.87]]]]}},{"type":"Feature","properties":{"building":"yes","height":6,"heightSource":"default"},"geometry":{"type":"MultiPolygon","coordinates":[[[[592391.86,1898970.07],[592376.33,1898971.66],[592374.6,1898954.96],[592390.11,1898953.37],[592391.86,1898970.07]]]]}},{"type":"Feature","properties":{"building":"yes","height":6,"heightSource":"default"},"geometry":{"type":"MultiPolygon","coordinates":[[[[592004.66,1899260.14],[592005.52,1899278.54],[591996.42,1899278.96],[591995.99,1899269.91],[591992.86,1899270.05],[591992.41,1899260.72],[592004.66,1899260.14]]]]}},{"type":"Feature","properties":{"building":"yes","height":6,"heightSource":"default"},"geometry":{"type":"MultiPolygon","coordinates":[[[[592174.29,1898916.5],[592165.03,1898919.36],[592160.1,1898903.6],[592169.36,1898900.75],[592174.29,1898916.5]]]]}},{"type":"Feature","properties":{"building":"yes","height":6,"heightSource":"default"},"geometry":{"type":"MultiPolygon","coordinates":[[[[592173.1,1899016.28],[592174.53,1899025.41],[592165.8,1899026.77],[592164.36,1899017.65],[592173.1,1899016.28]]]]}},{"type":"Feature","properties":{"building":"yes","height":6,"heightSource":"default"},"geometry":{"type":"MultiPolygon","coordinates":[[[[592073.05,1898869.33],[592084.18,1898866.85],[592086.94,1898879.17],[592075.82,1898881.64],[592073.05,1898869.33]]]]}},{"type":"Feature","properties":{"building":"yes","height":6,"heightSource":"default"},"geometry":{"type":"MultiPolygon","coordinates":[[[[591867.76,1899144.61],[591842.34,1899140],[591844.36,1899129.02],[591848.5,1899129.77],[591849.36,1899125.1],[591870.64,1899128.97],[591867.76,1899144.61]]]]}},{"type":"Feature","properties":{"building":"yes","height":6,"heightSource":"default"},"geometry":{"type":"MultiPolygon","coordinates":[[[[592199.13,1899000.56],[592201.89,1898985.14],[592210.74,1898986.72],[592207.98,1899002.12],[592199.13,1899000.56]]]]}},{"type":"Feature","properties":{"building":"yes","height":6,"heightSource":"default"},"geometry":{"type":"MultiPolygon","coordinates":[[[[592070.75,1899263],[592090.43,1899260.11],[592092.78,1899275.92],[592075.76,1899278.41],[592074.81,1899272.03],[592072.15,1899272.43],[592070.75,1899263]]]]}},{"type":"Feature","properties":{"building":"yes","height":6,"heightSource":"default"},"geometry":{"type":"MultiPolygon","coordinates":[[[[592015.33,1898770.19],[592020.56,1898784.64],[592013.74,1898787.08],[592008.52,1898772.63],[592015.33,1898770.19]]]]}},{"type":"Feature","properties":{"building":"yes","height":6,"heightSource":"default"},"geometry":{"type":"MultiPolygon","coordinates":[[[[592020.17,1898669.92],[592036.69,1898669.32],[592037.16,1898682.34],[592020.64,1898682.93],[592020.17,1898669.92]]]]}},{"type":"Feature","properties":{"building":"yes","height":6,"heightSource":"default"},"geometry":{"type":"MultiPolygon","coordinates":[[[[592073.98,1899239.04],[592090.22,1899238.61],[592090.68,1899255.04],[592075,1899255.47],[592074.84,1899249.8],[592074.28,1899249.81],[592073.98,1899239.04]]]]}},{"type":"Feature","properties":{"building":"yes","height":6,"heightSource":"default"},"geometry":{"type":"MultiPolygon","coordinates":[[[[592028.01,1898789.89],[592039.11,1898786.34],[592043.83,1898800.98],[592032.74,1898804.51],[592028.01,1898789.89]]]]}},{"type":"Feature","properties":{"building":"yes","height":6,"heightSource":"default"},"geometry":{"type":"MultiPolygon","coordinates":[[[[592053.81,1898664.97],[592054.29,1898679.13],[592037.76,1898679.68],[592037.28,1898665.52],[592053.81,1898664.97]]]]}},{"type":"Feature","properties":{"building":"yes","height":6,"heightSource":"default"},"geometry":{"type":"MultiPolygon","coordinates":[[[[592405.78,1898885.03],[592415.72,1898884.49],[592416.4,1898896.64],[592406.44,1898897.18],[592405.78,1898885.03]]]]}},{"type":"Feature","properties":{"building":"yes","height":6,"heightSource":"default"},"geometry":{"type":"MultiPolygon","coordinates":[[[[591885.8,1899153.49],[591892.22,1899155.16],[591889.46,1899165.68],[591883.04,1899164.01],[591885.8,1899153.49]]]]}},{"type":"Feature","properties":{"building":"yes","height":6,"heightSource":"default"},"geometry":{"type":"MultiPolygon","coordinates":[[[[591990.61,1898963.94],[591980.35,1898963.71],[591980.76,1898945.58],[591991.03,1898945.81],[591990.61,1898963.94]]]]}},{"type":"Feature","properties":{"building":"yes","height":6,"heightSource":"default"},"geometry":{"type":"MultiPolygon","coordinates":[[[[591879.67,1899106.69],[591898.16,1899109.62],[591896.2,1899121.9],[591877.71,1899118.99],[591879.67,1899106.69]]]]}},{"type":"Feature","properties":{"building":"yes","height":6,"heightSource":"default"},"geometry":{"type":"MultiPolygon","coordinates":[[[[592171.55,1898952.19],[592160.28,1898956.1],[592156.83,1898946.26],[592168.1,1898942.35],[592171.55,1898952.19]]]]}},{"type":"Feature","properties":{"building":"yes","height":6,"heightSource":"default"},"geometry":{"type":"MultiPolygon","coordinates":[[[[591896.15,1899005.17],[591913.08,1899009.36],[591909.4,1899024.06],[591892.46,1899019.87],[591896.15,1899005.17]]]]}},{"type":"Feature","properties":{"building":"yes","height":6,"heightSource":"default"},"geometry":{"type":"MultiPolygon","coordinates":[[[[592075.43,1899208.95],[592075.11,1899198.74],[592090.51,1899198.28],[592090.82,1899208.47],[592075.43,1899208.95]]]]}},{"type":"Feature","properties":{"building":"yes","height":6,"heightSource":"default"},"geometry":{"type":"MultiPolygon","coordinates":[[[[592458.51,1898919.13],[592463.82,1898925.06],[592461.05,1898927.49],[592467.13,1898934.28],[592458.29,1898942.07],[592446.93,1898929.37],[592458.51,1898919.13]]]]}},{"type":"Feature","properties":{"building":"yes","height":6,"heightSource":"default"},"geometry":{"type":"MultiPolygon","coordinates":[[[[592386.22,1898857.07],[592380.26,1898858.15],[592378.87,1898850.59],[592384.84,1898849.51],[592386.22,1898857.07]]]]}},{"type":"Feature","properties":{"building":"yes","height":6,"heightSource":"default"},"geometry":{"type":"MultiPolygon","coordinates":[[[[592377.39,1899266.82],[592371.43,1899274.73],[592363.09,1899268.51],[592369.06,1899260.6],[592377.39,1899266.82]]]]}},{"type":"Feature","properties":{"building":"yes","height":6,"heightSource":"default"},"geometry":{"type":"MultiPolygon","coordinates":[[[[592040.85,1898739.85],[592052.23,1898739.37],[592052.9,1898754.65],[592041.51,1898755.13],[592040.85,1898739.85]]]]}},{"type":"Feature","properties":{"building":"yes","height":6,"heightSource":"default"},"geometry":{"type":"MultiPolygon","coordinates":[[[[592103.01,1899294.1],[592106.98,1899293.28],[592105.67,1899286.93],[592111.82,1899285.68],[592114.57,1899298.99],[592104.45,1899301.06],[592103.01,1899294.1]]]]}},{"type":"Feature","properties":{"building":"yes","height":6,"heightSource":"default"},"geometry":{"type":"MultiPolygon","coordinates":[[[[592317.44,1898972.9],[592306.13,1898984.73],[592297.85,1898976.91],[592309.15,1898965.08],[592317.44,1898972.9]]]]}},{"type":"Feature","properties":{"building":"yes","height":6,"heightSource":"default"},"geometry":{"type":"MultiPolygon","coordinates":[[[[592340.47,1898810.79],[592336.59,1898810.98],[592336.99,1898819.18],[592327.03,1898819.66],[592326.29,1898804.38],[592340.13,1898803.72],[592340.47,1898810.79]]]]}},{"type":"Feature","properties":{"building":"yes","height":6,"heightSource":"default"},"geometry":{"type":"MultiPolygon","coordinates":[[[[592112.71,1898787.75],[592103.94,1898788.51],[592102.59,1898773.14],[592111.37,1898772.38],[592112.71,1898787.75]]]]}},{"type":"Feature","properties":{"building":"yes","height":6,"heightSource":"default"},"geometry":{"type":"MultiPolygon","coordinates":[[[[592014.22,1899229.42],[592026.48,1899229.58],[592026.35,1899239.61],[592014.08,1899239.45],[592014.22,1899229.42]]]]}},{"type":"Feature","properties":{"building":"yes","height":6,"heightSource":"default"},"geometry":{"type":"MultiPolygon","coordinates":[[[[592051.99,1898972.22],[592053.3,1898979.65],[592042.95,1898981.44],[592041.65,1898974.02],[592051.99,1898972.22]]]]}},{"type":"Feature","properties":{"building":"yes","height":6,"heightSource":"default"},"geometry":{"type":"MultiPolygon","coordinates":[[[[592163.92,1899273.8],[592154.21,1899276.1],[592151.95,1899266.73],[592161.66,1899264.42],[592163.92,1899273.8]]]]}},{"type":"Feature","properties":{"building":"yes","height":6,"heightSource":"default"},"geometry":{"type":"MultiPolygon","coordinates":[[[[591963.71,1898932.05],[591953.74,1898931.67],[591954.31,1898917.11],[591964.27,1898917.5],[591963.71,1898932.05]]]]}},{"type":"Feature","properties":{"building":"yes","height":6,"heightSource":"default"},"geometry":{"type":"MultiPolygon","coordinates":[[[[592133.38,1899020.04],[592125.11,1899020.28],[592124.7,1899006.12],[592132.96,1899005.88],[592133.38,1899020.04]]]]}},{"type":"Feature","properties":{"building":"yes","height":6,"heightSource":"default"},"geometry":{"type":"MultiPolygon","coordinates":[[[[592115.58,1898986.62],[592106.45,1898986.7],[592106.34,1898974.23],[592115.47,1898974.15],[592115.58,1898986.62]]]]}},{"type":"Feature","properties":{"building":"yes","height":6,"heightSource":"default"},"geometry":{"type":"MultiPolygon","coordinates":[[[[591754.04,1898145.52],[591757.2,1898142.62],[591755.48,1898140.77],[591758.81,1898137.72],[591756.38,1898135.12],[591760.46,1898131.36],[591769.02,1898140.57],[591758.46,1898150.27],[591754.04,1898145.52]]]]}},{"type":"Feature","properties":{"building":"yes","height":6,"heightSource":"default"},"geometry":{"type":"MultiPolygon","coordinates":[[[[591355.16,1898398.54],[591355.11,1898411.01],[591360.53,1898411.03],[591360.59,1898398.57],[591355.16,1898398.54]]]]}},{"type":"Feature","properties":{"building":"yes","height":6,"heightSource":"default"},"geometry":{"type":"MultiPolygon","coordinates":[[[[591292.08,1898536.2],[591296.51,1898549.24],[591310.08,1898544.7],[591305.65,1898531.65],[591292.08,1898536.2]]]]}},{"type":"Feature","properties":{"building":"yes","height":6,"heightSource":"default"},"geometry":{"type":"MultiPolygon","coordinates":[[[[591274.44,1898541.09],[591278.44,1898554.47],[591294.29,1898549.79],[591290.29,1898536.4],[591274.44,1898541.09]]]]}},{"type":"Feature","properties":{"building":"yes","height":6,"heightSource":"default"},"geometry":{"type":"MultiPolygon","coordinates":[[[[591304.99,1898583.4],[591312.16,1898598.48],[591321.73,1898593.98],[591314.56,1898578.9],[591304.99,1898583.4]]]]}},{"type":"Feature","properties":{"building":"yes","height":6,"heightSource":"default"},"geometry":{"type":"MultiPolygon","coordinates":[[[[591121.03,1899284.52],[591128.87,1899296.4],[591140.74,1899288.65],[591132.91,1899276.78],[591121.03,1899284.52]]]]}},{"type":"Feature","properties":{"building":"yes","height":6,"heightSource":"default"},"geometry":{"type":"MultiPolygon","coordinates":[[[[591108.95,1899274.55],[591115.07,1899284],[591128.51,1899275.42],[591122.39,1899265.95],[591108.95,1899274.55]]]]}},{"type":"Feature","properties":{"building":"yes","height":6,"heightSource":"default"},"geometry":{"type":"MultiPolygon","coordinates":[[[[592185.27,1898970.57],[592192.76,1898969.39],[592190.67,1898956.18],[592183.18,1898957.36],[592185.27,1898970.57]]]]}},{"type":"Feature","properties":{"building":"yes","height":6,"heightSource":"default"},"geometry":{"type":"MultiPolygon","coordinates":[[[[592167.28,1898958.72],[592173.17,1898978.63],[592180.1,1898976.61],[592174.2,1898956.7],[592167.28,1898958.72]]]]}},{"type":"Feature","properties":{"building":"yes","height":6,"heightSource":"default"},"geometry":{"type":"MultiPolygon","coordinates":[[[[592158.13,1898960.87],[592162.77,1898976.13],[592170.69,1898973.75],[592166.07,1898958.5],[592158.13,1898960.87]]]]}},{"type":"Feature","properties":{"building":"yes","height":6,"heightSource":"default"},"geometry":{"type":"MultiPolygon","coordinates":[[[[592287.06,1898884.69],[592291.97,1898900.6],[592299.54,1898898.3],[592294.63,1898882.39],[592287.06,1898884.69]]]]}},{"type":"Feature","properties":{"building":"yes","height":6,"heightSource":"default"},"geometry":{"type":"MultiPolygon","coordinates":[[[[592299.25,1898855.82],[592301.3,1898865.84],[592315,1898863.07],[592312.95,1898853.05],[592299.25,1898855.82]]]]}},{"type":"Feature","properties":{"building":"yes","height":6,"heightSource":"default"},"geometry":{"type":"MultiPolygon","coordinates":[[[[592198.36,1898835.52],[592201.08,1898845.4],[592212.35,1898842.33],[592209.63,1898832.45],[592198.36,1898835.52]]]]}},{"type":"Feature","properties":{"building":"yes","height":6,"heightSource":"default"},"geometry":{"type":"MultiPolygon","coordinates":[[[[592135.01,1898838.22],[592139.49,1898848.72],[592152.1,1898843.4],[592147.61,1898832.89],[592135.01,1898838.22]]]]}},{"type":"Feature","properties":{"building":"yes","height":6,"heightSource":"default"},"geometry":{"type":"MultiPolygon","coordinates":[[[[592155.94,1898771.23],[592169.52,1898765.5],[592173.33,1898774.41],[592175.79,1898780.19],[592183.8,1898776.81],[592187.75,1898786.04],[592176.65,1898790.73],[592173.32,1898782.92],[592162.82,1898787.35],[592155.94,1898771.23]]]]}},{"type":"Feature","properties":{"building":"yes","height":6,"heightSource":"default"},"geometry":{"type":"MultiPolygon","coordinates":[[[[590193.1,1899339.84],[590196.38,1899352.74],[590216.37,1899347.73],[590213.1,1899334.82],[590193.1,1899339.84]]]]}},{"type":"Feature","properties":{"building":"yes","height":6,"heightSource":"default"},"geometry":{"type":"MultiPolygon","coordinates":[[[[590043.48,1899311.67],[590070.56,1899311.82],[590070.51,1899322.16],[590058.26,1899322.09],[590058.21,1899330.32],[590061.72,1899330.34],[590061.62,1899348.77],[590055.71,1899348.74],[590055.75,1899341.52],[590043.31,1899341.45],[590043.48,1899311.67]]]]}},{"type":"Feature","properties":{"building":"yes","height":6,"heightSource":"default"},"geometry":{"type":"MultiPolygon","coordinates":[[[[591126.58,1897849.3],[591135.62,1897853.03],[591140.16,1897842.13],[591131.12,1897838.41],[591126.58,1897849.3]]]]}},{"type":"Feature","properties":{"building":"yes","height":6,"heightSource":"default"},"geometry":{"type":"MultiPolygon","coordinates":[[[[591214.37,1897916.62],[591210.63,1897938.99],[591219.06,1897940.38],[591222.79,1897918],[591214.37,1897916.62]]]]}},{"type":"Feature","properties":{"building":"yes","height":6,"heightSource":"default"},"geometry":{"type":"MultiPolygon","coordinates":[[[[591246.18,1897916.61],[591258.63,1897919.53],[591262.11,1897904.88],[591249.67,1897901.96],[591246.18,1897916.61]]]]}},{"type":"Feature","properties":{"building":"yes","height":6,"heightSource":"default"},"geometry":{"type":"MultiPolygon","coordinates":[[[[591234.49,1897947.25],[591247.53,1897949.93],[591250.75,1897934.47],[591237.71,1897931.79],[591234.49,1897947.25]]]]}},{"type":"Feature","properties":{"building":"yes","height":6,"heightSource":"default"},"geometry":{"type":"MultiPolygon","coordinates":[[[[591243.11,1897917.16],[591240.11,1897928.78],[591252.59,1897931.94],[591255.57,1897920.34],[591243.11,1897917.16]]]]}},{"type":"Feature","properties":{"building":"yes","height":6,"heightSource":"default"},"geometry":{"type":"MultiPolygon","coordinates":[[[[591216.97,1897909.04],[591231.28,1897911.82],[591233.83,1897898.87],[591219.52,1897896.08],[591216.97,1897909.04]]]]}},{"type":"Feature","properties":{"building":"yes","height":6,"heightSource":"default"},"geometry":{"type":"MultiPolygon","coordinates":[[[[591204.79,1897922.53],[591211.05,1897923.49],[591212.95,1897911.39],[591206.69,1897910.41],[591204.79,1897922.53]]]]}},{"type":"Feature","properties":{"building":"yes","height":6,"heightSource":"default"},"geometry":{"type":"MultiPolygon","coordinates":[[[[591194.03,1897935.03],[591209.31,1897937.81],[591211.72,1897924.78],[591196.44,1897921.99],[591194.03,1897935.03]]]]}},{"type":"Feature","properties":{"building":"yes","height":6,"heightSource":"default"},"geometry":{"type":"MultiPolygon","coordinates":[[[[591177.14,1897915.67],[591174.18,1897928.48],[591188.43,1897931.74],[591191.39,1897918.92],[591177.14,1897915.67]]]]}},{"type":"Feature","properties":{"building":"yes","height":6,"heightSource":"default"},"geometry":{"type":"MultiPolygon","coordinates":[[[[591157.38,1897924.8],[591166.5,1897928],[591168.75,1897921.7],[591159.62,1897918.5],[591157.38,1897924.8]]]]}},{"type":"Feature","properties":{"building":"yes","height":6,"heightSource":"default"},"geometry":{"type":"MultiPolygon","coordinates":[[[[591151.37,1897914.56],[591148.6,1897920.36],[591155.79,1897923.76],[591158.56,1897917.96],[591151.37,1897914.56]]]]}},{"type":"Feature","properties":{"building":"yes","height":6,"heightSource":"default"},"geometry":{"type":"MultiPolygon","coordinates":[[[[591161.45,1897917.37],[591169.62,1897920.06],[591177.15,1897897.49],[591168.96,1897894.79],[591161.45,1897917.37]]]]}},{"type":"Feature","properties":{"building":"yes","height":6,"heightSource":"default"},"geometry":{"type":"MultiPolygon","coordinates":[[[[591211.25,1897863.43],[591207.95,1897878.65],[591213.01,1897879.73],[591216.31,1897864.51],[591211.25,1897863.43]]]]}},{"type":"Feature","properties":{"building":"yes","height":6,"heightSource":"default"},"geometry":{"type":"MultiPolygon","coordinates":[[[[591217.6,1897895.72],[591220.65,1897883.4],[591207.37,1897880.14],[591204.32,1897892.46],[591217.6,1897895.72]]]]}},{"type":"Feature","properties":{"building":"yes","height":6,"heightSource":"default"},"geometry":{"type":"MultiPolygon","coordinates":[[[[591184.97,1897886.99],[591198.17,1897890.54],[591201.59,1897878.01],[591188.38,1897874.46],[591184.97,1897886.99]]]]}},{"type":"Feature","properties":{"building":"yes","height":6,"heightSource":"default"},"geometry":{"type":"MultiPolygon","coordinates":[[[[591203.4,1897832.44],[591190.61,1897866.19],[591201.77,1897870.37],[591206.67,1897857.43],[591209.21,1897858.38],[591213.61,1897846.78],[591207.3,1897844.42],[591210.79,1897835.2],[591203.4,1897832.44]]]]}},{"type":"Feature","properties":{"building":"yes","height":6,"heightSource":"default"},"geometry":{"type":"MultiPolygon","coordinates":[[[[591165.86,1897837.15],[591175.19,1897840.26],[591180.25,1897825.23],[591170.92,1897822.13],[591165.86,1897837.15]]]]}},{"type":"Feature","properties":{"building":"yes","height":6,"heightSource":"default"},"geometry":{"type":"MultiPolygon","coordinates":[[[[591176.92,1897840.32],[591182.58,1897842.2],[591181.55,1897845.26],[591190.69,1897848.3],[591195.1,1897835.21],[591180.3,1897830.29],[591176.92,1897840.32]]]]}},{"type":"Feature","properties":{"building":"yes","height":6,"heightSource":"default"},"geometry":{"type":"MultiPolygon","coordinates":[[[[591163.58,1897869.39],[591175.27,1897872.77],[591180.81,1897853.86],[591169.12,1897850.48],[591163.58,1897869.39]]]]}},{"type":"Feature","properties":{"building":"yes","height":6,"heightSource":"default"},"geometry":{"type":"MultiPolygon","coordinates":[[[[591161.32,1897880.01],[591171.69,1897883.86],[591174,1897877.7],[591163.64,1897873.85],[591161.32,1897880.01]]]]}},{"type":"Feature","properties":{"building":"yes","height":6,"heightSource":"default"},"geometry":{"type":"MultiPolygon","coordinates":[[[[591147.38,1897886.19],[591157.38,1897889.3],[591162.45,1897873.23],[591152.45,1897870.12],[591147.38,1897886.19]]]]}},{"type":"Feature","properties":{"building":"yes","height":6,"heightSource":"default"},"geometry":{"type":"MultiPolygon","coordinates":[[[[591140.16,1897907.43],[591150.11,1897910.03],[591153.01,1897899.04],[591143.06,1897896.45],[591140.16,1897907.43]]]]}},{"type":"Feature","properties":{"building":"yes","height":6,"heightSource":"default"},"geometry":{"type":"MultiPolygon","coordinates":[[[[591130.3,1897880.44],[591124.76,1897898.26],[591136.02,1897901.71],[591141.56,1897883.9],[591130.3,1897880.44]]]]}},{"type":"Feature","properties":{"building":"yes","height":6,"heightSource":"default"},"geometry":{"type":"MultiPolygon","coordinates":[[[[591106.54,1897881.01],[591105.2,1897888.82],[591110.33,1897889.69],[591111.68,1897881.89],[591106.54,1897881.01]]]]}},{"type":"Feature","properties":{"building":"yes","height":6,"heightSource":"default"},"geometry":{"type":"MultiPolygon","coordinates":[[[[591108.39,1897894.88],[591114.37,1897880.55],[591117.48,1897881.83],[591118.84,1897878.6],[591126.54,1897881.78],[591119.19,1897899.35],[591108.39,1897894.88]]]]}},{"type":"Feature","properties":{"building":"yes","height":6,"heightSource":"default"},"geometry":{"type":"MultiPolygon","coordinates":[[[[591055.71,1897860.47],[591067.39,1897865.35],[591076.34,1897844.15],[591064.67,1897839.27],[591055.71,1897860.47]]]]}},{"type":"Feature","properties":{"building":"yes","height":6,"heightSource":"default"},"geometry":{"type":"MultiPolygon","coordinates":[[[[591151.43,1897857.92],[591156.34,1897845.61],[591143.39,1897840.51],[591138.48,1897852.83],[591151.43,1897857.92]]]]}},{"type":"Feature","properties":{"building":"yes","height":6,"heightSource":"default"},"geometry":{"type":"MultiPolygon","coordinates":[[[[591116.89,1897830.13],[591126.75,1897833.69],[591130.79,1897822.65],[591120.94,1897819.08],[591116.89,1897830.13]]]]}},{"type":"Feature","properties":{"building":"yes","height":6,"heightSource":"default"},"geometry":{"type":"MultiPolygon","coordinates":[[[[591226.49,1897868.53],[591242.06,1897869.97],[591242.95,1897860.33],[591227.39,1897858.9],[591226.49,1897868.53]]]]}},{"type":"Feature","properties":{"building":"yes","height":6,"heightSource":"default"},"geometry":{"type":"MultiPolygon","coordinates":[[[[591257.47,1897863.42],[591259.65,1897864.26],[591258.38,1897867.51],[591267.55,1897871.04],[591271.18,1897861.69],[591259.85,1897857.33],[591257.47,1897863.42]]]]}},{"type":"Feature","properties":{"building":"yes","height":6,"heightSource":"default"},"geometry":{"type":"MultiPolygon","coordinates":[[[[591263.31,1897898.11],[591266.76,1897889.2],[591250.77,1897883.05],[591247.31,1897891.98],[591263.31,1897898.11]]]]}},{"type":"Feature","properties":{"building":"yes","height":6,"heightSource":"default"},"geometry":{"type":"MultiPolygon","coordinates":[[[[591262.53,1897914.2],[591255.3,1897943.46],[591268.34,1897946.64],[591275.56,1897917.37],[591262.53,1897914.2]]]]}},{"type":"Feature","properties":{"building":"yes","height":6,"heightSource":"default"},"geometry":{"type":"MultiPolygon","coordinates":[[[[591276.66,1897944.46],[591288.62,1897946.85],[591292.08,1897929.78],[591280.1,1897927.4],[591276.66,1897944.46]]]]}},{"type":"Feature","properties":{"building":"yes","height":6,"heightSource":"default"},"geometry":{"type":"MultiPolygon","coordinates":[[[[591271.17,1897958.05],[591284.84,1897961.44],[591288.11,1897948.42],[591274.44,1897945.03],[591271.17,1897958.05]]]]}},{"type":"Feature","properties":{"building":"yes","height":6,"heightSource":"default"},"geometry":{"type":"MultiPolygon","coordinates":[[[[591283.68,1897920.11],[591282.44,1897926.48],[591292.98,1897928.5],[591294.22,1897922.14],[591283.68,1897920.11]]]]}},{"type":"Feature","properties":{"building":"yes","height":6,"heightSource":"default"},"geometry":{"type":"MultiPolygon","coordinates":[[[[591284.65,1897910.19],[591282.82,1897918.62],[591294.29,1897921.09],[591296.12,1897912.65],[591284.65,1897910.19]]]]}},{"type":"Feature","properties":{"building":"yes","height":6,"heightSource":"default"},"geometry":{"type":"MultiPolygon","coordinates":[[[[591333.23,1897874.6],[591321.4,1897893.97],[591329.79,1897899.03],[591341.63,1897879.67],[591333.23,1897874.6]]]]}},{"type":"Feature","properties":{"building":"yes","height":6,"heightSource":"default"},"geometry":{"type":"MultiPolygon","coordinates":[[[[591342.4,1897881.38],[591331.29,1897899.69],[591341.89,1897906.04],[591353,1897887.73],[591342.4,1897881.38]]]]}},{"type":"Feature","properties":{"building":"yes","height":6,"heightSource":"default"},"geometry":{"type":"MultiPolygon","coordinates":[[[[591375.87,1897894.07],[591402.85,1897912.34],[591408.95,1897903.44],[591381.97,1897885.17],[591375.87,1897894.07]]]]}},{"type":"Feature","properties":{"building":"yes","height":6,"heightSource":"default"},"geometry":{"type":"MultiPolygon","coordinates":[[[[591368.59,1897912.12],[591359.05,1897903.9],[591351.6,1897912.44],[591361.13,1897920.66],[591368.59,1897912.12]]]]}},{"type":"Feature","properties":{"building":"yes","height":6,"heightSource":"default"},"geometry":{"type":"MultiPolygon","coordinates":[[[[591349.18,1897896.79],[591367.97,1897909.36],[591372.99,1897901.94],[591354.2,1897889.38],[591349.18,1897896.79]]]]}},{"type":"Feature","properties":{"building":"yes","height":6,"heightSource":"default"},"geometry":{"type":"MultiPolygon","coordinates":[[[[591350.9,1897863.42],[591345.37,1897874.21],[591354.82,1897879.01],[591360.36,1897868.2],[591350.9,1897863.42]]]]}},{"type":"Feature","properties":{"building":"yes","height":6,"heightSource":"default"},"geometry":{"type":"MultiPolygon","coordinates":[[[[591356.96,1897847.07],[591351.08,1897859.23],[591365.18,1897865.97],[591371.06,1897853.79],[591356.96,1897847.07]]]]}},{"type":"Feature","properties":{"building":"yes","height":6,"heightSource":"default"},"geometry":{"type":"MultiPolygon","coordinates":[[[[591324.63,1897850.75],[591317.3,1897864.46],[591326.91,1897869.54],[591334.24,1897855.83],[591324.63,1897850.75]]]]}},{"type":"Feature","properties":{"building":"yes","height":6,"heightSource":"default"},"geometry":{"type":"MultiPolygon","coordinates":[[[[591324.86,1897824.03],[591332.48,1897827.38],[591335.22,1897821.18],[591346.54,1897826.13],[591354.38,1897808.42],[591345.2,1897804.41],[591340.38,1897815.27],[591330.62,1897811.02],[591324.86,1897824.03]]]]}},{"type":"Feature","properties":{"building":"yes","height":6,"heightSource":"default"},"geometry":{"type":"MultiPolygon","coordinates":[[[[591303.84,1897795.83],[591297.47,1897811.83],[591309.97,1897816.74],[591316.34,1897800.74],[591303.84,1897795.83]]]]}},{"type":"Feature","properties":{"building":"yes","height":6,"heightSource":"default"},"geometry":{"type":"MultiPolygon","coordinates":[[[[591289.24,1897752.63],[591287.08,1897760.91],[591296.77,1897763.4],[591298.92,1897755.11],[591289.24,1897752.63]]]]}},{"type":"Feature","properties":{"building":"yes","height":6,"heightSource":"default"},"geometry":{"type":"MultiPolygon","coordinates":[[[[591306.73,1897754.76],[591304.54,1897764.12],[591314.1,1897766.32],[591316.27,1897756.97],[591306.73,1897754.76]]]]}},{"type":"Feature","properties":{"building":"yes","height":6,"heightSource":"default"},"geometry":{"type":"MultiPolygon","coordinates":[[[[591319.53,1897764.5],[591330.42,1897769.33],[591337.13,1897754.36],[591326.25,1897749.54],[591319.53,1897764.5]]]]}},{"type":"Feature","properties":{"building":"yes","height":6,"heightSource":"default"},"geometry":{"type":"MultiPolygon","coordinates":[[[[591333.01,1897763.6],[591347.14,1897770.11],[591351.1,1897761.62],[591336.97,1897755.1],[591333.01,1897763.6]]]]}},{"type":"Feature","properties":{"building":"yes","height":6,"heightSource":"default"},"geometry":{"type":"MultiPolygon","coordinates":[[[[591343.18,1897738.98],[591338.7,1897750.6],[591350.02,1897754.9],[591354.5,1897743.28],[591343.18,1897738.98]]]]}},{"type":"Feature","properties":{"building":"yes","height":6,"heightSource":"default"},"geometry":{"type":"MultiPolygon","coordinates":[[[[591373.94,1897878.54],[591380.77,1897882.61],[591385.12,1897875.39],[591378.3,1897871.33],[591373.94,1897878.54]]]]}},{"type":"Feature","properties":{"building":"yes","height":6,"heightSource":"default"},"geometry":{"type":"MultiPolygon","coordinates":[[[[591363.19,1897873.96],[591371.09,1897878.32],[591377.55,1897866.75],[591369.65,1897862.39],[591363.19,1897873.96]]]]}},{"type":"Feature","properties":{"building":"yes","height":6,"heightSource":"default"},"geometry":{"type":"MultiPolygon","coordinates":[[[[591336.05,1897851.01],[591346.36,1897856.37],[591352.98,1897843.8],[591342.66,1897838.44],[591336.05,1897851.01]]]]}},{"type":"Feature","properties":{"building":"yes","height":6,"heightSource":"default"},"geometry":{"type":"MultiPolygon","coordinates":[[[[591350.3,1897821.37],[591344.39,1897834.94],[591354.22,1897839.17],[591360.12,1897825.6],[591350.3,1897821.37]]]]}},{"type":"Feature","properties":{"building":"yes","height":6,"heightSource":"default"},"geometry":{"type":"MultiPolygon","coordinates":[[[[591337.17,1897791.47],[591329.73,1897808.01],[591340.06,1897812.6],[591347.49,1897796.05],[591337.17,1897791.47]]]]}},{"type":"Feature","properties":{"building":"yes","height":6,"heightSource":"default"},"geometry":{"type":"MultiPolygon","coordinates":[[[[591346.6,1897803.21],[591356.35,1897807.22],[591360.88,1897796.36],[591351.12,1897792.34],[591346.6,1897803.21]]]]}},{"type":"Feature","properties":{"building":"yes","height":6,"heightSource":"default"},"geometry":{"type":"MultiPolygon","coordinates":[[[[591354.69,1897813.81],[591363.95,1897817.39],[591368.03,1897806.94],[591358.78,1897803.36],[591354.69,1897813.81]]]]}},{"type":"Feature","properties":{"building":"yes","height":6,"heightSource":"default"},"geometry":{"type":"MultiPolygon","coordinates":[[[[591460.58,1897866.31],[591481.66,1897878.78],[591489.28,1897866.04],[591468.19,1897853.58],[591460.58,1897866.31]]]]}},{"type":"Feature","properties":{"building":"yes","height":6,"heightSource":"default"},"geometry":{"type":"MultiPolygon","coordinates":[[[[591453.35,1897840.82],[591460.89,1897844.55],[591466.49,1897833.31],[591458.95,1897829.6],[591453.35,1897840.82]]]]}},{"type":"Feature","properties":{"building":"yes","height":6,"heightSource":"default"},"geometry":{"type":"MultiPolygon","coordinates":[[[[591448.06,1897856.47],[591460.66,1897862.2],[591465.67,1897851.32],[591453.07,1897845.6],[591448.06,1897856.47]]]]}},{"type":"Feature","properties":{"building":"yes","height":6,"heightSource":"default"},"geometry":{"type":"MultiPolygon","coordinates":[[[[591428.6,1897855.54],[591442.84,1897862.41],[591450.67,1897846.37],[591436.44,1897839.5],[591428.6,1897855.54]]]]}},{"type":"Feature","properties":{"building":"yes","height":6,"heightSource":"default"},"geometry":{"type":"MultiPolygon","coordinates":[[[[591430.06,1897832.58],[591427.06,1897839.21],[591432.05,1897841.44],[591435.05,1897834.79],[591430.06,1897832.58]]]]}},{"type":"Feature","properties":{"building":"yes","height":6,"heightSource":"default"},"geometry":{"type":"MultiPolygon","coordinates":[[[[591419.49,1897836.14],[591414.1,1897846.55],[591422.21,1897850.7],[591427.6,1897840.29],[591419.49,1897836.14]]]]}},{"type":"Feature","properties":{"building":"yes","height":6,"heightSource":"default"},"geometry":{"type":"MultiPolygon","coordinates":[[[[591384.84,1897802.04],[591376.68,1897822.22],[591384.59,1897825.37],[591392.74,1897805.18],[591384.84,1897802.04]]]]}},{"type":"Feature","properties":{"building":"yes","height":6,"heightSource":"default"},"geometry":{"type":"MultiPolygon","coordinates":[[[[591398.54,1897816.63],[591391.48,1897835.03],[591400.38,1897838.4],[591407.44,1897820],[591398.54,1897816.63]]]]}},{"type":"Feature","properties":{"building":"yes","height":6,"heightSource":"default"},"geometry":{"type":"MultiPolygon","coordinates":[[[[591455.46,1897779.56],[591454.8,1897786.74],[591456.86,1897786.92],[591456.42,1897791.66],[591465.09,1897792.45],[591465.73,1897785.58],[591466.9,1897785.69],[591467.36,1897780.65],[591455.46,1897779.56]]]]}},{"type":"Feature","properties":{"building":"yes","height":6,"heightSource":"default"},"geometry":{"type":"MultiPolygon","coordinates":[[[[591443.79,1897743.03],[591454.39,1897744.42],[591455.35,1897737.12],[591444.75,1897735.73],[591443.79,1897743.03]]]]}},{"type":"Feature","properties":{"building":"yes","height":6,"heightSource":"default"},"geometry":{"type":"MultiPolygon","coordinates":[[[[591342.19,1897719.05],[591353.52,1897720.61],[591354.56,1897713.25],[591343.23,1897711.68],[591342.19,1897719.05]]]]}},{"type":"Feature","properties":{"building":"yes","height":6,"heightSource":"default"},"geometry":{"type":"MultiPolygon","coordinates":[[[[591297.42,1897729.72],[591316.43,1897738.63],[591323.3,1897724.17],[591312.9,1897719.28],[591310.27,1897724.84],[591301.65,1897720.79],[591297.42,1897729.72]]]]}},{"type":"Feature","properties":{"building":"yes","height":6,"heightSource":"default"},"geometry":{"type":"MultiPolygon","coordinates":[[[[591283.72,1897683.71],[591292.15,1897686],[591295.92,1897672.33],[591287.49,1897670.04],[591283.72,1897683.71]]]]}},{"type":"Feature","properties":{"building":"yes","height":6,"heightSource":"default"},"geometry":{"type":"MultiPolygon","coordinates":[[[[591307.87,1897675.87],[591303.69,1897685.99],[591324.15,1897694.34],[591328.33,1897684.22],[591307.87,1897675.87]]]]}},{"type":"Feature","properties":{"building":"yes","height":6,"heightSource":"default"},"geometry":{"type":"MultiPolygon","coordinates":[[[[591481.25,1897789.92],[591479.98,1897798.95],[591487.39,1897799.98],[591488.66,1897790.94],[591481.25,1897789.92]]]]}},{"type":"Feature","properties":{"building":"yes","height":6,"heightSource":"default"},"geometry":{"type":"MultiPolygon","coordinates":[[[[591511.13,1897805.35],[591490.49,1897799.38],[591487.67,1897809],[591508.31,1897814.99],[591511.13,1897805.35]]]]}},{"type":"Feature","properties":{"building":"yes","height":6,"heightSource":"default"},"geometry":{"type":"MultiPolygon","coordinates":[[[[591489.42,1897797.04],[591511.62,1897803.03],[591514.22,1897793.47],[591492.02,1897787.48],[591489.42,1897797.04]]]]}},{"type":"Feature","properties":{"building":"yes","height":6,"heightSource":"default"},"geometry":{"type":"MultiPolygon","coordinates":[[[[591494.31,1897786.5],[591514.53,1897792.1],[591517.21,1897782.54],[591496.99,1897776.95],[591494.31,1897786.5]]]]}},{"type":"Feature","properties":{"building":"yes","height":6,"heightSource":"default"},"geometry":{"type":"MultiPolygon","coordinates":[[[[591498.14,1897775.95],[591511.34,1897779.76],[591513.51,1897772.33],[591500.31,1897768.52],[591498.14,1897775.95]]]]}},{"type":"Feature","properties":{"building":"yes","height":6,"heightSource":"default"},"geometry":{"type":"MultiPolygon","coordinates":[[[[591492.91,1897763.6],[591519.65,1897770.06],[591521.17,1897763.83],[591494.44,1897757.36],[591492.91,1897763.6]]]]}},{"type":"Feature","properties":{"building":"yes","height":6,"heightSource":"default"},"geometry":{"type":"MultiPolygon","coordinates":[[[[591470.94,1897748.26],[591479.99,1897748.82],[591480.61,1897739.19],[591471.56,1897738.62],[591470.94,1897748.26]]]]}},{"type":"Feature","properties":{"building":"yes","height":6,"heightSource":"default"},"geometry":{"type":"MultiPolygon","coordinates":[[[[591464.13,1897757.1],[591474.9,1897758.84],[591475.95,1897752.43],[591465.18,1897750.68],[591464.13,1897757.1]]]]}},{"type":"Feature","properties":{"building":"yes","height":6,"heightSource":"default"},"geometry":{"type":"MultiPolygon","coordinates":[[[[591459.03,1897765.36],[591475.07,1897768.48],[591476.62,1897760.52],[591460.6,1897757.41],[591459.03,1897765.36]]]]}},{"type":"Feature","properties":{"building":"yes","height":6,"heightSource":"default"},"geometry":{"type":"MultiPolygon","coordinates":[[[[591454.13,1897776.97],[591466.52,1897779.93],[591469.06,1897769.45],[591456.67,1897766.49],[591454.13,1897776.97]]]]}},{"type":"Feature","properties":{"building":"yes","height":6,"heightSource":"default"},"geometry":{"type":"MultiPolygon","coordinates":[[[[591431.07,1897781.82],[591419.71,1897805.47],[591431.16,1897810.91],[591442.53,1897787.26],[591431.07,1897781.82]]]]}},{"type":"Feature","properties":{"building":"yes","height":6,"heightSource":"default"},"geometry":{"type":"MultiPolygon","coordinates":[[[[591413.48,1897776.85],[591409.65,1897790.05],[591423.26,1897793.93],[591427.08,1897780.74],[591413.48,1897776.85]]]]}},{"type":"Feature","properties":{"building":"yes","height":6,"heightSource":"default"},"geometry":{"type":"MultiPolygon","coordinates":[[[[591429.46,1897758.21],[591427.58,1897774.89],[591440.85,1897776.36],[591442.72,1897759.69],[591429.46,1897758.21]]]]}},{"type":"Feature","properties":{"building":"yes","height":6,"heightSource":"default"},"geometry":{"type":"MultiPolygon","coordinates":[[[[591372.16,1897732.16],[591365.29,1897756.07],[591373.91,1897758.52],[591380.79,1897734.61],[591372.16,1897732.16]]]]}},{"type":"Feature","properties":{"building":"yes","height":6,"heightSource":"default"},"geometry":{"type":"MultiPolygon","coordinates":[[[[591389.28,1897731.95],[591390.61,1897721.96],[591385.74,1897721.32],[591384.41,1897731.31],[591389.28,1897731.95]]]]}},{"type":"Feature","properties":{"building":"yes","height":6,"heightSource":"default"},"geometry":{"type":"MultiPolygon","coordinates":[[[[591418.22,1897736.9],[591419.4,1897726.77],[591411.07,1897725.8],[591409.88,1897735.93],[591418.22,1897736.9]]]]}},{"type":"Feature","properties":{"building":"yes","height":6,"heightSource":"default"},"geometry":{"type":"MultiPolygon","coordinates":[[[[591382.28,1897755.44],[591384.84,1897740.62],[591392.6,1897741.96],[591391.98,1897745.55],[591396.77,1897746.36],[591397.49,1897742.21],[591403.68,1897743.27],[591401.02,1897758.65],[591382.28,1897755.44]]]]}},{"type":"Feature","properties":{"building":"yes","height":6,"heightSource":"default"},"geometry":{"type":"MultiPolygon","coordinates":[[[[591542.68,1897953.15],[591546.2,1897946.4],[591540.12,1897943.26],[591536.59,1897950.02],[591542.68,1897953.15]]]]}},{"type":"Feature","properties":{"building":"yes","height":6,"heightSource":"default"},"geometry":{"type":"MultiPolygon","coordinates":[[[[591519.65,1897957.94],[591529.19,1897962.07],[591533.8,1897951.52],[591524.26,1897947.4],[591519.65,1897957.94]]]]}},{"type":"Feature","properties":{"building":"yes","height":6,"heightSource":"default"},"geometry":{"type":"MultiPolygon","coordinates":[[[[591492.57,1897937.05],[591507.55,1897944.16],[591511.14,1897936.65],[591496.18,1897929.56],[591492.57,1897937.05]]]]}},{"type":"Feature","properties":{"building":"yes","height":6,"heightSource":"default"},"geometry":{"type":"MultiPolygon","coordinates":[[[[591478.53,1897919.56],[591488.71,1897925.9],[591492.95,1897919.19],[591482.77,1897912.84],[591478.53,1897919.56]]]]}},{"type":"Feature","properties":{"building":"yes","height":6,"heightSource":"default"},"geometry":{"type":"MultiPolygon","coordinates":[[[[591515.18,1897937.79],[591520.5,1897928.38],[591501.73,1897917.9],[591496.41,1897927.3],[591515.18,1897937.79]]]]}},{"type":"Feature","properties":{"building":"yes","height":6,"heightSource":"default"},"geometry":{"type":"MultiPolygon","coordinates":[[[[591517.09,1897940.49],[591536.7,1897948.9],[591541.46,1897937.92],[591521.85,1897929.53],[591517.09,1897940.49]]]]}},{"type":"Feature","properties":{"building":"yes","height":6,"heightSource":"default"},"geometry":{"type":"MultiPolygon","coordinates":[[[[591526.42,1897911.05],[591532.73,1897913.89],[591536.19,1897906.32],[591529.88,1897903.47],[591526.42,1897911.05]]]]}},{"type":"Feature","properties":{"building":"yes","height":6,"heightSource":"default"},"geometry":{"type":"MultiPolygon","coordinates":[[[[591515.74,1897906.53],[591525,1897910.64],[591529.1,1897901.52],[591519.85,1897897.41],[591515.74,1897906.53]]]]}},{"type":"Feature","properties":{"building":"yes","height":6,"heightSource":"default"},"geometry":{"type":"MultiPolygon","coordinates":[[[[591502.36,1897900.73],[591514.84,1897905.91],[591518.38,1897897.48],[591505.89,1897892.32],[591502.36,1897900.73]]]]}},{"type":"Feature","properties":{"building":"yes","height":6,"heightSource":"default"},"geometry":{"type":"MultiPolygon","coordinates":[[[[591484.96,1897900.37],[591496.18,1897905.86],[591502.72,1897892.63],[591491.52,1897887.14],[591484.96,1897900.37]]]]}},{"type":"Feature","properties":{"building":"yes","height":6,"heightSource":"default"},"geometry":{"type":"MultiPolygon","coordinates":[[[[591533.82,1897914.12],[591543.02,1897919.25],[591547.34,1897911.63],[591538.14,1897906.49],[591533.82,1897914.12]]]]}},{"type":"Feature","properties":{"building":"yes","height":6,"heightSource":"default"},"geometry":{"type":"MultiPolygon","coordinates":[[[[591540.18,1897929.4],[591548.45,1897934],[591557.86,1897917.32],[591549.59,1897912.71],[591540.18,1897929.4]]]]}},{"type":"Feature","properties":{"building":"yes","height":6,"heightSource":"default"},"geometry":{"type":"MultiPolygon","coordinates":[[[[591533.25,1897915.54],[591529.2,1897923.98],[591539.16,1897928.71],[591543.21,1897920.26],[591533.25,1897915.54]]]]}},{"type":"Feature","properties":{"building":"yes","height":6,"heightSource":"default"},"geometry":{"type":"MultiPolygon","coordinates":[[[[591567.19,1897836.44],[591575.11,1897836.41],[591575.05,1897824.87],[591567.14,1897824.9],[591567.19,1897836.44]]]]}},{"type":"Feature","properties":{"building":"yes","height":6,"heightSource":"default"},"geometry":{"type":"MultiPolygon","coordinates":[[[[591543.93,1897790.33],[591553.13,1897790.73],[591553.63,1897779.24],[591544.43,1897778.85],[591543.93,1897790.33]]]]}},{"type":"Feature","properties":{"building":"yes","height":6,"heightSource":"default"},"geometry":{"type":"MultiPolygon","coordinates":[[[[591547.42,1897776.32],[591557.19,1897775.01],[591553.94,1897750.88],[591544.16,1897752.18],[591547.42,1897776.32]]]]}},{"type":"Feature","properties":{"building":"yes","height":6,"heightSource":"default"},"geometry":{"type":"MultiPolygon","coordinates":[[[[591508.06,1897758.48],[591521.92,1897761.93],[591524.54,1897751.52],[591510.67,1897748.08],[591508.06,1897758.48]]]]}},{"type":"Feature","properties":{"building":"yes","height":6,"heightSource":"default"},"geometry":{"type":"MultiPolygon","coordinates":[[[[591487.68,1897754.5],[591506.82,1897758.62],[591509.37,1897746.94],[591490.22,1897742.82],[591487.68,1897754.5]]]]}},{"type":"Feature","properties":{"building":"yes","height":6,"heightSource":"default"},"geometry":{"type":"MultiPolygon","coordinates":[[[[591530.66,1897744.7],[591531.7,1897734.28],[591514.14,1897732.54],[591513.1,1897742.95],[591530.66,1897744.7]]]]}},{"type":"Feature","properties":{"building":"yes","height":6,"heightSource":"default"},"geometry":{"type":"MultiPolygon","coordinates":[[[[591492.95,1897738.15],[591509.63,1897742.78],[591512.68,1897731.95],[591496,1897727.32],[591492.95,1897738.15]]]]}},{"type":"Feature","properties":{"building":"yes","height":6,"heightSource":"default"},"geometry":{"type":"MultiPolygon","coordinates":[[[[591462.58,1897719.3],[591461.21,1897731.36],[591469.77,1897732.31],[591471.14,1897720.26],[591462.58,1897719.3]]]]}},{"type":"Feature","properties":{"building":"yes","height":6,"heightSource":"default"},"geometry":{"type":"MultiPolygon","coordinates":[[[[591450.1,1897720.23],[591457.82,1897721.15],[591458.56,1897714.99],[591450.84,1897714.07],[591450.1,1897720.23]]]]}},{"type":"Feature","properties":{"building":"yes","height":6,"heightSource":"default"},"geometry":{"type":"MultiPolygon","coordinates":[[[[591430.6,1897709.73],[591441.23,1897709.77],[591441.26,1897701.84],[591430.64,1897701.79],[591430.6,1897709.73]]]]}},{"type":"Feature","properties":{"building":"yes","height":6,"heightSource":"default"},"geometry":{"type":"MultiPolygon","coordinates":[[[[591439.24,1897724.45],[591448.21,1897725.66],[591449.68,1897714.97],[591440.71,1897713.74],[591439.24,1897724.45]]]]}},{"type":"Feature","properties":{"building":"yes","height":6,"heightSource":"default"},"geometry":{"type":"MultiPolygon","coordinates":[[[[591402.56,1897712.98],[591419.14,1897714.78],[591420,1897706.98],[591403.41,1897705.18],[591402.56,1897712.98]]]]}},{"type":"Feature","properties":{"building":"yes","height":6,"heightSource":"default"},"geometry":{"type":"MultiPolygon","coordinates":[[[[591386.14,1897655.94],[591378.28,1897683.84],[591388.25,1897686.61],[591387.08,1897690.79],[591398.55,1897693.98],[591404.31,1897673.53],[591402.1,1897672.92],[591405.63,1897660.37],[591398.66,1897658.42],[591396.31,1897666.77],[591390.1,1897665.04],[591392.2,1897657.62],[591386.14,1897655.94]]]]}},{"type":"Feature","properties":{"building":"yes","height":6,"heightSource":"default"},"geometry":{"type":"MultiPolygon","coordinates":[[[[591497.39,1897669.34],[591505.59,1897680.82],[591510.39,1897677.43],[591502.19,1897665.95],[591497.39,1897669.34]]]]}},{"type":"Feature","properties":{"building":"yes","height":6,"heightSource":"default"},"geometry":{"type":"MultiPolygon","coordinates":[[[[591511.12,1897677.41],[591519,1897671.99],[591508.22,1897656.53],[591500.34,1897661.96],[591511.12,1897677.41]]]]}},{"type":"Feature","properties":{"building":"yes","height":6,"heightSource":"default"},"geometry":{"type":"MultiPolygon","coordinates":[[[[591431.65,1897698.39],[591440.79,1897700.8],[591445.7,1897682.3],[591436.57,1897679.89],[591431.65,1897698.39]]]]}},{"type":"Feature","properties":{"building":"yes","height":6,"heightSource":"default"},"geometry":{"type":"MultiPolygon","coordinates":[[[[591442.2,1897701.06],[591453.1,1897703.93],[591459.41,1897680.22],[591448.5,1897677.37],[591442.2,1897701.06]]]]}},{"type":"Feature","properties":{"building":"yes","height":6,"heightSource":"default"},"geometry":{"type":"MultiPolygon","coordinates":[[[[591460.6,1897714.97],[591469.12,1897717.21],[591474.38,1897697.45],[591465.86,1897695.21],[591460.6,1897714.97]]]]}},{"type":"Feature","properties":{"building":"yes","height":6,"heightSource":"default"},"geometry":{"type":"MultiPolygon","coordinates":[[[[591498.59,1897721.02],[591511.21,1897724.33],[591513.53,1897715.62],[591500.91,1897712.32],[591498.59,1897721.02]]]]}},{"type":"Feature","properties":{"building":"yes","height":6,"heightSource":"default"},"geometry":{"type":"MultiPolygon","coordinates":[[[[591476.28,1897714],[591497.39,1897719.54],[591501.02,1897705.86],[591504,1897694.66],[591494.74,1897692.23],[591491.02,1897706.23],[591486.23,1897704.97],[591485.23,1897708.74],[591478.17,1897706.88],[591476.28,1897714]]]]}},{"type":"Feature","properties":{"building":"yes","height":6,"heightSource":"default"},"geometry":{"type":"MultiPolygon","coordinates":[[[[591426.76,1897659.6],[591438.02,1897662.9],[591442.74,1897647.05],[591431.48,1897643.73],[591426.76,1897659.6]]]]}},{"type":"Feature","properties":{"building":"yes","height":6,"heightSource":"default"},"geometry":{"type":"MultiPolygon","coordinates":[[[[591475.34,1897641.24],[591472.37,1897654.87],[591478.06,1897656.1],[591481.04,1897642.47],[591475.34,1897641.24]]]]}},{"type":"Feature","properties":{"building":"yes","height":6,"heightSource":"default"},"geometry":{"type":"MultiPolygon","coordinates":[[[[591443.93,1897647.84],[591439.38,1897664.87],[591450.85,1897667.89],[591455.4,1897650.86],[591443.93,1897647.84]]]]}},{"type":"Feature","properties":{"building":"yes","height":6,"heightSource":"default"},"geometry":{"type":"MultiPolygon","coordinates":[[[[591461.84,1897644.8],[591456.83,1897669.72],[591465.95,1897671.55],[591470.97,1897646.61],[591461.84,1897644.8]]]]}},{"type":"Feature","properties":{"building":"yes","height":6,"heightSource":"default"},"geometry":{"type":"MultiPolygon","coordinates":[[[[591521.85,1897703.97],[591522.2,1897714.71],[591537.75,1897714.22],[591537.4,1897703.47],[591521.85,1897703.97]]]]}},{"type":"Feature","properties":{"building":"yes","height":6,"heightSource":"default"},"geometry":{"type":"MultiPolygon","coordinates":[[[[591540.26,1897702.07],[591545.34,1897708.75],[591552.85,1897703.11],[591547.78,1897696.43],[591540.26,1897702.07]]]]}},{"type":"Feature","properties":{"building":"yes","height":6,"heightSource":"default"},"geometry":{"type":"MultiPolygon","coordinates":[[[[591563.45,1897717.13],[591570.59,1897714.49],[591566.93,1897704.68],[591559.79,1897707.3],[591563.45,1897717.13]]]]}},{"type":"Feature","properties":{"building":"yes","height":6,"heightSource":"default"},"geometry":{"type":"MultiPolygon","coordinates":[[[[591565.73,1897685.23],[591550.31,1897695.35],[591557.39,1897706.02],[591572.81,1897695.9],[591565.73,1897685.23]]]]}},{"type":"Feature","properties":{"building":"yes","height":6,"heightSource":"default"},"geometry":{"type":"MultiPolygon","coordinates":[[[[591578.16,1897728.25],[591581.25,1897734.25],[591591.61,1897728.98],[591588.52,1897722.98],[591578.16,1897728.25]]]]}},{"type":"Feature","properties":{"building":"yes","height":6,"heightSource":"default"},"geometry":{"type":"MultiPolygon","coordinates":[[[[591594.29,1897772.41],[591599.01,1897784.84],[591611.16,1897780.3],[591606.44,1897767.86],[591594.29,1897772.41]]]]}},{"type":"Feature","properties":{"building":"yes","height":6,"heightSource":"default"},"geometry":{"type":"MultiPolygon","coordinates":[[[[591579.42,1897766.68],[591580.07,1897772.07],[591587.99,1897771.11],[591587.33,1897765.72],[591579.42,1897766.68]]]]}},{"type":"Feature","properties":{"building":"yes","height":6,"heightSource":"default"},"geometry":{"type":"MultiPolygon","coordinates":[[[[591596.14,1897759.52],[591597.35,1897767.95],[591616.69,1897765.21],[591615.47,1897756.77],[591596.14,1897759.52]]]]}},{"type":"Feature","properties":{"building":"yes","height":6,"heightSource":"default"},"geometry":{"type":"MultiPolygon","coordinates":[[[[591504.11,1897877.63],[591504.25,1897890.24],[591513.24,1897890.14],[591513.1,1897877.53],[591504.11,1897877.63]]]]}},{"type":"Feature","properties":{"building":"yes","height":6,"heightSource":"default"},"geometry":{"type":"MultiPolygon","coordinates":[[[[591559.55,1897837.26],[591557.91,1897852.35],[591570.24,1897853.68],[591571.9,1897838.59],[591559.55,1897837.26]]]]}},{"type":"Feature","properties":{"building":"yes","height":6,"heightSource":"default"},"geometry":{"type":"MultiPolygon","coordinates":[[[[591576.72,1897845.28],[591584.13,1897845.52],[591584.5,1897834.32],[591577.09,1897834.08],[591576.72,1897845.28]]]]}},{"type":"Feature","properties":{"building":"yes","height":6,"heightSource":"default"},"geometry":{"type":"MultiPolygon","coordinates":[[[[591546.31,1897817.92],[591552.86,1897818.16],[591553.25,1897807.95],[591546.69,1897807.71],[591546.31,1897817.92]]]]}},{"type":"Feature","properties":{"building":"yes","height":6,"heightSource":"default"},"geometry":{"type":"MultiPolygon","coordinates":[[[[591558.86,1897818.9],[591566.07,1897818.34],[591565.19,1897806.88],[591557.97,1897807.42],[591558.86,1897818.9]]]]}},{"type":"Feature","properties":{"building":"yes","height":6,"heightSource":"default"},"geometry":{"type":"MultiPolygon","coordinates":[[[[591586,1897809.45],[591598.72,1897808.49],[591598.16,1897801.28],[591585.45,1897802.24],[591586,1897809.45]]]]}},{"type":"Feature","properties":{"building":"yes","height":6,"heightSource":"default"},"geometry":{"type":"MultiPolygon","coordinates":[[[[591554.35,1897799.68],[591558.43,1897799.37],[591557.91,1897792.54],[591570.35,1897791.59],[591570.76,1897796.99],[591574.17,1897796.73],[591574.73,1897804.04],[591554.8,1897805.56],[591554.35,1897799.68]]]]}},{"type":"Feature","properties":{"building":"yes","height":6,"heightSource":"default"},"geometry":{"type":"MultiPolygon","coordinates":[[[[591623.14,1897763.9],[591608.89,1897771.66],[591614.69,1897782.17],[591628.95,1897774.41],[591623.14,1897763.9]]]]}},{"type":"Feature","properties":{"building":"yes","height":6,"heightSource":"default"},"geometry":{"type":"MultiPolygon","coordinates":[[[[591584.36,1897745.07],[591588.5,1897760.03],[591603.57,1897755.91],[591599.43,1897740.96],[591584.36,1897745.07]]]]}},{"type":"Feature","properties":{"building":"yes","height":6,"heightSource":"default"},"geometry":{"type":"MultiPolygon","coordinates":[[[[591574.38,1897761.48],[591582.51,1897759.25],[591578,1897742.97],[591569.85,1897745.22],[591574.38,1897761.48]]]]}},{"type":"Feature","properties":{"building":"yes","height":6,"heightSource":"default"},"geometry":{"type":"MultiPolygon","coordinates":[[[[591531.93,1897778.87],[591543.87,1897780.3],[591544.76,1897772.92],[591532.82,1897771.49],[591531.93,1897778.87]]]]}},{"type":"Feature","properties":{"building":"yes","height":6,"heightSource":"default"},"geometry":{"type":"MultiPolygon","coordinates":[[[[591525.74,1897792.87],[591541.84,1897794.97],[591543.47,1897782.65],[591527.35,1897780.55],[591525.74,1897792.87]]]]}},{"type":"Feature","properties":{"building":"yes","height":6,"heightSource":"default"},"geometry":{"type":"MultiPolygon","coordinates":[[[[591538.71,1897809.8],[591540.41,1897795.91],[591525.57,1897794.12],[591523.86,1897808.01],[591538.71,1897809.8]]]]}},{"type":"Feature","properties":{"building":"yes","height":6,"heightSource":"default"},"geometry":{"type":"MultiPolygon","coordinates":[[[[591585.84,1897846.8],[591599.24,1897847.16],[591599.5,1897837.44],[591586.09,1897837.1],[591585.84,1897846.8]]]]}},{"type":"Feature","properties":{"building":"yes","height":6,"heightSource":"default"},"geometry":{"type":"MultiPolygon","coordinates":[[[[591601.36,1897835.53],[591601.39,1897846.3],[591618.8,1897846.27],[591618.77,1897835.49],[591601.36,1897835.53]]]]}},{"type":"Feature","properties":{"building":"yes","height":6,"heightSource":"default"},"geometry":{"type":"MultiPolygon","coordinates":[[[[591595.02,1897833.31],[591609.57,1897834.49],[591610.4,1897824.43],[591595.85,1897823.24],[591595.02,1897833.31]]]]}},{"type":"Feature","properties":{"building":"yes","height":6,"heightSource":"default"},"geometry":{"type":"MultiPolygon","coordinates":[[[[591579.76,1897898.6],[591591.45,1897903.54],[591595.06,1897895.12],[591583.36,1897890.17],[591579.76,1897898.6]]]]}},{"type":"Feature","properties":{"building":"yes","height":6,"heightSource":"default"},"geometry":{"type":"MultiPolygon","coordinates":[[[[591582.62,1897911.93],[591586.59,1897902.66],[591560.46,1897891.63],[591556.5,1897900.89],[591582.62,1897911.93]]]]}},{"type":"Feature","properties":{"building":"yes","height":6,"heightSource":"default"},"geometry":{"type":"MultiPolygon","coordinates":[[[[591559.58,1897929.34],[591575.81,1897936.52],[591579.49,1897928.31],[591563.26,1897921.14],[591559.58,1897929.34]]]]}},{"type":"Feature","properties":{"building":"yes","height":6,"heightSource":"default"},"geometry":{"type":"MultiPolygon","coordinates":[[[[591553.34,1897936.89],[591570,1897945.42],[591574.02,1897937.64],[591557.37,1897929.12],[591553.34,1897936.89]]]]}},{"type":"Feature","properties":{"building":"yes","height":6,"heightSource":"default"},"geometry":{"type":"MultiPolygon","coordinates":[[[[591706.49,1898108.33],[591693.3,1898116.73],[591697.06,1898122.55],[591710.24,1898114.17],[591706.49,1898108.33]]]]}},{"type":"Feature","properties":{"building":"yes","height":6,"heightSource":"default"},"geometry":{"type":"MultiPolygon","coordinates":[[[[591540.19,1897861.18],[591533.33,1897879.44],[591542.85,1897882.98],[591539.54,1897891.8],[591556.07,1897897.94],[591564.14,1897876.48],[591552.32,1897872.07],[591554.43,1897866.46],[591540.19,1897861.18]]]]}},{"type":"Feature","properties":{"building":"yes","height":6,"heightSource":"default"},"geometry":{"type":"MultiPolygon","coordinates":[[[[591406.3,1897915.26],[591417.64,1897926.93],[591426.09,1897918.81],[591414.75,1897907.15],[591406.3,1897915.26]]]]}},{"type":"Feature","properties":{"building":"yes","height":6,"heightSource":"default"},"geometry":{"type":"MultiPolygon","coordinates":[[[[591417.46,1897907.24],[591431.13,1897915.16],[591442.26,1897896.22],[591428.6,1897888.29],[591417.46,1897907.24]]]]}},{"type":"Feature","properties":{"building":"yes","height":6,"heightSource":"default"},"geometry":{"type":"MultiPolygon","coordinates":[[[[591415.77,1897854.06],[591408.29,1897869.07],[591419.03,1897874.36],[591426.51,1897859.35],[591415.77,1897854.06]]]]}},{"type":"Feature","properties":{"building":"yes","height":6,"heightSource":"default"},"geometry":{"type":"MultiPolygon","coordinates":[[[[591380.05,1897835.61],[591372.75,1897850.78],[591383.28,1897855.79],[591390.58,1897840.62],[591380.05,1897835.61]]]]}},{"type":"Feature","properties":{"building":"yes","height":6,"heightSource":"default"},"geometry":{"type":"MultiPolygon","coordinates":[[[[591392.29,1897842.47],[591384.61,1897857.07],[591394.92,1897862.44],[591402.6,1897847.83],[591392.29,1897842.47]]]]}},{"type":"Feature","properties":{"building":"yes","height":6,"heightSource":"default"},"geometry":{"type":"MultiPolygon","coordinates":[[[[592378.18,1898286.41],[592379.76,1898298.87],[592391.75,1898297.36],[592390.17,1898284.91],[592378.18,1898286.41]]]]}},{"type":"Feature","properties":{"building":"yes","height":6,"heightSource":"default"},"geometry":{"type":"MultiPolygon","coordinates":[[[[592374.9,1898269.75],[592376.88,1898282.79],[592388.37,1898281.06],[592386.39,1898268.02],[592374.9,1898269.75]]]]}},{"type":"Feature","properties":{"building":"yes","height":6,"heightSource":"default"},"geometry":{"type":"MultiPolygon","coordinates":[[[[592400.08,1898285.74],[592402.04,1898298.86],[592414.6,1898297],[592412.64,1898283.88],[592400.08,1898285.74]]]]}},{"type":"Feature","properties":{"building":"yes","height":6,"heightSource":"default"},"geometry":{"type":"MultiPolygon","coordinates":[[[[592397.02,1898268.21],[592398.18,1898281.29],[592409.67,1898280.28],[592408.5,1898267.2],[592397.02,1898268.21]]]]}},{"type":"Feature","properties":{"building":"yes","height":6,"heightSource":"default"},"geometry":{"type":"MultiPolygon","coordinates":[[[[594461.94,1900561.76],[594467.15,1900545.98],[594452.48,1900541.2],[594447.27,1900556.98],[594461.94,1900561.76]]]]}},{"type":"Feature","properties":{"building":"yes","height":6,"heightSource":"default"},"geometry":{"type":"MultiPolygon","coordinates":[[[[594869.3,1900557.54],[594877.27,1900557.78],[594877.61,1900546.73],[594869.63,1900546.48],[594869.3,1900557.54]]]]}},{"type":"Feature","properties":{"building":"yes","height":6,"heightSource":"default"},"geometry":{"type":"MultiPolygon","coordinates":[[[[595202.98,1900448.22],[595203.11,1900457.69],[595218.94,1900457.49],[595218.81,1900448.02],[595202.98,1900448.22]]]]}},{"type":"Feature","properties":{"building":"yes","height":6,"heightSource":"default"},"geometry":{"type":"MultiPolygon","coordinates":[[[[595276.91,1900252.95],[595285.36,1900252.15],[595284.55,1900243.63],[595276.09,1900244.44],[595276.91,1900252.95]]]]}},{"type":"Feature","properties":{"building":"yes","height":6,"heightSource":"default"},"geometry":{"type":"MultiPolygon","coordinates":[[[[595091.65,1900218.78],[595099.49,1900218.82],[595099.54,1900208.18],[595091.7,1900208.15],[595091.65,1900218.78]]]]}},{"type":"Feature","properties":{"building":"yes","height":6,"heightSource":"default"},"geometry":{"type":"MultiPolygon","coordinates":[[[[595343.38,1900459.08],[595351.66,1900460.4],[595353.2,1900450.84],[595344.92,1900449.52],[595343.38,1900459.08]]]]}},{"type":"Feature","properties":{"building":"yes","height":6,"heightSource":"default"},"geometry":{"type":"MultiPolygon","coordinates":[[[[595244.92,1900723.42],[595257.76,1900723.48],[595257.9,1900693],[595245.06,1900692.94],[595244.92,1900723.42]]]]}},{"type":"Feature","properties":{"building":"yes","height":6,"heightSource":"default"},"geometry":{"type":"MultiPolygon","coordinates":[[[[595262.19,1900692.74],[595262.83,1900738.67],[595276.58,1900738.48],[595275.94,1900692.55],[595262.19,1900692.74]]]]}},{"type":"Feature","properties":{"building":"yes","height":6,"heightSource":"default"},"geometry":{"type":"MultiPolygon","coordinates":[[[[595224.69,1900749.55],[595225.03,1900760.62],[595241.3,1900760.13],[595240.95,1900749.06],[595224.69,1900749.55]]]]}},{"type":"Feature","properties":{"building":"yes","height":6,"heightSource":"default"},"geometry":{"type":"MultiPolygon","coordinates":[[[[595378.37,1900735.38],[595384.08,1900735.69],[595384.7,1900724.64],[595378.99,1900724.33],[595378.37,1900735.38]]]]}},{"type":"Feature","properties":{"building":"yes","height":6,"heightSource":"default"},"geometry":{"type":"MultiPolygon","coordinates":[[[[595362.16,1900723.53],[595362.11,1900735.45],[595375.94,1900735.51],[595376,1900723.6],[595362.16,1900723.53]]]]}},{"type":"Feature","properties":{"building":"yes","height":6,"heightSource":"default"},"geometry":{"type":"MultiPolygon","coordinates":[[[[595389.24,1900727.63],[595404.1,1900726.7],[595402.5,1900701.6],[595387.64,1900702.53],[595389.24,1900727.63]]]]}},{"type":"Feature","properties":{"building":"yes","height":6,"heightSource":"default"},"geometry":{"type":"MultiPolygon","coordinates":[[[[595378.43,1900720.92],[595379.66,1900702.07],[595361.88,1900700.93],[595360.65,1900719.77],[595378.43,1900720.92]]]]}},{"type":"Feature","properties":{"building":"yes","height":6,"heightSource":"default"},"geometry":{"type":"MultiPolygon","coordinates":[[[[595325.4,1900686.44],[595324.65,1900699.46],[595331.49,1900699.85],[595332.23,1900686.83],[595325.4,1900686.44]]]]}},{"type":"Feature","properties":{"building":"yes","height":6,"heightSource":"default"},"geometry":{"type":"MultiPolygon","coordinates":[[[[595334.02,1900716.03],[595349.01,1900716.53],[595349.54,1900700.6],[595334.55,1900700.1],[595334.02,1900716.03]]]]}},{"type":"Feature","properties":{"building":"yes","height":6,"heightSource":"default"},"geometry":{"type":"MultiPolygon","coordinates":[[[[595323.95,1900721.73],[595324.88,1900739.31],[595333.64,1900738.86],[595332.72,1900721.27],[595323.95,1900721.73]]]]}},{"type":"Feature","properties":{"building":"yes","height":6,"heightSource":"default"},"geometry":{"type":"MultiPolygon","coordinates":[[[[595406.12,1900764.42],[595417.92,1900762.56],[595415.77,1900749.15],[595403.97,1900751.02],[595406.12,1900764.42]]]]}},{"type":"Feature","properties":{"building":"yes","height":6,"heightSource":"default"},"geometry":{"type":"MultiPolygon","coordinates":[[[[595405.1,1900706.02],[595410.31,1900735.24],[595422,1900733.18],[595416.79,1900703.96],[595405.1,1900706.02]]]]}},{"type":"Feature","properties":{"building":"yes","height":6,"heightSource":"default"},"geometry":{"type":"MultiPolygon","coordinates":[[[[595297.12,1900692.62],[595299.32,1900711.48],[595314.48,1900709.74],[595312.29,1900690.87],[595297.12,1900692.62]]]]}},{"type":"Feature","properties":{"building":"yes","height":6,"heightSource":"default"},"geometry":{"type":"MultiPolygon","coordinates":[[[[595296.75,1900711.18],[595283.77,1900711.32],[595283.97,1900730.59],[595296.95,1900730.47],[595296.75,1900711.18]]]]}},{"type":"Feature","properties":{"building":"yes","height":6,"heightSource":"default"},"geometry":{"type":"MultiPolygon","coordinates":[[[[595227.43,1900713.98],[595239.55,1900714.04],[595239.62,1900700.15],[595227.49,1900700.1],[595227.43,1900713.98]]]]}},{"type":"Feature","properties":{"building":"yes","height":6,"heightSource":"default"},"geometry":{"type":"MultiPolygon","coordinates":[[[[595212.45,1900713.63],[595222.42,1900714.18],[595223.66,1900691.93],[595213.7,1900691.38],[595212.45,1900713.63]]]]}},{"type":"Feature","properties":{"building":"yes","height":6,"heightSource":"default"},"geometry":{"type":"MultiPolygon","coordinates":[[[[595199.82,1900699.54],[595200.57,1900722.79],[595210.8,1900722.47],[595210.06,1900699.22],[595199.82,1900699.54]]]]}},{"type":"Feature","properties":{"building":"yes","height":6,"heightSource":"default"},"geometry":{"type":"MultiPolygon","coordinates":[[[[595181.95,1900710.52],[595190.27,1900711.4],[595191.61,1900698.93],[595183.28,1900698.04],[595181.95,1900710.52]]]]}},{"type":"Feature","properties":{"building":"yes","height":6,"heightSource":"default"},"geometry":{"type":"MultiPolygon","coordinates":[[[[595180.44,1900695.49],[595191.88,1900696.32],[595193.26,1900677.9],[595181.82,1900677.06],[595180.44,1900695.49]]]]}},{"type":"Feature","properties":{"building":"yes","height":6,"heightSource":"default"},"geometry":{"type":"MultiPolygon","coordinates":[[[[595140.27,1900561.41],[595146.32,1900561.9],[595146.77,1900556.3],[595140.73,1900555.81],[595140.27,1900561.41]]]]}},{"type":"Feature","properties":{"building":"yes","height":6,"heightSource":"default"},"geometry":{"type":"MultiPolygon","coordinates":[[[[595112.66,1900641.3],[595123.93,1900641.35],[595124.01,1900621.94],[595112.75,1900621.88],[595112.66,1900641.3]]]]}},{"type":"Feature","properties":{"building":"yes","height":6,"heightSource":"default"},"geometry":{"type":"MultiPolygon","coordinates":[[[[595100.11,1900625.72],[595102.68,1900641.61],[595110.48,1900640.36],[595107.91,1900624.47],[595100.11,1900625.72]]]]}},{"type":"Feature","properties":{"building":"yes","height":6,"heightSource":"default"},"geometry":{"type":"MultiPolygon","coordinates":[[[[595090.48,1900627.09],[595093.2,1900638.66],[595101.04,1900636.83],[595098.32,1900625.27],[595090.48,1900627.09]]]]}},{"type":"Feature","properties":{"building":"yes","height":6,"heightSource":"default"},"geometry":{"type":"MultiPolygon","coordinates":[[[[595083.43,1900640.81],[595091.32,1900639.05],[595085.93,1900615.28],[595078.04,1900617.04],[595083.43,1900640.81]]]]}},{"type":"Feature","properties":{"building":"yes","height":6,"heightSource":"default"},"geometry":{"type":"MultiPolygon","coordinates":[[[[595100.06,1900606.09],[595102.47,1900621.39],[595122.38,1900618.3],[595119.97,1900602.99],[595100.06,1900606.09]]]]}},{"type":"Feature","properties":{"building":"yes","height":6,"heightSource":"default"},"geometry":{"type":"MultiPolygon","coordinates":[[[[595109.38,1900595.43],[595109.45,1900601.73],[595118.29,1900601.63],[595118.22,1900595.32],[595109.38,1900595.43]]]]}},{"type":"Feature","properties":{"building":"yes","height":6,"heightSource":"default"},"geometry":{"type":"MultiPolygon","coordinates":[[[[595104.22,1900585.56],[595104.09,1900594.07],[595123.2,1900594.37],[595123.33,1900585.85],[595104.22,1900585.56]]]]}},{"type":"Feature","properties":{"building":"yes","height":6,"heightSource":"default"},"geometry":{"type":"MultiPolygon","coordinates":[[[[595100.27,1900574.55],[595100.43,1900583.88],[595113.63,1900583.65],[595113.47,1900574.32],[595100.27,1900574.55]]]]}},{"type":"Feature","properties":{"building":"yes","height":6,"heightSource":"default"},"geometry":{"type":"MultiPolygon","coordinates":[[[[595105.61,1900563.23],[595105.76,1900572.29],[595118.89,1900572.07],[595118.72,1900563.01],[595105.61,1900563.23]]]]}},{"type":"Feature","properties":{"building":"yes","height":6,"heightSource":"default"},"geometry":{"type":"MultiPolygon","coordinates":[[[[595090.9,1900552.04],[595101.96,1900552.77],[595102.48,1900544.77],[595091.43,1900544.03],[595090.9,1900552.04]]]]}},{"type":"Feature","properties":{"building":"yes","height":6,"heightSource":"default"},"geometry":{"type":"MultiPolygon","coordinates":[[[[595103.09,1900551.67],[595112.1,1900552.32],[595112.71,1900544.04],[595103.7,1900543.38],[595103.09,1900551.67]]]]}},{"type":"Feature","properties":{"building":"yes","height":6,"heightSource":"default"},"geometry":{"type":"MultiPolygon","coordinates":[[[[595097.27,1900561.7],[595110.72,1900562.01],[595110.91,1900554.22],[595097.44,1900553.91],[595097.27,1900561.7]]]]}},{"type":"Feature","properties":{"building":"yes","height":6,"heightSource":"default"},"geometry":{"type":"MultiPolygon","coordinates":[[[[595113.89,1900546.54],[595114.16,1900559.17],[595122.22,1900559],[595121.94,1900546.37],[595113.89,1900546.54]]]]}},{"type":"Feature","properties":{"building":"yes","height":6,"heightSource":"default"},"geometry":{"type":"MultiPolygon","coordinates":[[[[595305.65,1900654.88],[595316.86,1900654.23],[595315.41,1900629.63],[595304.19,1900630.28],[595305.65,1900654.88]]]]}},{"type":"Feature","properties":{"building":"yes","height":6,"heightSource":"default"},"geometry":{"type":"MultiPolygon","coordinates":[[[[595329.99,1900643.39],[595330.14,1900664.85],[595339.16,1900664.8],[595339.19,1900667.75],[595344.84,1900667.71],[595344.76,1900655.23],[595343.09,1900655.23],[595343.03,1900647.27],[595339.08,1900647.3],[595339.05,1900643.32],[595329.99,1900643.39]]]]}},{"type":"Feature","properties":{"building":"yes","height":6,"heightSource":"default"},"geometry":{"type":"MultiPolygon","coordinates":[[[[595350.31,1900664.02],[595361.12,1900663.9],[595360.92,1900645.19],[595350.11,1900645.31],[595350.31,1900664.02]]]]}},{"type":"Feature","properties":{"building":"yes","height":6,"heightSource":"default"},"geometry":{"type":"MultiPolygon","coordinates":[[[[595365.35,1900650.69],[595366.56,1900662.81],[595376.19,1900661.87],[595374.99,1900649.74],[595365.35,1900650.69]]]]}},{"type":"Feature","properties":{"building":"yes","height":6,"heightSource":"default"},"geometry":{"type":"MultiPolygon","coordinates":[[[[595408.95,1900615.24],[595409.06,1900622.69],[595419.96,1900622.52],[595419.85,1900615.07],[595408.95,1900615.24]]]]}},{"type":"Feature","properties":{"building":"yes","height":6,"heightSource":"default"},"geometry":{"type":"MultiPolygon","coordinates":[[[[595385.07,1900626.15],[595385.24,1900637.18],[595389.45,1900637.11],[595389.54,1900643.34],[595399.51,1900643.19],[595399.24,1900625.93],[595385.07,1900626.15]]]]}},{"type":"Feature","properties":{"building":"yes","height":6,"heightSource":"default"},"geometry":{"type":"MultiPolygon","coordinates":[[[[595380.91,1900648.49],[595379.96,1900668.19],[595403.62,1900669.32],[595404.56,1900649.62],[595380.91,1900648.49]]]]}},{"type":"Feature","properties":{"building":"yes","height":6,"heightSource":"default"},"geometry":{"type":"MultiPolygon","coordinates":[[[[595204.52,1900625],[595217.76,1900625.54],[595218.4,1900610.25],[595205.16,1900609.69],[595204.52,1900625]]]]}},{"type":"Feature","properties":{"building":"yes","height":6,"heightSource":"default"},"geometry":{"type":"MultiPolygon","coordinates":[[[[595192.08,1900630.68],[595202.84,1900630.6],[595202.66,1900607.5],[595191.9,1900607.58],[595192.08,1900630.68]]]]}},{"type":"Feature","properties":{"building":"yes","height":6,"heightSource":"default"},"geometry":{"type":"MultiPolygon","coordinates":[[[[595185.82,1900628.74],[595190.54,1900628.82],[595190.83,1900611.31],[595186.11,1900611.24],[595185.82,1900628.74]]]]}},{"type":"Feature","properties":{"building":"yes","height":6,"heightSource":"default"},"geometry":{"type":"MultiPolygon","coordinates":[[[[595137.54,1900567.13],[595138,1900578.15],[595151.9,1900577.58],[595151.44,1900566.57],[595137.54,1900567.13]]]]}},{"type":"Feature","properties":{"building":"yes","height":6,"heightSource":"default"},"geometry":{"type":"MultiPolygon","coordinates":[[[[595147.39,1900564.63],[595158.8,1900564.04],[595157.97,1900548.17],[595146.57,1900548.76],[595147.39,1900564.63]]]]}},{"type":"Feature","properties":{"building":"yes","height":6,"heightSource":"default"},"geometry":{"type":"MultiPolygon","coordinates":[[[[595168.96,1900556.01],[595169.22,1900568.56],[595177.92,1900568.39],[595177.66,1900555.84],[595168.96,1900556.01]]]]}},{"type":"Feature","properties":{"building":"yes","height":6,"heightSource":"default"},"geometry":{"type":"MultiPolygon","coordinates":[[[[595194.77,1900543.87],[595199.62,1900561.21],[595208.19,1900558.84],[595203.33,1900541.5],[595194.77,1900543.87]]]]}},{"type":"Feature","properties":{"building":"yes","height":6,"heightSource":"default"},"geometry":{"type":"MultiPolygon","coordinates":[[[[595225.83,1900534.3],[595227.19,1900548.38],[595233.55,1900547.77],[595232.18,1900533.69],[595225.83,1900534.3]]]]}},{"type":"Feature","properties":{"building":"yes","height":6,"heightSource":"default"},"geometry":{"type":"MultiPolygon","coordinates":[[[[595196.12,1900514.11],[595204.89,1900513.65],[595204.19,1900500.41],[595195.41,1900500.87],[595196.12,1900514.11]]]]}},{"type":"Feature","properties":{"building":"yes","height":6,"heightSource":"default"},"geometry":{"type":"MultiPolygon","coordinates":[[[[595183.29,1900512.7],[595193.62,1900514.03],[595195.13,1900502.39],[595184.8,1900501.07],[595183.29,1900512.7]]]]}},{"type":"Feature","properties":{"building":"yes","height":6,"heightSource":"default"},"geometry":{"type":"MultiPolygon","coordinates":[[[[595221.15,1900527.9],[595228.79,1900527.93],[595228.84,1900516.59],[595221.21,1900516.56],[595221.15,1900527.9]]]]}},{"type":"Feature","properties":{"building":"yes","height":6,"heightSource":"default"},"geometry":{"type":"MultiPolygon","coordinates":[[[[595194.96,1900515.31],[595195.94,1900529.64],[595207.79,1900528.85],[595206.81,1900514.51],[595194.96,1900515.31]]]]}},{"type":"Feature","properties":{"building":"yes","height":6,"heightSource":"default"},"geometry":{"type":"MultiPolygon","coordinates":[[[[595167.3,1900516.66],[595167.32,1900530.13],[595178.79,1900530.1],[595178.77,1900516.65],[595167.3,1900516.66]]]]}},{"type":"Feature","properties":{"building":"yes","height":6,"heightSource":"default"},"geometry":{"type":"MultiPolygon","coordinates":[[[[595153.35,1900523.98],[595160.24,1900524.21],[595160.82,1900507.85],[595153.93,1900507.61],[595153.35,1900523.98]]]]}},{"type":"Feature","properties":{"building":"yes","height":6,"heightSource":"default"},"geometry":{"type":"MultiPolygon","coordinates":[[[[595140.58,1900526.82],[595149.78,1900526.86],[595149.81,1900519.35],[595140.61,1900519.31],[595140.58,1900526.82]]]]}},{"type":"Feature","properties":{"building":"yes","height":6,"heightSource":"default"},"geometry":{"type":"MultiPolygon","coordinates":[[[[595130.3,1900514.45],[595129.99,1900532.23],[595139.02,1900532.38],[595139.31,1900514.59],[595130.3,1900514.45]]]]}},{"type":"Feature","properties":{"building":"yes","height":6,"heightSource":"default"},"geometry":{"type":"MultiPolygon","coordinates":[[[[595346.63,1900381.27],[595346.7,1900366.39],[595332.65,1900366.32],[595332.58,1900381.21],[595346.63,1900381.27]]]]}},{"type":"Feature","properties":{"building":"yes","height":6,"heightSource":"default"},"geometry":{"type":"MultiPolygon","coordinates":[[[[595013.73,1900632.13],[595029.91,1900632.26],[595030.08,1900611.84],[595013.88,1900611.71],[595013.73,1900632.13]]]]}},{"type":"Feature","properties":{"building":"yes","height":6,"heightSource":"default"},"geometry":{"type":"MultiPolygon","coordinates":[[[[594993.07,1900609.14],[594992.98,1900628.7],[595002.18,1900628.74],[595002.27,1900609.18],[594993.07,1900609.14]]]]}},{"type":"Feature","properties":{"building":"yes","height":6,"heightSource":"default"},"geometry":{"type":"MultiPolygon","coordinates":[[[[594991.68,1900635.36],[594992.18,1900602.54],[594984.2,1900602.42],[594983.69,1900635.23],[594991.68,1900635.36]]]]}},{"type":"Feature","properties":{"building":"yes","height":6,"heightSource":"default"},"geometry":{"type":"MultiPolygon","coordinates":[[[[594982.38,1900623.05],[594983.15,1900598.53],[594973.76,1900598.24],[594973,1900622.77],[594982.38,1900623.05]]]]}},{"type":"Feature","properties":{"building":"yes","height":6,"heightSource":"default"},"geometry":{"type":"MultiPolygon","coordinates":[[[[594971.53,1900625.98],[594972.74,1900611.24],[594965.9,1900610.69],[594964.69,1900625.43],[594971.53,1900625.98]]]]}},{"type":"Feature","properties":{"building":"yes","height":6,"heightSource":"default"},"geometry":{"type":"MultiPolygon","coordinates":[[[[594955.97,1900628.67],[594963.51,1900629.12],[594964.59,1900611.12],[594957.06,1900610.68],[594955.97,1900628.67]]]]}},{"type":"Feature","properties":{"building":"yes","height":6,"heightSource":"default"},"geometry":{"type":"MultiPolygon","coordinates":[[[[594954.33,1900629.09],[594955.63,1900610.8],[594950.86,1900610.47],[594949.56,1900628.76],[594954.33,1900629.09]]]]}},{"type":"Feature","properties":{"building":"yes","height":6,"heightSource":"default"},"geometry":{"type":"MultiPolygon","coordinates":[[[[594940.44,1900610.52],[594939.76,1900629.57],[594949.03,1900629.9],[594949.71,1900610.85],[594940.44,1900610.52]]]]}},{"type":"Feature","properties":{"building":"yes","height":6,"heightSource":"default"},"geometry":{"type":"MultiPolygon","coordinates":[[[[594957.9,1900597.21],[594957.78,1900609.63],[594972.69,1900609.78],[594972.8,1900597.35],[594957.9,1900597.21]]]]}},{"type":"Feature","properties":{"building":"yes","height":6,"heightSource":"default"},"geometry":{"type":"MultiPolygon","coordinates":[[[[594942.5,1900595.65],[594942.11,1900608.68],[594956.16,1900609.1],[594956.55,1900596.07],[594942.5,1900595.65]]]]}},{"type":"Feature","properties":{"building":"yes","height":6,"heightSource":"default"},"geometry":{"type":"MultiPolygon","coordinates":[[[[594906.81,1900617.96],[594906.67,1900630.3],[594916.66,1900630.41],[594916.8,1900618.07],[594906.81,1900617.96]]]]}},{"type":"Feature","properties":{"building":"yes","height":6,"heightSource":"default"},"geometry":{"type":"MultiPolygon","coordinates":[[[[594930.29,1900601.13],[594920.19,1900601.54],[594921.16,1900624.72],[594931.25,1900624.3],[594930.29,1900601.13]]]]}},{"type":"Feature","properties":{"building":"yes","height":6,"heightSource":"default"},"geometry":{"type":"MultiPolygon","coordinates":[[[[595102.16,1900692.14],[595118.25,1900692.65],[595118.75,1900677.07],[595102.66,1900676.55],[595102.16,1900692.14]]]]}},{"type":"Feature","properties":{"building":"yes","height":6,"heightSource":"default"},"geometry":{"type":"MultiPolygon","coordinates":[[[[595042.86,1900685.2],[595052.49,1900685.69],[595053.12,1900673.21],[595043.49,1900672.74],[595042.86,1900685.2]]]]}},{"type":"Feature","properties":{"building":"yes","height":6,"heightSource":"default"},"geometry":{"type":"MultiPolygon","coordinates":[[[[595011.21,1900682.66],[595020.83,1900682.92],[595021.34,1900665.35],[595011.71,1900665.08],[595011.21,1900682.66]]]]}},{"type":"Feature","properties":{"building":"yes","height":6,"heightSource":"default"},"geometry":{"type":"MultiPolygon","coordinates":[[[[594964.5,1900666.13],[594971.99,1900666.24],[594972.12,1900657.04],[594964.64,1900656.94],[594964.5,1900666.13]]]]}},{"type":"Feature","properties":{"building":"yes","height":6,"heightSource":"default"},"geometry":{"type":"MultiPolygon","coordinates":[[[[594961.79,1900682.99],[594962.23,1900696.22],[594971.65,1900695.91],[594971.2,1900682.68],[594961.79,1900682.99]]]]}},{"type":"Feature","properties":{"building":"yes","height":6,"heightSource":"default"},"geometry":{"type":"MultiPolygon","coordinates":[[[[594954.34,1900656.74],[594954.72,1900684.3],[594960.33,1900684.23],[594959.96,1900656.65],[594954.34,1900656.74]]]]}},{"type":"Feature","properties":{"building":"yes","height":6,"heightSource":"default"},"geometry":{"type":"MultiPolygon","coordinates":[[[[594859.26,1900817.18],[594858.45,1900833.78],[594871.43,1900834.41],[594872.24,1900817.81],[594859.26,1900817.18]]]]}},{"type":"Feature","properties":{"building":"yes","height":6,"heightSource":"default"},"geometry":{"type":"MultiPolygon","coordinates":[[[[594824.92,1900719.64],[594834.91,1900719.36],[594834.54,1900706.32],[594824.54,1900706.6],[594824.92,1900719.64]]]]}},{"type":"Feature","properties":{"building":"yes","height":6,"heightSource":"default"},"geometry":{"type":"MultiPolygon","coordinates":[[[[594780.72,1900714.19],[594780.93,1900730.78],[594795.06,1900730.61],[594794.84,1900714.02],[594780.72,1900714.19]]]]}},{"type":"Feature","properties":{"building":"yes","height":6,"heightSource":"default"},"geometry":{"type":"MultiPolygon","coordinates":[[[[594460.62,1900664.11],[594473.95,1900665.64],[594476.63,1900642.68],[594463.29,1900641.15],[594460.62,1900664.11]]]]}},{"type":"Feature","properties":{"building":"yes","height":6,"heightSource":"default"},"geometry":{"type":"MultiPolygon","coordinates":[[[[594458.92,1900631.35],[594470.74,1900632.64],[594472.52,1900616.48],[594460.7,1900615.2],[594458.92,1900631.35]]]]}},{"type":"Feature","properties":{"building":"yes","height":6,"heightSource":"default"},"geometry":{"type":"MultiPolygon","coordinates":[[[[594481.08,1900649.45],[594477.78,1900664.66],[594490.6,1900667.42],[594493.91,1900652.21],[594481.08,1900649.45]]]]}},{"type":"Feature","properties":{"building":"yes","height":6,"heightSource":"default"},"geometry":{"type":"MultiPolygon","coordinates":[[[[594531.38,1900626.72],[594530.67,1900644.83],[594547.22,1900645.48],[594547.93,1900627.36],[594531.38,1900626.72]]]]}},{"type":"Feature","properties":{"building":"yes","height":6,"heightSource":"default"},"geometry":{"type":"MultiPolygon","coordinates":[[[[594501.83,1900586.76],[594516.24,1900587.53],[594517.11,1900571.57],[594502.7,1900570.8],[594501.83,1900586.76]]]]}},{"type":"Feature","properties":{"building":"yes","height":6,"heightSource":"default"},"geometry":{"type":"MultiPolygon","coordinates":[[[[594518.04,1900598.53],[594526.77,1900600.05],[594531.17,1900575.19],[594522.43,1900573.66],[594518.04,1900598.53]]]]}},{"type":"Feature","properties":{"building":"yes","height":6,"heightSource":"default"},"geometry":{"type":"MultiPolygon","coordinates":[[[[594528.81,1900599.21],[594538.7,1900600.49],[594541.8,1900576.76],[594531.91,1900575.48],[594528.81,1900599.21]]]]}},{"type":"Feature","properties":{"building":"yes","height":6,"heightSource":"default"},"geometry":{"type":"MultiPolygon","coordinates":[[[[594488.52,1900567.56],[594485.54,1900584.33],[594497.15,1900586.36],[594500.13,1900569.59],[594488.52,1900567.56]]]]}},{"type":"Feature","properties":{"building":"yes","height":6,"heightSource":"default"},"geometry":{"type":"MultiPolygon","coordinates":[[[[594489.08,1900554.66],[594488.7,1900562.72],[594495.7,1900563.04],[594496.06,1900554.98],[594489.08,1900554.66]]]]}},{"type":"Feature","properties":{"building":"yes","height":6,"heightSource":"default"},"geometry":{"type":"MultiPolygon","coordinates":[[[[594496.99,1900555.05],[594496.02,1900567.07],[594505.5,1900567.82],[594506.47,1900555.8],[594496.99,1900555.05]]]]}},{"type":"Feature","properties":{"building":"yes","height":6,"heightSource":"default"},"geometry":{"type":"MultiPolygon","coordinates":[[[[594473.03,1900571.38],[594484.93,1900571.51],[594485.09,1900556.75],[594473.18,1900556.63],[594473.03,1900571.38]]]]}},{"type":"Feature","properties":{"building":"yes","height":6,"heightSource":"default"},"geometry":{"type":"MultiPolygon","coordinates":[[[[594472.17,1900586.98],[594482.58,1900586.8],[594482.34,1900572.1],[594471.93,1900572.26],[594472.17,1900586.98]]]]}},{"type":"Feature","properties":{"building":"yes","height":6,"heightSource":"default"},"geometry":{"type":"MultiPolygon","coordinates":[[[[595296.52,1900547.95],[595309.28,1900547.66],[595308.91,1900532.09],[595296.14,1900532.38],[595296.52,1900547.95]]]]}},{"type":"Feature","properties":{"building":"yes","height":6,"heightSource":"default"},"geometry":{"type":"MultiPolygon","coordinates":[[[[595280.16,1900552.49],[595281.01,1900564.77],[595297.48,1900563.64],[595296.64,1900551.36],[595280.16,1900552.49]]]]}},{"type":"Feature","properties":{"building":"yes","height":6,"heightSource":"default"},"geometry":{"type":"MultiPolygon","coordinates":[[[[595311.41,1900533.43],[595313.37,1900548.29],[595322.85,1900547.06],[595320.9,1900532.19],[595311.41,1900533.43]]]]}},{"type":"Feature","properties":{"building":"yes","height":6,"heightSource":"default"},"geometry":{"type":"MultiPolygon","coordinates":[[[[595299.9,1900508.84],[595304.88,1900518.99],[595316.03,1900513.59],[595311.05,1900503.44],[595299.9,1900508.84]]]]}},{"type":"Feature","properties":{"building":"yes","height":6,"heightSource":"default"},"geometry":{"type":"MultiPolygon","coordinates":[[[[595330.43,1900493.19],[595328.81,1900501.27],[595337.65,1900503.01],[595339.26,1900494.92],[595330.43,1900493.19]]]]}},{"type":"Feature","properties":{"building":"yes","height":6,"heightSource":"default"},"geometry":{"type":"MultiPolygon","coordinates":[[[[595276.47,1900502.43],[595281.26,1900515.86],[595293.56,1900511.53],[595288.75,1900498.09],[595276.47,1900502.43]]]]}},{"type":"Feature","properties":{"building":"yes","height":6,"heightSource":"default"},"geometry":{"type":"MultiPolygon","coordinates":[[[[595282.84,1900481.84],[595287.5,1900491.21],[595300.66,1900484.75],[595295.99,1900475.38],[595282.84,1900481.84]]]]}},{"type":"Feature","properties":{"building":"yes","height":6,"heightSource":"default"},"geometry":{"type":"MultiPolygon","coordinates":[[[[595282,1900463.33],[595282.45,1900469.93],[595293.02,1900469.2],[595292.55,1900462.6],[595282,1900463.33]]]]}},{"type":"Feature","properties":{"building":"yes","height":6,"heightSource":"default"},"geometry":{"type":"MultiPolygon","coordinates":[[[[595277.6,1900456.51],[595286.95,1900456.7],[595287.09,1900449.49],[595277.75,1900449.31],[595277.6,1900456.51]]]]}},{"type":"Feature","properties":{"building":"yes","height":6,"heightSource":"default"},"geometry":{"type":"MultiPolygon","coordinates":[[[[595281.62,1900436.68],[595280.6,1900448.4],[595286.66,1900448.92],[595287.68,1900437.2],[595281.62,1900436.68]]]]}},{"type":"Feature","properties":{"building":"yes","height":6,"heightSource":"default"},"geometry":{"type":"MultiPolygon","coordinates":[[[[595303.08,1900436.42],[595315.13,1900437.66],[595316.09,1900428.31],[595304.06,1900427.08],[595303.08,1900436.42]]]]}},{"type":"Feature","properties":{"building":"yes","height":6,"heightSource":"default"},"geometry":{"type":"MultiPolygon","coordinates":[[[[595291.32,1900451.82],[595302.86,1900452.27],[595303.34,1900439.94],[595291.81,1900439.49],[595291.32,1900451.82]]]]}},{"type":"Feature","properties":{"building":"yes","height":6,"heightSource":"default"},"geometry":{"type":"MultiPolygon","coordinates":[[[[595355.53,1900459.91],[595366.44,1900461.52],[595368.5,1900447.65],[595357.6,1900446.04],[595355.53,1900459.91]]]]}},{"type":"Feature","properties":{"building":"yes","height":6,"heightSource":"default"},"geometry":{"type":"MultiPolygon","coordinates":[[[[595323.07,1900441.58],[595321.24,1900453.9],[595324.09,1900454.31],[595323.41,1900458.95],[595328.25,1900459.66],[595327.52,1900464.58],[595340.77,1900466.53],[595344.02,1900444.66],[595323.07,1900441.58]]]]}},{"type":"Feature","properties":{"building":"yes","height":6,"heightSource":"default"},"geometry":{"type":"MultiPolygon","coordinates":[[[[595371.73,1900382.38],[595384.66,1900377.91],[595381.1,1900367.77],[595368.18,1900372.24],[595371.73,1900382.38]]]]}},{"type":"Feature","properties":{"building":"yes","height":6,"heightSource":"default"},"geometry":{"type":"MultiPolygon","coordinates":[[[[595350.85,1900376.75],[595365.34,1900376.11],[595364.78,1900363.67],[595350.29,1900364.32],[595350.85,1900376.75]]]]}},{"type":"Feature","properties":{"building":"yes","height":6,"heightSource":"default"},"geometry":{"type":"MultiPolygon","coordinates":[[[[595385.24,1900298.67],[595387.66,1900305.67],[595399.94,1900301.48],[595397.52,1900294.47],[595385.24,1900298.67]]]]}},{"type":"Feature","properties":{"building":"yes","height":6,"heightSource":"default"},"geometry":{"type":"MultiPolygon","coordinates":[[[[595411.58,1900353],[595421.75,1900350.87],[595419.45,1900340.02],[595409.28,1900342.15],[595411.58,1900353]]]]}},{"type":"Feature","properties":{"building":"yes","height":6,"heightSource":"default"},"geometry":{"type":"MultiPolygon","coordinates":[[[[595389.58,1900346.32],[595393.23,1900359.37],[595405.08,1900356.1],[595401.43,1900343.04],[595389.58,1900346.32]]]]}},{"type":"Feature","properties":{"building":"yes","height":6,"heightSource":"default"},"geometry":{"type":"MultiPolygon","coordinates":[[[[595397.07,1900376.82],[595417.46,1900377.58],[595418.03,1900362.35],[595397.63,1900361.59],[595397.07,1900376.82]]]]}},{"type":"Feature","properties":{"building":"yes","height":6,"heightSource":"default"},"geometry":{"type":"MultiPolygon","coordinates":[[[[595410.11,1900438.41],[595416.67,1900442.64],[595421.84,1900434.73],[595415.29,1900430.49],[595410.11,1900438.41]]]]}},{"type":"Feature","properties":{"building":"yes","height":6,"heightSource":"default"},"geometry":{"type":"MultiPolygon","coordinates":[[[[595386.91,1900414.48],[595386.44,1900425.12],[595409.61,1900426.15],[595410.08,1900415.52],[595386.91,1900414.48]]]]}},{"type":"Feature","properties":{"building":"yes","height":6,"heightSource":"default"},"geometry":{"type":"MultiPolygon","coordinates":[[[[595384.89,1900402.64],[595385.58,1900412.07],[595399.56,1900411.07],[595398.88,1900401.64],[595384.89,1900402.64]]]]}},{"type":"Feature","properties":{"building":"yes","height":6,"heightSource":"default"},"geometry":{"type":"MultiPolygon","coordinates":[[[[595371.41,1900404.63],[595370.26,1900415.18],[595382.59,1900416.51],[595383.74,1900405.96],[595371.41,1900404.63]]]]}},{"type":"Feature","properties":{"building":"yes","height":6,"heightSource":"default"},"geometry":{"type":"MultiPolygon","coordinates":[[[[595351.03,1900384.69],[595349.63,1900399.6],[595367.31,1900401.24],[595368.71,1900386.33],[595351.03,1900384.69]]]]}},{"type":"Feature","properties":{"building":"yes","height":6,"heightSource":"default"},"geometry":{"type":"MultiPolygon","coordinates":[[[[595351.28,1900347.56],[595354.66,1900363.2],[595373.5,1900359.17],[595370.12,1900343.53],[595351.28,1900347.56]]]]}},{"type":"Feature","properties":{"building":"yes","height":6,"heightSource":"default"},"geometry":{"type":"MultiPolygon","coordinates":[[[[595358.21,1900328.52],[595358.66,1900337.06],[595368.58,1900336.54],[595368.13,1900328],[595358.21,1900328.52]]]]}},{"type":"Feature","properties":{"building":"yes","height":6,"heightSource":"default"},"geometry":{"type":"MultiPolygon","coordinates":[[[[595356.76,1900287.55],[595357.41,1900297.39],[595373.68,1900296.34],[595373.03,1900286.49],[595356.76,1900287.55]]]]}},{"type":"Feature","properties":{"building":"yes","height":6,"heightSource":"default"},"geometry":{"type":"MultiPolygon","coordinates":[[[[595353.95,1900277.53],[595354.63,1900286.73],[595367.47,1900285.8],[595366.79,1900276.61],[595353.95,1900277.53]]]]}},{"type":"Feature","properties":{"building":"yes","height":6,"heightSource":"default"},"geometry":{"type":"MultiPolygon","coordinates":[[[[595309.03,1900277.47],[595311.61,1900260.33],[595301.77,1900258.87],[595299.19,1900276.01],[595309.03,1900277.47]]]]}},{"type":"Feature","properties":{"building":"yes","height":6,"heightSource":"default"},"geometry":{"type":"MultiPolygon","coordinates":[[[[595334.46,1900267.1],[595334.44,1900272.84],[595348.85,1900272.91],[595348.87,1900267.17],[595334.46,1900267.1]]]]}},{"type":"Feature","properties":{"building":"yes","height":6,"heightSource":"default"},"geometry":{"type":"MultiPolygon","coordinates":[[[[595332.29,1900257.38],[595332.65,1900265.61],[595343.21,1900265.17],[595342.86,1900256.94],[595332.29,1900257.38]]]]}},{"type":"Feature","properties":{"building":"yes","height":6,"heightSource":"default"},"geometry":{"type":"MultiPolygon","coordinates":[[[[595357.12,1900256.43],[595356.64,1900267.35],[595369.26,1900267.9],[595369.74,1900256.98],[595357.12,1900256.43]]]]}},{"type":"Feature","properties":{"building":"yes","height":6,"heightSource":"default"},"geometry":{"type":"MultiPolygon","coordinates":[[[[595336.41,1900247.69],[595337.01,1900255.85],[595353.54,1900254.63],[595352.93,1900246.48],[595336.41,1900247.69]]]]}},{"type":"Feature","properties":{"building":"yes","height":6,"heightSource":"default"},"geometry":{"type":"MultiPolygon","coordinates":[[[[595338.75,1900233.74],[595338.97,1900243.68],[595346.9,1900243.5],[595346.67,1900233.57],[595338.75,1900233.74]]]]}},{"type":"Feature","properties":{"building":"yes","height":6,"heightSource":"default"},"geometry":{"type":"MultiPolygon","coordinates":[[[[595343.03,1900220.71],[595343.06,1900227.75],[595347.03,1900227.74],[595347.06,1900231.66],[595351.01,1900231.65],[595351.03,1900234.66],[595354.4,1900234.64],[595354.43,1900240.07],[595360.32,1900240.05],[595360.29,1900233.86],[595364.85,1900233.84],[595364.79,1900220.6],[595343.03,1900220.71]]]]}},{"type":"Feature","properties":{"building":"yes","height":6,"heightSource":"default"},"geometry":{"type":"MultiPolygon","coordinates":[[[[595347.09,1900312.81],[595346.52,1900320.99],[595355.36,1900321.6],[595355.93,1900313.41],[595347.09,1900312.81]]]]}},{"type":"Feature","properties":{"building":"yes","height":6,"heightSource":"default"},"geometry":{"type":"MultiPolygon","coordinates":[[[[595351.86,1900299.37],[595352.26,1900308.63],[595372.95,1900307.73],[595372.54,1900298.47],[595351.86,1900299.37]]]]}},{"type":"Feature","properties":{"building":"yes","height":6,"heightSource":"default"},"geometry":{"type":"MultiPolygon","coordinates":[[[[595388.82,1900311.36],[595391.08,1900322.57],[595404.93,1900319.8],[595402.66,1900308.6],[595388.82,1900311.36]]]]}},{"type":"Feature","properties":{"building":"yes","height":6,"heightSource":"default"},"geometry":{"type":"MultiPolygon","coordinates":[[[[595417.71,1900231.69],[595417.51,1900245.37],[595426.66,1900245.51],[595426.86,1900231.83],[595417.71,1900231.69]]]]}},{"type":"Feature","properties":{"building":"yes","height":6,"heightSource":"default"},"geometry":{"type":"MultiPolygon","coordinates":[[[[595406.65,1900233.41],[595414.35,1900233.66],[595414.58,1900226.38],[595406.89,1900226.13],[595406.65,1900233.41]]]]}},{"type":"Feature","properties":{"building":"yes","height":6,"heightSource":"default"},"geometry":{"type":"MultiPolygon","coordinates":[[[[595404.28,1900250.69],[595415.41,1900250.89],[595415.68,1900235.51],[595404.56,1900235.32],[595404.28,1900250.69]]]]}},{"type":"Feature","properties":{"building":"yes","height":6,"heightSource":"default"},"geometry":{"type":"MultiPolygon","coordinates":[[[[595384.02,1900243.47],[595384.35,1900259.11],[595401.67,1900258.76],[595401.35,1900243.13],[595384.02,1900243.47]]]]}},{"type":"Feature","properties":{"building":"yes","height":6,"heightSource":"default"},"geometry":{"type":"MultiPolygon","coordinates":[[[[595387.42,1900226.37],[595387.34,1900243.25],[595398.47,1900243.3],[595398.55,1900226.43],[595387.42,1900226.37]]]]}},{"type":"Feature","properties":{"building":"yes","height":6,"heightSource":"default"},"geometry":{"type":"MultiPolygon","coordinates":[[[[595384.93,1900272.58],[595385.15,1900286.28],[595395.77,1900286.11],[595395.56,1900272.42],[595384.93,1900272.58]]]]}},{"type":"Feature","properties":{"building":"yes","height":6,"heightSource":"default"},"geometry":{"type":"MultiPolygon","coordinates":[[[[595379.28,1900260.5],[595379.31,1900270.14],[595399.84,1900270.09],[595399.81,1900260.45],[595379.28,1900260.5]]]]}},{"type":"Feature","properties":{"building":"yes","height":6,"heightSource":"default"},"geometry":{"type":"MultiPolygon","coordinates":[[[[595403.62,1900256.58],[595404.53,1900265.41],[595413.81,1900264.47],[595412.9,1900255.62],[595403.62,1900256.58]]]]}},{"type":"Feature","properties":{"building":"yes","height":6,"heightSource":"default"},"geometry":{"type":"MultiPolygon","coordinates":[[[[595414.37,1900274.35],[595426.71,1900274.26],[595426.59,1900256.41],[595414.25,1900256.49],[595414.37,1900274.35]]]]}},{"type":"Feature","properties":{"building":"yes","height":6,"heightSource":"default"},"geometry":{"type":"MultiPolygon","coordinates":[[[[595386.48,1900200.29],[595386.41,1900215.38],[595396.32,1900215.43],[595396.39,1900200.34],[595386.48,1900200.29]]]]}},{"type":"Feature","properties":{"building":"yes","height":6,"heightSource":"default"},"geometry":{"type":"MultiPolygon","coordinates":[[[[595406.99,1900221.8],[595423.24,1900221.58],[595422.98,1900201.7],[595406.73,1900201.91],[595406.99,1900221.8]]]]}},{"type":"Feature","properties":{"building":"yes","height":6,"heightSource":"default"},"geometry":{"type":"MultiPolygon","coordinates":[[[[595421.98,1900186.99],[595431.33,1900187.29],[595431.83,1900171.91],[595422.48,1900171.61],[595421.98,1900186.99]]]]}},{"type":"Feature","properties":{"building":"yes","height":6,"heightSource":"default"},"geometry":{"type":"MultiPolygon","coordinates":[[[[595403.9,1900149.33],[595402.04,1900166.2],[595418.13,1900167.95],[595419.99,1900151.09],[595403.9,1900149.33]]]]}},{"type":"Feature","properties":{"building":"yes","height":6,"heightSource":"default"},"geometry":{"type":"MultiPolygon","coordinates":[[[[595382.55,1900168.52],[595379.87,1900195.29],[595401.98,1900197.5],[595404.66,1900170.71],[595382.55,1900168.52]]]]}},{"type":"Feature","properties":{"building":"yes","height":6,"heightSource":"default"},"geometry":{"type":"MultiPolygon","coordinates":[[[[595355.5,1900174.99],[595364.64,1900170.99],[595360.81,1900162.32],[595351.67,1900166.32],[595355.5,1900174.99]]]]}},{"type":"Feature","properties":{"building":"yes","height":6,"heightSource":"default"},"geometry":{"type":"MultiPolygon","coordinates":[[[[595342.37,1900175.49],[595351.15,1900175.6],[595351.25,1900167.68],[595342.47,1900167.57],[595342.37,1900175.49]]]]}},{"type":"Feature","properties":{"building":"yes","height":6,"heightSource":"default"},"geometry":{"type":"MultiPolygon","coordinates":[[[[595342.67,1900190.38],[595365.6,1900192.94],[595366.95,1900181.12],[595344,1900178.54],[595342.67,1900190.38]]]]}},{"type":"Feature","properties":{"building":"yes","height":6,"heightSource":"default"},"geometry":{"type":"MultiPolygon","coordinates":[[[[595305.76,1900198.43],[595315.88,1900198.65],[595316.11,1900188.31],[595305.98,1900188.08],[595305.76,1900198.43]]]]}},{"type":"Feature","properties":{"building":"yes","height":6,"heightSource":"default"},"geometry":{"type":"MultiPolygon","coordinates":[[[[595288.38,1900192.96],[595303.14,1900194.27],[595303.89,1900185.91],[595289.13,1900184.61],[595288.38,1900192.96]]]]}},{"type":"Feature","properties":{"building":"yes","height":6,"heightSource":"default"},"geometry":{"type":"MultiPolygon","coordinates":[[[[595293.65,1900193.98],[595292.99,1900211.2],[595301.4,1900211.52],[595302.06,1900194.3],[595293.65,1900193.98]]]]}},{"type":"Feature","properties":{"building":"yes","height":6,"heightSource":"default"},"geometry":{"type":"MultiPolygon","coordinates":[[[[595339.72,1900211.21],[595359.85,1900211.49],[595360.06,1900196.61],[595339.93,1900196.31],[595339.72,1900211.21]]]]}},{"type":"Feature","properties":{"building":"yes","height":6,"heightSource":"default"},"geometry":{"type":"MultiPolygon","coordinates":[[[[595307.17,1900246.28],[595326.79,1900247.7],[595327.71,1900235.23],[595308.09,1900233.81],[595307.17,1900246.28]]]]}},{"type":"Feature","properties":{"building":"yes","height":6,"heightSource":"default"},"geometry":{"type":"MultiPolygon","coordinates":[[[[593623.99,1898588.61],[593630.33,1898590.41],[593632.35,1898583.32],[593626.01,1898581.53],[593623.99,1898588.61]]]]}},{"type":"Feature","properties":{"building":"yes","height":6,"heightSource":"default"},"geometry":{"type":"MultiPolygon","coordinates":[[[[593617.17,1898738.14],[593625.03,1898739.8],[593627.79,1898726.91],[593619.95,1898725.25],[593617.17,1898738.14]]]]}},{"type":"Feature","properties":{"building":"yes","height":6,"heightSource":"default"},"geometry":{"type":"MultiPolygon","coordinates":[[[[593594.39,1898762.42],[593594.35,1898770.08],[593600.48,1898770.11],[593600.52,1898762.45],[593594.39,1898762.42]]]]}},{"type":"Feature","properties":{"building":"yes","height":6,"heightSource":"default"},"geometry":{"type":"MultiPolygon","coordinates":[[[[593588.62,1898681.16],[593588.06,1898688.48],[593597.89,1898689.23],[593598.46,1898681.92],[593588.62,1898681.16]]]]}},{"type":"Feature","properties":{"building":"yes","height":6,"heightSource":"default"},"geometry":{"type":"MultiPolygon","coordinates":[[[[593611.98,1898687.37],[593609.49,1898704.79],[593626.03,1898707.14],[593628.52,1898689.71],[593611.98,1898687.37]]]]}},{"type":"Feature","properties":{"building":"yes","height":6,"heightSource":"default"},"geometry":{"type":"MultiPolygon","coordinates":[[[[593621.88,1898676.21],[593621,1898687.19],[593634.41,1898688.24],[593635.28,1898677.26],[593621.88,1898676.21]]]]}},{"type":"Feature","properties":{"building":"yes","height":6,"heightSource":"default"},"geometry":{"type":"MultiPolygon","coordinates":[[[[594323.38,1899049.83],[594348.92,1899048.11],[594348.2,1899037.71],[594322.67,1899039.44],[594323.38,1899049.83]]]]}},{"type":"Feature","properties":{"building":"yes","height":6,"heightSource":"default"},"geometry":{"type":"MultiPolygon","coordinates":[[[[594295.29,1899047.44],[594296.18,1899062.84],[594309.89,1899062.05],[594308.99,1899046.66],[594295.29,1899047.44]]]]}},{"type":"Feature","properties":{"building":"yes","height":6,"heightSource":"default"},"geometry":{"type":"MultiPolygon","coordinates":[[[[594052.33,1898697.8],[594050.18,1898703.3],[594076.75,1898713.56],[594078.89,1898708.06],[594052.33,1898697.8]]]]}},{"type":"Feature","properties":{"building":"yes","height":6,"heightSource":"default"},"geometry":{"type":"MultiPolygon","coordinates":[[[[594043.17,1898690.53],[594065.49,1898689.99],[594065.3,1898681.99],[594042.97,1898682.53],[594043.17,1898690.53]]]]}},{"type":"Feature","properties":{"building":"yes","height":6,"heightSource":"default"},"geometry":{"type":"MultiPolygon","coordinates":[[[[593936.82,1898270.35],[593948.4,1898269.09],[593946.76,1898254.06],[593935.17,1898255.3],[593936.82,1898270.35]]]]}},{"type":"Feature","properties":{"building":"yes","height":6,"heightSource":"default"},"geometry":{"type":"MultiPolygon","coordinates":[[[[594117.34,1898501.11],[594134.11,1898504.01],[594137.34,1898485.6],[594120.57,1898482.69],[594117.34,1898501.11]]]]}},{"type":"Feature","properties":{"building":"yes","height":6,"heightSource":"default"},"geometry":{"type":"MultiPolygon","coordinates":[[[[594997.85,1898658.83],[595005.89,1898674.51],[595015.33,1898669.74],[595007.29,1898654.04],[594997.85,1898658.83]]]]}},{"type":"Feature","properties":{"building":"house","height":6,"heightSource":"default"},"geometry":{"type":"MultiPolygon","coordinates":[[[[594732.63,1898950.64],[594732.96,1898939.43],[594736.1,1898940.02],[594736.28,1898932.22],[594750.07,1898940.56],[594748.74,1898951.84],[594732.63,1898950.64]]]]}},{"type":"Feature","properties":{"building":"yes","height":6,"heightSource":"default"},"geometry":{"type":"MultiPolygon","coordinates":[[[[595190.73,1899238.54],[595190.79,1899246.62],[595203.34,1899246.53],[595203.28,1899238.45],[595190.73,1899238.54]]]]}},{"type":"Feature","properties":{"building":"yes","height":6,"heightSource":"default"},"geometry":{"type":"MultiPolygon","coordinates":[[[[595376.27,1899752.99],[595378.28,1899766.47],[595385.77,1899765.37],[595383.77,1899751.9],[595376.27,1899752.99]]]]}},{"type":"Feature","properties":{"building":"yes","height":6,"heightSource":"default"},"geometry":{"type":"MultiPolygon","coordinates":[[[[594824.34,1899108.55],[594827.49,1899120.68],[594837.78,1899118.04],[594834.61,1899105.91],[594824.34,1899108.55]]]]}},{"type":"Feature","properties":{"building":"yes","height":6,"heightSource":"default"},"geometry":{"type":"MultiPolygon","coordinates":[[[[594852.09,1899122.29],[594857.28,1899139.19],[594867.85,1899135.97],[594862.65,1899119.08],[594852.09,1899122.29]]]]}},{"type":"Feature","properties":{"building":"yes","height":6,"heightSource":"default"},"geometry":{"type":"MultiPolygon","coordinates":[[[[594844.46,1899136.08],[594848.07,1899147.34],[594857.78,1899144.27],[594854.17,1899133],[594844.46,1899136.08]]]]}},{"type":"Feature","properties":{"building":"yes","height":6,"heightSource":"default"},"geometry":{"type":"MultiPolygon","coordinates":[[[[594897.63,1899143.35],[594893.7,1899130.7],[594885.72,1899133.16],[594889.65,1899145.8],[594897.63,1899143.35]]]]}},{"type":"Feature","properties":{"building":"yes","height":6,"heightSource":"default"},"geometry":{"type":"MultiPolygon","coordinates":[[[[594890.47,1899149.83],[594895.13,1899162.56],[594904.41,1899159.2],[594899.75,1899146.46],[594890.47,1899149.83]]]]}},{"type":"Feature","properties":{"building":"yes","height":6,"heightSource":"default"},"geometry":{"type":"MultiPolygon","coordinates":[[[[594861.44,1899165.72],[594879.99,1899159.16],[594876.89,1899150.5],[594858.34,1899157.05],[594861.44,1899165.72]]]]}},{"type":"Feature","properties":{"building":"yes","height":6,"heightSource":"default"},"geometry":{"type":"MultiPolygon","coordinates":[[[[594812.49,1899077.03],[594818.12,1899097.72],[594828.39,1899094.96],[594822.76,1899074.27],[594812.49,1899077.03]]]]}},{"type":"Feature","properties":{"building":"yes","height":6,"heightSource":"default"},"geometry":{"type":"MultiPolygon","coordinates":[[[[594840.26,1899099.02],[594844.56,1899097.86],[594843.34,1899093.36],[594850.82,1899091.35],[594851.92,1899095.4],[594857.36,1899093.95],[594860.55,1899105.7],[594843.33,1899110.32],[594840.26,1899099.02]]]]}},{"type":"Feature","properties":{"building":"yes","height":6,"heightSource":"default"},"geometry":{"type":"MultiPolygon","coordinates":[[[[593243.34,1897243.08],[593244,1897237.08],[593247.49,1897237.46],[593248.04,1897232.41],[593257.42,1897233.43],[593256.96,1897237.55],[593262.82,1897238.19],[593261.36,1897251.47],[593246.09,1897249.8],[593246.79,1897243.46],[593243.34,1897243.08]]]]}},{"type":"Feature","properties":{"building":"yes","height":6,"heightSource":"default"},"geometry":{"type":"MultiPolygon","coordinates":[[[[593293.1,1897303.51],[593309.62,1897307.25],[593313.61,1897289.76],[593297.1,1897286.03],[593293.1,1897303.51]]]]}},{"type":"Feature","properties":{"building":"yes","height":6,"heightSource":"default"},"geometry":{"type":"MultiPolygon","coordinates":[[[[593305.26,1897229.35],[593325.33,1897230.99],[593324.32,1897243.15],[593318.38,1897242.67],[593318.03,1897246.82],[593308.7,1897246.06],[593309.04,1897242],[593304.25,1897241.61],[593305.26,1897229.35]]]]}},{"type":"Feature","properties":{"building":"yes","height":6,"heightSource":"default"},"geometry":{"type":"MultiPolygon","coordinates":[[[[593091.62,1897521.58],[593089.28,1897527.49],[593095.68,1897530],[593098.03,1897524.09],[593091.62,1897521.58]]]]}},{"type":"Feature","properties":{"building":"yes","height":6,"heightSource":"default"},"geometry":{"type":"MultiPolygon","coordinates":[[[[593174.86,1897443.09],[593177.07,1897446.13],[593182.65,1897442.11],[593180.44,1897439.08],[593174.86,1897443.09]]]]}},{"type":"Feature","properties":{"building":"yes","height":6,"heightSource":"default"},"geometry":{"type":"MultiPolygon","coordinates":[[[[593175.53,1897429.23],[593173.82,1897435.29],[593182.24,1897437.63],[593183.94,1897431.57],[593175.53,1897429.23]]]]}},{"type":"Feature","properties":{"building":"yes","height":6,"heightSource":"default"},"geometry":{"type":"MultiPolygon","coordinates":[[[[593256.63,1897548.93],[593259.29,1897548.96],[593259.23,1897557.81],[593266.41,1897557.86],[593266.45,1897551.48],[593270.78,1897551.51],[593270.87,1897538.72],[593261.01,1897538.65],[593261,1897540.84],[593256.69,1897540.81],[593256.63,1897548.93]]]]}},{"type":"Feature","properties":{"building":"yes","height":6,"heightSource":"default"},"geometry":{"type":"MultiPolygon","coordinates":[[[[593106.11,1897707.51],[593116.17,1897707.05],[593115.46,1897691.67],[593105.4,1897692.13],[593106.11,1897707.51]]]]}},{"type":"Feature","properties":{"building":"yes","height":6,"heightSource":"default"},"geometry":{"type":"MultiPolygon","coordinates":[[[[593086.47,1897682.68],[593087.06,1897695.57],[593096.83,1897695.13],[593096.24,1897682.24],[593086.47,1897682.68]]]]}},{"type":"Feature","properties":{"building":"yes","height":6,"heightSource":"default"},"geometry":{"type":"MultiPolygon","coordinates":[[[[593102.28,1897656.22],[593103.34,1897679.22],[593108,1897679.01],[593108.24,1897684.3],[593114.72,1897684],[593114.48,1897678.99],[593117.04,1897678.87],[593115.97,1897655.61],[593102.28,1897656.22]]]]}}]}