{"type":"FeatureCollection","name":"p66-subset","crs":{"type":"name","properties":{"name":"urn:ogc:def:crs:EPSG::32647"}},"features":[{"type":"Feature","properties":{"building":"transportation","height":6,"heightSource":"default"},"geometry":{"type":"MultiPolygon","coordinates":[[[[636972.03,1836830.63],[636965.75,1836827.92],[636971.79,1836814.11],[636978.33,1836816.94],[636977.22,1836819.48],[636979.99,1836820.67],[636977.11,1836827.23],[636974.1,1836825.92],[636972.03,1836830.63]]]]}},{"type":"Feature","properties":{"building":"train_station","height":6,"heightSource":"default"},"geometry":{"type":"MultiPolygon","coordinates":[[[[638577.4,1833196.67],[638571.42,1833194.3],[638577.41,1833180.59],[638570.81,1833177.4],[638577.2,1833162.93],[638583.52,1833166.65],[638591.97,1833147.34],[638597.52,1833150.35],[638577.4,1833196.67]]]]}},{"type":"Feature","properties":{"building":"retail","height":6,"heightSource":"default"},"geometry":{"type":"MultiPolygon","coordinates":[[[[636954.55,1836854.53],[636947.94,1836851.43],[636954.37,1836837.91],[636960.98,1836841.02],[636954.55,1836854.53]]]]}},{"type":"Feature","properties":{"building":"school","height":6,"heightSource":"default"},"geometry":{"type":"MultiPolygon","coordinates":[[[[637030.81,1836970.65],[637032.55,1836959.86],[637099.33,1836970.51],[637097.59,1836981.29],[637030.81,1836970.65]]]]}},{"type":"Feature","properties":{"building":"yes","height":6,"heightSource":"default"},"geometry":{"type":"MultiPolygon","coordinates":[[[[637098.92,1836984.12],[637100.99,1836971.19],[637110.87,1836972.76],[637108.81,1836985.68],[637098.92,1836984.12]]]]}},{"type":"Feature","properties":{"building":"school","height":6,"heightSource":"default"},"geometry":{"type":"MultiPolygon","coordinates":[[[[637023.16,1836942.87],[637023.75,1836935],[637040.94,1836936.29],[637040.34,1836944.17],[637023.16,1836942.87]]]]}},{"type":"Feature","properties":{"building":"school","height":6,"heightSource":"default"},"geometry":{"type":"MultiPolygon","coordinates":[[[[637045.81,1836886.06],[637049.16,1836873.86],[637073.92,1836880.59],[637075.16,1836876.05],[637089.33,1836879.91],[637087.44,1836886.78],[637096.13,1836889.82],[637093.18,1836898.93],[637045.81,1836886.06]]]]}},{"type":"Feature","properties":{"building":"retail","height":6,"heightSource":"default"},"geometry":{"type":"MultiPolygon","coordinates":[[[[637132.2,1836942.34],[637129.14,1836923.74],[637141.94,1836921.65],[637145,1836940.27],[637132.2,1836942.34]]]]}},{"type":"Feature","properties":{"building":"house","height":6,"heightSource":"default"},"geometry":{"type":"MultiPolygon","coordinates":[[[[637154.65,1836947.67],[637152.86,1836942.34],[637155.1,1836941.61],[637152.06,1836932.61],[637155.04,1836932.05],[637163.2,1836928.9],[637168.04,1836943.2],[637154.65,1836947.67]]]]}},{"type":"Feature","properties":{"building":"house","height":6,"heightSource":"default"},"geometry":{"type":"MultiPolygon","coordinates":[[[[637155.04,1836932.05],[637153.04,1836926.54],[637155.55,1836924.33],[637153.8,1836919.53],[637161.4,1836916.81],[637165.56,1836928.27],[637155.04,1836932.05]]]]}},{"type":"Feature","properties":{"building":"house","height":6,"heightSource":"default"},"geometry":{"type":"MultiPolygon","coordinates":[[[[637160.66,1836964.93],[637156.48,1836952.9],[637174.91,1836946.58],[637179.09,1836958.61],[637160.66,1836964.93]]]]}},{"type":"Feature","properties":{"building":"house","height":6,"heightSource":"default"},"geometry":{"type":"MultiPolygon","coordinates":[[[[637087.26,1836664.42],[637092.77,1836657.97],[637096.94,1836661.48],[637091.43,1836667.93],[637087.26,1836664.42]]]]}},{"type":"Feature","properties":{"building":"industrial","height":6,"heightSource":"default"},"geometry":{"type":"MultiPolygon","coordinates":[[[[637096.33,1836667],[637100.84,1836656.08],[637103.94,1836657.34],[637106.51,1836651.1],[637109.25,1836652.21],[637110.12,1836650.1],[637107.12,1836648.9],[637111.28,1836638.67],[637125.61,1836644.44],[637122.93,1836651.02],[637124.66,1836652.53],[637121.72,1836659.59],[637130.28,1836663.11],[637132.83,1836656.95],[637130.38,1836655.94],[637133.2,1836649.12],[637139.19,1836651.58],[637130.07,1836673.6],[637105.82,1836663.67],[637103.27,1836669.83],[637096.33,1836667]]]]}},{"type":"Feature","properties":{"building":"house","height":6,"heightSource":"default"},"geometry":{"type":"MultiPolygon","coordinates":[[[[637140.11,1836656.48],[637142.04,1836647.7],[637150.87,1836649.62],[637148.95,1836658.39],[637140.11,1836656.48]]]]}},{"type":"Feature","properties":{"building":"house","height":6,"heightSource":"default"},"geometry":{"type":"MultiPolygon","coordinates":[[[[637160.12,1836620.87],[637162.51,1836607.54],[637175.22,1836609.79],[637172.85,1836623.12],[637160.12,1836620.87]]]]}},{"type":"Feature","properties":{"building":"house","height":6,"heightSource":"default"},"geometry":{"type":"MultiPolygon","coordinates":[[[[637128.97,1836623.56],[637131.62,1836612.58],[637141.35,1836614.9],[637138.7,1836625.89],[637128.97,1836623.56]]]]}},{"type":"Feature","properties":{"building":"house","height":6,"heightSource":"default"},"geometry":{"type":"MultiPolygon","coordinates":[[[[637170.97,1836667.09],[637176.58,1836655.26],[637190.14,1836661.61],[637184.53,1836673.44],[637170.97,1836667.09]]]]}},{"type":"Feature","properties":{"building":"house","height":6,"heightSource":"default"},"geometry":{"type":"MultiPolygon","coordinates":[[[[637157.64,1836660.61],[637162.34,1836651.32],[637168.83,1836654.76],[637163.97,1836663.85],[637157.64,1836660.61]]]]}},{"type":"Feature","properties":{"building":"house","height":6,"heightSource":"default"},"geometry":{"type":"MultiPolygon","coordinates":[[[[636979.8,1836717.97],[636968.14,1836710.21],[636971.19,1836705.69],[636966.63,1836702.66],[636969.17,1836698.89],[636966.61,1836697.19],[636969.72,1836692.56],[636975.16,1836696.18],[636980.43,1836688.36],[636989.96,1836694.71],[636980.52,1836708.72],[636984.32,1836711.25],[636979.8,1836717.97]]]]}},{"type":"Feature","properties":{"building":"house","height":6,"heightSource":"default"},"geometry":{"type":"MultiPolygon","coordinates":[[[[636907.43,1836741.22],[636909.17,1836735.19],[636927.79,1836740.52],[636924.34,1836752.42],[636914.67,1836749.66],[636915.57,1836746.55],[636912.05,1836745.54],[636912.86,1836742.77],[636907.43,1836741.22]]]]}},{"type":"Feature","properties":{"building":"church","height":6,"heightSource":"default"},"geometry":{"type":"MultiPolygon","coordinates":[[[[637085.38,1836820.78],[637080.02,1836801.93],[637101.5,1836794.88],[637106.84,1836814.98],[637085.38,1836820.78]]]]}},{"type":"Feature","properties":{"building":"yes","height":6,"heightSource":"default"},"geometry":{"type":"MultiPolygon","coordinates":[[[[637093.17,1836859.55],[637089.93,1836843.42],[637095.15,1836843.3],[637123.68,1836836.73],[637126.93,1836852.87],[637093.17,1836859.55]]]]}},{"type":"Feature","properties":{"building":"yes","height":6,"heightSource":"default"},"geometry":{"type":"MultiPolygon","coordinates":[[[[637095.15,1836843.3],[637091.07,1836826.58],[637099.68,1836824.5],[637099.31,1836823.01],[637117.7,1836818.57],[637118.94,1836823.64],[637122.15,1836822.87],[637125.36,1836836.01],[637095.15,1836843.3]]]]}},{"type":"Feature","properties":{"building":"church","height":6,"heightSource":"default"},"geometry":{"type":"MultiPolygon","coordinates":[[[[637112.61,1836877.81],[637111.29,1836869.12],[637134.38,1836865.66],[637135.7,1836874.35],[637112.61,1836877.81]]]]}},{"type":"Feature","properties":{"building":"yes","height":6,"heightSource":"default"},"geometry":{"type":"MultiPolygon","coordinates":[[[[637128.99,1836852.61],[637126.78,1836842.09],[637128.44,1836842.28],[637136.4,1836840.11],[637138.59,1836850.62],[637128.99,1836852.61]]]]}},{"type":"Feature","properties":{"building":"yes","height":6,"heightSource":"default"},"geometry":{"type":"MultiPolygon","coordinates":[[[[637128.44,1836842.28],[637126.58,1836834.07],[637136.04,1836831.94],[637137.91,1836840.15],[637128.44,1836842.28]]]]}},{"type":"Feature","properties":{"building":"residential","height":6,"heightSource":"default"},"geometry":{"type":"MultiPolygon","coordinates":[[[[636877.65,1836755.95],[636878.41,1836748.44],[636899.33,1836750.56],[636898.57,1836758.07],[636895.38,1836757.45],[636886.1,1836756.64],[636877.65,1836755.95]]]]}},{"type":"Feature","properties":{"building":"commercial","height":6,"heightSource":"default"},"geometry":{"type":"MultiPolygon","coordinates":[[[[636828.98,1836822.58],[636830.79,1836804.71],[636862.54,1836808.73],[636861.5,1836825.84],[636828.98,1836822.58]]]]}},{"type":"Feature","properties":{"building":"house","height":6,"heightSource":"default"},"geometry":{"type":"MultiPolygon","coordinates":[[[[637223.26,1836757.5],[637219.32,1836750.44],[637221.88,1836749.03],[637218.19,1836742.42],[637230.23,1836735.78],[637237.85,1836749.46],[637223.26,1836757.5]]]]}},{"type":"Feature","properties":{"building":"house","height":6,"heightSource":"default"},"geometry":{"type":"MultiPolygon","coordinates":[[[[637170.2,1836710.71],[637164.14,1836700.53],[637179.65,1836691.41],[637185.72,1836701.61],[637170.2,1836710.71]]]]}},{"type":"Feature","properties":{"building":"commercial","height":6,"heightSource":"default"},"geometry":{"type":"MultiPolygon","coordinates":[[[[636875.48,1836776.71],[636877.04,1836759.13],[636885.8,1836759.9],[636886.1,1836756.64],[636895.38,1836757.45],[636894.98,1836762.03],[636899.76,1836762.44],[636898.31,1836778.71],[636875.48,1836776.71]]]]}},{"type":"Feature","properties":{"building":"commercial","height":6,"heightSource":"default"},"geometry":{"type":"MultiPolygon","coordinates":[[[[636847.21,1836802.52],[636846.82,1836794.44],[636856.59,1836793.97],[636856.99,1836802.05],[636847.21,1836802.52]]]]}},{"type":"Feature","properties":{"building":"house","height":6,"heightSource":"default"},"geometry":{"type":"MultiPolygon","coordinates":[[[[636845.13,1836796.63],[636837.26,1836796.64],[636837.23,1836784.11],[636849.18,1836784.08],[636849.19,1836793.14],[636845.12,1836793.14],[636845.13,1836796.63]]]]}},{"type":"Feature","properties":{"building":"yes","height":6,"heightSource":"default"},"geometry":{"type":"MultiPolygon","coordinates":[[[[636873.06,1836807.33],[636876.22,1836791.73],[636873.9,1836789.84],[636883.36,1836791.41],[636880.3,1836809.67],[636873.06,1836807.33]]]]}},{"type":"Feature","properties":{"building":"yes","height":6,"heightSource":"default"},"geometry":{"type":"MultiPolygon","coordinates":[[[[636862.54,1836808.73],[636865.38,1836792.97],[636861.63,1836792.31],[636862.76,1836786.04],[636872.85,1836787.84],[636872.27,1836791.03],[636876.22,1836791.73],[636873.06,1836807.33],[636862.54,1836808.73]]]]}},{"type":"Feature","properties":{"building":"yes","height":6,"heightSource":"default"},"geometry":{"type":"MultiPolygon","coordinates":[[[[636888.1,1836806.88],[636892.94,1836794.71],[636903.27,1836798.76],[636898.43,1836810.93],[636888.1,1836806.88]]]]}},{"type":"Feature","properties":{"building":"yes","height":6,"heightSource":"default"},"geometry":{"type":"MultiPolygon","coordinates":[[[[637178.3,1836626.78],[637178.68,1836618.5],[637186.35,1836618.84],[637186.58,1836613.69],[637197.04,1836614.17],[637196.47,1836626.38],[637190.13,1836626.09],[637189.9,1836630.89],[637181.08,1836630.48],[637181.25,1836626.92],[637178.3,1836626.78]]]]}},{"type":"Feature","properties":{"building":"house","height":6,"heightSource":"default"},"geometry":{"type":"MultiPolygon","coordinates":[[[[637150.78,1836659.63],[637152.16,1836650.09],[637159.01,1836651.07],[637157.64,1836660.61],[637150.78,1836659.63]]]]}},{"type":"Feature","properties":{"building":"house","height":6,"heightSource":"default"},"geometry":{"type":"MultiPolygon","coordinates":[[[[637252.01,1836681.23],[637238.2,1836663.09],[637249.14,1836654.88],[637259.11,1836667.99],[637261.54,1836666.16],[637265.36,1836671.19],[637252.01,1836681.23]]]]}},{"type":"Feature","properties":{"building":"house","height":6,"heightSource":"default"},"geometry":{"type":"MultiPolygon","coordinates":[[[[637263.15,1836833.54],[637258.2,1836822.8],[637272.08,1836816.47],[637277.04,1836827.21],[637263.15,1836833.54]]]]}},{"type":"Feature","properties":{"building":"house","height":6,"heightSource":"default"},"geometry":{"type":"MultiPolygon","coordinates":[[[[637170.81,1836982.35],[637185.45,1836977.54],[637181.35,1836965.17],[637166.7,1836969.96],[637170.81,1836982.35]]]]}},{"type":"Feature","properties":{"building":"house","height":6,"heightSource":"default"},"geometry":{"type":"MultiPolygon","coordinates":[[[[637171.77,1837000.81],[637167.64,1836986.93],[637192.28,1836979.7],[637197.94,1836998.71],[637182.23,1837003.32],[637180.7,1836998.19],[637171.77,1837000.81]]]]}},{"type":"Feature","properties":{"building":"house","height":6,"heightSource":"default"},"geometry":{"type":"MultiPolygon","coordinates":[[[[637184.82,1837015.59],[637182.34,1837008.23],[637195.57,1837003.85],[637197.67,1837010.13],[637194.51,1837012.1],[637189.89,1837019.17],[637188.3,1837014.43],[637184.82,1837015.59]]]]}},{"type":"Feature","properties":{"building":"yes","height":6,"heightSource":"default"},"geometry":{"type":"MultiPolygon","coordinates":[[[[638708.07,1833378.38],[638711.48,1833368.25],[638747.59,1833380.26],[638744.17,1833390.39],[638708.07,1833378.38]]]]}},{"type":"Feature","properties":{"building":"yes","height":6,"heightSource":"default"},"geometry":{"type":"MultiPolygon","coordinates":[[[[638749.03,1833391.84],[638752.43,1833381.7],[638788.54,1833393.71],[638785.13,1833403.85],[638749.03,1833391.84]]]]}},{"type":"Feature","properties":{"building":"yes","height":6,"heightSource":"default"},"geometry":{"type":"MultiPolygon","coordinates":[[[[638755.49,1833375.83],[638758.91,1833365.7],[638795.01,1833377.7],[638791.6,1833387.84],[638755.49,1833375.83]]]]}},{"type":"Feature","properties":{"building":"yes","height":6,"heightSource":"default"},"geometry":{"type":"MultiPolygon","coordinates":[[[[638667.83,1833390.84],[638671.24,1833380.71],[638707.34,1833392.71],[638703.94,1833402.86],[638667.83,1833390.84]]]]}},{"type":"Feature","properties":{"building":"yes","height":6,"heightSource":"default"},"geometry":{"type":"MultiPolygon","coordinates":[[[[638632.16,1833411.04],[638638.31,1833394.86],[638670.22,1833406.85],[638664.07,1833423.03],[638632.16,1833411.04]]]]}},{"type":"Feature","properties":{"building":"yes","height":6,"heightSource":"default"},"geometry":{"type":"MultiPolygon","coordinates":[[[[638520.92,1833433.18],[638529.99,1833413.1],[638542.06,1833418.48],[638532.98,1833438.57],[638520.92,1833433.18]]]]}},{"type":"Feature","properties":{"building":"yes","height":6,"heightSource":"default"},"geometry":{"type":"MultiPolygon","coordinates":[[[[638419.66,1833914.36],[638423.37,1833902.03],[638457.02,1833912.05],[638453.3,1833924.37],[638419.66,1833914.36]]]]}},{"type":"Feature","properties":{"building":"yes","height":6,"heightSource":"default"},"geometry":{"type":"MultiPolygon","coordinates":[[[[638380.45,1833911.18],[638384.17,1833898.85],[638417.8,1833908.86],[638414.09,1833921.19],[638380.45,1833911.18]]]]}},{"type":"Feature","properties":{"building":"yes","height":6,"heightSource":"default"},"geometry":{"type":"MultiPolygon","coordinates":[[[[638439.62,1833773.21],[638444.36,1833759.03],[638508.86,1833780.29],[638504.13,1833794.48],[638439.62,1833773.21]]]]}},{"type":"Feature","properties":{"building":"yes","height":6,"heightSource":"default"},"geometry":{"type":"MultiPolygon","coordinates":[[[[638405.89,1833712.63],[638415.34,1833689.69],[638436.7,1833698.4],[638427.25,1833721.33],[638405.89,1833712.63]]]]}},{"type":"Feature","properties":{"building":"yes","height":6,"heightSource":"default"},"geometry":{"type":"MultiPolygon","coordinates":[[[[638474.46,1833891.27],[638491.3,1833832.09],[638507.75,1833836.72],[638490.91,1833895.9],[638474.46,1833891.27]]]]}},{"type":"Feature","properties":{"building":"yes","height":6,"heightSource":"default"},"geometry":{"type":"MultiPolygon","coordinates":[[[[638625.96,1833360.03],[638631.19,1833345.51],[638658.26,1833355.15],[638653.02,1833369.67],[638625.96,1833360.03]]]]}},{"type":"Feature","properties":{"building":"yes","height":6,"heightSource":"default"},"geometry":{"type":"MultiPolygon","coordinates":[[[[638726.26,1833177.53],[638739.97,1833145.3],[638751.99,1833150.36],[638738.29,1833182.58],[638726.26,1833177.53]]]]}},{"type":"Feature","properties":{"building":"yes","height":6,"heightSource":"default"},"geometry":{"type":"MultiPolygon","coordinates":[[[[638753.68,1833163.47],[638757.32,1833155.55],[638773.64,1833162.98],[638769.99,1833170.9],[638753.68,1833163.47]]]]}},{"type":"Feature","properties":{"building":"yes","height":6,"heightSource":"default"},"geometry":{"type":"MultiPolygon","coordinates":[[[[638828.19,1833195.8],[638829.75,1833175.99],[638860.88,1833178.4],[638859.33,1833198.21],[638828.19,1833195.8]]]]}},{"type":"Feature","properties":{"building":"yes","height":6,"heightSource":"default"},"geometry":{"type":"MultiPolygon","coordinates":[[[[638834.86,1833212.34],[638835.88,1833199.63],[638859.13,1833201.48],[638858.11,1833214.19],[638834.86,1833212.34]]]]}},{"type":"Feature","properties":{"building":"yes","height":6,"heightSource":"default"},"geometry":{"type":"MultiPolygon","coordinates":[[[[638718.27,1833347.16],[638721,1833334.96],[638752.92,1833342.01],[638750.19,1833354.2],[638718.27,1833347.16]]]]}},{"type":"Feature","properties":{"building":"yes","height":6,"heightSource":"default"},"geometry":{"type":"MultiPolygon","coordinates":[[[[638714.53,1833314.85],[638714.65,1833306.74],[638733.05,1833307.02],[638732.92,1833315.13],[638714.53,1833314.85]]]]}},{"type":"Feature","properties":{"building":"yes","height":6,"heightSource":"default"},"geometry":{"type":"MultiPolygon","coordinates":[[[[638726.23,1833240.7],[638729.44,1833233.4],[638760.84,1833246.95],[638757.63,1833254.26],[638726.23,1833240.7]]]]}},{"type":"Feature","properties":{"building":"yes","height":6,"heightSource":"default"},"geometry":{"type":"MultiPolygon","coordinates":[[[[638825.46,1833079.25],[638830.54,1833088.82],[638849.44,1833078.91],[638844.36,1833069.34],[638825.46,1833079.25]]]]}},{"type":"Feature","properties":{"building":"yes","height":6,"heightSource":"default"},"geometry":{"type":"MultiPolygon","coordinates":[[[[638800.62,1833091.5],[638796.49,1833076.53],[638804.45,1833074.35],[638808.59,1833089.31],[638800.62,1833091.5]]]]}},{"type":"Feature","properties":{"building":"yes","height":6,"heightSource":"default"},"geometry":{"type":"MultiPolygon","coordinates":[[[[638840.74,1833113.72],[638841.12,1833099.45],[638860.1,1833099.95],[638859.73,1833114.22],[638840.74,1833113.72]]]]}},{"type":"Feature","properties":{"building":"yes","height":6,"heightSource":"default"},"geometry":{"type":"MultiPolygon","coordinates":[[[[638699.15,1832971.63],[638703.88,1832959.48],[638711.74,1832962.52],[638707.01,1832974.65],[638699.15,1832971.63]]]]}},{"type":"Feature","properties":{"building":"yes","height":6,"heightSource":"default"},"geometry":{"type":"MultiPolygon","coordinates":[[[[638785.71,1833046.07],[638786.82,1833024.77],[638793.11,1833025.1],[638792,1833046.39],[638785.71,1833046.07]]]]}},{"type":"Feature","properties":{"building":"yes","height":6,"heightSource":"default"},"geometry":{"type":"MultiPolygon","coordinates":[[[[638754.05,1833033.69],[638755.4,1833027.68],[638757.62,1833017.75],[638766.88,1833019.79],[638763.29,1833035.74],[638754.05,1833033.69]]]]}},{"type":"Feature","properties":{"building":"yes","height":6,"heightSource":"default"},"geometry":{"type":"MultiPolygon","coordinates":[[[[638653.83,1833314.82],[638654.62,1833306.99],[638679.42,1833309.44],[638678.64,1833317.27],[638653.83,1833314.82]]]]}},{"type":"Feature","properties":{"building":"yes","height":6,"heightSource":"default"},"geometry":{"type":"MultiPolygon","coordinates":[[[[638716.15,1833366.49],[638718.4,1833359.65],[638728.5,1833362.95],[638726.25,1833369.78],[638716.15,1833366.49]]]]}},{"type":"Feature","properties":{"building":"yes","height":6,"heightSource":"default"},"geometry":{"type":"MultiPolygon","coordinates":[[[[638727.21,1833370.02],[638729.58,1833362.59],[638745.91,1833367.74],[638743.53,1833375.18],[638727.21,1833370.02]]]]}},{"type":"Feature","properties":{"building":"yes","height":6,"heightSource":"default"},"geometry":{"type":"MultiPolygon","coordinates":[[[[638745.26,1833372.58],[638747.93,1833364.24],[638756.07,1833366.81],[638753.4,1833375.16],[638745.26,1833372.58]]]]}},{"type":"Feature","properties":{"building":"yes","height":6,"heightSource":"default"},"geometry":{"type":"MultiPolygon","coordinates":[[[[638779.7,1833478.28],[638783.65,1833458.83],[638792.44,1833460.59],[638788.49,1833480.04],[638779.7,1833478.28]]]]}},{"type":"Feature","properties":{"building":"yes","height":6,"heightSource":"default"},"geometry":{"type":"MultiPolygon","coordinates":[[[[638708.52,1833003.62],[638724.82,1832964.28],[638733.89,1832967.99],[638717.6,1833007.33],[638708.52,1833003.62]]]]}},{"type":"Feature","properties":{"building":"yes","height":6,"heightSource":"default"},"geometry":{"type":"MultiPolygon","coordinates":[[[[638747.52,1833011.79],[638753.43,1833000.42],[638775.58,1833002.32],[638774.57,1833014.09],[638747.52,1833011.79]]]]}},{"type":"Feature","properties":{"building":"yes","height":6,"heightSource":"default"},"geometry":{"type":"MultiPolygon","coordinates":[[[[638685.07,1833054.09],[638698.34,1833023.18],[638712.63,1833029.24],[638699.37,1833060.16],[638685.07,1833054.09]]]]}},{"type":"Feature","properties":{"building":"yes","height":6,"heightSource":"default"},"geometry":{"type":"MultiPolygon","coordinates":[[[[638701.88,1833056.77],[638714.11,1833027.61],[638731.32,1833034.74],[638719.09,1833063.9],[638701.88,1833056.77]]]]}},{"type":"Feature","properties":{"building":"yes","height":6,"heightSource":"default"},"geometry":{"type":"MultiPolygon","coordinates":[[[[638764.94,1833037.07],[638766.72,1833021.82],[638780.31,1833023.38],[638778.54,1833038.64],[638764.94,1833037.07]]]]}},{"type":"Feature","properties":{"building":"yes","height":6,"heightSource":"default"},"geometry":{"type":"MultiPolygon","coordinates":[[[[638805.86,1833047.38],[638806.81,1833024.97],[638817.87,1833025.44],[638816.91,1833047.84],[638805.86,1833047.38]]]]}},{"type":"Feature","properties":{"building":"yes","height":6,"heightSource":"default"},"geometry":{"type":"MultiPolygon","coordinates":[[[[638712.2,1833099.42],[638718.68,1833083.41],[638724.83,1833081.44],[638735.85,1833085.85],[638730.33,1833099.48],[638727.82,1833105.67],[638712.2,1833099.42]]]]}},{"type":"Feature","properties":{"building":"yes","height":6,"heightSource":"default"},"geometry":{"type":"MultiPolygon","coordinates":[[[[638817.38,1833137.46],[638822.62,1833133.74],[638840.24,1833158.27],[638834.99,1833161.99],[638817.38,1833137.46]]]]}},{"type":"Feature","properties":{"building":"yes","height":6,"heightSource":"default"},"geometry":{"type":"MultiPolygon","coordinates":[[[[638794.49,1833141.14],[638797.29,1833131.65],[638809.13,1833135.1],[638806.33,1833144.59],[638794.49,1833141.14]]]]}},{"type":"Feature","properties":{"building":"yes","height":6,"heightSource":"default"},"geometry":{"type":"MultiPolygon","coordinates":[[[[638842.66,1833157.08],[638844.6,1833142.34],[638859.37,1833144.25],[638857.42,1833159.01],[638842.66,1833157.08]]]]}},{"type":"Feature","properties":{"building":"yes","height":6,"heightSource":"default"},"geometry":{"type":"MultiPolygon","coordinates":[[[[638837.8,1833137.4],[638838.95,1833121.8],[638849.55,1833122.57],[638848.39,1833138.18],[638837.8,1833137.4]]]]}},{"type":"Feature","properties":{"building":"yes","height":6,"heightSource":"default"},"geometry":{"type":"MultiPolygon","coordinates":[[[[638826.26,1833136.19],[638827.01,1833121.2],[638837.66,1833121.72],[638836.92,1833136.71],[638826.26,1833136.19]]]]}},{"type":"Feature","properties":{"building":"yes","height":6,"heightSource":"default"},"geometry":{"type":"MultiPolygon","coordinates":[[[[638645.87,1833147.67],[638649.99,1833137.5],[638683,1833150.71],[638678.88,1833160.88],[638645.87,1833147.67]]]]}},{"type":"Feature","properties":{"building":"yes","height":6,"heightSource":"default"},"geometry":{"type":"MultiPolygon","coordinates":[[[[638640.82,1833159.25],[638645.37,1833148.15],[638660.63,1833154.33],[638656.08,1833165.44],[638640.82,1833159.25]]]]}},{"type":"Feature","properties":{"building":"yes","height":6,"heightSource":"default"},"geometry":{"type":"MultiPolygon","coordinates":[[[[638633.9,1833168.76],[638637.32,1833160.91],[638653.68,1833167.97],[638650.25,1833175.81],[638633.9,1833168.76]]]]}},{"type":"Feature","properties":{"building":"yes","height":6,"heightSource":"default"},"geometry":{"type":"MultiPolygon","coordinates":[[[[638660.88,1833168.64],[638664.79,1833158.9],[638676.88,1833163.69],[638672.97,1833173.43],[638660.88,1833168.64]]]]}},{"type":"Feature","properties":{"building":"yes","height":6,"heightSource":"default"},"geometry":{"type":"MultiPolygon","coordinates":[[[[638743.83,1833410.53],[638747.37,1833399.72],[638776.09,1833409.01],[638772.56,1833419.82],[638743.83,1833410.53]]]]}},{"type":"Feature","properties":{"building":"yes","height":6,"heightSource":"default"},"geometry":{"type":"MultiPolygon","coordinates":[[[[638792.4,1833413.83],[638798.61,1833384.47],[638807.79,1833386.39],[638801.6,1833415.75],[638792.4,1833413.83]]]]}},{"type":"Feature","properties":{"building":"yes","height":6,"heightSource":"default"},"geometry":{"type":"MultiPolygon","coordinates":[[[[638507.37,1833207.34],[638510.44,1833198.33],[638524.42,1833203.02],[638521.35,1833212.04],[638507.37,1833207.34]]]]}},{"type":"Feature","properties":{"building":"yes","height":6,"heightSource":"default"},"geometry":{"type":"MultiPolygon","coordinates":[[[[638502.89,1833217.26],[638506.03,1833208.44],[638519.99,1833213.34],[638516.85,1833222.16],[638502.89,1833217.26]]]]}},{"type":"Feature","properties":{"building":"yes","height":6,"heightSource":"default"},"geometry":{"type":"MultiPolygon","coordinates":[[[[638543.57,1833212.02],[638549.31,1833198.69],[638555.76,1833201.43],[638550.03,1833214.76],[638543.57,1833212.02]]]]}},{"type":"Feature","properties":{"building":"yes","height":6,"heightSource":"default"},"geometry":{"type":"MultiPolygon","coordinates":[[[[638626.07,1832918.38],[638626.92,1832910.31],[638640.78,1832911.75],[638639.94,1832919.83],[638626.07,1832918.38]]]]}},{"type":"Feature","properties":{"building":"yes","height":6,"heightSource":"default"},"geometry":{"type":"MultiPolygon","coordinates":[[[[638643.95,1832877.3],[638649.51,1832868.25],[638671.43,1832881.54],[638665.86,1832890.59],[638643.95,1832877.3]]]]}},{"type":"Feature","properties":{"building":"yes","height":6,"heightSource":"default"},"geometry":{"type":"MultiPolygon","coordinates":[[[[638637.1,1832903.86],[638645.39,1832888.51],[638656.16,1832894.26],[638647.87,1832909.61],[638637.1,1832903.86]]]]}},{"type":"Feature","properties":{"building":"yes","height":6,"heightSource":"default"},"geometry":{"type":"MultiPolygon","coordinates":[[[[638850.9,1833057.17],[638862.44,1833051.43],[638869.32,1833065.11],[638857.78,1833070.84],[638850.9,1833057.17]]]]}},{"type":"Feature","properties":{"building":"yes","height":6,"heightSource":"default"},"geometry":{"type":"MultiPolygon","coordinates":[[[[638835.09,1833060.39],[638841.45,1833056.98],[638846.86,1833066.94],[638840.51,1833070.35],[638835.09,1833060.39]]]]}},{"type":"Feature","properties":{"building":"yes","height":6,"heightSource":"default"},"geometry":{"type":"MultiPolygon","coordinates":[[[[638828.49,1833063.95],[638834.84,1833060.54],[638840.25,1833070.51],[638833.9,1833073.92],[638828.49,1833063.95]]]]}},{"type":"Feature","properties":{"building":"yes","height":6,"heightSource":"default"},"geometry":{"type":"MultiPolygon","coordinates":[[[[638815.84,1833070.32],[638822.19,1833066.91],[638827.61,1833076.87],[638821.25,1833080.28],[638815.84,1833070.32]]]]}},{"type":"Feature","properties":{"building":"yes","height":6,"heightSource":"default"},"geometry":{"type":"MultiPolygon","coordinates":[[[[638808.8,1833074.13],[638815.15,1833070.72],[638820.56,1833080.68],[638814.21,1833084.09],[638808.8,1833074.13]]]]}},{"type":"Feature","properties":{"building":"yes","height":6,"heightSource":"default"},"geometry":{"type":"MultiPolygon","coordinates":[[[[638811.48,1833113.96],[638811.16,1833100.75],[638820.05,1833100.53],[638820.37,1833113.75],[638811.48,1833113.96]]]]}},{"type":"Feature","properties":{"building":"yes","height":6,"heightSource":"default"},"geometry":{"type":"MultiPolygon","coordinates":[[[[638820.37,1833113.75],[638831.13,1833113.5],[638830.81,1833100.28],[638820.05,1833100.53],[638820.37,1833113.75]]]]}},{"type":"Feature","properties":{"building":"yes","height":6,"heightSource":"default"},"geometry":{"type":"MultiPolygon","coordinates":[[[[638831.13,1833113.5],[638839.28,1833113.3],[638838.96,1833100.08],[638830.81,1833100.28],[638831.13,1833113.5]]]]}},{"type":"Feature","properties":{"building":"yes","height":6,"heightSource":"default"},"geometry":{"type":"MultiPolygon","coordinates":[[[[638735.94,1833124.04],[638747.49,1833100.31],[638759.68,1833106.18],[638749.15,1833127.81],[638744.66,1833125.66],[638743.64,1833127.74],[638735.94,1833124.04]]]]}},{"type":"Feature","properties":{"building":"yes","height":6,"heightSource":"default"},"geometry":{"type":"MultiPolygon","coordinates":[[[[638723.27,1833133.3],[638727.81,1833122.17],[638745.46,1833129.29],[638740.9,1833140.41],[638723.27,1833133.3]]]]}},{"type":"Feature","properties":{"building":"yes","height":6,"heightSource":"default"},"geometry":{"type":"MultiPolygon","coordinates":[[[[639144.44,1832920.6],[639142.19,1832898.88],[639174.93,1832895.54],[639177.17,1832917.27],[639144.44,1832920.6]]]]}},{"type":"Feature","properties":{"building":"yes","height":6,"heightSource":"default"},"geometry":{"type":"MultiPolygon","coordinates":[[[[639147.65,1832944.41],[639144.9,1832921.49],[639176.03,1832917.8],[639178.78,1832940.72],[639147.65,1832944.41]]]]}},{"type":"Feature","properties":{"building":"yes","height":6,"heightSource":"default"},"geometry":{"type":"MultiPolygon","coordinates":[[[[639115.08,1832829.07],[639115.84,1832802.53],[639133.7,1832803.04],[639132.94,1832829.59],[639115.08,1832829.07]]]]}},{"type":"Feature","properties":{"building":"yes","height":6,"heightSource":"default"},"geometry":{"type":"MultiPolygon","coordinates":[[[[638702.17,1833124.4],[638706.46,1833113.82],[638727.15,1833122.1],[638722.86,1833132.68],[638702.17,1833124.4]]]]}},{"type":"Feature","properties":{"building":"yes","height":6,"heightSource":"default"},"geometry":{"type":"MultiPolygon","coordinates":[[[[638699.35,1833131.51],[638702.17,1833124.4],[638722.86,1833132.68],[638719.92,1833139.77],[638699.35,1833131.51]]]]}},{"type":"Feature","properties":{"building":"yes","height":6,"heightSource":"default"},"geometry":{"type":"MultiPolygon","coordinates":[[[[638696.82,1833137.75],[638699.35,1833131.51],[638719.92,1833139.77],[638717.38,1833146],[638696.82,1833137.75]]]]}},{"type":"Feature","properties":{"building":"yes","height":6,"heightSource":"default"},"geometry":{"type":"MultiPolygon","coordinates":[[[[638706.46,1833113.82],[638709.68,1833105.6],[638730.49,1833113.97],[638729.9,1833115.38],[638727.15,1833122.1],[638706.46,1833113.82]]]]}},{"type":"Feature","properties":{"building":"yes","height":6,"heightSource":"default"},"geometry":{"type":"MultiPolygon","coordinates":[[[[638676.97,1833085.77],[638705.36,1833098.27],[638709.08,1833089.91],[638680.69,1833077.4],[638676.97,1833085.77]]]]}},{"type":"Feature","properties":{"building":"yes","height":6,"heightSource":"default"},"geometry":{"type":"MultiPolygon","coordinates":[[[[638711.72,1833163.37],[638718.61,1833146.49],[638734.43,1833152.85],[638727.54,1833169.75],[638711.72,1833163.37]]]]}},{"type":"Feature","properties":{"building":"yes","height":6,"heightSource":"default"},"geometry":{"type":"MultiPolygon","coordinates":[[[[638688.77,1833157.63],[638696.82,1833137.75],[638717.38,1833146],[638718.61,1833146.49],[638711.72,1833163.37],[638710.49,1833166.37],[638707.17,1833165.04],[638688.77,1833157.63]]]]}},{"type":"Feature","properties":{"building":"yes","height":6,"heightSource":"default"},"geometry":{"type":"MultiPolygon","coordinates":[[[[639147.84,1833070.67],[639147.1,1833053.9],[639174.59,1833052.72],[639175.32,1833069.48],[639147.84,1833070.67]]]]}},{"type":"Feature","properties":{"building":"yes","height":6,"heightSource":"default"},"geometry":{"type":"MultiPolygon","coordinates":[[[[639147.1,1833053.9],[639146.05,1833030.52],[639173.57,1833029.3],[639174.37,1833046.88],[639174.59,1833052.72],[639147.1,1833053.9]]]]}},{"type":"Feature","properties":{"building":"yes","height":6,"heightSource":"default"},"geometry":{"type":"MultiPolygon","coordinates":[[[[638857.68,1833072.3],[638867.58,1833067.86],[638872.44,1833078.57],[638862.54,1833083.01],[638857.68,1833072.3]]]]}},{"type":"Feature","properties":{"building":"yes","height":6,"heightSource":"default"},"geometry":{"type":"MultiPolygon","coordinates":[[[[638864.29,1833083.13],[638874.09,1833078.41],[638876.63,1833083.59],[638866.83,1833088.33],[638864.29,1833083.13]]]]}},{"type":"Feature","properties":{"building":"yes","height":6,"heightSource":"default"},"geometry":{"type":"MultiPolygon","coordinates":[[[[638782.43,1833063.37],[638782.19,1833047.56],[638791.94,1833047.41],[638792.16,1833063.24],[638782.43,1833063.37]]]]}},{"type":"Feature","properties":{"building":"yes","height":6,"heightSource":"default"},"geometry":{"type":"MultiPolygon","coordinates":[[[[638767.72,1833061.43],[638769.39,1833056.93],[638779.79,1833060.73],[638778.12,1833065.24],[638767.72,1833061.43]]]]}},{"type":"Feature","properties":{"building":"yes","height":6,"heightSource":"default"},"geometry":{"type":"MultiPolygon","coordinates":[[[[638742.43,1833084.78],[638749.28,1833069.56],[638758.32,1833073.58],[638755.26,1833080.39],[638751.47,1833088.8],[638742.43,1833084.78]]]]}},{"type":"Feature","properties":{"building":"yes","height":6,"heightSource":"default"},"geometry":{"type":"MultiPolygon","coordinates":[[[[638751.47,1833088.8],[638755.26,1833080.39],[638759.08,1833082.09],[638755.3,1833090.51],[638751.47,1833088.8]]]]}},{"type":"Feature","properties":{"building":"yes","height":6,"heightSource":"default"},"geometry":{"type":"MultiPolygon","coordinates":[[[[638673.21,1833095.58],[638675.47,1833090.6],[638703.23,1833103],[638700.98,1833107.99],[638696.79,1833106.13],[638685.67,1833101.15],[638675.16,1833096.45],[638673.21,1833095.58]]]]}},{"type":"Feature","properties":{"building":"yes","height":6,"heightSource":"default"},"geometry":{"type":"MultiPolygon","coordinates":[[[[638670.75,1833106.19],[638675.16,1833096.45],[638685.67,1833101.15],[638681.27,1833110.88],[638670.75,1833106.19]]]]}},{"type":"Feature","properties":{"building":"yes","height":6,"heightSource":"default"},"geometry":{"type":"MultiPolygon","coordinates":[[[[638679.84,1833114.07],[638681.27,1833110.88],[638685.67,1833101.15],[638696.79,1833106.13],[638690.98,1833119.02],[638679.84,1833114.07]]]]}},{"type":"Feature","properties":{"building":"yes","height":6,"heightSource":"default"},"geometry":{"type":"MultiPolygon","coordinates":[[[[639002.55,1833149.52],[639002.06,1833131.76],[639015,1833131.4],[639015.49,1833149.17],[639002.55,1833149.52]]]]}},{"type":"Feature","properties":{"building":"yes","height":6,"heightSource":"default"},"geometry":{"type":"MultiPolygon","coordinates":[[[[638576.63,1833305.49],[638582.45,1833289.21],[638605.65,1833297.41],[638602.31,1833306.71],[638599.81,1833313.71],[638587.75,1833309.42],[638577.87,1833305.93],[638576.63,1833305.49]]]]}},{"type":"Feature","properties":{"building":"yes","height":6,"heightSource":"default"},"geometry":{"type":"MultiPolygon","coordinates":[[[[638602.31,1833306.71],[638622.07,1833313.73],[638627.71,1833298.01],[638607.95,1833291],[638605.65,1833297.41],[638602.31,1833306.71]]]]}},{"type":"Feature","properties":{"building":"yes","height":6,"heightSource":"default"},"geometry":{"type":"MultiPolygon","coordinates":[[[[638599.81,1833313.71],[638602.31,1833306.71],[638622.07,1833313.73],[638619.54,1833320.73],[638609.27,1833317.07],[638599.81,1833313.71]]]]}},{"type":"Feature","properties":{"building":"yes","height":6,"heightSource":"default"},"geometry":{"type":"MultiPolygon","coordinates":[[[[638570.24,1833326.69],[638577.87,1833305.93],[638587.75,1833309.42],[638582.58,1833323.7],[638580.17,1833330.3],[638570.24,1833326.69]]]]}},{"type":"Feature","properties":{"building":"yes","height":6,"heightSource":"default"},"geometry":{"type":"MultiPolygon","coordinates":[[[[638582.58,1833323.7],[638604.08,1833331.39],[638609.27,1833317.07],[638599.81,1833313.71],[638587.75,1833309.42],[638582.58,1833323.7]]]]}},{"type":"Feature","properties":{"building":"yes","height":6,"heightSource":"default"},"geometry":{"type":"MultiPolygon","coordinates":[[[[638602.81,1833334.89],[638604.08,1833331.39],[638609.27,1833317.07],[638619.54,1833320.73],[638612.98,1833338.57],[638602.81,1833334.89]]]]}},{"type":"Feature","properties":{"building":"yes","height":6,"heightSource":"default"},"geometry":{"type":"MultiPolygon","coordinates":[[[[638791.38,1834548.84],[638794.62,1834429.46],[638795.21,1834409.71],[638857.02,1834413.02],[638855.1,1834519.87],[638791.38,1834548.84]]]]}},{"type":"Feature","properties":{"building":"yes","height":6,"heightSource":"default"},"geometry":{"type":"MultiPolygon","coordinates":[[[[638794.62,1834429.46],[638791.54,1834429.37],[638785.53,1834407.88],[638795.25,1834408.16],[638795.21,1834409.71],[638794.62,1834429.46]]]]}},{"type":"Feature","properties":{"building":"yes","height":6,"heightSource":"default"},"geometry":{"type":"MultiPolygon","coordinates":[[[[638764.35,1833491.55],[638766.55,1833477.89],[638788.78,1833481.45],[638786.58,1833495.1],[638764.35,1833491.55]]]]}},{"type":"Feature","properties":{"building":"yes","height":6,"heightSource":"default"},"geometry":{"type":"MultiPolygon","coordinates":[[[[638980.62,1833148.83],[638980.18,1833129.98],[638990.81,1833129.73],[638991.26,1833148.59],[638980.62,1833148.83]]]]}},{"type":"Feature","properties":{"building":"yes","height":6,"heightSource":"default"},"geometry":{"type":"MultiPolygon","coordinates":[[[[639085.36,1832883.43],[639084.57,1832870.17],[639123.92,1832867.86],[639124.95,1832885.18],[639113.6,1832885.85],[639113.36,1832881.8],[639085.36,1832883.43]]]]}},{"type":"Feature","properties":{"building":"yes","height":6,"heightSource":"default"},"geometry":{"type":"MultiPolygon","coordinates":[[[[639060.06,1832902.58],[639067.4,1832888.26],[639071.87,1832890.52],[639064.53,1832904.85],[639060.06,1832902.58]]]]}},{"type":"Feature","properties":{"building":"yes","height":6,"heightSource":"default"},"geometry":{"type":"MultiPolygon","coordinates":[[[[639072.96,1832899.73],[639072.39,1832889.03],[639094.58,1832887.86],[639095.15,1832898.55],[639072.96,1832899.73]]]]}},{"type":"Feature","properties":{"building":"yes","height":6,"heightSource":"default"},"geometry":{"type":"MultiPolygon","coordinates":[[[[638683.29,1832719.55],[638694.1,1832704.55],[638704.06,1832711.64],[638693.24,1832726.64],[638683.29,1832719.55]]]]}},{"type":"Feature","properties":{"building":"yes","height":6,"heightSource":"default"},"geometry":{"type":"MultiPolygon","coordinates":[[[[638705.28,1832730.88],[638714.34,1832710.88],[638721.91,1832714.26],[638712.85,1832734.27],[638705.28,1832730.88]]]]}},{"type":"Feature","properties":{"building":"yes","height":6,"heightSource":"default"},"geometry":{"type":"MultiPolygon","coordinates":[[[[638775.13,1833015.13],[638775.88,1833004.35],[638798.21,1833005.89],[638797.46,1833016.68],[638775.13,1833015.13]]]]}},{"type":"Feature","properties":{"building":"yes","height":6,"heightSource":"default"},"geometry":{"type":"MultiPolygon","coordinates":[[[[638832.71,1833019.53],[638830.35,1833010.75],[638843.47,1833007.27],[638845.82,1833016.05],[638832.71,1833019.53]]]]}},{"type":"Feature","properties":{"building":"yes","height":6,"heightSource":"default"},"geometry":{"type":"MultiPolygon","coordinates":[[[[638772.95,1833123.06],[638779.3,1833108.74],[638787.89,1833112.5],[638781.54,1833126.82],[638772.95,1833123.06]]]]}},{"type":"Feature","properties":{"building":"yes","height":6,"heightSource":"default"},"geometry":{"type":"MultiPolygon","coordinates":[[[[638761.59,1833129.7],[638769.35,1833111.7],[638774.92,1833114.07],[638767.18,1833132.09],[638761.59,1833129.7]]]]}},{"type":"Feature","properties":{"building":"yes","height":6,"heightSource":"default"},"geometry":{"type":"MultiPolygon","coordinates":[[[[638768.08,1833133.41],[638772.69,1833123.75],[638780.62,1833127.48],[638776.02,1833137.15],[638768.08,1833133.41]]]]}},{"type":"Feature","properties":{"building":"yes","height":6,"heightSource":"default"},"geometry":{"type":"MultiPolygon","coordinates":[[[[638781.54,1833126.82],[638787.33,1833129.35],[638794.38,1833113.6],[638788.56,1833110.99],[638787.89,1833112.5],[638781.54,1833126.82]]]]}},{"type":"Feature","properties":{"building":"yes","height":6,"heightSource":"default"},"geometry":{"type":"MultiPolygon","coordinates":[[[[638787.33,1833129.35],[638795.17,1833132.82],[638796.82,1833129.16],[638802.23,1833117.07],[638794.38,1833113.6],[638787.33,1833129.35]]]]}},{"type":"Feature","properties":{"building":"yes","height":6,"heightSource":"default"},"geometry":{"type":"MultiPolygon","coordinates":[[[[638796.82,1833129.16],[638806.15,1833133.29],[638811.56,1833121.2],[638802.23,1833117.07],[638796.82,1833129.16]]]]}},{"type":"Feature","properties":{"building":"yes","height":6,"heightSource":"default"},"geometry":{"type":"MultiPolygon","coordinates":[[[[638782.3,1833101.86],[638787.44,1833091.76],[638803.74,1833099.97],[638798.6,1833110.06],[638782.3,1833101.86]]]]}},{"type":"Feature","properties":{"building":"yes","height":6,"heightSource":"default"},"geometry":{"type":"MultiPolygon","coordinates":[[[[639744.86,1833062.77],[639755.55,1833023.1],[639772.05,1833027.49],[639761.38,1833067.16],[639744.86,1833062.77]]]]}},{"type":"Feature","properties":{"building":"yes","height":6,"heightSource":"default"},"geometry":{"type":"MultiPolygon","coordinates":[[[[639761,1833070.42],[639773.67,1833023.37],[639793.27,1833028.57],[639780.61,1833075.64],[639761,1833070.42]]]]}},{"type":"Feature","properties":{"building":"yes","height":6,"heightSource":"default"},"geometry":{"type":"MultiPolygon","coordinates":[[[[639916.74,1833017.59],[639916.67,1833005.64],[639946.51,1833005.5],[639946.57,1833017.44],[639916.74,1833017.59]]]]}},{"type":"Feature","properties":{"building":"yes","height":6,"heightSource":"default"},"geometry":{"type":"MultiPolygon","coordinates":[[[[639342.51,1833098.48],[639347.32,1833083.03],[639361.41,1833087.36],[639356.6,1833102.81],[639342.51,1833098.48]]]]}},{"type":"Feature","properties":{"building":"yes","height":6,"heightSource":"default"},"geometry":{"type":"MultiPolygon","coordinates":[[[[639347.32,1833083.03],[639349.74,1833075.25],[639363.82,1833079.59],[639361.41,1833087.36],[639347.32,1833083.03]]]]}},{"type":"Feature","properties":{"building":"yes","height":6,"heightSource":"default"},"geometry":{"type":"MultiPolygon","coordinates":[[[[640474.52,1833027.06],[640474.2,1833009.04],[640497.44,1833008.64],[640497.75,1833026.66],[640474.52,1833027.06]]]]}},{"type":"Feature","properties":{"building":"yes","height":6,"heightSource":"default"},"geometry":{"type":"MultiPolygon","coordinates":[[[[640473.51,1833004.09],[640473.24,1832991.83],[640503.73,1832991.17],[640503.99,1833003.45],[640473.51,1833004.09]]]]}},{"type":"Feature","properties":{"building":"yes","height":6,"heightSource":"default"},"geometry":{"type":"MultiPolygon","coordinates":[[[[640463.5,1833068.84],[640463.05,1833040.51],[640480.48,1833040.24],[640480.92,1833068.56],[640463.5,1833068.84]]]]}},{"type":"Feature","properties":{"building":"yes","height":6,"heightSource":"default"},"geometry":{"type":"MultiPolygon","coordinates":[[[[640443.83,1833089.89],[640443.79,1833066.28],[640446.65,1833059.41],[640450.85,1833059.41],[640450.9,1833089.88],[640443.83,1833089.89]]]]}},{"type":"Feature","properties":{"building":"roof","height":6,"heightSource":"default"},"geometry":{"type":"MultiPolygon","coordinates":[[[[639480.56,1833151.45],[639479.93,1833133.76],[639493.28,1833133.29],[639493.91,1833150.98],[639480.56,1833151.45]]]]}},{"type":"Feature","properties":{"building":"yes","height":6,"heightSource":"default"},"geometry":{"type":"MultiPolygon","coordinates":[[[[639463.21,1833147.76],[639461.15,1833138.22],[639467.67,1833136.83],[639469.73,1833146.36],[639463.21,1833147.76]]]]}},{"type":"Feature","properties":{"building":"yes","height":6,"heightSource":"default"},"geometry":{"type":"MultiPolygon","coordinates":[[[[639471.02,1833165.56],[639470.93,1833159.7],[639486.33,1833159.47],[639486.42,1833165.34],[639471.02,1833165.56]]]]}},{"type":"Feature","properties":{"building":"yes","height":6,"heightSource":"default"},"geometry":{"type":"MultiPolygon","coordinates":[[[[639489.62,1833170.46],[639489.79,1833157.96],[639505.07,1833158.17],[639504.9,1833170.67],[639489.62,1833170.46]]]]}},{"type":"Feature","properties":{"building":"yes","height":6,"heightSource":"default"},"geometry":{"type":"MultiPolygon","coordinates":[[[[638641.96,1833009.56],[638647.88,1832997.46],[638655.26,1833001.03],[638649.33,1833013.13],[638641.96,1833009.56]]]]}},{"type":"Feature","properties":{"building":"yes","height":6,"heightSource":"default"},"geometry":{"type":"MultiPolygon","coordinates":[[[[638616.04,1833210.49],[638618.99,1833203.15],[638640.22,1833211.63],[638637.25,1833218.89],[638616.04,1833210.49]]]]}},{"type":"Feature","properties":{"building":"yes","height":6,"heightSource":"default"},"geometry":{"type":"MultiPolygon","coordinates":[[[[638618.99,1833203.15],[638621.87,1833196.05],[638637.52,1833202.39],[638643.12,1833204.56],[638640.77,1833210.22],[638640.22,1833211.63],[638618.99,1833203.15]]]]}},{"type":"Feature","properties":{"building":"yes","height":6,"heightSource":"default"},"geometry":{"type":"MultiPolygon","coordinates":[[[[638630.22,1833616.52],[638631.23,1833608.51],[638668,1833613.1],[638666.99,1833621.12],[638630.22,1833616.52]]]]}},{"type":"Feature","properties":{"building":"yes","height":6,"heightSource":"default"},"geometry":{"type":"MultiPolygon","coordinates":[[[[638645.77,1833608.07],[638647.14,1833599.4],[638678.49,1833604.3],[638677.12,1833612.96],[638645.77,1833608.07]]]]}},{"type":"Feature","properties":{"building":"yes","height":6,"heightSource":"default"},"geometry":{"type":"MultiPolygon","coordinates":[[[[638563.41,1833558.78],[638566.19,1833538.16],[638591.06,1833541.49],[638588.27,1833562.09],[638563.41,1833558.78]]]]}},{"type":"Feature","properties":{"building":"yes","height":6,"heightSource":"default"},"geometry":{"type":"MultiPolygon","coordinates":[[[[638588.74,1833558.99],[638591.11,1833541.52],[638600.73,1833542.8],[638598.38,1833560.28],[638588.74,1833558.99]]]]}},{"type":"Feature","properties":{"building":"yes","height":6,"heightSource":"default"},"geometry":{"type":"MultiPolygon","coordinates":[[[[638573.7,1833539.07],[638574.66,1833532],[638590.97,1833534.17],[638590.02,1833541.25],[638573.7,1833539.07]]]]}},{"type":"Feature","properties":{"building":"yes","height":6,"heightSource":"default"},"geometry":{"type":"MultiPolygon","coordinates":[[[[638460.09,1833587.32],[638462.5,1833578.49],[638468.28,1833580.05],[638465.87,1833588.89],[638460.09,1833587.32]]]]}},{"type":"Feature","properties":{"building":"yes","height":6,"heightSource":"default"},"geometry":{"type":"MultiPolygon","coordinates":[[[[638463.32,1833575.22],[638465.74,1833566.38],[638471.52,1833567.95],[638469.11,1833576.77],[638463.32,1833575.22]]]]}},{"type":"Feature","properties":{"building":"yes","height":6,"heightSource":"default"},"geometry":{"type":"MultiPolygon","coordinates":[[[[638473.1,1833577.85],[638475.52,1833569.01],[638481.3,1833570.58],[638478.88,1833579.4],[638473.1,1833577.85]]]]}},{"type":"Feature","properties":{"building":"yes","height":6,"heightSource":"default"},"geometry":{"type":"MultiPolygon","coordinates":[[[[638470.79,1833590.23],[638473.22,1833581.39],[638478.99,1833582.95],[638476.57,1833591.79],[638470.79,1833590.23]]]]}},{"type":"Feature","properties":{"building":"yes","height":6,"heightSource":"default"},"geometry":{"type":"MultiPolygon","coordinates":[[[[638480.22,1833591.97],[638482.64,1833583.13],[638488.42,1833584.7],[638486.01,1833593.53],[638480.22,1833591.97]]]]}},{"type":"Feature","properties":{"building":"yes","height":6,"heightSource":"default"},"geometry":{"type":"MultiPolygon","coordinates":[[[[638482.53,1833580.74],[638484.94,1833571.9],[638490.72,1833573.47],[638488.31,1833582.29],[638482.53,1833580.74]]]]}},{"type":"Feature","properties":{"building":"yes","height":6,"heightSource":"default"},"geometry":{"type":"MultiPolygon","coordinates":[[[[638489.21,1833593.8],[638491.62,1833584.96],[638497.41,1833586.52],[638494.99,1833595.36],[638489.21,1833593.8]]]]}},{"type":"Feature","properties":{"building":"yes","height":6,"heightSource":"default"},"geometry":{"type":"MultiPolygon","coordinates":[[[[638492.58,1833581.6],[638495,1833572.77],[638500.78,1833574.33],[638498.37,1833583.16],[638492.58,1833581.6]]]]}},{"type":"Feature","properties":{"building":"yes","height":6,"heightSource":"default"},"geometry":{"type":"MultiPolygon","coordinates":[[[[639424.67,1833785.89],[639425.54,1833777.07],[639466.28,1833781.07],[639465.4,1833789.89],[639424.67,1833785.89]]]]}},{"type":"Feature","properties":{"building":"yes","height":6,"heightSource":"default"},"geometry":{"type":"MultiPolygon","coordinates":[[[[639456.02,1833778.32],[639460.48,1833759.54],[639468.49,1833761.42],[639464.04,1833780.19],[639456.02,1833778.32]]]]}},{"type":"Feature","properties":{"building":"yes","height":6,"heightSource":"default"},"geometry":{"type":"MultiPolygon","coordinates":[[[[639462.72,1833756.76],[639470.23,1833730.09],[639475.62,1833731.58],[639468.12,1833758.27],[639462.72,1833756.76]]]]}},{"type":"Feature","properties":{"building":"yes","height":6,"heightSource":"default"},"geometry":{"type":"MultiPolygon","coordinates":[[[[638532.6,1832942.2],[638535.55,1832936.24],[638567.26,1832951.71],[638564.31,1832957.67],[638532.6,1832942.2]]]]}},{"type":"Feature","properties":{"building":"yes","height":6,"heightSource":"default"},"geometry":{"type":"MultiPolygon","coordinates":[[[[638518.84,1832948.99],[638522.23,1832943.4],[638546.47,1832957.98],[638548.26,1832955.05],[638561.36,1832962.93],[638556.18,1832971.45],[638518.84,1832948.99]]]]}},{"type":"Feature","properties":{"building":"yes","height":6,"heightSource":"default"},"geometry":{"type":"MultiPolygon","coordinates":[[[[638565.83,1832936.22],[638566.56,1832927.16],[638579.63,1832928.22],[638578.89,1832937.27],[638565.83,1832936.22]]]]}},{"type":"Feature","properties":{"building":"yes","height":6,"heightSource":"default"},"geometry":{"type":"MultiPolygon","coordinates":[[[[638592.53,1832920.25],[638593.7,1832903.27],[638602.95,1832903.91],[638601.78,1832920.87],[638592.53,1832920.25]]]]}},{"type":"Feature","properties":{"building":"yes","height":6,"heightSource":"default"},"geometry":{"type":"MultiPolygon","coordinates":[[[[638733.85,1833042.6],[638737.49,1833033.77],[638763.04,1833044.15],[638762.15,1833046.31],[638764.39,1833047.22],[638761.64,1833053.9],[638733.85,1833042.6]]]]}},{"type":"Feature","properties":{"building":"yes","height":6,"heightSource":"default"},"geometry":{"type":"MultiPolygon","coordinates":[[[[638731.61,1833048.08],[638733.85,1833042.6],[638761.64,1833053.9],[638759.37,1833059.38],[638756.05,1833058.03],[638731.61,1833048.08]]]]}},{"type":"Feature","properties":{"building":"yes","height":6,"heightSource":"default"},"geometry":{"type":"MultiPolygon","coordinates":[[[[638731.61,1833048.08],[638729.13,1833054.15],[638753.54,1833064.1],[638756.05,1833058.03],[638731.61,1833048.08]]]]}},{"type":"Feature","properties":{"building":"yes","height":6,"heightSource":"default"},"geometry":{"type":"MultiPolygon","coordinates":[[[[638625.31,1833187.69],[638637.58,1833192.67],[638640.96,1833194.04],[638663.59,1833203.15],[638665.72,1833197.95],[638627.43,1833182.48],[638625.31,1833187.69]]]]}},{"type":"Feature","properties":{"building":"yes","height":6,"heightSource":"default"},"geometry":{"type":"MultiPolygon","coordinates":[[[[638640.77,1833210.22],[638658.76,1833217.59],[638661.91,1833210.02],[638660.75,1833209.55],[638643.91,1833202.66],[638643.12,1833204.56],[638640.77,1833210.22]]]]}},{"type":"Feature","properties":{"building":"yes","height":6,"heightSource":"default"},"geometry":{"type":"MultiPolygon","coordinates":[[[[638670.68,1833202.41],[638675.26,1833191.26],[638683.22,1833194.49],[638694.19,1833198.92],[638689.61,1833210.11],[638670.68,1833202.41]]]]}},{"type":"Feature","properties":{"building":"yes","height":6,"heightSource":"default"},"geometry":{"type":"MultiPolygon","coordinates":[[[[638689.61,1833210.11],[638702.95,1833215.52],[638707.55,1833204.32],[638696.78,1833199.96],[638694.19,1833198.92],[638689.61,1833210.11]]]]}},{"type":"Feature","properties":{"building":"yes","height":6,"heightSource":"default"},"geometry":{"type":"MultiPolygon","coordinates":[[[[638656.24,1833179.15],[638660.38,1833169.75],[638670.89,1833174.33],[638666.74,1833183.72],[638656.24,1833179.15]]]]}},{"type":"Feature","properties":{"building":"yes","height":6,"heightSource":"default"},"geometry":{"type":"MultiPolygon","coordinates":[[[[638621.87,1833196.05],[638625.31,1833187.69],[638637.58,1833192.67],[638640.96,1833194.04],[638637.52,1833202.39],[638621.87,1833196.05]]]]}},{"type":"Feature","properties":{"building":"yes","height":6,"heightSource":"default"},"geometry":{"type":"MultiPolygon","coordinates":[[[[638637.52,1833202.39],[638643.12,1833204.56],[638643.91,1833202.66],[638660.75,1833209.55],[638663.59,1833203.15],[638640.96,1833194.04],[638637.52,1833202.39]]]]}},{"type":"Feature","properties":{"building":"yes","height":6,"heightSource":"default"},"geometry":{"type":"MultiPolygon","coordinates":[[[[638941.76,1833182.82],[638946.24,1833155.89],[638973.28,1833160.33],[638971.07,1833173.6],[638965.62,1833172.7],[638963.36,1833186.36],[638941.76,1833182.82]]]]}},{"type":"Feature","properties":{"building":"yes","height":6,"heightSource":"default"},"geometry":{"type":"MultiPolygon","coordinates":[[[[639001.37,1833187.92],[639001.36,1833174.15],[639014.85,1833174.13],[639014.87,1833187.91],[639001.37,1833187.92]]]]}},{"type":"Feature","properties":{"building":"yes","height":6,"heightSource":"default"},"geometry":{"type":"MultiPolygon","coordinates":[[[[639008.91,1833164.52],[639009.09,1833152.64],[639014.46,1833152.72],[639014.29,1833164.6],[639008.91,1833164.52]]]]}},{"type":"Feature","properties":{"building":"yes","height":6,"heightSource":"default"},"geometry":{"type":"MultiPolygon","coordinates":[[[[638754.23,1833307.4],[638756.16,1833304.98],[638760.27,1833308.23],[638758.34,1833310.64],[638754.23,1833307.4]]]]}},{"type":"Feature","properties":{"building":"yes","height":6,"heightSource":"default"},"geometry":{"type":"MultiPolygon","coordinates":[[[[638758.8,1833312.09],[638760.64,1833309.59],[638764.86,1833312.67],[638763.03,1833315.16],[638758.8,1833312.09]]]]}},{"type":"Feature","properties":{"building":"yes","height":6,"heightSource":"default"},"geometry":{"type":"MultiPolygon","coordinates":[[[[638765.27,1833316.42],[638765.99,1833313.41],[638771.09,1833314.64],[638770.36,1833317.64],[638765.27,1833316.42]]]]}},{"type":"Feature","properties":{"building":"yes","height":6,"heightSource":"default"},"geometry":{"type":"MultiPolygon","coordinates":[[[[638783.95,1833311.92],[638785.93,1833305.71],[638800.29,1833310.22],[638798.3,1833316.44],[638783.95,1833311.92]]]]}},{"type":"Feature","properties":{"building":"yes","height":6,"heightSource":"default"},"geometry":{"type":"MultiPolygon","coordinates":[[[[638835.26,1833173.8],[638835.77,1833166.12],[638848.54,1833166.98],[638848.02,1833174.66],[638835.26,1833173.8]]]]}},{"type":"Feature","properties":{"building":"yes","height":6,"heightSource":"default"},"geometry":{"type":"MultiPolygon","coordinates":[[[[638836.07,1833165.82],[638836.35,1833161.67],[638847.34,1833162.43],[638847.05,1833166.58],[638836.07,1833165.82]]]]}},{"type":"Feature","properties":{"building":"yes","height":6,"heightSource":"default"},"geometry":{"type":"MultiPolygon","coordinates":[[[[638789.76,1833151.47],[638792.55,1833142.1],[638807.53,1833146.51],[638804.74,1833155.89],[638789.76,1833151.47]]]]}},{"type":"Feature","properties":{"building":"yes","height":6,"heightSource":"default"},"geometry":{"type":"MultiPolygon","coordinates":[[[[638786.32,1833168.45],[638789.24,1833156.66],[638803.67,1833160.21],[638800.74,1833171.99],[638786.32,1833168.45]]]]}},{"type":"Feature","properties":{"building":"yes","height":6,"heightSource":"default"},"geometry":{"type":"MultiPolygon","coordinates":[[[[638783.06,1833147.77],[638786.65,1833138.31],[638792.42,1833140.48],[638788.83,1833149.94],[638783.06,1833147.77]]]]}},{"type":"Feature","properties":{"building":"yes","height":6,"heightSource":"default"},"geometry":{"type":"MultiPolygon","coordinates":[[[[638767.39,1833095.42],[638775.86,1833077.22],[638780.28,1833079.25],[638779.37,1833081.19],[638771.81,1833097.44],[638767.39,1833095.42]]]]}},{"type":"Feature","properties":{"building":"yes","height":6,"heightSource":"default"},"geometry":{"type":"MultiPolygon","coordinates":[[[[638771.81,1833097.44],[638776.24,1833099.49],[638782.75,1833085.53],[638783.82,1833083.24],[638779.37,1833081.19],[638771.81,1833097.44]]]]}},{"type":"Feature","properties":{"building":"yes","height":6,"heightSource":"default"},"geometry":{"type":"MultiPolygon","coordinates":[[[[638776.24,1833099.49],[638780.89,1833101.63],[638787.4,1833087.67],[638782.75,1833085.53],[638776.24,1833099.49]]]]}},{"type":"Feature","properties":{"building":"yes","height":6,"heightSource":"default"},"geometry":{"type":"MultiPolygon","coordinates":[[[[638798.66,1833017.41],[638807.24,1833017.58],[638807.53,1833002.81],[638798.89,1833005.76],[638798.66,1833017.41]]]]}},{"type":"Feature","properties":{"building":"yes","height":6,"heightSource":"default"},"geometry":{"type":"MultiPolygon","coordinates":[[[[638807.53,1833017.67],[638807.79,1833001.79],[638811.67,1833001.86],[638817.04,1833010.74],[638816.92,1833017.83],[638807.53,1833017.67]]]]}},{"type":"Feature","properties":{"building":"yes","height":6,"heightSource":"default"},"geometry":{"type":"MultiPolygon","coordinates":[[[[638717.76,1833007.47],[638727.8,1832982.94],[638737.26,1832986.06],[638732.1,1833010.13],[638717.76,1833007.47]]]]}},{"type":"Feature","properties":{"building":"yes","height":6,"heightSource":"default"},"geometry":{"type":"MultiPolygon","coordinates":[[[[638728.27,1832982.55],[638730.99,1832975.29],[638740.84,1832978.95],[638738.13,1832986.2],[638728.27,1832982.55]]]]}},{"type":"Feature","properties":{"building":"yes","height":6,"heightSource":"default"},"geometry":{"type":"MultiPolygon","coordinates":[[[[638731.85,1832974.05],[638734.13,1832968.52],[638743.58,1832972.37],[638741.31,1832977.9],[638731.85,1832974.05]]]]}},{"type":"Feature","properties":{"building":"yes","height":6,"heightSource":"default"},"geometry":{"type":"MultiPolygon","coordinates":[[[[638741.11,1832979.39],[638743.85,1832972.88],[638756.42,1832978.1],[638753.68,1832984.6],[638741.11,1832979.39]]]]}},{"type":"Feature","properties":{"building":"yes","height":6,"heightSource":"default"},"geometry":{"type":"MultiPolygon","coordinates":[[[[638739.02,1832985.36],[638741.14,1832980.2],[638752.32,1832984.73],[638750.19,1832989.89],[638739.02,1832985.36]]]]}},{"type":"Feature","properties":{"building":"yes","height":6,"heightSource":"default"},"geometry":{"type":"MultiPolygon","coordinates":[[[[638733,1833009.86],[638735.33,1832998.16],[638741.43,1832999.36],[638739.12,1833011.06],[638733,1833009.86]]]]}},{"type":"Feature","properties":{"building":"yes","height":6,"heightSource":"default"},"geometry":{"type":"MultiPolygon","coordinates":[[[[638735.31,1832997.81],[638736.37,1832992.25],[638742.74,1832993.45],[638741.68,1832999.01],[638735.31,1832997.81]]]]}},{"type":"Feature","properties":{"building":"yes","height":6,"heightSource":"default"},"geometry":{"type":"MultiPolygon","coordinates":[[[[638738.45,1833099.28],[638742.15,1833090.35],[638747.03,1833092.35],[638743.32,1833101.28],[638738.45,1833099.28]]]]}},{"type":"Feature","properties":{"building":"yes","height":6,"heightSource":"default"},"geometry":{"type":"MultiPolygon","coordinates":[[[[638738.78,1833182.82],[638743.78,1833171.01],[638752.73,1833174.74],[638747.73,1833186.55],[638738.78,1833182.82]]]]}},{"type":"Feature","properties":{"building":"yes","height":6,"heightSource":"default"},"geometry":{"type":"MultiPolygon","coordinates":[[[[638760.66,1833192.05],[638764.32,1833184.43],[638771.03,1833187.61],[638767.36,1833195.24],[638760.66,1833192.05]]]]}},{"type":"Feature","properties":{"building":"yes","height":6,"heightSource":"default"},"geometry":{"type":"MultiPolygon","coordinates":[[[[638732.96,1833194.39],[638735.14,1833188.91],[638744.88,1833192.73],[638742.7,1833198.22],[638732.96,1833194.39]]]]}},{"type":"Feature","properties":{"building":"yes","height":6,"heightSource":"default"},"geometry":{"type":"MultiPolygon","coordinates":[[[[638706.32,1833216.7],[638713.29,1833200.89],[638717.33,1833202.65],[638714.34,1833209.36],[638711.11,1833216.87],[638710.36,1833218.47],[638706.32,1833216.7]]]]}},{"type":"Feature","properties":{"building":"yes","height":6,"heightSource":"default"},"geometry":{"type":"MultiPolygon","coordinates":[[[[638713.49,1833219.42],[638714.03,1833218.11],[638717.14,1833210.57],[638719.98,1833203.69],[638725.68,1833204.07],[638718.5,1833221.45],[638713.49,1833219.42]]]]}},{"type":"Feature","properties":{"building":"yes","height":6,"heightSource":"default"},"geometry":{"type":"MultiPolygon","coordinates":[[[[638711.11,1833216.87],[638714.03,1833218.11],[638717.14,1833210.57],[638714.34,1833209.36],[638711.11,1833216.87]]]]}},{"type":"Feature","properties":{"building":"yes","height":6,"heightSource":"default"},"geometry":{"type":"MultiPolygon","coordinates":[[[[638695.89,1833235.36],[638701.3,1833223.21],[638706.02,1833225.29],[638700.61,1833237.44],[638695.89,1833235.36]]]]}},{"type":"Feature","properties":{"building":"yes","height":6,"heightSource":"default"},"geometry":{"type":"MultiPolygon","coordinates":[[[[638724.56,1833222.26],[638729.03,1833212.76],[638734.75,1833215.42],[638730.28,1833224.91],[638724.56,1833222.26]]]]}},{"type":"Feature","properties":{"building":"yes","height":6,"heightSource":"default"},"geometry":{"type":"MultiPolygon","coordinates":[[[[638675.26,1833191.26],[638682.5,1833173.49],[638690.46,1833176.69],[638683.22,1833194.49],[638675.26,1833191.26]]]]}},{"type":"Feature","properties":{"building":"yes","height":6,"heightSource":"default"},"geometry":{"type":"MultiPolygon","coordinates":[[[[638696.78,1833199.96],[638704.13,1833182.21],[638697.95,1833179.67],[638690.46,1833176.69],[638683.22,1833194.49],[638694.19,1833198.92],[638696.78,1833199.96]]]]}},{"type":"Feature","properties":{"building":"yes","height":6,"heightSource":"default"},"geometry":{"type":"MultiPolygon","coordinates":[[[[638682.5,1833173.49],[638684.37,1833168.75],[638699.85,1833174.98],[638697.95,1833179.67],[638690.46,1833176.69],[638682.5,1833173.49]]]]}},{"type":"Feature","properties":{"building":"yes","height":6,"heightSource":"default"},"geometry":{"type":"MultiPolygon","coordinates":[[[[638684.37,1833168.75],[638686.54,1833163.03],[638705.06,1833170.78],[638708.54,1833172.23],[638706.23,1833177.68],[638699.85,1833174.98],[638684.37,1833168.75]]]]}},{"type":"Feature","properties":{"building":"yes","height":6,"heightSource":"default"},"geometry":{"type":"MultiPolygon","coordinates":[[[[638686.54,1833163.03],[638688.77,1833157.63],[638707.17,1833165.04],[638705.06,1833170.78],[638686.54,1833163.03]]]]}},{"type":"Feature","properties":{"building":"yes","height":6,"heightSource":"default"},"geometry":{"type":"MultiPolygon","coordinates":[[[[638708.08,1833179.09],[638710.37,1833173.61],[638717.25,1833176.45],[638714.95,1833181.94],[638708.08,1833179.09]]]]}},{"type":"Feature","properties":{"building":"yes","height":6,"heightSource":"default"},"geometry":{"type":"MultiPolygon","coordinates":[[[[638702.98,1833191.02],[638706.05,1833183.99],[638715.6,1833188.12],[638712.53,1833195.15],[638702.98,1833191.02]]]]}},{"type":"Feature","properties":{"building":"yes","height":6,"heightSource":"default"},"geometry":{"type":"MultiPolygon","coordinates":[[[[638715.99,1833194.95],[638718.75,1833189.11],[638723.79,1833191.47],[638721.03,1833197.29],[638715.99,1833194.95]]]]}},{"type":"Feature","properties":{"building":"yes","height":6,"heightSource":"default"},"geometry":{"type":"MultiPolygon","coordinates":[[[[638726.54,1833209.68],[638727.49,1833207.47],[638726.24,1833206.93],[638730.03,1833198.19],[638731.1,1833198.65],[638731.78,1833197.1],[638742.67,1833201.76],[638738.6,1833211.16],[638735.76,1833209.95],[638735.11,1833211.44],[638732.86,1833210.47],[638732.17,1833212.08],[638726.54,1833209.68]]]]}},{"type":"Feature","properties":{"building":"yes","height":6,"heightSource":"default"},"geometry":{"type":"MultiPolygon","coordinates":[[[[638724.91,1833199.39],[638728.1,1833192.6],[638730.95,1833193.93],[638727.75,1833200.71],[638724.91,1833199.39]]]]}},{"type":"Feature","properties":{"building":"yes","height":6,"heightSource":"default"},"geometry":{"type":"MultiPolygon","coordinates":[[[[638709.68,1833105.6],[638712.2,1833099.42],[638727.82,1833105.67],[638730.33,1833099.48],[638735.63,1833101.62],[638730.49,1833113.97],[638709.68,1833105.6]]]]}},{"type":"Feature","properties":{"building":"yes","height":6,"heightSource":"default"},"geometry":{"type":"MultiPolygon","coordinates":[[[[638729.9,1833115.38],[638735.91,1833117.85],[638741.63,1833104.08],[638735.63,1833101.62],[638730.49,1833113.97],[638729.9,1833115.38]]]]}},{"type":"Feature","properties":{"building":"yes","height":6,"heightSource":"default"},"geometry":{"type":"MultiPolygon","coordinates":[[[[638744.68,1833025.31],[638746.9,1833015.38],[638757.62,1833017.75],[638755.4,1833027.68],[638744.68,1833025.31]]]]}},{"type":"Feature","properties":{"building":"yes","height":6,"heightSource":"default"},"geometry":{"type":"MultiPolygon","coordinates":[[[[638743.34,1833031.32],[638744.68,1833025.31],[638755.4,1833027.68],[638754.05,1833033.69],[638743.34,1833031.32]]]]}},{"type":"Feature","properties":{"building":"yes","height":6,"heightSource":"default"},"geometry":{"type":"MultiPolygon","coordinates":[[[[638794.99,1833046],[638795.41,1833035.02],[638804.24,1833035.35],[638803.83,1833046.34],[638794.99,1833046]]]]}},{"type":"Feature","properties":{"building":"yes","height":6,"heightSource":"default"},"geometry":{"type":"MultiPolygon","coordinates":[[[[638575.16,1833481.89],[638578.08,1833473.21],[638596.31,1833479.28],[638593.39,1833487.95],[638575.16,1833481.89]]]]}},{"type":"Feature","properties":{"building":"yes","height":6,"heightSource":"default"},"geometry":{"type":"MultiPolygon","coordinates":[[[[638567.44,1833506.06],[638570.59,1833496.9],[638579.36,1833499.86],[638576.22,1833509.03],[638567.44,1833506.06]]]]}},{"type":"Feature","properties":{"building":"yes","height":6,"heightSource":"default"},"geometry":{"type":"MultiPolygon","coordinates":[[[[638506.06,1833521.64],[638508.56,1833510.17],[638533.55,1833515.53],[638531.06,1833527],[638506.06,1833521.64]]]]}},{"type":"Feature","properties":{"building":"yes","height":6,"heightSource":"default"},"geometry":{"type":"MultiPolygon","coordinates":[[[[638530.55,1833529.4],[638531.06,1833527],[638533.55,1833515.53],[638541.26,1833517.19],[638540.41,1833521.12],[638538.28,1833531.04],[638530.55,1833529.4]]]]}},{"type":"Feature","properties":{"building":"yes","height":6,"heightSource":"default"},"geometry":{"type":"MultiPolygon","coordinates":[[[[638538.28,1833531.04],[638545.65,1833532.6],[638547.77,1833522.66],[638540.41,1833521.12],[638538.28,1833531.04]]]]}},{"type":"Feature","properties":{"building":"yes","height":6,"heightSource":"default"},"geometry":{"type":"MultiPolygon","coordinates":[[[[638502.31,1833504.94],[638503.42,1833499.63],[638515.18,1833502.06],[638514.07,1833507.37],[638502.31,1833504.94]]]]}},{"type":"Feature","properties":{"building":"yes","height":6,"heightSource":"default"},"geometry":{"type":"MultiPolygon","coordinates":[[[[638583.91,1833644.3],[638587.53,1833613.92],[638594.36,1833614.73],[638590.72,1833645.11],[638583.91,1833644.3]]]]}},{"type":"Feature","properties":{"building":"yes","height":6,"heightSource":"default"},"geometry":{"type":"MultiPolygon","coordinates":[[[[638574.26,1833641.52],[638577.02,1833614.12],[638584.37,1833614.85],[638581.61,1833642.25],[638574.26,1833641.52]]]]}},{"type":"Feature","properties":{"building":"yes","height":6,"heightSource":"default"},"geometry":{"type":"MultiPolygon","coordinates":[[[[638574,1833602.69],[638574.2,1833609.07],[638621.9,1833607.58],[638621.7,1833601.18],[638574,1833602.69]]]]}},{"type":"Feature","properties":{"building":"yes","height":6,"heightSource":"default"},"geometry":{"type":"MultiPolygon","coordinates":[[[[638871.72,1833491.51],[638873.19,1833481.07],[638896.14,1833484.26],[638894.69,1833494.69],[638871.72,1833491.51]]]]}},{"type":"Feature","properties":{"building":"yes","height":6,"heightSource":"default"},"geometry":{"type":"MultiPolygon","coordinates":[[[[638902.51,1833615.62],[638905.27,1833601.98],[638936.09,1833608.12],[638933.34,1833621.77],[638902.51,1833615.62]]]]}},{"type":"Feature","properties":{"building":"yes","height":6,"heightSource":"default"},"geometry":{"type":"MultiPolygon","coordinates":[[[[638840.44,1833707.74],[638841.7,1833695.42],[638859.52,1833697.23],[638858.26,1833709.54],[638840.44,1833707.74]]]]}},{"type":"Feature","properties":{"building":"yes","height":6,"heightSource":"default"},"geometry":{"type":"MultiPolygon","coordinates":[[[[638867.59,1833714.34],[638868.89,1833704.51],[638883.42,1833706.41],[638882.13,1833716.24],[638867.59,1833714.34]]]]}},{"type":"Feature","properties":{"building":"yes","height":6,"heightSource":"default"},"geometry":{"type":"MultiPolygon","coordinates":[[[[637925.43,1834054.09],[637921.93,1834041.76],[637952.19,1834033.27],[637955.7,1834045.6],[637925.43,1834054.09]]]]}},{"type":"Feature","properties":{"building":"yes","height":6,"heightSource":"default"},"geometry":{"type":"MultiPolygon","coordinates":[[[[637929.63,1834074.17],[637926.13,1834061.86],[637956.39,1834053.37],[637959.89,1834065.69],[637929.63,1834074.17]]]]}},{"type":"Feature","properties":{"building":"yes","height":6,"heightSource":"default"},"geometry":{"type":"MultiPolygon","coordinates":[[[[637953.04,1834090.61],[637949.7,1834078.24],[637973.83,1834071.81],[637977.16,1834084.18],[637953.04,1834090.61]]]]}},{"type":"Feature","properties":{"building":"yes","height":6,"heightSource":"default"},"geometry":{"type":"MultiPolygon","coordinates":[[[[637971.31,1834143.06],[637962.68,1834110.58],[637982.87,1834105.29],[637991.5,1834137.75],[637971.31,1834143.06]]]]}},{"type":"Feature","properties":{"building":"yes","height":6,"heightSource":"default"},"geometry":{"type":"MultiPolygon","coordinates":[[[[637846.45,1834165.68],[637850.19,1834178.57],[637928.49,1834156.17],[637924.75,1834143.25],[637846.45,1834165.68]]]]}},{"type":"Feature","properties":{"building":"yes","height":6,"heightSource":"default"},"geometry":{"type":"MultiPolygon","coordinates":[[[[637852.63,1834194.18],[637856.51,1834207.42],[637931.97,1834185.58],[637928.09,1834172.31],[637852.63,1834194.18]]]]}},{"type":"Feature","properties":{"building":"yes","height":6,"heightSource":"default"},"geometry":{"type":"MultiPolygon","coordinates":[[[[637949.16,1834186.73],[637952.99,1834200.04],[638011.34,1834183.47],[638007.5,1834170.14],[637949.16,1834186.73]]]]}},{"type":"Feature","properties":{"building":"yes","height":6,"heightSource":"default"},"geometry":{"type":"MultiPolygon","coordinates":[[[[638035.79,1834190.74],[638028.8,1834167.01],[638067.78,1834155.68],[638074.77,1834179.42],[638035.79,1834190.74]]]]}},{"type":"Feature","properties":{"building":"yes","height":6,"heightSource":"default"},"geometry":{"type":"MultiPolygon","coordinates":[[[[637770.6,1834181.32],[637821.48,1834167.23],[637819.91,1834161.61],[637769.03,1834175.71],[637770.6,1834181.32]]]]}},{"type":"Feature","properties":{"building":"yes","height":6,"heightSource":"default"},"geometry":{"type":"MultiPolygon","coordinates":[[[[637799.06,1834203.12],[637796.75,1834196.53],[637825.3,1834186.66],[637827.61,1834193.25],[637799.06,1834203.12]]]]}},{"type":"Feature","properties":{"building":"yes","height":6,"heightSource":"default"},"geometry":{"type":"MultiPolygon","coordinates":[[[[637828.77,1834189.2],[637822.52,1834168.9],[637835.16,1834165.05],[637841.41,1834185.34],[637828.77,1834189.2]]]]}},{"type":"Feature","properties":{"building":"yes","height":6,"heightSource":"default"},"geometry":{"type":"MultiPolygon","coordinates":[[[[638265.32,1833712.15],[638263.01,1833697.77],[638295.19,1833692.69],[638297.48,1833707.08],[638265.32,1833712.15]]]]}},{"type":"Feature","properties":{"building":"yes","height":6,"heightSource":"default"},"geometry":{"type":"MultiPolygon","coordinates":[[[[638240.72,1833703.03],[638235.79,1833667.99],[638250.55,1833665.95],[638252.2,1833677.65],[638254.55,1833677.33],[638255.96,1833687.44],[638253.76,1833687.74],[638255.62,1833700.96],[638240.72,1833703.03]]]]}},{"type":"Feature","properties":{"building":"yes","height":6,"heightSource":"default"},"geometry":{"type":"MultiPolygon","coordinates":[[[[638160.54,1833683.5],[638165.25,1833701.31],[638189.46,1833694.99],[638184.74,1833677.16],[638160.54,1833683.5]]]]}},{"type":"Feature","properties":{"building":"yes","height":6,"heightSource":"default"},"geometry":{"type":"MultiPolygon","coordinates":[[[[638200.39,1833691.32],[638198.16,1833680.47],[638211.69,1833677.75],[638213.9,1833688.58],[638200.39,1833691.32]]]]}},{"type":"Feature","properties":{"building":"yes","height":6,"heightSource":"default"},"geometry":{"type":"MultiPolygon","coordinates":[[[[638200.47,1833708.21],[638197.34,1833692.81],[638213.35,1833689.58],[638216.5,1833704.99],[638200.47,1833708.21]]]]}},{"type":"Feature","properties":{"building":"yes","height":6,"heightSource":"default"},"geometry":{"type":"MultiPolygon","coordinates":[[[[638171.7,1833217.18],[638192.96,1833202.58],[638202.17,1833215.81],[638180.91,1833230.41],[638171.7,1833217.18]]]]}},{"type":"Feature","properties":{"building":"yes","height":6,"heightSource":"default"},"geometry":{"type":"MultiPolygon","coordinates":[[[[638180.91,1833230.41],[638188.83,1833241.63],[638210.2,1833227.63],[638202.17,1833215.81],[638180.91,1833230.41]]]]}},{"type":"Feature","properties":{"building":"yes","height":6,"heightSource":"default"},"geometry":{"type":"MultiPolygon","coordinates":[[[[639324.43,1834169.35],[639331.26,1834153.29],[639342.99,1834158.21],[639336.18,1834174.28],[639324.43,1834169.35]]]]}},{"type":"Feature","properties":{"building":"yes","height":6,"heightSource":"default"},"geometry":{"type":"MultiPolygon","coordinates":[[[[639339.44,1834175.6],[639345.89,1834160.06],[639351.49,1834162.35],[639345.04,1834177.89],[639339.44,1834175.6]]]]}},{"type":"Feature","properties":{"building":"yes","height":6,"heightSource":"default"},"geometry":{"type":"MultiPolygon","coordinates":[[[[639363.03,1834076.92],[639370.82,1834080.3],[639365.9,1834091.49],[639398.83,1834105.78],[639410.2,1834079.91],[639379.09,1834066.41],[639377.05,1834071.04],[639367.44,1834066.88],[639363.03,1834076.92]]]]}},{"type":"Feature","properties":{"building":"yes","height":6,"heightSource":"default"},"geometry":{"type":"MultiPolygon","coordinates":[[[[639304.72,1834022.86],[639314.36,1834000.79],[639347.87,1834015.26],[639338.23,1834037.32],[639304.72,1834022.86]]]]}},{"type":"Feature","properties":{"building":"yes","height":6,"heightSource":"default"},"geometry":{"type":"MultiPolygon","coordinates":[[[[639341.27,1834039.63],[639350,1834021.36],[639357.76,1834025.03],[639349.03,1834043.3],[639341.27,1834039.63]]]]}},{"type":"Feature","properties":{"building":"yes","height":6,"heightSource":"default"},"geometry":{"type":"MultiPolygon","coordinates":[[[[639331.96,1834148.29],[639341.6,1834152.52],[639348.27,1834137.45],[639353.86,1834139.88],[639358.49,1834129.41],[639354.59,1834127.71],[639360.91,1834113.4],[639351.14,1834109.13],[639345.35,1834122.25],[639335.44,1834117.91],[639330.07,1834130.06],[639338.41,1834133.7],[639331.96,1834148.29]]]]}},{"type":"Feature","properties":{"building":"yes","height":6,"heightSource":"default"},"geometry":{"type":"MultiPolygon","coordinates":[[[[639267.84,1833855.76],[639272.84,1833809.78],[639297.48,1833812.44],[639292.47,1833858.41],[639267.84,1833855.76]]]]}},{"type":"Feature","properties":{"building":"yes","height":6,"heightSource":"default"},"geometry":{"type":"MultiPolygon","coordinates":[[[[639356.12,1833854.5],[639360.28,1833845.83],[639376.38,1833853.48],[639372.21,1833862.14],[639356.12,1833854.5]]]]}},{"type":"Feature","properties":{"building":"yes","height":6,"heightSource":"default"},"geometry":{"type":"MultiPolygon","coordinates":[[[[639202.7,1834012.83],[639206.45,1834003.31],[639228.41,1834011.85],[639224.65,1834021.38],[639202.7,1834012.83]]]]}},{"type":"Feature","properties":{"building":"yes","height":6,"heightSource":"default"},"geometry":{"type":"MultiPolygon","coordinates":[[[[639196.1,1834029.25],[639201.94,1834014.47],[639225.93,1834023.83],[639220.09,1834038.61],[639196.1,1834029.25]]]]}},{"type":"Feature","properties":{"building":"yes","height":6,"heightSource":"default"},"geometry":{"type":"MultiPolygon","coordinates":[[[[639206.53,1834001.54],[639213.71,1833984.24],[639232.05,1833991.76],[639224.85,1834009.06],[639206.53,1834001.54]]]]}},{"type":"Feature","properties":{"building":"yes","height":6,"heightSource":"default"},"geometry":{"type":"MultiPolygon","coordinates":[[[[639012.15,1834315.59],[639012.65,1834302.42],[639020.3,1834302.7],[639019.8,1834315.87],[639012.15,1834315.59]]]]}},{"type":"Feature","properties":{"building":"yes","height":6,"heightSource":"default"},"geometry":{"type":"MultiPolygon","coordinates":[[[[638593.05,1834573.65],[638586.5,1834553.43],[638606.18,1834547.13],[638612.74,1834567.35],[638605.62,1834569.62],[638593.05,1834573.65]]]]}},{"type":"Feature","properties":{"building":"yes","height":6,"heightSource":"default"},"geometry":{"type":"MultiPolygon","coordinates":[[[[638593.05,1834573.65],[638606.51,1834614.61],[638619.08,1834610.53],[638605.62,1834569.62],[638593.05,1834573.65]]]]}},{"type":"Feature","properties":{"building":"yes","height":6,"heightSource":"default"},"geometry":{"type":"MultiPolygon","coordinates":[[[[638626.75,1834602.17],[638621.41,1834584.98],[638633.77,1834581.19],[638639.11,1834598.39],[638626.75,1834602.17]]]]}},{"type":"Feature","properties":{"building":"yes","height":6,"heightSource":"default"},"geometry":{"type":"MultiPolygon","coordinates":[[[[638606.58,1834547.19],[638613.14,1834567.34],[638626.72,1834562.97],[638611.29,1834515.66],[638605.03,1834517.68],[638611.97,1834538.95],[638610.39,1834539.46],[638612.32,1834545.35],[638606.58,1834547.19]]]]}},{"type":"Feature","properties":{"building":"yes","height":6,"heightSource":"default"},"geometry":{"type":"MultiPolygon","coordinates":[[[[638627.7,1834552.79],[638647.26,1834610.5],[638683.98,1834598.21],[638676.83,1834577.12],[638667.47,1834580.25],[638656.35,1834547.42],[638655.06,1834543.63],[638643.9,1834547.36],[638627.7,1834552.79]]]]}},{"type":"Feature","properties":{"building":"yes","height":6,"heightSource":"default"},"geometry":{"type":"MultiPolygon","coordinates":[[[[638643.9,1834547.36],[638635.06,1834526.64],[638656.96,1834517.53],[638668.64,1834542.79],[638656.35,1834547.42],[638655.06,1834543.63],[638643.9,1834547.36]]]]}},{"type":"Feature","properties":{"building":"yes","height":6,"heightSource":"default"},"geometry":{"type":"MultiPolygon","coordinates":[[[[638663.43,1834555.26],[638674.17,1834577.07],[638693.37,1834567.73],[638682.63,1834545.92],[638663.43,1834555.26]]]]}},{"type":"Feature","properties":{"building":"yes","height":6,"heightSource":"default"},"geometry":{"type":"MultiPolygon","coordinates":[[[[638682.07,1834585.78],[638685.85,1834593.1],[638714.4,1834578.58],[638710.62,1834571.24],[638682.07,1834585.78]]]]}},{"type":"Feature","properties":{"building":"yes","height":6,"heightSource":"default"},"geometry":{"type":"MultiPolygon","coordinates":[[[[638686.38,1834593.88],[638690.16,1834601.21],[638718.71,1834586.69],[638714.93,1834579.35],[638686.38,1834593.88]]]]}},{"type":"Feature","properties":{"building":"yes","height":6,"heightSource":"default"},"geometry":{"type":"MultiPolygon","coordinates":[[[[638606.25,1834614.89],[638619.37,1834610.55],[638623.19,1834621.92],[638610.06,1834626.27],[638606.25,1834614.89]]]]}},{"type":"Feature","properties":{"building":"yes","height":6,"heightSource":"default"},"geometry":{"type":"MultiPolygon","coordinates":[[[[638392.22,1833862.89],[638401.58,1833840.81],[638407.29,1833843.2],[638397.93,1833865.28],[638392.22,1833862.89]]]]}},{"type":"Feature","properties":{"building":"yes","height":6,"heightSource":"default"},"geometry":{"type":"MultiPolygon","coordinates":[[[[638518.15,1833726.97],[638519.86,1833716.7],[638536.8,1833719.5],[638535.08,1833729.76],[638518.15,1833726.97]]]]}},{"type":"Feature","properties":{"building":"yes","height":6,"heightSource":"default"},"geometry":{"type":"MultiPolygon","coordinates":[[[[638591.11,1833755.73],[638594.55,1833743.52],[638614.54,1833749.1],[638611.11,1833761.29],[638591.11,1833755.73]]]]}},{"type":"Feature","properties":{"building":"yes","height":6,"heightSource":"default"},"geometry":{"type":"MultiPolygon","coordinates":[[[[638549.84,1833817.1],[638550.74,1833809.82],[638572.12,1833812.42],[638571.22,1833819.72],[638549.84,1833817.1]]]]}},{"type":"Feature","properties":{"building":"yes","height":6,"heightSource":"default"},"geometry":{"type":"MultiPolygon","coordinates":[[[[638520.22,1833982.6],[638520.93,1833963.14],[638534.71,1833963.64],[638534.01,1833983.1],[638520.22,1833982.6]]]]}},{"type":"Feature","properties":{"building":"yes","height":6,"heightSource":"default"},"geometry":{"type":"MultiPolygon","coordinates":[[[[638566.62,1833999.35],[638566.84,1833993.62],[638595.89,1833994.73],[638595.66,1834000.47],[638566.62,1833999.35]]]]}},{"type":"Feature","properties":{"building":"yes","height":6,"heightSource":"default"},"geometry":{"type":"MultiPolygon","coordinates":[[[[638184.78,1833781.23],[638190.54,1833760.16],[638192.02,1833760.56],[638207.52,1833764.74],[638201.76,1833785.82],[638184.78,1833781.23]]]]}},{"type":"Feature","properties":{"building":"yes","height":6,"heightSource":"default"},"geometry":{"type":"MultiPolygon","coordinates":[[[[638207.14,1833770.22],[638208.82,1833763.26],[638237.74,1833770.19],[638236.04,1833777.18],[638207.14,1833770.22]]]]}},{"type":"Feature","properties":{"building":"yes","height":6,"heightSource":"default"},"geometry":{"type":"MultiPolygon","coordinates":[[[[638203.18,1833785.6],[638206.85,1833770.47],[638218.65,1833773.28],[638215,1833788.4],[638203.18,1833785.6]]]]}},{"type":"Feature","properties":{"building":"yes","height":6,"heightSource":"default"},"geometry":{"type":"MultiPolygon","coordinates":[[[[638215.54,1833787.72],[638219.06,1833773.36],[638234.84,1833777.19],[638231.32,1833791.55],[638215.54,1833787.72]]]]}},{"type":"Feature","properties":{"building":"yes","height":6,"heightSource":"default"},"geometry":{"type":"MultiPolygon","coordinates":[[[[638255.48,1833793.4],[638260.73,1833779.18],[638270.13,1833782.61],[638264.87,1833796.83],[638255.48,1833793.4]]]]}},{"type":"Feature","properties":{"building":"yes","height":6,"heightSource":"default"},"geometry":{"type":"MultiPolygon","coordinates":[[[[638221.08,1833810.52],[638228,1833794.32],[638245.14,1833801.56],[638238.22,1833817.75],[638221.08,1833810.52]]]]}},{"type":"Feature","properties":{"building":"yes","height":6,"heightSource":"default"},"geometry":{"type":"MultiPolygon","coordinates":[[[[638195.05,1833830],[638197.44,1833823.73],[638211.87,1833829.15],[638209.48,1833835.43],[638195.05,1833830]]]]}},{"type":"Feature","properties":{"building":"yes","height":6,"heightSource":"default"},"geometry":{"type":"MultiPolygon","coordinates":[[[[638230.71,1833839.04],[638234.87,1833828.99],[638246.4,1833833.7],[638242.24,1833843.75],[638230.71,1833839.04]]]]}},{"type":"Feature","properties":{"building":"yes","height":6,"heightSource":"default"},"geometry":{"type":"MultiPolygon","coordinates":[[[[638204.8,1833806.44],[638210.54,1833791.75],[638218.94,1833794.99],[638213.2,1833809.68],[638204.8,1833806.44]]]]}},{"type":"Feature","properties":{"building":"yes","height":6,"heightSource":"default"},"geometry":{"type":"MultiPolygon","coordinates":[[[[638239.18,1833725.13],[638267.05,1833730.46],[638265.05,1833740.77],[638237.18,1833735.45],[638239.18,1833725.13]]]]}},{"type":"Feature","properties":{"building":"yes","height":6,"heightSource":"default"},"geometry":{"type":"MultiPolygon","coordinates":[[[[638269.72,1833728.49],[638270.9,1833717.76],[638290.24,1833719.87],[638289.06,1833730.6],[638269.72,1833728.49]]]]}},{"type":"Feature","properties":{"building":"yes","height":6,"heightSource":"default"},"geometry":{"type":"MultiPolygon","coordinates":[[[[638662.03,1833118.74],[638664.09,1833113.78],[638693.67,1833125.92],[638691.62,1833130.88],[638675.34,1833124.4],[638662.03,1833118.74]]]]}},{"type":"Feature","properties":{"building":"yes","height":6,"heightSource":"default"},"geometry":{"type":"MultiPolygon","coordinates":[[[[638871.2,1833106.25],[638868.09,1833091.27],[638880.29,1833088.76],[638883.4,1833103.74],[638871.2,1833106.25]]]]}},{"type":"Feature","properties":{"building":"yes","height":6,"heightSource":"default"},"geometry":{"type":"MultiPolygon","coordinates":[[[[638871.49,1833107.08],[638872.28,1833110.87],[638886.26,1833108],[638885.47,1833104.21],[638871.49,1833107.08]]]]}},{"type":"Feature","properties":{"building":"yes","height":6,"heightSource":"default"},"geometry":{"type":"MultiPolygon","coordinates":[[[[638920.78,1833116.92],[638922.52,1833103.03],[638929.5,1833103.89],[638927.77,1833117.78],[638920.78,1833116.92]]]]}},{"type":"Feature","properties":{"building":"yes","height":6,"heightSource":"default"},"geometry":{"type":"MultiPolygon","coordinates":[[[[638890.02,1832792.89],[638896.75,1832774.81],[638907.8,1832778.87],[638901.08,1832796.96],[638890.02,1832792.89]]]]}},{"type":"Feature","properties":{"building":"yes","height":6,"heightSource":"default"},"geometry":{"type":"MultiPolygon","coordinates":[[[[638873.51,1832820.61],[638880.45,1832812.65],[638888.1,1832819.21],[638881.16,1832827.19],[638873.51,1832820.61]]]]}},{"type":"Feature","properties":{"building":"yes","height":6,"heightSource":"default"},"geometry":{"type":"MultiPolygon","coordinates":[[[[638851.15,1832836.44],[638858.8,1832829.19],[638865.87,1832836.55],[638858.22,1832843.8],[638851.15,1832836.44]]]]}},{"type":"Feature","properties":{"building":"yes","height":6,"heightSource":"default"},"geometry":{"type":"MultiPolygon","coordinates":[[[[639142.23,1832878.38],[639141.88,1832869.16],[639170.31,1832868.05],[639170.67,1832877.27],[639142.23,1832878.38]]]]}},{"type":"Feature","properties":{"building":"yes","height":6,"heightSource":"default"},"geometry":{"type":"MultiPolygon","coordinates":[[[[639129.84,1832893.42],[639128.7,1832869.23],[639138.95,1832868.74],[639140.09,1832892.95],[639129.84,1832893.42]]]]}},{"type":"Feature","properties":{"building":"yes","height":6,"heightSource":"default"},"geometry":{"type":"MultiPolygon","coordinates":[[[[639095.6,1832894.85],[639095.22,1832887.47],[639115.37,1832886.44],[639115.75,1832893.83],[639095.6,1832894.85]]]]}},{"type":"Feature","properties":{"building":"yes","height":6,"heightSource":"default"},"geometry":{"type":"MultiPolygon","coordinates":[[[[639116.96,1832897.32],[639116.35,1832886.23],[639124.88,1832885.77],[639125.49,1832896.86],[639116.96,1832897.32]]]]}},{"type":"Feature","properties":{"building":"yes","height":6,"heightSource":"default"},"geometry":{"type":"MultiPolygon","coordinates":[[[[639171.58,1832877.41],[639171.53,1832865.89],[639178.11,1832865.86],[639178.15,1832877.38],[639171.58,1832877.41]]]]}},{"type":"Feature","properties":{"building":"yes","height":6,"heightSource":"default"},"geometry":{"type":"MultiPolygon","coordinates":[[[[639145.96,1832777.6],[639163.71,1832784.45],[639170.01,1832768.37],[639151.49,1832761.22],[639148.07,1832769.96],[639153.65,1832772.12],[639152.21,1832775.8],[639147.39,1832773.94],[639145.96,1832777.6]]]]}},{"type":"Feature","properties":{"building":"yes","height":6,"heightSource":"default"},"geometry":{"type":"MultiPolygon","coordinates":[[[[637963.52,1832454.38],[637965.06,1832443.87],[637979.12,1832445.9],[637977.59,1832456.41],[637963.52,1832454.38]]]]}},{"type":"Feature","properties":{"building":"yes","height":6,"heightSource":"default"},"geometry":{"type":"MultiPolygon","coordinates":[[[[637892.27,1832450.03],[637895.57,1832437.12],[637904.49,1832439.38],[637901.17,1832452.28],[637892.27,1832450.03]]]]}},{"type":"Feature","properties":{"building":"yes","height":6,"heightSource":"default"},"geometry":{"type":"MultiPolygon","coordinates":[[[[637929.41,1832420.22],[637931.65,1832408.54],[637941.75,1832410.45],[637939.5,1832422.14],[637929.41,1832420.22]]]]}},{"type":"Feature","properties":{"building":"yes","height":6,"heightSource":"default"},"geometry":{"type":"MultiPolygon","coordinates":[[[[637905.07,1832609.96],[637904.1,1832586.38],[637907.56,1832586.24],[637907.31,1832580.18],[637912.74,1832579.96],[637913.95,1832609.59],[637905.07,1832609.96]]]]}},{"type":"Feature","properties":{"building":"yes","height":6,"heightSource":"default"},"geometry":{"type":"MultiPolygon","coordinates":[[[[638013.07,1832641.31],[638011.35,1832627.92],[638020.17,1832626.81],[638021.88,1832640.2],[638013.07,1832641.31]]]]}},{"type":"Feature","properties":{"building":"yes","height":6,"heightSource":"default"},"geometry":{"type":"MultiPolygon","coordinates":[[[[638066.2,1832637.29],[638063.87,1832620.55],[638072.18,1832619.41],[638074.51,1832636.15],[638066.2,1832637.29]]]]}},{"type":"Feature","properties":{"building":"yes","height":6,"heightSource":"default"},"geometry":{"type":"MultiPolygon","coordinates":[[[[638028.88,1832589.81],[638027.5,1832578.04],[638039.61,1832576.62],[638040.99,1832588.39],[638028.88,1832589.81]]]]}},{"type":"Feature","properties":{"building":"yes","height":6,"heightSource":"default"},"geometry":{"type":"MultiPolygon","coordinates":[[[[637161.02,1831871.73],[637168.42,1831862.66],[637226.41,1831909.4],[637219,1831918.48],[637161.02,1831871.73]]]]}},{"type":"Feature","properties":{"building":"yes","height":6,"heightSource":"default"},"geometry":{"type":"MultiPolygon","coordinates":[[[[637199.17,1831968.4],[637216.35,1831947.76],[637224.01,1831954.06],[637206.84,1831974.7],[637199.17,1831968.4]]]]}},{"type":"Feature","properties":{"building":"yes","height":6,"heightSource":"default"},"geometry":{"type":"MultiPolygon","coordinates":[[[[637189.06,1832017.06],[637187.43,1832004.06],[637198.67,1832002.68],[637200.29,1832015.68],[637189.06,1832017.06]]]]}},{"type":"Feature","properties":{"building":"yes","height":6,"heightSource":"default"},"geometry":{"type":"MultiPolygon","coordinates":[[[[637222.7,1831918.94],[637231.87,1831913.85],[637238.38,1831925.43],[637229.2,1831930.52],[637222.7,1831918.94]]]]}},{"type":"Feature","properties":{"building":"yes","height":6,"heightSource":"default"},"geometry":{"type":"MultiPolygon","coordinates":[[[[637219.13,1831948.2],[637228.46,1831956.03],[637242.81,1831939.12],[637233.31,1831931.15],[637229.47,1831935.69],[637228.72,1831935.07],[637223.42,1831941.32],[637224.32,1831942.08],[637219.13,1831948.2]]]]}},{"type":"Feature","properties":{"building":"yes","height":6,"heightSource":"default"},"geometry":{"type":"MultiPolygon","coordinates":[[[[637227.03,1831961.14],[637237.66,1831948.54],[637242.48,1831952.57],[637231.86,1831965.16],[637227.03,1831961.14]]]]}},{"type":"Feature","properties":{"building":"yes","height":6,"heightSource":"default"},"geometry":{"type":"MultiPolygon","coordinates":[[[[636769.52,1832062.16],[636777.42,1832056.24],[636790.27,1832073.18],[636782.36,1832079.1],[636769.52,1832062.16]]]]}},{"type":"Feature","properties":{"building":"yes","height":6,"heightSource":"default"},"geometry":{"type":"MultiPolygon","coordinates":[[[[636726.59,1832106.31],[636735.34,1832098.3],[636744.7,1832108.42],[636735.95,1832116.43],[636726.59,1832106.31]]]]}},{"type":"Feature","properties":{"building":"yes","height":6,"heightSource":"default"},"geometry":{"type":"MultiPolygon","coordinates":[[[[636801.03,1832113.74],[636810.02,1832105.83],[636818.17,1832114.97],[636809.19,1832122.88],[636801.03,1832113.74]]]]}},{"type":"Feature","properties":{"building":"yes","height":6,"heightSource":"default"},"geometry":{"type":"MultiPolygon","coordinates":[[[[638640.48,1833475.63],[638646.59,1833457.51],[638659.21,1833461.73],[638653.08,1833479.84],[638640.48,1833475.63]]]]}},{"type":"Feature","properties":{"building":"yes","height":6,"heightSource":"default"},"geometry":{"type":"MultiPolygon","coordinates":[[[[638657.45,1833496.85],[638659.99,1833490.04],[638668.61,1833493.23],[638666.07,1833500.03],[638657.45,1833496.85]]]]}},{"type":"Feature","properties":{"building":"yes","height":6,"heightSource":"default"},"geometry":{"type":"MultiPolygon","coordinates":[[[[638640.97,1833544.61],[638643.04,1833530.37],[638650.35,1833531.43],[638648.27,1833545.66],[638640.97,1833544.61]]]]}},{"type":"Feature","properties":{"building":"yes","height":6,"heightSource":"default"},"geometry":{"type":"MultiPolygon","coordinates":[[[[638648.28,1833546.55],[638650.34,1833532.31],[638657.66,1833533.37],[638655.59,1833547.6],[638648.28,1833546.55]]]]}},{"type":"Feature","properties":{"building":"yes","height":6,"heightSource":"default"},"geometry":{"type":"MultiPolygon","coordinates":[[[[638589.43,1833574.24],[638588.66,1833567.32],[638602.68,1833565.77],[638603.45,1833572.69],[638589.43,1833574.24]]]]}},{"type":"Feature","properties":{"building":"yes","height":6,"heightSource":"default"},"geometry":{"type":"MultiPolygon","coordinates":[[[[638576.73,1833576.5],[638575.54,1833568.61],[638586.6,1833566.96],[638587.8,1833574.85],[638576.73,1833576.5]]]]}},{"type":"Feature","properties":{"building":"yes","height":6,"heightSource":"default"},"geometry":{"type":"MultiPolygon","coordinates":[[[[638564.39,1833578.47],[638563.2,1833570.57],[638574.26,1833568.93],[638575.45,1833576.83],[638564.39,1833578.47]]]]}},{"type":"Feature","properties":{"building":"yes","height":6,"heightSource":"default"},"geometry":{"type":"MultiPolygon","coordinates":[[[[638565.77,1833586.61],[638564.57,1833578.72],[638575.64,1833577.07],[638576.83,1833584.97],[638565.77,1833586.61]]]]}},{"type":"Feature","properties":{"building":"yes","height":6,"heightSource":"default"},"geometry":{"type":"MultiPolygon","coordinates":[[[[638602.2,1833550.58],[638602.87,1833537.67],[638614.15,1833538.25],[638613.48,1833551.16],[638602.2,1833550.58]]]]}},{"type":"Feature","properties":{"building":"yes","height":6,"heightSource":"default"},"geometry":{"type":"MultiPolygon","coordinates":[[[[638812.2,1833405.42],[638813.35,1833399.43],[638826.46,1833401.93],[638825.29,1833407.92],[638812.2,1833405.42]]]]}},{"type":"Feature","properties":{"building":"yes","height":6,"heightSource":"default"},"geometry":{"type":"MultiPolygon","coordinates":[[[[638810.52,1833413.56],[638811.47,1833407.6],[638822.28,1833409.29],[638821.33,1833415.25],[638810.52,1833413.56]]]]}},{"type":"Feature","properties":{"building":"yes","height":6,"heightSource":"default"},"geometry":{"type":"MultiPolygon","coordinates":[[[[638808.89,1833422.43],[638810.39,1833414.48],[638821.95,1833416.62],[638820.46,1833424.58],[638808.89,1833422.43]]]]}},{"type":"Feature","properties":{"building":"yes","height":6,"heightSource":"default"},"geometry":{"type":"MultiPolygon","coordinates":[[[[638911.74,1833377.6],[638913.26,1833364.01],[638922.97,1833365.08],[638921.44,1833378.68],[638911.74,1833377.6]]]]}},{"type":"Feature","properties":{"building":"yes","height":6,"heightSource":"default"},"geometry":{"type":"MultiPolygon","coordinates":[[[[638953,1833156.34],[638952.89,1833129.74],[638967.03,1833129.69],[638967.14,1833156.29],[638953,1833156.34]]]]}},{"type":"Feature","properties":{"building":"yes","height":6,"heightSource":"default"},"geometry":{"type":"MultiPolygon","coordinates":[[[[639004.82,1833097.58],[639003.1,1833084.73],[639012.97,1833083.42],[639014.69,1833096.28],[639004.82,1833097.58]]]]}},{"type":"Feature","properties":{"building":"yes","height":6,"heightSource":"default"},"geometry":{"type":"MultiPolygon","coordinates":[[[[639120.66,1833102.84],[639120.47,1833090.33],[639127.54,1833090.23],[639127.73,1833102.75],[639120.66,1833102.84]]]]}},{"type":"Feature","properties":{"building":"yes","height":6,"heightSource":"default"},"geometry":{"type":"MultiPolygon","coordinates":[[[[639138.91,1833102.83],[639138.88,1833100.9],[639138.72,1833090.3],[639145.8,1833090.21],[639145.97,1833100.86],[639145.99,1833102.72],[639138.91,1833102.83]]]]}},{"type":"Feature","properties":{"building":"yes","height":6,"heightSource":"default"},"geometry":{"type":"MultiPolygon","coordinates":[[[[639109.23,1833111.06],[639109.09,1833094.16],[639117.49,1833094.09],[639117.62,1833110.98],[639109.23,1833111.06]]]]}},{"type":"Feature","properties":{"building":"yes","height":6,"heightSource":"default"},"geometry":{"type":"MultiPolygon","coordinates":[[[[639175.32,1833069.48],[639175.4,1833072.2],[639184.23,1833071.85],[639184.45,1833077.48],[639194.95,1833077.08],[639193.76,1833046.16],[639174.37,1833046.88],[639174.59,1833052.72],[639175.32,1833069.48]]]]}},{"type":"Feature","properties":{"building":"yes","height":6,"heightSource":"default"},"geometry":{"type":"MultiPolygon","coordinates":[[[[639153.6,1833098.91],[639153.24,1833086.54],[639166.09,1833086.18],[639166.45,1833098.55],[639153.6,1833098.91]]]]}},{"type":"Feature","properties":{"building":"yes","height":6,"heightSource":"default"},"geometry":{"type":"MultiPolygon","coordinates":[[[[639126.27,1833136.24],[639126.36,1833128.68],[639137.52,1833128.82],[639137.43,1833136.38],[639126.27,1833136.24]]]]}},{"type":"Feature","properties":{"building":"yes","height":6,"heightSource":"default"},"geometry":{"type":"MultiPolygon","coordinates":[[[[639151.68,1833148.09],[639151.02,1833133.26],[639158.51,1833132.93],[639159.18,1833147.75],[639151.68,1833148.09]]]]}},{"type":"Feature","properties":{"building":"yes","height":6,"heightSource":"default"},"geometry":{"type":"MultiPolygon","coordinates":[[[[639073.78,1833098.19],[639073.47,1833085.21],[639082.19,1833085],[639082.51,1833097.98],[639073.78,1833098.19]]]]}},{"type":"Feature","properties":{"building":"yes","height":6,"heightSource":"default"},"geometry":{"type":"MultiPolygon","coordinates":[[[[639057.35,1833116.41],[639057.14,1833102.92],[639063.86,1833102.82],[639064.07,1833116.31],[639057.35,1833116.41]]]]}},{"type":"Feature","properties":{"building":"yes","height":6,"heightSource":"default"},"geometry":{"type":"MultiPolygon","coordinates":[[[[639074.99,1833117.76],[639075.1,1833100.59],[639086.51,1833100.66],[639086.4,1833117.84],[639074.99,1833117.76]]]]}},{"type":"Feature","properties":{"building":"yes","height":6,"heightSource":"default"},"geometry":{"type":"MultiPolygon","coordinates":[[[[639368.14,1833079.67],[639375.95,1833060.19],[639390.84,1833066.07],[639383.03,1833085.56],[639368.14,1833079.67]]]]}},{"type":"Feature","properties":{"building":"yes","height":6,"heightSource":"default"},"geometry":{"type":"MultiPolygon","coordinates":[[[[639393.79,1833144.05],[639393.15,1833157.52],[639405.15,1833158.08],[639406.17,1833136.59],[639402.41,1833136.42],[639402.26,1833139.66],[639397.39,1833139.43],[639397.16,1833144.21],[639393.79,1833144.05]]]]}},{"type":"Feature","properties":{"building":"yes","height":6,"heightSource":"default"},"geometry":{"type":"MultiPolygon","coordinates":[[[[639361.21,1833157.35],[639360.51,1833141.36],[639372.5,1833140.84],[639373.21,1833156.83],[639361.21,1833157.35]]]]}},{"type":"Feature","properties":{"building":"yes","height":6,"heightSource":"default"},"geometry":{"type":"MultiPolygon","coordinates":[[[[639671.31,1833180.94],[639713.14,1833152.44],[639713.79,1833137.51],[639738.44,1833138.57],[639738.55,1833136],[639761.53,1833136.99],[639749.79,1833160.91],[639745.45,1833157.17],[639721.04,1833157.27],[639719.59,1833161.16],[639722.26,1833165.02],[639680.11,1833193.72],[639671.31,1833180.94]]]]}},{"type":"Feature","properties":{"building":"yes","height":6,"heightSource":"default"},"geometry":{"type":"MultiPolygon","coordinates":[[[[639632.01,1833214.66],[639664.13,1833185.22],[639674.22,1833196.09],[639642.09,1833225.54],[639632.01,1833214.66]]]]}},{"type":"Feature","properties":{"building":"yes","height":6,"heightSource":"default"},"geometry":{"type":"MultiPolygon","coordinates":[[[[639923.93,1833099.28],[639924.04,1833062.6],[639951.89,1833062.68],[639951.77,1833099.36],[639923.93,1833099.28]]]]}},{"type":"Feature","properties":{"building":"yes","height":6,"heightSource":"default"},"geometry":{"type":"MultiPolygon","coordinates":[[[[639868.62,1832990.9],[639887.47,1832997.42],[639870.17,1833038.85],[639896.34,1833042.57],[639899.35,1833019.55],[639915.22,1833022.07],[639903.26,1833100.37],[639823.4,1833098.42],[639868.62,1832990.9]]]]}},{"type":"Feature","properties":{"building":"roof","height":6,"heightSource":"default"},"geometry":{"type":"MultiPolygon","coordinates":[[[[640167.45,1833158.52],[640167.86,1833142.4],[640176.76,1833142.62],[640176.36,1833158.73],[640167.45,1833158.52]]]]}},{"type":"Feature","properties":{"building":"yes","height":6,"heightSource":"default"},"geometry":{"type":"MultiPolygon","coordinates":[[[[640203.3,1833173.5],[640206.09,1833140.82],[640229.12,1833142.77],[640226.34,1833175.45],[640203.3,1833173.5]]]]}},{"type":"Feature","properties":{"building":"yes","height":6,"heightSource":"default"},"geometry":{"type":"MultiPolygon","coordinates":[[[[640293.07,1833058.66],[640293.58,1833031.79],[640302.71,1833031.96],[640302.19,1833058.83],[640293.07,1833058.66]]]]}},{"type":"Feature","properties":{"building":"yes","height":6,"heightSource":"default"},"geometry":{"type":"MultiPolygon","coordinates":[[[[640294.02,1833026.34],[640294.01,1833017.88],[640311.66,1833017.89],[640311.66,1833028.99],[640304.86,1833028.98],[640304.86,1833026.33],[640294.02,1833026.34]]]]}},{"type":"Feature","properties":{"building":"yes","height":6,"heightSource":"default"},"geometry":{"type":"MultiPolygon","coordinates":[[[[640331.99,1833037.05],[640333.78,1833024.88],[640345.6,1833026.59],[640343.83,1833038.77],[640331.99,1833037.05]]]]}},{"type":"Feature","properties":{"building":"yes","height":6,"heightSource":"default"},"geometry":{"type":"MultiPolygon","coordinates":[[[[640313.77,1833099.28],[640314.35,1833072.65],[640320.31,1833072.78],[640319.74,1833099.41],[640313.77,1833099.28]]]]}},{"type":"Feature","properties":{"building":"yes","height":6,"heightSource":"default"},"geometry":{"type":"MultiPolygon","coordinates":[[[[640163.89,1833096.58],[640163.63,1833072.76],[640180.55,1833072.57],[640180.81,1833096.4],[640163.89,1833096.58]]]]}},{"type":"Feature","properties":{"building":"yes","height":6,"heightSource":"default"},"geometry":{"type":"MultiPolygon","coordinates":[[[[640077.77,1833087.46],[640087.65,1833053.06],[640103.07,1833057.43],[640093.19,1833091.83],[640077.77,1833087.46]]]]}},{"type":"Feature","properties":{"building":"yes","height":6,"heightSource":"default"},"geometry":{"type":"MultiPolygon","coordinates":[[[[640110.8,1833090.76],[640116.55,1833071.17],[640124.97,1833073.62],[640119.23,1833093.21],[640110.8,1833090.76]]]]}},{"type":"Feature","properties":{"building":"yes","height":6,"heightSource":"default"},"geometry":{"type":"MultiPolygon","coordinates":[[[[640444.01,1833165.23],[640448.06,1833150.31],[640456.31,1833152.52],[640452.26,1833167.44],[640444.01,1833165.23]]]]}},{"type":"Feature","properties":{"building":"yes","height":6,"heightSource":"default"},"geometry":{"type":"MultiPolygon","coordinates":[[[[640451.34,1833095.46],[640451.37,1833090.24],[640484.35,1833090.45],[640484.32,1833095.69],[640451.34,1833095.46]]]]}},{"type":"Feature","properties":{"building":"yes","height":6,"heightSource":"default"},"geometry":{"type":"MultiPolygon","coordinates":[[[[639438.96,1833392.19],[639439.14,1833373.52],[639467.75,1833373.8],[639467.68,1833381.45],[639471.84,1833381.49],[639471.72,1833392.53],[639438.96,1833392.19]]]]}},{"type":"Feature","properties":{"building":"yes","height":6,"heightSource":"default"},"geometry":{"type":"MultiPolygon","coordinates":[[[[639416.21,1833408.28],[639416.16,1833398.05],[639430.09,1833398],[639430.14,1833408.21],[639416.21,1833408.28]]]]}},{"type":"Feature","properties":{"building":"yes","height":6,"heightSource":"default"},"geometry":{"type":"MultiPolygon","coordinates":[[[[639431.96,1833406.1],[639431.87,1833395.07],[639458.49,1833394.85],[639458.52,1833399.04],[639460.7,1833399.03],[639460.75,1833405.88],[639431.96,1833406.1]]]]}},{"type":"Feature","properties":{"building":"yes","height":6,"heightSource":"default"},"geometry":{"type":"MultiPolygon","coordinates":[[[[639497.98,1833096.74],[639497.83,1833083.48],[639517.61,1833083.26],[639517.75,1833096.43],[639513.24,1833096.48],[639513.28,1833099.63],[639507.03,1833099.7],[639506.99,1833096.65],[639497.98,1833096.74]]]]}},{"type":"Feature","properties":{"building":"yes","height":6,"heightSource":"default"},"geometry":{"type":"MultiPolygon","coordinates":[[[[639416.66,1833102.13],[639417.6,1833085.65],[639427.51,1833086.22],[639426.57,1833102.69],[639416.66,1833102.13]]]]}},{"type":"Feature","properties":{"building":"yes","height":6,"heightSource":"default"},"geometry":{"type":"MultiPolygon","coordinates":[[[[639461.12,1833058.4],[639463.46,1833044.44],[639473.32,1833046.06],[639470.98,1833060.02],[639461.12,1833058.4]]]]}},{"type":"Feature","properties":{"building":"yes","height":6,"heightSource":"default"},"geometry":{"type":"MultiPolygon","coordinates":[[[[639421.81,1833042.48],[639426.11,1833032.29],[639439.59,1833037.91],[639435.27,1833048.1],[639421.81,1833042.48]]]]}},{"type":"Feature","properties":{"building":"yes","height":6,"heightSource":"default"},"geometry":{"type":"MultiPolygon","coordinates":[[[[639459.15,1833076.23],[639461.74,1833059.57],[639468.31,1833060.58],[639465.73,1833077.24],[639459.15,1833076.23]]]]}},{"type":"Feature","properties":{"building":"yes","height":6,"heightSource":"default"},"geometry":{"type":"MultiPolygon","coordinates":[[[[639431.06,1833101.09],[639430.93,1833072.66],[639455.63,1833072.55],[639455.83,1833111.28],[639439.32,1833111.36],[639439.28,1833103.08],[639435.3,1833103.1],[639435.29,1833101.07],[639431.06,1833101.09]]]]}},{"type":"Feature","properties":{"building":"yes","height":6,"heightSource":"default"},"geometry":{"type":"MultiPolygon","coordinates":[[[[639408.84,1833104.49],[639410.93,1833074.36],[639416.5,1833074.74],[639414.42,1833104.86],[639408.84,1833104.49]]]]}},{"type":"Feature","properties":{"building":"yes","height":6,"heightSource":"default"},"geometry":{"type":"MultiPolygon","coordinates":[[[[638612.1,1833223.4],[638616.17,1833212.97],[638631.4,1833218.83],[638627.33,1833229.26],[638612.1,1833223.4]]]]}},{"type":"Feature","properties":{"building":"yes","height":6,"heightSource":"default"},"geometry":{"type":"MultiPolygon","coordinates":[[[[638609.96,1833233.93],[638613.1,1833225.03],[638628.5,1833230.4],[638625.36,1833239.29],[638609.96,1833233.93]]]]}},{"type":"Feature","properties":{"building":"yes","height":6,"heightSource":"default"},"geometry":{"type":"MultiPolygon","coordinates":[[[[638627.34,1833237.88],[638629.71,1833230.9],[638650.16,1833237.73],[638647.8,1833244.71],[638627.34,1833237.88]]]]}},{"type":"Feature","properties":{"building":"yes","height":6,"heightSource":"default"},"geometry":{"type":"MultiPolygon","coordinates":[[[[638629.38,1833246.45],[638631.6,1833239.73],[638647.55,1833244.96],[638645.32,1833251.68],[638629.38,1833246.45]]]]}},{"type":"Feature","properties":{"building":"yes","height":6,"heightSource":"default"},"geometry":{"type":"MultiPolygon","coordinates":[[[[638620.8,1833250.29],[638643.59,1833258.27],[638645.71,1833252.32],[638622.91,1833244.32],[638620.8,1833250.29]]]]}},{"type":"Feature","properties":{"building":"yes","height":6,"heightSource":"default"},"geometry":{"type":"MultiPolygon","coordinates":[[[[638623.02,1833267.15],[638627.96,1833253.41],[638643.26,1833258.85],[638638.32,1833272.58],[638623.02,1833267.15]]]]}},{"type":"Feature","properties":{"building":"yes","height":6,"heightSource":"default"},"geometry":{"type":"MultiPolygon","coordinates":[[[[638590.75,1833268.15],[638594.47,1833257.83],[638610.75,1833263.63],[638607.02,1833273.95],[638590.75,1833268.15]]]]}},{"type":"Feature","properties":{"building":"yes","height":6,"heightSource":"default"},"geometry":{"type":"MultiPolygon","coordinates":[[[[638609.69,1833268.52],[638611.39,1833263.89],[638637.74,1833273.47],[638636.04,1833278.09],[638609.69,1833268.52]]]]}},{"type":"Feature","properties":{"building":"yes","height":6,"heightSource":"default"},"geometry":{"type":"MultiPolygon","coordinates":[[[[638584.28,1833289.15],[638585.78,1833285.06],[638606.41,1833292.55],[638604.91,1833296.63],[638584.28,1833289.15]]]]}},{"type":"Feature","properties":{"building":"yes","height":6,"heightSource":"default"},"geometry":{"type":"MultiPolygon","coordinates":[[[[638613.34,1833371.77],[638617.77,1833360.13],[638623.36,1833362.22],[638618.93,1833373.88],[638613.34,1833371.77]]]]}},{"type":"Feature","properties":{"building":"yes","height":6,"heightSource":"default"},"geometry":{"type":"MultiPolygon","coordinates":[[[[638604.59,1833284.27],[638608.15,1833275.01],[638621,1833279.9],[638616.75,1833290.97],[638607.91,1833287.61],[638608.62,1833285.8],[638604.59,1833284.27]]]]}},{"type":"Feature","properties":{"building":"yes","height":6,"heightSource":"default"},"geometry":{"type":"MultiPolygon","coordinates":[[[[638586.67,1833278.76],[638588.34,1833273.83],[638602.54,1833278.56],[638600.87,1833283.48],[638586.67,1833278.76]]]]}},{"type":"Feature","properties":{"building":"yes","height":6,"heightSource":"default"},"geometry":{"type":"MultiPolygon","coordinates":[[[[638584.93,1833283.86],[638586.58,1833278.92],[638600.79,1833283.66],[638599.12,1833288.58],[638584.93,1833283.86]]]]}},{"type":"Feature","properties":{"building":"yes","height":6,"heightSource":"default"},"geometry":{"type":"MultiPolygon","coordinates":[[[[638588.39,1833273.53],[638590.07,1833268.61],[638605.83,1833273.9],[638604.16,1833278.83],[638588.39,1833273.53]]]]}},{"type":"Feature","properties":{"building":"yes","height":6,"heightSource":"default"},"geometry":{"type":"MultiPolygon","coordinates":[[[[638617.77,1833277.73],[638619.56,1833272.84],[638633.64,1833277.93],[638631.85,1833282.82],[638617.77,1833277.73]]]]}},{"type":"Feature","properties":{"building":"yes","height":6,"heightSource":"default"},"geometry":{"type":"MultiPolygon","coordinates":[[[[638672.11,1833133.67],[638673.8,1833129.52],[638687.68,1833135.1],[638686,1833139.25],[638672.11,1833133.67]]]]}},{"type":"Feature","properties":{"building":"yes","height":6,"heightSource":"default"},"geometry":{"type":"MultiPolygon","coordinates":[[[[638673.8,1833129.52],[638675.76,1833124.7],[638689.64,1833130.29],[638687.68,1833135.1],[638673.8,1833129.52]]]]}},{"type":"Feature","properties":{"building":"yes","height":6,"heightSource":"default"},"geometry":{"type":"MultiPolygon","coordinates":[[[[638667.78,1833143.05],[638671.56,1833133.92],[638685.97,1833139.82],[638682.19,1833148.94],[638667.78,1833143.05]]]]}},{"type":"Feature","properties":{"building":"yes","height":6,"heightSource":"default"},"geometry":{"type":"MultiPolygon","coordinates":[[[[638654.03,1833138.14],[638655.61,1833134.2],[638668.27,1833139.21],[638666.68,1833143.16],[638654.03,1833138.14]]]]}},{"type":"Feature","properties":{"building":"yes","height":6,"heightSource":"default"},"geometry":{"type":"MultiPolygon","coordinates":[[[[638660.29,1833135.41],[638662.22,1833130.79],[638669.81,1833133.91],[638667.89,1833138.54],[638660.29,1833135.41]]]]}},{"type":"Feature","properties":{"building":"yes","height":6,"heightSource":"default"},"geometry":{"type":"MultiPolygon","coordinates":[[[[638658.21,1833128.92],[638660.73,1833122.71],[638673.34,1833127.78],[638670.82,1833134],[638658.21,1833128.92]]]]}},{"type":"Feature","properties":{"building":"yes","height":6,"heightSource":"default"},"geometry":{"type":"MultiPolygon","coordinates":[[[[638660.95,1833122.45],[638662.44,1833119],[638675.28,1833124.51],[638673.78,1833127.95],[638660.95,1833122.45]]]]}},{"type":"Feature","properties":{"building":"yes","height":6,"heightSource":"default"},"geometry":{"type":"MultiPolygon","coordinates":[[[[638640.1,1833219.37],[638642.54,1833212.45],[638660.15,1833218.61],[638657.72,1833225.52],[638640.1,1833219.37]]]]}},{"type":"Feature","properties":{"building":"yes","height":6,"heightSource":"default"},"geometry":{"type":"MultiPolygon","coordinates":[[[[638637.76,1833226.06],[638639.92,1833220.11],[638656.14,1833225.94],[638653.96,1833231.9],[638637.76,1833226.06]]]]}},{"type":"Feature","properties":{"building":"yes","height":6,"heightSource":"default"},"geometry":{"type":"MultiPolygon","coordinates":[[[[638667.18,1833223.57],[638672.57,1833211.25],[638699.51,1833222.91],[638694.12,1833235.21],[638667.18,1833223.57]]]]}},{"type":"Feature","properties":{"building":"yes","height":6,"heightSource":"default"},"geometry":{"type":"MultiPolygon","coordinates":[[[[638812.89,1833295.25],[638822.42,1833273.68],[638836.16,1833279.66],[638826.64,1833301.23],[638812.89,1833295.25]]]]}},{"type":"Feature","properties":{"building":"yes","height":6,"heightSource":"default"},"geometry":{"type":"MultiPolygon","coordinates":[[[[638379.16,1833757.49],[638385.88,1833740.1],[638400.56,1833745.7],[638393.84,1833763.09],[638379.16,1833757.49]]]]}},{"type":"Feature","properties":{"building":"yes","height":6,"heightSource":"default"},"geometry":{"type":"MultiPolygon","coordinates":[[[[638398.29,1833761.76],[638402.92,1833749.94],[638422.55,1833757.54],[638425.78,1833749.29],[638444.03,1833756.36],[638436.18,1833776.42],[638398.29,1833761.76]]]]}},{"type":"Feature","properties":{"building":"yes","height":6,"heightSource":"default"},"geometry":{"type":"MultiPolygon","coordinates":[[[[638495.34,1833736.51],[638498.11,1833725.06],[638510.94,1833728.13],[638508.17,1833739.57],[638495.34,1833736.51]]]]}},{"type":"Feature","properties":{"building":"yes","height":6,"heightSource":"default"},"geometry":{"type":"MultiPolygon","coordinates":[[[[638542.69,1833748.02],[638571.6,1833752.25],[638572.84,1833743.93],[638543.93,1833739.7],[638542.69,1833748.02]]]]}},{"type":"Feature","properties":{"building":"yes","height":6,"heightSource":"default"},"geometry":{"type":"MultiPolygon","coordinates":[[[[638508.74,1833751.23],[638512.5,1833742.55],[638528.36,1833749.33],[638524.61,1833758.01],[638508.74,1833751.23]]]]}},{"type":"Feature","properties":{"building":"yes","height":6,"heightSource":"default"},"geometry":{"type":"MultiPolygon","coordinates":[[[[638552.72,1833734.15],[638554.83,1833723.91],[638568.51,1833726.7],[638566.4,1833736.94],[638552.72,1833734.15]]]]}},{"type":"Feature","properties":{"building":"yes","height":6,"heightSource":"default"},"geometry":{"type":"MultiPolygon","coordinates":[[[[638562.18,1833704.94],[638565.69,1833691.42],[638579.01,1833694.84],[638575.5,1833708.36],[638562.18,1833704.94]]]]}},{"type":"Feature","properties":{"building":"yes","height":6,"heightSource":"default"},"geometry":{"type":"MultiPolygon","coordinates":[[[[638641.58,1833698.11],[638642.96,1833688.46],[638657.86,1833690.57],[638656.47,1833700.21],[638641.58,1833698.11]]]]}},{"type":"Feature","properties":{"building":"yes","height":6,"heightSource":"default"},"geometry":{"type":"MultiPolygon","coordinates":[[[[638658.25,1833696.05],[638659.3,1833689.54],[638664.01,1833690.3],[638662.96,1833696.8],[638658.25,1833696.05]]]]}},{"type":"Feature","properties":{"building":"yes","height":6,"heightSource":"default"},"geometry":{"type":"MultiPolygon","coordinates":[[[[638664.57,1833696.37],[638665.13,1833690.95],[638674.62,1833691.91],[638674.06,1833697.33],[638664.57,1833696.37]]]]}},{"type":"Feature","properties":{"building":"yes","height":6,"heightSource":"default"},"geometry":{"type":"MultiPolygon","coordinates":[[[[638669.23,1833719.15],[638671.14,1833707.22],[638680.74,1833708.73],[638678.83,1833720.68],[638669.23,1833719.15]]]]}},{"type":"Feature","properties":{"building":"yes","height":6,"heightSource":"default"},"geometry":{"type":"MultiPolygon","coordinates":[[[[638712.22,1833694.59],[638714.34,1833681.71],[638726.91,1833683.75],[638724.78,1833696.63],[638712.22,1833694.59]]]]}},{"type":"Feature","properties":{"building":"yes","height":6,"heightSource":"default"},"geometry":{"type":"MultiPolygon","coordinates":[[[[638627.76,1833728.14],[638628.65,1833720.98],[638638.04,1833722.14],[638637.15,1833729.28],[638627.76,1833728.14]]]]}},{"type":"Feature","properties":{"building":"yes","height":6,"heightSource":"default"},"geometry":{"type":"MultiPolygon","coordinates":[[[[638670.53,1833755.88],[638670.1,1833746.74],[638682.87,1833746.17],[638683.28,1833755.31],[638670.53,1833755.88]]]]}},{"type":"Feature","properties":{"building":"yes","height":6,"heightSource":"default"},"geometry":{"type":"MultiPolygon","coordinates":[[[[638626.39,1833793.99],[638626.8,1833767.58],[638640.46,1833767.79],[638640.33,1833776.34],[638646.29,1833776.43],[638646.01,1833794.29],[638626.39,1833793.99]]]]}},{"type":"Feature","properties":{"building":"yes","height":6,"heightSource":"default"},"geometry":{"type":"MultiPolygon","coordinates":[[[[638694.4,1833777.08],[638694.58,1833764],[638708.15,1833764.19],[638707.97,1833777.26],[638694.4,1833777.08]]]]}},{"type":"Feature","properties":{"building":"yes","height":6,"heightSource":"default"},"geometry":{"type":"MultiPolygon","coordinates":[[[[638512.7,1833570.39],[638513.71,1833564.95],[638532.11,1833568.35],[638531.09,1833573.79],[638512.7,1833570.39]]]]}},{"type":"Feature","properties":{"building":"yes","height":6,"heightSource":"default"},"geometry":{"type":"MultiPolygon","coordinates":[[[[638498.5,1833591.07],[638499.62,1833585.13],[638513.23,1833587.66],[638512.12,1833593.59],[638498.5,1833591.07]]]]}},{"type":"Feature","properties":{"building":"yes","height":6,"heightSource":"default"},"geometry":{"type":"MultiPolygon","coordinates":[[[[638501.44,1833577.38],[638502.65,1833571.5],[638511.96,1833573.37],[638510.77,1833579.25],[638501.44,1833577.38]]]]}},{"type":"Feature","properties":{"building":"yes","height":6,"heightSource":"default"},"geometry":{"type":"MultiPolygon","coordinates":[[[[638510.89,1833586.84],[638512.59,1833572.55],[638522.6,1833573.72],[638520.89,1833588.03],[638510.89,1833586.84]]]]}},{"type":"Feature","properties":{"building":"yes","height":6,"heightSource":"default"},"geometry":{"type":"MultiPolygon","coordinates":[[[[638497.37,1833494.72],[638504.79,1833478.3],[638513.59,1833482.24],[638506.18,1833498.65],[638497.37,1833494.72]]]]}},{"type":"Feature","properties":{"building":"yes","height":6,"heightSource":"default"},"geometry":{"type":"MultiPolygon","coordinates":[[[[638549.07,1833466.26],[638552.14,1833458.41],[638561.57,1833462.06],[638558.51,1833469.91],[638549.07,1833466.26]]]]}},{"type":"Feature","properties":{"building":"yes","height":6,"heightSource":"default"},"geometry":{"type":"MultiPolygon","coordinates":[[[[638621.52,1833450.48],[638623.87,1833444.8],[638634.49,1833449.17],[638632.13,1833454.84],[638621.52,1833450.48]]]]}},{"type":"Feature","properties":{"building":"yes","height":6,"heightSource":"default"},"geometry":{"type":"MultiPolygon","coordinates":[[[[638756.54,1833364.61],[638764.22,1833331.78],[638776.79,1833334.68],[638779.04,1833325.08],[638796.84,1833329.19],[638793.98,1833341.44],[638815.74,1833346.47],[638808.67,1833376.67],[638756.54,1833364.61]]]]}},{"type":"Feature","properties":{"building":"yes","height":6,"heightSource":"default"},"geometry":{"type":"MultiPolygon","coordinates":[[[[638846.09,1833048.08],[638854.25,1833043.64],[638856.63,1833047.98],[638848.48,1833052.41],[638846.09,1833048.08]]]]}},{"type":"Feature","properties":{"building":"yes","height":6,"heightSource":"default"},"geometry":{"type":"MultiPolygon","coordinates":[[[[638848.55,1833052.56],[638856.71,1833048.12],[638859.1,1833052.45],[638850.95,1833056.89],[638848.55,1833052.56]]]]}},{"type":"Feature","properties":{"building":"yes","height":6,"heightSource":"default"},"geometry":{"type":"MultiPolygon","coordinates":[[[[638837.85,1833033.09],[638840.72,1833031.41],[638845.46,1833039.39],[638842.59,1833041.08],[638837.85,1833033.09]]]]}},{"type":"Feature","properties":{"building":"yes","height":6,"heightSource":"default"},"geometry":{"type":"MultiPolygon","coordinates":[[[[639024.28,1833151.74],[639024.17,1833131.84],[639030.64,1833131.81],[639030.75,1833151.71],[639024.28,1833151.74]]]]}},{"type":"Feature","properties":{"building":"yes","height":6,"heightSource":"default"},"geometry":{"type":"MultiPolygon","coordinates":[[[[638992.74,1833165.15],[638992.05,1833145],[638999.09,1833144.75],[638999.79,1833164.91],[638992.74,1833165.15]]]]}},{"type":"Feature","properties":{"building":"yes","height":6,"heightSource":"default"},"geometry":{"type":"MultiPolygon","coordinates":[[[[639031.08,1833154.58],[639031.22,1833132.88],[639038.63,1833132.93],[639038.49,1833154.63],[639031.08,1833154.58]]]]}},{"type":"Feature","properties":{"building":"yes","height":6,"heightSource":"default"},"geometry":{"type":"MultiPolygon","coordinates":[[[[639056.41,1833154.12],[639056.68,1833131.18],[639064.58,1833131.26],[639064.32,1833154.22],[639056.41,1833154.12]]]]}},{"type":"Feature","properties":{"building":"yes","height":6,"heightSource":"default"},"geometry":{"type":"MultiPolygon","coordinates":[[[[639068.16,1833153.61],[639068.12,1833142.56],[639077.68,1833142.52],[639077.72,1833153.57],[639068.16,1833153.61]]]]}},{"type":"Feature","properties":{"building":"yes","height":6,"heightSource":"default"},"geometry":{"type":"MultiPolygon","coordinates":[[[[639019.34,1833104.02],[639012.34,1833061.77],[639035.81,1833057.93],[639038.23,1833072.52],[639027.27,1833074.31],[639030.86,1833096.02],[639026.53,1833096.72],[639027.52,1833102.68],[639019.34,1833104.02]]]]}},{"type":"Feature","properties":{"building":"yes","height":6,"heightSource":"default"},"geometry":{"type":"MultiPolygon","coordinates":[[[[639008.65,1833108.78],[639006.8,1833098.58],[639014.63,1833097.17],[639016.49,1833107.37],[639008.65,1833108.78]]]]}},{"type":"Feature","properties":{"building":"yes","height":6,"heightSource":"default"},"geometry":{"type":"MultiPolygon","coordinates":[[[[638973.35,1833118.03],[638972.93,1833102.91],[638981.89,1833102.66],[638982.33,1833117.78],[638973.35,1833118.03]]]]}},{"type":"Feature","properties":{"building":"yes","height":6,"heightSource":"default"},"geometry":{"type":"MultiPolygon","coordinates":[[[[639050.58,1833091.89],[639049.9,1833082.51],[639059.6,1833081.81],[639060.29,1833091.19],[639050.58,1833091.89]]]]}},{"type":"Feature","properties":{"building":"yes","height":6,"heightSource":"default"},"geometry":{"type":"MultiPolygon","coordinates":[[[[638996.58,1833097.7],[638994.95,1833087.43],[639002.24,1833086.3],[639003.87,1833096.56],[638996.58,1833097.7]]]]}},{"type":"Feature","properties":{"building":"yes","height":6,"heightSource":"default"},"geometry":{"type":"MultiPolygon","coordinates":[[[[638993.55,1833078.12],[639003.84,1833076.24],[639005.18,1833083.44],[638994.9,1833085.33],[638993.55,1833078.12]]]]}},{"type":"Feature","properties":{"building":"yes","height":6,"heightSource":"default"},"geometry":{"type":"MultiPolygon","coordinates":[[[[639030.76,1833087.23],[639029.59,1833078.47],[639031.26,1833078.25],[639030.95,1833075.95],[639036.25,1833075.24],[639036.63,1833078.06],[639044.13,1833077.06],[639046.62,1833095.64],[639036.24,1833097.01],[639035.98,1833095.05],[639033.62,1833095.36],[639032.5,1833087],[639030.76,1833087.23]]]]}},{"type":"Feature","properties":{"building":"yes","height":6,"heightSource":"default"},"geometry":{"type":"MultiPolygon","coordinates":[[[[639037.88,1833104.7],[639037.37,1833098.43],[639044.96,1833097.83],[639045.47,1833104.09],[639037.88,1833104.7]]]]}},{"type":"Feature","properties":{"building":"yes","height":6,"heightSource":"default"},"geometry":{"type":"MultiPolygon","coordinates":[[[[638995.79,1833113.62],[638993.72,1833102.83],[639003.53,1833100.98],[639005.6,1833111.77],[638995.79,1833113.62]]]]}},{"type":"Feature","properties":{"building":"yes","height":6,"heightSource":"default"},"geometry":{"type":"MultiPolygon","coordinates":[[[[638956.88,1833104.53],[638954.95,1833090.57],[638968.03,1833088.79],[638968.91,1833095.15],[638965.3,1833095.65],[638966.35,1833103.24],[638956.88,1833104.53]]]]}},{"type":"Feature","properties":{"building":"yes","height":6,"heightSource":"default"},"geometry":{"type":"MultiPolygon","coordinates":[[[[638922.33,1833138.47],[638924.04,1833126.52],[638944.49,1833129.42],[638942.77,1833141.38],[638922.33,1833138.47]]]]}},{"type":"Feature","properties":{"building":"yes","height":6,"heightSource":"default"},"geometry":{"type":"MultiPolygon","coordinates":[[[[638921.28,1833175.2],[638923.09,1833167.8],[638934.58,1833170.57],[638932.78,1833177.98],[638921.28,1833175.2]]]]}},{"type":"Feature","properties":{"building":"yes","height":6,"heightSource":"default"},"geometry":{"type":"MultiPolygon","coordinates":[[[[638939.41,1833191.08],[638940.14,1833185.56],[638965.77,1833188.86],[638965.05,1833194.39],[638939.41,1833191.08]]]]}},{"type":"Feature","properties":{"building":"yes","height":6,"heightSource":"default"},"geometry":{"type":"MultiPolygon","coordinates":[[[[638995.79,1833210.27],[638997.34,1833191.32],[639007.2,1833192.12],[639006.82,1833197.15],[639006.61,1833199.53],[639005.79,1833208.63],[639001.48,1833208.23],[639001.28,1833210.72],[638995.79,1833210.27]]]]}},{"type":"Feature","properties":{"building":"yes","height":6,"heightSource":"default"},"geometry":{"type":"MultiPolygon","coordinates":[[[[639005.79,1833208.63],[639011.16,1833209.12],[639012.2,1833197.63],[639006.82,1833197.15],[639006.61,1833199.53],[639005.79,1833208.63]]]]}},{"type":"Feature","properties":{"building":"yes","height":6,"heightSource":"default"},"geometry":{"type":"MultiPolygon","coordinates":[[[[639011.16,1833209.12],[639010.97,1833210.75],[639015.89,1833211.22],[639017.32,1833196.47],[639012.4,1833195.99],[639012.2,1833197.63],[639011.16,1833209.12]]]]}},{"type":"Feature","properties":{"building":"yes","height":6,"heightSource":"default"},"geometry":{"type":"MultiPolygon","coordinates":[[[[639078.05,1833146.32],[639078.08,1833130.4],[639085.83,1833130.41],[639085.79,1833146.34],[639078.05,1833146.32]]]]}},{"type":"Feature","properties":{"building":"yes","height":6,"heightSource":"default"},"geometry":{"type":"MultiPolygon","coordinates":[[[[639086.74,1833147.47],[639086.72,1833128.36],[639092.8,1833128.36],[639092.81,1833147.47],[639086.74,1833147.47]]]]}},{"type":"Feature","properties":{"building":"yes","height":6,"heightSource":"default"},"geometry":{"type":"MultiPolygon","coordinates":[[[[639085.6,1833179.4],[639085.78,1833162.51],[639099.22,1833162.65],[639099.05,1833179.54],[639085.6,1833179.4]]]]}},{"type":"Feature","properties":{"building":"yes","height":6,"heightSource":"default"},"geometry":{"type":"MultiPolygon","coordinates":[[[[639097.4,1833025.97],[639094.41,1833014.8],[639104.04,1833012.26],[639107.03,1833023.42],[639097.4,1833025.97]]]]}},{"type":"Feature","properties":{"building":"yes","height":6,"heightSource":"default"},"geometry":{"type":"MultiPolygon","coordinates":[[[[639119.98,1833088.95],[639119.93,1833078.11],[639127.86,1833078.06],[639127.91,1833088.92],[639119.98,1833088.95]]]]}},{"type":"Feature","properties":{"building":"yes","height":6,"heightSource":"default"},"geometry":{"type":"MultiPolygon","coordinates":[[[[639108.11,1833093.04],[639107.95,1833083],[639118.22,1833082.84],[639118.38,1833092.88],[639108.11,1833093.04]]]]}},{"type":"Feature","properties":{"building":"yes","height":6,"heightSource":"default"},"geometry":{"type":"MultiPolygon","coordinates":[[[[639099.44,1833112.81],[639099.18,1833096.34],[639107.11,1833096.23],[639107.37,1833112.69],[639099.44,1833112.81]]]]}},{"type":"Feature","properties":{"building":"yes","height":6,"heightSource":"default"},"geometry":{"type":"MultiPolygon","coordinates":[[[[639130.99,1833101.14],[639131.44,1833115.46],[639148.93,1833114.92],[639148.48,1833100.78],[639145.97,1833100.86],[639145.99,1833102.72],[639138.91,1833102.83],[639138.88,1833100.9],[639130.99,1833101.14]]]]}},{"type":"Feature","properties":{"building":"yes","height":6,"heightSource":"default"},"geometry":{"type":"MultiPolygon","coordinates":[[[[639118.4,1833116.26],[639118.35,1833104.17],[639128.08,1833104.13],[639128.13,1833116.23],[639118.4,1833116.26]]]]}},{"type":"Feature","properties":{"building":"yes","height":6,"heightSource":"default"},"geometry":{"type":"MultiPolygon","coordinates":[[[[639182.57,1833090.67],[639182.42,1833078.46],[639192.99,1833078.33],[639193.13,1833090.53],[639182.57,1833090.67]]]]}},{"type":"Feature","properties":{"building":"yes","height":6,"heightSource":"default"},"geometry":{"type":"MultiPolygon","coordinates":[[[[639181.65,1833101.54],[639181.6,1833091.88],[639192.89,1833091.81],[639192.96,1833101.48],[639181.65,1833101.54]]]]}},{"type":"Feature","properties":{"building":"yes","height":6,"heightSource":"default"},"geometry":{"type":"MultiPolygon","coordinates":[[[[639200.71,1833116.68],[639200.68,1833107.77],[639205.88,1833107.76],[639205.91,1833116.66],[639200.71,1833116.68]]]]}},{"type":"Feature","properties":{"building":"yes","height":6,"heightSource":"default"},"geometry":{"type":"MultiPolygon","coordinates":[[[[639205.91,1833116.66],[639216.03,1833116.63],[639216.01,1833107.72],[639205.88,1833107.76],[639205.91,1833116.66]]]]}},{"type":"Feature","properties":{"building":"yes","height":6,"heightSource":"default"},"geometry":{"type":"MultiPolygon","coordinates":[[[[639216.03,1833116.63],[639227.24,1833116.59],[639227.21,1833107.7],[639216.01,1833107.72],[639216.03,1833116.63]]]]}},{"type":"Feature","properties":{"building":"yes","height":6,"heightSource":"default"},"geometry":{"type":"MultiPolygon","coordinates":[[[[639342.37,1833069.09],[639350.35,1833050.15],[639355.28,1833052.21],[639347.31,1833071.13],[639342.37,1833069.09]]]]}},{"type":"Feature","properties":{"building":"yes","height":6,"heightSource":"default"},"geometry":{"type":"MultiPolygon","coordinates":[[[[639362.37,1833077.75],[639365.08,1833070.76],[639369.24,1833072.36],[639366.53,1833079.35],[639362.37,1833077.75]]]]}},{"type":"Feature","properties":{"building":"yes","height":6,"heightSource":"default"},"geometry":{"type":"MultiPolygon","coordinates":[[[[639356.98,1833075.89],[639359.35,1833069.8],[639364.16,1833071.64],[639361.79,1833077.73],[639356.98,1833075.89]]]]}},{"type":"Feature","properties":{"building":"yes","height":6,"heightSource":"default"},"geometry":{"type":"MultiPolygon","coordinates":[[[[639363.91,1833086.7],[639366.28,1833080.62],[639371.09,1833082.46],[639368.72,1833088.56],[639363.91,1833086.7]]]]}},{"type":"Feature","properties":{"building":"yes","height":6,"heightSource":"default"},"geometry":{"type":"MultiPolygon","coordinates":[[[[638551.49,1833110.73],[638553.43,1833099.19],[638566.2,1833101.31],[638564.26,1833112.86],[638551.49,1833110.73]]]]}},{"type":"Feature","properties":{"building":"yes","height":6,"heightSource":"default"},"geometry":{"type":"MultiPolygon","coordinates":[[[[638532.44,1833123.94],[638532.99,1833112.04],[638541.32,1833112.42],[638540.77,1833124.31],[638532.44,1833123.94]]]]}},{"type":"Feature","properties":{"building":"yes","height":6,"heightSource":"default"},"geometry":{"type":"MultiPolygon","coordinates":[[[[638514.08,1833092.97],[638516.2,1833087.17],[638528.95,1833091.76],[638526.83,1833097.57],[638514.08,1833092.97]]]]}},{"type":"Feature","properties":{"building":"yes","height":6,"heightSource":"default"},"geometry":{"type":"MultiPolygon","coordinates":[[[[638520.61,1833106.79],[638521.26,1833099.56],[638533.43,1833100.63],[638532.79,1833107.86],[638520.61,1833106.79]]]]}},{"type":"Feature","properties":{"building":"yes","height":6,"heightSource":"default"},"geometry":{"type":"MultiPolygon","coordinates":[[[[638526.1,1833077.64],[638529.23,1833069.78],[638546.29,1833076.49],[638543.18,1833084.34],[638526.1,1833077.64]]]]}},{"type":"Feature","properties":{"building":"yes","height":6,"heightSource":"default"},"geometry":{"type":"MultiPolygon","coordinates":[[[[638513.4,1833084.39],[638518.67,1833070.19],[638525.85,1833072.81],[638523.87,1833078.13],[638534.32,1833081.95],[638531.03,1833090.84],[638513.4,1833084.39]]]]}},{"type":"Feature","properties":{"building":"yes","height":6,"heightSource":"default"},"geometry":{"type":"MultiPolygon","coordinates":[[[[638541.73,1833120.67],[638554.36,1833122.08],[638555.12,1833115.33],[638542.49,1833113.94],[638541.73,1833120.67]]]]}},{"type":"Feature","properties":{"building":"yes","height":6,"heightSource":"default"},"geometry":{"type":"MultiPolygon","coordinates":[[[[638537.42,1833137.17],[638538.22,1833125.67],[638553.51,1833126.72],[638552.71,1833138.23],[638537.42,1833137.17]]]]}},{"type":"Feature","properties":{"building":"yes","height":6,"heightSource":"default"},"geometry":{"type":"MultiPolygon","coordinates":[[[[638536.93,1833107.48],[638539.28,1833093.8],[638552.34,1833096.02],[638549.99,1833109.69],[638536.93,1833107.48]]]]}},{"type":"Feature","properties":{"building":"yes","height":6,"heightSource":"default"},"geometry":{"type":"MultiPolygon","coordinates":[[[[638504.99,1833049.37],[638508.87,1833039.64],[638524.79,1833045.9],[638520.91,1833055.64],[638504.99,1833049.37]]]]}},{"type":"Feature","properties":{"building":"yes","height":6,"heightSource":"default"},"geometry":{"type":"MultiPolygon","coordinates":[[[[638546.58,1833034.31],[638549.35,1833023.63],[638562.4,1833026.98],[638559.63,1833037.65],[638546.58,1833034.31]]]]}},{"type":"Feature","properties":{"building":"yes","height":6,"heightSource":"default"},"geometry":{"type":"MultiPolygon","coordinates":[[[[638583.5,1832959.05],[638586.59,1832953],[638595.37,1832957.44],[638592.27,1832963.49],[638583.5,1832959.05]]]]}},{"type":"Feature","properties":{"building":"yes","height":6,"heightSource":"default"},"geometry":{"type":"MultiPolygon","coordinates":[[[[638567.94,1832980.1],[638573.19,1832970.87],[638586.54,1832978.34],[638581.31,1832987.59],[638567.94,1832980.1]]]]}},{"type":"Feature","properties":{"building":"yes","height":6,"heightSource":"default"},"geometry":{"type":"MultiPolygon","coordinates":[[[[638573.67,1832965.39],[638577.89,1832957.62],[638592.66,1832965.53],[638588.43,1832973.3],[638573.67,1832965.39]]]]}},{"type":"Feature","properties":{"building":"yes","height":6,"heightSource":"default"},"geometry":{"type":"MultiPolygon","coordinates":[[[[638646.89,1832913.2],[638650.94,1832905.81],[638656.83,1832908.99],[638652.78,1832916.39],[638646.89,1832913.2]]]]}},{"type":"Feature","properties":{"building":"yes","height":6,"heightSource":"default"},"geometry":{"type":"MultiPolygon","coordinates":[[[[638379.76,1832790.9],[638380.11,1832783.14],[638395.36,1832783.81],[638395.01,1832791.58],[638379.76,1832790.9]]]]}},{"type":"Feature","properties":{"building":"yes","height":6,"heightSource":"default"},"geometry":{"type":"MultiPolygon","coordinates":[[[[638417.41,1832751.69],[638425,1832745.47],[638431.95,1832753.82],[638424.37,1832760.05],[638417.41,1832751.69]]]]}},{"type":"Feature","properties":{"building":"yes","height":6,"heightSource":"default"},"geometry":{"type":"MultiPolygon","coordinates":[[[[638429.29,1832766.47],[638436.46,1832760.94],[638440.73,1832766.4],[638433.57,1832771.95],[638429.29,1832766.47]]]]}},{"type":"Feature","properties":{"building":"yes","height":6,"heightSource":"default"},"geometry":{"type":"MultiPolygon","coordinates":[[[[638437.96,1832777.79],[638450.32,1832766.69],[638456.34,1832773.31],[638443.98,1832784.42],[638437.96,1832777.79]]]]}},{"type":"Feature","properties":{"building":"yes","height":6,"heightSource":"default"},"geometry":{"type":"MultiPolygon","coordinates":[[[[638452.36,1832801.02],[638464.93,1832789.55],[638473.36,1832798.67],[638460.79,1832810.14],[638452.36,1832801.02]]]]}},{"type":"Feature","properties":{"building":"yes","height":6,"heightSource":"default"},"geometry":{"type":"MultiPolygon","coordinates":[[[[638494.97,1832859.12],[638497.89,1832854.27],[638514.12,1832863.92],[638511.21,1832868.77],[638494.97,1832859.12]]]]}},{"type":"Feature","properties":{"building":"yes","height":6,"heightSource":"default"},"geometry":{"type":"MultiPolygon","coordinates":[[[[638506.04,1832880.5],[638508.92,1832876.06],[638516.47,1832880.92],[638513.57,1832885.35],[638506.04,1832880.5]]]]}},{"type":"Feature","properties":{"building":"yes","height":6,"heightSource":"default"},"geometry":{"type":"MultiPolygon","coordinates":[[[[638527.76,1832904.36],[638534.2,1832897.31],[638541.77,1832904.14],[638535.31,1832911.19],[638527.76,1832904.36]]]]}},{"type":"Feature","properties":{"building":"yes","height":6,"heightSource":"default"},"geometry":{"type":"MultiPolygon","coordinates":[[[[638519.18,1832915.04],[638524.16,1832908.91],[638533.22,1832916.17],[638528.24,1832922.31],[638519.18,1832915.04]]]]}},{"type":"Feature","properties":{"building":"yes","height":6,"heightSource":"default"},"geometry":{"type":"MultiPolygon","coordinates":[[[[638471.9,1832915.84],[638478.03,1832907.03],[638484.55,1832911.5],[638478.41,1832920.32],[638471.9,1832915.84]]]]}},{"type":"Feature","properties":{"building":"yes","height":6,"heightSource":"default"},"geometry":{"type":"MultiPolygon","coordinates":[[[[638498.56,1832888.73],[638504.7,1832879.92],[638511.21,1832884.4],[638505.06,1832893.21],[638498.56,1832888.73]]]]}},{"type":"Feature","properties":{"building":"yes","height":6,"heightSource":"default"},"geometry":{"type":"MultiPolygon","coordinates":[[[[638951.61,1834452.96],[638959.65,1834427.97],[638968.2,1834430.69],[638960.16,1834455.67],[638951.61,1834452.96]]]]}},{"type":"Feature","properties":{"building":"yes","height":6,"heightSource":"default"},"geometry":{"type":"MultiPolygon","coordinates":[[[[638973.32,1834383.88],[638976.39,1834309.02],[639006.54,1834310.24],[639003.5,1834385.11],[638973.32,1834383.88]]]]}},{"type":"Feature","properties":{"building":"yes","height":6,"heightSource":"default"},"geometry":{"type":"MultiPolygon","coordinates":[[[[638959.65,1834427.97],[638959.55,1834347.58],[638956.16,1834300.74],[638970.74,1834301],[638968.36,1834383.58],[638973.32,1834383.88],[639003.5,1834385.11],[639008.92,1834385.37],[639005.77,1834430.5],[638959.65,1834427.97]]]]}},{"type":"Feature","properties":{"building":"yes","height":6,"heightSource":"default"},"geometry":{"type":"MultiPolygon","coordinates":[[[[638978.84,1834308.32],[638978.54,1834300.35],[639003.21,1834299.46],[639003.51,1834307.42],[638978.84,1834308.32]]]]}},{"type":"Feature","properties":{"building":"yes","height":6,"heightSource":"default"},"geometry":{"type":"MultiPolygon","coordinates":[[[[639041.38,1834360.84],[639041.68,1834344.06],[639048.26,1834344.18],[639047.96,1834360.95],[639041.38,1834360.84]]]]}},{"type":"Feature","properties":{"building":"yes","height":6,"heightSource":"default"},"geometry":{"type":"MultiPolygon","coordinates":[[[[639041.7,1834343.71],[639042,1834326.93],[639048.57,1834327.04],[639048.27,1834343.81],[639041.7,1834343.71]]]]}},{"type":"Feature","properties":{"building":"yes","height":6,"heightSource":"default"},"geometry":{"type":"MultiPolygon","coordinates":[[[[639041.97,1834326.47],[639042.4,1834313.09],[639048.97,1834313.21],[639048.54,1834326.59],[639041.97,1834326.47]]]]}},{"type":"Feature","properties":{"building":"yes","height":6,"heightSource":"default"},"geometry":{"type":"MultiPolygon","coordinates":[[[[639056.8,1834361.19],[639057.09,1834344.26],[639064.73,1834344.39],[639064.44,1834361.31],[639056.8,1834361.19]]]]}},{"type":"Feature","properties":{"building":"yes","height":6,"heightSource":"default"},"geometry":{"type":"MultiPolygon","coordinates":[[[[639057.15,1834344.1],[639057.44,1834327.18],[639065.08,1834327.3],[639064.77,1834344.23],[639057.15,1834344.1]]]]}},{"type":"Feature","properties":{"building":"yes","height":6,"heightSource":"default"},"geometry":{"type":"MultiPolygon","coordinates":[[[[639057.34,1834326.81],[639057.74,1834313.45],[639065.99,1834313.68],[639065.59,1834327.05],[639057.34,1834326.81]]]]}},{"type":"Feature","properties":{"building":"yes","height":6,"heightSource":"default"},"geometry":{"type":"MultiPolygon","coordinates":[[[[638978.5,1834442.57],[638981.81,1834448.57],[638997.45,1834440.03],[638994.13,1834434.03],[638978.5,1834442.57]]]]}},{"type":"Feature","properties":{"building":"yes","height":6,"heightSource":"default"},"geometry":{"type":"MultiPolygon","coordinates":[[[[638992.48,1834205.27],[638993.33,1834186.41],[639006.65,1834187.01],[639006.15,1834197.89],[639002.36,1834197.73],[639002.13,1834202.7],[638999.09,1834202.56],[638998.97,1834205.57],[638992.48,1834205.27]]]]}},{"type":"Feature","properties":{"building":"yes","height":6,"heightSource":"default"},"geometry":{"type":"MultiPolygon","coordinates":[[[[638913.11,1834222.19],[638934.33,1834216.35],[638936.17,1834222.94],[638914.94,1834228.77],[638913.11,1834222.19]]]]}},{"type":"Feature","properties":{"building":"yes","height":6,"heightSource":"default"},"geometry":{"type":"MultiPolygon","coordinates":[[[[638794.34,1834182.78],[638810.56,1834176],[638814.6,1834185.54],[638798.38,1834192.32],[638794.34,1834182.78]]]]}},{"type":"Feature","properties":{"building":"yes","height":6,"heightSource":"default"},"geometry":{"type":"MultiPolygon","coordinates":[[[[638788.52,1834149.11],[638787.92,1834139.18],[638803.2,1834138.3],[638803.78,1834148.23],[638788.52,1834149.11]]]]}},{"type":"Feature","properties":{"building":"yes","height":6,"heightSource":"default"},"geometry":{"type":"MultiPolygon","coordinates":[[[[638783.98,1834081.35],[638784.12,1834068.79],[638800.07,1834068.97],[638799.93,1834081.55],[638783.98,1834081.35]]]]}},{"type":"Feature","properties":{"building":"yes","height":6,"heightSource":"default"},"geometry":{"type":"MultiPolygon","coordinates":[[[[638798.86,1833969.02],[638801.08,1833959.29],[638815.19,1833962.47],[638812.97,1833972.21],[638798.86,1833969.02]]]]}},{"type":"Feature","properties":{"building":"yes","height":6,"heightSource":"default"},"geometry":{"type":"MultiPolygon","coordinates":[[[[638802.56,1833947.05],[638803.86,1833935.55],[638817.71,1833937.11],[638816.4,1833948.61],[638802.56,1833947.05]]]]}},{"type":"Feature","properties":{"building":"yes","height":6,"heightSource":"default"},"geometry":{"type":"MultiPolygon","coordinates":[[[[638810.46,1833856.64],[638811.03,1833848.87],[638824.3,1833849.84],[638823.72,1833857.61],[638810.46,1833856.64]]]]}},{"type":"Feature","properties":{"building":"yes","height":6,"heightSource":"default"},"geometry":{"type":"MultiPolygon","coordinates":[[[[638828.26,1833826.06],[638829.36,1833813],[638839.21,1833813.82],[638838.12,1833826.89],[638828.26,1833826.06]]]]}},{"type":"Feature","properties":{"building":"yes","height":6,"heightSource":"default"},"geometry":{"type":"MultiPolygon","coordinates":[[[[638837.54,1833748.27],[638837.98,1833740.87],[638848.55,1833741.48],[638848.12,1833748.88],[638837.54,1833748.27]]]]}},{"type":"Feature","properties":{"building":"yes","height":6,"heightSource":"default"},"geometry":{"type":"MultiPolygon","coordinates":[[[[638845.83,1833730.87],[638846.29,1833724.89],[638858.42,1833725.79],[638857.97,1833731.77],[638845.83,1833730.87]]]]}},{"type":"Feature","properties":{"building":"yes","height":6,"heightSource":"default"},"geometry":{"type":"MultiPolygon","coordinates":[[[[638868.04,1833730.32],[638868.5,1833724.72],[638878.53,1833725.54],[638878.07,1833731.15],[638868.04,1833730.32]]]]}},{"type":"Feature","properties":{"building":"yes","height":6,"heightSource":"default"},"geometry":{"type":"MultiPolygon","coordinates":[[[[638895.75,1833719.04],[638897.3,1833705.89],[638907.39,1833707.07],[638905.85,1833720.21],[638895.75,1833719.04]]]]}},{"type":"Feature","properties":{"building":"yes","height":6,"heightSource":"default"},"geometry":{"type":"MultiPolygon","coordinates":[[[[638852.1,1833721.05],[638853.17,1833712.52],[638861.04,1833713.5],[638859.96,1833722.03],[638852.1,1833721.05]]]]}},{"type":"Feature","properties":{"building":"yes","height":6,"heightSource":"default"},"geometry":{"type":"MultiPolygon","coordinates":[[[[638912.08,1833716.47],[638913.44,1833700.21],[638922.89,1833700.98],[638921.54,1833717.25],[638912.08,1833716.47]]]]}},{"type":"Feature","properties":{"building":"yes","height":6,"heightSource":"default"},"geometry":{"type":"MultiPolygon","coordinates":[[[[638954.75,1833733.86],[638955.84,1833721.41],[638978.33,1833723.36],[638977.25,1833735.81],[638954.75,1833733.86]]]]}},{"type":"Feature","properties":{"building":"yes","height":6,"heightSource":"default"},"geometry":{"type":"MultiPolygon","coordinates":[[[[639011.98,1833683.07],[639013.72,1833662.5],[639022.27,1833663.21],[639020.54,1833683.79],[639011.98,1833683.07]]]]}},{"type":"Feature","properties":{"building":"yes","height":6,"heightSource":"default"},"geometry":{"type":"MultiPolygon","coordinates":[[[[638912.92,1833596.88],[638915.17,1833587.37],[638944.91,1833594.32],[638942.65,1833603.84],[638912.92,1833596.88]]]]}},{"type":"Feature","properties":{"building":"yes","height":6,"heightSource":"default"},"geometry":{"type":"MultiPolygon","coordinates":[[[[638847.68,1833631.78],[638850.52,1833624.94],[638860.62,1833629.08],[638861.7,1833626.45],[638868.21,1833629.1],[638864.28,1833638.58],[638847.68,1833631.78]]]]}},{"type":"Feature","properties":{"building":"yes","height":6,"heightSource":"default"},"geometry":{"type":"MultiPolygon","coordinates":[[[[638853.2,1833618.71],[638856.12,1833607.08],[638869.16,1833610.31],[638866.25,1833621.95],[638853.2,1833618.71]]]]}},{"type":"Feature","properties":{"building":"yes","height":6,"heightSource":"default"},"geometry":{"type":"MultiPolygon","coordinates":[[[[638861.24,1833607.14],[638865.19,1833590.95],[638888.73,1833596.64],[638886.97,1833603.89],[638877.07,1833601.5],[638874.89,1833610.43],[638861.24,1833607.14]]]]}},{"type":"Feature","properties":{"building":"yes","height":6,"heightSource":"default"},"geometry":{"type":"MultiPolygon","coordinates":[[[[638867.92,1833621.7],[638870.18,1833611.34],[638900.07,1833617.78],[638897.81,1833628.13],[638867.92,1833621.7]]]]}},{"type":"Feature","properties":{"building":"yes","height":6,"heightSource":"default"},"geometry":{"type":"MultiPolygon","coordinates":[[[[638886.42,1833608.24],[638888.9,1833598.86],[638896.31,1833600.81],[638893.82,1833610.18],[638886.42,1833608.24]]]]}},{"type":"Feature","properties":{"building":"yes","height":6,"heightSource":"default"},"geometry":{"type":"MultiPolygon","coordinates":[[[[638836.2,1833550.41],[638836.67,1833540.44],[638849.31,1833541.05],[638848.84,1833551.01],[638836.2,1833550.41]]]]}},{"type":"Feature","properties":{"building":"yes","height":6,"heightSource":"default"},"geometry":{"type":"MultiPolygon","coordinates":[[[[638904.88,1833424.77],[638907.76,1833413.16],[638923.35,1833416.98],[638920.47,1833428.59],[638904.88,1833424.77]]]]}},{"type":"Feature","properties":{"building":"yes","height":6,"heightSource":"default"},"geometry":{"type":"MultiPolygon","coordinates":[[[[638769.06,1833265.84],[638772.63,1833256.14],[638795.67,1833264.5],[638792.11,1833274.19],[638769.06,1833265.84]]]]}},{"type":"Feature","properties":{"building":"yes","height":6,"heightSource":"default"},"geometry":{"type":"MultiPolygon","coordinates":[[[[638806.8,1833279.32],[638810.46,1833270.11],[638819.4,1833273.64],[638815.74,1833282.83],[638806.8,1833279.32]]]]}},{"type":"Feature","properties":{"building":"yes","height":6,"heightSource":"default"},"geometry":{"type":"MultiPolygon","coordinates":[[[[638813.59,1832845.51],[638819.42,1832838.95],[638825.35,1832844.14],[638819.52,1832850.7],[638813.59,1832845.51]]]]}},{"type":"Feature","properties":{"building":"yes","height":6,"heightSource":"default"},"geometry":{"type":"MultiPolygon","coordinates":[[[[638822.03,1832836.48],[638827.7,1832830.59],[638834.94,1832837.49],[638829.27,1832843.37],[638822.03,1832836.48]]]]}},{"type":"Feature","properties":{"building":"yes","height":6,"heightSource":"default"},"geometry":{"type":"MultiPolygon","coordinates":[[[[638828.62,1832830.14],[638833.19,1832825.39],[638840.06,1832831.91],[638835.48,1832836.66],[638828.62,1832830.14]]]]}},{"type":"Feature","properties":{"building":"yes","height":6,"heightSource":"default"},"geometry":{"type":"MultiPolygon","coordinates":[[[[638791.2,1832843.53],[638798.82,1832834.45],[638805,1832839.57],[638797.37,1832848.64],[638791.2,1832843.53]]]]}},{"type":"Feature","properties":{"building":"yes","height":6,"heightSource":"default"},"geometry":{"type":"MultiPolygon","coordinates":[[[[638887.21,1832850.16],[638893.88,1832843.88],[638899.87,1832850.16],[638893.19,1832856.44],[638887.21,1832850.16]]]]}},{"type":"Feature","properties":{"building":"yes","height":6,"heightSource":"default"},"geometry":{"type":"MultiPolygon","coordinates":[[[[638875.49,1832921.81],[638883.46,1832912.69],[638893.37,1832921.23],[638885.4,1832930.35],[638875.49,1832921.81]]]]}},{"type":"Feature","properties":{"building":"yes","height":6,"heightSource":"default"},"geometry":{"type":"MultiPolygon","coordinates":[[[[638907.25,1832955.84],[638916.51,1832951.15],[638920.67,1832959.25],[638911.4,1832963.94],[638907.25,1832955.84]]]]}},{"type":"Feature","properties":{"building":"yes","height":6,"heightSource":"default"},"geometry":{"type":"MultiPolygon","coordinates":[[[[638925.63,1832962.33],[638923.82,1832955.59],[638931.27,1832953.62],[638933.08,1832960.35],[638925.63,1832962.33]]]]}},{"type":"Feature","properties":{"building":"yes","height":6,"heightSource":"default"},"geometry":{"type":"MultiPolygon","coordinates":[[[[638887.68,1833001.52],[638894,1832999.06],[638896.77,1833006.09],[638890.46,1833008.55],[638887.68,1833001.52]]]]}},{"type":"Feature","properties":{"building":"yes","height":6,"heightSource":"default"},"geometry":{"type":"MultiPolygon","coordinates":[[[[638955.82,1832971.35],[638962.52,1832967.58],[638966.23,1832974.08],[638959.52,1832977.85],[638955.82,1832971.35]]]]}},{"type":"Feature","properties":{"building":"yes","height":6,"heightSource":"default"},"geometry":{"type":"MultiPolygon","coordinates":[[[[638975.13,1832980.16],[638970.03,1832968.19],[638980.89,1832963.63],[638985.99,1832975.6],[638975.13,1832980.16]]]]}},{"type":"Feature","properties":{"building":"yes","height":6,"heightSource":"default"},"geometry":{"type":"MultiPolygon","coordinates":[[[[638987.41,1832954.24],[638995.81,1832973.22],[639013.59,1832965.44],[639009.72,1832956.71],[638997.57,1832962.02],[638993.05,1832951.79],[638987.41,1832954.24]]]]}},{"type":"Feature","properties":{"building":"yes","height":6,"heightSource":"default"},"geometry":{"type":"MultiPolygon","coordinates":[[[[638495.24,1833213.44],[638498.1,1833205.13],[638505.54,1833207.66],[638502.68,1833215.96],[638495.24,1833213.44]]]]}},{"type":"Feature","properties":{"building":"yes","height":6,"heightSource":"default"},"geometry":{"type":"MultiPolygon","coordinates":[[[[638485.91,1833210.01],[638488.48,1833202.4],[638497.23,1833205.33],[638494.67,1833212.93],[638485.91,1833210.01]]]]}},{"type":"Feature","properties":{"building":"yes","height":6,"heightSource":"default"},"geometry":{"type":"MultiPolygon","coordinates":[[[[638491.76,1833252.8],[638494.68,1833243.94],[638512.65,1833249.8],[638509.74,1833258.65],[638491.76,1833252.8]]]]}},{"type":"Feature","properties":{"building":"yes","height":6,"heightSource":"default"},"geometry":{"type":"MultiPolygon","coordinates":[[[[638488.45,1833261.84],[638491.37,1833252.99],[638509.35,1833258.85],[638506.43,1833267.7],[638488.45,1833261.84]]]]}},{"type":"Feature","properties":{"building":"yes","height":6,"heightSource":"default"},"geometry":{"type":"MultiPolygon","coordinates":[[[[638484.57,1833270.86],[638487.49,1833262],[638505.46,1833267.85],[638502.55,1833276.71],[638484.57,1833270.86]]]]}},{"type":"Feature","properties":{"building":"yes","height":6,"heightSource":"default"},"geometry":{"type":"MultiPolygon","coordinates":[[[[638470.58,1833286.14],[638472.64,1833280],[638494.16,1833287.12],[638492.1,1833293.26],[638470.58,1833286.14]]]]}},{"type":"Feature","properties":{"building":"yes","height":6,"heightSource":"default"},"geometry":{"type":"MultiPolygon","coordinates":[[[[638477.29,1833298.92],[638480.28,1833291.19],[638488.1,1833294.18],[638485.11,1833301.9],[638477.29,1833298.92]]]]}},{"type":"Feature","properties":{"building":"yes","height":6,"heightSource":"default"},"geometry":{"type":"MultiPolygon","coordinates":[[[[638465.86,1833306.07],[638469.02,1833297.34],[638481.54,1833301.81],[638478.38,1833310.55],[638465.86,1833306.07]]]]}},{"type":"Feature","properties":{"building":"yes","height":6,"heightSource":"default"},"geometry":{"type":"MultiPolygon","coordinates":[[[[638457.9,1833347.96],[638469.42,1833328.4],[638475.47,1833331.91],[638463.95,1833351.49],[638457.9,1833347.96]]]]}},{"type":"Feature","properties":{"building":"yes","height":6,"heightSource":"default"},"geometry":{"type":"MultiPolygon","coordinates":[[[[638432.8,1833372],[638437.72,1833362.3],[638451.68,1833369.3],[638446.75,1833379.01],[638432.8,1833372]]]]}},{"type":"Feature","properties":{"building":"yes","height":6,"heightSource":"default"},"geometry":{"type":"MultiPolygon","coordinates":[[[[638349.15,1833467.46],[638356.11,1833451.53],[638367.62,1833456.48],[638360.66,1833472.42],[638349.15,1833467.46]]]]}},{"type":"Feature","properties":{"building":"yes","height":6,"heightSource":"default"},"geometry":{"type":"MultiPolygon","coordinates":[[[[638377.03,1833490.47],[638377.24,1833480.37],[638390.42,1833480.63],[638390.22,1833490.73],[638377.03,1833490.47]]]]}},{"type":"Feature","properties":{"building":"yes","height":6,"heightSource":"default"},"geometry":{"type":"MultiPolygon","coordinates":[[[[638381.71,1833468.01],[638382.38,1833460.33],[638399.13,1833461.77],[638398.45,1833469.46],[638381.71,1833468.01]]]]}},{"type":"Feature","properties":{"building":"yes","height":6,"heightSource":"default"},"geometry":{"type":"MultiPolygon","coordinates":[[[[638380.7,1833411.71],[638385.87,1833400.83],[638395.22,1833405.22],[638390.05,1833416.09],[638380.7,1833411.71]]]]}},{"type":"Feature","properties":{"building":"yes","height":6,"heightSource":"default"},"geometry":{"type":"MultiPolygon","coordinates":[[[[638427.41,1833336.89],[638436.11,1833319.82],[638442.68,1833323.12],[638433.97,1833340.21],[638427.41,1833336.89]]]]}},{"type":"Feature","properties":{"building":"yes","height":6,"heightSource":"default"},"geometry":{"type":"MultiPolygon","coordinates":[[[[638930.12,1833483.96],[638935.25,1833465.81],[638948.2,1833469.41],[638943.08,1833487.57],[638930.12,1833483.96]]]]}},{"type":"Feature","properties":{"building":"yes","height":6,"heightSource":"default"},"geometry":{"type":"MultiPolygon","coordinates":[[[[638949.68,1833492.5],[638953.98,1833475.08],[638962.75,1833477.23],[638958.44,1833494.64],[638949.68,1833492.5]]]]}},{"type":"Feature","properties":{"building":"yes","height":6,"heightSource":"default"},"geometry":{"type":"MultiPolygon","coordinates":[[[[638983.74,1833489.81],[638986.87,1833476.42],[638995.29,1833478.37],[638992.16,1833491.76],[638983.74,1833489.81]]]]}},{"type":"Feature","properties":{"building":"yes","height":6,"heightSource":"default"},"geometry":{"type":"MultiPolygon","coordinates":[[[[639066.92,1833479.55],[639077.12,1833464.96],[639085.97,1833471.07],[639077.49,1833483.21],[639074.5,1833481.14],[639072.79,1833483.6],[639066.92,1833479.55]]]]}},{"type":"Feature","properties":{"building":"yes","height":6,"heightSource":"default"},"geometry":{"type":"MultiPolygon","coordinates":[[[[639060.9,1833457.16],[639066.21,1833446.95],[639080.4,1833454.24],[639075.1,1833464.44],[639060.9,1833457.16]]]]}},{"type":"Feature","properties":{"building":"yes","height":6,"heightSource":"default"},"geometry":{"type":"MultiPolygon","coordinates":[[[[638701.85,1833651.7],[638703.24,1833641.22],[638725.6,1833644.16],[638724.2,1833654.65],[638701.85,1833651.7]]]]}},{"type":"Feature","properties":{"building":"yes","height":6,"heightSource":"default"},"geometry":{"type":"MultiPolygon","coordinates":[[[[638742.29,1833600.77],[638743.14,1833592.38],[638760.06,1833594.08],[638759.21,1833602.47],[638742.29,1833600.77]]]]}},{"type":"Feature","properties":{"building":"yes","height":6,"heightSource":"default"},"geometry":{"type":"MultiPolygon","coordinates":[[[[638729.83,1833618.7],[638732.67,1833609.69],[638748.27,1833614.52],[638745.44,1833623.54],[638729.83,1833618.7]]]]}},{"type":"Feature","properties":{"building":"yes","height":6,"heightSource":"default"},"geometry":{"type":"MultiPolygon","coordinates":[[[[638861.79,1833204.49],[638862.57,1833195.31],[638876.13,1833196.43],[638875.37,1833205.61],[638861.79,1833204.49]]]]}},{"type":"Feature","properties":{"building":"yes","height":6,"heightSource":"default"},"geometry":{"type":"MultiPolygon","coordinates":[[[[638863.84,1833216.61],[638864.45,1833211.22],[638873.41,1833212.22],[638872.79,1833217.61],[638863.84,1833216.61]]]]}},{"type":"Feature","properties":{"building":"yes","height":6,"heightSource":"default"},"geometry":{"type":"MultiPolygon","coordinates":[[[[638867.73,1833151.67],[638868.15,1833141.49],[638873.64,1833141.72],[638873.23,1833151.89],[638867.73,1833151.67]]]]}},{"type":"Feature","properties":{"building":"yes","height":6,"heightSource":"default"},"geometry":{"type":"MultiPolygon","coordinates":[[[[638756.61,1833090.19],[638764.7,1833072.59],[638774.94,1833077.23],[638766.84,1833094.84],[638756.61,1833090.19]]]]}},{"type":"Feature","properties":{"building":"yes","height":6,"heightSource":"default"},"geometry":{"type":"MultiPolygon","coordinates":[[[[638691.16,1833068.04],[638693.5,1833062.44],[638697.7,1833064.17],[638698.48,1833062.32],[638717.19,1833070.04],[638714.08,1833077.5],[638691.16,1833068.04]]]]}},{"type":"Feature","properties":{"building":"yes","height":6,"heightSource":"default"},"geometry":{"type":"MultiPolygon","coordinates":[[[[638690.37,1833080.92],[638692.59,1833075.8],[638711.62,1833083.95],[638709.39,1833089.08],[638690.37,1833080.92]]]]}},{"type":"Feature","properties":{"building":"yes","height":6,"heightSource":"default"},"geometry":{"type":"MultiPolygon","coordinates":[[[[638694.32,1833076.36],[638696.48,1833071.25],[638713.59,1833078.35],[638711.45,1833083.47],[638694.32,1833076.36]]]]}},{"type":"Feature","properties":{"building":"yes","height":6,"heightSource":"default"},"geometry":{"type":"MultiPolygon","coordinates":[[[[638935.48,1833257.83],[638936.7,1833248.19],[638945.86,1833249.33],[638944.66,1833258.98],[638935.48,1833257.83]]]]}},{"type":"Feature","properties":{"building":"yes","height":6,"heightSource":"default"},"geometry":{"type":"MultiPolygon","coordinates":[[[[638933.01,1833226.67],[638935.06,1833217.19],[638949.43,1833220.25],[638947.39,1833229.73],[638933.01,1833226.67]]]]}},{"type":"Feature","properties":{"building":"yes","height":6,"heightSource":"default"},"geometry":{"type":"MultiPolygon","coordinates":[[[[638948.49,1833229.98],[638950.39,1833219.86],[638964.22,1833222.43],[638962.32,1833232.55],[638948.49,1833229.98]]]]}},{"type":"Feature","properties":{"building":"yes","height":6,"heightSource":"default"},"geometry":{"type":"MultiPolygon","coordinates":[[[[637131.68,1831887.55],[637150.19,1831863.14],[637159.79,1831870.33],[637141.28,1831894.75],[637131.68,1831887.55]]]]}},{"type":"Feature","properties":{"building":"yes","height":6,"heightSource":"default"},"geometry":{"type":"MultiPolygon","coordinates":[[[[637112.79,1831906.76],[637122.7,1831914.45],[637136.69,1831896.62],[637123.17,1831886.12],[637112.21,1831900.07],[637112.79,1831906.76]]]]}},{"type":"Feature","properties":{"building":"yes","height":6,"heightSource":"default"},"geometry":{"type":"MultiPolygon","coordinates":[[[[637167.69,1832003.65],[637166.65,1831989.44],[637175.44,1831988.81],[637176.49,1832003.02],[637167.69,1832003.65]]]]}},{"type":"Feature","properties":{"building":"yes","height":6,"heightSource":"default"},"geometry":{"type":"MultiPolygon","coordinates":[[[[637234.73,1832001.41],[637230.19,1831989.73],[637239.43,1831986.18],[637243.98,1831997.86],[637234.73,1832001.41]]]]}},{"type":"Feature","properties":{"building":"yes","height":6,"heightSource":"default"},"geometry":{"type":"MultiPolygon","coordinates":[[[[637138.28,1832008.45],[637138.53,1831997.58],[637150.21,1831997.84],[637149.96,1832008.71],[637138.28,1832008.45]]]]}},{"type":"Feature","properties":{"building":"yes","height":6,"heightSource":"default"},"geometry":{"type":"MultiPolygon","coordinates":[[[[637176.31,1832147.07],[637178.97,1832154.44],[637210.01,1832143.37],[637207.34,1832136.01],[637176.31,1832147.07]]]]}},{"type":"Feature","properties":{"building":"yes","height":6,"heightSource":"default"},"geometry":{"type":"MultiPolygon","coordinates":[[[[637130.24,1832160.23],[637129.1,1832150.08],[637143.69,1832148.46],[637144.85,1832158.62],[637130.24,1832160.23]]]]}},{"type":"Feature","properties":{"building":"yes","height":6,"heightSource":"default"},"geometry":{"type":"MultiPolygon","coordinates":[[[[637139.17,1832166.82],[637141.55,1832174.61],[637155.75,1832170.32],[637153.37,1832162.54],[637139.17,1832166.82]]]]}},{"type":"Feature","properties":{"building":"yes","height":6,"heightSource":"default"},"geometry":{"type":"MultiPolygon","coordinates":[[[[637130.84,1832184.05],[637144.5,1832176.94],[637148.27,1832184.09],[637134.6,1832191.19],[637130.84,1832184.05]]]]}},{"type":"Feature","properties":{"building":"yes","height":6,"heightSource":"default"},"geometry":{"type":"MultiPolygon","coordinates":[[[[637148.66,1832177.85],[637159.05,1832173.63],[637162.62,1832182.3],[637152.22,1832186.53],[637148.66,1832177.85]]]]}},{"type":"Feature","properties":{"building":"yes","height":6,"heightSource":"default"},"geometry":{"type":"MultiPolygon","coordinates":[[[[637236.06,1832138.38],[637240.72,1832148.36],[637250.82,1832143.7],[637246.17,1832133.72],[637236.06,1832138.38]]]]}},{"type":"Feature","properties":{"building":"yes","height":6,"heightSource":"default"},"geometry":{"type":"MultiPolygon","coordinates":[[[[637143.6,1832213.55],[637162.22,1832205.09],[637166.46,1832214.29],[637147.84,1832222.76],[637143.6,1832213.55]]]]}},{"type":"Feature","properties":{"building":"yes","height":6,"heightSource":"default"},"geometry":{"type":"MultiPolygon","coordinates":[[[[637156.41,1832286.2],[637166.98,1832282.4],[637169.66,1832289.78],[637159.1,1832293.58],[637156.41,1832286.2]]]]}},{"type":"Feature","properties":{"building":"yes","height":6,"heightSource":"default"},"geometry":{"type":"MultiPolygon","coordinates":[[[[637158.19,1832312.26],[637155.35,1832298.34],[637165.16,1832296.35],[637168,1832310.28],[637158.19,1832312.26]]]]}},{"type":"Feature","properties":{"building":"yes","height":6,"heightSource":"default"},"geometry":{"type":"MultiPolygon","coordinates":[[[[637147.57,1832312.77],[637146.23,1832306.53],[637155.1,1832304.65],[637156.43,1832310.89],[637147.57,1832312.77]]]]}},{"type":"Feature","properties":{"building":"yes","height":6,"heightSource":"default"},"geometry":{"type":"MultiPolygon","coordinates":[[[[637107.98,1832310.55],[637119.17,1832302.89],[637124.76,1832310.93],[637113.57,1832318.61],[637107.98,1832310.55]]]]}},{"type":"Feature","properties":{"building":"yes","height":6,"heightSource":"default"},"geometry":{"type":"MultiPolygon","coordinates":[[[[637130.47,1832334.86],[637134.74,1832343.9],[637149.88,1832336.84],[637145.61,1832327.8],[637130.47,1832334.86]]]]}},{"type":"Feature","properties":{"building":"yes","height":6,"heightSource":"default"},"geometry":{"type":"MultiPolygon","coordinates":[[[[637199.08,1832310],[637201.29,1832317.64],[637218.19,1832312.79],[637215.97,1832305.14],[637199.08,1832310]]]]}},{"type":"Feature","properties":{"building":"yes","height":6,"heightSource":"default"},"geometry":{"type":"MultiPolygon","coordinates":[[[[637191.91,1832324.18],[637194.46,1832331.54],[637207.25,1832327.16],[637204.7,1832319.81],[637191.91,1832324.18]]]]}},{"type":"Feature","properties":{"building":"yes","height":6,"heightSource":"default"},"geometry":{"type":"MultiPolygon","coordinates":[[[[637207.15,1832328.74],[637213.72,1832326.35],[637216.39,1832333.58],[637209.82,1832335.98],[637207.15,1832328.74]]]]}},{"type":"Feature","properties":{"building":"yes","height":6,"heightSource":"default"},"geometry":{"type":"MultiPolygon","coordinates":[[[[637205.53,1832341.76],[637216.72,1832336.65],[637221.9,1832347.85],[637210.71,1832352.95],[637205.53,1832341.76]]]]}},{"type":"Feature","properties":{"building":"yes","height":6,"heightSource":"default"},"geometry":{"type":"MultiPolygon","coordinates":[[[[637239.46,1832338.61],[637246.98,1832350.16],[637255.18,1832344.89],[637247.64,1832333.34],[637239.46,1832338.61]]]]}},{"type":"Feature","properties":{"building":"yes","height":6,"heightSource":"default"},"geometry":{"type":"MultiPolygon","coordinates":[[[[637225.77,1832347.77],[637238.61,1832339.7],[637242.64,1832346.06],[637229.82,1832354.13],[637225.77,1832347.77]]]]}},{"type":"Feature","properties":{"building":"yes","height":6,"heightSource":"default"},"geometry":{"type":"MultiPolygon","coordinates":[[[[637263.87,1832397.01],[637268.72,1832391.05],[637277.37,1832397.99],[637270.61,1832406.32],[637264.33,1832401.28],[637266.26,1832398.92],[637263.87,1832397.01]]]]}},{"type":"Feature","properties":{"building":"yes","height":6,"heightSource":"default"},"geometry":{"type":"MultiPolygon","coordinates":[[[[637256.05,1832412.83],[637259.64,1832406.71],[637268.61,1832411.89],[637265.03,1832418.01],[637256.05,1832412.83]]]]}},{"type":"Feature","properties":{"building":"yes","height":6,"heightSource":"default"},"geometry":{"type":"MultiPolygon","coordinates":[[[[637202.13,1832472.49],[637211.78,1832460.25],[637217.31,1832464.55],[637207.66,1832476.79],[637202.13,1832472.49]]]]}},{"type":"Feature","properties":{"building":"yes","height":6,"heightSource":"default"},"geometry":{"type":"MultiPolygon","coordinates":[[[[637182.32,1832512.11],[637181.38,1832500.57],[637192.99,1832499.64],[637193.93,1832511.17],[637182.32,1832512.11]]]]}},{"type":"Feature","properties":{"building":"yes","height":6,"heightSource":"default"},"geometry":{"type":"MultiPolygon","coordinates":[[[[637215.41,1832502.16],[637223.37,1832493.12],[637230.19,1832499.05],[637222.23,1832508.09],[637215.41,1832502.16]]]]}},{"type":"Feature","properties":{"building":"yes","height":6,"heightSource":"default"},"geometry":{"type":"MultiPolygon","coordinates":[[[[637248.1,1832496.86],[637253.9,1832501.74],[637248.09,1832508.56],[637242.29,1832503.67],[637248.1,1832496.86]]]]}},{"type":"Feature","properties":{"building":"yes","height":6,"heightSource":"default"},"geometry":{"type":"MultiPolygon","coordinates":[[[[637169.33,1832489.3],[637175.85,1832480.11],[637188.95,1832489.29],[637184.41,1832495.68],[637176.25,1832489.96],[637174.27,1832492.76],[637169.33,1832489.3]]]]}},{"type":"Feature","properties":{"building":"yes","height":6,"heightSource":"default"},"geometry":{"type":"MultiPolygon","coordinates":[[[[636407.15,1832537.22],[636413.06,1832535.77],[636417.07,1832551.72],[636411.15,1832553.19],[636407.15,1832537.22]]]]}},{"type":"Feature","properties":{"building":"yes","height":6,"heightSource":"default"},"geometry":{"type":"MultiPolygon","coordinates":[[[[636411.61,1832529.13],[636421.21,1832526.4],[636424.18,1832536.69],[636414.58,1832539.43],[636411.61,1832529.13]]]]}},{"type":"Feature","properties":{"building":"yes","height":6,"heightSource":"default"},"geometry":{"type":"MultiPolygon","coordinates":[[[[636481.99,1832533.6],[636491.06,1832527.82],[636501.34,1832543.72],[636492.27,1832549.5],[636481.99,1832533.6]]]]}},{"type":"Feature","properties":{"building":"yes","height":6,"heightSource":"default"},"geometry":{"type":"MultiPolygon","coordinates":[[[[636507.55,1832515.82],[636516.62,1832510.02],[636526.9,1832525.93],[636517.84,1832531.72],[636507.55,1832515.82]]]]}},{"type":"Feature","properties":{"building":"yes","height":6,"heightSource":"default"},"geometry":{"type":"MultiPolygon","coordinates":[[[[636607.07,1832524.86],[636629.12,1832516.13],[636624.56,1832504.77],[636602.51,1832513.5],[636607.07,1832524.86]]]]}},{"type":"Feature","properties":{"building":"yes","height":6,"heightSource":"default"},"geometry":{"type":"MultiPolygon","coordinates":[[[[636832.95,1832332.8],[636848.57,1832320.2],[636857.33,1832330.92],[636841.72,1832343.52],[636832.95,1832332.8]]]]}},{"type":"Feature","properties":{"building":"yes","height":6,"heightSource":"default"},"geometry":{"type":"MultiPolygon","coordinates":[[[[636825,1832272.67],[636832.58,1832264.96],[636842.51,1832274.62],[636834.92,1832282.33],[636825,1832272.67]]]]}},{"type":"Feature","properties":{"building":"yes","height":6,"heightSource":"default"},"geometry":{"type":"MultiPolygon","coordinates":[[[[637364.17,1831971.25],[637359.52,1831957.48],[637373.5,1831952.8],[637378.16,1831966.57],[637364.17,1831971.25]]]]}},{"type":"Feature","properties":{"building":"yes","height":6,"heightSource":"default"},"geometry":{"type":"MultiPolygon","coordinates":[[[[637411.68,1831981.19],[637406.86,1831966.19],[637413.66,1831964.02],[637418.5,1831979.02],[637411.68,1831981.19]]]]}},{"type":"Feature","properties":{"building":"yes","height":6,"heightSource":"default"},"geometry":{"type":"MultiPolygon","coordinates":[[[[637403.78,1831983.54],[637398.95,1831968.54],[637405.76,1831966.38],[637410.58,1831981.38],[637403.78,1831983.54]]]]}},{"type":"Feature","properties":{"building":"yes","height":6,"heightSource":"default"},"geometry":{"type":"MultiPolygon","coordinates":[[[[637335.61,1831993.69],[637334.75,1831983.88],[637362.55,1831981.46],[637363.42,1831991.27],[637335.61,1831993.69]]]]}},{"type":"Feature","properties":{"building":"yes","height":6,"heightSource":"default"},"geometry":{"type":"MultiPolygon","coordinates":[[[[637353.17,1832036.3],[637351.58,1832027.89],[637367.1,1832025],[637368.69,1832033.41],[637353.17,1832036.3]]]]}},{"type":"Feature","properties":{"building":"yes","height":6,"heightSource":"default"},"geometry":{"type":"MultiPolygon","coordinates":[[[[637384.98,1832096.17],[637383.1,1832083.92],[637395.74,1832082],[637397.61,1832094.25],[637384.98,1832096.17]]]]}},{"type":"Feature","properties":{"building":"yes","height":6,"heightSource":"default"},"geometry":{"type":"MultiPolygon","coordinates":[[[[637353.93,1832081.86],[637363.65,1832077.2],[637367.59,1832085.29],[637357.87,1832089.97],[637353.93,1832081.86]]]]}},{"type":"Feature","properties":{"building":"yes","height":6,"heightSource":"default"},"geometry":{"type":"MultiPolygon","coordinates":[[[[637456.19,1832120.54],[637453.34,1832109.84],[637460.35,1832108],[637463.2,1832118.69],[637456.19,1832120.54]]]]}},{"type":"Feature","properties":{"building":"yes","height":6,"heightSource":"default"},"geometry":{"type":"MultiPolygon","coordinates":[[[[637401.83,1832133.81],[637397.95,1832124.71],[637406.47,1832121.12],[637410.36,1832130.21],[637401.83,1832133.81]]]]}},{"type":"Feature","properties":{"building":"yes","height":6,"heightSource":"default"},"geometry":{"type":"MultiPolygon","coordinates":[[[[638494.28,1832917.01],[638496.51,1832914.09],[638501.57,1832917.92],[638507.14,1832910.64],[638511.07,1832913.62],[638503.26,1832923.82],[638494.28,1832917.01]]]]}},{"type":"Feature","properties":{"building":"yes","height":6,"heightSource":"default"},"geometry":{"type":"MultiPolygon","coordinates":[[[[638600.9,1832875.42],[638606.63,1832865.61],[638611.99,1832868.7],[638610.33,1832871.54],[638614.92,1832874.2],[638610.85,1832881.16],[638600.9,1832875.42]]]]}},{"type":"Feature","properties":{"building":"yes","height":6,"heightSource":"default"},"geometry":{"type":"MultiPolygon","coordinates":[[[[638624.55,1832843.83],[638634.23,1832849.38],[638632.33,1832852.65],[638636.48,1832855.03],[638645.94,1832838.69],[638637.08,1832833.61],[638634.2,1832838.58],[638629.23,1832835.74],[638624.55,1832843.83]]]]}},{"type":"Feature","properties":{"building":"yes","height":6,"heightSource":"default"},"geometry":{"type":"MultiPolygon","coordinates":[[[[638462.57,1832909.39],[638468.17,1832901.48],[638476.26,1832907.15],[638470.66,1832915.06],[638462.57,1832909.39]]]]}},{"type":"Feature","properties":{"building":"yes","height":6,"heightSource":"default"},"geometry":{"type":"MultiPolygon","coordinates":[[[[638440.15,1832961.31],[638446.05,1832952.64],[638450.75,1832955.81],[638444.86,1832964.47],[638440.15,1832961.31]]]]}},{"type":"Feature","properties":{"building":"yes","height":6,"heightSource":"default"},"geometry":{"type":"MultiPolygon","coordinates":[[[[638444.86,1832964.47],[638450.75,1832955.81],[638455.57,1832959.04],[638449.66,1832967.7],[638444.86,1832964.47]]]]}},{"type":"Feature","properties":{"building":"yes","height":6,"heightSource":"default"},"geometry":{"type":"MultiPolygon","coordinates":[[[[638449.66,1832967.7],[638455.57,1832959.04],[638460.36,1832962.27],[638454.46,1832970.93],[638449.66,1832967.7]]]]}},{"type":"Feature","properties":{"building":"yes","height":6,"heightSource":"default"},"geometry":{"type":"MultiPolygon","coordinates":[[[[638454.46,1832970.93],[638460.36,1832962.27],[638466.25,1832966.22],[638460.34,1832974.88],[638454.46,1832970.93]]]]}},{"type":"Feature","properties":{"building":"yes","height":6,"heightSource":"default"},"geometry":{"type":"MultiPolygon","coordinates":[[[[638561.48,1833344.39],[638563.7,1833338.2],[638569.64,1833340.32],[638567.42,1833346.49],[638561.48,1833344.39]]]]}},{"type":"Feature","properties":{"building":"yes","height":6,"heightSource":"default"},"geometry":{"type":"MultiPolygon","coordinates":[[[[638819.53,1833385.38],[638821.03,1833379.94],[638832.35,1833383.01],[638830.86,1833388.45],[638819.53,1833385.38]]]]}},{"type":"Feature","properties":{"building":"yes","height":6,"heightSource":"default"},"geometry":{"type":"MultiPolygon","coordinates":[[[[638877.38,1833458.04],[638880.51,1833444.87],[638898.01,1833448.99],[638894.89,1833462.16],[638877.38,1833458.04]]]]}},{"type":"Feature","properties":{"building":"yes","height":6,"heightSource":"default"},"geometry":{"type":"MultiPolygon","coordinates":[[[[638908.04,1833459.96],[638910.88,1833448.99],[638924.27,1833452.42],[638921.43,1833463.4],[638908.04,1833459.96]]]]}},{"type":"Feature","properties":{"building":"yes","height":6,"heightSource":"default"},"geometry":{"type":"MultiPolygon","coordinates":[[[[638919.65,1833483.67],[638927.36,1833456.28],[638935.61,1833458.58],[638927.9,1833485.97],[638919.65,1833483.67]]]]}},{"type":"Feature","properties":{"building":"yes","height":6,"heightSource":"default"},"geometry":{"type":"MultiPolygon","coordinates":[[[[638619.83,1834088.37],[638620.69,1834068.15],[638626.86,1834068.41],[638625.99,1834088.62],[638619.83,1834088.37]]]]}},{"type":"Feature","properties":{"building":"yes","height":6,"heightSource":"default"},"geometry":{"type":"MultiPolygon","coordinates":[[[[638626.24,1834088.61],[638627.1,1834068.39],[638633.26,1834068.65],[638632.4,1834088.87],[638626.24,1834088.61]]]]}},{"type":"Feature","properties":{"building":"yes","height":6,"heightSource":"default"},"geometry":{"type":"MultiPolygon","coordinates":[[[[638634.97,1834073.91],[638636.34,1834063.77],[638642.6,1834064.61],[638641.23,1834074.74],[638634.97,1834073.91]]]]}},{"type":"Feature","properties":{"building":"yes","height":6,"heightSource":"default"},"geometry":{"type":"MultiPolygon","coordinates":[[[[638641.5,1834074.81],[638642.87,1834064.67],[638649.13,1834065.51],[638647.75,1834075.65],[638641.5,1834074.81]]]]}},{"type":"Feature","properties":{"building":"yes","height":6,"heightSource":"default"},"geometry":{"type":"MultiPolygon","coordinates":[[[[638648.1,1834075.68],[638649.46,1834065.55],[638655.72,1834066.38],[638654.35,1834076.52],[638648.1,1834075.68]]]]}},{"type":"Feature","properties":{"building":"yes","height":6,"heightSource":"default"},"geometry":{"type":"MultiPolygon","coordinates":[[[[638654.58,1834076.54],[638655.95,1834066.42],[638662.2,1834067.25],[638660.84,1834077.38],[638654.58,1834076.54]]]]}},{"type":"Feature","properties":{"building":"yes","height":6,"heightSource":"default"},"geometry":{"type":"MultiPolygon","coordinates":[[[[638592.23,1834132.44],[638617.98,1834121.86],[638621.32,1834129.85],[638595.56,1834140.44],[638592.23,1834132.44]]]]}},{"type":"Feature","properties":{"building":"yes","height":6,"heightSource":"default"},"geometry":{"type":"MultiPolygon","coordinates":[[[[638576.19,1834137.2],[638587.71,1834133.65],[638591.69,1834146.39],[638580.16,1834149.95],[638576.19,1834137.2]]]]}},{"type":"Feature","properties":{"building":"yes","height":6,"heightSource":"default"},"geometry":{"type":"MultiPolygon","coordinates":[[[[638624.44,1834136.44],[638632.47,1834133.5],[638638.06,1834148.53],[638630.03,1834151.48],[638624.44,1834136.44]]]]}},{"type":"Feature","properties":{"building":"yes","height":6,"heightSource":"default"},"geometry":{"type":"MultiPolygon","coordinates":[[[[638605.95,1834166.56],[638613.6,1834163.02],[638618.68,1834173.85],[638616.29,1834174.96],[638617.62,1834177.83],[638612.37,1834180.26],[638605.95,1834166.56]]]]}},{"type":"Feature","properties":{"building":"yes","height":6,"heightSource":"default"},"geometry":{"type":"MultiPolygon","coordinates":[[[[638582.42,1834165.98],[638599.87,1834159.59],[638602.64,1834167.03],[638585.19,1834173.43],[638582.42,1834165.98]]]]}},{"type":"Feature","properties":{"building":"yes","height":6,"heightSource":"default"},"geometry":{"type":"MultiPolygon","coordinates":[[[[638621.55,1834160],[638628.78,1834156.75],[638634.61,1834169.59],[638627.39,1834172.84],[638621.55,1834160]]]]}},{"type":"Feature","properties":{"building":"yes","height":6,"heightSource":"default"},"geometry":{"type":"MultiPolygon","coordinates":[[[[638583.95,1834152.36],[638595.68,1834148.46],[638599.03,1834158.41],[638587.29,1834162.3],[638583.95,1834152.36]]]]}},{"type":"Feature","properties":{"building":"yes","height":6,"heightSource":"default"},"geometry":{"type":"MultiPolygon","coordinates":[[[[638630.95,1834119.63],[638631.18,1834113.23],[638653.34,1834113.97],[638653.13,1834120.39],[638630.95,1834119.63]]]]}},{"type":"Feature","properties":{"building":"yes","height":6,"heightSource":"default"},"geometry":{"type":"MultiPolygon","coordinates":[[[[638559.25,1834132.86],[638560.01,1834124.65],[638572,1834125.75],[638571.25,1834133.95],[638559.25,1834132.86]]]]}},{"type":"Feature","properties":{"building":"yes","height":6,"heightSource":"default"},"geometry":{"type":"MultiPolygon","coordinates":[[[[638635.26,1834106.22],[638635.44,1834100.22],[638663.47,1834101.04],[638663.29,1834107.04],[638635.26,1834106.22]]]]}},{"type":"Feature","properties":{"building":"yes","height":6,"heightSource":"default"},"geometry":{"type":"MultiPolygon","coordinates":[[[[638588.73,1834243.24],[638596.68,1834239.96],[638607.64,1834266.21],[638599.69,1834269.49],[638588.73,1834243.24]]]]}},{"type":"Feature","properties":{"building":"yes","height":6,"heightSource":"default"},"geometry":{"type":"MultiPolygon","coordinates":[[[[638545.91,1834285.93],[638562.02,1834276.25],[638567.6,1834285.41],[638551.49,1834295.09],[638545.91,1834285.93]]]]}},{"type":"Feature","properties":{"building":"yes","height":6,"heightSource":"default"},"geometry":{"type":"MultiPolygon","coordinates":[[[[638584.43,1834233.33],[638587.42,1834241.35],[638599.17,1834237.01],[638596.17,1834229.01],[638584.43,1834233.33]]]]}},{"type":"Feature","properties":{"building":"yes","height":6,"heightSource":"default"},"geometry":{"type":"MultiPolygon","coordinates":[[[[638527.7,1834188.19],[638530.84,1834195.69],[638546.27,1834189.3],[638543.13,1834181.8],[638527.7,1834188.19]]]]}},{"type":"Feature","properties":{"building":"yes","height":6,"heightSource":"default"},"geometry":{"type":"MultiPolygon","coordinates":[[[[638470.13,1834332.32],[638478.25,1834322.26],[638490.78,1834332.26],[638482.65,1834342.32],[638470.13,1834332.32]]]]}},{"type":"Feature","properties":{"building":"yes","height":6,"heightSource":"default"},"geometry":{"type":"MultiPolygon","coordinates":[[[[638510.53,1834321.86],[638516.4,1834330.54],[638529.86,1834321.56],[638523.98,1834312.88],[638510.53,1834321.86]]]]}},{"type":"Feature","properties":{"building":"yes","height":6,"heightSource":"default"},"geometry":{"type":"MultiPolygon","coordinates":[[[[638564.26,1834332.81],[638568.18,1834342.13],[638591.73,1834332.36],[638587.81,1834323.04],[638564.26,1834332.81]]]]}},{"type":"Feature","properties":{"building":"yes","height":6,"heightSource":"default"},"geometry":{"type":"MultiPolygon","coordinates":[[[[638585.97,1834356.35],[638594.45,1834375.55],[638619.24,1834364.73],[638614.4,1834353.79],[638609.02,1834356.14],[638607.99,1834353.79],[638618.74,1834349.11],[638616.14,1834343.2],[638585.97,1834356.35]]]]}},{"type":"Feature","properties":{"building":"yes","height":6,"heightSource":"default"},"geometry":{"type":"MultiPolygon","coordinates":[[[[638585,1834355.13],[638580.01,1834343.07],[638592.14,1834338.11],[638594.19,1834343.06],[638587.76,1834345.69],[638590.7,1834352.8],[638585,1834355.13]]]]}},{"type":"Feature","properties":{"building":"yes","height":6,"heightSource":"default"},"geometry":{"type":"MultiPolygon","coordinates":[[[[638573.23,1834346.91],[638575.96,1834353.42],[638579.5,1834351.95],[638576.77,1834345.44],[638573.23,1834346.91]]]]}},{"type":"Feature","properties":{"building":"yes","height":6,"heightSource":"default"},"geometry":{"type":"MultiPolygon","coordinates":[[[[638595.99,1834335.06],[638605.33,1834331.12],[638607.77,1834336.83],[638598.43,1834340.76],[638595.99,1834335.06]]]]}},{"type":"Feature","properties":{"building":"yes","height":6,"heightSource":"default"},"geometry":{"type":"MultiPolygon","coordinates":[[[[638475.13,1834173.05],[638477.89,1834179.33],[638504.17,1834167.92],[638501.41,1834161.65],[638475.13,1834173.05]]]]}},{"type":"Feature","properties":{"building":"yes","height":6,"heightSource":"default"},"geometry":{"type":"MultiPolygon","coordinates":[[[[638503.47,1834161.52],[638505.83,1834167.08],[638523.63,1834159.62],[638521.29,1834154.07],[638503.47,1834161.52]]]]}},{"type":"Feature","properties":{"building":"yes","height":6,"heightSource":"default"},"geometry":{"type":"MultiPolygon","coordinates":[[[[638477.69,1834183.09],[638486.58,1834179.47],[638491.29,1834190.85],[638482.41,1834194.49],[638477.69,1834183.09]]]]}},{"type":"Feature","properties":{"building":"yes","height":6,"heightSource":"default"},"geometry":{"type":"MultiPolygon","coordinates":[[[[638485.5,1834197.68],[638496.23,1834192.83],[638499.67,1834200.35],[638488.94,1834205.2],[638485.5,1834197.68]]]]}},{"type":"Feature","properties":{"building":"yes","height":6,"heightSource":"default"},"geometry":{"type":"MultiPolygon","coordinates":[[[[638489.29,1834206.86],[638498.26,1834202.68],[638501,1834208.47],[638492.02,1834212.66],[638489.29,1834206.86]]]]}},{"type":"Feature","properties":{"building":"yes","height":6,"heightSource":"default"},"geometry":{"type":"MultiPolygon","coordinates":[[[[638526.69,1834199.85],[638535.44,1834195.86],[638538.27,1834201.98],[638529.51,1834205.97],[638526.69,1834199.85]]]]}},{"type":"Feature","properties":{"building":"yes","height":6,"heightSource":"default"},"geometry":{"type":"MultiPolygon","coordinates":[[[[638511.43,1834213.53],[638521.2,1834208.97],[638524.32,1834215.57],[638514.55,1834220.15],[638511.43,1834213.53]]]]}},{"type":"Feature","properties":{"building":"yes","height":6,"heightSource":"default"},"geometry":{"type":"MultiPolygon","coordinates":[[[[638507.67,1834140.88],[638521.25,1834134.78],[638525.2,1834143.44],[638511.62,1834149.53],[638507.67,1834140.88]]]]}},{"type":"Feature","properties":{"building":"yes","height":6,"heightSource":"default"},"geometry":{"type":"MultiPolygon","coordinates":[[[[638655.75,1834121.21],[638656.42,1834112],[638670.1,1834112.98],[638669.43,1834122.19],[638655.75,1834121.21]]]]}},{"type":"Feature","properties":{"building":"yes","height":6,"heightSource":"default"},"geometry":{"type":"MultiPolygon","coordinates":[[[[638654.8,1834130.68],[638655.76,1834122.15],[638667.13,1834123.41],[638666.18,1834131.93],[638654.8,1834130.68]]]]}},{"type":"Feature","properties":{"building":"yes","height":6,"heightSource":"default"},"geometry":{"type":"MultiPolygon","coordinates":[[[[638654.86,1834146.53],[638658.16,1834154.43],[638670.16,1834149.47],[638666.86,1834141.57],[638654.86,1834146.53]]]]}},{"type":"Feature","properties":{"building":"yes","height":6,"heightSource":"default"},"geometry":{"type":"MultiPolygon","coordinates":[[[[638639.54,1834138.78],[638650.5,1834135.06],[638655.96,1834150.99],[638645.01,1834154.7],[638639.54,1834138.78]]]]}},{"type":"Feature","properties":{"building":"yes","height":6,"heightSource":"default"},"geometry":{"type":"MultiPolygon","coordinates":[[[[638868.9,1833587.54],[638870.08,1833581.76],[638873.68,1833582.48],[638874.53,1833578.29],[638887.8,1833580.95],[638885.76,1833590.93],[638868.9,1833587.54]]]]}},{"type":"Feature","properties":{"building":"yes","height":6,"heightSource":"default"},"geometry":{"type":"MultiPolygon","coordinates":[[[[638887.62,1833588.23],[638889.06,1833581.47],[638897.45,1833583.23],[638895.42,1833592.83],[638889.64,1833591.62],[638890.25,1833588.78],[638887.62,1833588.23]]]]}},{"type":"Feature","properties":{"building":"yes","height":6,"heightSource":"default"},"geometry":{"type":"MultiPolygon","coordinates":[[[[638879.57,1833558.66],[638881.3,1833546.38],[638894.21,1833548.18],[638892.47,1833560.46],[638879.57,1833558.66]]]]}},{"type":"Feature","properties":{"building":"yes","height":6,"heightSource":"default"},"geometry":{"type":"MultiPolygon","coordinates":[[[[638865.83,1833537.08],[638866.78,1833528.07],[638873,1833528.73],[638872.04,1833537.74],[638865.83,1833537.08]]]]}},{"type":"Feature","properties":{"building":"yes","height":6,"heightSource":"default"},"geometry":{"type":"MultiPolygon","coordinates":[[[[638880.67,1833511.11],[638882.99,1833494.77],[638895.56,1833496.54],[638893.24,1833512.88],[638880.67,1833511.11]]]]}},{"type":"Feature","properties":{"building":"yes","height":6,"heightSource":"default"},"geometry":{"type":"MultiPolygon","coordinates":[[[[639009.12,1833445.98],[639013.71,1833435.16],[639016.61,1833436.38],[639018.56,1833431.77],[639032.91,1833437.77],[639020.07,1833468.06],[639012.91,1833465.06],[639019.2,1833450.21],[639009.12,1833445.98]]]]}},{"type":"Feature","properties":{"building":"yes","height":6,"heightSource":"default"},"geometry":{"type":"MultiPolygon","coordinates":[[[[639028.81,1833471.99],[639033.74,1833458.02],[639044.03,1833461.6],[639039.11,1833475.58],[639028.81,1833471.99]]]]}},{"type":"Feature","properties":{"building":"yes","height":6,"heightSource":"default"},"geometry":{"type":"MultiPolygon","coordinates":[[[[639139.92,1833536.65],[639139.92,1833516.95],[639151,1833516.95],[639150.99,1833543.64],[639145.64,1833543.63],[639145.64,1833536.65],[639139.92,1833536.65]]]]}},{"type":"Feature","properties":{"building":"yes","height":6,"heightSource":"default"},"geometry":{"type":"MultiPolygon","coordinates":[[[[638983.44,1833099.03],[638982.24,1833088.45],[638989.92,1833087.59],[638991.12,1833098.17],[638983.44,1833099.03]]]]}},{"type":"Feature","properties":{"building":"yes","height":6,"heightSource":"default"},"geometry":{"type":"MultiPolygon","coordinates":[[[[638413.95,1833249.93],[638419.95,1833238.86],[638430.97,1833244.76],[638423.61,1833258.38],[638418.97,1833255.91],[638420.35,1833253.36],[638413.95,1833249.93]]]]}},{"type":"Feature","properties":{"building":"yes","height":6,"heightSource":"default"},"geometry":{"type":"MultiPolygon","coordinates":[[[[638428.01,1833229.75],[638430.7,1833218.61],[638438.9,1833220.56],[638436.2,1833231.7],[638428.01,1833229.75]]]]}},{"type":"Feature","properties":{"building":"yes","height":6,"heightSource":"default"},"geometry":{"type":"MultiPolygon","coordinates":[[[[638442.89,1833224.27],[638446.27,1833209.4],[638455.13,1833211.39],[638451.77,1833226.26],[638442.89,1833224.27]]]]}},{"type":"Feature","properties":{"building":"yes","height":6,"heightSource":"default"},"geometry":{"type":"MultiPolygon","coordinates":[[[[638397.72,1833317.16],[638405.23,1833303.69],[638419.33,1833311.44],[638411.82,1833324.92],[638397.72,1833317.16]]]]}},{"type":"Feature","properties":{"building":"yes","height":6,"heightSource":"default"},"geometry":{"type":"MultiPolygon","coordinates":[[[[638417.82,1833285.86],[638423.63,1833274.34],[638430.34,1833277.69],[638424.53,1833289.22],[638417.82,1833285.86]]]]}},{"type":"Feature","properties":{"building":"yes","height":6,"heightSource":"default"},"geometry":{"type":"MultiPolygon","coordinates":[[[[638450.28,1833339.38],[638455.3,1833329.93],[638459.47,1833332.13],[638454.44,1833341.57],[638450.28,1833339.38]]]]}},{"type":"Feature","properties":{"building":"yes","height":6,"heightSource":"default"},"geometry":{"type":"MultiPolygon","coordinates":[[[[638467.06,1833326.04],[638471.72,1833317.92],[638480.63,1833322.97],[638475.98,1833331.09],[638467.06,1833326.04]]]]}},{"type":"Feature","properties":{"building":"yes","height":6,"heightSource":"default"},"geometry":{"type":"MultiPolygon","coordinates":[[[[638408.18,1833440.94],[638412.42,1833432.95],[638424.77,1833439.4],[638420.54,1833447.41],[638408.18,1833440.94]]]]}},{"type":"Feature","properties":{"building":"yes","height":6,"heightSource":"default"},"geometry":{"type":"MultiPolygon","coordinates":[[[[638391.77,1833453.1],[638397.17,1833441.81],[638414.74,1833450.11],[638409.34,1833461.4],[638391.77,1833453.1]]]]}},{"type":"Feature","properties":{"building":"yes","height":6,"heightSource":"default"},"geometry":{"type":"MultiPolygon","coordinates":[[[[638409.27,1833413.63],[638412.25,1833407.49],[638424.76,1833413.45],[638421.78,1833419.6],[638409.27,1833413.63]]]]}},{"type":"Feature","properties":{"building":"yes","height":6,"heightSource":"default"},"geometry":{"type":"MultiPolygon","coordinates":[[[[638368.57,1833406.57],[638374.19,1833393.14],[638384.27,1833397.31],[638378.65,1833410.74],[638368.57,1833406.57]]]]}},{"type":"Feature","properties":{"building":"yes","height":6,"heightSource":"default"},"geometry":{"type":"MultiPolygon","coordinates":[[[[638569.48,1833652.74],[638571.65,1833644.11],[638577.47,1833645.55],[638575.3,1833654.19],[638569.48,1833652.74]]]]}},{"type":"Feature","properties":{"building":"yes","height":6,"heightSource":"default"},"geometry":{"type":"MultiPolygon","coordinates":[[[[638576.11,1833653.11],[638578.01,1833645.42],[638583.11,1833646.66],[638581.21,1833654.36],[638576.11,1833653.11]]]]}},{"type":"Feature","properties":{"building":"yes","height":6,"heightSource":"default"},"geometry":{"type":"MultiPolygon","coordinates":[[[[638576.49,1833663.45],[638578.93,1833654.25],[638586.78,1833656.31],[638584.34,1833665.51],[638576.49,1833663.45]]]]}},{"type":"Feature","properties":{"building":"yes","height":6,"heightSource":"default"},"geometry":{"type":"MultiPolygon","coordinates":[[[[638585.86,1833654.85],[638588.01,1833647.7],[638601.94,1833651.83],[638599.28,1833660.71],[638590.34,1833658.06],[638590.85,1833656.33],[638585.86,1833654.85]]]]}},{"type":"Feature","properties":{"building":"yes","height":6,"heightSource":"default"},"geometry":{"type":"MultiPolygon","coordinates":[[[[638564.15,1833670.99],[638566.98,1833661.45],[638588.19,1833667.7],[638585.35,1833677.23],[638564.15,1833670.99]]]]}},{"type":"Feature","properties":{"building":"yes","height":6,"heightSource":"default"},"geometry":{"type":"MultiPolygon","coordinates":[[[[638585.14,1833666.05],[638587.59,1833657.98],[638596.63,1833660.69],[638594.18,1833668.77],[638585.14,1833666.05]]]]}},{"type":"Feature","properties":{"building":"yes","height":6,"heightSource":"default"},"geometry":{"type":"MultiPolygon","coordinates":[[[[638615.95,1833644.26],[638617.02,1833637.63],[638638.56,1833641.06],[638637.51,1833647.68],[638615.95,1833644.26]]]]}},{"type":"Feature","properties":{"building":"yes","height":6,"heightSource":"default"},"geometry":{"type":"MultiPolygon","coordinates":[[[[638578.14,1833820.76],[638579.26,1833811.8],[638598.82,1833814.23],[638597.69,1833823.19],[638578.14,1833820.76]]]]}},{"type":"Feature","properties":{"building":"yes","height":6,"heightSource":"default"},"geometry":{"type":"MultiPolygon","coordinates":[[[[638609.56,1833828.25],[638610.47,1833816.89],[638624.08,1833817.98],[638623.15,1833829.35],[638609.56,1833828.25]]]]}},{"type":"Feature","properties":{"building":"yes","height":6,"heightSource":"default"},"geometry":{"type":"MultiPolygon","coordinates":[[[[638681.12,1833848.09],[638681.67,1833836.14],[638693.2,1833836.66],[638692.64,1833848.62],[638681.12,1833848.09]]]]}},{"type":"Feature","properties":{"building":"yes","height":6,"heightSource":"default"},"geometry":{"type":"MultiPolygon","coordinates":[[[[638696.82,1833848.25],[638697.49,1833836.37],[638713.94,1833837.3],[638713.26,1833849.18],[638696.82,1833848.25]]]]}},{"type":"Feature","properties":{"building":"yes","height":6,"heightSource":"default"},"geometry":{"type":"MultiPolygon","coordinates":[[[[638689.77,1833879.86],[638690,1833873.48],[638708.7,1833874.13],[638708.47,1833880.5],[638689.77,1833879.86]]]]}},{"type":"Feature","properties":{"building":"yes","height":6,"heightSource":"default"},"geometry":{"type":"MultiPolygon","coordinates":[[[[638560.09,1833925.46],[638560.27,1833918.76],[638594.41,1833919.67],[638594.1,1833930.93],[638568.35,1833930.23],[638568.47,1833925.68],[638560.09,1833925.46]]]]}},{"type":"Feature","properties":{"building":"yes","height":6,"heightSource":"default"},"geometry":{"type":"MultiPolygon","coordinates":[[[[638524.12,1833935.09],[638524.45,1833929.06],[638541.76,1833929.98],[638541.43,1833936],[638524.12,1833935.09]]]]}},{"type":"Feature","properties":{"building":"yes","height":6,"heightSource":"default"},"geometry":{"type":"MultiPolygon","coordinates":[[[[638592.26,1833992.69],[638592.65,1833984.3],[638602.3,1833984.74],[638601.93,1833993.13],[638592.26,1833992.69]]]]}},{"type":"Feature","properties":{"building":"yes","height":6,"heightSource":"default"},"geometry":{"type":"MultiPolygon","coordinates":[[[[638617,1834004.16],[638617.09,1834000.31],[638631.5,1834000.64],[638631.4,1834004.49],[638617,1834004.16]]]]}},{"type":"Feature","properties":{"building":"yes","height":6,"heightSource":"default"},"geometry":{"type":"MultiPolygon","coordinates":[[[[638673.29,1833979.34],[638673.13,1833971.92],[638689.65,1833971.57],[638689.88,1833981.71],[638677.51,1833981.98],[638677.44,1833979.25],[638673.29,1833979.34]]]]}},{"type":"Feature","properties":{"building":"yes","height":6,"heightSource":"default"},"geometry":{"type":"MultiPolygon","coordinates":[[[[639120.85,1834189.82],[639126.48,1834177.46],[639148.05,1834187.16],[639142.42,1834199.52],[639120.85,1834189.82]]]]}},{"type":"Feature","properties":{"building":"yes","height":6,"heightSource":"default"},"geometry":{"type":"MultiPolygon","coordinates":[[[[639544.35,1834237],[639547.2,1834230.93],[639573.76,1834243.22],[639570.91,1834249.3],[639544.35,1834237]]]]}},{"type":"Feature","properties":{"building":"yes","height":6,"heightSource":"default"},"geometry":{"type":"MultiPolygon","coordinates":[[[[638800.9,1833460.6],[638802.38,1833452.62],[638810.55,1833454.14],[638809.05,1833462.1],[638800.9,1833460.6]]]]}},{"type":"Feature","properties":{"building":"yes","height":6,"heightSource":"default"},"geometry":{"type":"MultiPolygon","coordinates":[[[[638797.59,1833470.34],[638799.45,1833461.4],[638810.35,1833463.64],[638808.47,1833472.58],[638797.59,1833470.34]]]]}},{"type":"Feature","properties":{"building":"yes","height":6,"heightSource":"default"},"geometry":{"type":"MultiPolygon","coordinates":[[[[638795.84,1833485.92],[638798.83,1833472.01],[638811.31,1833474.65],[638808.32,1833488.57],[638795.84,1833485.92]]]]}},{"type":"Feature","properties":{"building":"yes","height":6,"heightSource":"default"},"geometry":{"type":"MultiPolygon","coordinates":[[[[638794.53,1833494.5],[638795.48,1833488.05],[638811.03,1833490.3],[638810.08,1833496.75],[638794.53,1833494.5]]]]}},{"type":"Feature","properties":{"building":"yes","height":6,"heightSource":"default"},"geometry":{"type":"MultiPolygon","coordinates":[[[[638792.76,1833502.27],[638793.95,1833495.07],[638808.77,1833497.51],[638807.57,1833504.72],[638792.76,1833502.27]]]]}},{"type":"Feature","properties":{"building":"yes","height":6,"heightSource":"default"},"geometry":{"type":"MultiPolygon","coordinates":[[[[639194.76,1833251.61],[639192.63,1833242.5],[639205.16,1833239.6],[639207.29,1833248.71],[639194.76,1833251.61]]]]}},{"type":"Feature","properties":{"building":"yes","height":6,"heightSource":"default"},"geometry":{"type":"MultiPolygon","coordinates":[[[[639126.12,1833266.88],[639136.33,1833263.55],[639138.12,1833268.95],[639127.91,1833272.28],[639126.12,1833266.88]]]]}},{"type":"Feature","properties":{"building":"yes","height":6,"heightSource":"default"},"geometry":{"type":"MultiPolygon","coordinates":[[[[639137.2,1833263.06],[639139.54,1833270.94],[639145.85,1833269.09],[639143.52,1833261.21],[639137.2,1833263.06]]]]}},{"type":"Feature","properties":{"building":"yes","height":6,"heightSource":"default"},"geometry":{"type":"MultiPolygon","coordinates":[[[[639144.86,1833261.53],[639147.87,1833272.69],[639161,1833269.2],[639157.98,1833258.03],[639144.86,1833261.53]]]]}},{"type":"Feature","properties":{"building":"yes","height":6,"heightSource":"default"},"geometry":{"type":"MultiPolygon","coordinates":[[[[639145.79,1833250.27],[639142.54,1833236.08],[639157.36,1833232.72],[639158.74,1833238.73],[639155.92,1833239.36],[639157.8,1833247.55],[639145.79,1833250.27]]]]}},{"type":"Feature","properties":{"building":"yes","height":6,"heightSource":"default"},"geometry":{"type":"MultiPolygon","coordinates":[[[[639143.97,1833208.7],[639141.79,1833194.7],[639150.58,1833193.34],[639152.76,1833207.35],[639143.97,1833208.7]]]]}},{"type":"Feature","properties":{"building":"yes","height":6,"heightSource":"default"},"geometry":{"type":"MultiPolygon","coordinates":[[[[639154.89,1833182.94],[639161.8,1833180.8],[639164.48,1833189.3],[639157.56,1833191.45],[639154.89,1833182.94]]]]}},{"type":"Feature","properties":{"building":"yes","height":6,"heightSource":"default"},"geometry":{"type":"MultiPolygon","coordinates":[[[[638970.7,1833228.88],[638972.33,1833221.07],[638978.2,1833222.28],[638976.57,1833230.1],[638970.7,1833228.88]]]]}},{"type":"Feature","properties":{"building":"yes","height":6,"heightSource":"default"},"geometry":{"type":"MultiPolygon","coordinates":[[[[638977.28,1833233.39],[638979.39,1833222.36],[638986.1,1833223.62],[638983.99,1833234.66],[638977.28,1833233.39]]]]}},{"type":"Feature","properties":{"building":"yes","height":6,"heightSource":"default"},"geometry":{"type":"MultiPolygon","coordinates":[[[[639039.96,1833141.94],[639039.9,1833130.31],[639054.91,1833130.23],[639055.06,1833158.1],[639046.99,1833158.13],[639046.91,1833141.9],[639039.96,1833141.94]]]]}},{"type":"Feature","properties":{"building":"yes","height":6,"heightSource":"default"},"geometry":{"type":"MultiPolygon","coordinates":[[[[639038.9,1833158.24],[639039.25,1833142.63],[639046.01,1833142.78],[639045.65,1833158.39],[639038.9,1833158.24]]]]}},{"type":"Feature","properties":{"building":"yes","height":6,"heightSource":"default"},"geometry":{"type":"MultiPolygon","coordinates":[[[[639441.63,1833717.95],[639443.47,1833713.79],[639452.69,1833717.83],[639450.85,1833721.99],[639441.63,1833717.95]]]]}},{"type":"Feature","properties":{"building":"yes","height":6,"heightSource":"default"},"geometry":{"type":"MultiPolygon","coordinates":[[[[639445.26,1833714.17],[639447.83,1833708.53],[639453.94,1833711.29],[639451.37,1833716.92],[639445.26,1833714.17]]]]}},{"type":"Feature","properties":{"building":"yes","height":6,"heightSource":"default"},"geometry":{"type":"MultiPolygon","coordinates":[[[[639429.95,1833762.46],[639441.54,1833768.16],[639456.82,1833737.51],[639444.71,1833731.56],[639440.41,1833740.17],[639438.32,1833739.14],[639431.89,1833752.03],[639434.5,1833753.32],[639429.95,1833762.46]]]]}},{"type":"Feature","properties":{"building":"yes","height":6,"heightSource":"default"},"geometry":{"type":"MultiPolygon","coordinates":[[[[639469.18,1833758.77],[639472.13,1833746.74],[639477.01,1833747.92],[639474.06,1833759.95],[639469.18,1833758.77]]]]}},{"type":"Feature","properties":{"building":"yes","height":6,"heightSource":"default"},"geometry":{"type":"MultiPolygon","coordinates":[[[[639478.59,1833738.89],[639479.09,1833734.48],[639486.54,1833735.32],[639486.04,1833739.73],[639478.59,1833738.89]]]]}},{"type":"Feature","properties":{"building":"yes","height":6,"heightSource":"default"},"geometry":{"type":"MultiPolygon","coordinates":[[[[639491.5,1833714.33],[639492.17,1833708.27],[639489.62,1833707.98],[639490.46,1833700.37],[639493.25,1833700.67],[639494,1833693.96],[639504.4,1833695.11],[639502.12,1833715.5],[639491.5,1833714.33]]]]}},{"type":"Feature","properties":{"building":"yes","height":6,"heightSource":"default"},"geometry":{"type":"MultiPolygon","coordinates":[[[[639445.75,1833636.09],[639448.67,1833622.46],[639457.58,1833624.35],[639454.65,1833637.98],[639445.75,1833636.09]]]]}},{"type":"Feature","properties":{"building":"yes","height":6,"heightSource":"default"},"geometry":{"type":"MultiPolygon","coordinates":[[[[639414.67,1833537.35],[639419,1833513.78],[639424.66,1833514.67],[639426.19,1833509.79],[639445.85,1833513.42],[639447.59,1833508.86],[639453.88,1833510.5],[639440.85,1833541.45],[639414.67,1833537.35]]]]}},{"type":"Feature","properties":{"building":"yes","height":6,"heightSource":"default"},"geometry":{"type":"MultiPolygon","coordinates":[[[[639362.29,1833534.1],[639363.72,1833549.11],[639379.76,1833547.6],[639378.33,1833532.6],[639362.29,1833534.1]]]]}},{"type":"Feature","properties":{"building":"yes","height":6,"heightSource":"default"},"geometry":{"type":"MultiPolygon","coordinates":[[[[638361.38,1833880.78],[638356.22,1833892.2],[638375.19,1833900.65],[638387.15,1833874.15],[638376.08,1833869.22],[638369.28,1833884.3],[638361.38,1833880.78]]]]}},{"type":"Feature","properties":{"building":"yes","height":6,"heightSource":"default"},"geometry":{"type":"MultiPolygon","coordinates":[[[[638357.22,1833923.42],[638359.09,1833917.39],[638366.45,1833919.65],[638364.58,1833925.68],[638357.22,1833923.42]]]]}},{"type":"Feature","properties":{"building":"yes","height":6,"heightSource":"default"},"geometry":{"type":"MultiPolygon","coordinates":[[[[638361.34,1833911.31],[638365.21,1833901.32],[638370.41,1833903.3],[638366.54,1833913.29],[638361.34,1833911.31]]]]}},{"type":"Feature","properties":{"building":"yes","height":6,"heightSource":"default"},"geometry":{"type":"MultiPolygon","coordinates":[[[[638461.32,1834185.46],[638453.18,1834165.05],[638464.99,1834160.4],[638470.95,1834175.36],[638467.33,1834176.79],[638469.5,1834182.23],[638461.32,1834185.46]]]]}},{"type":"Feature","properties":{"building":"yes","height":6,"heightSource":"default"},"geometry":{"type":"MultiPolygon","coordinates":[[[[638517.06,1834006.59],[638518.96,1833992.68],[638532.29,1833994.47],[638530.39,1834008.38],[638517.06,1834006.59]]]]}},{"type":"Feature","properties":{"building":"yes","height":6,"heightSource":"default"},"geometry":{"type":"MultiPolygon","coordinates":[[[[638498.65,1834003.2],[638499.69,1833995.99],[638515.01,1833998.14],[638513.98,1834005.36],[638498.65,1834003.2]]]]}},{"type":"Feature","properties":{"building":"yes","height":6,"heightSource":"default"},"geometry":{"type":"MultiPolygon","coordinates":[[[[638560.92,1833904.02],[638561.18,1833892.05],[638578.51,1833892.42],[638578.25,1833904.4],[638560.92,1833904.02]]]]}},{"type":"Feature","properties":{"building":"yes","height":6,"heightSource":"default"},"geometry":{"type":"MultiPolygon","coordinates":[[[[638515.38,1833863.84],[638515.38,1833853.85],[638543.61,1833853.85],[638543.6,1833863.86],[638515.38,1833863.84]]]]}},{"type":"Feature","properties":{"building":"yes","height":6,"heightSource":"default"},"geometry":{"type":"MultiPolygon","coordinates":[[[[638729.96,1834505.77],[638723.15,1834489.65],[638728.01,1834487.63],[638734.82,1834503.73],[638729.96,1834505.77]]]]}},{"type":"Feature","properties":{"building":"yes","height":6,"heightSource":"default"},"geometry":{"type":"MultiPolygon","coordinates":[[[[638730.41,1834490.34],[638735.04,1834488.4],[638740.19,1834500.59],[638735.56,1834502.52],[638730.41,1834490.34]]]]}},{"type":"Feature","properties":{"building":"yes","height":6,"heightSource":"default"},"geometry":{"type":"MultiPolygon","coordinates":[[[[638746.26,1834525.5],[638745.17,1834516.35],[638751.51,1834515.61],[638752.59,1834524.76],[638746.26,1834525.5]]]]}},{"type":"Feature","properties":{"building":"yes","height":6,"heightSource":"default"},"geometry":{"type":"MultiPolygon","coordinates":[[[[638698.25,1834391.16],[638711.61,1834380.3],[638717.8,1834387.82],[638715.1,1834390.02],[638717.85,1834393.37],[638707.2,1834402.03],[638698.25,1834391.16]]]]}},{"type":"Feature","properties":{"building":"yes","height":6,"heightSource":"default"},"geometry":{"type":"MultiPolygon","coordinates":[[[[638464.45,1834373.29],[638472.36,1834363.36],[638477.86,1834367.7],[638469.96,1834377.62],[638464.45,1834373.29]]]]}},{"type":"Feature","properties":{"building":"yes","height":6,"heightSource":"default"},"geometry":{"type":"MultiPolygon","coordinates":[[[[638446.96,1834392.3],[638458.04,1834384.49],[638463.02,1834391.46],[638451.94,1834399.27],[638446.96,1834392.3]]]]}},{"type":"Feature","properties":{"building":"yes","height":6,"heightSource":"default"},"geometry":{"type":"MultiPolygon","coordinates":[[[[638431.22,1834335.98],[638430.76,1834327.69],[638450.13,1834326.63],[638450.59,1834334.92],[638431.22,1834335.98]]]]}},{"type":"Feature","properties":{"building":"yes","height":6,"heightSource":"default"},"geometry":{"type":"MultiPolygon","coordinates":[[[[638430.22,1834343.85],[638435.7,1834340.87],[638441.62,1834351.67],[638436.14,1834354.64],[638430.22,1834343.85]]]]}},{"type":"Feature","properties":{"building":"yes","height":6,"heightSource":"default"},"geometry":{"type":"MultiPolygon","coordinates":[[[[638426.12,1834254.33],[638428.31,1834247.24],[638439.19,1834250.57],[638437,1834257.66],[638426.12,1834254.33]]]]}},{"type":"Feature","properties":{"building":"yes","height":6,"heightSource":"default"},"geometry":{"type":"MultiPolygon","coordinates":[[[[638376.79,1834243.19],[638377.19,1834229.68],[638389.6,1834230.05],[638389.2,1834243.56],[638376.79,1834243.19]]]]}},{"type":"Feature","properties":{"building":"yes","height":6,"heightSource":"default"},"geometry":{"type":"MultiPolygon","coordinates":[[[[638379.53,1834254.64],[638379.73,1834248.08],[638389.47,1834248.37],[638389.27,1834254.93],[638379.53,1834254.64]]]]}},{"type":"Feature","properties":{"building":"yes","height":6,"heightSource":"default"},"geometry":{"type":"MultiPolygon","coordinates":[[[[638723.12,1833262.37],[638725.73,1833255.35],[638734.78,1833258.68],[638732.16,1833265.7],[638723.12,1833262.37]]]]}},{"type":"Feature","properties":{"building":"yes","height":6,"heightSource":"default"},"geometry":{"type":"MultiPolygon","coordinates":[[[[638994.49,1832867.96],[638998.69,1832860.34],[639006.29,1832864.47],[639002.1,1832872.09],[638994.49,1832867.96]]]]}},{"type":"Feature","properties":{"building":"yes","height":6,"heightSource":"default"},"geometry":{"type":"MultiPolygon","coordinates":[[[[639021.02,1832853.5],[639023.74,1832841.05],[639036.66,1832843.86],[639033.92,1832856.31],[639021.02,1832853.5]]]]}},{"type":"Feature","properties":{"building":"yes","height":6,"heightSource":"default"},"geometry":{"type":"MultiPolygon","coordinates":[[[[639034.91,1832861.14],[639037.27,1832850.79],[639046.96,1832852.96],[639044.6,1832863.31],[639034.91,1832861.14]]]]}},{"type":"Feature","properties":{"building":"yes","height":6,"heightSource":"default"},"geometry":{"type":"MultiPolygon","coordinates":[[[[639008.04,1832981.69],[639003.88,1832972.21],[639013.2,1832968.16],[639017.36,1832977.65],[639008.04,1832981.69]]]]}},{"type":"Feature","properties":{"building":"yes","height":6,"heightSource":"default"},"geometry":{"type":"MultiPolygon","coordinates":[[[[639068.57,1832985.67],[639066.56,1832979.76],[639080.12,1832975.2],[639082.13,1832981.11],[639068.57,1832985.67]]]]}},{"type":"Feature","properties":{"building":"yes","height":6,"heightSource":"default"},"geometry":{"type":"MultiPolygon","coordinates":[[[[639070.64,1832997.05],[639067.98,1832988.17],[639082.6,1832983.85],[639085.27,1832992.73],[639070.64,1832997.05]]]]}},{"type":"Feature","properties":{"building":"yes","height":6,"heightSource":"default"},"geometry":{"type":"MultiPolygon","coordinates":[[[[638626.07,1833428.97],[638628.03,1833429.74],[638625.59,1833436],[638635.41,1833439.78],[638637.69,1833433.93],[638644.33,1833436.48],[638647.83,1833427.49],[638641.14,1833424.92],[638643.38,1833419.16],[638633.68,1833415.42],[638631.64,1833420.66],[638629.61,1833419.88],[638626.07,1833428.97]]]]}},{"type":"Feature","properties":{"building":"yes","height":6,"heightSource":"default"},"geometry":{"type":"MultiPolygon","coordinates":[[[[638749.34,1833449.38],[638751.5,1833441.65],[638762.18,1833444.59],[638760.03,1833452.33],[638749.34,1833449.38]]]]}},{"type":"Feature","properties":{"building":"yes","height":6,"heightSource":"default"},"geometry":{"type":"MultiPolygon","coordinates":[[[[638470.97,1833078.53],[638476.38,1833067.12],[638483.73,1833070.56],[638478.32,1833081.97],[638470.97,1833078.53]]]]}},{"type":"Feature","properties":{"building":"yes","height":6,"heightSource":"default"},"geometry":{"type":"MultiPolygon","coordinates":[[[[638446.06,1833044.64],[638450.51,1833034.61],[638460.38,1833038.94],[638455.93,1833048.97],[638446.06,1833044.64]]]]}},{"type":"Feature","properties":{"building":"yes","height":6,"heightSource":"default"},"geometry":{"type":"MultiPolygon","coordinates":[[[[638226.62,1832683.42],[638221.97,1832663.83],[638233.81,1832661.06],[638238.45,1832680.65],[638226.62,1832683.42]]]]}},{"type":"Feature","properties":{"building":"yes","height":6,"heightSource":"default"},"geometry":{"type":"MultiPolygon","coordinates":[[[[638138.86,1832729.24],[638139.72,1832715.12],[638152.87,1832715.92],[638152.01,1832730.03],[638138.86,1832729.24]]]]}},{"type":"Feature","properties":{"building":"yes","height":6,"heightSource":"default"},"geometry":{"type":"MultiPolygon","coordinates":[[[[638115.23,1832733.13],[638115.49,1832721.3],[638125.05,1832721.49],[638124.8,1832733.34],[638115.23,1832733.13]]]]}},{"type":"Feature","properties":{"building":"yes","height":6,"heightSource":"default"},"geometry":{"type":"MultiPolygon","coordinates":[[[[638143.28,1833106.1],[638151.77,1833089.8],[638158.18,1833093.11],[638149.69,1833109.41],[638143.28,1833106.1]]]]}},{"type":"Feature","properties":{"building":"yes","height":6,"heightSource":"default"},"geometry":{"type":"MultiPolygon","coordinates":[[[[638088.15,1833147.44],[638101.46,1833135.97],[638107.01,1833142.33],[638093.7,1833153.79],[638088.15,1833147.44]]]]}},{"type":"Feature","properties":{"building":"yes","height":6,"heightSource":"default"},"geometry":{"type":"MultiPolygon","coordinates":[[[[638252.22,1833306.09],[638259.69,1833293.86],[638269.6,1833299.83],[638262.12,1833312.07],[638252.22,1833306.09]]]]}},{"type":"Feature","properties":{"building":"yes","height":6,"heightSource":"default"},"geometry":{"type":"MultiPolygon","coordinates":[[[[638224.26,1833286.09],[638233.23,1833272.2],[638245.08,1833279.76],[638236.12,1833293.64],[638224.26,1833286.09]]]]}},{"type":"Feature","properties":{"building":"yes","height":6,"heightSource":"default"},"geometry":{"type":"MultiPolygon","coordinates":[[[[638300.52,1833316.92],[638308.97,1833300.1],[638317.41,1833304.29],[638308.97,1833321.11],[638300.52,1833316.92]]]]}},{"type":"Feature","properties":{"building":"yes","height":6,"heightSource":"default"},"geometry":{"type":"MultiPolygon","coordinates":[[[[639272.71,1833002.65],[639272.31,1833000.37],[639270.68,1832990.99],[639281.89,1832989.07],[639283.92,1833000.72],[639272.71,1833002.65]]]]}},{"type":"Feature","properties":{"building":"yes","height":6,"heightSource":"default"},"geometry":{"type":"MultiPolygon","coordinates":[[[[639546.48,1832964],[639550.14,1832953.24],[639568.88,1832959.54],[639565.23,1832970.3],[639546.48,1832964]]]]}},{"type":"Feature","properties":{"building":"yes","height":6,"heightSource":"default"},"geometry":{"type":"MultiPolygon","coordinates":[[[[638859.4,1832778.72],[638863.76,1832763.27],[638874.51,1832766.27],[638870.17,1832781.71],[638859.4,1832778.72]]]]}},{"type":"Feature","properties":{"building":"yes","height":6,"heightSource":"default"},"geometry":{"type":"MultiPolygon","coordinates":[[[[638848.93,1833267.1],[638852.93,1833251.38],[638861.98,1833253.65],[638857.97,1833269.37],[638848.93,1833267.1]]]]}},{"type":"Feature","properties":{"building":"yes","height":6,"heightSource":"default"},"geometry":{"type":"MultiPolygon","coordinates":[[[[638862.68,1833434.71],[638864.83,1833425.53],[638874.99,1833427.88],[638872.83,1833437.07],[638862.68,1833434.71]]]]}},{"type":"Feature","properties":{"building":"yes","height":6,"heightSource":"default"},"geometry":{"type":"MultiPolygon","coordinates":[[[[638480.01,1833532.78],[638485.34,1833518.53],[638495.91,1833522.44],[638494.45,1833526.32],[638498.06,1833527.65],[638495.46,1833534.61],[638492.54,1833533.53],[638491.26,1833536.95],[638480.01,1833532.78]]]]}},{"type":"Feature","properties":{"building":"yes","height":6,"heightSource":"default"},"geometry":{"type":"MultiPolygon","coordinates":[[[[638501.23,1833543.06],[638503.23,1833536.01],[638510.02,1833537.9],[638508.02,1833544.96],[638501.23,1833543.06]]]]}},{"type":"Feature","properties":{"building":"yes","height":6,"heightSource":"default"},"geometry":{"type":"MultiPolygon","coordinates":[[[[638469,1833654.09],[638472.64,1833643.05],[638497.53,1833651.13],[638493.9,1833662.19],[638469,1833654.09]]]]}},{"type":"Feature","properties":{"building":"yes","height":6,"heightSource":"default"},"geometry":{"type":"MultiPolygon","coordinates":[[[[638462.39,1833680.15],[638464.32,1833673.49],[638484.68,1833679.31],[638482.76,1833685.98],[638462.39,1833680.15]]]]}},{"type":"Feature","properties":{"building":"yes","height":6,"heightSource":"default"},"geometry":{"type":"MultiPolygon","coordinates":[[[[638539.89,1833618.04],[638542.54,1833608.23],[638547.38,1833609.52],[638546.92,1833611.21],[638556.73,1833613.82],[638554.53,1833621.94],[638539.89,1833618.04]]]]}},{"type":"Feature","properties":{"building":"yes","height":6,"heightSource":"default"},"geometry":{"type":"MultiPolygon","coordinates":[[[[638477.61,1833615.08],[638481.63,1833602.04],[638489.75,1833604.51],[638485.71,1833617.55],[638477.61,1833615.08]]]]}},{"type":"Feature","properties":{"building":"yes","height":6,"heightSource":"default"},"geometry":{"type":"MultiPolygon","coordinates":[[[[638591.78,1833733.82],[638594.53,1833724.32],[638603.71,1833726.96],[638599.85,1833740.25],[638594.81,1833738.81],[638595.91,1833735],[638591.78,1833733.82]]]]}},{"type":"Feature","properties":{"building":"yes","height":6,"heightSource":"default"},"geometry":{"type":"MultiPolygon","coordinates":[[[[637871.36,1831800.11],[637877.36,1831784.6],[637885.05,1831787.55],[637879.04,1831803.05],[637871.36,1831800.11]]]]}},{"type":"Feature","properties":{"building":"yes","height":6,"heightSource":"default"},"geometry":{"type":"MultiPolygon","coordinates":[[[[637862.04,1831785.99],[637864.64,1831776.94],[637875.81,1831780.11],[637873.21,1831789.15],[637862.04,1831785.99]]]]}},{"type":"Feature","properties":{"building":"yes","height":6,"heightSource":"default"},"geometry":{"type":"MultiPolygon","coordinates":[[[[638451.73,1833265.69],[638455.86,1833257.4],[638462.12,1833260.48],[638458,1833268.77],[638451.73,1833265.69]]]]}},{"type":"Feature","properties":{"building":"yes","height":6,"heightSource":"default"},"geometry":{"type":"MultiPolygon","coordinates":[[[[638396.22,1833278.63],[638402.68,1833267.43],[638408.14,1833270.55],[638401.69,1833281.74],[638396.22,1833278.63]]]]}},{"type":"Feature","properties":{"building":"yes","height":6,"heightSource":"default"},"geometry":{"type":"MultiPolygon","coordinates":[[[[638927.87,1833302.85],[638929.79,1833293.74],[638945.51,1833297],[638943.59,1833306.13],[638927.87,1833302.85]]]]}},{"type":"Feature","properties":{"building":"yes","height":6,"heightSource":"default"},"geometry":{"type":"MultiPolygon","coordinates":[[[[638910.42,1833322.38],[638913.61,1833311.21],[638934.4,1833317.08],[638931.2,1833328.26],[638910.42,1833322.38]]]]}},{"type":"Feature","properties":{"building":"yes","height":6,"heightSource":"default"},"geometry":{"type":"MultiPolygon","coordinates":[[[[638936.76,1833326.16],[638951.52,1833329.76],[638953.2,1833322.97],[638938.43,1833319.37],[638936.76,1833326.16]]]]}},{"type":"Feature","properties":{"building":"yes","height":6,"heightSource":"default"},"geometry":{"type":"MultiPolygon","coordinates":[[[[638917.96,1833346.99],[638921.27,1833333.73],[638934.9,1833337.09],[638932.97,1833344.81],[638929.47,1833343.95],[638928.09,1833349.49],[638917.96,1833346.99]]]]}},{"type":"Feature","properties":{"building":"yes","height":6,"heightSource":"default"},"geometry":{"type":"MultiPolygon","coordinates":[[[[638307.86,1832729.26],[638304.92,1832717.65],[638313.45,1832715.52],[638316.38,1832727.14],[638307.86,1832729.26]]]]}},{"type":"Feature","properties":{"building":"yes","height":6,"heightSource":"default"},"geometry":{"type":"MultiPolygon","coordinates":[[[[638359.35,1832746.43],[638361.85,1832754.81],[638372.75,1832751.59],[638370.24,1832743.21],[638359.35,1832746.43]]]]}},{"type":"Feature","properties":{"building":"yes","height":6,"heightSource":"default"},"geometry":{"type":"MultiPolygon","coordinates":[[[[638393.09,1832703.3],[638395.59,1832711.68],[638406.49,1832708.47],[638403.98,1832700.09],[638393.09,1832703.3]]]]}},{"type":"Feature","properties":{"building":"yes","height":6,"heightSource":"default"},"geometry":{"type":"MultiPolygon","coordinates":[[[[638382.45,1832689.2],[638374.88,1832693.64],[638380.65,1832703.37],[638388.23,1832698.93],[638382.45,1832689.2]]]]}},{"type":"Feature","properties":{"building":"yes","height":6,"heightSource":"default"},"geometry":{"type":"MultiPolygon","coordinates":[[[[638366.82,1832661.53],[638358.52,1832664.41],[638362.26,1832675.07],[638370.57,1832672.19],[638366.82,1832661.53]]]]}},{"type":"Feature","properties":{"building":"yes","height":6,"heightSource":"default"},"geometry":{"type":"MultiPolygon","coordinates":[[[[638434.28,1832676.14],[638425.69,1832674.27],[638423.27,1832685.31],[638431.86,1832687.17],[638434.28,1832676.14]]]]}},{"type":"Feature","properties":{"building":"yes","height":6,"heightSource":"default"},"geometry":{"type":"MultiPolygon","coordinates":[[[[638302.87,1832695.31],[638297.4,1832675.92],[638308.37,1832672.86],[638313.85,1832692.24],[638302.87,1832695.31]]]]}},{"type":"Feature","properties":{"building":"yes","height":6,"heightSource":"default"},"geometry":{"type":"MultiPolygon","coordinates":[[[[638376.77,1832667.75],[638378.62,1832654.77],[638391.94,1832656.65],[638390.09,1832669.61],[638376.77,1832667.75]]]]}},{"type":"Feature","properties":{"building":"yes","height":6,"heightSource":"default"},"geometry":{"type":"MultiPolygon","coordinates":[[[[638549.52,1832755.41],[638559.86,1832739.64],[638573.03,1832748.17],[638562.68,1832763.94],[638549.52,1832755.41]]]]}},{"type":"Feature","properties":{"building":"yes","height":6,"heightSource":"default"},"geometry":{"type":"MultiPolygon","coordinates":[[[[638517.05,1832854.28],[638522.61,1832847.11],[638532.02,1832854.33],[638526.44,1832861.5],[638517.05,1832854.28]]]]}},{"type":"Feature","properties":{"building":"yes","height":6,"heightSource":"default"},"geometry":{"type":"MultiPolygon","coordinates":[[[[638486.96,1832956.84],[638492.07,1832949.58],[638502.24,1832956.66],[638497.13,1832963.91],[638486.96,1832956.84]]]]}},{"type":"Feature","properties":{"building":"yes","height":6,"heightSource":"default"},"geometry":{"type":"MultiPolygon","coordinates":[[[[639220.72,1833101.99],[639220.34,1833089.37],[639241.42,1833088.75],[639241.8,1833101.36],[639220.72,1833101.99]]]]}},{"type":"Feature","properties":{"building":"yes","height":6,"heightSource":"default"},"geometry":{"type":"MultiPolygon","coordinates":[[[[639086.3,1832745.11],[639086.88,1832732.17],[639106.93,1832733.08],[639106.33,1832746.02],[639086.3,1832745.11]]]]}},{"type":"Feature","properties":{"building":"yes","height":6,"heightSource":"default"},"geometry":{"type":"MultiPolygon","coordinates":[[[[639084.26,1832755.04],[639084.54,1832747.47],[639101.56,1832748.1],[639101.28,1832755.67],[639084.26,1832755.04]]]]}},{"type":"Feature","properties":{"building":"yes","height":6,"heightSource":"default"},"geometry":{"type":"MultiPolygon","coordinates":[[[[639121.62,1832953.26],[639117.91,1832934.65],[639129.34,1832932.4],[639133.04,1832951.03],[639121.62,1832953.26]]]]}},{"type":"Feature","properties":{"building":"yes","height":6,"heightSource":"default"},"geometry":{"type":"MultiPolygon","coordinates":[[[[638889.69,1833011.44],[638897.22,1833008.21],[638899.55,1833013.54],[638892,1833016.78],[638889.69,1833011.44]]]]}},{"type":"Feature","properties":{"building":"yes","height":6,"heightSource":"default"},"geometry":{"type":"MultiPolygon","coordinates":[[[[638903.58,1832982.22],[638906.46,1832989.65],[638921.14,1832984.05],[638918.27,1832976.63],[638903.58,1832982.22]]]]}},{"type":"Feature","properties":{"building":"yes","height":6,"heightSource":"default"},"geometry":{"type":"MultiPolygon","coordinates":[[[[638861.93,1832947.47],[638866.55,1832945.19],[638870.1,1832952.25],[638865.48,1832954.55],[638861.93,1832947.47]]]]}},{"type":"Feature","properties":{"building":"yes","height":6,"heightSource":"default"},"geometry":{"type":"MultiPolygon","coordinates":[[[[638254.39,1833210.47],[638261.06,1833201.27],[638270.04,1833207.7],[638263.38,1833216.91],[638254.39,1833210.47]]]]}},{"type":"Feature","properties":{"building":"yes","height":6,"heightSource":"default"},"geometry":{"type":"MultiPolygon","coordinates":[[[[638313.19,1833233.44],[638319.67,1833223.58],[638323.09,1833225.8],[638316.6,1833235.66],[638313.19,1833233.44]]]]}},{"type":"Feature","properties":{"building":"yes","height":6,"heightSource":"default"},"geometry":{"type":"MultiPolygon","coordinates":[[[[638901.32,1833813.92],[638903.38,1833814.09],[638903.17,1833816.58],[638912.58,1833817.34],[638912.99,1833812.38],[638901.53,1833811.46],[638901.32,1833813.92]]]]}},{"type":"Feature","properties":{"building":"yes","height":6,"heightSource":"default"},"geometry":{"type":"MultiPolygon","coordinates":[[[[638655.42,1834189.45],[638659.81,1834197.57],[638670.05,1834192.1],[638665.64,1834183.98],[638655.42,1834189.45]]]]}},{"type":"Feature","properties":{"building":"yes","height":6,"heightSource":"default"},"geometry":{"type":"MultiPolygon","coordinates":[[[[638653.2,1834203.27],[638671.18,1834192.88],[638673.47,1834196.8],[638669.87,1834198.89],[638675.15,1834207.95],[638660.79,1834216.25],[638653.2,1834203.27]]]]}},{"type":"Feature","properties":{"building":"yes","height":6,"heightSource":"default"},"geometry":{"type":"MultiPolygon","coordinates":[[[[638595.07,1834206.14],[638607,1834199.02],[638611.25,1834206.06],[638596.46,1834214.89],[638593.28,1834209.62],[638596.14,1834207.92],[638595.07,1834206.14]]]]}},{"type":"Feature","properties":{"building":"yes","height":6,"heightSource":"default"},"geometry":{"type":"MultiPolygon","coordinates":[[[[638597.75,1834219.53],[638611.49,1834216.24],[638613.73,1834225.46],[638600,1834228.75],[638597.75,1834219.53]]]]}},{"type":"Feature","properties":{"building":"yes","height":6,"heightSource":"default"},"geometry":{"type":"MultiPolygon","coordinates":[[[[638678.42,1834208.56],[638684.07,1834220.08],[638693.61,1834215.46],[638687.96,1834203.94],[638678.42,1834208.56]]]]}},{"type":"Feature","properties":{"building":"yes","height":6,"heightSource":"default"},"geometry":{"type":"MultiPolygon","coordinates":[[[[638636.29,1834087.68],[638637.44,1834077.54],[638660.47,1834080.1],[638659.32,1834090.25],[638636.29,1834087.68]]]]}},{"type":"Feature","properties":{"building":"yes","height":6,"heightSource":"default"},"geometry":{"type":"MultiPolygon","coordinates":[[[[638648.38,1834053.18],[638649.49,1834043.33],[638666.1,1834045.17],[638665,1834055.02],[638648.38,1834053.18]]]]}},{"type":"Feature","properties":{"building":"yes","height":6,"heightSource":"default"},"geometry":{"type":"MultiPolygon","coordinates":[[[[638666.48,1834011.44],[638666.64,1834003.22],[638683.16,1834003.55],[638683.06,1834008.43],[638685.2,1834008.47],[638685.05,1834016.49],[638675.65,1834016.31],[638675.74,1834011.62],[638666.48,1834011.44]]]]}},{"type":"Feature","properties":{"building":"yes","height":6,"heightSource":"default"},"geometry":{"type":"MultiPolygon","coordinates":[[[[638675.08,1834001.13],[638675.41,1833989.97],[638692.12,1833990.47],[638691.78,1834001.61],[638675.08,1834001.13]]]]}},{"type":"Feature","properties":{"building":"yes","height":6,"heightSource":"default"},"geometry":{"type":"MultiPolygon","coordinates":[[[[638677.92,1833966.36],[638680.11,1833952.01],[638690.69,1833953.6],[638689.63,1833960.57],[638692.41,1833960.98],[638691.28,1833968.36],[638677.92,1833966.36]]]]}},{"type":"Feature","properties":{"building":"yes","height":6,"heightSource":"default"},"geometry":{"type":"MultiPolygon","coordinates":[[[[638671.54,1833927.26],[638671.37,1833917.26],[638683.28,1833917.05],[638683.46,1833927.06],[638671.54,1833927.26]]]]}},{"type":"Feature","properties":{"building":"yes","height":6,"heightSource":"default"},"geometry":{"type":"MultiPolygon","coordinates":[[[[638680.83,1833803.75],[638681.02,1833797.58],[638695.78,1833798.03],[638695.59,1833804.2],[638680.83,1833803.75]]]]}},{"type":"Feature","properties":{"building":"yes","height":6,"heightSource":"default"},"geometry":{"type":"MultiPolygon","coordinates":[[[[638681.13,1833812.09],[638681.44,1833804.07],[638696.47,1833804.63],[638696.16,1833812.66],[638681.13,1833812.09]]]]}},{"type":"Feature","properties":{"building":"yes","height":6,"heightSource":"default"},"geometry":{"type":"MultiPolygon","coordinates":[[[[638680.35,1833816.61],[638689.57,1833816.93],[638689.73,1833812.73],[638680.51,1833812.39],[638680.35,1833816.61]]]]}},{"type":"Feature","properties":{"building":"yes","height":6,"heightSource":"default"},"geometry":{"type":"MultiPolygon","coordinates":[[[[638696.38,1833813.08],[638697.04,1833798.04],[638714.8,1833798.78],[638714.57,1833804.18],[638716.31,1833804.25],[638716.06,1833810.18],[638714.66,1833810.11],[638714.51,1833813.85],[638696.38,1833813.08]]]]}},{"type":"Feature","properties":{"building":"yes","height":6,"heightSource":"default"},"geometry":{"type":"MultiPolygon","coordinates":[[[[638717.79,1833805.08],[638718.07,1833798.72],[638728.2,1833799.18],[638727.9,1833805.54],[638717.79,1833805.08]]]]}},{"type":"Feature","properties":{"building":"yes","height":6,"heightSource":"default"},"geometry":{"type":"MultiPolygon","coordinates":[[[[638099.31,1834105.8],[638107.92,1834083.14],[638121.08,1834088.08],[638112.48,1834110.73],[638099.31,1834105.8]]]]}},{"type":"Feature","properties":{"building":"yes","height":6,"heightSource":"default"},"geometry":{"type":"MultiPolygon","coordinates":[[[[638134.16,1834042.74],[638140.63,1834019.25],[638155.94,1834023.42],[638149.46,1834046.91],[638134.16,1834042.74]]]]}},{"type":"Feature","properties":{"building":"yes","height":6,"heightSource":"default"},"geometry":{"type":"MultiPolygon","coordinates":[[[[638113.59,1834059.42],[638115.49,1834046.77],[638146.41,1834051.35],[638144.52,1834063.99],[638113.59,1834059.42]]]]}},{"type":"Feature","properties":{"building":"yes","height":6,"heightSource":"default"},"geometry":{"type":"MultiPolygon","coordinates":[[[[638068.02,1834146.76],[638065.24,1834136.34],[638072.3,1834134.48],[638075.09,1834144.9],[638068.02,1834146.76]]]]}},{"type":"Feature","properties":{"building":"yes","height":6,"heightSource":"default"},"geometry":{"type":"MultiPolygon","coordinates":[[[[637788.36,1834299.94],[637789.65,1834280.37],[637797.31,1834280.87],[637796.02,1834300.43],[637788.36,1834299.94]]]]}},{"type":"Feature","properties":{"building":"yes","height":6,"heightSource":"default"},"geometry":{"type":"MultiPolygon","coordinates":[[[[637798.28,1834301.39],[637799.68,1834283.25],[637811.47,1834284.16],[637810.06,1834302.29],[637798.28,1834301.39]]]]}},{"type":"Feature","properties":{"building":"yes","height":6,"heightSource":"default"},"geometry":{"type":"MultiPolygon","coordinates":[[[[637928.68,1834282.89],[637929.3,1834263.66],[637942.35,1834264.07],[637941.71,1834283.31],[637928.68,1834282.89]]]]}},{"type":"Feature","properties":{"building":"yes","height":6,"heightSource":"default"},"geometry":{"type":"MultiPolygon","coordinates":[[[[638168.5,1833908.37],[638171.02,1833900.56],[638175.77,1833902.06],[638173.26,1833909.88],[638168.5,1833908.37]]]]}},{"type":"Feature","properties":{"building":"yes","height":6,"heightSource":"default"},"geometry":{"type":"MultiPolygon","coordinates":[[[[637634.67,1834240.68],[637642.92,1834235.54],[637647.57,1834242.92],[637639.32,1834248.06],[637634.67,1834240.68]]]]}},{"type":"Feature","properties":{"building":"yes","height":6,"heightSource":"default"},"geometry":{"type":"MultiPolygon","coordinates":[[[[638323.9,1833547.72],[638323.26,1833543.72],[638329.51,1833542.74],[638330.15,1833546.74],[638323.9,1833547.72]]]]}},{"type":"Feature","properties":{"building":"yes","height":6,"heightSource":"default"},"geometry":{"type":"MultiPolygon","coordinates":[[[[638405.21,1833426.41],[638410.25,1833416.97],[638425.22,1833424.85],[638420.19,1833434.29],[638405.21,1833426.41]]]]}},{"type":"Feature","properties":{"building":"yes","height":6,"heightSource":"default"},"geometry":{"type":"MultiPolygon","coordinates":[[[[638394.28,1833433.54],[638398.53,1833424.73],[638408.07,1833429.28],[638403.82,1833438.08],[638394.28,1833433.54]]]]}},{"type":"Feature","properties":{"building":"yes","height":6,"heightSource":"default"},"geometry":{"type":"MultiPolygon","coordinates":[[[[638373.48,1833427.22],[638380.43,1833412.44],[638390.41,1833417.08],[638383.47,1833431.85],[638373.48,1833427.22]]]]}},{"type":"Feature","properties":{"building":"yes","height":6,"heightSource":"default"},"geometry":{"type":"MultiPolygon","coordinates":[[[[638388.22,1833397.69],[638392.83,1833387.49],[638402.36,1833391.74],[638397.75,1833401.95],[638388.22,1833397.69]]]]}},{"type":"Feature","properties":{"building":"roof","height":6,"heightSource":"default"},"geometry":{"type":"MultiPolygon","coordinates":[[[[633132.79,1835442.72],[633146.63,1835439.34],[633145.35,1835434.18],[633131.52,1835437.56],[633132.25,1835440.5],[633132.79,1835442.72]]]]}}]}