{"type":"FeatureCollection","features":[{"type":"Feature","properties":{"id":"TH-LAO-4140103","nameTh":"อโยธยา","type":"town_municipality"},"geometry":{"type":"Polygon","coordinates":[[[100.6169238,14.3383374],[100.6178811,14.3348371],[100.6184846,14.3336364],[100.617798,14.3334467],[100.6192054,14.3289243],[100.6150515,14.327653],[100.6125788,14.3276684],[100.5847304,14.3434039],[100.585052,14.3462395],[100.58333,14.353682],[100.5831117,14.3621408],[100.5843347,14.3654802],[100.5872873,14.3714204],[100.5878143,14.3734122],[100.5901548,14.3730164],[100.5912806,14.3722883],[100.5902894,14.3715546],[100.589844,14.3703455],[100.5906245,14.3679603],[100.5908524,14.3641537],[100.5913009,14.3630903],[100.5931787,14.3634278],[100.5933791,14.3629935],[100.5944484,14.3563436],[100.5992387,14.3570197],[100.6022085,14.3570987],[100.6034015,14.3564135],[100.6041223,14.3564739],[100.6052721,14.3546903],[100.6049929,14.3531274],[100.6042126,14.3526011],[100.6036828,14.3513604],[100.6035823,14.3501014],[100.6031719,14.3493192],[100.6034991,14.3480459],[100.6031987,14.3460736],[100.602338,14.3448838],[100.6028981,14.3436312],[100.6033757,14.3406404],[100.6066632,14.3405295],[100.6076853,14.3400679],[100.6079695,14.3406849],[100.6078494,14.3430442],[100.6094205,14.3443971],[100.6103756,14.3440259],[100.6115621,14.3457258],[100.6120238,14.345959],[100.6136135,14.3456121],[100.6160749,14.346172],[100.616879,14.3457953],[100.6169238,14.3383374]]]}},{"type":"Feature","properties":{"id":"TH-LAO-6140116","nameTh":"หันตรา","type":"subdistrict_admin_org"},"geometry":{"type":"Polygon","coordinates":[[[100.5931787,14.3634278],[100.5944484,14.3563436],[100.6017047,14.3571312],[100.6039436,14.356393],[100.6045825,14.3569267],[100.6057051,14.3571526],[100.6059547,14.3583268],[100.6063029,14.3585964],[100.6064908,14.3583528],[100.6095613,14.3587411],[100.6099552,14.3588764],[100.6101818,14.3594857],[100.6114532,14.3597351],[100.6120324,14.3597196],[100.6121794,14.3594228],[100.613351,14.3594544],[100.6135342,14.359738],[100.6151326,14.3598453],[100.6152997,14.3620732],[100.6163272,14.366759],[100.6161226,14.370461],[100.6149253,14.3725602],[100.613741,14.3763976],[100.6133972,14.3804155],[100.6136757,14.3820356],[100.6143718,14.3835556],[100.6161951,14.3863083],[100.6169563,14.3866583],[100.6167762,14.3873823],[100.6158613,14.3880261],[100.6154952,14.3887467],[100.6147699,14.3911344],[100.6149187,14.392142],[100.6146434,14.393189],[100.5928728,14.3818707],[100.5910175,14.3805206],[100.589678,14.3789603],[100.5887078,14.377043],[100.5878143,14.3734122],[100.5901548,14.3730164],[100.5912806,14.3722883],[100.5902894,14.3715546],[100.589844,14.3703455],[100.5906245,14.3679603],[100.5908524,14.3641537],[100.5913009,14.3630903],[100.5931787,14.3634278]]]}},{"type":"Feature","properties":{"id":"TH-LAO-3140102","nameTh":"พระนครศรีอยุธยา","type":"city_municipality"},"geometry":{"type":"Polygon","coordinates":[[[100.545617,14.3574223],[100.5474819,14.3558053],[100.5475882,14.3548631],[100.5464748,14.3522041],[100.5436076,14.3472519],[100.5430696,14.3451027],[100.5438463,14.3423245],[100.545786,14.340063],[100.5474402,14.3395314],[100.5532837,14.3394581],[100.5573095,14.3402715],[100.5604886,14.341552],[100.5689592,14.3467789],[100.5709387,14.3476145],[100.5731687,14.3477029],[100.5751213,14.3467518],[100.5762728,14.3454651],[100.5766934,14.3378541],[100.5763824,14.3344256],[100.5829056,14.3320045],[100.5828314,14.3347565],[100.585065,14.345535],[100.584967,14.346957],[100.58333,14.353682],[100.5831117,14.3621408],[100.5843347,14.3654802],[100.5872873,14.3714204],[100.5885023,14.3763259],[100.581702,14.3782033],[100.5734342,14.3753622],[100.5704299,14.3749446],[100.568372,14.3728566],[100.5655378,14.3708444],[100.5645052,14.370782],[100.5644911,14.3698399],[100.5614639,14.3692081],[100.5626348,14.3666583],[100.5633091,14.364197],[100.5609915,14.3635431],[100.5602977,14.3639829],[100.5540982,14.3637128],[100.5504076,14.3625624],[100.5490114,14.3626479],[100.5481973,14.362023],[100.5473042,14.3599469],[100.5462798,14.3590875],[100.5462989,14.358246],[100.545617,14.3574223]]]}},{"type":"Feature","properties":{"id":"TH-LAO-6140114","nameTh":"สวนพริก","type":"subdistrict_admin_org"},"geometry":{"type":"Polygon","coordinates":[[[100.5508138,14.4049728],[100.5550155,14.4049312],[100.5569146,14.4044143],[100.5585956,14.404894],[100.5602061,14.4037224],[100.5608035,14.4028357],[100.5605428,14.4003058],[100.5631735,14.3962892],[100.5641466,14.3930429],[100.5699555,14.3838254],[100.5707307,14.3810815],[100.5734342,14.3753622],[100.570902,14.3751083],[100.5694789,14.3742112],[100.5686355,14.3752694],[100.5671686,14.3762643],[100.5650389,14.3768567],[100.5632051,14.3764768],[100.5578845,14.3800304],[100.5561867,14.3820102],[100.5533551,14.3845081],[100.5507042,14.3847746],[100.5494528,14.3854876],[100.5490129,14.3869321],[100.5499221,14.3906474],[100.5474437,14.3938793],[100.5468,14.3971995],[100.5460587,14.3983806],[100.5446184,14.3994458],[100.5443378,14.4000833],[100.5451306,14.4025971],[100.5461563,14.4037412],[100.5463323,14.4046613],[100.5480766,14.4043077],[100.5497906,14.4052534],[100.5508138,14.4049728]]]}},{"type":"Feature","properties":{"id":"TH-LAO-6140112","nameTh":"ลุมพลี","type":"subdistrict_admin_org"},"geometry":{"type":"Polygon","coordinates":[[[100.5528024,14.3634455],[100.5505013,14.3656581],[100.547972,14.3666845],[100.5424815,14.3706211],[100.5399924,14.3718681],[100.5393514,14.3718525],[100.5391073,14.3727126],[100.5359574,14.3748389],[100.5396665,14.3799941],[100.5400403,14.3800735],[100.5411826,14.3815497],[100.5413783,14.3814361],[100.5429965,14.3838137],[100.5437716,14.3842428],[100.5442956,14.384006],[100.5448099,14.3851783],[100.5480123,14.3869635],[100.5490129,14.3869321],[100.5491835,14.3859359],[100.5499274,14.3850874],[100.5533551,14.3845081],[100.5561867,14.3820102],[100.5578845,14.3800304],[100.5569667,14.3790856],[100.5561393,14.3795043],[100.5549967,14.3783065],[100.5545161,14.3770154],[100.5533444,14.3753914],[100.5542468,14.3735049],[100.5550813,14.3735093],[100.5567026,14.3743105],[100.5568206,14.3728091],[100.5560294,14.3727411],[100.5546916,14.3712427],[100.5549714,14.3703117],[100.5562133,14.3704663],[100.5566597,14.3688645],[100.5560911,14.3686254],[100.5556941,14.367373],[100.556311,14.3661986],[100.5550396,14.3657465],[100.5545263,14.3651164],[100.554502,14.363753],[100.5528024,14.3634455]]]}},{"type":"Feature","properties":{"id":"TH-LAO-6140111","nameTh":"ภูเขาทอง","type":"subdistrict_admin_org"},"geometry":{"type":"Polygon","coordinates":[[[100.5462798,14.3590875],[100.5462989,14.358246],[100.545617,14.3574223],[100.5425314,14.3599447],[100.5355789,14.3636723],[100.5338086,14.3650007],[100.5308149,14.3679853],[100.5272763,14.3696058],[100.525704,14.3706712],[100.5253648,14.3725801],[100.5266565,14.3726476],[100.5267655,14.3732592],[100.5273298,14.3735132],[100.528121,14.3759577],[100.5301192,14.3787027],[100.5386353,14.373123],[100.5391073,14.3727126],[100.5393514,14.3718525],[100.5399924,14.3718681],[100.5424815,14.3706211],[100.547972,14.3666845],[100.5505013,14.3656581],[100.5526875,14.3634297],[100.5504076,14.3625624],[100.5491648,14.3626701],[100.548597,14.3624128],[100.5474422,14.3601374],[100.5462798,14.3590875]]]}},{"type":"Feature","properties":{"id":"TH-LAO-6140106","nameTh":"คลองสระบัว","type":"subdistrict_admin_org"},"geometry":{"type":"Polygon","coordinates":[[[100.568372,14.3728566],[100.5694789,14.3742112],[100.5686355,14.3752694],[100.5671686,14.3762643],[100.5650389,14.3768567],[100.5632051,14.3764768],[100.5578845,14.3800304],[100.5569667,14.3790856],[100.5561393,14.3795043],[100.5549967,14.3783065],[100.5545161,14.3770154],[100.5533444,14.3753914],[100.5542468,14.3735049],[100.5550813,14.3735093],[100.5567026,14.3743105],[100.5568555,14.3734037],[100.5568206,14.3728091],[100.5560294,14.3727411],[100.5546916,14.3712427],[100.5549714,14.3703117],[100.5562133,14.3704663],[100.5566597,14.3688645],[100.5560911,14.3686254],[100.5556941,14.367373],[100.556311,14.3661986],[100.5550396,14.3657465],[100.5545263,14.3651164],[100.554502,14.363753],[100.5602977,14.3639829],[100.5609915,14.3635431],[100.5633091,14.364197],[100.5626348,14.3666583],[100.5614639,14.3692081],[100.5644911,14.3698399],[100.5645052,14.370782],[100.5655378,14.3708444],[100.568372,14.3728566]]]}},{"type":"Feature","properties":{"id":"TH-LAO-6140108","nameTh":"บ้านป้อม","type":"subdistrict_admin_org"},"geometry":{"type":"Polygon","coordinates":[[[100.5446491,14.3345113],[100.5389542,14.3331577],[100.536341,14.3329885],[100.5360677,14.3338542],[100.5339072,14.33355],[100.533804,14.3330819],[100.5330347,14.3329687],[100.5287755,14.3292966],[100.5287057,14.3299905],[100.5270737,14.3287076],[100.5265422,14.3282424],[100.5266592,14.3275996],[100.5244544,14.325939],[100.5242479,14.3261962],[100.5233949,14.3255829],[100.5232018,14.325796],[100.5222519,14.3250152],[100.5218994,14.3254108],[100.5214766,14.3250393],[100.5207664,14.3254998],[100.5201468,14.3249852],[100.5189425,14.3261027],[100.5192197,14.3263439],[100.5190379,14.3265854],[100.5168934,14.3248811],[100.5161709,14.325467],[100.5156444,14.3250583],[100.5149594,14.3263002],[100.5142298,14.3259156],[100.5130458,14.3275451],[100.5101582,14.3256427],[100.5097693,14.3262404],[100.5071247,14.3250905],[100.50713,14.3223499],[100.5044269,14.3208405],[100.5040918,14.3212432],[100.5047284,14.3216623],[100.502108,14.3251454],[100.502325,14.3252564],[100.5021375,14.3256214],[100.5004109,14.3280879],[100.5009424,14.3287942],[100.5000402,14.3294969],[100.5003463,14.3302173],[100.5008268,14.3304374],[100.500599,14.3309689],[100.5009341,14.3311417],[100.500623,14.3316381],[100.5013863,14.3323611],[100.5018727,14.3340243],[100.5053801,14.3342534],[100.5052851,14.3348956],[100.5056726,14.3349165],[100.5056669,14.3352518],[100.5068804,14.3352324],[100.5069127,14.3354749],[100.5074195,14.3353461],[100.5073012,14.3349352],[100.5079384,14.3346585],[100.5082218,14.3350501],[100.5087553,14.3344038],[100.5089786,14.3345122],[100.5103847,14.3373256],[100.5100243,14.3375763],[100.5101471,14.3380748],[100.511662,14.3397933],[100.5123581,14.3411394],[100.5119903,14.3428217],[100.5115022,14.3431594],[100.5131443,14.3463919],[100.5134831,14.3463376],[100.5148441,14.3492204],[100.5128253,14.3503947],[100.5130118,14.3512902],[100.513926,14.3515975],[100.5140547,14.3522691],[100.5131167,14.352466],[100.5137199,14.3533781],[100.5134783,14.3535192],[100.5124783,14.3518709],[100.5119967,14.3521431],[100.5142647,14.3559765],[100.5149433,14.3565949],[100.5147824,14.3570757],[100.5155648,14.3589836],[100.5170269,14.3585344],[100.5188562,14.3614871],[100.5207884,14.3602062],[100.5213082,14.3610616],[100.519205,14.3625603],[100.5204821,14.3638705],[100.520533,14.3645824],[100.5219439,14.3653619],[100.5213456,14.369639],[100.5227002,14.3700805],[100.5241647,14.3699661],[100.525704,14.3706712],[100.5272763,14.3696058],[100.5308149,14.3679853],[100.5338086,14.3650007],[100.5355789,14.3636723],[100.5425314,14.3599447],[100.5474819,14.3558053],[100.5474691,14.3543625],[100.5431521,14.3459567],[100.5431543,14.3441459],[100.5438463,14.3423245],[100.5453247,14.340406],[100.546467,14.3397324],[100.5461562,14.3387792],[100.5445039,14.3386623],[100.5434043,14.3378724],[100.543828,14.3374435],[100.5440855,14.3375683],[100.5446144,14.3358024],[100.5451832,14.3355472],[100.5446491,14.3345113]]]}},{"type":"Feature","properties":{"id":"TH-LAO-6140110","nameTh":"ปากกราน","type":"subdistrict_admin_org"},"geometry":{"type":"Polygon","coordinates":[[[100.5446491,14.3345113],[100.5389542,14.3331577],[100.536341,14.3329885],[100.5360677,14.3338542],[100.5339072,14.33355],[100.533804,14.3330819],[100.5330347,14.3329687],[100.5287755,14.3292966],[100.5287057,14.3299905],[100.5270737,14.3287076],[100.5265422,14.3282424],[100.5266592,14.3275996],[100.5244544,14.325939],[100.5242479,14.3261962],[100.5233949,14.3255829],[100.5232018,14.325796],[100.5222519,14.3250152],[100.5218994,14.3254108],[100.5214766,14.3250393],[100.5207664,14.3254998],[100.5201468,14.3249852],[100.5189425,14.3261027],[100.5192197,14.3263439],[100.5190379,14.3265854],[100.5168934,14.3248811],[100.5161709,14.325467],[100.5156444,14.3250583],[100.5149594,14.3263002],[100.5142298,14.3259156],[100.5130458,14.3275451],[100.5101582,14.3256427],[100.5097693,14.3262404],[100.5071247,14.3250905],[100.50713,14.3223499],[100.504555,14.3208817],[100.5059073,14.3161932],[100.5034265,14.3148808],[100.5039563,14.3135574],[100.5036621,14.3134276],[100.5038683,14.3129449],[100.5043082,14.3131492],[100.5054073,14.3115738],[100.5028907,14.3107125],[100.5033195,14.3096142],[100.5039722,14.3098244],[100.5040803,14.3096117],[100.5085644,14.3111797],[100.508945,14.3109869],[100.5092512,14.3103909],[100.5090409,14.3102747],[100.5101436,14.3086542],[100.5094309,14.3078448],[100.5097641,14.3036245],[100.5095454,14.3027527],[100.5086049,14.3027253],[100.5088405,14.3011216],[100.5103352,14.3012585],[100.5105337,14.2990735],[100.5134683,14.299177],[100.5131779,14.2980405],[100.5110674,14.2979455],[100.5110246,14.2973035],[100.5130077,14.2971666],[100.5128386,14.2966073],[100.5149125,14.2958503],[100.5146831,14.2937427],[100.5166107,14.2942947],[100.5168027,14.2935517],[100.5171736,14.2936077],[100.5175376,14.2921646],[100.5196854,14.2921706],[100.519455,14.2904705],[100.5213143,14.2904481],[100.5215389,14.2899481],[100.5222309,14.2901974],[100.522542,14.2897373],[100.5233467,14.2898673],[100.5234693,14.28965],[100.5240315,14.289967],[100.5244461,14.2896486],[100.5249794,14.2879848],[100.5247584,14.2866201],[100.5251216,14.2847039],[100.5236725,14.2846586],[100.5237118,14.2839495],[100.5238288,14.2834137],[100.5246316,14.2833866],[100.5256137,14.2801743],[100.5231954,14.2785657],[100.522485,14.2762211],[100.523293,14.2759843],[100.5245054,14.2768084],[100.5240011,14.2778482],[100.5329624,14.2833224],[100.5360335,14.2901376],[100.5358028,14.2916763],[100.5360657,14.2933138],[100.5366558,14.2939324],[100.5384743,14.2947226],[100.5419397,14.2950501],[100.543254,14.2956063],[100.5449867,14.2965524],[100.5466336,14.298221],[100.5479814,14.3004835],[100.5485594,14.3009475],[100.5485778,14.3029178],[100.5466818,14.3077181],[100.5482242,14.3084796],[100.5479157,14.3089681],[100.5508178,14.3101819],[100.5507334,14.3104028],[100.5534357,14.3117569],[100.5560836,14.3140141],[100.5549725,14.316526],[100.5552676,14.3172614],[100.5605449,14.3235377],[100.5596289,14.323743],[100.5602024,14.3252169],[100.5577326,14.3256661],[100.5580813,14.3267914],[100.5578747,14.3300763],[100.5605557,14.3318609],[100.5604883,14.3322387],[100.5610102,14.3322552],[100.5610961,14.334572],[100.5603182,14.3357622],[100.559987,14.3356752],[100.559869,14.3365119],[100.5595779,14.3364756],[100.5595404,14.3367601],[100.5573996,14.3370277],[100.5559294,14.3363783],[100.5559028,14.3354694],[100.5551951,14.3351982],[100.5524701,14.3351307],[100.5523911,14.3355595],[100.5499317,14.3352107],[100.5486613,14.337706],[100.5489476,14.3395048],[100.546467,14.3397324],[100.5461562,14.3387792],[100.5445039,14.3386623],[100.5434043,14.3378724],[100.543828,14.3374435],[100.5440855,14.3375683],[100.5446144,14.3358024],[100.5451832,14.3355472],[100.5446491,14.3345113]]]}},{"type":"Feature","properties":{"id":"TH-LAO-6140105","nameTh":"คลองตะเคียน","type":"subdistrict_admin_org"},"geometry":{"type":"Polygon","coordinates":[[[100.5654054,14.3278774],[100.5647036,14.3281921],[100.5643752,14.329133],[100.5635959,14.3287119],[100.5628283,14.3304615],[100.5613718,14.3304528],[100.5610102,14.3322552],[100.5604883,14.3322387],[100.5605557,14.3318609],[100.5578747,14.3300763],[100.5580813,14.3267914],[100.5577326,14.3256661],[100.5602024,14.3252169],[100.5596289,14.323743],[100.5605449,14.3235377],[100.5552676,14.3172614],[100.5549725,14.316526],[100.5560836,14.3140141],[100.5583681,14.3145959],[100.5585815,14.3150253],[100.5680611,14.3172562],[100.5696778,14.3163874],[100.5709809,14.3185799],[100.5740722,14.3260933],[100.5709809,14.3272236],[100.5705241,14.3269266],[100.5686816,14.3274638],[100.5681932,14.3281661],[100.5676,14.3280115],[100.5676514,14.3272799],[100.5672732,14.3273735],[100.5669198,14.3251574],[100.5658463,14.3263912],[100.5654054,14.3278774]]]}},{"type":"Feature","properties":{"id":"TH-LAO-6140113","nameTh":"วัดตูม","type":"subdistrict_admin_org"},"geometry":{"type":"Polygon","coordinates":[[[100.5281585,14.3949785],[100.5295342,14.3903507],[100.5283904,14.3896251],[100.5287091,14.3893045],[100.5285688,14.3890368],[100.5297598,14.3878313],[100.5274477,14.3841991],[100.5283597,14.3836634],[100.5280215,14.3831697],[100.5291121,14.3826126],[100.529961,14.3836405],[100.5302051,14.3831521],[100.5305484,14.3835704],[100.5308273,14.3833573],[100.5319421,14.3843314],[100.5321086,14.383911],[100.5298725,14.3807202],[100.5301757,14.3805619],[100.5303982,14.3809075],[100.5315959,14.3800795],[100.5305392,14.3785099],[100.5359574,14.3748389],[100.5396665,14.3799941],[100.5400403,14.3800735],[100.5411826,14.3815497],[100.5413783,14.3814361],[100.5429965,14.3838137],[100.5437716,14.3842428],[100.5442956,14.384006],[100.5448099,14.3851783],[100.5480123,14.3869635],[100.5490129,14.3869321],[100.5499221,14.3906474],[100.5474437,14.3938793],[100.5468,14.3971995],[100.5460587,14.3983806],[100.5446184,14.3994458],[100.5443378,14.4000833],[100.5451306,14.4025971],[100.5394614,14.4033101],[100.5324233,14.4014552],[100.530704,14.4019255],[100.5282347,14.4021009],[100.5274075,14.4010707],[100.5270374,14.3999484],[100.5273029,14.3957579],[100.5281585,14.3949785]]]}},{"type":"Feature","properties":{"id":"TH-LAO-6140107","nameTh":"บ้านเกาะ","type":"subdistrict_admin_org"},"geometry":{"type":"Polygon","coordinates":[[[100.5723559,14.3931781],[100.5748906,14.3937705],[100.5764812,14.3951214],[100.5777097,14.3967425],[100.5787933,14.3971569],[100.579337,14.3972079],[100.5792519,14.39621],[100.5810528,14.3951458],[100.581629,14.3956256],[100.5814299,14.396888],[100.5820817,14.3986292],[100.5840929,14.3974404],[100.584988,14.3973524],[100.584839,14.3962671],[100.5899244,14.3962359],[100.5907399,14.3959413],[100.5917277,14.3959558],[100.5927204,14.396434],[100.6024153,14.3960745],[100.6025263,14.3941102],[100.6045096,14.3944056],[100.6044433,14.3961959],[100.606141,14.3962724],[100.6060512,14.3951541],[100.6092458,14.395507],[100.6094674,14.3943816],[100.6117891,14.3945457],[100.6139488,14.3942625],[100.6146434,14.393189],[100.592207,14.3814624],[100.589678,14.3789603],[100.5885023,14.3763259],[100.581702,14.3782033],[100.5734342,14.3753622],[100.5707307,14.3810815],[100.5699555,14.3838254],[100.5641466,14.3930429],[100.5631735,14.3962892],[100.5605428,14.4003058],[100.5608035,14.4028357],[100.5597912,14.403972],[100.562035,14.4050685],[100.5633277,14.4052378],[100.5700895,14.4047546],[100.5708879,14.3990044],[100.5715942,14.3988521],[100.5723559,14.3931781]]]}},{"type":"Feature","properties":{"id":"TH-LAO-6141105","nameTh":"พยอม","type":"subdistrict_admin_org"},"geometry":{"type":"Polygon","coordinates":[[[100.6194914,14.176289],[100.6197289,14.1431055],[100.671322,14.170179],[100.6715657,14.1720191],[100.6709738,14.1726608],[100.6715808,14.173053],[100.671351,14.1739175],[100.6715574,14.1787762],[100.6709066,14.1844934],[100.6710418,14.1854151],[100.6716633,14.1863802],[100.6711104,14.1868298],[100.6803095,14.1916578],[100.6732329,14.204717],[100.6194914,14.176289]]]}},{"type":"Feature","properties":{"id":"TH-LAO-6141108","nameTh":"วังน้อย","type":"subdistrict_admin_org"},"geometry":{"type":"Polygon","coordinates":[[[100.7318064,14.1999688],[100.6933331,14.1817468],[100.671322,14.170179],[100.6715657,14.1720191],[100.6709738,14.1726608],[100.6715808,14.173053],[100.671351,14.1739175],[100.6715574,14.1787762],[100.6709066,14.1844934],[100.6710418,14.1854151],[100.6716633,14.1863802],[100.6711104,14.1868298],[100.6803095,14.1916578],[100.6732329,14.204717],[100.6800759,14.208348],[100.7316885,14.2325618],[100.7318064,14.1999688]]]}},{"type":"Feature","properties":{"id":"TH-LAO-6141107","nameTh":"วังจุฬา","type":"subdistrict_admin_org"},"geometry":{"type":"Polygon","coordinates":[[[100.776232,14.2537898],[100.7316885,14.2325618],[100.7318064,14.1999688],[100.7779936,14.2219348],[100.777945,14.2233772],[100.7773103,14.2232082],[100.777325,14.2240454],[100.7765337,14.2238167],[100.7767562,14.2376825],[100.7813965,14.2398469],[100.7750264,14.2527058],[100.7764263,14.2533538],[100.776232,14.2537898]]]}},{"type":"Feature","properties":{"id":"TH-LAO-6141102","nameTh":"ข้าวงาม","type":"subdistrict_admin_org"},"geometry":{"type":"Polygon","coordinates":[[[100.8231503,14.276177],[100.776232,14.2537898],[100.7764263,14.2533538],[100.7750264,14.2527058],[100.7813965,14.2398469],[100.7767562,14.2376825],[100.7765337,14.2238167],[100.777325,14.2240454],[100.7773103,14.2232082],[100.777945,14.2233772],[100.7779936,14.2219348],[100.8212008,14.2425134],[100.8218814,14.2431416],[100.8231256,14.2455593],[100.8231503,14.276177]]]}},{"type":"Feature","properties":{"id":"TH-LAO-6141109","nameTh":"สนับทึบ","type":"subdistrict_admin_org"},"geometry":{"type":"Polygon","coordinates":[[[100.8232286,14.330672],[100.8080585,14.3306812],[100.8080375,14.3259156],[100.8074854,14.325905],[100.8073849,14.3274445],[100.8065739,14.3275644],[100.8064353,14.3271707],[100.8043672,14.3272032],[100.8043807,14.3268592],[100.8029067,14.327258],[100.8028517,14.3270228],[100.8014365,14.327174],[100.7991641,14.3268487],[100.7991261,14.3264767],[100.7980111,14.3266046],[100.7978702,14.3257541],[100.796933,14.3261238],[100.7962659,14.3248615],[100.7931737,14.3263188],[100.791144,14.3234312],[100.7882738,14.3246235],[100.7755045,14.3186186],[100.7818313,14.3055917],[100.7872948,14.3081962],[100.7939734,14.2948568],[100.7943589,14.2950413],[100.8008426,14.2820436],[100.7739414,14.2693026],[100.7804941,14.2562912],[100.7813033,14.256681],[100.7814718,14.2562958],[100.8231503,14.276177],[100.8232286,14.330672]]]}},{"type":"Feature","properties":{"id":"TH-LAO-6141110","nameTh":"หันตะเภา","type":"subdistrict_admin_org"},"geometry":{"type":"Polygon","coordinates":[[[100.7316817,14.2652815],[100.7939734,14.2948568],[100.7872948,14.3081962],[100.7818313,14.3055917],[100.7755045,14.3186186],[100.7320757,14.2981114],[100.7315124,14.2970713],[100.7316817,14.2652815]]]}},{"type":"Feature","properties":{"id":"TH-LAO-6141408","nameTh":"เสนา","type":"subdistrict_admin_org"},"geometry":{"type":"Polygon","coordinates":[[[100.7088952,14.3849728],[100.7073788,14.3843793],[100.7058607,14.3830419],[100.7048486,14.3816599],[100.6987721,14.3799323],[100.6949719,14.3776091],[100.6943452,14.3784434],[100.6879057,14.3748203],[100.6876376,14.3762696],[100.6856377,14.3763514],[100.6855281,14.3775291],[100.6847441,14.3773667],[100.6847253,14.3779866],[100.6835318,14.3779082],[100.6834959,14.3790506],[100.685177,14.3796634],[100.6849696,14.3803068],[100.6840058,14.3802808],[100.6839924,14.3807128],[100.6829653,14.3807785],[100.682716,14.3805284],[100.681503,14.3805182],[100.6816131,14.3826143],[100.6812798,14.382627],[100.681253,14.382084],[100.6797002,14.3819993],[100.6781852,14.3820427],[100.6782238,14.3825133],[100.6771528,14.3827086],[100.6772238,14.3851228],[100.676021,14.3852406],[100.6753495,14.3878831],[100.6741995,14.3878495],[100.6739945,14.3887832],[100.6720459,14.3886162],[100.6720447,14.388213],[100.6698977,14.3878539],[100.6697941,14.3890823],[100.6710844,14.3894021],[100.6710599,14.3901081],[100.6693956,14.3901228],[100.6697094,14.3938482],[100.6693761,14.3949596],[100.6671355,14.3933043],[100.6665383,14.3944901],[100.6650072,14.3950871],[100.660136,14.3945513],[100.6603679,14.3927678],[100.6586406,14.3923967],[100.658529,14.3947306],[100.660215,14.3952155],[100.6597287,14.3981404],[100.6606176,14.4007559],[100.6618563,14.4008174],[100.6604354,14.4053208],[100.6613619,14.4052733],[100.6621856,14.4056144],[100.662293,14.4051558],[100.6630952,14.4052968],[100.6640211,14.404382],[100.6645893,14.4043834],[100.6640956,14.4069757],[100.6641387,14.4085574],[100.6658254,14.4088125],[100.6669076,14.4100305],[100.6710931,14.4112339],[100.6708689,14.4121255],[100.6728888,14.4123398],[100.6728534,14.4119722],[100.6734779,14.4118623],[100.6731329,14.4102895],[100.6733223,14.4092721],[100.674584,14.4092886],[100.6749719,14.4111584],[100.6752962,14.4116583],[100.6756025,14.4115481],[100.6757908,14.4125256],[100.6768297,14.4124918],[100.6765965,14.4105569],[100.6772137,14.4103265],[100.6767526,14.4081618],[100.6793418,14.4080151],[100.6791648,14.4072311],[100.6817018,14.4077325],[100.682483,14.4091643],[100.6823356,14.4094376],[100.6836158,14.4101972],[100.6839355,14.4096453],[100.6846839,14.4099823],[100.6849935,14.4090775],[100.6899034,14.4100141],[100.6904281,14.4083089],[100.6894217,14.4052402],[100.6931439,14.4058561],[100.6942731,14.4036063],[100.6920378,14.4024715],[100.6934242,14.3990633],[100.6975763,14.4005784],[100.6976836,14.4002235],[100.6987022,14.4004577],[100.698936,14.3989745],[100.6986707,14.3989132],[100.6990306,14.3976522],[100.6997766,14.3979953],[100.7014095,14.3951461],[100.7073159,14.3979397],[100.7069814,14.3994886],[100.710141,14.400281],[100.7099049,14.4006929],[100.7113366,14.4014384],[100.7124851,14.4009439],[100.7146986,14.4008],[100.7158306,14.4034576],[100.7163343,14.4032772],[100.7155437,14.4000143],[100.7179044,14.3990725],[100.7195296,14.4012353],[100.7216959,14.400239],[100.7217767,14.3994775],[100.725722,14.399699],[100.7260251,14.3987742],[100.7274421,14.3989353],[100.7275444,14.3986356],[100.730661,14.3990606],[100.7306057,14.4004195],[100.7328233,14.400435],[100.733442,14.4013494],[100.7352772,14.4003118],[100.7354504,14.3984],[100.736129,14.3983299],[100.73607,14.3976622],[100.7355818,14.3971296],[100.7354611,14.395615],[100.7340476,14.3956878],[100.7336909,14.392287],[100.7324758,14.3921674],[100.7326421,14.3912062],[100.7317543,14.3909905],[100.7317597,14.390393],[100.7304749,14.3902579],[100.7305902,14.3888445],[100.7249943,14.3877336],[100.7255502,14.3887158],[100.7252285,14.3904579],[100.7255041,14.3907345],[100.7254915,14.3935226],[100.7244587,14.3955527],[100.7236824,14.3952711],[100.7239478,14.39486],[100.7192422,14.3923745],[100.7174994,14.3917592],[100.7170165,14.3927069],[100.7118588,14.3876694],[100.7110689,14.3865236],[100.7088952,14.3849728]]]}},{"type":"Feature","properties":{"id":"TH-LAO-6141406","nameTh":"โพสาวหาญ","type":"subdistrict_admin_org"},"geometry":{"type":"Polygon","coordinates":[[[100.7931956,14.364168],[100.7921925,14.3649046],[100.7913691,14.3641173],[100.7905725,14.3644057],[100.7899851,14.3651359],[100.7874691,14.3659569],[100.7867836,14.3672119],[100.7851899,14.3677779],[100.7846015,14.3672995],[100.7832313,14.3676511],[100.7827454,14.3664069],[100.7817343,14.3668953],[100.7812246,14.3653667],[100.7800944,14.364733],[100.7779642,14.36438],[100.7777065,14.3621821],[100.7763004,14.3620519],[100.77632,14.3624263],[100.7756114,14.3627764],[100.7745927,14.362837],[100.7744741,14.3615819],[100.7697673,14.3589596],[100.769245,14.3567624],[100.7683898,14.3563189],[100.7641578,14.3558635],[100.764103,14.3533396],[100.7607713,14.3530183],[100.7571024,14.3516795],[100.757707,14.3512656],[100.7578737,14.350241],[100.7573353,14.3500964],[100.7575326,14.3471978],[100.7580088,14.3458583],[100.756914,14.3420536],[100.7568056,14.3392708],[100.7564196,14.3385273],[100.7551266,14.3387227],[100.7551366,14.3393568],[100.7538966,14.3394752],[100.7539842,14.3399734],[100.7520012,14.3401679],[100.7503325,14.3409227],[100.7492427,14.3372408],[100.7475752,14.3373355],[100.7472853,14.3362069],[100.74476,14.3372831],[100.7442519,14.3315587],[100.7448965,14.3316764],[100.7456811,14.3275256],[100.7398205,14.3265458],[100.7398143,14.3262224],[100.7383097,14.3256099],[100.7385688,14.3240337],[100.7401618,14.3241955],[100.7406425,14.3218985],[100.7415082,14.3219791],[100.7416785,14.3188883],[100.7422096,14.3191118],[100.7421171,14.3027675],[100.7838823,14.3225333],[100.7834512,14.3234155],[100.7828469,14.3231567],[100.7779411,14.3328945],[100.7764847,14.3322795],[100.7751862,14.334851],[100.7733366,14.3360689],[100.7732933,14.3369528],[100.7765257,14.3375631],[100.7775265,14.3385839],[100.7812341,14.3409766],[100.7806213,14.343304],[100.7812464,14.3466348],[100.7820185,14.3481904],[100.7836977,14.3491997],[100.783258,14.354885],[100.7884061,14.3570428],[100.7907302,14.3622374],[100.7919512,14.3635113],[100.7931956,14.364168]]]}},{"type":"Feature","properties":{"id":"TH-LAO-6141410","nameTh":"หนองไม้ซุง","type":"subdistrict_admin_org"},"geometry":{"type":"Polygon","coordinates":[[[100.7466206,14.4084324],[100.7449612,14.4057159],[100.7445458,14.406225],[100.7435292,14.4060665],[100.7417965,14.4046247],[100.7392108,14.4016371],[100.7390059,14.4006069],[100.7379752,14.4001216],[100.7352772,14.4003118],[100.7354504,14.3984],[100.736129,14.3983299],[100.73607,14.3976622],[100.7355818,14.3971296],[100.7354611,14.395615],[100.7340476,14.3956878],[100.7336909,14.392287],[100.7324758,14.3921674],[100.7326421,14.3912062],[100.7317543,14.3909905],[100.7317597,14.390393],[100.7304749,14.3902579],[100.7305902,14.3888445],[100.7249943,14.3877336],[100.7247513,14.3868454],[100.7251354,14.3847187],[100.7234749,14.3840245],[100.7234304,14.3824208],[100.7242476,14.3808099],[100.7259929,14.3815932],[100.7260922,14.381258],[100.7269978,14.3813213],[100.7273391,14.3808755],[100.7274789,14.3784962],[100.7270685,14.3783741],[100.7272255,14.377122],[100.7282018,14.3776036],[100.7285866,14.3758304],[100.7306492,14.3756044],[100.7309067,14.3740039],[100.732677,14.3743702],[100.7328835,14.3732841],[100.732664,14.3731957],[100.7332356,14.3721033],[100.7321851,14.3711177],[100.7309121,14.368033],[100.7307512,14.366752],[100.7325456,14.366435],[100.7325348,14.3656945],[100.7324597,14.365271],[100.7315183,14.3653126],[100.731146,14.3638123],[100.7323229,14.3634651],[100.7360244,14.3610642],[100.7369685,14.3608875],[100.7403695,14.3613449],[100.7413244,14.3619997],[100.7436179,14.3627614],[100.7438911,14.3607389],[100.7435147,14.3583716],[100.7459581,14.3582062],[100.7458537,14.3563954],[100.7463207,14.3561696],[100.7503758,14.3558966],[100.7499785,14.3549982],[100.7500143,14.3535139],[100.7522679,14.3537923],[100.7526244,14.3506816],[100.7544086,14.3508432],[100.7607713,14.3530183],[100.764103,14.3533396],[100.7641578,14.3558635],[100.7683898,14.3563189],[100.769245,14.3567624],[100.7697673,14.3589596],[100.7744741,14.3615819],[100.7745927,14.362837],[100.772733,14.3626157],[100.7705389,14.3618762],[100.7706504,14.3649893],[100.76691,14.3655282],[100.7666321,14.3639274],[100.7645567,14.3637307],[100.7645686,14.362899],[100.7624466,14.3631261],[100.7620018,14.363368],[100.7618317,14.3642616],[100.762251,14.3643174],[100.7617754,14.3656612],[100.7619772,14.3682808],[100.7643089,14.3687519],[100.7643753,14.3693279],[100.7612407,14.3692662],[100.7588831,14.3696984],[100.7587748,14.3711016],[100.7574182,14.370598],[100.7572071,14.3713206],[100.7582009,14.3718837],[100.7585657,14.37258],[100.758453,14.3766177],[100.7587373,14.3775998],[100.7590887,14.3778414],[100.7582042,14.3782893],[100.7578451,14.3799872],[100.757887,14.3804319],[100.7582253,14.3803739],[100.7585856,14.3811469],[100.7589767,14.3831753],[100.7574305,14.3835085],[100.7535869,14.3831644],[100.7531449,14.3848528],[100.7533767,14.3849618],[100.7520372,14.3878937],[100.7498699,14.3880547],[100.7502596,14.390071],[100.7510363,14.3907206],[100.7515048,14.3926625],[100.7518505,14.3926542],[100.7522049,14.3948272],[100.7532354,14.3963865],[100.7548361,14.3958958],[100.7554752,14.3984677],[100.7518575,14.3995354],[100.7519704,14.4001729],[100.7494714,14.3998559],[100.7492995,14.4016573],[100.7484827,14.401577],[100.7482635,14.4012813],[100.7478796,14.4015104],[100.7471132,14.4028425],[100.7469628,14.4038624],[100.7480482,14.4062917],[100.7472432,14.4065478],[100.7478423,14.4080488],[100.7466206,14.4084324]]]}},{"type":"Feature","properties":{"id":"TH-LAO-6141405","nameTh":"บ้านหีบ","type":"subdistrict_admin_org"},"geometry":{"type":"Polygon","coordinates":[[[100.7088952,14.3849728],[100.7073788,14.3843793],[100.7058607,14.3830419],[100.7048486,14.3816599],[100.6987721,14.3799323],[100.6949719,14.3776091],[100.6943452,14.3784434],[100.6904806,14.3764757],[100.6889033,14.3751783],[100.6854063,14.3743],[100.685154,14.3691201],[100.6861501,14.3691332],[100.6864795,14.366807],[100.686366,14.3662947],[100.6850539,14.3663578],[100.684757,14.3629106],[100.6843975,14.3629167],[100.6835786,14.357212],[100.6854329,14.3567375],[100.686189,14.3568308],[100.6915808,14.3582709],[100.693604,14.3575317],[100.6978498,14.3540071],[100.7023328,14.3517171],[100.7054079,14.3505613],[100.7090387,14.3497071],[100.7096463,14.3496496],[100.7134476,14.3510279],[100.7177157,14.3514371],[100.7210279,14.3521981],[100.7213902,14.3525777],[100.7227206,14.3582372],[100.7249415,14.3616463],[100.7269692,14.3635275],[100.7286429,14.3631014],[100.730381,14.3638601],[100.731146,14.3638123],[100.7315183,14.3653126],[100.7324597,14.365271],[100.7325456,14.366435],[100.7307512,14.366752],[100.7308208,14.3675081],[100.7321851,14.3711177],[100.7332356,14.3721033],[100.732664,14.3731957],[100.7328835,14.3732841],[100.732677,14.3743702],[100.7309067,14.3740039],[100.7306492,14.3756044],[100.7285866,14.3758304],[100.7282018,14.3776036],[100.7272255,14.377122],[100.7270685,14.3783741],[100.7274789,14.3784962],[100.7273391,14.3808755],[100.7269978,14.3813213],[100.7260922,14.381258],[100.7259929,14.3815932],[100.7242476,14.3808099],[100.7239976,14.381563],[100.7237174,14.3814861],[100.7233441,14.3838052],[100.7251354,14.3847187],[100.7247513,14.3868454],[100.7255502,14.3887158],[100.7252285,14.3904579],[100.7255041,14.3907345],[100.7254915,14.3935226],[100.7244587,14.3955527],[100.7236824,14.3952711],[100.7239478,14.39486],[100.7192422,14.3923745],[100.7174994,14.3917592],[100.7170165,14.3927069],[100.7118588,14.3876694],[100.7110689,14.3865236],[100.7088952,14.3849728]]]}},{"type":"Feature","properties":{"id":"TH-LAO-6141407","nameTh":"สามบัณฑิต","type":"subdistrict_admin_org"},"geometry":{"type":"Polygon","coordinates":[[[100.6795455,14.3582763],[100.6781715,14.3566384],[100.6825841,14.355197],[100.6823933,14.351785],[100.6833592,14.351819],[100.6832121,14.3532403],[100.6837967,14.3534745],[100.6840416,14.3498927],[100.68588,14.3501017],[100.6859465,14.3497685],[100.6874043,14.349738],[100.6873226,14.3503484],[100.6884835,14.3504626],[100.688639,14.3498556],[100.6897579,14.3500021],[100.6896809,14.345525],[100.6908008,14.3453901],[100.690991,14.3435882],[100.6914297,14.3436116],[100.6917663,14.3390967],[100.6955687,14.3400768],[100.695605,14.3398492],[100.6964426,14.3399654],[100.6974366,14.3375118],[100.6975469,14.3360722],[100.7053773,14.336653],[100.7055392,14.3345567],[100.710361,14.3350892],[100.7103851,14.3346338],[100.7147152,14.3348106],[100.7148299,14.3324615],[100.7175815,14.3327035],[100.7181963,14.3309313],[100.7186839,14.3310933],[100.7205726,14.3252904],[100.7235199,14.3257493],[100.7253438,14.3256661],[100.7289272,14.3283741],[100.7300377,14.3286911],[100.7301933,14.3271734],[100.73412,14.3276776],[100.7344204,14.3243979],[100.7388939,14.3257514],[100.7398143,14.3262224],[100.7398205,14.3265458],[100.7456811,14.3275256],[100.7448965,14.3316764],[100.7442519,14.3315587],[100.74476,14.3372831],[100.7472853,14.3362069],[100.7475752,14.3373355],[100.7492427,14.3372408],[100.7503325,14.3409227],[100.7520012,14.3401679],[100.7539842,14.3399734],[100.7538966,14.3394752],[100.7551366,14.3393568],[100.7551266,14.3387227],[100.7564196,14.3385273],[100.7568056,14.3392708],[100.7567956,14.3414936],[100.7580088,14.3458583],[100.7575326,14.3471978],[100.7573353,14.3500964],[100.7578737,14.350241],[100.757707,14.3512656],[100.7571024,14.3516795],[100.7554445,14.3510569],[100.7526244,14.3506816],[100.7522679,14.3537923],[100.7500143,14.3535139],[100.7499785,14.3549982],[100.7503758,14.3558966],[100.7463207,14.3561696],[100.7458537,14.3563954],[100.7459581,14.3582062],[100.7435147,14.3583716],[100.7438911,14.3607389],[100.7436179,14.3627614],[100.7413244,14.3619997],[100.7403695,14.3613449],[100.7369685,14.3608875],[100.7360244,14.3610642],[100.7323229,14.3634651],[100.731146,14.3638123],[100.730381,14.3638601],[100.7286429,14.3631014],[100.7269692,14.3635275],[100.7249415,14.3616463],[100.7227206,14.3582372],[100.7216477,14.3529467],[100.7210279,14.3521981],[100.7157372,14.3511141],[100.7134476,14.3510279],[100.7096463,14.3496496],[100.7054079,14.3505613],[100.7023328,14.3517171],[100.6978498,14.3540071],[100.693604,14.3575317],[100.6915808,14.3582709],[100.6854329,14.3567375],[100.6804737,14.3576311],[100.6795455,14.3582763]]]}},{"type":"Feature","properties":{"id":"TH-LAO-6141409","nameTh":"หนองน้ำส้ม","type":"subdistrict_admin_org"},"geometry":{"type":"Polygon","coordinates":[[[100.7421171,14.3027675],[100.7322274,14.2981506],[100.7238043,14.3103794],[100.716691,14.3069383],[100.7166507,14.3040456],[100.7161184,14.3035362],[100.7137031,14.3046875],[100.7136601,14.3061638],[100.7058567,14.3059473],[100.7054469,14.3067808],[100.697422,14.3064913],[100.692594,14.3084143],[100.6931359,14.3092566],[100.6936079,14.309319],[100.6934415,14.3101613],[100.693911,14.3103092],[100.6938279,14.3106211],[100.6927945,14.3105484],[100.692932,14.3100155],[100.6922427,14.3096075],[100.6917894,14.3102962],[100.6918323,14.3118816],[100.6926638,14.3120012],[100.6922024,14.3131759],[100.6922561,14.3146209],[100.687893,14.3154457],[100.6833445,14.3169888],[100.6823815,14.3169885],[100.6822938,14.3178711],[100.6846921,14.3177589],[100.6850161,14.3203093],[100.6853977,14.3203047],[100.6854245,14.3208427],[100.686484,14.3207805],[100.6862723,14.322811],[100.6865926,14.32278],[100.6874118,14.3249326],[100.6887017,14.3242243],[100.691143,14.3239015],[100.6911189,14.3243693],[100.6926019,14.3244479],[100.6924899,14.326359],[100.6947684,14.3266642],[100.6946379,14.32785],[100.6964189,14.3274826],[100.6962009,14.330292],[100.6989186,14.3309214],[100.6985283,14.3353513],[100.6991478,14.3355036],[100.6991118,14.3361858],[100.7053773,14.336653],[100.7055392,14.3345567],[100.710361,14.3350892],[100.7103851,14.3346338],[100.7147152,14.3348106],[100.7148299,14.3324615],[100.7175815,14.3327035],[100.7181963,14.3309313],[100.7186839,14.3310933],[100.7205726,14.3252904],[100.7235199,14.3257493],[100.7253438,14.3256661],[100.7289272,14.3283741],[100.7300377,14.3286911],[100.7301933,14.3271734],[100.73412,14.3276776],[100.7344204,14.3243979],[100.7383097,14.3256099],[100.7385688,14.3240337],[100.7401618,14.3241955],[100.7406425,14.3218985],[100.7415082,14.3219791],[100.7416785,14.3188883],[100.7422096,14.3191118],[100.7421171,14.3027675]]]}},{"type":"Feature","properties":{"id":"TH-LAO-6141412","nameTh":"บ้านช้าง","type":"subdistrict_admin_org"},"geometry":{"type":"Polygon","coordinates":[[[100.6991118,14.3361858],[100.6975469,14.3360722],[100.6974366,14.3375118],[100.6964426,14.3399654],[100.695605,14.3398492],[100.6955687,14.3400768],[100.6923075,14.3391402],[100.6918149,14.3380317],[100.6910104,14.3380276],[100.688957,14.3365768],[100.6853047,14.3354118],[100.6852823,14.3360819],[100.6838489,14.335759],[100.6838701,14.3371686],[100.6826114,14.337215],[100.6825358,14.3380153],[100.6808822,14.338226],[100.6810029,14.3389248],[100.6789538,14.3383867],[100.6789068,14.339125],[100.6781424,14.3390403],[100.6780976,14.3384844],[100.6776139,14.338852],[100.6780822,14.3409165],[100.6759455,14.3400821],[100.6766868,14.3381708],[100.6754547,14.3366224],[100.6763694,14.335609],[100.6747091,14.3345356],[100.6748336,14.3336501],[100.6744152,14.3336905],[100.6742262,14.3321578],[100.6704873,14.33261],[100.6698999,14.3273241],[100.6679231,14.327545],[100.6669574,14.3193302],[100.6678963,14.3191144],[100.666956,14.3133957],[100.6677627,14.3131073],[100.667502,14.3125521],[100.6678108,14.312329],[100.6686674,14.3127339],[100.6698604,14.3118437],[100.6702942,14.3122195],[100.6708314,14.3118957],[100.6728005,14.3117469],[100.6731545,14.3103472],[100.6753991,14.3099332],[100.6753425,14.3087929],[100.6786949,14.3091131],[100.6781925,14.3074127],[100.6797101,14.3075079],[100.6799087,14.3055667],[100.6810512,14.3056219],[100.6810889,14.3013915],[100.6836623,14.3011028],[100.684252,14.3023327],[100.6843577,14.3033953],[100.6831631,14.3045523],[100.6829147,14.3079539],[100.6856257,14.3064081],[100.6877232,14.3066602],[100.6896331,14.3074934],[100.6898743,14.3071436],[100.6908587,14.3070371],[100.6915748,14.3074191],[100.6913897,14.3077934],[100.692594,14.3084143],[100.6931359,14.3092566],[100.6936079,14.309319],[100.6934415,14.3101613],[100.693911,14.3103092],[100.6938279,14.3106211],[100.6927945,14.3105484],[100.692932,14.3100155],[100.6922427,14.3096075],[100.6917894,14.3102962],[100.6918323,14.3118816],[100.6926638,14.3120012],[100.6922024,14.3131759],[100.6922561,14.3146209],[100.687893,14.3154457],[100.6833445,14.3169888],[100.6823815,14.3169885],[100.6822938,14.3178711],[100.6846921,14.3177589],[100.6850161,14.3203093],[100.6853977,14.3203047],[100.6854245,14.3208427],[100.686484,14.3207805],[100.6862723,14.322811],[100.6865926,14.32278],[100.6874118,14.3249326],[100.6887017,14.3242243],[100.691143,14.3239015],[100.6911189,14.3243693],[100.6926019,14.3244479],[100.6924899,14.326359],[100.6947684,14.3266642],[100.6946379,14.32785],[100.6964189,14.3274826],[100.6962009,14.330292],[100.6989186,14.3309214],[100.6985283,14.3353513],[100.6991478,14.3355036],[100.6991118,14.3361858]]]}},{"type":"Feature","properties":{"id":"TH-LAO-6141402","nameTh":"ข้าวเม่า","type":"subdistrict_admin_org"},"geometry":{"type":"Polygon","coordinates":[[[100.6150315,14.3598233],[100.6163272,14.366759],[100.6161226,14.370461],[100.6149253,14.3725602],[100.613741,14.3763976],[100.6133972,14.3804155],[100.6136757,14.3820356],[100.6143718,14.3835556],[100.6161951,14.3863083],[100.6169563,14.3866583],[100.6167762,14.3873823],[100.6158613,14.3880261],[100.6154952,14.3887467],[100.6147699,14.3911344],[100.6149187,14.392142],[100.6146434,14.393189],[100.6461102,14.4095411],[100.6568236,14.4144034],[100.6574303,14.4123299],[100.6584523,14.4110621],[100.6589864,14.4089568],[100.6587128,14.4052397],[100.6597692,14.4047234],[100.6605095,14.4048221],[100.6618563,14.4008174],[100.6606176,14.4007559],[100.6597287,14.3981404],[100.660215,14.3952155],[100.658529,14.3947306],[100.6585842,14.3930456],[100.6566384,14.3930267],[100.6562437,14.3928109],[100.6565466,14.3923207],[100.6550241,14.3919921],[100.6547011,14.3914904],[100.6546092,14.3894813],[100.6539566,14.3895311],[100.6538804,14.3887809],[100.6531483,14.3883252],[100.6533634,14.3872076],[100.6529092,14.3842619],[100.6534364,14.384137],[100.6534747,14.3836287],[100.6515971,14.3837115],[100.6514341,14.3831324],[100.6481773,14.3830022],[100.6484839,14.380886],[100.6480869,14.3808366],[100.6483115,14.3794108],[100.6418822,14.3787129],[100.6416168,14.3785983],[100.641689,14.3781763],[100.6412882,14.3780687],[100.6415659,14.3765494],[100.6411117,14.3764358],[100.6439388,14.361996],[100.6399953,14.3611369],[100.6371868,14.3610878],[100.6348496,14.3617457],[100.6329592,14.3608521],[100.6282603,14.3603513],[100.6265663,14.3595951],[100.6207038,14.3596442],[100.617252,14.3592367],[100.6152915,14.358681],[100.612421,14.3592199],[100.6099575,14.3578984],[100.6057051,14.3571526],[100.6059547,14.3583268],[100.6063029,14.3585964],[100.6064908,14.3583528],[100.6095613,14.3587411],[100.6099552,14.3588764],[100.6101818,14.3594857],[100.6114532,14.3597351],[100.6120324,14.3597196],[100.6121794,14.3594228],[100.6150315,14.3598233]]]}},{"type":"Feature","properties":{"id":"TH-LAO-6141404","nameTh":"ธนู","type":"subdistrict_admin_org"},"geometry":{"type":"Polygon","coordinates":[[[100.6189728,14.3467876],[100.6195524,14.3468363],[100.6219983,14.3449408],[100.6230361,14.3430269],[100.6246231,14.3428538],[100.6249426,14.3409038],[100.6243749,14.3395851],[100.6254957,14.3384211],[100.6258139,14.3367212],[100.6275921,14.3358557],[100.6294082,14.3365461],[100.6298921,14.3359071],[100.6297402,14.3347605],[100.6320879,14.3336387],[100.6325789,14.3336778],[100.6324562,14.3350164],[100.6336766,14.3364249],[100.6352591,14.337454],[100.6357098,14.3384415],[100.6393763,14.3409959],[100.6434669,14.3367534],[100.6451765,14.3373669],[100.6451677,14.3391925],[100.644869,14.339625],[100.6442455,14.3434881],[100.6426479,14.3432176],[100.6421206,14.3459997],[100.6424349,14.3460341],[100.6421836,14.3476004],[100.6424501,14.3476516],[100.6417347,14.3514642],[100.6422483,14.3515328],[100.6413174,14.3562899],[100.6440407,14.3566469],[100.6437376,14.3604848],[100.6451642,14.3606582],[100.6449236,14.36221],[100.6399953,14.3611369],[100.6371868,14.3610878],[100.6348496,14.3617457],[100.6329592,14.3608521],[100.6282603,14.3603513],[100.6265663,14.3595951],[100.6207038,14.3596442],[100.617252,14.3592367],[100.6152915,14.358681],[100.612421,14.3592199],[100.6099575,14.3578984],[100.6061346,14.357318],[100.6045825,14.3569267],[100.6041223,14.3564739],[100.6053355,14.3543765],[100.6049929,14.3531274],[100.6042126,14.3526011],[100.6036828,14.3513604],[100.6035823,14.3501014],[100.6031719,14.3493192],[100.6034991,14.3480459],[100.6031987,14.3460736],[100.602338,14.3448838],[100.6028981,14.3436312],[100.6033757,14.3406404],[100.6066632,14.3405295],[100.6076853,14.3400679],[100.6079695,14.3406849],[100.6080106,14.3432905],[100.6094205,14.3443971],[100.6103756,14.3440259],[100.6117674,14.345878],[100.6136135,14.3456121],[100.6160749,14.346172],[100.6180171,14.3456343],[100.61863,14.3458845],[100.6189728,14.3467876]]]}},{"type":"Feature","properties":{"id":"TH-LAO-6141403","nameTh":"คานหาม","type":"subdistrict_admin_org"},"geometry":{"type":"Polygon","coordinates":[[[100.650478,14.3356063],[100.6502044,14.3337378],[100.6493676,14.3334884],[100.6448024,14.3349073],[100.6431824,14.3371733],[100.6393763,14.3409959],[100.6357098,14.3384415],[100.6352591,14.337454],[100.6325769,14.3352815],[100.6324848,14.3335996],[100.6297402,14.3347605],[100.6299093,14.3356402],[100.6296708,14.3364127],[100.6275921,14.3358557],[100.6258139,14.3367212],[100.6255881,14.3375454],[100.6211467,14.3370993],[100.6189915,14.337402],[100.6173688,14.3371759],[100.6178811,14.3348371],[100.6184846,14.3336364],[100.617798,14.3334467],[100.6192054,14.3289243],[100.6182902,14.3286576],[100.6189222,14.3264733],[100.6191874,14.3262222],[100.6199225,14.3267336],[100.6206359,14.3239342],[100.621442,14.3240378],[100.6215423,14.3237092],[100.622631,14.3239552],[100.6233844,14.3209296],[100.6250402,14.3214108],[100.6251223,14.3199389],[100.6270293,14.3201659],[100.6269895,14.3209994],[100.6287528,14.3206867],[100.6288348,14.3191006],[100.6292069,14.3191453],[100.6298706,14.3165415],[100.6309985,14.3166519],[100.6310588,14.316344],[100.6357252,14.3173341],[100.636214,14.3168508],[100.6370603,14.3174706],[100.6396025,14.3146842],[100.6412071,14.3148385],[100.6411711,14.3152237],[100.6421069,14.315398],[100.6420916,14.3150385],[100.6438312,14.3144806],[100.6438243,14.314013],[100.6450776,14.3140562],[100.6449877,14.31334],[100.6453002,14.313287],[100.6452924,14.3127845],[100.6469303,14.3127234],[100.6464216,14.3106651],[100.645956,14.3105094],[100.6460291,14.3085013],[100.6467685,14.3090955],[100.6484483,14.3089241],[100.650142,14.3083122],[100.6499818,14.3078714],[100.6506161,14.3076193],[100.6508562,14.3079493],[100.6505504,14.3082924],[100.6507221,14.3100077],[100.6520042,14.310291],[100.6519425,14.3109148],[100.6537235,14.3109512],[100.653753,14.3127393],[100.6533828,14.3126535],[100.6533238,14.3136463],[100.654512,14.3139062],[100.6553703,14.3154551],[100.6567651,14.3151589],[100.6568912,14.3157488],[100.6583047,14.3154577],[100.6586426,14.3179943],[100.6596002,14.3180774],[100.6596592,14.317633],[100.6603217,14.3176928],[100.6603727,14.3172978],[100.6625694,14.3175161],[100.6626767,14.3182698],[100.665772,14.3177396],[100.6656298,14.3165909],[100.6673571,14.3159307],[100.6678963,14.3191144],[100.6669574,14.3193302],[100.6679231,14.327545],[100.665089,14.327868],[100.6654081,14.3305896],[100.6647397,14.3304053],[100.6644626,14.3316579],[100.6648756,14.3318002],[100.6636619,14.3346047],[100.6633982,14.3345175],[100.6631359,14.3353996],[100.6614484,14.33572],[100.6605819,14.3385558],[100.6599355,14.338352],[100.6593364,14.3398443],[100.6586064,14.3397694],[100.6584067,14.340593],[100.6586984,14.3412157],[100.6579513,14.3415945],[100.6579211,14.3423004],[100.658353,14.3428955],[100.6580757,14.3433394],[100.6542999,14.3434576],[100.6537063,14.3432979],[100.6538469,14.3425564],[100.6535594,14.34225],[100.6514289,14.3419696],[100.651324,14.3424351],[100.6506401,14.3423506],[100.6505699,14.3429014],[100.6498548,14.342796],[100.6507325,14.3388403],[100.6496141,14.338548],[100.6495806,14.3376835],[100.6501347,14.3377424],[100.650478,14.3356063]]]}},{"type":"Feature","properties":{"id":"TH-LAO-6140610","nameTh":"เกาะเกิด","type":"subdistrict_admin_org"},"geometry":{"type":"Polygon","coordinates":[[[100.5649584,14.2086842],[100.5669944,14.2070339],[100.5633516,14.2012906],[100.5600127,14.1970338],[100.5539759,14.1946017],[100.5482234,14.1927619],[100.5446259,14.1922883],[100.5417162,14.192461],[100.5335564,14.1951565],[100.5347489,14.1989256],[100.5325756,14.2000002],[100.5332396,14.2009132],[100.5332323,14.2022538],[100.5344996,14.2029652],[100.5355068,14.2053765],[100.5337131,14.2057812],[100.5338731,14.2062732],[100.5334933,14.2064247],[100.5328578,14.2062869],[100.5327277,14.2083976],[100.5335881,14.2079491],[100.5339121,14.208429],[100.534288,14.2082484],[100.5357058,14.2112728],[100.5344755,14.21215],[100.5352453,14.2143337],[100.5351504,14.2150565],[100.5348108,14.2151797],[100.5360104,14.2183135],[100.5356001,14.2184829],[100.5361783,14.220083],[100.5354863,14.2202754],[100.5360603,14.2217158],[100.5420202,14.2211698],[100.5436134,14.2173608],[100.5469716,14.217171],[100.5491871,14.2165314],[100.5506784,14.2156993],[100.5536878,14.2155381],[100.5605596,14.2164482],[100.5623889,14.2161362],[100.5634028,14.2152105],[100.565511,14.212184],[100.5656558,14.211274],[100.5649584,14.2086842]]]}},{"type":"Feature","properties":{"id":"TH-LAO-6140614","nameTh":"บ้านพลับ","type":"subdistrict_admin_org"},"geometry":{"type":"Polygon","coordinates":[[[100.5649584,14.2086842],[100.5669944,14.2070339],[100.5682254,14.2091835],[100.5706892,14.2154317],[100.5739107,14.2292882],[100.5716076,14.2290581],[100.5713207,14.2279272],[100.56925,14.2288163],[100.567528,14.2289021],[100.5674885,14.2278235],[100.5624264,14.2269808],[100.5623835,14.2276412],[100.5629387,14.2276795],[100.5631533,14.2290737],[100.5608673,14.2287577],[100.5598918,14.2306507],[100.555855,14.2301553],[100.5557746,14.2304465],[100.5533309,14.2302612],[100.5534118,14.2306565],[100.5508321,14.2309287],[100.5507715,14.2302986],[100.5496098,14.2304197],[100.549707,14.2308339],[100.5478205,14.2309378],[100.547837,14.2306478],[100.5459845,14.2307065],[100.5458893,14.2299213],[100.5441016,14.2302125],[100.5440533,14.2289281],[100.5404592,14.2281482],[100.5405557,14.2275606],[100.5363733,14.2265004],[100.534886,14.2221745],[100.5372834,14.2215078],[100.5420202,14.2211698],[100.5436134,14.2173608],[100.5469716,14.217171],[100.5491871,14.2165314],[100.5506784,14.2156993],[100.5515581,14.2156213],[100.5544066,14.2156057],[100.5599266,14.2164222],[100.5623889,14.2161362],[100.5634028,14.2152105],[100.565511,14.212184],[100.5656558,14.211274],[100.5649584,14.2086842]]]}},{"type":"Feature","properties":{"id":"TH-LAO-6140613","nameTh":"บ้านแป้ง","type":"subdistrict_admin_org"},"geometry":{"type":"Polygon","coordinates":[[[100.5814369,14.2533707],[100.5799414,14.2452369],[100.5759952,14.2364643],[100.5739107,14.2292882],[100.5716076,14.2290581],[100.5713207,14.2279272],[100.56925,14.2288163],[100.5680449,14.2289843],[100.567528,14.2289021],[100.5674885,14.2278235],[100.5624264,14.2269808],[100.5623835,14.2276412],[100.5629387,14.2276795],[100.5631533,14.2290737],[100.5608673,14.2287577],[100.5598918,14.2306507],[100.555855,14.2301553],[100.5557746,14.2304465],[100.5533309,14.2302612],[100.5534118,14.2306565],[100.5508321,14.2309287],[100.5507715,14.2302986],[100.5496098,14.2304197],[100.549707,14.2308339],[100.5478205,14.2309378],[100.547837,14.2306478],[100.5459845,14.2307065],[100.5458893,14.2299213],[100.5441016,14.2302125],[100.5440533,14.2289281],[100.5404592,14.2281482],[100.5405557,14.2275606],[100.5363733,14.2265004],[100.5327049,14.2265856],[100.532225,14.2267181],[100.533132,14.2299992],[100.5318777,14.2304722],[100.5321223,14.2312411],[100.5303347,14.2316256],[100.5305192,14.2323016],[100.5286612,14.2323353],[100.5279346,14.2326393],[100.5283349,14.2333878],[100.526783,14.2337822],[100.5269674,14.2346939],[100.5276769,14.2349656],[100.527692,14.2353854],[100.5275946,14.2361151],[100.5272652,14.2360662],[100.5264312,14.2401335],[100.5296445,14.2405339],[100.53267,14.2415218],[100.5342686,14.2416414],[100.5516386,14.2454579],[100.5530451,14.2462481],[100.5530022,14.2480685],[100.5556915,14.2490508],[100.5627859,14.2497006],[100.5786846,14.2535702],[100.5814369,14.2533707]]]}},{"type":"Feature","properties":{"id":"TH-LAO-6140617","nameTh":"วัดยม","type":"subdistrict_admin_org"},"geometry":{"type":"Polygon","coordinates":[[[100.5786846,14.2535702],[100.5627859,14.2497006],[100.5556915,14.2490508],[100.5530022,14.2480685],[100.5530451,14.2462481],[100.5516386,14.2454579],[100.5342686,14.2416414],[100.53267,14.2415218],[100.5296445,14.2405339],[100.5264312,14.2401335],[100.5257978,14.241289],[100.5256534,14.2427905],[100.5247981,14.2426179],[100.5238858,14.2468409],[100.5254527,14.2477307],[100.5299251,14.2474989],[100.5327745,14.2485513],[100.5339682,14.2485567],[100.5340192,14.2481173],[100.5352094,14.2480783],[100.5366316,14.2482714],[100.5365807,14.2485749],[100.5375087,14.2488427],[100.5376123,14.2481711],[100.540844,14.2487558],[100.5410031,14.2497749],[100.5425528,14.2501561],[100.5418609,14.2519731],[100.5403623,14.2516809],[100.5402884,14.2519924],[100.5399509,14.2519649],[100.5398159,14.2526654],[100.5428731,14.2534545],[100.5429411,14.2530631],[100.5432309,14.2531565],[100.5435951,14.2518495],[100.5448054,14.2521163],[100.5444595,14.2534754],[100.54669,14.2541586],[100.5465397,14.2550401],[100.5469485,14.2551418],[100.5468686,14.2558266],[100.5475318,14.2560206],[100.5472306,14.2578919],[100.5468559,14.2585249],[100.5463851,14.2583979],[100.5461293,14.2599223],[100.54579,14.2597887],[100.5456784,14.2602349],[100.5501605,14.2616022],[100.5500131,14.2621971],[100.5518236,14.2629951],[100.5516548,14.263644],[100.5555485,14.2649068],[100.5591059,14.2664887],[100.5731901,14.2706426],[100.5746064,14.2716122],[100.5747056,14.2723739],[100.5755827,14.2725064],[100.5765064,14.2725374],[100.5764758,14.2715472],[100.577141,14.2696445],[100.5798554,14.2646223],[100.5815184,14.2623347],[100.5827399,14.2591765],[100.5814369,14.2533707],[100.5786846,14.2535702]]]}},{"type":"Feature","properties":{"id":"TH-LAO-5140601","nameTh":"ตลาดเกรียบ","type":"subdistrict_municipality"},"geometry":{"type":"Polygon","coordinates":[[[100.5734827,14.2707565],[100.5575395,14.2659532],[100.5555485,14.2649068],[100.5516548,14.263644],[100.5518236,14.2629951],[100.5500131,14.2621971],[100.5501605,14.2616022],[100.5456784,14.2602349],[100.54579,14.2597887],[100.5461293,14.2599223],[100.5463851,14.2583979],[100.5468559,14.2585249],[100.5472306,14.2578919],[100.5475318,14.2560206],[100.5468686,14.2558266],[100.5469485,14.2551418],[100.5465397,14.2550401],[100.54669,14.2541586],[100.5444595,14.2534754],[100.5448054,14.2521163],[100.5435951,14.2518495],[100.5432309,14.2531565],[100.5429411,14.2530631],[100.5428731,14.2534545],[100.5398159,14.2526654],[100.5399509,14.2519649],[100.5402884,14.2519924],[100.5403623,14.2516809],[100.5418609,14.2519731],[100.5425528,14.2501561],[100.5410031,14.2497749],[100.540844,14.2487558],[100.5376123,14.2481711],[100.5375087,14.2488427],[100.5365807,14.2485749],[100.5366316,14.2482714],[100.5352094,14.2480783],[100.5340192,14.2481173],[100.5339682,14.2485567],[100.5327745,14.2485513],[100.5299251,14.2474989],[100.5254527,14.2477307],[100.5238858,14.2468409],[100.5237168,14.2474544],[100.5220592,14.2469189],[100.5214199,14.2502778],[100.5225307,14.2506817],[100.5224866,14.2510239],[100.5231299,14.2514546],[100.5207184,14.2538509],[100.5217465,14.2546675],[100.521318,14.2555772],[100.5190574,14.2542946],[100.5187531,14.2569698],[100.5242767,14.2579766],[100.5239909,14.259527],[100.5236889,14.2594156],[100.5234301,14.2603728],[100.5240087,14.2626466],[100.5239509,14.2641974],[100.5229307,14.2648071],[100.5232285,14.2654797],[100.5247468,14.2644923],[100.5250156,14.2646525],[100.525984,14.263936],[100.5270194,14.2637523],[100.528813,14.2653294],[100.5301568,14.265896],[100.5300012,14.2662339],[100.5361281,14.2689671],[100.5374335,14.2701228],[100.5385501,14.2704475],[100.5384877,14.2707128],[100.5413169,14.2726623],[100.5408926,14.2734062],[100.5445957,14.2753208],[100.544895,14.2745722],[100.5498405,14.2772954],[100.5497091,14.2775536],[100.5505375,14.2779929],[100.5503186,14.2787173],[100.5515137,14.2792584],[100.5518931,14.2783821],[100.5523097,14.2785771],[100.5527454,14.2777942],[100.5523923,14.2776408],[100.5525041,14.2774114],[100.5613955,14.280916],[100.5614904,14.2814768],[100.568423,14.2846133],[100.5733704,14.2816913],[100.5770153,14.2786361],[100.5765064,14.2725374],[100.5747056,14.2723739],[100.5746064,14.2716122],[100.5734827,14.2707565]]]}},{"type":"Feature","properties":{"id":"TH-LAO-6140612","nameTh":"บางประแดง","type":"subdistrict_admin_org"},"geometry":{"type":"Polygon","coordinates":[[[100.568423,14.2846133],[100.5614904,14.2814768],[100.5613955,14.280916],[100.5525041,14.2774114],[100.5523923,14.2776408],[100.5527454,14.2777942],[100.5523097,14.2785771],[100.5518931,14.2783821],[100.5515137,14.2792584],[100.5503186,14.2787173],[100.5505375,14.2779929],[100.5497091,14.2775536],[100.5498405,14.2772954],[100.544895,14.2745722],[100.5445957,14.2753208],[100.5408926,14.2734062],[100.5413169,14.2726623],[100.5384877,14.2707128],[100.5385501,14.2704475],[100.5374335,14.2701228],[100.5361281,14.2689671],[100.5300012,14.2662339],[100.5301568,14.265896],[100.528813,14.2653294],[100.5270194,14.2637523],[100.5240494,14.2648822],[100.5217656,14.2668256],[100.5228215,14.2682826],[100.5218677,14.2718314],[100.522377,14.2723136],[100.5214825,14.2737542],[100.5241299,14.2754776],[100.523293,14.2759843],[100.5245054,14.2768084],[100.5240011,14.2778482],[100.5329624,14.2833224],[100.5360335,14.2901376],[100.5358028,14.2916763],[100.5360657,14.2933138],[100.5372459,14.2943223],[100.5384743,14.2947226],[100.5419397,14.2950501],[100.5449867,14.2965524],[100.5466336,14.298221],[100.5479814,14.3004835],[100.5485594,14.3009475],[100.5494093,14.3001668],[100.55099,14.3007695],[100.5527465,14.2992814],[100.5532515,14.2992353],[100.5537028,14.2998514],[100.5542,14.2991359],[100.5562814,14.2990632],[100.5566408,14.2982081],[100.5575313,14.299097],[100.5570405,14.2993153],[100.5570351,14.2996116],[100.5578505,14.3001756],[100.5583145,14.3001236],[100.5586739,14.2995622],[100.558336,14.2987019],[100.5601706,14.29898],[100.5615038,14.2986317],[100.5610424,14.2999286],[100.5612946,14.3009839],[100.5624506,14.3007526],[100.5626222,14.3003263],[100.563502,14.300516],[100.5653209,14.2997995],[100.5640435,14.2940563],[100.5640788,14.2904327],[100.5651311,14.2876991],[100.568423,14.2846133]]]}},{"type":"Feature","properties":{"id":"TH-LAO-5140606","nameTh":"บางกระสั้น","type":"subdistrict_municipality"},"geometry":{"type":"Polygon","coordinates":[[[100.5698606,14.2131869],[100.5712516,14.2114927],[100.5715107,14.2087897],[100.5708356,14.2061957],[100.5724955,14.2058136],[100.5726322,14.2061855],[100.5776975,14.2035926],[100.5774742,14.2031842],[100.5804401,14.2015676],[100.5793914,14.1923079],[100.5815238,14.1921362],[100.5824786,14.1913093],[100.5832672,14.192157],[100.5834884,14.1920179],[100.5856007,14.1948354],[100.5863726,14.1942102],[100.5887013,14.1968377],[100.5903724,14.199919],[100.5916505,14.1995331],[100.5905123,14.1982672],[100.5914844,14.1979405],[100.590374,14.1958672],[100.5912232,14.1955282],[100.5914861,14.1961509],[100.5957193,14.1949741],[100.5959964,14.1958013],[100.5968985,14.1956364],[100.59702,14.1965038],[100.5956286,14.1966961],[100.5959165,14.1984862],[100.5995697,14.1983198],[100.6026783,14.1973499],[100.6037555,14.1974826],[100.6036048,14.1956502],[100.6015521,14.1946006],[100.5986131,14.1922968],[100.5935977,14.1876074],[100.5920701,14.1853875],[100.5895804,14.1850525],[100.5877886,14.1842611],[100.5853159,14.1836076],[100.5849001,14.1838337],[100.5809673,14.1826193],[100.5752587,14.1791647],[100.5745914,14.1774505],[100.5740901,14.1771023],[100.5737699,14.177063],[100.5736603,14.1778631],[100.5719655,14.1769269],[100.5707961,14.1780169],[100.5695578,14.1765561],[100.5693223,14.176755],[100.5685728,14.1759113],[100.5682766,14.1762277],[100.5676227,14.1755273],[100.566777,14.1761566],[100.5627204,14.1739658],[100.5605274,14.1732674],[100.5581208,14.1704041],[100.5580121,14.1708793],[100.5571157,14.1705732],[100.5584008,14.1673748],[100.5589465,14.1675783],[100.5594293,14.1659443],[100.5554246,14.1649796],[100.5554617,14.1637152],[100.5496001,14.1638271],[100.5496162,14.1632238],[100.5476314,14.1630729],[100.5478126,14.162007],[100.5483887,14.1620625],[100.548529,14.159199],[100.5449009,14.1583657],[100.5439728,14.1602746],[100.5411297,14.1598897],[100.5409044,14.1613929],[100.5387908,14.1611536],[100.5386996,14.1599989],[100.5362695,14.1600405],[100.5360711,14.1622615],[100.5348533,14.1625164],[100.5346253,14.1636321],[100.5340514,14.1637465],[100.5339789,14.1701571],[100.5330348,14.1719463],[100.5325842,14.1746508],[100.5313826,14.1888494],[100.5317742,14.1906436],[100.5317473,14.1943309],[100.5321964,14.1956416],[100.5417162,14.192461],[100.5446259,14.1922883],[100.5482234,14.1927619],[100.5539759,14.1946017],[100.5600127,14.1970338],[100.5633516,14.2012906],[100.5669944,14.2070339],[100.5682254,14.2091835],[100.5698606,14.2131869]]]}},{"type":"Feature","properties":{"id":"TH-LAO-6140618","nameTh":"สามเรือน","type":"subdistrict_admin_org"},"geometry":{"type":"Polygon","coordinates":[[[100.6629181,14.2994608],[100.6645703,14.3082066],[100.6654394,14.3092151],[100.6673169,14.3106549],[100.6698604,14.3118437],[100.6686674,14.3127339],[100.6678108,14.312329],[100.667502,14.3125521],[100.6677627,14.3131073],[100.666956,14.3133957],[100.6673571,14.3159307],[100.6656298,14.3165909],[100.665772,14.3177396],[100.6638166,14.3179683],[100.663476,14.3182594],[100.6626767,14.3182698],[100.6625694,14.3175161],[100.6603727,14.3172978],[100.6603217,14.3176928],[100.6596592,14.317633],[100.6596002,14.3180774],[100.6586426,14.3179943],[100.6583047,14.3154577],[100.6568912,14.3157488],[100.6567651,14.3151589],[100.6553703,14.3154551],[100.654512,14.3139062],[100.6533238,14.3136463],[100.6533828,14.3126535],[100.653753,14.3127393],[100.6537235,14.3109512],[100.6519425,14.3109148],[100.6520042,14.310291],[100.6507221,14.3100077],[100.6505504,14.3082924],[100.6508562,14.3079493],[100.6506161,14.3076193],[100.6499818,14.3078714],[100.650142,14.3083122],[100.6484483,14.3089241],[100.6467685,14.3090955],[100.6460291,14.3085013],[100.645956,14.3105094],[100.6464216,14.3106651],[100.6469303,14.3127234],[100.6452924,14.3127845],[100.6453002,14.313287],[100.6449877,14.31334],[100.6450776,14.3140562],[100.6438243,14.314013],[100.6438312,14.3144806],[100.6420916,14.3150385],[100.6421069,14.315398],[100.6411711,14.3152237],[100.6412071,14.3148385],[100.6396025,14.3146842],[100.6370603,14.3174706],[100.636214,14.3168508],[100.6357252,14.3173341],[100.6314266,14.316422],[100.6314741,14.315477],[100.6309604,14.31526],[100.6308362,14.3144624],[100.6307644,14.3132057],[100.6311856,14.3132105],[100.6311822,14.3126717],[100.6303657,14.3124481],[100.6298868,14.3111926],[100.629902,14.3099432],[100.6307249,14.3083799],[100.6309354,14.3070995],[100.6314562,14.3067501],[100.6315791,14.3040092],[100.6338415,14.3042053],[100.6339455,14.3013157],[100.6345091,14.3009822],[100.6344664,14.3006201],[100.6352806,14.3005629],[100.6329163,14.2944004],[100.629723,14.2898466],[100.6293215,14.2883902],[100.6295473,14.2880309],[100.6290847,14.2875436],[100.628677,14.2875592],[100.6283873,14.2867222],[100.6289613,14.2864311],[100.6292142,14.2854927],[100.6297024,14.2862652],[100.6304528,14.2859511],[100.6302083,14.2849784],[100.6307435,14.284836],[100.6326161,14.2855073],[100.6331732,14.2862705],[100.6337005,14.2862102],[100.6340831,14.2856899],[100.633031,14.2839274],[100.6291973,14.2835513],[100.6294012,14.2822228],[100.6308335,14.2826413],[100.6303722,14.2782953],[100.631504,14.2771827],[100.631901,14.2758207],[100.6334674,14.2739595],[100.6336659,14.2714069],[100.6330812,14.2712977],[100.6332314,14.2703879],[100.6334648,14.2704035],[100.6334406,14.2686515],[100.6340092,14.2687242],[100.6340039,14.2664731],[100.6359351,14.2667019],[100.6359833,14.2672841],[100.636434,14.2672737],[100.6365681,14.2646638],[100.6376034,14.2646534],[100.6378502,14.2627506],[100.6384584,14.2625995],[100.6381988,14.2612325],[100.63851,14.2591112],[100.639014,14.2580086],[100.6420639,14.260691],[100.6437036,14.2613992],[100.6436008,14.2594492],[100.644207,14.255113],[100.6444538,14.255165],[100.6444859,14.2548219],[100.6451136,14.2548895],[100.6454623,14.2520299],[100.6466961,14.2523938],[100.6488579,14.2477248],[100.6493998,14.2479068],[100.6502796,14.2455397],[100.6509447,14.2458998],[100.6511486,14.2455254],[100.6515187,14.245749],[100.652024,14.2449428],[100.6547213,14.2481407],[100.6569475,14.2499241],[100.6583208,14.2501633],[100.6596672,14.2512812],[100.6606489,14.2555758],[100.6619203,14.2566208],[100.6644469,14.2597507],[100.6631219,14.2639204],[100.6626713,14.2675857],[100.6614053,14.2679288],[100.6614106,14.2717708],[100.6608586,14.2717241],[100.6607805,14.2732446],[100.6604163,14.2732458],[100.6604612,14.2747842],[100.6600216,14.2748032],[100.6602463,14.2781288],[100.6586477,14.2785343],[100.6571135,14.2783472],[100.6559548,14.2785967],[100.6542473,14.2798829],[100.6536373,14.2817471],[100.654048,14.2821475],[100.6539756,14.2831274],[100.6544477,14.2837539],[100.655054,14.2835183],[100.6552001,14.284004],[100.6555487,14.2839084],[100.6556219,14.2842618],[100.6561839,14.2843339],[100.6579168,14.2839904],[100.6582533,14.2863452],[100.6586319,14.2862685],[100.6585313,14.2856766],[100.6594441,14.2860066],[100.6618201,14.2856662],[100.6621292,14.2884505],[100.6614488,14.2887251],[100.6614818,14.2889783],[100.6604503,14.2890939],[100.6610629,14.29424],[100.6606947,14.294679],[100.6607123,14.2959135],[100.6614356,14.2958316],[100.6619316,14.2997387],[100.6629181,14.2994608]]]}},{"type":"Feature","properties":{"id":"TH-LAO-6140616","nameTh":"บ้านหว้า","type":"subdistrict_admin_org"},"geometry":{"type":"Polygon","coordinates":[[[100.5974397,14.2754359],[100.5972127,14.2760098],[100.5977082,14.2763769],[100.5990172,14.2764627],[100.5988876,14.2785221],[100.5985973,14.278459],[100.5971526,14.2816714],[100.598364,14.2823255],[100.5977994,14.28323],[100.5989987,14.2839161],[100.6010635,14.2833891],[100.6015736,14.2828261],[100.6026413,14.2836141],[100.602877,14.2833479],[100.6034886,14.2840612],[100.6039152,14.2836416],[100.6068089,14.2855356],[100.6072488,14.2849725],[100.6058024,14.2836759],[100.6063975,14.2829508],[100.607044,14.2829371],[100.6072695,14.2826284],[100.6091827,14.2840034],[100.6096199,14.2833847],[100.6087133,14.2828987],[100.6088369,14.2823599],[100.6113818,14.283091],[100.6116967,14.2820559],[100.6112144,14.2814739],[100.6107413,14.2779989],[100.6122706,14.2778077],[100.6136901,14.2694179],[100.6160089,14.2691531],[100.6159063,14.2701266],[100.6165635,14.2702597],[100.6173559,14.2669074],[100.6178157,14.2667229],[100.6192061,14.2630834],[100.6206192,14.2640772],[100.6210561,14.2635509],[100.6213068,14.2638048],[100.6217962,14.263184],[100.6220581,14.2633432],[100.6223245,14.2629466],[100.6221384,14.2627285],[100.6228932,14.2617978],[100.6235352,14.2619467],[100.6237975,14.2616022],[100.6242428,14.2618324],[100.6244555,14.2611337],[100.6247309,14.2612513],[100.6247663,14.2598521],[100.6262364,14.2591043],[100.6256775,14.2578326],[100.6259701,14.2562246],[100.6267806,14.2552931],[100.6267093,14.2540815],[100.6323478,14.2516618],[100.6348509,14.2471576],[100.6364617,14.2454296],[100.636631,14.2442447],[100.6379716,14.2417705],[100.641585,14.2396168],[100.64219,14.2402167],[100.6427908,14.23978],[100.6444216,14.2412254],[100.645811,14.2419066],[100.646342,14.2433105],[100.6474686,14.2426501],[100.6495714,14.2451563],[100.6509447,14.2458998],[100.6511486,14.2455254],[100.6515187,14.245749],[100.652024,14.2449428],[100.6507704,14.243534],[100.6500113,14.2404195],[100.648736,14.2387234],[100.6429186,14.2346118],[100.640645,14.2366758],[100.6357044,14.2385892],[100.6319565,14.2413737],[100.6315523,14.2397124],[100.6295407,14.2395356],[100.628441,14.2388596],[100.6270876,14.2373905],[100.6251314,14.2385463],[100.6208731,14.2395746],[100.6195857,14.2396535],[100.6156088,14.2387021],[100.6127769,14.2390364],[100.6130397,14.2413606],[100.6110978,14.2426709],[100.6111836,14.2491806],[100.6068703,14.2516106],[100.605034,14.2518111],[100.6051277,14.2556255],[100.6038537,14.2556748],[100.6039149,14.2578478],[100.6031692,14.2578582],[100.6031466,14.2590853],[100.6010379,14.2589397],[100.6010253,14.2592246],[100.6000015,14.2592334],[100.5997628,14.2599847],[100.6000191,14.261096],[100.5996104,14.2628589],[100.6002429,14.2628899],[100.6002134,14.2633375],[100.5996134,14.2635755],[100.599407,14.2652798],[100.5976863,14.2652011],[100.5976492,14.2656784],[100.5963727,14.2656254],[100.5964029,14.2669124],[100.5946049,14.2671055],[100.5933117,14.2733701],[100.5934671,14.2738402],[100.5943163,14.2742271],[100.5942495,14.2744829],[100.596179,14.2752799],[100.5974397,14.2754359]]]}},{"type":"Feature","properties":{"id":"TH-LAO-4140602","nameTh":"บ้านกรด","type":"town_municipality"},"geometry":{"type":"Polygon","coordinates":[[[100.6250402,14.3214108],[100.6230164,14.3208227],[100.6235899,14.3192212],[100.6221393,14.3189125],[100.6219566,14.3193079],[100.6206545,14.319156],[100.6197748,14.3186882],[100.6182237,14.3188477],[100.6178263,14.3196635],[100.6126508,14.3198291],[100.6119779,14.3216766],[100.6094779,14.3210284],[100.6088654,14.3227743],[100.6031049,14.3214317],[100.601002,14.3211129],[100.600865,14.3215085],[100.5991513,14.3208076],[100.5988991,14.3214872],[100.5958613,14.3206334],[100.5965472,14.3198859],[100.5964814,14.3191762],[100.5955034,14.3190364],[100.5950032,14.3180288],[100.5938072,14.3173838],[100.5935711,14.3168524],[100.593241,14.3176259],[100.5923384,14.31762],[100.5911797,14.3155305],[100.5915928,14.3135761],[100.5863464,14.3147353],[100.5857853,14.3126049],[100.5885458,14.2884195],[100.5889261,14.2877525],[100.5912065,14.2891187],[100.5907506,14.2898335],[100.5918288,14.2904209],[100.591979,14.2901792],[100.592505,14.2905531],[100.592251,14.2909915],[100.5930519,14.2914476],[100.593937,14.2901688],[100.5927656,14.2894494],[100.5933739,14.2884783],[100.5937141,14.2886272],[100.5945524,14.2869003],[100.5935475,14.2854896],[100.594039,14.2845492],[100.5935984,14.2843033],[100.5936203,14.2839115],[100.5942217,14.2829035],[100.5955044,14.2836094],[100.5961633,14.2830208],[100.5975205,14.2837123],[100.5977994,14.28323],[100.5993471,14.2840121],[100.6010635,14.2833891],[100.6015736,14.2828261],[100.6026413,14.2836141],[100.602877,14.2833479],[100.6034886,14.2840612],[100.6039152,14.2836416],[100.6068089,14.2855356],[100.6072488,14.2849725],[100.6058024,14.2836759],[100.6063975,14.2829508],[100.607044,14.2829371],[100.6072695,14.2826284],[100.6091827,14.2840034],[100.6096199,14.2833847],[100.6087133,14.2828987],[100.6088369,14.2823599],[100.6113818,14.283091],[100.610325,14.2851626],[100.6108185,14.285802],[100.6117627,14.2861035],[100.6119987,14.286613],[100.611827,14.2875487],[100.610442,14.2894545],[100.6089715,14.2907543],[100.6086248,14.2918479],[100.6096762,14.2938752],[100.6093007,14.2958662],[100.6116557,14.2972178],[100.6126428,14.2980963],[100.6129539,14.2988708],[100.6140858,14.2995778],[100.6151372,14.3018234],[100.6152339,14.303377],[100.6177614,14.3035011],[100.6180514,14.3026031],[100.6211732,14.3028675],[100.622524,14.3026291],[100.6226689,14.3050462],[100.6218052,14.3063873],[100.6233133,14.3071923],[100.6226059,14.3083611],[100.6232265,14.3126051],[100.6291858,14.3156445],[100.628445,14.3174574],[100.6296098,14.317606],[100.6292069,14.3191453],[100.6288348,14.3191006],[100.6287528,14.3206867],[100.6269895,14.3209994],[100.6270293,14.3201659],[100.6251223,14.3199389],[100.6250402,14.3214108]]]}},{"type":"Feature","properties":{"id":"TH-LAO-5140609","nameTh":"คลองจิก","type":"subdistrict_municipality"},"geometry":{"type":"Polygon","coordinates":[[[100.618458,14.1904223],[100.6193525,14.190192],[100.6194609,14.1904616],[100.6194448,14.1929657],[100.6341594,14.200348],[100.6345457,14.2010188],[100.6466693,14.2073893],[100.646798,14.2092693],[100.6439549,14.2116484],[100.6437349,14.2134893],[100.6444216,14.2187934],[100.6454301,14.2211334],[100.6470287,14.2228806],[100.6464654,14.2234318],[100.6453067,14.2234058],[100.6429893,14.2246226],[100.6419432,14.2257354],[100.6404036,14.2264426],[100.6368202,14.2297133],[100.6350982,14.2295209],[100.6349568,14.2299851],[100.6353709,14.2307509],[100.6400162,14.2339039],[100.6416715,14.2338783],[100.6429186,14.2346118],[100.640645,14.2366758],[100.6357044,14.2385892],[100.6319565,14.2413737],[100.6315523,14.2397124],[100.6295407,14.2395356],[100.628441,14.2388596],[100.626322,14.2367642],[100.6234682,14.2350587],[100.6201476,14.2350535],[100.6187421,14.2356878],[100.6162584,14.2334],[100.6161404,14.2305921],[100.6154966,14.2292713],[100.6147724,14.2263022],[100.6135601,14.2256678],[100.6131706,14.2240842],[100.612636,14.224166],[100.6119179,14.2230627],[100.610983,14.222846],[100.6089611,14.2234439],[100.6087982,14.2240475],[100.6081276,14.2244097],[100.6093597,14.2256068],[100.6082758,14.226421],[100.60833,14.2269923],[100.6090006,14.2277081],[100.6084248,14.2287456],[100.6077135,14.2291265],[100.6058979,14.229271],[100.6050715,14.2296518],[100.6031543,14.2291593],[100.6005664,14.2293498],[100.5992454,14.2297963],[100.5956414,14.2302166],[100.5865824,14.2346791],[100.5847958,14.2338809],[100.5841103,14.2327466],[100.5838597,14.2277231],[100.5834656,14.2272195],[100.5825461,14.219361],[100.5834888,14.2182902],[100.5827652,14.2167249],[100.582189,14.2164014],[100.5793914,14.1923079],[100.5815238,14.1921362],[100.5824786,14.1913093],[100.5832672,14.192157],[100.5834884,14.1920179],[100.5856007,14.1948354],[100.5863726,14.1942102],[100.5887013,14.1968377],[100.5903724,14.199919],[100.5916505,14.1995331],[100.5905123,14.1982672],[100.5914844,14.1979405],[100.590374,14.1958672],[100.5912232,14.1955282],[100.5914861,14.1961509],[100.5957193,14.1949741],[100.5959964,14.1958013],[100.5968985,14.1956364],[100.59702,14.1965038],[100.5956286,14.1966961],[100.5959165,14.1984862],[100.5995697,14.1983198],[100.6026783,14.1973499],[100.6037555,14.1974826],[100.6036048,14.1956502],[100.6015521,14.1946006],[100.5998227,14.1932059],[100.6026355,14.191179],[100.6041965,14.1905708],[100.6148397,14.1900838],[100.61676,14.190069],[100.6168431,14.190316],[100.6184041,14.1900742],[100.618458,14.1904223]]]}},{"type":"Feature","properties":{"id":"TH-LAO-5140608","nameTh":"เชียงรากน้อย","type":"subdistrict_municipality"},"geometry":{"type":"Polygon","coordinates":[[[100.5477011,14.1589221],[100.550437,14.1572941],[100.5510861,14.157445],[100.5512376,14.1569438],[100.5538459,14.1575252],[100.5538979,14.1572742],[100.554296,14.1573217],[100.5543689,14.1569294],[100.5550162,14.1569148],[100.5542805,14.1547741],[100.5558121,14.1546934],[100.5556673,14.1521239],[100.5569923,14.1519417],[100.5571355,14.1510826],[100.5579954,14.1504125],[100.5580759,14.1471979],[100.5577275,14.1455952],[100.559692,14.1444922],[100.5598853,14.1440674],[100.5604928,14.1437443],[100.561139,14.1468441],[100.5624425,14.1486699],[100.5628663,14.1487895],[100.5624372,14.1470133],[100.5668977,14.1467583],[100.5671617,14.1466075],[100.5668222,14.1452879],[100.5724042,14.143411],[100.5745661,14.1381362],[100.578963,14.1386278],[100.5804603,14.1276502],[100.5829812,14.1289873],[100.5842924,14.1288736],[100.5871175,14.1293905],[100.5894521,14.1311221],[100.5933965,14.1323472],[100.5977833,14.1324195],[100.6022448,14.1351126],[100.6032575,14.1353452],[100.6049199,14.1350975],[100.6047336,14.1585268],[100.619609,14.158688],[100.6193525,14.190192],[100.618458,14.1904223],[100.6184041,14.1900742],[100.6168431,14.190316],[100.61676,14.190069],[100.6050199,14.1904355],[100.6026355,14.191179],[100.5998227,14.1932059],[100.5935977,14.1876074],[100.5920701,14.1853875],[100.5895804,14.1850525],[100.5877886,14.1842611],[100.5853159,14.1836076],[100.5849001,14.1838337],[100.5809673,14.1826193],[100.5752587,14.1791647],[100.5745914,14.1774505],[100.5740901,14.1771023],[100.5737699,14.177063],[100.5736603,14.1778631],[100.5719655,14.1769269],[100.5707961,14.1780169],[100.5695578,14.1765561],[100.5693223,14.176755],[100.5685728,14.1759113],[100.5682766,14.1762277],[100.5676227,14.1755273],[100.566777,14.1761566],[100.5627204,14.1739658],[100.5605274,14.1732674],[100.5581208,14.1704041],[100.5580121,14.1708793],[100.5571157,14.1705732],[100.5584008,14.1673748],[100.5589465,14.1675783],[100.5594293,14.1659443],[100.5554246,14.1649796],[100.5554617,14.1637152],[100.5496001,14.1638271],[100.5496162,14.1632238],[100.5476314,14.1630729],[100.5478126,14.162007],[100.5483887,14.1620625],[100.548529,14.159199],[100.5477011,14.1589221]]]}},{"type":"Feature","properties":{"id":"TH-LAO-5140605","nameTh":"พระอินทราชา","type":"subdistrict_municipality"},"geometry":{"type":"Polygon","coordinates":[[[100.619609,14.158688],[100.6047336,14.1585268],[100.6049199,14.1350975],[100.6062544,14.1356807],[100.6073883,14.1356887],[100.608775,14.1348122],[100.6130343,14.130765],[100.6184363,14.1307806],[100.6184417,14.1298936],[100.6193547,14.1297664],[100.6198515,14.1297766],[100.619609,14.158688]]]}},{"type":"Feature","properties":{"id":"TH-LAO-5140607","nameTh":"ปราสาททอง","type":"subdistrict_municipality"},"geometry":{"type":"MultiPolygon","coordinates":[[[[100.5698606,14.2131869],[100.5712516,14.2114927],[100.5715107,14.2087897],[100.5708356,14.2061957],[100.5724955,14.2058136],[100.5726322,14.2061855],[100.5776975,14.2035926],[100.5774742,14.2031842],[100.5804401,14.2015676],[100.582189,14.2164014],[100.5824927,14.216535],[100.5782606,14.2215107],[100.576898,14.2222968],[100.5724031,14.2150807],[100.5712885,14.2141965],[100.5701262,14.2139065],[100.5698606,14.2131869]]],[[[100.5847958,14.2338809],[100.5855722,14.2406944],[100.5795781,14.2441257],[100.5813057,14.2526535],[100.5822704,14.2525609],[100.5837896,14.2529385],[100.5839415,14.2540949],[100.6009558,14.2522943],[100.6024629,14.2524553],[100.6068703,14.2516106],[100.6111836,14.2491806],[100.6110978,14.2426709],[100.6130397,14.2413606],[100.6127769,14.2390364],[100.6156088,14.2387021],[100.6195857,14.2396535],[100.6208731,14.2395746],[100.6251314,14.2385463],[100.6270876,14.2373905],[100.6234682,14.2350587],[100.6201476,14.2350535],[100.6187421,14.2356878],[100.6166983,14.2338627],[100.616076,14.2328488],[100.6161404,14.2305921],[100.6154966,14.2292713],[100.6147724,14.2263022],[100.6135601,14.2256678],[100.6131706,14.2240842],[100.612636,14.224166],[100.6119179,14.2230627],[100.610983,14.222846],[100.6089611,14.2234439],[100.6087982,14.2240475],[100.6081276,14.2244097],[100.6093597,14.2256068],[100.6082758,14.226421],[100.60833,14.2269923],[100.6090006,14.2277081],[100.6084248,14.2287456],[100.6050715,14.2296518],[100.6031543,14.2291593],[100.5956414,14.2302166],[100.5865824,14.2346791],[100.5847958,14.2338809]]]]}},{"type":"Feature","properties":{"id":"TH-LAO-5140603","nameTh":"บางปะอิน","type":"subdistrict_municipality"},"geometry":{"type":"Polygon","coordinates":[[[100.5838597,14.2277231],[100.5841103,14.2327466],[100.5847958,14.2338809],[100.5855722,14.2406944],[100.5795781,14.2441257],[100.5768275,14.2385921],[100.5750186,14.2334122],[100.5726185,14.2229658],[100.5701262,14.2139065],[100.5712885,14.2141965],[100.5724031,14.2150807],[100.576898,14.2222968],[100.5782606,14.2215107],[100.5819862,14.2170685],[100.5824927,14.216535],[100.5827652,14.2167249],[100.5834888,14.2182902],[100.5825461,14.219361],[100.5834656,14.2272195],[100.5838597,14.2277231]]]}},{"type":"Feature","properties":{"id":"TH-LAO-6141411","nameTh":"อุทัย","type":"subdistrict_admin_org"},"geometry":{"type":"Polygon","coordinates":[[[100.650478,14.3356063],[100.6502044,14.3337378],[100.6493676,14.3334884],[100.6448024,14.3349073],[100.6434669,14.3367534],[100.6451765,14.3373669],[100.6451677,14.3391925],[100.644869,14.339625],[100.6442455,14.3434881],[100.6426479,14.3432176],[100.6421206,14.3459997],[100.6424349,14.3460341],[100.6421836,14.3476004],[100.6424501,14.3476516],[100.6417347,14.3514642],[100.6422483,14.3515328],[100.6413174,14.3562899],[100.6440407,14.3566469],[100.6437376,14.3604848],[100.6451642,14.3606582],[100.6449236,14.36221],[100.6439388,14.361996],[100.6438697,14.3629755],[100.6435953,14.3631891],[100.6411117,14.3764358],[100.6415659,14.3765494],[100.6412882,14.3780687],[100.641689,14.3781763],[100.6416168,14.3785983],[100.6418822,14.3787129],[100.6483115,14.3794108],[100.6480869,14.3808366],[100.6484839,14.380886],[100.6481773,14.3830022],[100.6514341,14.3831324],[100.6515971,14.3837115],[100.6534747,14.3836287],[100.6534364,14.384137],[100.6529092,14.3842619],[100.6533634,14.3872076],[100.6531483,14.3883252],[100.6538804,14.3887809],[100.6539566,14.3895311],[100.6546092,14.3894813],[100.6547011,14.3914904],[100.6550241,14.3919921],[100.6565466,14.3923207],[100.6562437,14.3928109],[100.6585842,14.3930456],[100.6586406,14.3923967],[100.6603679,14.3927678],[100.660136,14.3945513],[100.6643674,14.3950754],[100.6665383,14.3944901],[100.6671355,14.3933043],[100.6693761,14.3949596],[100.6697094,14.3938482],[100.6693956,14.3901228],[100.6710599,14.3901081],[100.6710844,14.3894021],[100.6697941,14.3890823],[100.6698977,14.3878539],[100.6720447,14.388213],[100.6720459,14.3886162],[100.6739945,14.3887832],[100.6741995,14.3878495],[100.6753495,14.3878831],[100.676021,14.3852406],[100.6772238,14.3851228],[100.6771528,14.3827086],[100.6782238,14.3825133],[100.6781852,14.3820427],[100.6797002,14.3819993],[100.681253,14.382084],[100.6812798,14.382627],[100.6816131,14.3826143],[100.681503,14.3805182],[100.682716,14.3805284],[100.6829653,14.3807785],[100.6839924,14.3807128],[100.6840058,14.3802808],[100.6849696,14.3803068],[100.685177,14.3796634],[100.6834959,14.3790506],[100.6835318,14.3779082],[100.6847253,14.3779866],[100.6847441,14.3773667],[100.6855281,14.3775291],[100.6856377,14.3763514],[100.6876376,14.3762696],[100.6879057,14.3748203],[100.6854063,14.3743],[100.685154,14.3691201],[100.6861501,14.3691332],[100.6864795,14.366807],[100.686366,14.3662947],[100.6850539,14.3663578],[100.684757,14.3629106],[100.6843975,14.3629167],[100.6835786,14.357212],[100.6804737,14.3576311],[100.6795455,14.3582763],[100.677166,14.3703767],[100.6585622,14.366448],[100.6592059,14.3623634],[100.6665659,14.3451043],[100.6681806,14.3454369],[100.6695102,14.3463135],[100.6781715,14.3566384],[100.6791106,14.3564494],[100.6793359,14.3560493],[100.6825841,14.355197],[100.6823933,14.351785],[100.6833592,14.351819],[100.6832121,14.3532403],[100.6837967,14.3534745],[100.6840416,14.3498927],[100.68588,14.3501017],[100.6859465,14.3497685],[100.6874043,14.349738],[100.6873226,14.3503484],[100.6884835,14.3504626],[100.688639,14.3498556],[100.6897579,14.3500021],[100.6896809,14.345525],[100.6908008,14.3453901],[100.690991,14.3435882],[100.6914297,14.3436116],[100.6917663,14.3390967],[100.6923075,14.3391402],[100.6918149,14.3380317],[100.6910104,14.3380276],[100.688957,14.3365768],[100.6853047,14.3354118],[100.6852823,14.3360819],[100.6838489,14.335759],[100.6838701,14.3371686],[100.6826114,14.337215],[100.6825358,14.3380153],[100.6808822,14.338226],[100.6810029,14.3389248],[100.6789538,14.3383867],[100.6789068,14.339125],[100.6781424,14.3390403],[100.6780976,14.3384844],[100.6776139,14.338852],[100.6780822,14.3409165],[100.6765598,14.3404216],[100.6759455,14.3400821],[100.6766868,14.3381708],[100.6754547,14.3366224],[100.6763694,14.335609],[100.6747091,14.3345356],[100.6748336,14.3336501],[100.6744152,14.3336905],[100.6742262,14.3321578],[100.6704873,14.33261],[100.6698999,14.3273241],[100.665089,14.327868],[100.6654081,14.3305896],[100.6647397,14.3304053],[100.6644626,14.3316579],[100.6648756,14.3318002],[100.6636619,14.3346047],[100.6633982,14.3345175],[100.6631359,14.3353996],[100.6614484,14.33572],[100.6605819,14.3385558],[100.6599355,14.338352],[100.6593364,14.3398443],[100.6586064,14.3397694],[100.6584067,14.340593],[100.6586984,14.3412157],[100.6579513,14.3415945],[100.6579211,14.3423004],[100.658353,14.3428955],[100.6580757,14.3433394],[100.6542999,14.3434576],[100.6537063,14.3432979],[100.6538469,14.3425564],[100.6535594,14.34225],[100.6514289,14.3419696],[100.651324,14.3424351],[100.6506401,14.3423506],[100.6505699,14.3429014],[100.6498548,14.342796],[100.6507325,14.3388403],[100.6496141,14.338548],[100.6495806,14.3376835],[100.6501347,14.3377424],[100.650478,14.3356063]]]}},{"type":"Feature","properties":{"id":"TH-LAO-5141401","nameTh":"อุทัย","type":"subdistrict_municipality"},"geometry":{"type":"Polygon","coordinates":[[[100.6795455,14.3582763],[100.6695102,14.3463135],[100.6681806,14.3454369],[100.6665659,14.3451043],[100.6592059,14.3623634],[100.6585622,14.366448],[100.677166,14.3703767],[100.6795455,14.3582763]]]}},{"type":"Feature","properties":{"id":"TH-LAO-6141103","nameTh":"ชะแมบ","type":"subdistrict_admin_org"},"geometry":{"type":"Polygon","coordinates":[[[100.7317309,14.2408537],[100.7365072,14.2409759],[100.7364305,14.2348218],[100.7814718,14.2562958],[100.7813033,14.256681],[100.7804941,14.2562912],[100.7739414,14.2693026],[100.8008426,14.2820436],[100.7943589,14.2950413],[100.7316817,14.2652815],[100.7317309,14.2408537]]]}},{"type":"Feature","properties":{"id":"TH-LAO-4141101","nameTh":"ลำตาเสา","type":"town_municipality"},"geometry":{"type":"Polygon","coordinates":[[[100.6876139,14.3066309],[100.6851295,14.3064731],[100.6829147,14.3079539],[100.6831631,14.3045523],[100.6843577,14.3033953],[100.6844077,14.3029045],[100.6828841,14.2987564],[100.6843325,14.2976128],[100.684472,14.2971865],[100.6838068,14.294473],[100.6823048,14.2935789],[100.6819277,14.290987],[100.6805882,14.2887963],[100.6808226,14.2867658],[100.6803398,14.2861524],[100.6784408,14.2859652],[100.6781618,14.2855286],[100.6790217,14.2836602],[100.6781726,14.2826174],[100.6773051,14.2797716],[100.677207,14.2773355],[100.6767778,14.2768572],[100.6747608,14.276119],[100.6739635,14.274852],[100.6764225,14.2724741],[100.6787292,14.2711172],[100.6810413,14.2685697],[100.682438,14.2658812],[100.6829445,14.2656395],[100.685653,14.2659773],[100.6871549,14.2650944],[100.688168,14.262205],[100.6886238,14.2614312],[100.6895852,14.2608458],[100.6905126,14.2583625],[100.6936991,14.2552222],[100.6937098,14.2542552],[100.6929374,14.2527786],[100.6932163,14.2518843],[100.6942892,14.2507924],[100.6956598,14.2485801],[100.6974435,14.2480836],[100.6981232,14.2461],[100.6988169,14.2459754],[100.7006943,14.2465081],[100.7012039,14.2446207],[100.7019389,14.2439344],[100.7044011,14.2449431],[100.705871,14.2436848],[100.7076091,14.2430629],[100.7143807,14.224348],[100.7364305,14.2348218],[100.7365072,14.2409759],[100.7317309,14.2408537],[100.7315124,14.2970713],[100.7318075,14.2979035],[100.7322274,14.2981506],[100.7238043,14.3103794],[100.716691,14.3069383],[100.7166507,14.3040456],[100.7161184,14.3035362],[100.7137031,14.3046875],[100.7136601,14.3061638],[100.7058567,14.3059473],[100.7054469,14.3067808],[100.6976743,14.3064559],[100.692594,14.3084143],[100.6913897,14.3077934],[100.6915748,14.3074191],[100.6908587,14.3070371],[100.6898743,14.3071436],[100.6896331,14.3074934],[100.6876139,14.3066309]]]}},{"type":"Feature","properties":{"id":"TH-LAO-6140403","nameTh":"กระแชง","type":"subdistrict_admin_org"},"geometry":{"type":"Polygon","coordinates":[[[100.4870205,14.2971693],[100.4871905,14.2961833],[100.4868335,14.2959504],[100.487733,14.2939501],[100.4882138,14.2904977],[100.4884799,14.282715],[100.4874777,14.277478],[100.4838753,14.2702267],[100.4830672,14.2672696],[100.4842304,14.2589577],[100.4843188,14.2563688],[100.4839213,14.2538656],[100.4823074,14.2494807],[100.4810626,14.2414945],[100.4813941,14.2387356],[100.4825529,14.2368215],[100.4864287,14.238441],[100.4865038,14.2377573],[100.4869545,14.2378951],[100.4953792,14.2422322],[100.4952125,14.2425681],[100.4984283,14.2440975],[100.4987487,14.2447289],[100.5027698,14.2467167],[100.5026302,14.2469794],[100.5054024,14.248451],[100.5058901,14.2483931],[100.505814,14.2488651],[100.5062611,14.2490287],[100.5079064,14.2462608],[100.5107244,14.2471974],[100.5106943,14.2481122],[100.5113974,14.2484969],[100.5120492,14.2472361],[100.5163061,14.2492118],[100.5163443,14.2483652],[100.5225307,14.2506817],[100.5224866,14.2510239],[100.5231299,14.2514546],[100.5207184,14.2538509],[100.5217465,14.2546675],[100.521318,14.2555772],[100.5190574,14.2542946],[100.5187531,14.2569698],[100.5242767,14.2579766],[100.5239909,14.259527],[100.5236889,14.2594156],[100.5234301,14.2603728],[100.5240087,14.2626466],[100.5239509,14.2641974],[100.5229307,14.2648071],[100.523307,14.2657079],[100.5217656,14.2668256],[100.5228215,14.2682826],[100.5218677,14.2718314],[100.522377,14.2723136],[100.5214825,14.2737542],[100.5241299,14.2754776],[100.522485,14.2762211],[100.5231954,14.2785657],[100.5256137,14.2801743],[100.5246316,14.2833866],[100.5238288,14.2834137],[100.5236725,14.2846586],[100.5223747,14.2846864],[100.5223558,14.2849054],[100.5207891,14.2846943],[100.5198248,14.2852477],[100.5190097,14.2847578],[100.5186941,14.2855849],[100.5176452,14.2865671],[100.5174638,14.28755],[100.5132852,14.2878754],[100.5136995,14.2899631],[100.5146267,14.2898483],[100.5146545,14.2904146],[100.5105509,14.2911817],[100.510652,14.2918148],[100.5097827,14.2918696],[100.5097582,14.2931386],[100.5090264,14.294388],[100.508767,14.2958454],[100.5080463,14.2959127],[100.507823,14.2962419],[100.5074002,14.2962644],[100.5073908,14.2958631],[100.5051008,14.2960769],[100.5050714,14.2952111],[100.503078,14.2952268],[100.5030182,14.2961599],[100.4972627,14.2955563],[100.4957628,14.2981794],[100.4918852,14.2974323],[100.4914558,14.2970778],[100.4912472,14.2980373],[100.4889273,14.2976731],[100.488005,14.2978169],[100.4870205,14.2971693]]]}},{"type":"Feature","properties":{"id":"TH-LAO-6140409","nameTh":"ไผ่พระ","type":"subdistrict_admin_org"},"geometry":{"type":"Polygon","coordinates":[[[100.4667333,14.2375467],[100.4701048,14.2378847],[100.4777383,14.240274],[100.4773204,14.231367],[100.4754748,14.231502],[100.4739192,14.2309404],[100.4723206,14.2309092],[100.4714623,14.2292765],[100.4710331,14.2290477],[100.4694667,14.2295365],[100.4665055,14.2294637],[100.4665914,14.2278517],[100.4662695,14.2271757],[100.4639414,14.2283301],[100.4635444,14.2281221],[100.4636624,14.2268845],[100.4632547,14.2265205],[100.4618814,14.2276541],[100.4606288,14.2270067],[100.4595423,14.2274046],[100.4582763,14.2267182],[100.4577935,14.2252206],[100.4573107,14.2253142],[100.4573429,14.226115],[100.4566991,14.2269054],[100.4543817,14.227415],[100.4540491,14.2263438],[100.4521045,14.2258394],[100.4516485,14.2248046],[100.4519677,14.2235358],[100.4514581,14.2226102],[100.4515439,14.2218666],[100.45053,14.220239],[100.4510021,14.2191054],[100.4521126,14.219147],[100.4514956,14.2183358],[100.4517209,14.2169474],[100.4498434,14.2154705],[100.4498702,14.2144877],[100.4494357,14.2136349],[100.4497951,14.2113416],[100.4495269,14.2104263],[100.450353,14.2094799],[100.4495537,14.2078938],[100.4500204,14.2063649],[100.4494089,14.2039935],[100.450294,14.2034371],[100.4503584,14.2030418],[100.4487598,14.1957403],[100.4487812,14.1946846],[100.4493284,14.1912417],[100.4491514,14.1865558],[100.4498541,14.1831181],[100.4522225,14.1753192],[100.4481787,14.1753222],[100.4482064,14.1744401],[100.4466862,14.1747838],[100.4465089,14.1738316],[100.4449592,14.1740097],[100.4446187,14.1741568],[100.4449014,14.1761421],[100.4404494,14.1777396],[100.4400367,14.1747415],[100.4396859,14.1748381],[100.4396094,14.1743726],[100.4390084,14.174453],[100.4386233,14.1737695],[100.4367312,14.1744816],[100.4368405,14.1749976],[100.4336025,14.17606],[100.4332045,14.1774637],[100.425041,14.1761904],[100.4249578,14.1745937],[100.4208266,14.1748324],[100.4132473,14.1780315],[100.4142101,14.1793223],[100.4142558,14.1839918],[100.4136872,14.1862282],[100.4169126,14.1861754],[100.4170024,14.1881681],[100.4166001,14.1888546],[100.415951,14.1931452],[100.4166591,14.1946326],[100.4175411,14.1955331],[100.4169917,14.2016741],[100.414052,14.2024386],[100.4146528,14.2067705],[100.4171589,14.2068775],[100.417496,14.2085022],[100.4164284,14.2096879],[100.4132688,14.2096878],[100.4134405,14.2123504],[100.4116487,14.2132761],[100.4098785,14.2133177],[100.4092571,14.2137264],[100.4116675,14.2148075],[100.4115792,14.2158881],[100.4132581,14.2206394],[100.4166269,14.2199582],[100.4168442,14.2206706],[100.4178822,14.2205146],[100.4178285,14.2217678],[100.418762,14.2226518],[100.4192769,14.2252934],[100.4202533,14.2263542],[100.419623,14.2265804],[100.4198134,14.2285173],[100.420787,14.2287149],[100.4199367,14.2301293],[100.4221362,14.2310939],[100.4222757,14.2320428],[100.4230213,14.2331036],[100.4237562,14.2360414],[100.4239278,14.2381213],[100.4249503,14.2410345],[100.4263124,14.2409265],[100.4264122,14.2429987],[100.4313128,14.2425115],[100.4318935,14.2423633],[100.4316241,14.2416768],[100.4362119,14.2412238],[100.4364163,14.2428777],[100.4374091,14.245469],[100.4385367,14.2452405],[100.4392337,14.249533],[100.4405039,14.2495654],[100.4406327,14.2480524],[100.4415086,14.2481314],[100.4418396,14.2456086],[100.4415127,14.2410854],[100.4443763,14.2411209],[100.4444622,14.2398155],[100.4457272,14.2396733],[100.4475885,14.2408931],[100.4475997,14.2411779],[100.4487687,14.2414561],[100.4490064,14.2389928],[100.455476,14.239182],[100.4553599,14.2384473],[100.4565854,14.2386504],[100.4579371,14.2393775],[100.4580765,14.2387199],[100.458939,14.2387932],[100.4591023,14.2379451],[100.4608569,14.2380156],[100.4649005,14.2374284],[100.4649133,14.2377982],[100.4667768,14.2378518],[100.4667333,14.2375467]]]}},{"type":"Feature","properties":{"id":"TH-LAO-6140411","nameTh":"สนามชัย","type":"subdistrict_admin_org"},"geometry":{"type":"Polygon","coordinates":[[[100.5264312,14.2401335],[100.5257978,14.241289],[100.5256534,14.2427905],[100.5247981,14.2426179],[100.5237168,14.2474544],[100.5220592,14.2469189],[100.5214199,14.2502778],[100.5163443,14.2483652],[100.5163061,14.2492118],[100.5120492,14.2472361],[100.5113974,14.2484969],[100.5106943,14.2481122],[100.5107244,14.2471974],[100.5079064,14.2462608],[100.5062611,14.2490287],[100.505814,14.2488651],[100.5058901,14.2483931],[100.5054024,14.248451],[100.5026302,14.2469794],[100.5027698,14.2467167],[100.4987487,14.2447289],[100.4984283,14.2440975],[100.4952125,14.2425681],[100.4953792,14.2422322],[100.4869545,14.2378951],[100.4865038,14.2377573],[100.4864287,14.238441],[100.4825529,14.2368215],[100.4841783,14.2340507],[100.4844364,14.2298515],[100.4852064,14.2273026],[100.4864783,14.2252507],[100.4905053,14.220492],[100.4935094,14.2158951],[100.4944884,14.2149164],[100.4961889,14.2139075],[100.498296,14.2137619],[100.5007486,14.2147791],[100.5019538,14.2149287],[100.5031844,14.2145373],[100.5043989,14.2132758],[100.5048785,14.2112102],[100.5039934,14.2057832],[100.504489,14.2036427],[100.5051768,14.2027992],[100.5077119,14.2007528],[100.5095063,14.201543],[100.5133456,14.2023621],[100.5157522,14.2023125],[100.5181115,14.2017238],[100.5302192,14.1963396],[100.5335564,14.1951565],[100.5347489,14.1989256],[100.5325756,14.2000002],[100.5332396,14.2009132],[100.5332323,14.2022538],[100.5344996,14.2029652],[100.5355068,14.2053765],[100.5337131,14.2057812],[100.5338731,14.2062732],[100.5334933,14.2064247],[100.5328578,14.2062869],[100.5327277,14.2083976],[100.5335881,14.2079491],[100.5339121,14.208429],[100.534288,14.2082484],[100.5357058,14.2112728],[100.5344755,14.21215],[100.5352453,14.2143337],[100.5351504,14.2150565],[100.5348108,14.2151797],[100.5360104,14.2183135],[100.5356001,14.2184829],[100.5361783,14.220083],[100.5354863,14.2202754],[100.5360603,14.2217158],[100.534886,14.2221745],[100.5363733,14.2265004],[100.532225,14.2267181],[100.533132,14.2299992],[100.5318777,14.2304722],[100.5321223,14.2312411],[100.5303347,14.2316256],[100.5305192,14.2323016],[100.5286612,14.2323353],[100.5279346,14.2326393],[100.5283349,14.2333878],[100.526783,14.2337822],[100.5269674,14.2346939],[100.5276769,14.2349656],[100.527692,14.2353854],[100.5275946,14.2361151],[100.5272652,14.2360662],[100.5264312,14.2401335]]]}},{"type":"Feature","properties":{"id":"TH-LAO-6140404","nameTh":"ไม้ตรา","type":"subdistrict_admin_org"},"geometry":{"type":"MultiPolygon","coordinates":[[[[100.50632,14.151805],[100.5037021,14.1625524],[100.5049038,14.1645394],[100.507246,14.1655831],[100.5110658,14.1591539],[100.5137032,14.1528824],[100.50632,14.151805]]],[[[100.4651713,14.1506231],[100.4736403,14.152591],[100.4746672,14.174565],[100.46819,14.1735435],[100.4686859,14.1723832],[100.4635974,14.1704916],[100.4626033,14.1739917],[100.4563176,14.1728503],[100.4560202,14.1724729],[100.4525531,14.1720919],[100.4526063,14.1713119],[100.4504131,14.1714152],[100.4504425,14.1702184],[100.4500127,14.1700901],[100.4498452,14.1690749],[100.4475674,14.1690854],[100.4474717,14.1666551],[100.4467886,14.1666817],[100.4466147,14.1659399],[100.4463154,14.1659107],[100.4459916,14.1634985],[100.4474751,14.1630433],[100.4477781,14.1626621],[100.4488177,14.1629433],[100.4524211,14.1613362],[100.4559363,14.157783],[100.457949,14.1573149],[100.4636916,14.1575569],[100.46517,14.1572535],[100.4651713,14.1506231]]]]}},{"type":"Feature","properties":{"id":"TH-LAO-6140408","nameTh":"บ้านม้า","type":"subdistrict_admin_org"},"geometry":{"type":"Polygon","coordinates":[[[100.4614885,14.1337302],[100.4582038,14.1336261],[100.4582012,14.1311656],[100.4576272,14.1310615],[100.457359,14.130302],[100.4529118,14.1300679],[100.4523244,14.1282237],[100.4521627,14.1258127],[100.4465888,14.1261981],[100.4458845,14.1269674],[100.4458038,14.130418],[100.4436153,14.1301954],[100.4435278,14.128497],[100.4425644,14.1282209],[100.4425095,14.1274278],[100.4400585,14.1273238],[100.4400346,14.1253756],[100.4419202,14.1254536],[100.4417646,14.1223843],[100.4462385,14.1218432],[100.4543334,14.1216819],[100.4613608,14.1222594],[100.4622486,14.1222282],[100.4622191,14.1212189],[100.4758501,14.1210473],[100.4865897,14.1246212],[100.4909617,14.1258698],[100.4921311,14.1258073],[100.4920345,14.1268322],[100.493263,14.1271183],[100.4939443,14.1280495],[100.4948133,14.1279766],[100.4948562,14.1282836],[100.4941267,14.1288038],[100.4946738,14.1294385],[100.4937726,14.1298806],[100.4943466,14.1303436],[100.4942983,14.1310927],[100.4948401,14.1312124],[100.4944164,14.1318938],[100.4948294,14.1333452],[100.4963207,14.1336573],[100.4966104,14.1342504],[100.4978549,14.134422],[100.4985255,14.1351867],[100.5015349,14.1366485],[100.5023342,14.1379594],[100.503847,14.1374964],[100.5052954,14.1381102],[100.5056977,14.1388073],[100.5081654,14.1394107],[100.5085543,14.1398243],[100.5087903,14.1412002],[100.5095091,14.1418738],[100.5168976,14.143653],[100.5137032,14.1528824],[100.5057514,14.1517541],[100.5048008,14.1511304],[100.5028626,14.1518389],[100.4984772,14.1525344],[100.4959881,14.1514629],[100.4929519,14.1515357],[100.490613,14.1508491],[100.488832,14.1515253],[100.4881024,14.1511612],[100.4879737,14.1496111],[100.486815,14.1490808],[100.485903,14.1497102],[100.4858065,14.1502408],[100.4873638,14.152399],[100.4867613,14.1527841],[100.4836827,14.1531586],[100.476151,14.1532626],[100.4671181,14.1510552],[100.467074,14.1413972],[100.4650515,14.141325],[100.4614971,14.1404381],[100.4614885,14.1337302]]]}},{"type":"Feature","properties":{"id":"TH-LAO-6140405","nameTh":"โคกช้าง","type":"subdistrict_admin_org"},"geometry":{"type":"Polygon","coordinates":[[[100.4702242,14.1125742],[100.4695654,14.111583],[100.4616987,14.1119794],[100.4516995,14.1105748],[100.449205,14.1127651],[100.4467264,14.1162195],[100.4282462,14.1156576],[100.42889,14.1261194],[100.4297429,14.1261819],[100.4298717,14.1232686],[100.4353477,14.1240389],[100.4351556,14.1269883],[100.4400585,14.1273238],[100.4400346,14.1253756],[100.4419202,14.1254536],[100.4417646,14.1223843],[100.4468447,14.1218068],[100.4534697,14.1216819],[100.4622486,14.1222282],[100.4622191,14.1212189],[100.4758501,14.1210473],[100.4865897,14.1246212],[100.4909617,14.1258698],[100.4921311,14.1258073],[100.4920345,14.1268322],[100.493263,14.1271183],[100.4939443,14.1280495],[100.4948133,14.1279766],[100.4948562,14.1282836],[100.4941267,14.1288038],[100.4946738,14.1294385],[100.4937726,14.1298806],[100.4943466,14.1303436],[100.4942983,14.1310927],[100.4948401,14.1312124],[100.4944164,14.1318938],[100.4948294,14.1333452],[100.4963207,14.1336573],[100.4966104,14.1342504],[100.4978549,14.134422],[100.4985255,14.1351867],[100.5015349,14.1366485],[100.5023342,14.1379594],[100.503847,14.1374964],[100.5052954,14.1381102],[100.5056977,14.1388073],[100.5081654,14.1394107],[100.5085543,14.1398243],[100.5087903,14.1412002],[100.5095091,14.1418738],[100.5168976,14.143653],[100.5215145,14.1314918],[100.5166438,14.1289833],[100.5165949,14.1284181],[100.5154649,14.1267142],[100.5122209,14.1247305],[100.5123496,14.1240386],[100.5116683,14.1231906],[100.509646,14.1225092],[100.5001599,14.1158183],[100.5003199,14.1153142],[100.5000544,14.1148148],[100.5005801,14.1128483],[100.4987439,14.1107594],[100.4992282,14.108244],[100.4967804,14.1075305],[100.4963636,14.1088059],[100.4923615,14.1074492],[100.4918588,14.1076148],[100.4908054,14.1082424],[100.4903243,14.109723],[100.4906967,14.1098511],[100.4903768,14.1107791],[100.4899734,14.1107086],[100.4897973,14.1111646],[100.4895553,14.1110741],[100.488891,14.1126714],[100.4855651,14.1116881],[100.4853558,14.1120679],[100.4820136,14.1113361],[100.4758308,14.1105641],[100.4702242,14.1125742]]]}},{"type":"Feature","properties":{"id":"TH-LAO-5140402","nameTh":"ราชคราม","type":"subdistrict_municipality"},"geometry":{"type":"Polygon","coordinates":[[[100.5130314,14.1546955],[100.5178983,14.1410172],[100.5208403,14.1419878],[100.5218459,14.1418381],[100.5222296,14.1409247],[100.5266251,14.1435713],[100.5257315,14.1445869],[100.5269548,14.145521],[100.5264794,14.1467583],[100.5269708,14.1467799],[100.5267724,14.1472889],[100.5292925,14.1484017],[100.5295316,14.148842],[100.5297824,14.1482486],[100.5311235,14.1485827],[100.5306626,14.150118],[100.5326512,14.1503768],[100.5332547,14.1489666],[100.5354934,14.1491081],[100.5354353,14.1494591],[100.5366303,14.1498741],[100.5365106,14.1503078],[100.5359705,14.1505],[100.5399561,14.1508244],[100.5404608,14.1486392],[100.5426075,14.1485581],[100.5436288,14.1488299],[100.5434323,14.1493519],[100.5437797,14.1495048],[100.5435047,14.1504468],[100.5455556,14.150885],[100.5457514,14.1503998],[100.5461366,14.1504697],[100.5460468,14.1508727],[100.5510523,14.1517789],[100.550673,14.1541316],[100.5520517,14.1543085],[100.551483,14.1550107],[100.5510861,14.157445],[100.550437,14.1572941],[100.5477011,14.1589221],[100.5449009,14.1583657],[100.5439728,14.1602746],[100.5411297,14.1598897],[100.5409044,14.1613929],[100.5387908,14.1611536],[100.5386996,14.1599989],[100.5362695,14.1600405],[100.5360711,14.1622615],[100.5348533,14.1625164],[100.5346253,14.1636321],[100.5340514,14.1637465],[100.5339789,14.1701571],[100.5330348,14.1719463],[100.5316722,14.1831597],[100.5313826,14.1888494],[100.5317742,14.1906436],[100.5317473,14.1943309],[100.5321964,14.1956416],[100.5181115,14.2017238],[100.5157522,14.2023125],[100.5133456,14.2023621],[100.5095063,14.201543],[100.5077119,14.2007528],[100.5064492,14.1985867],[100.5041543,14.1927394],[100.5036583,14.1873335],[100.5042009,14.1783301],[100.5047238,14.1732501],[100.507246,14.1655831],[100.5110658,14.1591539],[100.5130314,14.1546955]]]}},{"type":"Feature","properties":{"id":"TH-LAO-6140410","nameTh":"โพแตง","type":"subdistrict_admin_org"},"geometry":{"type":"Polygon","coordinates":[[[100.5178983,14.1410172],[100.5215145,14.1314918],[100.5251727,14.124259],[100.5264795,14.122738],[100.5297303,14.1203033],[100.5401311,14.1169407],[100.5456712,14.1145443],[100.5479157,14.1127806],[100.5493849,14.1103576],[100.553483,14.1111848],[100.5539151,14.1116097],[100.553358,14.1118618],[100.5528683,14.113292],[100.5536056,14.1137295],[100.5536276,14.1144179],[100.5540843,14.1149889],[100.5530884,14.1160721],[100.5528518,14.1170966],[100.5519109,14.1172407],[100.5521915,14.1183079],[100.5528188,14.1179717],[100.5530664,14.1186494],[100.5539082,14.1187935],[100.5545024,14.1194552],[100.5559771,14.1200742],[100.5573966,14.119802],[100.5578478,14.1192631],[100.560321,14.1179772],[100.5610773,14.1205917],[100.5626231,14.122189],[100.5665142,14.1224681],[100.5684864,14.1221838],[100.5707197,14.1226025],[100.5734222,14.1224423],[100.5745096,14.1229385],[100.5750746,14.1237294],[100.5804603,14.1276502],[100.578963,14.1386278],[100.5745661,14.1381362],[100.5724042,14.143411],[100.5668222,14.1452879],[100.5671617,14.1466075],[100.5668977,14.1467583],[100.5624372,14.1470133],[100.5628663,14.1487895],[100.5624425,14.1486699],[100.561139,14.1468441],[100.5604928,14.1437443],[100.5577275,14.1455952],[100.5580759,14.1471979],[100.5579954,14.1504125],[100.5571355,14.1510826],[100.5569923,14.1519417],[100.5556673,14.1521239],[100.5558121,14.1546934],[100.5542805,14.1547741],[100.5550689,14.1567089],[100.5543689,14.1569294],[100.554296,14.1573217],[100.5538979,14.1572742],[100.5538459,14.1575252],[100.5512376,14.1569438],[100.551483,14.1550107],[100.5520517,14.1543085],[100.550673,14.1541316],[100.5510523,14.1517789],[100.5460468,14.1508727],[100.5461366,14.1504697],[100.5457514,14.1503998],[100.5455556,14.150885],[100.5435047,14.1504468],[100.5437797,14.1495048],[100.5434323,14.1493519],[100.5436288,14.1488299],[100.5416321,14.1484604],[100.5404608,14.1486392],[100.5399561,14.1508244],[100.5359705,14.1505],[100.5365106,14.1503078],[100.5366303,14.1498741],[100.5354353,14.1494591],[100.5354934,14.1491081],[100.5332547,14.1489666],[100.5326512,14.1503768],[100.5306626,14.150118],[100.5311235,14.1485827],[100.5297824,14.1482486],[100.5295316,14.148842],[100.5292925,14.1484017],[100.5267724,14.1472889],[100.5269708,14.1467799],[100.5264794,14.1467583],[100.5269548,14.145521],[100.5257315,14.1445869],[100.5266251,14.1435713],[100.5222296,14.1409247],[100.5218459,14.1418381],[100.5208403,14.1419878],[100.5178983,14.1410172]]]}},{"type":"Feature","properties":{"id":"TH-LAO-6140407","nameTh":"บ้านกลึง","type":"subdistrict_admin_org"},"geometry":{"type":"Polygon","coordinates":[[[100.4870205,14.2971693],[100.4871905,14.2961833],[100.4868335,14.2959504],[100.4845364,14.298946],[100.4832423,14.2993179],[100.4814922,14.2989854],[100.4787504,14.2967505],[100.4775065,14.2948727],[100.475987,14.2938742],[100.4745626,14.2935582],[100.4725915,14.2938014],[100.4701316,14.2947122],[100.4651836,14.2973629],[100.4593706,14.2996193],[100.4577935,14.3008565],[100.4567681,14.3022756],[100.4564167,14.3036055],[100.4585015,14.3045576],[100.4612572,14.3020227],[100.4619823,14.3027181],[100.4640698,14.301596],[100.4645116,14.3020631],[100.4648094,14.3035014],[100.4654543,14.3034735],[100.4657578,14.304614],[100.4662501,14.3044531],[100.4666568,14.3067772],[100.4694076,14.3066892],[100.4694792,14.307286],[100.4700813,14.3072888],[100.4702901,14.3078565],[100.4721319,14.3081611],[100.4721441,14.3088684],[100.4729117,14.3088681],[100.4735831,14.310808],[100.4768677,14.3107945],[100.4764387,14.3123714],[100.4771459,14.3126204],[100.4773455,14.3121378],[100.478153,14.3122482],[100.4780434,14.3148561],[100.4783246,14.3162424],[100.4779663,14.3175499],[100.4813302,14.3168751],[100.4845807,14.3177501],[100.4857984,14.3186024],[100.4870608,14.3196511],[100.4870108,14.32143],[100.48792,14.3224461],[100.49048,14.3223048],[100.4902911,14.3229997],[100.4907148,14.3232189],[100.4903237,14.3240497],[100.4913248,14.3247762],[100.4915134,14.3252662],[100.4910609,14.3261495],[100.49171,14.3262664],[100.4917636,14.327241],[100.4928454,14.3264437],[100.4942559,14.3273519],[100.4940565,14.327622],[100.4960632,14.3288756],[100.4980387,14.3265536],[100.49872,14.3270344],[100.4989318,14.3266692],[100.5008058,14.3275194],[100.5021375,14.3256214],[100.5024793,14.3245461],[100.5047284,14.3216623],[100.5040918,14.3212432],[100.5046785,14.3206633],[100.5058538,14.3168829],[100.5059073,14.3161932],[100.5034265,14.3148808],[100.5039563,14.3135574],[100.5036621,14.3134276],[100.5038683,14.3129449],[100.5043082,14.3131492],[100.5054073,14.3115738],[100.5028907,14.3107125],[100.5033195,14.3096142],[100.5039722,14.3098244],[100.5040803,14.3096117],[100.5085644,14.3111797],[100.508945,14.3109869],[100.5092512,14.3103909],[100.5090409,14.3102747],[100.5101436,14.3086542],[100.5094309,14.3078448],[100.5097641,14.3036245],[100.5095454,14.3027527],[100.5086049,14.3027253],[100.5088405,14.3011216],[100.5103352,14.3012585],[100.5105337,14.2990735],[100.5134683,14.299177],[100.5131779,14.2980405],[100.5110674,14.2979455],[100.5110246,14.2973035],[100.5130077,14.2971666],[100.5128386,14.2966073],[100.5149125,14.2958503],[100.5146831,14.2937427],[100.5166107,14.2942947],[100.5168027,14.2935517],[100.5171736,14.2936077],[100.5175376,14.2921646],[100.5196854,14.2921706],[100.519455,14.2904705],[100.5213143,14.2904481],[100.5215389,14.2899481],[100.5222309,14.2901974],[100.522542,14.2897373],[100.5233467,14.2898673],[100.5234693,14.28965],[100.5240315,14.289967],[100.5244461,14.2896486],[100.5249794,14.2879848],[100.5247584,14.2866201],[100.5251216,14.2847039],[100.5223747,14.2846864],[100.5223558,14.2849054],[100.5207891,14.2846943],[100.5198248,14.2852477],[100.5190097,14.2847578],[100.5186941,14.2855849],[100.5176452,14.2865671],[100.5174638,14.28755],[100.5132852,14.2878754],[100.5136995,14.2899631],[100.5146267,14.2898483],[100.5146545,14.2904146],[100.5105509,14.2911817],[100.510652,14.2918148],[100.5097827,14.2918696],[100.5097582,14.2931386],[100.5090264,14.294388],[100.508767,14.2958454],[100.5080463,14.2959127],[100.507823,14.2962419],[100.5074002,14.2962644],[100.5073908,14.2958631],[100.5051008,14.2960769],[100.5050714,14.2952111],[100.503078,14.2952268],[100.5030182,14.2961599],[100.4972627,14.2955563],[100.4957628,14.2981794],[100.4918852,14.2974323],[100.4914558,14.2970778],[100.4912472,14.2980373],[100.4889273,14.2976731],[100.488005,14.2978169],[100.4870205,14.2971693]]]}},{"type":"Feature","properties":{"id":"TH-LAO-6140406","nameTh":"บางยี่โท","type":"subdistrict_admin_org"},"geometry":{"type":"Polygon","coordinates":[[[100.4515037,14.3238621],[100.4513111,14.3228684],[100.4491305,14.3229242],[100.4473917,14.3223517],[100.4475045,14.3216899],[100.4449826,14.3212731],[100.4452179,14.3201168],[100.4442896,14.3199548],[100.4444286,14.3191273],[100.4425205,14.3188317],[100.4424554,14.3191594],[100.4418978,14.3190567],[100.4423279,14.3167572],[100.4412596,14.3167468],[100.4417813,14.3142],[100.4413324,14.31417],[100.4416944,14.3123767],[100.441073,14.312307],[100.440855,14.3134761],[100.4403216,14.313363],[100.4407936,14.3105925],[100.4403564,14.3105119],[100.4401763,14.311543],[100.4378638,14.3108633],[100.437782,14.311233],[100.4374857,14.3111364],[100.4375318,14.3108298],[100.4363628,14.3103951],[100.4363187,14.3106599],[100.4349195,14.3105042],[100.435689,14.3058922],[100.4342681,14.3056352],[100.434302,14.3053209],[100.4330674,14.304984],[100.432731,14.3044607],[100.4323663,14.3024531],[100.4325547,14.3004836],[100.4321515,14.300451],[100.4322106,14.2994426],[100.4316758,14.2994109],[100.4319668,14.2959507],[100.4305598,14.2959611],[100.430789,14.2919987],[100.4319557,14.2913661],[100.4330957,14.2911981],[100.4334821,14.2890294],[100.4335034,14.2879438],[100.4320427,14.2874634],[100.4326214,14.2836159],[100.4322773,14.2832151],[100.4324039,14.2817355],[100.4320116,14.2817087],[100.431928,14.2810096],[100.4323507,14.2809939],[100.4324349,14.2802216],[100.4333419,14.2802682],[100.4334521,14.2787947],[100.4339965,14.2788501],[100.4341176,14.2780879],[100.4331017,14.2780134],[100.4331035,14.2775261],[100.4341225,14.2774239],[100.4355101,14.2782692],[100.4359335,14.2772711],[100.4359416,14.2767357],[100.434072,14.2766889],[100.4340343,14.2745097],[100.4344207,14.2737256],[100.4351234,14.2687346],[100.4358637,14.2667642],[100.4363733,14.2666707],[100.4369473,14.2656517],[100.4375696,14.2624802],[100.437634,14.2595376],[100.4367649,14.2566624],[100.4372075,14.2566157],[100.4372557,14.2556356],[100.4412932,14.2555272],[100.4414856,14.2536884],[100.4408821,14.2536546],[100.4409438,14.2527318],[100.4379398,14.2525134],[100.4382488,14.2495296],[100.4405039,14.2495654],[100.4406327,14.2480524],[100.4415086,14.2481314],[100.4418557,14.2444949],[100.4415127,14.2410854],[100.4443763,14.2411209],[100.4444622,14.2398155],[100.4457272,14.2396733],[100.4475885,14.2408931],[100.4475997,14.2411779],[100.4487687,14.2414561],[100.4490064,14.2389928],[100.455476,14.239182],[100.4553599,14.2384473],[100.4565854,14.2386504],[100.4579371,14.2393775],[100.4580765,14.2387199],[100.458939,14.2387932],[100.4591023,14.2379451],[100.4608569,14.2380156],[100.4649005,14.2374284],[100.4649133,14.2377982],[100.4658142,14.237895],[100.4667768,14.2378518],[100.4667333,14.2375467],[100.4701048,14.2378847],[100.4796588,14.2408407],[100.4802597,14.2399723],[100.4810777,14.2399866],[100.4816007,14.246061],[100.4823074,14.2494807],[100.4839213,14.2538656],[100.4843188,14.2563688],[100.4842304,14.2589577],[100.4830672,14.2672696],[100.4838753,14.2702267],[100.4874777,14.277478],[100.4884799,14.282715],[100.4882138,14.2904977],[100.487733,14.2939501],[100.4859452,14.2973776],[100.4845364,14.298946],[100.4832423,14.2993179],[100.4814922,14.2989854],[100.4787504,14.2967505],[100.4775065,14.2948727],[100.475987,14.2938742],[100.4745626,14.2935582],[100.4725915,14.2938014],[100.4701316,14.2947122],[100.4666346,14.2967048],[100.4593706,14.2996193],[100.4577935,14.3008565],[100.4567681,14.3022756],[100.4564167,14.3036055],[100.4585015,14.3045576],[100.4612572,14.3020227],[100.4619823,14.3027181],[100.4640698,14.301596],[100.4645116,14.3020631],[100.4648094,14.3035014],[100.4654543,14.3034735],[100.4657578,14.304614],[100.4662501,14.3044531],[100.4666568,14.3067772],[100.4694076,14.3066892],[100.4694792,14.307286],[100.4700813,14.3072888],[100.4702901,14.3078565],[100.4721319,14.3081611],[100.4721441,14.3088684],[100.4729117,14.3088681],[100.4729218,14.3094876],[100.4732672,14.3094754],[100.4735831,14.310808],[100.4768677,14.3107945],[100.4764387,14.3123714],[100.4771459,14.3126204],[100.4773455,14.3121378],[100.478153,14.3122482],[100.4780434,14.3148561],[100.4783246,14.3162424],[100.4779663,14.3175499],[100.4774433,14.3177136],[100.4766172,14.3194237],[100.4760217,14.319681],[100.4719019,14.3194601],[100.4688723,14.3186285],[100.4655214,14.3198022],[100.4606795,14.320445],[100.4606789,14.3208478],[100.4582655,14.3213286],[100.4566132,14.3221525],[100.4532498,14.3231427],[100.4531479,14.3237949],[100.4515037,14.3238621]]]}},{"type":"Feature","properties":{"id":"TH-LAO-6140707","nameTh":"บ้านลี่","type":"subdistrict_admin_org"},"geometry":{"type":"Polygon","coordinates":[[[100.5124268,14.4383081],[100.5125469,14.4376302],[100.5118143,14.4371119],[100.5115864,14.4362121],[100.5126524,14.436243],[100.5130065,14.4360413],[100.5131031,14.4353715],[100.5154483,14.4357744],[100.5156548,14.4349127],[100.5166433,14.4350949],[100.516732,14.4344902],[100.5177763,14.433007],[100.5174183,14.4321686],[100.5189559,14.4322645],[100.5195862,14.4300098],[100.5213256,14.4308151],[100.5215362,14.42975],[100.523234,14.4307475],[100.5227606,14.4315476],[100.5232474,14.4320229],[100.5277267,14.4339581],[100.5276513,14.4349736],[100.5255717,14.4347459],[100.5247439,14.4364691],[100.5243296,14.4364154],[100.5234056,14.4382441],[100.5230677,14.438218],[100.5230302,14.4389947],[100.5232835,14.4390023],[100.5233386,14.4394285],[100.5243498,14.43927],[100.5247423,14.4418722],[100.5241339,14.4420302],[100.5244237,14.4426587],[100.524707,14.442615],[100.5248899,14.4431261],[100.5246087,14.4432186],[100.5250237,14.4441022],[100.5253986,14.4440236],[100.525905,14.4455736],[100.5275792,14.4453714],[100.5276221,14.4460883],[100.5262756,14.4462182],[100.5265009,14.4481351],[100.5262649,14.4495376],[100.526348,14.4504519],[100.5267826,14.450987],[100.5265814,14.4510467],[100.5271447,14.4519895],[100.5281505,14.4525142],[100.5310929,14.4531246],[100.5314684,14.4527843],[100.5322248,14.4536492],[100.5326325,14.4549401],[100.5342793,14.4550414],[100.5340701,14.4561868],[100.5335337,14.4560855],[100.5334828,14.4571452],[100.5376267,14.4588984],[100.5374387,14.4601614],[100.5378877,14.4602547],[100.5375091,14.4621922],[100.5401775,14.4632565],[100.5401239,14.4638798],[100.5407324,14.4643394],[100.5403733,14.4650356],[100.5407703,14.4655109],[100.5394413,14.4662887],[100.5395687,14.466477],[100.5380613,14.4677912],[100.5369806,14.4681547],[100.5362054,14.46696],[100.5353525,14.4663367],[100.5322679,14.4648615],[100.5313833,14.4641208],[100.530444,14.4638901],[100.5298271,14.4631941],[100.5289819,14.4630852],[100.5281827,14.4607589],[100.5261296,14.4608575],[100.5243669,14.4617758],[100.5222814,14.4621828],[100.5203721,14.462054],[100.5204204,14.4613735],[100.51898,14.4611372],[100.5191582,14.4604144],[100.5181829,14.4601192],[100.5178562,14.4607917],[100.5169228,14.4606956],[100.5174096,14.4584335],[100.5151325,14.457592],[100.5152287,14.4566696],[100.5154985,14.4567114],[100.5156434,14.456192],[100.5109615,14.4556962],[100.5103895,14.458008],[100.5084282,14.4576543],[100.508514,14.4572829],[100.5076197,14.4571595],[100.5074906,14.4576752],[100.5059996,14.4573605],[100.5009724,14.4558345],[100.5011779,14.4542109],[100.5003976,14.4536801],[100.5006283,14.4530634],[100.5015836,14.4524121],[100.5016194,14.451487],[100.5023407,14.4511817],[100.5027307,14.4505807],[100.5049273,14.4499955],[100.5051288,14.4493787],[100.5057884,14.4490357],[100.5062173,14.4466946],[100.5067112,14.4459803],[100.5064285,14.4455272],[100.5071044,14.4446933],[100.506682,14.4439318],[100.506877,14.443507],[100.5051908,14.4428805],[100.505349,14.4418753],[100.5026534,14.4408597],[100.5042255,14.4376473],[100.5059672,14.4369487],[100.5063575,14.4364154],[100.5124268,14.4383081]]]}},{"type":"Feature","properties":{"id":"TH-LAO-6140705","nameTh":"บางปะหัน","type":"subdistrict_admin_org"},"geometry":{"type":"Polygon","coordinates":[[[100.5742692,14.4554512],[100.5712624,14.452137],[100.5683442,14.4508487],[100.5667134,14.450724],[100.5658336,14.4498929],[100.5655332,14.4478358],[100.566134,14.4463812],[100.5669977,14.4454462],[100.5671104,14.4428643],[100.563527,14.4415188],[100.5627652,14.4408539],[100.5619353,14.4368866],[100.5606731,14.4334354],[100.5590423,14.432199],[100.5576529,14.430537],[100.5569561,14.4315662],[100.5542991,14.4333699],[100.5527026,14.4356667],[100.5515498,14.4364423],[100.547431,14.4375556],[100.5470063,14.4381776],[100.54632,14.4433952],[100.545028,14.4471096],[100.5473556,14.4475791],[100.546719,14.465374],[100.5532984,14.4760084],[100.5550101,14.4752371],[100.5559891,14.4751722],[100.5651979,14.4704526],[100.5644864,14.4675574],[100.5646374,14.4667232],[100.5650183,14.4663959],[100.5655923,14.4663855],[100.5670567,14.4655804],[100.5715843,14.4659544],[100.5728288,14.4665154],[100.5748029,14.4657882],[100.5760904,14.464687],[100.5767985,14.4616119],[100.5766268,14.4603444],[100.5742692,14.4554512]]]}},{"type":"Feature","properties":{"id":"TH-LAO-5140701","nameTh":"บางปะหัน","type":"subdistrict_municipality"},"geometry":{"type":"Polygon","coordinates":[[[100.5278045,14.4331633],[100.5297719,14.4331503],[100.5297545,14.4324723],[100.5307576,14.4323294],[100.5318412,14.4332542],[100.5371091,14.4349504],[100.5388914,14.4359452],[100.5401587,14.4380024],[100.5407676,14.4384025],[100.5436188,14.4382128],[100.5448016,14.438509],[100.5452254,14.4376518],[100.5460221,14.4375219],[100.5470063,14.4381776],[100.54632,14.4433952],[100.545028,14.4471096],[100.5473556,14.4475791],[100.546719,14.465374],[100.5532984,14.4760084],[100.5507314,14.4771093],[100.5475442,14.4779103],[100.541422,14.4679626],[100.5394413,14.4662887],[100.5407703,14.4655109],[100.5403733,14.4650356],[100.5407324,14.4643394],[100.5401239,14.4638798],[100.5401775,14.4632565],[100.5375091,14.4621922],[100.5378877,14.4602547],[100.5374387,14.4601614],[100.5376267,14.4588984],[100.5334828,14.4571452],[100.5335337,14.4560855],[100.5340701,14.4561868],[100.5342793,14.4550414],[100.5326325,14.4549401],[100.5322248,14.4536492],[100.5314684,14.4527843],[100.5310929,14.4531246],[100.5281505,14.4525142],[100.5268094,14.451561],[100.5267129,14.4506572],[100.526348,14.4504519],[100.5262756,14.4462182],[100.5276221,14.4460883],[100.5275792,14.4453714],[100.525905,14.4455736],[100.5253986,14.4440236],[100.5250237,14.4441022],[100.5246087,14.4432186],[100.5248899,14.4431261],[100.524707,14.442615],[100.5244237,14.4426587],[100.5241339,14.4420302],[100.5247423,14.4418722],[100.5243498,14.43927],[100.5233386,14.4394285],[100.5232835,14.4390023],[100.5230302,14.4389947],[100.5230677,14.438218],[100.5234056,14.4382441],[100.5243296,14.4364154],[100.5247439,14.4364691],[100.5255717,14.4347459],[100.5276513,14.4349736],[100.5278045,14.4331633]]]}},{"type":"Feature","properties":{"id":"TH-LAO-6140704","nameTh":"บางเดื่อ","type":"subdistrict_admin_org"},"geometry":{"type":"Polygon","coordinates":[[[100.5964824,14.4355725],[100.5937209,14.437516],[100.5923411,14.4349348],[100.5902785,14.4348101],[100.5903214,14.4343531],[100.5898837,14.4343295],[100.589913,14.4340169],[100.5884792,14.4339135],[100.5895758,14.4285652],[100.5884689,14.4283747],[100.5883386,14.4289599],[100.5874498,14.4287872],[100.5875412,14.4283031],[100.5823862,14.4273048],[100.582451,14.4270494],[100.5804654,14.4266031],[100.5805768,14.4261857],[100.5791472,14.4258339],[100.579177,14.4255236],[100.5797128,14.4255402],[100.5802524,14.4232092],[100.5798132,14.4231237],[100.5799241,14.4227427],[100.5790718,14.4225477],[100.5805931,14.4170163],[100.5785847,14.416656],[100.5788684,14.4155407],[100.5763256,14.4152706],[100.5769265,14.4123247],[100.5749363,14.4119558],[100.5744266,14.4146159],[100.5724418,14.4163045],[100.5719148,14.4189801],[100.571535,14.4189406],[100.5712155,14.4206547],[100.5706249,14.4205092],[100.5703229,14.4216638],[100.5690506,14.42136],[100.5686655,14.4231548],[100.5682046,14.4231043],[100.5661306,14.4304515],[100.5653608,14.4303631],[100.565166,14.4308872],[100.564543,14.4308554],[100.5630822,14.4320466],[100.5626222,14.4304852],[100.5616727,14.4304878],[100.5616069,14.431008],[100.5596661,14.4305498],[100.5595672,14.4293734],[100.5577784,14.4293245],[100.5576529,14.430537],[100.5590423,14.432199],[100.5606731,14.4334354],[100.5613329,14.434781],[100.5627652,14.4408539],[100.563527,14.4415188],[100.5671104,14.4428643],[100.5669977,14.4454462],[100.566134,14.4463812],[100.5655332,14.4478358],[100.5658336,14.4498929],[100.5667134,14.450724],[100.5683442,14.4508487],[100.5712624,14.452137],[100.5742692,14.4554512],[100.5769837,14.454563],[100.5767293,14.4539551],[100.5795653,14.4529525],[100.5791726,14.4518729],[100.580187,14.4516481],[100.5794236,14.4499906],[100.5784181,14.4501728],[100.5779278,14.4491827],[100.5783688,14.448883],[100.5781725,14.4483952],[100.5791524,14.4479783],[100.5789285,14.4475743],[100.5795061,14.4468796],[100.5820436,14.4452662],[100.5825205,14.4462015],[100.5827334,14.4461046],[100.5825985,14.4453396],[100.583085,14.4464393],[100.5840283,14.446228],[100.5844319,14.4470414],[100.5848652,14.4468769],[100.5853212,14.4478839],[100.5857414,14.4477301],[100.5867305,14.4497863],[100.5883361,14.4490511],[100.5874354,14.4472869],[100.5884077,14.4468296],[100.5882019,14.4463672],[100.5897382,14.445802],[100.5900195,14.4454379],[100.5898481,14.4450832],[100.594108,14.4430888],[100.5934841,14.4419821],[100.5990278,14.4393661],[100.5988589,14.4381219],[100.5983037,14.4381245],[100.5979014,14.4375323],[100.5991278,14.4366838],[100.5984258,14.4351206],[100.5964824,14.4355725]]]}},{"type":"Feature","properties":{"id":"TH-LAO-6140709","nameTh":"โพธิ์สามต้น","type":"subdistrict_admin_org"},"geometry":{"type":"Polygon","coordinates":[[[100.5281505,14.4329736],[100.5297719,14.4331503],[100.5297545,14.4324723],[100.5307576,14.4323294],[100.5318412,14.4332542],[100.5371091,14.4349504],[100.5388914,14.4359452],[100.5404618,14.4382908],[100.5416661,14.4384726],[100.5436188,14.4382128],[100.5448016,14.438509],[100.5453461,14.4375998],[100.5462795,14.4375842],[100.5470063,14.4381776],[100.547431,14.4375556],[100.5515498,14.4364423],[100.5527026,14.4356667],[100.5542991,14.4333699],[100.5569561,14.4315662],[100.5576529,14.430537],[100.5577784,14.4293245],[100.5595672,14.4293734],[100.5596661,14.4305498],[100.5616069,14.431008],[100.5616727,14.4304878],[100.5626222,14.4304852],[100.5630822,14.4320466],[100.564543,14.4308554],[100.565166,14.4308872],[100.5653608,14.4303631],[100.5661306,14.4304515],[100.5682046,14.4231043],[100.5686655,14.4231548],[100.5690506,14.42136],[100.5703229,14.4216638],[100.5706249,14.4205092],[100.5712155,14.4206547],[100.571535,14.4189406],[100.5719148,14.4189801],[100.5724418,14.4163045],[100.5744266,14.4146159],[100.5747807,14.4127092],[100.5720107,14.4121322],[100.5721633,14.4112178],[100.5709398,14.4110102],[100.5716455,14.4047586],[100.5633277,14.4052378],[100.562035,14.4050685],[100.5597912,14.403972],[100.5585956,14.404894],[100.5569146,14.4044143],[100.5560803,14.4048247],[100.5512604,14.4048733],[100.5497906,14.4052534],[100.5480766,14.4043077],[100.5463323,14.4046613],[100.5451629,14.4087565],[100.5444878,14.4085942],[100.5443162,14.4092229],[100.5434944,14.4090542],[100.5433694,14.4098905],[100.5428906,14.410036],[100.5393165,14.4101036],[100.5393246,14.4104802],[100.5405503,14.4106543],[100.5405986,14.411205],[100.5400112,14.4122234],[100.5393755,14.4122883],[100.5393219,14.4127741],[100.5380666,14.4127247],[100.5384985,14.4138678],[100.5376857,14.4138314],[100.5376643,14.4141587],[100.5359477,14.414034],[100.5359504,14.4188944],[100.5368811,14.419362],[100.5364117,14.4203413],[100.5366531,14.4208427],[100.5374148,14.420957],[100.537447,14.4222039],[100.5360818,14.4221026],[100.5360603,14.4225546],[100.5312619,14.4222662],[100.5312163,14.4229416],[100.5304921,14.4228897],[100.5305484,14.424747],[100.5319458,14.4248795],[100.5319297,14.4252042],[100.5310687,14.4251704],[100.530716,14.4259224],[100.5293816,14.4258276],[100.5278528,14.4261861],[100.5279359,14.4280304],[100.5283785,14.428059],[100.5285817,14.4302955],[100.528636,14.4324307],[100.5281505,14.4329736]]]}},{"type":"Feature","properties":{"id":"TH-LAO-6140708","nameTh":"พุทเลา","type":"subdistrict_admin_org"},"geometry":{"type":"Polygon","coordinates":[[[100.5124268,14.4383081],[100.5125469,14.4376302],[100.5118143,14.4371119],[100.5115864,14.4362121],[100.5126524,14.436243],[100.5130065,14.4360413],[100.5131031,14.4353715],[100.5154483,14.4357744],[100.5156548,14.4349127],[100.5166433,14.4350949],[100.516732,14.4344902],[100.5177763,14.433007],[100.5174183,14.4321686],[100.5189559,14.4322645],[100.5195862,14.4300098],[100.5213256,14.4308151],[100.5215362,14.42975],[100.523234,14.4307475],[100.5227606,14.4315476],[100.5232474,14.4320229],[100.5277267,14.4339581],[100.5278045,14.4331633],[100.528636,14.4324307],[100.5283785,14.428059],[100.5279359,14.4280304],[100.5278528,14.4261861],[100.5293816,14.4258276],[100.530716,14.4259224],[100.5310687,14.4251704],[100.5319297,14.4252042],[100.5319458,14.4248795],[100.5305484,14.424747],[100.5304921,14.4228897],[100.5312163,14.4229416],[100.5312619,14.4222662],[100.5360603,14.4225546],[100.5360818,14.4221026],[100.537447,14.4222039],[100.5374148,14.420957],[100.5366531,14.4208427],[100.5364117,14.4203413],[100.5368811,14.419362],[100.5359504,14.4188944],[100.5359477,14.414034],[100.5376643,14.4141587],[100.5376857,14.4138314],[100.5384985,14.4138678],[100.5380666,14.4127247],[100.5393219,14.4127741],[100.5393755,14.4122883],[100.5400112,14.4122234],[100.5405986,14.411205],[100.5405503,14.4106543],[100.5393246,14.4104802],[100.5393165,14.4101036],[100.5428906,14.410036],[100.5433694,14.4098905],[100.5434944,14.4090542],[100.5443162,14.4092229],[100.5444878,14.4085942],[100.5451629,14.4087565],[100.5462904,14.4050453],[100.5462679,14.404109],[100.5457914,14.4031958],[100.5451306,14.4025971],[100.5394614,14.4033101],[100.5324233,14.4014552],[100.530704,14.4019255],[100.5286279,14.402006],[100.5282347,14.4021009],[100.5298164,14.4049318],[100.5297378,14.4052743],[100.5284441,14.406526],[100.5272025,14.4070891],[100.5265883,14.4068533],[100.5263293,14.4060093],[100.5257285,14.4055703],[100.5244195,14.4057703],[100.5233574,14.4055625],[100.5231321,14.4052066],[100.5235478,14.4041285],[100.523234,14.4037674],[100.521099,14.403918],[100.5202154,14.4035555],[100.5202326,14.4039232],[100.5197261,14.4038764],[100.5197791,14.4048585],[100.5187599,14.4049723],[100.5185568,14.4044017],[100.5179781,14.404522],[100.5175458,14.4057778],[100.5172924,14.4056046],[100.5170286,14.4059793],[100.5163774,14.4056734],[100.5164979,14.4066939],[100.5155584,14.4065707],[100.5136354,14.4042948],[100.512298,14.4046699],[100.5109519,14.4043763],[100.5105325,14.4054258],[100.5109232,14.4055542],[100.5106733,14.4066444],[100.5099118,14.4064225],[100.5097203,14.4072443],[100.5092403,14.4073776],[100.5086346,14.4097508],[100.506822,14.4092106],[100.5066401,14.4099761],[100.5052106,14.4099789],[100.5049086,14.4107507],[100.5032918,14.4104049],[100.5028894,14.41147],[100.5032527,14.4115652],[100.503005,14.4122562],[100.5046504,14.4128122],[100.5045827,14.4132649],[100.5048529,14.4133611],[100.5043909,14.4152533],[100.5057996,14.4156343],[100.505585,14.416437],[100.5059602,14.4165317],[100.5060217,14.4171166],[100.5056546,14.4182355],[100.5052949,14.4181152],[100.504667,14.4211384],[100.5068348,14.4218816],[100.5065048,14.4241549],[100.5076775,14.4244598],[100.5069568,14.4270209],[100.5050933,14.4267308],[100.5044381,14.4293336],[100.5051837,14.4295158],[100.5049286,14.4305456],[100.5045741,14.4304396],[100.5038067,14.4319289],[100.5043012,14.4320529],[100.5039682,14.4333538],[100.5074099,14.4344533],[100.5063575,14.4364154],[100.5124268,14.4383081]]]}},{"type":"Feature","properties":{"id":"TH-LAO-5140501","nameTh":"บางบาล","type":"subdistrict_municipality"},"geometry":{"type":"Polygon","coordinates":[[[100.4675361,14.4422016],[100.4643528,14.4411688],[100.4634771,14.439735],[100.4622672,14.4389369],[100.4614707,14.4388054],[100.4612508,14.4397518],[100.4603485,14.439383],[100.4602425,14.4389749],[100.4593759,14.4389652],[100.4596952,14.4407181],[100.4588731,14.4405675],[100.4585686,14.4412311],[100.4462761,14.4372544],[100.4461795,14.437818],[100.4456162,14.4377271],[100.4456511,14.4373661],[100.4421765,14.4377149],[100.4424977,14.4392038],[100.4372734,14.4399647],[100.4372545,14.4403752],[100.4359576,14.4405973],[100.4361172,14.4412883],[100.4348163,14.4412766],[100.4347908,14.4408727],[100.4334739,14.4409662],[100.433439,14.4406649],[100.4329991,14.440696],[100.4329066,14.4398194],[100.4300863,14.4401662],[100.4298797,14.4393038],[100.4278976,14.4393142],[100.427683,14.4403324],[100.427455,14.4403532],[100.4278493,14.4432467],[100.4269481,14.443013],[100.4266423,14.4434649],[100.4260737,14.4433922],[100.4260656,14.443774],[100.4238018,14.4437221],[100.4237428,14.4440208],[100.4215032,14.4438883],[100.4215917,14.4435273],[100.4197571,14.4434337],[100.4196739,14.4437506],[100.4189375,14.4432331],[100.4183033,14.4442],[100.4168704,14.4422226],[100.4161083,14.4417544],[100.4166309,14.4405195],[100.4170745,14.4406738],[100.4172011,14.4401857],[100.4167703,14.4400572],[100.4166738,14.4392398],[100.4156275,14.4387507],[100.4161642,14.4363508],[100.4182037,14.4363758],[100.419048,14.4342363],[100.4186457,14.4341334],[100.4191245,14.4312427],[100.4205272,14.4311781],[100.4204223,14.4300043],[100.4199711,14.4300752],[100.4198944,14.4293474],[100.4190852,14.4292129],[100.4200002,14.4274046],[100.4195265,14.4273035],[100.4196605,14.4266723],[100.4183701,14.4261673],[100.4195338,14.4240455],[100.4206341,14.4229105],[100.4226698,14.4216808],[100.4242957,14.4224097],[100.4249548,14.422295],[100.4259803,14.4212112],[100.428603,14.4170683],[100.4302686,14.4152186],[100.4330689,14.4133222],[100.4334069,14.4138366],[100.4330774,14.4140439],[100.4335188,14.4147241],[100.4347728,14.4139506],[100.4354223,14.4145579],[100.4367089,14.4136674],[100.4387572,14.415355],[100.4392129,14.4150483],[100.4395006,14.415462],[100.4401409,14.4149705],[100.4394469,14.4141363],[100.435262,14.4113862],[100.4378686,14.4102424],[100.4379321,14.4098703],[100.4396082,14.410105],[100.4396248,14.4089099],[100.4407706,14.4088816],[100.440851,14.4093645],[100.4435071,14.4088845],[100.4429402,14.4080036],[100.4434545,14.4076716],[100.4446988,14.4095538],[100.4458467,14.4091329],[100.4456967,14.4087761],[100.4472666,14.4087512],[100.4471978,14.4081897],[100.4491916,14.408415],[100.4492251,14.4068698],[100.4468844,14.406662],[100.4469362,14.4054194],[100.4458603,14.4053157],[100.4458952,14.4050741],[100.4480284,14.4051324],[100.4480986,14.4039815],[100.4504776,14.4045288],[100.4505853,14.402945],[100.448292,14.4025865],[100.448248,14.4017073],[100.4501224,14.40198],[100.4502618,14.4012162],[100.4511634,14.4003478],[100.4521251,14.4004015],[100.4527039,14.3996948],[100.4532932,14.3997511],[100.45326,14.3985184],[100.4542207,14.3996549],[100.4628816,14.4013123],[100.4630399,14.4007668],[100.4640081,14.4009772],[100.4639359,14.4012267],[100.4657929,14.4014085],[100.4659276,14.4004373],[100.4684936,14.4008203],[100.4694422,14.4007739],[100.4695093,14.4003278],[100.4725403,14.4007382],[100.4734337,14.4011971],[100.4787205,14.3948737],[100.4805844,14.3898488],[100.481204,14.3894268],[100.4824522,14.3905689],[100.4837413,14.3896101],[100.4845538,14.3903414],[100.4848758,14.3899137],[100.4852068,14.389984],[100.4853624,14.3907384],[100.4856879,14.3908971],[100.4856244,14.3914677],[100.4865476,14.3908835],[100.4899994,14.3934505],[100.4919943,14.3955782],[100.4941025,14.3965555],[100.4950312,14.3963754],[100.4964334,14.3969634],[100.4989224,14.3993561],[100.4988554,14.4016137],[100.5010389,14.4040203],[100.5007303,14.4050637],[100.5023332,14.4063461],[100.5016973,14.4079354],[100.5034307,14.4085414],[100.5028707,14.4102568],[100.5032918,14.4104049],[100.5028894,14.41147],[100.5032527,14.4115652],[100.503005,14.4122562],[100.5046504,14.4128122],[100.5045827,14.4132649],[100.5048529,14.4133611],[100.5043909,14.4152533],[100.5057996,14.4156343],[100.505585,14.416437],[100.5059602,14.4165317],[100.5060217,14.4171166],[100.5056546,14.4182355],[100.5052949,14.4181152],[100.504667,14.4211384],[100.5068348,14.4218816],[100.5065048,14.4241549],[100.5076775,14.4244598],[100.5069568,14.4270209],[100.5050933,14.4267308],[100.5044381,14.4293336],[100.5051837,14.4295158],[100.5049286,14.4305456],[100.5045741,14.4304396],[100.5038067,14.4319289],[100.5043012,14.4320529],[100.5039682,14.4333538],[100.5074099,14.4344533],[100.5072982,14.4349386],[100.5059672,14.4369487],[100.5042255,14.4376473],[100.5026534,14.4408597],[100.505349,14.4418753],[100.5051908,14.4428805],[100.506877,14.443507],[100.506682,14.4439318],[100.5071044,14.4446933],[100.5064285,14.4455272],[100.5067112,14.4459803],[100.5062173,14.4466946],[100.5057884,14.4490357],[100.5051288,14.4493787],[100.5049273,14.4499955],[100.5027307,14.4505807],[100.5023407,14.4511817],[100.5016194,14.451487],[100.5015836,14.4524121],[100.5006283,14.4530634],[100.5003976,14.4536801],[100.5011779,14.4542109],[100.5009273,14.4560281],[100.4976565,14.4582023],[100.4953649,14.4632436],[100.4918092,14.4619891],[100.4912918,14.4647453],[100.4936665,14.4651595],[100.4934376,14.4658448],[100.4896259,14.4652356],[100.4894757,14.4635474],[100.4879254,14.4633708],[100.4881239,14.4618904],[100.4888374,14.4619735],[100.4888964,14.4603632],[100.4882473,14.4602437],[100.4885431,14.4581678],[100.4878128,14.4580101],[100.4878717,14.4559089],[100.4858869,14.4555323],[100.4857076,14.4541472],[100.4848764,14.4541278],[100.4847999,14.4556607],[100.4837464,14.4556145],[100.483506,14.4541288],[100.4831659,14.454119],[100.4831296,14.4530701],[100.4792619,14.4527168],[100.479278,14.4516519],[100.477497,14.4515272],[100.4774058,14.4485844],[100.4778995,14.4469758],[100.4787683,14.4470338],[100.4790848,14.4452779],[100.4787925,14.4452208],[100.4783606,14.4441273],[100.4740232,14.4431474],[100.4739828,14.4435383],[100.4713614,14.4427688],[100.4707982,14.4435909],[100.4698823,14.443269],[100.469386,14.4434312],[100.4675361,14.4422016]]]}},{"type":"Feature","properties":{"id":"TH-LAO-5140502","nameTh":"มหาพราหมณ์","type":"subdistrict_municipality"},"geometry":{"type":"Polygon","coordinates":[[[100.4525192,14.3934597],[100.4518524,14.3924221],[100.4527348,14.3917011],[100.4527777,14.3912919],[100.452126,14.3903956],[100.4513924,14.3899487],[100.4499426,14.3901799],[100.4492855,14.3890186],[100.4495269,14.3886159],[100.4504791,14.388551],[100.4508828,14.3881295],[100.449787,14.3875352],[100.4494786,14.3869947],[100.4502779,14.3863088],[100.451147,14.386314],[100.4513347,14.3856801],[100.4521126,14.3852124],[100.4521555,14.3845681],[100.4516405,14.3836172],[100.4524291,14.3834093],[100.4533574,14.3845562],[100.4555666,14.383254],[100.4560178,14.3825641],[100.455278,14.3812752],[100.4559533,14.3793075],[100.4564202,14.3788833],[100.458287,14.3790106],[100.4609477,14.3774855],[100.4618398,14.3774552],[100.4622459,14.3778077],[100.4647833,14.3766073],[100.4666018,14.376176],[100.4682687,14.374862],[100.4757265,14.3724802],[100.4793303,14.371013],[100.4795125,14.3701968],[100.4790607,14.368085],[100.4823192,14.3652163],[100.48343,14.3649228],[100.4835749,14.3644603],[100.4854789,14.3640378],[100.4833264,14.3614381],[100.4823445,14.359112],[100.481633,14.3589684],[100.4797025,14.3605981],[100.4785797,14.3610612],[100.4781721,14.3608494],[100.4776978,14.3596217],[100.4796202,14.3596141],[100.4797365,14.35931],[100.4805806,14.3592488],[100.4807395,14.3584266],[100.4816267,14.3579684],[100.4823092,14.3570589],[100.481271,14.3557413],[100.4816979,14.3549564],[100.4822847,14.3545573],[100.4828943,14.3545768],[100.4852517,14.350823],[100.4887086,14.3472403],[100.4900122,14.346362],[100.4915222,14.3469623],[100.4922635,14.3465701],[100.492453,14.3457877],[100.4940359,14.3453146],[100.4932801,14.343834],[100.4934661,14.3434597],[100.495716,14.3425716],[100.4949635,14.3406724],[100.4983458,14.3413052],[100.4987493,14.3410947],[100.4990459,14.3404528],[100.4991134,14.3380201],[100.50069,14.3375501],[100.500505,14.3370746],[100.4996788,14.3372045],[100.4994991,14.3364457],[100.5020767,14.335796],[100.5019131,14.3345564],[100.5030316,14.3343018],[100.5030477,14.3340288],[100.5053801,14.3342534],[100.5052851,14.3348956],[100.5061388,14.3354217],[100.5074195,14.3353461],[100.5073012,14.3349352],[100.5079384,14.3346585],[100.5082218,14.3350501],[100.5087553,14.3344038],[100.5089786,14.3345122],[100.5103847,14.3373256],[100.5100243,14.3375763],[100.5101471,14.3380748],[100.511662,14.3397933],[100.5123581,14.3411394],[100.5119903,14.3428217],[100.5115022,14.3431594],[100.5131443,14.3463919],[100.5134831,14.3463376],[100.5148441,14.3492204],[100.5128253,14.3503947],[100.5130118,14.3512902],[100.513926,14.3515975],[100.5140547,14.3522691],[100.5131167,14.352466],[100.5137199,14.3533781],[100.5134783,14.3535192],[100.5124783,14.3518709],[100.5119967,14.3521431],[100.5142647,14.3559765],[100.5149433,14.3565949],[100.5147824,14.3570757],[100.5155648,14.3589836],[100.5170269,14.3585344],[100.5188562,14.3614871],[100.5207884,14.3602062],[100.5213082,14.3610616],[100.519205,14.3625603],[100.5204821,14.3638705],[100.520533,14.3645824],[100.5219439,14.3653619],[100.5213456,14.369639],[100.5191839,14.3689346],[100.5190873,14.3710834],[100.5187881,14.3711429],[100.5188175,14.3716574],[100.5202782,14.371759],[100.5209947,14.3723852],[100.5206966,14.3727671],[100.5196935,14.3732815],[100.5194735,14.3730269],[100.5181056,14.3744612],[100.5172419,14.37443],[100.5166089,14.3749704],[100.5153912,14.3736505],[100.5151874,14.3744248],[100.516566,14.3759369],[100.5161852,14.3762591],[100.5145597,14.3744404],[100.5141896,14.3747573],[100.5150077,14.3760565],[100.5139938,14.3767814],[100.5137604,14.3765319],[100.5117805,14.3786748],[100.5113357,14.37853],[100.5114739,14.3787534],[100.5110165,14.379364],[100.5092315,14.3774673],[100.5087782,14.3775569],[100.5071649,14.3791379],[100.5075136,14.3795536],[100.5073768,14.3798213],[100.5052042,14.3812269],[100.5048984,14.3815646],[100.5051935,14.381892],[100.5046087,14.3823571],[100.5047402,14.3825545],[100.5043834,14.3828741],[100.5041581,14.3826351],[100.5031148,14.3835652],[100.5035305,14.3840744],[100.5032006,14.3843654],[100.5034474,14.3846278],[100.5024978,14.3853137],[100.501669,14.38442],[100.500572,14.3851215],[100.5011004,14.3857606],[100.5007088,14.3860646],[100.5024227,14.387956],[100.502184,14.3881586],[100.5024326,14.388438],[100.5013303,14.3897666],[100.5016263,14.3901152],[100.5008966,14.3911828],[100.5012345,14.3921181],[100.4998183,14.3935626],[100.5005372,14.394394],[100.4985717,14.3965945],[100.4998291,14.397909],[100.4993489,14.398478],[100.500277,14.3993743],[100.4997647,14.3998549],[100.4989224,14.3993561],[100.4964334,14.3969634],[100.4950312,14.3963754],[100.4941025,14.3965555],[100.4928557,14.3961056],[100.4919943,14.3955782],[100.4899994,14.3934505],[100.4865476,14.3908835],[100.4856244,14.3914677],[100.4856879,14.3908971],[100.4853624,14.3907384],[100.4852068,14.389984],[100.4848758,14.3899137],[100.4845538,14.3903414],[100.4837413,14.3896101],[100.4824522,14.3905689],[100.481204,14.3894268],[100.4805844,14.3898488],[100.4787205,14.3948737],[100.4734337,14.4011971],[100.4725403,14.4007382],[100.4695093,14.4003278],[100.4694422,14.4007739],[100.4684936,14.4008203],[100.4659276,14.4004373],[100.4657929,14.4014085],[100.4639359,14.4012267],[100.4640081,14.4009772],[100.4630399,14.4007668],[100.4628816,14.4013123],[100.4542207,14.3996549],[100.45326,14.3985184],[100.4522788,14.395589],[100.4525192,14.3934597]]]}},{"type":"Feature","properties":{"id":"TH-LAO-6140504","nameTh":"น้ำเต้า","type":"subdistrict_admin_org"},"geometry":{"type":"Polygon","coordinates":[[[100.4525192,14.3934597],[100.4518524,14.3924221],[100.4527348,14.3917011],[100.4527777,14.3912919],[100.452126,14.3903956],[100.4513924,14.3899487],[100.4499426,14.3901799],[100.4492855,14.3890186],[100.4495269,14.3886159],[100.4506642,14.388447],[100.4507822,14.3879144],[100.449787,14.3875352],[100.4491568,14.3880807],[100.4488027,14.3875325],[100.4484862,14.3876521],[100.448147,14.3868432],[100.4476888,14.3869794],[100.4472658,14.3864699],[100.4457481,14.3831846],[100.4440311,14.3838744],[100.4427999,14.3816218],[100.4453168,14.3802759],[100.4433766,14.3766925],[100.4443891,14.3761383],[100.4441692,14.3755823],[100.4455602,14.3748017],[100.4432218,14.371328],[100.4445443,14.3705939],[100.4438673,14.3696934],[100.4433305,14.3680476],[100.4433924,14.3673595],[100.4441993,14.3671291],[100.4434426,14.3639662],[100.4417002,14.3647383],[100.4414964,14.3644213],[100.4428697,14.3605446],[100.4438245,14.3595052],[100.4442655,14.3584027],[100.44373,14.354796],[100.4428155,14.3527091],[100.4431479,14.352557],[100.4421589,14.3497661],[100.4421874,14.3473653],[100.4425943,14.3473372],[100.4422929,14.3464452],[100.4429383,14.3463663],[100.4429432,14.3466293],[100.4446919,14.3461864],[100.4446203,14.3443037],[100.445375,14.3443254],[100.4453829,14.3436621],[100.447027,14.3435868],[100.4469734,14.3413078],[100.4507212,14.3404379],[100.4524353,14.3390176],[100.4530175,14.3392942],[100.453648,14.3387935],[100.4545064,14.3393704],[100.4549288,14.3388521],[100.4553354,14.3364291],[100.4551434,14.335805],[100.4555763,14.3350797],[100.4551783,14.3350138],[100.4550093,14.3342368],[100.4542825,14.3342394],[100.4540464,14.335019],[100.4511309,14.333504],[100.4493244,14.3319681],[100.4502591,14.3313158],[100.4511577,14.3311794],[100.4512764,14.3291342],[100.4517714,14.3284629],[100.4517251,14.325004],[100.4513111,14.3228684],[100.4491305,14.3229242],[100.4473917,14.3223517],[100.4475045,14.3216899],[100.4449826,14.3212731],[100.4452179,14.3201168],[100.4442896,14.3199548],[100.4444286,14.3191273],[100.4425205,14.3188317],[100.4424554,14.3191594],[100.4418978,14.3190567],[100.4423279,14.3167572],[100.4412596,14.3167468],[100.4417813,14.3142],[100.4413324,14.31417],[100.4416944,14.3123767],[100.441073,14.312307],[100.440855,14.3134761],[100.4403216,14.313363],[100.4407936,14.3105925],[100.4403564,14.3105119],[100.4401763,14.311543],[100.4378638,14.3108633],[100.437782,14.311233],[100.4374857,14.3111364],[100.4375318,14.3108298],[100.4363628,14.3103951],[100.4363187,14.3106599],[100.4349195,14.3105042],[100.4339379,14.315754],[100.4355096,14.3199019],[100.4343584,14.3278591],[100.4332003,14.3277331],[100.4323077,14.3280208],[100.4303014,14.3292815],[100.4285851,14.328869],[100.4283401,14.329359],[100.4268837,14.3293356],[100.4260173,14.3306895],[100.424872,14.3311963],[100.4226539,14.330505],[100.4207119,14.3306505],[100.4204866,14.3316615],[100.41994,14.3320148],[100.4200602,14.3337716],[100.4195251,14.3339883],[100.4194593,14.3372513],[100.4197538,14.3372284],[100.4197406,14.33809],[100.4193065,14.3383921],[100.4194752,14.3389241],[100.4191831,14.3399656],[100.4233807,14.3407153],[100.423571,14.3426903],[100.4240186,14.3426849],[100.4242691,14.3431766],[100.4302594,14.3439871],[100.4302999,14.3450472],[100.4308604,14.345117],[100.4304486,14.3471647],[100.4300188,14.3471547],[100.4299748,14.349458],[100.4297095,14.34947],[100.4296242,14.350707],[100.4293385,14.3510324],[100.4290997,14.3531679],[100.4290723,14.3542148],[100.4296568,14.3543633],[100.4295594,14.3553913],[100.4306705,14.3556129],[100.4303717,14.3570957],[100.4307231,14.3571711],[100.4306403,14.3581364],[100.4302658,14.3582433],[100.4302983,14.3589406],[100.4313134,14.3591794],[100.4312001,14.3599436],[100.4326606,14.3602689],[100.4327556,14.3593731],[100.4356477,14.3599842],[100.4367787,14.3608107],[100.4368534,14.3620186],[100.4379022,14.3633352],[100.4376018,14.3639613],[100.436678,14.3640692],[100.4367328,14.3647461],[100.4362071,14.3648786],[100.4357209,14.3666075],[100.4341326,14.3668588],[100.4335623,14.3698486],[100.4320926,14.3701884],[100.4306735,14.3698835],[100.4305877,14.370384],[100.4293946,14.3700948],[100.4292873,14.3706288],[100.4286861,14.3704962],[100.4287907,14.3699508],[100.4245663,14.3689424],[100.4230723,14.3684202],[100.4231495,14.3681378],[100.420113,14.3674445],[100.4199131,14.3681438],[100.4184308,14.3681374],[100.4177588,14.3685137],[100.417732,14.3705897],[100.4185206,14.3719097],[100.4186246,14.3740052],[100.4192723,14.3749726],[100.4186708,14.3754173],[100.4177105,14.3770334],[100.4185259,14.377657],[100.4167589,14.3806356],[100.4176924,14.3817043],[100.4173071,14.3822918],[100.4181004,14.3828266],[100.4175228,14.3837782],[100.417158,14.3835548],[100.4169005,14.3839549],[100.4165518,14.3837575],[100.4163017,14.384142],[100.4169498,14.3845983],[100.4155433,14.3865374],[100.4156077,14.386922],[100.4177147,14.3882993],[100.4170668,14.3897331],[100.4162836,14.3897123],[100.4160744,14.3901098],[100.4156935,14.3899253],[100.4154533,14.3903524],[100.4185453,14.3919925],[100.4179868,14.3929872],[100.418356,14.393171],[100.4175912,14.3945319],[100.4172492,14.394342],[100.4167364,14.3952774],[100.4168806,14.3959258],[100.4165596,14.3964922],[100.4162744,14.3963593],[100.4152542,14.3990863],[100.4163052,14.3994097],[100.4158293,14.4004975],[100.4177026,14.4014967],[100.4160574,14.4067556],[100.4153126,14.4065107],[100.4150391,14.4072225],[100.4153891,14.4073757],[100.414737,14.4092684],[100.4160782,14.4098853],[100.4153002,14.4111735],[100.4173773,14.411704],[100.4169522,14.4129735],[100.417519,14.4131887],[100.4170319,14.4144347],[100.4182782,14.4149515],[100.4181404,14.4152816],[100.4218234,14.4168329],[100.420296,14.417366],[100.418611,14.4189236],[100.4195752,14.4201803],[100.4204862,14.4195755],[100.4214365,14.4204581],[100.4209896,14.4207649],[100.421369,14.4213121],[100.4205312,14.4218701],[100.42009,14.4212621],[100.419539,14.4217132],[100.4206341,14.4229105],[100.4226698,14.4216808],[100.4242957,14.4224097],[100.4249548,14.422295],[100.4259803,14.4212112],[100.428603,14.4170683],[100.4302686,14.4152186],[100.4330689,14.4133222],[100.4334069,14.4138366],[100.4330774,14.4140439],[100.4335188,14.4147241],[100.4347728,14.4139506],[100.4354223,14.4145579],[100.4367089,14.4136674],[100.4387572,14.415355],[100.4392129,14.4150483],[100.4395006,14.415462],[100.4401409,14.4149705],[100.4394469,14.4141363],[100.435262,14.4113862],[100.4378686,14.4102424],[100.4379321,14.4098703],[100.4396082,14.410105],[100.4396248,14.4089099],[100.4407706,14.4088816],[100.440851,14.4093645],[100.4435071,14.4088845],[100.4429402,14.4080036],[100.4434545,14.4076716],[100.4446988,14.4095538],[100.4458467,14.4091329],[100.4456967,14.4087761],[100.4472666,14.4087512],[100.4471978,14.4081897],[100.4491916,14.408415],[100.4492251,14.4068698],[100.4468844,14.406662],[100.4469362,14.4054194],[100.4458603,14.4053157],[100.4458952,14.4050741],[100.4480284,14.4051324],[100.4480986,14.4039815],[100.4504776,14.4045288],[100.4505853,14.402945],[100.448292,14.4025865],[100.448248,14.4017073],[100.4501224,14.40198],[100.4502618,14.4012162],[100.4511634,14.4003478],[100.4521251,14.4004015],[100.4527039,14.3996948],[100.4532932,14.3997511],[100.4532552,14.3983741],[100.4522788,14.395589],[100.4525192,14.3934597]]]}},{"type":"Feature","properties":{"id":"TH-LAO-6140505","nameTh":"บ้านคลัง","type":"subdistrict_admin_org"},"geometry":{"type":"Polygon","coordinates":[[[100.466241,14.3527569],[100.4664859,14.3517489],[100.4658971,14.3519456],[100.4653854,14.3507345],[100.4649355,14.3509393],[100.4648074,14.3506016],[100.4636897,14.3510301],[100.4654924,14.3535642],[100.4602172,14.3551524],[100.4599219,14.3541284],[100.4603949,14.3539953],[100.4602758,14.3535944],[100.4594728,14.3538428],[100.4593272,14.3534927],[100.4581698,14.3538164],[100.4580785,14.3533475],[100.4548699,14.3544267],[100.4549836,14.354805],[100.4514286,14.3560675],[100.4517156,14.3569795],[100.45505,14.3559397],[100.4551418,14.3571054],[100.4513182,14.3582247],[100.4511295,14.3578331],[100.4464263,14.3590609],[100.4463646,14.3587386],[100.4456216,14.3588686],[100.4453548,14.3573892],[100.4442655,14.3584027],[100.44373,14.354796],[100.4428155,14.3527091],[100.4431479,14.352557],[100.4421589,14.3497661],[100.4421874,14.3473653],[100.4425943,14.3473372],[100.4422929,14.3464452],[100.4429383,14.3463663],[100.4429432,14.3466293],[100.4446919,14.3461864],[100.4446203,14.3443037],[100.445375,14.3443254],[100.4453829,14.3436621],[100.447027,14.3435868],[100.4469734,14.3413078],[100.4507212,14.3404379],[100.4524353,14.3390176],[100.4530175,14.3392942],[100.453648,14.3387935],[100.454378,14.3394289],[100.4549288,14.3388521],[100.4553354,14.3364291],[100.4551434,14.335805],[100.4555763,14.3350797],[100.4551783,14.3350138],[100.4550093,14.3342368],[100.4542825,14.3342394],[100.4540464,14.335019],[100.4511309,14.333504],[100.4493244,14.3319681],[100.4502591,14.3313158],[100.4511577,14.3311794],[100.4512764,14.3291342],[100.4518478,14.3302017],[100.4527777,14.3309791],[100.4539904,14.3318697],[100.4553113,14.3322139],[100.4565472,14.3317275],[100.4583548,14.3299837],[100.4603632,14.3291305],[100.4629818,14.3292278],[100.4661952,14.3306049],[100.4695631,14.3310165],[100.4706677,14.3318173],[100.4698654,14.3344845],[100.4708329,14.3368455],[100.4696598,14.3404895],[100.4701658,14.3423378],[100.4700427,14.3430945],[100.4683907,14.3442915],[100.4683102,14.3447822],[100.4694757,14.3478642],[100.469901,14.3477984],[100.4706815,14.3492438],[100.4719636,14.3486773],[100.4735327,14.3502546],[100.4726973,14.3508861],[100.4720199,14.3508913],[100.4719743,14.3504054],[100.4702014,14.3503326],[100.4699975,14.3513226],[100.4691592,14.3512404],[100.4691078,14.3522858],[100.4685706,14.3528479],[100.4683392,14.3526071],[100.4677471,14.3528947],[100.466241,14.3527569]]]}},{"type":"Feature","properties":{"id":"TH-LAO-6140503","nameTh":"กบเจา","type":"subdistrict_admin_org"},"geometry":{"type":"Polygon","coordinates":[[[100.466241,14.3527569],[100.4664859,14.3517489],[100.4658971,14.3519456],[100.4653854,14.3507345],[100.4649355,14.3509393],[100.4648074,14.3506016],[100.4636897,14.3510301],[100.4654924,14.3535642],[100.4602172,14.3551524],[100.4599219,14.3541284],[100.4603949,14.3539953],[100.4602758,14.3535944],[100.4594728,14.3538428],[100.4593272,14.3534927],[100.4581698,14.3538164],[100.4580785,14.3533475],[100.4573006,14.3535762],[100.4548699,14.3544267],[100.4549836,14.354805],[100.4514286,14.3560675],[100.4517156,14.3569795],[100.45505,14.3559397],[100.4551418,14.3571054],[100.4513182,14.3582247],[100.4511295,14.3578331],[100.4464263,14.3590609],[100.4463646,14.3587386],[100.4456216,14.3588686],[100.4453548,14.3573892],[100.4440069,14.3586633],[100.4438245,14.3595052],[100.4428697,14.3605446],[100.4414964,14.3644213],[100.4417002,14.3647383],[100.4434426,14.3639662],[100.4441993,14.3671291],[100.4433924,14.3673595],[100.4433305,14.3680476],[100.4438673,14.3696934],[100.4445443,14.3705939],[100.4432218,14.371328],[100.4455602,14.3748017],[100.4441692,14.3755823],[100.4443891,14.3761383],[100.4433766,14.3766925],[100.4453168,14.3802759],[100.4427999,14.3816218],[100.4440311,14.3838744],[100.4457481,14.3831846],[100.4472658,14.3864699],[100.4476888,14.3869794],[100.448147,14.3868432],[100.4484862,14.3876521],[100.4488027,14.3875325],[100.4491568,14.3880807],[100.449787,14.3875352],[100.4495591,14.3866829],[100.4502779,14.3863088],[100.451147,14.386314],[100.4513347,14.3856801],[100.4521126,14.3852124],[100.4521555,14.3845681],[100.4516405,14.3836172],[100.4524291,14.3834093],[100.4533574,14.3845562],[100.4543441,14.3841576],[100.455971,14.3828484],[100.455278,14.3812752],[100.4559533,14.3793075],[100.4564202,14.3788833],[100.458287,14.3790106],[100.4609477,14.3774855],[100.4618398,14.3774552],[100.4622459,14.3778077],[100.4647833,14.3766073],[100.4666018,14.376176],[100.4682687,14.374862],[100.4757265,14.3724802],[100.4793303,14.371013],[100.4795125,14.3701968],[100.4790607,14.368085],[100.4823192,14.3652163],[100.48343,14.3649228],[100.4835749,14.3644603],[100.4854789,14.3640378],[100.4833264,14.3614381],[100.4823445,14.359112],[100.481633,14.3589684],[100.4797025,14.3605981],[100.4785797,14.3610612],[100.4781721,14.3608494],[100.4776978,14.3596217],[100.4796202,14.3596141],[100.4797365,14.35931],[100.4805806,14.3592488],[100.4807395,14.3584266],[100.4816267,14.3579684],[100.4823092,14.3570589],[100.4814065,14.3560991],[100.4815404,14.3551892],[100.4822847,14.3545573],[100.4828943,14.3545768],[100.4852517,14.350823],[100.4887086,14.3472403],[100.4900122,14.346362],[100.4915222,14.3469623],[100.4922635,14.3465701],[100.492453,14.3457877],[100.4940359,14.3453146],[100.4932801,14.343834],[100.4942071,14.3430462],[100.495716,14.3425716],[100.4955233,14.3418782],[100.4949635,14.3406724],[100.4929031,14.340484],[100.4923242,14.3415364],[100.4908678,14.3410583],[100.4908517,14.3416469],[100.4903045,14.341591],[100.4906865,14.3426505],[100.4879287,14.3430376],[100.4879755,14.3433591],[100.487327,14.3434391],[100.4874077,14.3436859],[100.4845435,14.3441359],[100.4847542,14.3443954],[100.4839056,14.345173],[100.4817999,14.3461843],[100.4810475,14.3457423],[100.4782524,14.3481889],[100.4785314,14.3485281],[100.4764013,14.3502819],[100.4756888,14.3498446],[100.4747975,14.3502774],[100.4750187,14.3508423],[100.4745133,14.3512834],[100.474123,14.3512186],[100.4735327,14.3502546],[100.4726973,14.3508861],[100.4720199,14.3508913],[100.4719743,14.3504054],[100.4702014,14.3503326],[100.4699975,14.3513226],[100.4691592,14.3512404],[100.4691078,14.3522858],[100.4685706,14.3528479],[100.4683392,14.3526071],[100.4677471,14.3528947],[100.466241,14.3527569]]]}},{"type":"Feature","properties":{"id":"TH-LAO-6140506","nameTh":"พระขาว","type":"subdistrict_admin_org"},"geometry":{"type":"Polygon","coordinates":[[[100.4694757,14.3478642],[100.469901,14.3477984],[100.4706815,14.3492438],[100.4719636,14.3486773],[100.4723435,14.3488444],[100.474123,14.3512186],[100.4745133,14.3512834],[100.4750187,14.3508423],[100.4747975,14.3502774],[100.4756888,14.3498446],[100.4764013,14.3502819],[100.4785314,14.3485281],[100.4782524,14.3481889],[100.4810475,14.3457423],[100.4817999,14.3461843],[100.4839056,14.345173],[100.4847542,14.3443954],[100.4845435,14.3441359],[100.4874077,14.3436859],[100.487327,14.3434391],[100.4879755,14.3433591],[100.4879287,14.3430376],[100.4906865,14.3426505],[100.4903045,14.341591],[100.4908517,14.3416469],[100.4908678,14.3410583],[100.4923242,14.3415364],[100.4929031,14.340484],[100.4983458,14.3413052],[100.4987493,14.3410947],[100.4990459,14.3404528],[100.4991134,14.3380201],[100.50069,14.3375501],[100.500505,14.3370746],[100.4996788,14.3372045],[100.4994991,14.3364457],[100.5020767,14.335796],[100.5019131,14.3345564],[100.5030316,14.3343018],[100.5030477,14.3340288],[100.5018727,14.3340243],[100.5013863,14.3323611],[100.500623,14.3316381],[100.5009341,14.3311417],[100.500599,14.3309689],[100.5008268,14.3304374],[100.5003463,14.3302173],[100.5000402,14.3294969],[100.5009424,14.3287942],[100.5004109,14.3280879],[100.5008058,14.3275194],[100.4989318,14.3266692],[100.49872,14.3270344],[100.4980387,14.3265536],[100.4960632,14.3288756],[100.4940565,14.327622],[100.4942559,14.3273519],[100.4928454,14.3264437],[100.4917636,14.327241],[100.49171,14.3262664],[100.4910609,14.3261495],[100.4915134,14.3252662],[100.4913248,14.3247762],[100.4903237,14.3240497],[100.4907148,14.3232189],[100.4902911,14.3229997],[100.49048,14.3223048],[100.48792,14.3224461],[100.4870108,14.32143],[100.4870608,14.3196511],[100.4845807,14.3177501],[100.4813302,14.3168751],[100.4774433,14.3177136],[100.4766172,14.3194237],[100.4760217,14.319681],[100.4719019,14.3194601],[100.4688723,14.3186285],[100.4655214,14.3198022],[100.4606795,14.320445],[100.4606789,14.3208478],[100.4582655,14.3213286],[100.4566132,14.3221525],[100.4532498,14.3231427],[100.4531479,14.3237949],[100.4515037,14.3238621],[100.4518696,14.3268422],[100.4517714,14.3284629],[100.4512764,14.3291342],[100.4514152,14.3296474],[100.4539904,14.3318697],[100.4559215,14.3321391],[100.4583548,14.3299837],[100.4603632,14.3291305],[100.4629818,14.3292278],[100.4653069,14.3303429],[100.4672457,14.3308069],[100.4689606,14.3308144],[100.4704051,14.331458],[100.4706394,14.3323812],[100.4698654,14.3344845],[100.4708329,14.3368455],[100.4696598,14.3404895],[100.4701658,14.3423378],[100.4700427,14.3430945],[100.4683907,14.3442915],[100.4683102,14.3447822],[100.4694757,14.3478642]]]}},{"type":"Feature","properties":{"id":"TH-LAO-6140706","nameTh":"บ้านขล้อ","type":"subdistrict_admin_org"},"geometry":{"type":"Polygon","coordinates":[[[100.5908719,14.5175613],[100.5940175,14.5203409],[100.5959728,14.5190946],[100.5964315,14.5193101],[100.5968767,14.5202526],[100.5988447,14.5198411],[100.5993356,14.523343],[100.5957748,14.5239166],[100.5958655,14.5242186],[100.5943203,14.5249052],[100.5927705,14.5251652],[100.5930489,14.5267859],[100.5925904,14.5268399],[100.5925464,14.5281039],[100.5942881,14.5280546],[100.5947041,14.5292469],[100.5950313,14.529169],[100.5954015,14.5312954],[100.5943065,14.5325106],[100.5940719,14.5322087],[100.592189,14.5329431],[100.5912312,14.5304005],[100.5904414,14.5304516],[100.5902243,14.529941],[100.5891198,14.5305476],[100.5892043,14.5318193],[100.5881801,14.5311003],[100.5877894,14.5313499],[100.5863486,14.5348608],[100.588395,14.535313],[100.5881735,14.5361387],[100.5865656,14.5389194],[100.5846298,14.5396557],[100.5845267,14.5414357],[100.5855392,14.5416903],[100.5860552,14.542553],[100.5845908,14.5430553],[100.5852241,14.5469718],[100.5859262,14.5467808],[100.5862961,14.548052],[100.5852782,14.5484268],[100.5852326,14.5480696],[100.5840682,14.548229],[100.5839948,14.5477157],[100.5828704,14.5481126],[100.583599,14.5503891],[100.5823184,14.5509458],[100.5828938,14.5538022],[100.5803021,14.5549105],[100.5801237,14.5545035],[100.579421,14.5547017],[100.5789524,14.5532157],[100.5777061,14.5530897],[100.5778084,14.5524523],[100.5745098,14.5521349],[100.5744654,14.5504984],[100.5766268,14.5504454],[100.5768439,14.5498686],[100.5758809,14.5483838],[100.576439,14.5477415],[100.5756763,14.5463991],[100.5729588,14.5471146],[100.5726945,14.5458058],[100.5741655,14.5455351],[100.5732127,14.5427077],[100.5704151,14.5435692],[100.569822,14.5423628],[100.5694131,14.5425227],[100.5688764,14.5416255],[100.567637,14.5422099],[100.5672745,14.5416705],[100.565355,14.5424227],[100.5659856,14.5436072],[100.5652935,14.543928],[100.5643631,14.5415872],[100.5636984,14.5421609],[100.5638754,14.5428791],[100.5631232,14.5436664],[100.5626751,14.5429728],[100.5608519,14.5439063],[100.56047,14.543333],[100.5602469,14.5435455],[100.558976,14.5414295],[100.5580402,14.54184],[100.5573163,14.5402871],[100.5568667,14.5405056],[100.5564057,14.5397274],[100.5567578,14.5391171],[100.5559575,14.5369565],[100.554428,14.5375539],[100.5536887,14.5348185],[100.5523437,14.5354272],[100.5519275,14.5346045],[100.5533013,14.5338605],[100.552587,14.5325687],[100.5519674,14.5329141],[100.5512997,14.5311688],[100.5518113,14.530943],[100.5521035,14.5314137],[100.5526435,14.5310984],[100.5511796,14.5286796],[100.5490567,14.5296756],[100.5480584,14.527103],[100.5492755,14.5269698],[100.5495857,14.5262626],[100.5476456,14.5256152],[100.5483252,14.5235679],[100.5478718,14.5233977],[100.5483021,14.521847],[100.5499022,14.5224728],[100.5496666,14.5202161],[100.5522154,14.51902],[100.552162,14.518814],[100.5548997,14.5184816],[100.5548698,14.5174222],[100.5563085,14.5176836],[100.5563142,14.517425],[100.5569211,14.5173337],[100.5570053,14.5165347],[100.5576686,14.5170188],[100.5586957,14.51542],[100.5607529,14.5159203],[100.560776,14.5144567],[100.5623463,14.5147504],[100.562785,14.513041],[100.5636817,14.5130082],[100.5637726,14.5097972],[100.5642259,14.5088368],[100.5642408,14.5077415],[100.5630788,14.5074111],[100.5630977,14.5065297],[100.5617973,14.5067051],[100.5617235,14.5064268],[100.5599033,14.5068591],[100.5597905,14.505704],[100.5591488,14.5057142],[100.5590768,14.5026656],[100.5579505,14.502681],[100.5581264,14.4994837],[100.5602566,14.4955556],[100.5559724,14.4932639],[100.5557021,14.4925225],[100.5573034,14.4923199],[100.557533,14.4920107],[100.5569354,14.490044],[100.5590173,14.4900467],[100.5590113,14.4896949],[100.5601506,14.4900827],[100.5605087,14.4898918],[100.5608118,14.4908683],[100.5634558,14.4894554],[100.5648141,14.4915981],[100.5662593,14.4904164],[100.5641894,14.484317],[100.5696653,14.4822441],[100.5699318,14.4827882],[100.5723737,14.4820851],[100.5726608,14.4829589],[100.5754274,14.4816663],[100.5757459,14.482493],[100.5773979,14.4822768],[100.5778679,14.482997],[100.5789542,14.4824789],[100.5805306,14.4826727],[100.5813735,14.4823997],[100.5823982,14.4832281],[100.5843079,14.4861367],[100.586105,14.4876273],[100.5854559,14.4896685],[100.5841255,14.4916629],[100.5835032,14.4932106],[100.5827522,14.4937508],[100.5800915,14.4941767],[100.5793941,14.4949246],[100.5796194,14.4973863],[100.5792135,14.4984792],[100.5800003,14.4995521],[100.5805083,14.4991902],[100.5813537,14.4998179],[100.58167,14.4995189],[100.5828337,14.5007536],[100.5835524,14.5027153],[100.5845587,14.5024067],[100.5851781,14.5038567],[100.5842892,14.5043435],[100.5849436,14.5052208],[100.5840588,14.5056898],[100.5844278,14.5072703],[100.5860311,14.5091715],[100.5850085,14.5106712],[100.5893156,14.5128875],[100.5890256,14.5142364],[100.5902001,14.5140604],[100.5911583,14.5166746],[100.5908719,14.5175613]]]}},{"type":"Feature","properties":{"id":"TH-LAO-6140711","nameTh":"หันสัง","type":"subdistrict_admin_org"},"geometry":{"type":"Polygon","coordinates":[[[100.4955568,14.5033941],[100.4985207,14.5026158],[100.5004728,14.5024891],[100.5009153,14.5036186],[100.5012935,14.50369],[100.5015725,14.5026396],[100.5033164,14.5029558],[100.5034071,14.5023618],[100.5071385,14.5026476],[100.5072849,14.5016025],[100.5085029,14.5016815],[100.5084742,14.5013237],[100.5091106,14.5013782],[100.5091363,14.5004973],[100.5086417,14.5004335],[100.5081055,14.4985724],[100.5074344,14.4975708],[100.5086154,14.497436],[100.5085757,14.4969675],[100.5079328,14.4971407],[100.5074989,14.4964992],[100.5068698,14.4966073],[100.5067897,14.4958428],[100.5073067,14.4957955],[100.5071933,14.4953204],[100.5067643,14.4953433],[100.5067186,14.4943842],[100.5069829,14.4938488],[100.5090337,14.4939246],[100.5092187,14.4915803],[100.5110056,14.4920776],[100.5113733,14.4910085],[100.5128708,14.4913939],[100.5128865,14.4917282],[100.5145114,14.4915149],[100.515959,14.4934142],[100.5165015,14.4920746],[100.5173623,14.492545],[100.5176354,14.4920687],[100.5193585,14.492768],[100.5211223,14.4926476],[100.5218486,14.4907525],[100.5241914,14.491895],[100.5250016,14.4902138],[100.5276623,14.4913734],[100.5277991,14.4911994],[100.5293146,14.4925329],[100.5296874,14.4916681],[100.5304947,14.4910215],[100.5316723,14.4918499],[100.5314145,14.4921332],[100.5322942,14.4930891],[100.5342572,14.4942171],[100.5364964,14.4912165],[100.5370183,14.4916444],[100.5373126,14.4912146],[100.539192,14.4925944],[100.5369294,14.4946805],[100.5351752,14.4957737],[100.5363393,14.4964048],[100.5352455,14.4992446],[100.5331618,14.4981293],[100.5330274,14.5007057],[100.532134,14.5036505],[100.5314794,14.5042281],[100.5318684,14.5043902],[100.5309317,14.5070102],[100.5323675,14.5066893],[100.5331101,14.5068904],[100.5330056,14.5072156],[100.5324663,14.5070975],[100.5320902,14.508103],[100.5325264,14.5082231],[100.5317475,14.5100054],[100.5311794,14.5099554],[100.5311734,14.5105705],[100.532673,14.5111674],[100.5298023,14.5156098],[100.5324022,14.5159912],[100.5316002,14.5185727],[100.5300982,14.5182696],[100.5299039,14.5197075],[100.5262197,14.5188591],[100.5250432,14.5189287],[100.5248787,14.5202985],[100.5264278,14.5203926],[100.5264511,14.5209955],[100.5248042,14.5211077],[100.5247815,14.5219076],[100.5230213,14.5217282],[100.5224991,14.5218467],[100.5225065,14.5224369],[100.5210131,14.5225402],[100.52029,14.5237753],[100.5194001,14.5239284],[100.5180098,14.5255829],[100.5173597,14.525993],[100.5168449,14.5257547],[100.5163035,14.5267726],[100.5159034,14.52666],[100.5155495,14.5293273],[100.5162576,14.5309397],[100.5162111,14.5317418],[100.5146331,14.5324708],[100.5139396,14.5312305],[100.5126817,14.5313822],[100.5121723,14.5311042],[100.5122853,14.5303979],[100.5098252,14.5295991],[100.5092758,14.5288314],[100.5085259,14.5287193],[100.5084875,14.5291551],[100.5075454,14.5291178],[100.5073683,14.5287754],[100.5067032,14.5290827],[100.5063763,14.5299505],[100.504657,14.5300413],[100.5002608,14.5277773],[100.4970675,14.5266396],[100.4949152,14.5265621],[100.4935795,14.5261675],[100.4935688,14.5243032],[100.4932898,14.5242513],[100.4934038,14.5223039],[100.4922813,14.5221481],[100.4923618,14.5211666],[100.4916054,14.5209693],[100.4916269,14.5205486],[100.491187,14.5204863],[100.491659,14.5174743],[100.4920936,14.5175107],[100.492554,14.5162214],[100.4912795,14.5153214],[100.4910249,14.5147928],[100.491282,14.5133326],[100.4923837,14.5122936],[100.4929882,14.5103202],[100.4920391,14.5076638],[100.492863,14.5064373],[100.4961756,14.5049437],[100.4955568,14.5033941]]]}},{"type":"Feature","properties":{"id":"TH-LAO-6140710","nameTh":"เสาธง","type":"subdistrict_admin_org"},"geometry":{"type":"Polygon","coordinates":[[[100.5401106,14.4979615],[100.5363393,14.4964048],[100.5352455,14.4992446],[100.5331618,14.4981293],[100.5330274,14.5007057],[100.532134,14.5036505],[100.5314794,14.5042281],[100.5318684,14.5043902],[100.5309317,14.5070102],[100.5323675,14.5066893],[100.5331101,14.5068904],[100.5330056,14.5072156],[100.5324663,14.5070975],[100.5320902,14.508103],[100.5325264,14.5082231],[100.5317475,14.5100054],[100.5311794,14.5099554],[100.5311734,14.5105705],[100.532673,14.5111674],[100.5298023,14.5156098],[100.5324022,14.5159912],[100.5316002,14.5185727],[100.5300982,14.5182696],[100.5300334,14.5190608],[100.5313734,14.5193627],[100.5308247,14.5213458],[100.5312724,14.5215399],[100.5310831,14.5220287],[100.5306676,14.5218595],[100.5300691,14.5237843],[100.5313423,14.5241916],[100.5315298,14.5236948],[100.5322284,14.5241446],[100.5309922,14.525083],[100.5319219,14.5256098],[100.5319056,14.5261155],[100.5327357,14.5269191],[100.5334237,14.5271814],[100.5337054,14.5264661],[100.5355724,14.5272157],[100.5356945,14.5268238],[100.5348205,14.5264649],[100.5351235,14.525819],[100.5369935,14.5269776],[100.5375314,14.5260537],[100.5377961,14.5261371],[100.5376519,14.5267346],[100.5382383,14.5269256],[100.5376446,14.5289104],[100.5389576,14.5292232],[100.5402242,14.5254809],[100.5420073,14.5260024],[100.5427798,14.5242939],[100.5443731,14.5237175],[100.5460146,14.5249534],[100.5476456,14.5256152],[100.5483252,14.5235679],[100.5478718,14.5233977],[100.5483021,14.521847],[100.5499022,14.5224728],[100.5496666,14.5202161],[100.5522154,14.51902],[100.552162,14.518814],[100.5548997,14.5184816],[100.5548698,14.5174222],[100.5563085,14.5176836],[100.5563142,14.517425],[100.5569211,14.5173337],[100.5570053,14.5165347],[100.5576686,14.5170188],[100.5586957,14.51542],[100.5607529,14.5159203],[100.560776,14.5144567],[100.5623463,14.5147504],[100.562785,14.513041],[100.5636817,14.5130082],[100.5637726,14.5097972],[100.5642259,14.5088368],[100.5642408,14.5077415],[100.5630788,14.5074111],[100.5630977,14.5065297],[100.5617973,14.5067051],[100.5617235,14.5064268],[100.5599033,14.5068591],[100.5597905,14.505704],[100.5591488,14.5057142],[100.5590768,14.5026656],[100.5579505,14.502681],[100.5581264,14.4994837],[100.5602566,14.4955556],[100.5556538,14.4929513],[100.5560385,14.4923526],[100.5573034,14.4923199],[100.557533,14.4920107],[100.5569354,14.490044],[100.5590173,14.4900467],[100.5590113,14.4896949],[100.5601506,14.4900827],[100.5605087,14.4898918],[100.5608118,14.4908683],[100.5634558,14.4894554],[100.5648141,14.4915981],[100.5662593,14.4904164],[100.5641894,14.484317],[100.5696653,14.4822441],[100.5699318,14.4827882],[100.5723737,14.4820851],[100.5726608,14.4829589],[100.5754274,14.4816663],[100.5757459,14.482493],[100.5773979,14.4822768],[100.5778679,14.482997],[100.5789542,14.4824789],[100.5805306,14.4826727],[100.5813735,14.4823997],[100.5809552,14.4818906],[100.5787182,14.4813479],[100.5770767,14.4795092],[100.5757892,14.4785951],[100.5751777,14.4773797],[100.5753386,14.4766629],[100.5736971,14.4747307],[100.5719062,14.4735276],[100.5702647,14.4730653],[100.569696,14.4719797],[100.5662092,14.4710864],[100.5651979,14.4704526],[100.5559891,14.4751722],[100.5550101,14.4752371],[100.5507314,14.4771093],[100.5511558,14.4782574],[100.5502939,14.4784677],[100.5507226,14.479478],[100.549995,14.4796797],[100.5496219,14.4793247],[100.549356,14.4807194],[100.5497637,14.4814414],[100.5503937,14.4809817],[100.5508263,14.4817135],[100.5516909,14.4813352],[100.5521458,14.4821521],[100.5503141,14.4840828],[100.5492625,14.4842431],[100.5479888,14.4856112],[100.549218,14.4863077],[100.5487121,14.4869385],[100.5473391,14.487571],[100.549041,14.4903843],[100.5490347,14.4926005],[100.5467757,14.4925744],[100.5467585,14.4928848],[100.546293,14.4930444],[100.5466807,14.4958629],[100.5454831,14.4963828],[100.5454183,14.4961164],[100.5443484,14.4959314],[100.5443966,14.4953515],[100.5428734,14.4952122],[100.5421993,14.4978495],[100.5403596,14.4971491],[100.5401106,14.4979615]]]}},{"type":"Feature","properties":{"id":"TH-LAO-6140703","nameTh":"ทับน้ำ","type":"subdistrict_admin_org"},"geometry":{"type":"Polygon","coordinates":[[[100.4955568,14.5033941],[100.4985207,14.5026158],[100.5004728,14.5024891],[100.5009153,14.5036186],[100.5012935,14.50369],[100.5015725,14.5026396],[100.5033164,14.5029558],[100.5034071,14.5023618],[100.5071385,14.5026476],[100.5072849,14.5016025],[100.5085029,14.5016815],[100.5084742,14.5013237],[100.5091106,14.5013782],[100.5091363,14.5004973],[100.5086417,14.5004335],[100.5081055,14.4985724],[100.5074344,14.4975708],[100.5086154,14.497436],[100.5085757,14.4969675],[100.5079328,14.4971407],[100.5074989,14.4964992],[100.5068698,14.4966073],[100.5067897,14.4958428],[100.5073067,14.4957955],[100.5071933,14.4953204],[100.5067643,14.4953433],[100.5069829,14.4938488],[100.5090337,14.4939246],[100.5092187,14.4915803],[100.5110056,14.4920776],[100.5113733,14.4910085],[100.51346,14.4917772],[100.5149427,14.4913044],[100.5187628,14.4860302],[100.5197981,14.4859419],[100.5201012,14.4866846],[100.5213994,14.4871625],[100.5219895,14.4868041],[100.5228853,14.4842721],[100.5233091,14.4812908],[100.5243097,14.4804535],[100.5247575,14.4794675],[100.5239877,14.4789846],[100.5231862,14.4798021],[100.5213565,14.4787197],[100.5211258,14.4790781],[100.5228681,14.4801791],[100.5219642,14.4815963],[100.5210855,14.4811583],[100.5208709,14.4815746],[100.5184704,14.4801689],[100.5179179,14.4802805],[100.5175504,14.479891],[100.517136,14.4802379],[100.515545,14.4781915],[100.5143431,14.479289],[100.5134248,14.4784633],[100.5123176,14.479178],[100.5114377,14.4780523],[100.5119937,14.4762968],[100.5118668,14.4755046],[100.5123657,14.4747203],[100.5115825,14.4742476],[100.5119419,14.4737645],[100.5107307,14.4733498],[100.5128238,14.4698862],[100.5137443,14.4703987],[100.5149781,14.4696105],[100.5156025,14.4680049],[100.5165486,14.4680275],[100.5163869,14.4668568],[100.5160671,14.4668666],[100.5159653,14.4662707],[100.5161181,14.4655862],[100.5167779,14.4655706],[100.5169179,14.4636281],[100.5183524,14.4636253],[100.5183256,14.462067],[100.5203721,14.462054],[100.5204204,14.4613735],[100.51898,14.4611372],[100.5191582,14.4604144],[100.5181829,14.4601192],[100.5178562,14.4607917],[100.5169228,14.4606956],[100.5174096,14.4584335],[100.5151325,14.457592],[100.5152287,14.4566696],[100.5154985,14.4567114],[100.5156434,14.456192],[100.5109615,14.4556962],[100.5103895,14.458008],[100.5084282,14.4576543],[100.508514,14.4572829],[100.5076197,14.4571595],[100.5074906,14.4576752],[100.5059996,14.4573605],[100.5009724,14.4558345],[100.4994134,14.4572299],[100.4987025,14.4572984],[100.4976565,14.4582023],[100.4953649,14.4632436],[100.4918092,14.4619891],[100.4912918,14.4647453],[100.4936665,14.4651595],[100.4934376,14.4658448],[100.492748,14.4657134],[100.4925173,14.466851],[100.4895776,14.4666276],[100.4898244,14.468721],[100.4889232,14.4688093],[100.4890037,14.4700507],[100.4866218,14.4702117],[100.4861015,14.4718687],[100.4855812,14.4718791],[100.4856187,14.4732192],[100.4851788,14.4732659],[100.4853666,14.4743359],[100.4874211,14.4741801],[100.4874265,14.473562],[100.4868633,14.47351],[100.4868472,14.473001],[100.4898512,14.4730218],[100.489693,14.4748735],[100.4900363,14.4749228],[100.4900122,14.4769226],[100.4904199,14.4770524],[100.4904681,14.4782678],[100.487684,14.47886],[100.4883599,14.480013],[100.4885638,14.4820179],[100.489406,14.4839604],[100.4896635,14.4838618],[100.4899853,14.4845058],[100.4896742,14.4846876],[100.4897815,14.4850356],[100.4906827,14.4862198],[100.4913104,14.487778],[100.4910636,14.4884116],[100.4915531,14.4899386],[100.4900685,14.4931976],[100.4905111,14.4939637],[100.4902214,14.4944467],[100.4925227,14.4959737],[100.4960847,14.4970436],[100.496031,14.4978953],[100.4964146,14.4984666],[100.4957145,14.4990249],[100.4965514,14.5005077],[100.4976404,14.4999935],[100.4977852,14.5020553],[100.495221,14.5026734],[100.4955568,14.5033941]]]}},{"type":"Feature","properties":{"id":"TH-LAO-5140302","nameTh":"อรัญญิก","type":"subdistrict_municipality"},"geometry":{"type":"Polygon","coordinates":[[[100.6852233,14.4596775],[100.6863177,14.456166],[100.6859797,14.4548743],[100.6835791,14.4559219],[100.683272,14.4550719],[100.6828335,14.4551713],[100.6821442,14.4546076],[100.6812268,14.455244],[100.6807843,14.4549193],[100.6789778,14.4551959],[100.6789979,14.4557673],[100.6745676,14.4566534],[100.6747766,14.457295],[100.6721248,14.4588799],[100.6726651,14.4618518],[100.6723334,14.4619356],[100.672797,14.4635313],[100.6712866,14.4639398],[100.6724326,14.4664749],[100.6710425,14.4669643],[100.6712343,14.4677188],[100.6709278,14.4677874],[100.6709985,14.468233],[100.669075,14.4687641],[100.667828,14.4684625],[100.6674286,14.4677988],[100.6660129,14.4680104],[100.6604441,14.469377],[100.6605269,14.4700461],[100.6595382,14.4704026],[100.6585858,14.4702574],[100.6579432,14.4689245],[100.6569855,14.4682681],[100.6572491,14.4677365],[100.65536,14.4672771],[100.6545626,14.4690656],[100.653923,14.4692195],[100.6539114,14.4700844],[100.6534264,14.4708011],[100.6507378,14.4720724],[100.6497758,14.4728441],[100.6490839,14.4727073],[100.6469561,14.4736217],[100.6464189,14.473366],[100.6448642,14.4748854],[100.6429303,14.4739096],[100.6424204,14.4729153],[100.6402533,14.4737281],[100.6397433,14.4757705],[100.641023,14.476365],[100.641243,14.4774543],[100.6404179,14.4775178],[100.6393814,14.4793361],[100.6389121,14.4817817],[100.6389505,14.4833471],[100.6398415,14.4834427],[100.6398333,14.4848691],[100.6392662,14.4849133],[100.6393516,14.485517],[100.6387332,14.4855661],[100.6392903,14.4863346],[100.6409822,14.4858311],[100.6416013,14.4900836],[100.6412899,14.4901083],[100.6410985,14.4889633],[100.6399815,14.4889631],[100.6396611,14.489715],[100.6385476,14.4896641],[100.6395469,14.4931814],[100.6388667,14.4930554],[100.6383527,14.4918891],[100.638008,14.4919607],[100.6382862,14.4929403],[100.6376973,14.4935156],[100.6379478,14.4942286],[100.6369658,14.4944425],[100.6370884,14.4949753],[100.6362721,14.4951324],[100.6364589,14.4974473],[100.6357993,14.4974683],[100.6365479,14.4993421],[100.6355258,14.5000157],[100.6356079,14.5005581],[100.6344284,14.5010509],[100.6356138,14.5031972],[100.6356979,14.5041155],[100.6345785,14.5048305],[100.6344788,14.5055166],[100.634596,14.5071694],[100.6342667,14.5080832],[100.6349508,14.511012],[100.6338324,14.5112781],[100.6342122,14.5136346],[100.6338341,14.5142322],[100.6339211,14.514602],[100.634373,14.5145718],[100.6345499,14.5153713],[100.6343065,14.5154065],[100.6342835,14.515975],[100.6330121,14.5173991],[100.6324506,14.5165436],[100.6302684,14.5186499],[100.6300141,14.5184507],[100.6305886,14.5178594],[100.6300195,14.5174405],[100.6313594,14.5159724],[100.6302996,14.5153665],[100.631141,14.5143848],[100.6308143,14.5142375],[100.6308673,14.5138947],[100.6306262,14.5138141],[100.6286248,14.5162037],[100.6283817,14.5159866],[100.6289443,14.5153346],[100.6281908,14.5147418],[100.6280248,14.5149001],[100.6267492,14.5135312],[100.6233608,14.5161569],[100.6229309,14.5149228],[100.6202842,14.5165583],[100.621403,14.5203257],[100.6202687,14.5209745],[100.6203286,14.5213071],[100.6230031,14.5200182],[100.6241673,14.5217178],[100.6202235,14.5233764],[100.620113,14.5231263],[100.6183125,14.52378],[100.6180416,14.5228641],[100.6159061,14.5233574],[100.6174434,14.5274379],[100.6157802,14.5283426],[100.6153797,14.527124],[100.6144284,14.5273808],[100.6143959,14.5267463],[100.6123238,14.5271258],[100.6125911,14.5278809],[100.6117892,14.5283984],[100.6120083,14.5288395],[100.6090972,14.5298328],[100.6044191,14.5290599],[100.6016993,14.5303789],[100.6000258,14.5304984],[100.5994248,14.5287431],[100.599854,14.5277876],[100.6004548,14.5228751],[100.5999827,14.5208395],[100.6000517,14.5195673],[100.5988447,14.5198411],[100.5993356,14.523343],[100.5957748,14.5239166],[100.5958655,14.5242186],[100.5943203,14.5249052],[100.5927705,14.5251652],[100.5930489,14.5267859],[100.5925904,14.5268399],[100.5925464,14.5281039],[100.5942881,14.5280546],[100.5947041,14.5292469],[100.5950313,14.529169],[100.5954015,14.5312954],[100.5943065,14.5325106],[100.5940719,14.5322087],[100.592189,14.5329431],[100.5912312,14.5304005],[100.5904414,14.5304516],[100.5902243,14.529941],[100.5891198,14.5305476],[100.5892043,14.5318193],[100.5881801,14.5311003],[100.5877894,14.5313499],[100.5863486,14.5348608],[100.588395,14.535313],[100.5881735,14.5361387],[100.5865656,14.5389194],[100.5846298,14.5396557],[100.5845267,14.5414357],[100.5855392,14.5416903],[100.5860552,14.542553],[100.5845908,14.5430553],[100.5852241,14.5469718],[100.5859262,14.5467808],[100.5862961,14.548052],[100.5852782,14.5484268],[100.5852326,14.5480696],[100.5840682,14.548229],[100.5839948,14.5477157],[100.5828704,14.5481126],[100.583599,14.5503891],[100.5823184,14.5509458],[100.5828938,14.5538022],[100.5823767,14.5539531],[100.583105,14.5564997],[100.5828301,14.5565958],[100.5830643,14.558258],[100.5825241,14.5583704],[100.5826808,14.5608914],[100.5799633,14.5616868],[100.581462,14.5645174],[100.5810527,14.5647301],[100.5821237,14.5684307],[100.5831229,14.5679362],[100.5836784,14.5692136],[100.5847244,14.5685347],[100.5860333,14.5704189],[100.5873011,14.5698561],[100.590384,14.5675762],[100.5914663,14.570196],[100.5900187,14.5708632],[100.5901857,14.5711936],[100.5912446,14.5706751],[100.5925545,14.5732126],[100.5933178,14.5729551],[100.5936787,14.5741594],[100.5917699,14.5747488],[100.5922637,14.5757847],[100.5938027,14.5749338],[100.5938091,14.5746784],[100.5943716,14.5747337],[100.5949206,14.5748695],[100.5951226,14.5759413],[100.5965441,14.5767824],[100.5968338,14.5748926],[100.5975044,14.5748407],[100.598191,14.5723642],[100.5992049,14.5735375],[100.5999398,14.5733143],[100.5995697,14.5716529],[100.5987489,14.5717359],[100.5984914,14.5706249],[100.5985612,14.5683353],[100.5997842,14.5680808],[100.599854,14.5660092],[100.6002885,14.5644465],[100.6007338,14.5644984],[100.6006479,14.5636521],[100.6015009,14.5633769],[100.6001705,14.5612897],[100.6009591,14.560433],[100.602209,14.562759],[100.6040486,14.562191],[100.6037947,14.5615378],[100.6043987,14.56141],[100.6043249,14.5601765],[100.6054383,14.5597995],[100.6050752,14.5583722],[100.6058939,14.5581514],[100.6065118,14.560573],[100.6086358,14.5600048],[100.6076775,14.5586406],[100.6065004,14.5580645],[100.6045639,14.5561027],[100.601845,14.5542157],[100.6026113,14.5538804],[100.6032121,14.5541919],[100.6055682,14.5542514],[100.6052053,14.5534119],[100.6055634,14.5525725],[100.6063264,14.5523936],[100.6037996,14.5471228],[100.6038811,14.5458442],[100.6034334,14.5444621],[100.6018615,14.5427669],[100.6005495,14.5386187],[100.6003192,14.5368748],[100.6018732,14.5366925],[100.6047088,14.5357256],[100.6089576,14.53319],[100.6104545,14.5345852],[100.6080984,14.5367465],[100.6097377,14.5387735],[100.6104165,14.538211],[100.6100406,14.5377581],[100.6109083,14.5368861],[100.6112296,14.5370939],[100.6120347,14.5361765],[100.6160456,14.5376408],[100.6169516,14.5383191],[100.6175219,14.5377853],[100.616384,14.5363105],[100.6170117,14.534858],[100.6168219,14.5346641],[100.617137,14.5344954],[100.6163692,14.5340367],[100.6180269,14.5323548],[100.6178466,14.5321254],[100.6205486,14.5318939],[100.6202839,14.5329738],[100.6231326,14.5329694],[100.6226617,14.5344115],[100.6241344,14.5346413],[100.6238239,14.5357623],[100.6283095,14.5356847],[100.6283146,14.5360706],[100.6302396,14.5366463],[100.6302854,14.5374246],[100.6325817,14.5374324],[100.6307742,14.5382409],[100.6270748,14.5413828],[100.6260508,14.5409359],[100.6248719,14.5425914],[100.6234065,14.5416584],[100.6230475,14.5420107],[100.622243,14.5415781],[100.6217055,14.5424776],[100.6197999,14.5438257],[100.6192524,14.544631],[100.6196382,14.5452725],[100.6176073,14.5466338],[100.6183818,14.5476844],[100.6179873,14.5479067],[100.6184574,14.5486465],[100.6201673,14.5480422],[100.6211449,14.5481402],[100.6213498,14.5492971],[100.6183152,14.549743],[100.6187767,14.5509917],[100.6213291,14.5529579],[100.6216155,14.5535997],[100.6225493,14.5530974],[100.6236076,14.5532601],[100.6236963,14.5535107],[100.6254046,14.5526901],[100.627626,14.5522675],[100.6287645,14.5525962],[100.6291498,14.5504683],[100.6287102,14.5503259],[100.6284874,14.5497999],[100.6289599,14.5494618],[100.6283594,14.5485413],[100.6288725,14.5481465],[100.6302583,14.5501409],[100.6300415,14.5511749],[100.6305538,14.5512023],[100.6306928,14.5506072],[100.6332054,14.5509179],[100.6338018,14.5507268],[100.6340839,14.5511803],[100.6346456,14.5510884],[100.6357193,14.5507553],[100.6356629,14.5504137],[100.6372496,14.5498968],[100.638406,14.5490596],[100.6390795,14.5494875],[100.6397372,14.5487083],[100.638106,14.5477811],[100.6390559,14.5466188],[100.6404957,14.5473493],[100.64117,14.5467822],[100.6429193,14.5469538],[100.6434568,14.5467719],[100.6432261,14.5448354],[100.6436163,14.5450278],[100.6459267,14.5441012],[100.6469298,14.5440556],[100.6473939,14.5405771],[100.6469458,14.5405],[100.6472016,14.5369146],[100.6487103,14.5367689],[100.6489314,14.5376951],[100.6508935,14.5382782],[100.6512451,14.5366782],[100.6521566,14.5366534],[100.6521679,14.5371122],[100.6531872,14.5370278],[100.6536958,14.5350245],[100.6535424,14.5334725],[100.6520161,14.5322186],[100.6529933,14.5311715],[100.6534652,14.5313459],[100.6537073,14.5308756],[100.6527436,14.5300364],[100.6529619,14.5296264],[100.6527615,14.5292521],[100.6531413,14.5285674],[100.654175,14.5285466],[100.6549214,14.5270542],[100.6548426,14.5259079],[100.6541488,14.5252226],[100.6544829,14.524034],[100.649924,14.5234621],[100.6501466,14.5220649],[100.6550014,14.5221287],[100.6550604,14.521542],[100.6565476,14.5208884],[100.6566878,14.519998],[100.6548334,14.5195183],[100.6504724,14.5193776],[100.6505699,14.5186664],[100.6545893,14.5188472],[100.6546989,14.5184223],[100.6568638,14.5188281],[100.6572514,14.5185453],[100.6578178,14.5163403],[100.6575309,14.5160966],[100.6576523,14.5153436],[100.6580878,14.5151167],[100.6579624,14.5136494],[100.6586021,14.5119695],[100.658886,14.5118822],[100.6586857,14.5103149],[100.6605463,14.5102727],[100.6606051,14.510018],[100.6588633,14.5095888],[100.6599008,14.5061647],[100.6603504,14.5055366],[100.660429,14.5044061],[100.6598673,14.5041427],[100.65991,14.5037855],[100.6604541,14.5037963],[100.6603753,14.5030032],[100.6606863,14.502991],[100.6607035,14.4997271],[100.6612447,14.4999992],[100.6620594,14.4996566],[100.6632059,14.5004795],[100.6637814,14.4997138],[100.6646293,14.497833],[100.6627893,14.4969111],[100.6633151,14.4963009],[100.6645811,14.4966281],[100.66508,14.4952465],[100.6644818,14.4950492],[100.6665764,14.4898293],[100.6670609,14.4901281],[100.6677484,14.4895438],[100.6687907,14.4895155],[100.6687681,14.4879533],[100.6684932,14.4878344],[100.6691629,14.4867564],[100.6695359,14.4866672],[100.6695833,14.4853192],[100.6711854,14.4853525],[100.6709947,14.4847275],[100.6713065,14.4846267],[100.6712423,14.4842142],[100.6708261,14.4842064],[100.6703783,14.4823835],[100.6694098,14.4821328],[100.6695879,14.480918],[100.6710781,14.4809714],[100.6704294,14.4784551],[100.6723272,14.4783977],[100.6722861,14.4760982],[100.6727131,14.4759819],[100.6724963,14.4751799],[100.6731868,14.4749861],[100.6736477,14.4752962],[100.6750309,14.4749618],[100.675358,14.4748372],[100.675478,14.4735708],[100.6760804,14.4731421],[100.677426,14.472701],[100.6777331,14.4733389],[100.6787627,14.4734514],[100.6791562,14.4720608],[100.6808998,14.4720053],[100.6809908,14.4708792],[100.6820369,14.4691313],[100.6823909,14.4671367],[100.6843543,14.4637915],[100.6842899,14.4628773],[100.6850731,14.4612774],[100.6852233,14.4596775]]]}},{"type":"Feature","properties":{"id":"TH-LAO-6140308","nameTh":"แม่ลา","type":"subdistrict_admin_org"},"geometry":{"type":"Polygon","coordinates":[[[100.5959133,14.4607555],[100.5952233,14.4561212],[100.5953268,14.4549751],[100.5981696,14.4481717],[100.5997131,14.4476849],[100.6012293,14.4496259],[100.6026328,14.4490805],[100.6036439,14.4512842],[100.6036054,14.4521041],[100.6049015,14.4519145],[100.6061787,14.4510246],[100.6066496,14.4494482],[100.6060999,14.4480309],[100.6014743,14.4452974],[100.6004361,14.4457558],[100.6001816,14.4452545],[100.5997689,14.4454182],[100.5997846,14.4460622],[100.5965771,14.4474852],[100.5964104,14.4471933],[100.5943837,14.4481037],[100.5935411,14.4467853],[100.5901751,14.4483112],[100.5899043,14.4477405],[100.5880671,14.4485309],[100.5883361,14.4490511],[100.5867305,14.4497863],[100.5857414,14.4477301],[100.5853212,14.4478839],[100.5848652,14.4468769],[100.5844319,14.4470414],[100.5840283,14.446228],[100.583085,14.4464393],[100.5825985,14.4453396],[100.5827334,14.4461046],[100.5825205,14.4462015],[100.5820436,14.4452662],[100.5795061,14.4468796],[100.5789285,14.4475743],[100.5791524,14.4479783],[100.5781725,14.4483952],[100.5783688,14.448883],[100.5779278,14.4491827],[100.5784181,14.4501728],[100.5794236,14.4499906],[100.580187,14.4516481],[100.5791726,14.4518729],[100.5795653,14.4529525],[100.5767293,14.4539551],[100.5769837,14.454563],[100.5742692,14.4554512],[100.5766268,14.4603444],[100.5767985,14.4616119],[100.5760904,14.464687],[100.5748029,14.4657882],[100.5728288,14.4665154],[100.5715843,14.4659544],[100.5670567,14.4655804],[100.5655923,14.4663855],[100.5650183,14.4663959],[100.5646374,14.4667232],[100.5644864,14.4675574],[100.5650442,14.4701493],[100.5662092,14.4710864],[100.569696,14.4719797],[100.5702647,14.4730653],[100.5719062,14.4735276],[100.5736971,14.4747307],[100.5753386,14.4766629],[100.5751777,14.4773797],[100.5757892,14.4785951],[100.5770767,14.4795092],[100.5787182,14.4813479],[100.5809552,14.4818906],[100.5823982,14.4832281],[100.5843079,14.4861367],[100.586105,14.4876273],[100.5854559,14.4896685],[100.5841255,14.4916629],[100.5835032,14.4932106],[100.5827522,14.4937508],[100.5800915,14.4941767],[100.5793941,14.4949246],[100.5796194,14.4973863],[100.5792135,14.4984792],[100.5800003,14.4995521],[100.5805083,14.4991902],[100.5813537,14.4998179],[100.58167,14.4995189],[100.5828337,14.5007536],[100.5835524,14.5027153],[100.5845587,14.5024067],[100.5851781,14.5038567],[100.5842892,14.5043435],[100.5849436,14.5052208],[100.5840588,14.5056898],[100.5844278,14.5072703],[100.5860311,14.5091715],[100.5850085,14.5106712],[100.5893156,14.5128875],[100.5890256,14.5142364],[100.5902001,14.5140604],[100.5911583,14.5166746],[100.5908719,14.5175613],[100.5940175,14.5203409],[100.5959728,14.5190946],[100.5964315,14.5193101],[100.5968767,14.5202526],[100.6000517,14.5195673],[100.5999827,14.5208395],[100.6004548,14.5228751],[100.599854,14.5277876],[100.5994248,14.5287431],[100.6000258,14.5304984],[100.6016993,14.5303789],[100.6044191,14.5290599],[100.6090972,14.5298328],[100.6120083,14.5288395],[100.6117892,14.5283984],[100.6125911,14.5278809],[100.6123238,14.5271258],[100.6143959,14.5267463],[100.6144284,14.5273808],[100.6153797,14.527124],[100.6157802,14.5283426],[100.6174434,14.5274379],[100.6159061,14.5233574],[100.6180416,14.5228641],[100.6183125,14.52378],[100.620113,14.5231263],[100.6202235,14.5233764],[100.6241673,14.5217178],[100.6230031,14.5200182],[100.6203286,14.5213071],[100.6202687,14.5209745],[100.621403,14.5203257],[100.6202842,14.5165583],[100.6229309,14.5149228],[100.6233608,14.5161569],[100.6267492,14.5135312],[100.6280248,14.5149001],[100.6281908,14.5147418],[100.6289443,14.5153346],[100.6283817,14.5159866],[100.6286248,14.5162037],[100.6306262,14.5138141],[100.631011,14.5140415],[100.6308143,14.5142375],[100.631141,14.5143848],[100.6302996,14.5153665],[100.6313594,14.5159724],[100.6300195,14.5174405],[100.6305886,14.5178594],[100.6300141,14.5184507],[100.6302684,14.5186499],[100.6324506,14.5165436],[100.6330121,14.5173991],[100.6342835,14.515975],[100.6343065,14.5154065],[100.6345499,14.5153713],[100.634373,14.5145718],[100.6339211,14.514602],[100.6338341,14.5142322],[100.6342122,14.5136346],[100.6338324,14.5112781],[100.6349508,14.511012],[100.6342667,14.5080832],[100.634596,14.5071694],[100.6344788,14.5055166],[100.6345785,14.5048305],[100.6356979,14.5041155],[100.6356138,14.5031972],[100.6344284,14.5010509],[100.6356079,14.5005581],[100.6355258,14.5000157],[100.6365479,14.4993421],[100.6357993,14.4974683],[100.6364589,14.4974473],[100.6362721,14.4951324],[100.6370884,14.4949753],[100.6369658,14.4944425],[100.6379478,14.4942286],[100.6376973,14.4935156],[100.6382862,14.4929403],[100.638008,14.4919607],[100.6383527,14.4918891],[100.6388667,14.4930554],[100.6395469,14.4931814],[100.6385476,14.4896641],[100.6396611,14.489715],[100.6399815,14.4889631],[100.6410985,14.4889633],[100.6412899,14.4901083],[100.6416013,14.4900836],[100.6409822,14.4858311],[100.6392903,14.4863346],[100.6387332,14.4855661],[100.6393516,14.485517],[100.6392662,14.4849133],[100.6398333,14.4848691],[100.6398415,14.4834427],[100.6389505,14.4833471],[100.6389121,14.4817817],[100.6386325,14.4817441],[100.6386009,14.4822037],[100.6355182,14.4812675],[100.6354837,14.4815684],[100.6345999,14.4814573],[100.6344974,14.483145],[100.6339565,14.4845824],[100.6331348,14.4853161],[100.6316238,14.4859022],[100.62985,14.4845431],[100.628316,14.4869078],[100.6273417,14.487534],[100.6239502,14.4884492],[100.6210295,14.4882293],[100.6208819,14.4895832],[100.6193403,14.4899436],[100.6192438,14.4859912],[100.6202602,14.4859653],[100.6204306,14.4757357],[100.6161829,14.4749848],[100.6154913,14.4763824],[100.6142289,14.475492],[100.61461,14.4747698],[100.6124447,14.4737556],[100.6114734,14.4749384],[100.6088653,14.4756108],[100.6087068,14.4748061],[100.6063264,14.474806],[100.6041419,14.4740775],[100.6033499,14.4741847],[100.6027014,14.474671],[100.6023806,14.476211],[100.5999357,14.4771832],[100.5999516,14.4750711],[100.6008796,14.4738305],[100.6021317,14.4734197],[100.6074977,14.4733942],[100.6086433,14.4721037],[100.6092106,14.472514],[100.6097138,14.4713921],[100.6097138,14.4704896],[100.6034035,14.4666455],[100.596748,14.461641],[100.5962545,14.4607112],[100.5959133,14.4607555]]]}},{"type":"Feature","properties":{"id":"TH-LAO-5140301","nameTh":"นครหลวง","type":"subdistrict_municipality"},"geometry":{"type":"Polygon","coordinates":[[[100.6210295,14.4882293],[100.6239502,14.4884492],[100.6273417,14.487534],[100.628316,14.4869078],[100.62985,14.4845431],[100.6310859,14.4857262],[100.6320727,14.485877],[100.6339166,14.4846558],[100.6344974,14.483145],[100.6345999,14.4814573],[100.6362921,14.4814068],[100.6386009,14.4822037],[100.6395673,14.4789308],[100.6404179,14.4775178],[100.641243,14.4774543],[100.641023,14.476365],[100.6397433,14.4757705],[100.6400653,14.4739625],[100.6410473,14.4732406],[100.6404807,14.4685337],[100.6399586,14.4685856],[100.6386929,14.4655954],[100.6352945,14.465717],[100.6350915,14.4660481],[100.6340741,14.4663098],[100.6328278,14.4649556],[100.6311178,14.4664666],[100.6300771,14.4669029],[100.6286824,14.4666952],[100.6227547,14.4620202],[100.6191198,14.4565003],[100.6202357,14.4553268],[100.6198873,14.4549825],[100.620353,14.4540326],[100.6200084,14.4538274],[100.6198705,14.4540672],[100.6191994,14.4537351],[100.6192998,14.4534866],[100.6175692,14.4528369],[100.6171686,14.4537359],[100.6154196,14.4533222],[100.6138578,14.4550856],[100.6129325,14.4540363],[100.6117934,14.4557281],[100.6113678,14.4552153],[100.611081,14.4554957],[100.6106298,14.4552167],[100.6099104,14.4561933],[100.6075597,14.4543352],[100.6065656,14.4555086],[100.6061491,14.4551477],[100.6055122,14.4560871],[100.6038065,14.4550119],[100.6026384,14.4555854],[100.6021522,14.4549016],[100.6017028,14.4550295],[100.6003929,14.4528033],[100.6036054,14.4521041],[100.6036439,14.4512842],[100.6026328,14.4490805],[100.6012293,14.4496259],[100.5997131,14.4476849],[100.5981696,14.4481717],[100.5953268,14.4549751],[100.5952233,14.4561212],[100.5959133,14.4607555],[100.5962545,14.4607112],[100.596748,14.461641],[100.6034035,14.4666455],[100.6097138,14.4704896],[100.6097138,14.4713921],[100.6092106,14.472514],[100.6086433,14.4721037],[100.6074977,14.4733942],[100.6021317,14.4734197],[100.6008796,14.4738305],[100.5999516,14.4750711],[100.5999357,14.4771832],[100.6023806,14.476211],[100.6027014,14.474671],[100.6033499,14.4741847],[100.6041419,14.4740775],[100.6063264,14.474806],[100.6087068,14.4748061],[100.6088653,14.4756108],[100.6114734,14.4749384],[100.6124447,14.4737556],[100.61461,14.4747698],[100.6142289,14.475492],[100.6154913,14.4763824],[100.6161829,14.4749848],[100.6203591,14.4756826],[100.6202602,14.4859653],[100.6192438,14.4859912],[100.6193403,14.4899436],[100.6208819,14.4895832],[100.6210295,14.4882293]]]}},{"type":"Feature","properties":{"id":"TH-LAO-6140306","nameTh":"บ้านชุ้ง","type":"subdistrict_admin_org"},"geometry":{"type":"Polygon","coordinates":[[[100.6762943,14.4563582],[100.6765383,14.4527739],[100.6755674,14.4524623],[100.6754348,14.4506393],[100.6727828,14.4497264],[100.6693758,14.4512504],[100.6680523,14.4492573],[100.6683959,14.4491296],[100.6681901,14.4469689],[100.6671154,14.4426451],[100.6650825,14.4430779],[100.6648565,14.4417612],[100.6634172,14.4418565],[100.6632855,14.4412798],[100.6615877,14.4411917],[100.6617682,14.4400855],[100.6596085,14.4395411],[100.6597739,14.4421883],[100.6594417,14.4425758],[100.6604334,14.4445521],[100.660546,14.4456788],[100.6570853,14.4472675],[100.6543995,14.4407615],[100.6524049,14.4413591],[100.6523015,14.4410389],[100.6514707,14.4412314],[100.6500724,14.4420164],[100.6496738,14.4415879],[100.6488593,14.4419615],[100.6480993,14.4413962],[100.647328,14.4400949],[100.647002,14.4402725],[100.6464884,14.4393795],[100.6464079,14.4328733],[100.6458094,14.4329821],[100.6458317,14.433303],[100.6451726,14.4336107],[100.645047,14.4331474],[100.6442747,14.4337763],[100.6442005,14.4333508],[100.6398407,14.4347308],[100.6397565,14.4345084],[100.6308795,14.4368877],[100.6325625,14.4418841],[100.6296911,14.4439399],[100.6271975,14.4417574],[100.6259313,14.4422273],[100.6247926,14.4443989],[100.6220362,14.4475076],[100.6216101,14.4484352],[100.621887,14.448717],[100.6211483,14.4491144],[100.6211282,14.4505142],[100.6204878,14.4515263],[100.619697,14.4539796],[100.620353,14.4540326],[100.6198873,14.4549825],[100.6202357,14.4553268],[100.6191198,14.4565003],[100.6227547,14.4620202],[100.6286824,14.4666952],[100.6300771,14.4669029],[100.6311178,14.4664666],[100.6328278,14.4649556],[100.6340741,14.4663098],[100.6350915,14.4660481],[100.6352945,14.465717],[100.6386929,14.4655954],[100.6399586,14.4685856],[100.6404807,14.4685337],[100.6410473,14.4732406],[100.6424204,14.4729153],[100.6429303,14.4739096],[100.6448642,14.4748854],[100.6464189,14.473366],[100.6469561,14.4736217],[100.6490839,14.4727073],[100.6497758,14.4728441],[100.6507378,14.4720724],[100.6531059,14.471039],[100.6539114,14.4700844],[100.6539537,14.4691643],[100.6545626,14.4690656],[100.65536,14.4672771],[100.6572491,14.4677365],[100.6569855,14.4682681],[100.6579432,14.4689245],[100.6585858,14.4702574],[100.6595382,14.4704026],[100.6605269,14.4700461],[100.6604441,14.469377],[100.6660129,14.4680104],[100.6674286,14.4677988],[100.667828,14.4684625],[100.669075,14.4687641],[100.6709985,14.468233],[100.6709278,14.4677874],[100.6712343,14.4677188],[100.6710425,14.4669643],[100.6724326,14.4664749],[100.6712866,14.4639398],[100.672797,14.4635313],[100.6723334,14.4619356],[100.6726651,14.4618518],[100.6721248,14.4588799],[100.6747766,14.457295],[100.6745676,14.4566534],[100.6762943,14.4563582]]]}},{"type":"Feature","properties":{"id":"TH-LAO-6140305","nameTh":"หนองปลิง","type":"subdistrict_admin_org"},"geometry":{"type":"Polygon","coordinates":[[[100.6470659,14.4327627],[100.6458094,14.4329821],[100.6458317,14.433303],[100.6451726,14.4336107],[100.645047,14.4331474],[100.6442747,14.4337763],[100.6442005,14.4333508],[100.6398407,14.4347308],[100.6397565,14.4345084],[100.630939,14.4368363],[100.6311811,14.4380216],[100.6306698,14.4382366],[100.630304,14.4382958],[100.6298068,14.4371753],[100.6289789,14.4373754],[100.6281156,14.4349948],[100.6310423,14.4343148],[100.6306939,14.4317965],[100.630908,14.4285724],[100.6304305,14.4253564],[100.6292855,14.425547],[100.6291283,14.4244607],[100.6281115,14.4245551],[100.6280967,14.422209],[100.6252607,14.4222942],[100.6252078,14.4214205],[100.6248108,14.4213837],[100.6244213,14.4203618],[100.6257758,14.4198937],[100.625767,14.4195962],[100.6265303,14.4192042],[100.6263774,14.4184658],[100.6267149,14.4184458],[100.626449,14.4165716],[100.626705,14.4165408],[100.6268796,14.4155808],[100.6269606,14.4130737],[100.6264336,14.4130129],[100.626504,14.4120248],[100.6242616,14.4113373],[100.6242613,14.4095632],[100.623018,14.4095631],[100.6230264,14.4086058],[100.6222124,14.4085954],[100.6224267,14.4079832],[100.6213961,14.4078295],[100.6223773,14.405116],[100.6237587,14.4052338],[100.6238352,14.4039263],[100.6242535,14.4038757],[100.6246944,14.3983588],[100.6461102,14.4095411],[100.6617042,14.4166277],[100.661306,14.4174798],[100.6602837,14.4171284],[100.6599744,14.4179373],[100.6592498,14.4176757],[100.6579313,14.4204281],[100.6567064,14.420548],[100.6553898,14.4198173],[100.6543996,14.4202346],[100.6541524,14.4192116],[100.6515647,14.4186372],[100.6517961,14.419519],[100.6516611,14.42166],[100.6521802,14.4217716],[100.6520517,14.4250505],[100.652386,14.425067],[100.6528514,14.4268439],[100.6517212,14.4268989],[100.6516165,14.4278256],[100.6502124,14.4276991],[100.650358,14.4299133],[100.6499991,14.4298728],[100.649455,14.4309413],[100.6487343,14.4309268],[100.6481842,14.4315147],[100.6468805,14.4318129],[100.6470659,14.4327627]]]}},{"type":"Feature","properties":{"id":"TH-LAO-6140307","nameTh":"ปากจั่น","type":"subdistrict_admin_org"},"geometry":{"type":"Polygon","coordinates":[[[100.5991278,14.4366838],[100.5984258,14.4351206],[100.5991241,14.4327725],[100.601233,14.4321915],[100.6006367,14.4303444],[100.6028389,14.429603],[100.6029602,14.4299097],[100.6058152,14.429289],[100.6090292,14.4273222],[100.6127005,14.4264347],[100.6129411,14.4260123],[100.6161544,14.4244442],[100.6173339,14.424262],[100.6172221,14.4234449],[100.619039,14.422984],[100.6188682,14.421861],[100.6220672,14.420888],[100.62259,14.4223896],[100.6280967,14.422209],[100.6281115,14.4245551],[100.6291283,14.4244607],[100.6292855,14.425547],[100.6304305,14.4253564],[100.630908,14.4285724],[100.6306939,14.4317965],[100.6310423,14.4343148],[100.6281156,14.4349948],[100.6281757,14.4355706],[100.6289789,14.4373754],[100.6298068,14.4371753],[100.630304,14.4382958],[100.6311811,14.4380216],[100.6325625,14.4418841],[100.6296911,14.4439399],[100.6271975,14.4417574],[100.6259313,14.4422273],[100.6247926,14.4443989],[100.6220362,14.4475076],[100.6216101,14.4484352],[100.621887,14.448717],[100.6211483,14.4491144],[100.6211282,14.4505142],[100.6204878,14.4515263],[100.619697,14.4539796],[100.6191994,14.4537351],[100.6192998,14.4534866],[100.6175692,14.4528369],[100.6171686,14.4537359],[100.6154196,14.4533222],[100.6138578,14.4550856],[100.6129325,14.4540363],[100.6117934,14.4557281],[100.6113678,14.4552153],[100.611081,14.4554957],[100.6106298,14.4552167],[100.6099104,14.4561933],[100.6075597,14.4543352],[100.6065656,14.4555086],[100.6061491,14.4551477],[100.6055122,14.4560871],[100.6038065,14.4550119],[100.6026384,14.4555854],[100.6021522,14.4549016],[100.6017028,14.4550295],[100.6003929,14.4528033],[100.6049015,14.4519145],[100.6061787,14.4510246],[100.6066163,14.4500186],[100.606522,14.448774],[100.6056359,14.4475629],[100.602773,14.4462331],[100.6014743,14.4452974],[100.6004361,14.4457558],[100.6001816,14.4452545],[100.5997689,14.4454182],[100.5997846,14.4460622],[100.5943837,14.4481037],[100.5935411,14.4467853],[100.5901751,14.4483112],[100.5899043,14.4477405],[100.5880671,14.4485309],[100.5874354,14.4472869],[100.5884077,14.4468296],[100.5882019,14.4463672],[100.5897382,14.445802],[100.5900195,14.4454379],[100.5898481,14.4450832],[100.594108,14.4430888],[100.5934841,14.4419821],[100.5990278,14.4393661],[100.5988589,14.4381219],[100.5983037,14.4381245],[100.5979014,14.4375323],[100.5991278,14.4366838]]]}},{"type":"Feature","properties":{"id":"TH-LAO-6140303","nameTh":"คลองสะแก","type":"subdistrict_admin_org"},"geometry":{"type":"Polygon","coordinates":[[[100.5961089,14.4357569],[100.5937209,14.437516],[100.5923411,14.4349348],[100.5902785,14.4348101],[100.5903214,14.4343531],[100.5898837,14.4343295],[100.589913,14.4340169],[100.5884792,14.4339135],[100.5895758,14.4285652],[100.5884689,14.4283747],[100.5883386,14.4289599],[100.5874498,14.4287872],[100.5875412,14.4283031],[100.5823862,14.4273048],[100.582451,14.4270494],[100.5804654,14.4266031],[100.5805768,14.4261857],[100.5791472,14.4258339],[100.579177,14.4255236],[100.5797128,14.4255402],[100.5802524,14.4232092],[100.5798132,14.4231237],[100.5799241,14.4227427],[100.5790718,14.4225477],[100.5805931,14.4170163],[100.5829775,14.4169539],[100.5825698,14.4135976],[100.5853859,14.4130913],[100.5884265,14.4133421],[100.5921662,14.4126081],[100.5948383,14.4127663],[100.5974561,14.4116493],[100.5995317,14.4115757],[100.6002193,14.41183],[100.6002578,14.4126591],[100.6007182,14.4127491],[100.6008377,14.4136098],[100.604407,14.413249],[100.6044667,14.4148367],[100.607024,14.4143903],[100.6070196,14.4153234],[100.6079471,14.415323],[100.6081221,14.4157331],[100.6100728,14.4151544],[100.6099682,14.4140174],[100.6113776,14.4140122],[100.6118844,14.413041],[100.6163552,14.4132791],[100.6165991,14.4130893],[100.6160836,14.4115974],[100.6193243,14.4113359],[100.6193461,14.4116251],[100.6198562,14.4115972],[100.6199711,14.4126288],[100.621427,14.4125466],[100.6211051,14.4141035],[100.6222375,14.414146],[100.6226975,14.4151736],[100.6235675,14.4149622],[100.6241084,14.4157966],[100.6249641,14.4157096],[100.6251257,14.4163953],[100.625595,14.4162727],[100.6256927,14.4166938],[100.626449,14.4165716],[100.6267149,14.4184458],[100.6263774,14.4184658],[100.6265303,14.4192042],[100.625767,14.4195962],[100.6257758,14.4198937],[100.6244213,14.4203618],[100.6248108,14.4213837],[100.6252078,14.4214205],[100.6252607,14.4222942],[100.62259,14.4223896],[100.6220672,14.420888],[100.6188682,14.421861],[100.619039,14.422984],[100.6172221,14.4234449],[100.6173339,14.424262],[100.6161544,14.4244442],[100.6129411,14.4260123],[100.6127005,14.4264347],[100.6090292,14.4273222],[100.6058152,14.429289],[100.6029602,14.4299097],[100.6028389,14.429603],[100.6006367,14.4303444],[100.601233,14.4321915],[100.5991241,14.4327725],[100.5984258,14.4351206],[100.5961089,14.4357569]]]}},{"type":"Feature","properties":{"id":"TH-LAO-6141507","nameTh":"บ้านขวาง","type":"subdistrict_admin_org"},"geometry":{"type":"Polygon","coordinates":[[[100.5137014,14.5518918],[100.509324,14.5533041],[100.5089807,14.5578525],[100.5070388,14.5632627],[100.5031228,14.5681951],[100.5012023,14.5721928],[100.5002099,14.573303],[100.4969644,14.5746434],[100.4959506,14.5770213],[100.493173,14.5772677],[100.4922915,14.578203],[100.4928283,14.5790491],[100.4916027,14.5822124],[100.4917727,14.5827395],[100.493166,14.58228],[100.4966128,14.5826101],[100.4981178,14.5819221],[100.4993784,14.5821662],[100.5069423,14.5856497],[100.5109548,14.5938834],[100.5158621,14.5974919],[100.5160951,14.5954753],[100.5168557,14.5940494],[100.5177784,14.5935303],[100.5181968,14.5919002],[100.5205572,14.5907996],[100.5228421,14.5874212],[100.52271,14.5864889],[100.5204557,14.5828312],[100.5204958,14.5810505],[100.5218423,14.5773927],[100.5235505,14.5759309],[100.5248916,14.5725251],[100.5262649,14.5716062],[100.5278742,14.5683612],[100.5282283,14.5647476],[100.5298268,14.5631381],[100.5202675,14.5636261],[100.5183792,14.5547164],[100.5137014,14.5518918]]]}},{"type":"Feature","properties":{"id":"TH-LAO-5141502","nameTh":"โรงช้าง","type":"subdistrict_municipality"},"geometry":{"type":"Polygon","coordinates":[[[100.5677403,14.6263673],[100.5719536,14.6180529],[100.5745157,14.6171498],[100.5728496,14.6147742],[100.574421,14.6140868],[100.5742451,14.6137399],[100.5764581,14.6125044],[100.5771093,14.6134192],[100.5783416,14.6126392],[100.5778145,14.6114769],[100.5783437,14.611293],[100.5771794,14.6102505],[100.5758265,14.611056],[100.5753386,14.6091557],[100.5769389,14.608801],[100.5765847,14.6074074],[100.5754985,14.6077547],[100.5747518,14.605684],[100.5766299,14.6053394],[100.5769909,14.6048368],[100.5766368,14.6028538],[100.5770444,14.6022309],[100.5783503,14.6018308],[100.5788417,14.6011609],[100.5789112,14.5990331],[100.5780315,14.598244],[100.5772805,14.5982856],[100.5762398,14.5990642],[100.5757463,14.5991369],[100.5750596,14.5987112],[100.5755746,14.5967905],[100.5729997,14.5922429],[100.5672598,14.5876537],[100.5644488,14.5835212],[100.5644488,14.575796],[100.5629253,14.5743319],[100.5611872,14.5739477],[100.5643201,14.5622762],[100.5628824,14.5600747],[100.5556297,14.5557964],[100.5508232,14.5516633],[100.5465102,14.549441],[100.5435598,14.5544775],[100.5394399,14.5557548],[100.5298268,14.5631381],[100.5282283,14.5647476],[100.5278742,14.5683612],[100.5262649,14.5716062],[100.5248916,14.5725251],[100.5244088,14.5732208],[100.5235505,14.5759309],[100.5218423,14.5773927],[100.5204958,14.5810505],[100.5204557,14.5828312],[100.52271,14.5864889],[100.5228421,14.5874212],[100.5205572,14.5907996],[100.5181968,14.5919002],[100.5177784,14.5935303],[100.5165446,14.5944959],[100.5159139,14.5964663],[100.5159116,14.6017117],[100.5231428,14.6227661],[100.5346441,14.6217902],[100.5500614,14.6234824],[100.5586659,14.6272508],[100.5677403,14.6263673]]]}},{"type":"Feature","properties":{"id":"TH-LAO-6141505","nameTh":"บ้านนา","type":"subdistrict_admin_org"},"geometry":{"type":"Polygon","coordinates":[[[100.4928902,14.6063889],[100.4924932,14.6061034],[100.4924691,14.605522],[100.4929455,14.6034829],[100.492858,14.6005489],[100.4919675,14.5974809],[100.4927641,14.5965932],[100.4934749,14.5964193],[100.4938316,14.595638],[100.4952049,14.596318],[100.4958728,14.5956172],[100.4951405,14.5952746],[100.4953712,14.5942805],[100.4943225,14.5937587],[100.4948366,14.5919639],[100.4939121,14.5908698],[100.4936358,14.5898185],[100.4926616,14.5894125],[100.4922276,14.5883748],[100.4917727,14.5827395],[100.493166,14.58228],[100.4966128,14.5826101],[100.4981178,14.5819221],[100.4993784,14.5821662],[100.5069423,14.5856497],[100.5109548,14.5938834],[100.5158621,14.5974919],[100.5159116,14.6017117],[100.5231428,14.6227661],[100.5086491,14.6310037],[100.5068564,14.6335624],[100.5067491,14.6396039],[100.5022141,14.6433734],[100.5011221,14.6428286],[100.5012344,14.6414184],[100.5018871,14.6414649],[100.5015844,14.6391282],[100.5018544,14.6380854],[100.4994482,14.6365987],[100.4987508,14.6354516],[100.4992282,14.6345485],[100.5020606,14.6331212],[100.5026025,14.6310917],[100.50183,14.6310346],[100.5014867,14.6288702],[100.5010629,14.6298356],[100.4983377,14.6284757],[100.4977584,14.6291401],[100.4946041,14.6276971],[100.4927802,14.6277231],[100.4930538,14.626467],[100.4928486,14.6264773],[100.4928969,14.6257143],[100.4893389,14.6249669],[100.4896903,14.6237315],[100.4909724,14.6223586],[100.4916912,14.6227089],[100.4935138,14.6207819],[100.4905808,14.616885],[100.4896098,14.6170874],[100.4887891,14.615634],[100.4876625,14.6148657],[100.4882258,14.6141805],[100.4879093,14.6132046],[100.4873836,14.6128465],[100.4910824,14.6112295],[100.4916322,14.6105002],[100.491938,14.6079826],[100.4926971,14.6076996],[100.4928902,14.6063889]]]}},{"type":"Feature","properties":{"id":"TH-LAO-6141503","nameTh":"ท่าตอ","type":"subdistrict_admin_org"},"geometry":{"type":"Polygon","coordinates":[[[100.4909338,14.57578],[100.4888023,14.5750462],[100.4879843,14.5721185],[100.4880931,14.5716052],[100.4852861,14.571087],[100.4853961,14.5687662],[100.4848838,14.5685793],[100.4847875,14.5680832],[100.4811327,14.5682713],[100.4795006,14.5673007],[100.4788866,14.566332],[100.4788788,14.5655704],[100.4798838,14.5631428],[100.4838073,14.5623555],[100.4866165,14.5622866],[100.4882044,14.5604641],[100.4892772,14.5602409],[100.4906827,14.5546333],[100.4909,14.5499498],[100.4953819,14.5491185],[100.5009823,14.5493486],[100.5057084,14.5527381],[100.509324,14.5533041],[100.5089807,14.5578525],[100.5070388,14.5632627],[100.5031228,14.5681951],[100.5012023,14.5721928],[100.5002099,14.573303],[100.4969644,14.5746434],[100.4959506,14.5770213],[100.493173,14.5772677],[100.4922915,14.578203],[100.4909619,14.5763822],[100.4909338,14.57578]]]}},{"type":"Feature","properties":{"id":"TH-LAO-6141504","nameTh":"บางนา","type":"subdistrict_admin_org"},"geometry":{"type":"Polygon","coordinates":[[[100.5884496,14.5884689],[100.5898386,14.5899067],[100.5913085,14.5893564],[100.5908284,14.5886228],[100.5914844,14.5873607],[100.5913623,14.5864765],[100.5924517,14.5858917],[100.5946781,14.5832286],[100.5965672,14.5828894],[100.5957985,14.5808111],[100.5985748,14.5795004],[100.5972663,14.5765989],[100.5965441,14.5767824],[100.5951226,14.5759413],[100.5949206,14.5748695],[100.5938091,14.5746784],[100.5938027,14.5749338],[100.5922637,14.5757847],[100.5917699,14.5747488],[100.5936787,14.5741594],[100.5933178,14.5729551],[100.5925545,14.5732126],[100.5912446,14.5706751],[100.5901857,14.5711936],[100.5900187,14.5708632],[100.5914663,14.570196],[100.590384,14.5675762],[100.5873011,14.5698561],[100.5860333,14.5704189],[100.5847244,14.5685347],[100.5836784,14.5692136],[100.5831229,14.5679362],[100.5821237,14.5684307],[100.5810527,14.5647301],[100.581462,14.5645174],[100.5799633,14.5616868],[100.5826808,14.5608914],[100.5825241,14.5583704],[100.5830643,14.558258],[100.5828301,14.5565958],[100.583105,14.5564997],[100.5823767,14.5539531],[100.5803021,14.5549105],[100.5801237,14.5545035],[100.579421,14.5547017],[100.5789524,14.5532157],[100.5777061,14.5530897],[100.5778084,14.5524523],[100.5745098,14.5521349],[100.5744654,14.5504984],[100.5766268,14.5504454],[100.5768439,14.5498686],[100.5758809,14.5483838],[100.576439,14.5477415],[100.5756763,14.5463991],[100.5729588,14.5471146],[100.5726945,14.5458058],[100.5741655,14.5455351],[100.5732127,14.5427077],[100.5704151,14.5435692],[100.569822,14.5423628],[100.5694131,14.5425227],[100.5688764,14.5416255],[100.567637,14.5422099],[100.5672745,14.5416705],[100.565355,14.5424227],[100.5659856,14.5436072],[100.5652935,14.543928],[100.5643631,14.5415872],[100.5636984,14.5421609],[100.5638754,14.5428791],[100.5631232,14.5436664],[100.5626751,14.5429728],[100.5608519,14.5439063],[100.56047,14.543333],[100.5602469,14.5435455],[100.558976,14.5414295],[100.5580402,14.54184],[100.5573163,14.5402871],[100.5568667,14.5405056],[100.5564057,14.5397274],[100.5567578,14.5391171],[100.5559575,14.5369565],[100.554428,14.5375539],[100.5536887,14.5348185],[100.5523437,14.5354272],[100.5519275,14.5346045],[100.5533013,14.5338605],[100.552587,14.5325687],[100.5519674,14.5329141],[100.5512997,14.5311688],[100.5518113,14.530943],[100.5521035,14.5314137],[100.5526435,14.5310984],[100.5511796,14.5286796],[100.5490567,14.5296756],[100.5482805,14.5279019],[100.5480584,14.527103],[100.5492755,14.5269698],[100.5495857,14.5262626],[100.5464974,14.5251923],[100.5443731,14.5237175],[100.5427798,14.5242939],[100.5414066,14.528173],[100.5417099,14.5297606],[100.5409098,14.5298959],[100.5410814,14.5318277],[100.5396867,14.5324924],[100.539069,14.533386],[100.5413818,14.5371451],[100.5416608,14.5412784],[100.5465102,14.549441],[100.5508232,14.5516633],[100.5556297,14.5557964],[100.5628824,14.5600747],[100.5643201,14.5622762],[100.5611872,14.5739477],[100.5629253,14.5743319],[100.5644488,14.575796],[100.5644488,14.5835212],[100.5672598,14.5876537],[100.5729997,14.5922429],[100.5753311,14.5962973],[100.5788424,14.5944779],[100.5793929,14.5952428],[100.5819612,14.5940851],[100.5816203,14.5923363],[100.5835301,14.5923623],[100.5836642,14.5913188],[100.5845869,14.5895226],[100.5859923,14.5889826],[100.5877626,14.5903065],[100.5884546,14.5891332],[100.5884496,14.5884689]]]}},{"type":"Feature","properties":{"id":"TH-LAO-5141501","nameTh":"มหาราช","type":"subdistrict_municipality"},"geometry":{"type":"Polygon","coordinates":[[[100.5153322,14.5429919],[100.5129075,14.5378513],[100.5109763,14.5371658],[100.5113355,14.5352364],[100.5118147,14.5344006],[100.5135177,14.5330715],[100.5162111,14.5317418],[100.5162576,14.5309397],[100.5155495,14.5293273],[100.5159034,14.52666],[100.5163035,14.5267726],[100.5168449,14.5257547],[100.5173597,14.525993],[100.5180098,14.5255829],[100.5194001,14.5239284],[100.52029,14.5237753],[100.5210131,14.5225402],[100.5225065,14.5224369],[100.5224991,14.5218467],[100.5230213,14.5217282],[100.5247815,14.5219076],[100.5248042,14.5211077],[100.5264511,14.5209955],[100.5264278,14.5203926],[100.5248787,14.5202985],[100.5250432,14.5189287],[100.5262197,14.5188591],[100.5299039,14.5197075],[100.5300334,14.5190608],[100.5313734,14.5193627],[100.5308247,14.5213458],[100.5312724,14.5215399],[100.5310831,14.5220287],[100.5306676,14.5218595],[100.5300691,14.5237843],[100.5313423,14.5241916],[100.5315298,14.5236948],[100.5322284,14.5241446],[100.5309922,14.525083],[100.5319219,14.5256098],[100.5319056,14.5261155],[100.5327357,14.5269191],[100.5334237,14.5271814],[100.5337054,14.5264661],[100.5355724,14.5272157],[100.5356945,14.5268238],[100.5348205,14.5264649],[100.5351235,14.525819],[100.5369935,14.5269776],[100.5375314,14.5260537],[100.5377961,14.5261371],[100.5376519,14.5267346],[100.5382383,14.5269256],[100.5376446,14.5289104],[100.5389576,14.5292232],[100.5402242,14.5254809],[100.5420073,14.5260024],[100.5414066,14.528173],[100.5417099,14.5297606],[100.5409098,14.5298959],[100.5410814,14.5318277],[100.5396867,14.5324924],[100.539069,14.533386],[100.5413818,14.5371451],[100.5416608,14.5412784],[100.5465102,14.549441],[100.5435598,14.5544775],[100.5394399,14.5557548],[100.5298268,14.5631381],[100.5202675,14.5636261],[100.5183792,14.5547164],[100.5137014,14.5518918],[100.5153322,14.5429919]]]}},{"type":"Feature","properties":{"id":"TH-LAO-5140201","nameTh":"ท่าหลวง","type":"subdistrict_municipality"},"geometry":{"type":"Polygon","coordinates":[[[100.7823421,14.5664193],[100.7810372,14.5666099],[100.7809015,14.5669137],[100.7769079,14.5667843],[100.7756782,14.5661559],[100.7747796,14.5666686],[100.773814,14.5666998],[100.7737765,14.5663753],[100.7716559,14.5657427],[100.7714725,14.5664635],[100.7704854,14.5665726],[100.7698309,14.567058],[100.7684349,14.5654979],[100.7679319,14.5657756],[100.7668215,14.5651318],[100.7666302,14.5659996],[100.7659688,14.5662101],[100.7658242,14.567015],[100.7643052,14.5679045],[100.7633132,14.5680757],[100.7631576,14.5684547],[100.762092,14.5686114],[100.7622456,14.5695865],[100.7614076,14.5696735],[100.7611835,14.5682418],[100.7603239,14.5678256],[100.760065,14.5695138],[100.7593381,14.5695995],[100.7589742,14.5691379],[100.7575007,14.569206],[100.7560089,14.5693696],[100.7559884,14.5697799],[100.7551857,14.5697518],[100.7552079,14.5689173],[100.7530442,14.5689867],[100.7529722,14.5702553],[100.7516456,14.5701576],[100.7514149,14.5704561],[100.7513961,14.5701732],[100.7511064,14.5702095],[100.7509139,14.5705537],[100.750511,14.5698876],[100.7497544,14.5696826],[100.7492691,14.5706093],[100.749555,14.5682812],[100.7482259,14.5683026],[100.7482186,14.5688677],[100.7475712,14.5687154],[100.747278,14.5681487],[100.7458189,14.5681966],[100.7458127,14.5685649],[100.7436955,14.569153],[100.7401228,14.5693558],[100.7398093,14.5661525],[100.7387291,14.5661606],[100.7387172,14.5665827],[100.7382603,14.5667467],[100.7382943,14.5676623],[100.7370664,14.5672586],[100.735524,14.5673834],[100.7354055,14.5690929],[100.734164,14.5685228],[100.7339896,14.5695929],[100.7322497,14.5693835],[100.732201,14.5684076],[100.7325643,14.5682937],[100.7324936,14.5670372],[100.7318036,14.5666685],[100.7317597,14.5647861],[100.7353058,14.5648235],[100.7385302,14.564024],[100.7398596,14.56232],[100.7402025,14.5596366],[100.7408301,14.5583717],[100.7418322,14.5580727],[100.7428203,14.5584486],[100.7474012,14.5619172],[100.7488332,14.5639863],[100.749956,14.5648934],[100.7509887,14.5650644],[100.7522502,14.5641996],[100.7539416,14.5606513],[100.7546682,14.5567357],[100.7557373,14.5557585],[100.7571792,14.5561895],[100.7592619,14.5581469],[100.7646873,14.5591206],[100.7677471,14.5616242],[100.7689096,14.5618089],[100.7711511,14.5607321],[100.7730102,14.5583473],[100.7744897,14.557621],[100.7779366,14.5574449],[100.7791918,14.5583198],[100.7813859,14.5610768],[100.7813591,14.5643063],[100.7823421,14.5664193]]]}},{"type":"Feature","properties":{"id":"TH-LAO-6140205","nameTh":"ท่าหลวง","type":"subdistrict_admin_org"},"geometry":{"type":"Polygon","coordinates":[[[100.7784859,14.5303149],[100.7775474,14.5321705],[100.7773898,14.5333859],[100.7790685,14.535878],[100.7792818,14.5373414],[100.7787663,14.5376486],[100.7788645,14.5392379],[100.7783442,14.5400682],[100.7778831,14.5401442],[100.7777263,14.5424583],[100.7768194,14.543514],[100.7767738,14.5453995],[100.7754137,14.5472689],[100.7750613,14.5486092],[100.7757021,14.5488343],[100.7751919,14.5517708],[100.7764971,14.5522962],[100.7764506,14.5538389],[100.7779044,14.5534443],[100.7773816,14.557352],[100.7744897,14.557621],[100.7730102,14.5583473],[100.7711511,14.5607321],[100.7689096,14.5618089],[100.7677471,14.5616242],[100.7646873,14.5591206],[100.7592619,14.5581469],[100.756447,14.5557949],[100.7557373,14.5557585],[100.7548558,14.5564349],[100.7506263,14.5479871],[100.7494568,14.5422131],[100.7531047,14.5381161],[100.7506073,14.5362074],[100.7453558,14.530991],[100.7473748,14.5294142],[100.747726,14.5279596],[100.7496752,14.5258298],[100.7497253,14.5244237],[100.7520423,14.5245309],[100.7533512,14.5235833],[100.7537018,14.5223893],[100.754372,14.5215104],[100.7540997,14.5198689],[100.755349,14.5188329],[100.7576784,14.5194639],[100.7586492,14.518839],[100.7592224,14.5188316],[100.7597041,14.5203894],[100.7608967,14.5207758],[100.7618623,14.5227956],[100.7637225,14.5239981],[100.7655587,14.5246606],[100.7673765,14.5242146],[100.7718034,14.5263885],[100.7751951,14.5269514],[100.7764745,14.5281744],[100.7766057,14.5290664],[100.7779297,14.5296427],[100.7784859,14.5303149]]]}},{"type":"Feature","properties":{"id":"TH-LAO-6140203","nameTh":"จำปา","type":"subdistrict_admin_org"},"geometry":{"type":"Polygon","coordinates":[[[100.7541962,14.559688],[100.7522502,14.5641996],[100.7509887,14.5650644],[100.749956,14.5648934],[100.7488332,14.5639863],[100.7474012,14.5619172],[100.7428203,14.5584486],[100.7418322,14.5580727],[100.7408301,14.5583717],[100.7402025,14.5596366],[100.7398596,14.56232],[100.7385302,14.564024],[100.7353058,14.5648235],[100.7294917,14.5647561],[100.7282134,14.5645282],[100.7270723,14.5631928],[100.7268513,14.5598205],[100.7284713,14.5521514],[100.7337284,14.5408215],[100.736555,14.5373081],[100.7366983,14.5358453],[100.7373645,14.5355903],[100.7376648,14.5347781],[100.7395998,14.5342594],[100.7408754,14.5322805],[100.740557,14.5321804],[100.7404548,14.5313923],[100.7407152,14.5296293],[100.7379604,14.5287909],[100.736333,14.5273272],[100.7375596,14.5266381],[100.736811,14.5266648],[100.7364359,14.5259427],[100.736676,14.5240849],[100.7376554,14.5239897],[100.7381502,14.5232027],[100.7386652,14.5230461],[100.7387567,14.5221184],[100.7393616,14.5217172],[100.7419725,14.5264443],[100.7453558,14.530991],[100.7506073,14.5362074],[100.7531047,14.5381161],[100.7494568,14.5422131],[100.7506263,14.5479871],[100.7548558,14.5564349],[100.7544012,14.5575429],[100.7541962,14.559688]]]}},{"type":"Feature","properties":{"id":"TH-LAO-5140202","nameTh":"ท่าเรือ","type":"subdistrict_municipality"},"geometry":{"type":"Polygon","coordinates":[[[100.7308793,14.5699867],[100.7259711,14.5701779],[100.7261619,14.5708663],[100.7240939,14.5710143],[100.7241039,14.5715801],[100.7234368,14.5716425],[100.7234234,14.5719358],[100.7230827,14.5719332],[100.722844,14.5709831],[100.721916,14.5715023],[100.7211569,14.5711129],[100.7204086,14.5718761],[100.7188368,14.5718346],[100.7190017,14.5710363],[100.7186262,14.5710545],[100.7182467,14.57029],[100.7178766,14.571074],[100.7168117,14.5711155],[100.7167849,14.5706093],[100.716455,14.5706093],[100.7162404,14.5720449],[100.7143618,14.5720378],[100.7145721,14.5709286],[100.7151218,14.5704609],[100.7133383,14.5639221],[100.7133477,14.5583857],[100.7165914,14.5580371],[100.7173562,14.5597477],[100.7186598,14.5603136],[100.7204135,14.5599104],[100.7233961,14.5584078],[100.7242914,14.5582992],[100.7261085,14.5588764],[100.7268513,14.5598205],[100.7269345,14.5623621],[100.7275058,14.5639358],[100.7282134,14.5645282],[100.7317597,14.5647861],[100.7318036,14.5666685],[100.7324936,14.5670372],[100.7325643,14.5682937],[100.732201,14.5684076],[100.7322497,14.5693835],[100.7305205,14.5693477],[100.7308793,14.5699867]]]}},{"type":"Feature","properties":{"id":"TH-LAO-6140206","nameTh":"บ้านร่อม","type":"subdistrict_admin_org"},"geometry":{"type":"Polygon","coordinates":[[[100.7143618,14.5720378],[100.7133892,14.5720994],[100.713296,14.572616],[100.7129869,14.5725563],[100.7126181,14.5744188],[100.7123351,14.5747913],[100.711863,14.5744539],[100.7118496,14.5748433],[100.711222,14.5754455],[100.7116055,14.5761594],[100.7114875,14.5766526],[100.7101357,14.5768914],[100.7106212,14.5793159],[100.7113293,14.5792978],[100.7114527,14.5808397],[100.7100821,14.5811979],[100.7100928,14.582135],[100.7086739,14.5827372],[100.7076949,14.5825815],[100.7073194,14.5821662],[100.7060722,14.5827463],[100.705989,14.5818391],[100.7047579,14.5820364],[100.7057905,14.5851617],[100.7049429,14.585359],[100.7055598,14.5875576],[100.7049161,14.5875965],[100.7050073,14.5899015],[100.7041839,14.5907477],[100.7046747,14.5912072],[100.7045782,14.5921702],[100.704385,14.5934005],[100.7038647,14.5934317],[100.7035696,14.59637],[100.7023171,14.5963051],[100.7010537,14.5956925],[100.7010537,14.5969877],[100.698342,14.5971642],[100.6983018,14.5936393],[100.6961507,14.5934472],[100.6960595,14.5930216],[100.6936616,14.5937795],[100.6936884,14.5941896],[100.6930447,14.5946413],[100.6918189,14.5929489],[100.6934899,14.5921338],[100.6933451,14.5915316],[100.6907058,14.5913538],[100.6905475,14.590762],[100.689657,14.5909606],[100.6874576,14.5925647],[100.6848907,14.5925206],[100.6849149,14.5918509],[100.6839359,14.5918872],[100.6839547,14.592409],[100.6834155,14.5927905],[100.6818974,14.5929333],[100.6821334,14.5954148],[100.6824338,14.595503],[100.6825411,14.5963077],[100.6829596,14.5968112],[100.6816909,14.5973277],[100.6813261,14.5979715],[100.6814146,14.5993497],[100.6804953,14.5993108],[100.6803873,14.5996716],[100.6790301,14.5999337],[100.6785822,14.5992407],[100.6767744,14.5987501],[100.675503,14.5988955],[100.6754762,14.6004087],[100.67682,14.6001518],[100.6768656,14.6013042],[100.6729294,14.6017052],[100.6698771,14.6015625],[100.6591496,14.6030458],[100.6607254,14.5971188],[100.6620048,14.5973342],[100.6623588,14.5998961],[100.6640701,14.5995509],[100.666586,14.5995794],[100.6659235,14.5971006],[100.6650679,14.5971525],[100.6649579,14.5962077],[100.6674617,14.5957055],[100.6671238,14.5947243],[100.6648439,14.59515],[100.6645282,14.5944836],[100.6626633,14.593385],[100.6637254,14.5915965],[100.6624782,14.5901974],[100.6628215,14.5898756],[100.6640956,14.5903817],[100.6646991,14.5903065],[100.6632587,14.5873577],[100.6641144,14.5863557],[100.6656137,14.5867477],[100.6656834,14.5874278],[100.6666329,14.5875809],[100.6676897,14.587651],[100.6677595,14.5871033],[100.6686419,14.5867451],[100.6685963,14.5840922],[100.6678507,14.5839508],[100.667671,14.5835445],[100.6681538,14.5817223],[100.6685936,14.5818598],[100.6686312,14.5838223],[100.6698704,14.5835705],[100.6723863,14.5839858],[100.6721556,14.5831967],[100.6737274,14.5830202],[100.6734753,14.5822752],[100.6711069,14.5826464],[100.6711149,14.5809435],[100.6706509,14.5809305],[100.6704068,14.5799883],[100.6695324,14.5800376],[100.6695726,14.578384],[100.6704162,14.5783139],[100.6712852,14.5755247],[100.6694895,14.5729716],[100.6678104,14.5724368],[100.6681135,14.5667803],[100.6678319,14.5651409],[100.6690496,14.5655212],[100.6690201,14.5649397],[100.670447,14.5648177],[100.6710398,14.5625332],[100.6727564,14.5620321],[100.6727457,14.5616635],[100.6736384,14.5615849],[100.6740851,14.56278],[100.6743811,14.5626824],[100.6744693,14.5633609],[100.6747325,14.5633506],[100.6750629,14.5624543],[100.6772639,14.5623547],[100.6772977,14.5626445],[100.6788588,14.5622679],[100.679155,14.5628916],[100.6795426,14.5628984],[100.6827368,14.5620652],[100.6843735,14.5612251],[100.6847202,14.5618703],[100.6863701,14.5611268],[100.686723,14.5621595],[100.6874226,14.562058],[100.6899341,14.5613177],[100.6899359,14.5602463],[100.6919075,14.5600966],[100.6922381,14.5585258],[100.6944589,14.5587025],[100.6946943,14.5584818],[100.6957404,14.5590534],[100.6955325,14.5604099],[100.6962149,14.5607005],[100.6963013,14.5601896],[100.6967818,14.5600261],[100.705299,14.5601338],[100.7133423,14.5615393],[100.7133383,14.5639221],[100.7151218,14.5704609],[100.7145721,14.5709286],[100.7143618,14.5720378]]]}},{"type":"Feature","properties":{"id":"TH-LAO-6140204","nameTh":"ท่าเจ้าสนุก","type":"subdistrict_admin_org"},"geometry":{"type":"Polygon","coordinates":[[[100.7268513,14.5598205],[100.7261085,14.5588764],[100.7242914,14.5582992],[100.722342,14.5587894],[100.7204135,14.5599104],[100.7186598,14.5603136],[100.7173562,14.5597477],[100.7165914,14.5580371],[100.7133477,14.5583857],[100.7133423,14.5615393],[100.705299,14.5601338],[100.6970985,14.5600798],[100.6975717,14.5581902],[100.6970471,14.5562469],[100.6976266,14.5562609],[100.6982777,14.5549105],[100.6988906,14.5553222],[100.6991021,14.5550379],[100.6988674,14.5544641],[100.6994881,14.5524325],[100.7015282,14.5508998],[100.7031683,14.5487554],[100.7039204,14.5485496],[100.7045556,14.5473777],[100.7053438,14.5476957],[100.7056709,14.546628],[100.7041937,14.5454572],[100.70435,14.5450804],[100.7054377,14.5442645],[100.705861,14.5428654],[100.7069955,14.5430042],[100.7071628,14.5413212],[100.7085627,14.5392794],[100.7086712,14.5386454],[100.7098164,14.5381627],[100.7095935,14.537811],[100.7104146,14.5374255],[100.7112955,14.5374469],[100.7124239,14.5361035],[100.7130456,14.5366076],[100.7146056,14.5350818],[100.7160171,14.5365974],[100.7162534,14.5376424],[100.7167274,14.5382216],[100.7170466,14.5377745],[100.719187,14.5374612],[100.7193819,14.5356883],[100.7251519,14.5333477],[100.7261431,14.5334386],[100.7261081,14.5342756],[100.7296289,14.5342709],[100.7296869,14.5356275],[100.7302338,14.5355481],[100.7307973,14.5352995],[100.7310069,14.5341936],[100.7330436,14.5340004],[100.7338176,14.5335769],[100.7335318,14.5320972],[100.7350512,14.5314264],[100.7356031,14.5355933],[100.7353739,14.5355892],[100.7352593,14.5372035],[100.736555,14.5373081],[100.7337284,14.5408215],[100.7284713,14.5521514],[100.7268513,14.5598205]]]}},{"type":"Feature","properties":{"id":"TH-LAO-6140210","nameTh":"ศาลาลอย","type":"subdistrict_admin_org"},"geometry":{"type":"Polygon","coordinates":[[[100.7040987,14.4995398],[100.6989735,14.5009045],[100.6986947,14.5005651],[100.6977056,14.5003579],[100.6969407,14.5005085],[100.6970431,14.5011997],[100.6968111,14.5012662],[100.6973572,14.5022519],[100.6969434,14.5024861],[100.6961397,14.5019812],[100.6948238,14.5044299],[100.695184,14.5049324],[100.6948542,14.5057812],[100.693599,14.5069058],[100.6920072,14.5074985],[100.6931363,14.5089634],[100.6949503,14.5081309],[100.6956582,14.508101],[100.6957521,14.5087151],[100.6948549,14.5092306],[100.6953104,14.5101726],[100.6948915,14.5108479],[100.6951186,14.5115767],[100.6955156,14.5114398],[100.6959255,14.5128369],[100.6943974,14.5138981],[100.6946039,14.5148864],[100.6928793,14.5157956],[100.693338,14.5167922],[100.692795,14.5170371],[100.6930216,14.5176272],[100.6927584,14.5177786],[100.6927917,14.5189662],[100.6922539,14.5185928],[100.6918168,14.5187316],[100.6917535,14.5191164],[100.6890603,14.5203681],[100.6893773,14.5211526],[100.6891498,14.5222308],[100.6899492,14.5231538],[100.6893324,14.5243337],[100.6881903,14.5242719],[100.6877835,14.5255517],[100.6880505,14.5258908],[100.6877945,14.5267652],[100.6873552,14.5264627],[100.6860012,14.5275436],[100.6844103,14.527208],[100.6846264,14.5274593],[100.6841648,14.5288122],[100.6861359,14.5298266],[100.6884895,14.5321268],[100.6910623,14.5321767],[100.6911773,14.5334816],[100.6904117,14.5336979],[100.6902001,14.5341148],[100.6897722,14.5339722],[100.6897248,14.5343497],[100.6893307,14.5344399],[100.6898751,14.5367734],[100.6904714,14.5371695],[100.6900889,14.5386487],[100.6903105,14.5391812],[100.689861,14.5394518],[100.6898912,14.5399491],[100.689374,14.540001],[100.6885673,14.5408078],[100.6894299,14.5414864],[100.6892359,14.5417372],[100.6887288,14.5414043],[100.6886485,14.542622],[100.6872252,14.5437926],[100.6873914,14.5439916],[100.6868174,14.5447545],[100.686996,14.5451972],[100.6867578,14.5454588],[100.6859657,14.5453508],[100.6857631,14.5456058],[100.6859795,14.5457877],[100.6851201,14.546495],[100.6841421,14.5486179],[100.6835814,14.5482361],[100.6833436,14.5486009],[100.6846602,14.5496012],[100.6848105,14.5502132],[100.6849171,14.5508156],[100.6842964,14.55096],[100.6847591,14.5531388],[100.6844363,14.5531749],[100.684487,14.5535628],[100.6830652,14.5539169],[100.6832425,14.5547214],[100.6821149,14.555121],[100.6814108,14.5527819],[100.6807612,14.552905],[100.6787109,14.5537372],[100.6787263,14.5542229],[100.678262,14.5539354],[100.6777482,14.5543682],[100.6779027,14.5548928],[100.6770431,14.5552996],[100.6774836,14.5562838],[100.6777542,14.5587446],[100.6765464,14.5589267],[100.6764012,14.5581315],[100.6759043,14.5581967],[100.6763506,14.5600013],[100.6756653,14.5609648],[100.6758665,14.5624542],[100.6772639,14.5623547],[100.6772977,14.5626445],[100.6788588,14.5622679],[100.679155,14.5628916],[100.6795426,14.5628984],[100.6827368,14.5620652],[100.6843735,14.5612251],[100.6847202,14.5618703],[100.686423,14.5611457],[100.686723,14.5621595],[100.6886406,14.5617955],[100.6886432,14.5615077],[100.6899341,14.5613177],[100.6899359,14.5602463],[100.6919075,14.5600966],[100.6922381,14.5585258],[100.6944589,14.5587025],[100.6946943,14.5584818],[100.6957404,14.5590534],[100.6955325,14.5604099],[100.6962149,14.5607005],[100.6963013,14.5601896],[100.6970985,14.5600798],[100.6975717,14.5581902],[100.6970471,14.5562469],[100.6976266,14.5562609],[100.6982777,14.5549105],[100.6988906,14.5553222],[100.6991021,14.5550379],[100.6988674,14.5544641],[100.6994881,14.5524325],[100.7015282,14.5508998],[100.7031683,14.5487554],[100.7039204,14.5485496],[100.7045556,14.5473777],[100.7053438,14.5476957],[100.7056709,14.546628],[100.7041937,14.5454572],[100.7044802,14.5448095],[100.7049634,14.5448484],[100.7054377,14.5442645],[100.705861,14.5428654],[100.7069955,14.5430042],[100.7070014,14.541686],[100.7085627,14.5392794],[100.7086712,14.5386454],[100.7098164,14.5381627],[100.7095935,14.537811],[100.7104146,14.5374255],[100.7112955,14.5374469],[100.7124239,14.5361035],[100.7130456,14.5366076],[100.7146056,14.5350818],[100.7160171,14.5365974],[100.7166207,14.5381759],[100.7170466,14.5377745],[100.719187,14.5374612],[100.7193819,14.5356883],[100.7251519,14.5333477],[100.7252803,14.5327666],[100.7250186,14.5327952],[100.7249301,14.5322458],[100.7250754,14.5316966],[100.7255224,14.5315706],[100.7255977,14.5297978],[100.7247187,14.529755],[100.7235927,14.5252708],[100.7223487,14.5258139],[100.7213626,14.5254638],[100.7204478,14.5256037],[100.7203833,14.5244646],[100.7194152,14.5239116],[100.7200531,14.5224249],[100.7210452,14.522153],[100.7216724,14.5215646],[100.721795,14.5208934],[100.7241164,14.519506],[100.7240808,14.5184013],[100.724439,14.5180847],[100.7238894,14.5169184],[100.7247918,14.5174343],[100.725517,14.5164717],[100.7260473,14.5149819],[100.7251927,14.5141037],[100.7246684,14.5152468],[100.7239072,14.5150207],[100.7244909,14.5136192],[100.7235522,14.5115034],[100.723244,14.5114899],[100.7215,14.513605],[100.7206304,14.5130383],[100.7198737,14.5135942],[100.7197158,14.5133904],[100.7185799,14.5147337],[100.7169981,14.5133614],[100.7163732,14.5138389],[100.7155589,14.5133432],[100.7154341,14.5129051],[100.7164485,14.5119784],[100.7162665,14.5111207],[100.7159264,14.5109382],[100.7135688,14.511687],[100.7135793,14.5098814],[100.7123134,14.5099953],[100.711155,14.5109543],[100.7099972,14.5114251],[100.7084149,14.5118702],[100.7075991,14.5115542],[100.7062625,14.5137527],[100.7082282,14.5144286],[100.7084883,14.5147232],[100.7081788,14.5151463],[100.7084051,14.5157632],[100.7077852,14.5162589],[100.7069009,14.5161691],[100.7063162,14.5157179],[100.7058923,14.5162417],[100.7041737,14.5147187],[100.70386,14.5149385],[100.7027484,14.5144959],[100.7029486,14.5137207],[100.7017325,14.5135009],[100.7008234,14.5123752],[100.702431,14.5111525],[100.7018722,14.5093639],[100.7038071,14.508439],[100.7031451,14.5068911],[100.7012302,14.5077257],[100.7002336,14.5065451],[100.6991799,14.5064761],[100.6991645,14.5047051],[100.7002107,14.503837],[100.6999457,14.5032271],[100.7012977,14.5028719],[100.7019493,14.5029156],[100.7019998,14.5032232],[100.7024742,14.503078],[100.7016766,14.501302],[100.7048206,14.5005149],[100.7044615,14.4996925],[100.7040987,14.4995398]]]}},{"type":"Feature","properties":{"id":"TH-LAO-6140211","nameTh":"หนองขนาก","type":"subdistrict_admin_org"},"geometry":{"type":"Polygon","coordinates":[[[100.7643058,14.4905135],[100.7648259,14.4909721],[100.7645148,14.4921979],[100.7635832,14.4927002],[100.7615322,14.4925423],[100.7604915,14.4933145],[100.7605601,14.4941858],[100.7612652,14.4953459],[100.7617766,14.4954899],[100.7616459,14.4960209],[100.7603842,14.4962879],[100.7607087,14.4973396],[100.7603493,14.4984121],[100.7594562,14.4988405],[100.7593465,14.4994482],[100.7589856,14.4995182],[100.7589197,14.5021255],[100.7573935,14.5020787],[100.7564414,14.5036705],[100.7567444,14.5053272],[100.7533977,14.5061715],[100.7514724,14.5060397],[100.751533,14.5075536],[100.7502025,14.5085965],[100.749773,14.5108154],[100.7487728,14.5108831],[100.74781,14.5123227],[100.7479387,14.5126758],[100.7474271,14.5128894],[100.7482073,14.514195],[100.748465,14.5166051],[100.7474747,14.51682],[100.7474667,14.5187103],[100.7495454,14.5188557],[100.7497782,14.5184677],[100.7496259,14.5171809],[100.7498431,14.516807],[100.7508409,14.5164577],[100.7523352,14.5169895],[100.7520533,14.5174094],[100.7523161,14.5181728],[100.753727,14.518165],[100.7538517,14.5191153],[100.753047,14.5193347],[100.75311,14.5202526],[100.7532629,14.5206291],[100.7541469,14.5205201],[100.754372,14.5215104],[100.7537018,14.5223893],[100.7533512,14.5235833],[100.7520423,14.5245309],[100.7497253,14.5244237],[100.7496752,14.5258298],[100.747726,14.5279596],[100.7473748,14.5294142],[100.7453558,14.530991],[100.7419725,14.5264443],[100.7393616,14.5217172],[100.7387567,14.5221184],[100.7386652,14.5230461],[100.7381502,14.5232027],[100.7376554,14.5239897],[100.736676,14.5240849],[100.7364359,14.5259427],[100.736811,14.5266648],[100.7375596,14.5266381],[100.736333,14.5273272],[100.7379604,14.5287909],[100.7407152,14.5296293],[100.7404548,14.5313923],[100.740557,14.5321804],[100.7408754,14.5322805],[100.7395998,14.5342594],[100.7376648,14.5347781],[100.7373645,14.5355903],[100.7366983,14.5358453],[100.736555,14.5373081],[100.7352593,14.5372035],[100.7353739,14.5355892],[100.7356031,14.5355933],[100.7350512,14.5314264],[100.7335318,14.5320972],[100.7338176,14.5335769],[100.7330436,14.5340004],[100.7310069,14.5341936],[100.7307973,14.5352995],[100.7302338,14.5355481],[100.7296869,14.5356275],[100.7296289,14.5342709],[100.7261081,14.5342756],[100.7261431,14.5334386],[100.7252198,14.5335274],[100.7250404,14.5331171],[100.7252803,14.5327666],[100.7250186,14.5327952],[100.7249301,14.5322458],[100.7250754,14.5316966],[100.7255224,14.5315706],[100.7255977,14.5297978],[100.7247187,14.529755],[100.7235927,14.5252708],[100.7223487,14.5258139],[100.7213626,14.5254638],[100.7204478,14.5256037],[100.7203833,14.5244646],[100.7194152,14.5239116],[100.7200531,14.5224249],[100.7210452,14.522153],[100.7216724,14.5215646],[100.721795,14.5208934],[100.7241164,14.519506],[100.7240808,14.5184013],[100.724439,14.5180847],[100.7238894,14.5169184],[100.7247918,14.5174343],[100.725517,14.5164717],[100.7260473,14.5149819],[100.7251927,14.5141037],[100.7246684,14.5152468],[100.7239072,14.5150207],[100.7244909,14.5136192],[100.7235522,14.5115034],[100.723244,14.5114899],[100.7215,14.513605],[100.7206304,14.5130383],[100.7198737,14.5135942],[100.7197158,14.5133904],[100.7185799,14.5147337],[100.7169981,14.5133614],[100.7163732,14.5138389],[100.7155589,14.5133432],[100.7154341,14.5129051],[100.7164485,14.5119784],[100.7162665,14.5111207],[100.7159264,14.5109382],[100.7135688,14.511687],[100.7135793,14.5098814],[100.7123134,14.5099953],[100.711155,14.5109543],[100.7099972,14.5114251],[100.7084149,14.5118702],[100.7075991,14.5115542],[100.7066016,14.5128367],[100.7062625,14.5137527],[100.7084883,14.5147232],[100.7081788,14.5151463],[100.7084051,14.5157632],[100.7077852,14.5162589],[100.7069009,14.5161691],[100.7063162,14.5157179],[100.7058923,14.5162417],[100.7041737,14.5147187],[100.70386,14.5149385],[100.7029516,14.5146174],[100.7027484,14.5144959],[100.7029486,14.5137207],[100.7017325,14.5135009],[100.7008234,14.5123752],[100.702431,14.5111525],[100.7018722,14.5093639],[100.7038071,14.508439],[100.7031451,14.5068911],[100.7012302,14.5077257],[100.7002336,14.5065451],[100.6991799,14.5064761],[100.6991645,14.5047051],[100.7002107,14.503837],[100.6999457,14.5032271],[100.7012977,14.5028719],[100.7019493,14.5029156],[100.7019998,14.5032232],[100.7024742,14.503078],[100.7016766,14.501302],[100.7048206,14.5005149],[100.7044615,14.4996925],[100.7040987,14.4995398],[100.7009167,14.5002462],[100.7004015,14.4987576],[100.7013377,14.4982969],[100.7010449,14.4974842],[100.7036669,14.4967026],[100.7048832,14.4952931],[100.7055422,14.4949711],[100.7051898,14.4937406],[100.7077459,14.493285],[100.7088099,14.4942733],[100.709834,14.4938925],[100.7108343,14.495432],[100.7119742,14.4950236],[100.7134628,14.4951379],[100.7158228,14.4939952],[100.7179745,14.495786],[100.71893,14.4948538],[100.7201633,14.4995059],[100.7218756,14.499123],[100.7224616,14.4983115],[100.7214828,14.4970599],[100.7223507,14.4960143],[100.7230963,14.4956993],[100.7234924,14.4959548],[100.7253085,14.4981713],[100.7276009,14.4972893],[100.7277579,14.4939577],[100.7318253,14.4924084],[100.7320828,14.4928633],[100.7336581,14.4925515],[100.7338951,14.4934102],[100.7330791,14.4942811],[100.7308926,14.4940326],[100.7305119,14.4945771],[100.7306871,14.4947615],[100.7315437,14.494931],[100.7327212,14.4959773],[100.7333116,14.4955004],[100.7343587,14.4960814],[100.7349876,14.4958823],[100.7352769,14.4954327],[100.7359997,14.4955462],[100.7372249,14.4907791],[100.7395623,14.4915641],[100.7390764,14.4898096],[100.7395513,14.4894925],[100.7392323,14.4879553],[100.7421577,14.4873935],[100.7420529,14.4868612],[100.7429143,14.4867359],[100.7433076,14.4853575],[100.7438673,14.4848155],[100.7452884,14.4848555],[100.7449935,14.4859706],[100.745095,14.4878086],[100.7467346,14.487956],[100.7473545,14.485021],[100.7478154,14.4850181],[100.74796,14.4846084],[100.7491595,14.4845395],[100.7500957,14.4855982],[100.7501648,14.4876802],[100.7522984,14.4882663],[100.7525953,14.490278],[100.7530297,14.4903543],[100.7542434,14.490166],[100.7566996,14.4864208],[100.7581534,14.4865782],[100.7606173,14.4856769],[100.7613459,14.4855921],[100.7614612,14.4858768],[100.7624465,14.4854679],[100.7643058,14.4905135]]]}},{"type":"Feature","properties":{"id":"TH-LAO-6140208","nameTh":"โพธิ์เอน","type":"subdistrict_admin_org"},"geometry":{"type":"Polygon","coordinates":[[[100.6841648,14.5288122],[100.6810995,14.5280641],[100.6793491,14.5269754],[100.678939,14.5257148],[100.6796368,14.5244075],[100.6786264,14.5240156],[100.6751385,14.5260978],[100.6754805,14.5265623],[100.6710975,14.5289635],[100.6696867,14.5289693],[100.6688076,14.5283143],[100.6675192,14.528147],[100.6662205,14.528871],[100.6654629,14.5300666],[100.6646891,14.5306555],[100.6640419,14.5329223],[100.6634544,14.5334351],[100.6638596,14.5336115],[100.6638766,14.5340509],[100.6626354,14.535501],[100.663048,14.5363449],[100.6621079,14.5363785],[100.6615125,14.5368603],[100.6615959,14.5375002],[100.6605299,14.5379398],[100.6597997,14.5390858],[100.6590001,14.539234],[100.6589613,14.5386071],[100.6580495,14.5374275],[100.6573641,14.5376664],[100.6565173,14.5408215],[100.6546757,14.5413683],[100.6548238,14.5406003],[100.6534535,14.5402196],[100.6537474,14.5371847],[100.6554485,14.5372371],[100.6549093,14.5363634],[100.6546999,14.534052],[100.6543441,14.53378],[100.6546483,14.5322198],[100.6549969,14.531914],[100.6562664,14.5319716],[100.6562629,14.5315284],[100.6570808,14.5314888],[100.6583405,14.5306197],[100.6575686,14.5275789],[100.6559051,14.5277038],[100.655697,14.5248941],[100.6567536,14.5215115],[100.6584465,14.5187924],[100.659243,14.5181421],[100.6589908,14.5170652],[100.6593903,14.5161892],[100.6598199,14.5159413],[100.6600463,14.516132],[100.6604386,14.5149899],[100.6615099,14.5151738],[100.6628123,14.5140002],[100.6619795,14.5122226],[100.6618598,14.5109903],[100.662356,14.5098982],[100.6652587,14.5078354],[100.6677881,14.5046847],[100.6687508,14.5039047],[100.6701356,14.5053765],[100.6704498,14.5052455],[100.6708752,14.5056843],[100.6720228,14.5058927],[100.6717258,14.5067947],[100.672051,14.5079619],[100.672681,14.5079081],[100.672732,14.5085297],[100.6748511,14.5084759],[100.6749404,14.5081925],[100.6790938,14.5074286],[100.679721,14.5079275],[100.6809229,14.5076163],[100.6811439,14.5085563],[100.6830676,14.507718],[100.6829363,14.5074856],[100.6838405,14.5069824],[100.6834317,14.5058008],[100.684314,14.5053097],[100.6841731,14.50499],[100.6847153,14.5047185],[100.6851351,14.5049207],[100.6859101,14.5044505],[100.686347,14.5050186],[100.687672,14.5045415],[100.6894542,14.503337],[100.6897351,14.5038801],[100.6927938,14.5031004],[100.6942806,14.501637],[100.6947581,14.5025374],[100.6955665,14.5030088],[100.6948238,14.5044299],[100.695184,14.5049324],[100.6948542,14.5057812],[100.693599,14.5069058],[100.6920072,14.5074985],[100.6931363,14.5089634],[100.6949503,14.5081309],[100.6956582,14.508101],[100.6957521,14.5087151],[100.6948549,14.5092306],[100.6953104,14.5101726],[100.6948915,14.5108479],[100.6951186,14.5115767],[100.6955156,14.5114398],[100.6959255,14.5128369],[100.6943974,14.5138981],[100.6946039,14.5148864],[100.6928793,14.5157956],[100.693338,14.5167922],[100.692795,14.5170371],[100.6930216,14.5176272],[100.6927584,14.5177786],[100.6927917,14.5189662],[100.6922539,14.5185928],[100.6918168,14.5187316],[100.6917535,14.5191164],[100.6890603,14.5203681],[100.6893773,14.5211526],[100.6891498,14.5222308],[100.6899492,14.5231538],[100.6893324,14.5243337],[100.6881903,14.5242719],[100.6877835,14.5255517],[100.6880505,14.5258908],[100.6877945,14.5267652],[100.6873552,14.5264627],[100.6860012,14.5275436],[100.6844103,14.527208],[100.6846264,14.5274593],[100.6841648,14.5288122]]]}},{"type":"Feature","properties":{"id":"TH-LAO-6140207","nameTh":"ปากท่า","type":"subdistrict_admin_org"},"geometry":{"type":"Polygon","coordinates":[[[100.6849631,14.4807022],[100.6846332,14.4801844],[100.6835496,14.4796546],[100.6835818,14.4791249],[100.6828844,14.477816],[100.6810927,14.4760188],[100.6808998,14.4720053],[100.6791562,14.4720608],[100.6787627,14.4734514],[100.6777331,14.4733389],[100.677426,14.472701],[100.6760804,14.4731421],[100.675478,14.4735708],[100.675358,14.4748372],[100.6750309,14.4749618],[100.6736477,14.4752962],[100.6731868,14.4749861],[100.6724963,14.4751799],[100.6727131,14.4759819],[100.6722861,14.4760982],[100.6723272,14.4783977],[100.6704294,14.4784551],[100.6710781,14.4809714],[100.6695879,14.480918],[100.6693745,14.4816542],[100.6695598,14.4822441],[100.6703783,14.4823835],[100.6708261,14.4842064],[100.6712423,14.4842142],[100.6713065,14.4846267],[100.6709947,14.4847275],[100.6711854,14.4853525],[100.6695833,14.4853192],[100.6695359,14.4866672],[100.6691629,14.4867564],[100.6684932,14.4878344],[100.6687681,14.4879533],[100.6687907,14.4895155],[100.6677484,14.4895438],[100.6670609,14.4901281],[100.6665764,14.4898293],[100.6644818,14.4950492],[100.66508,14.4952465],[100.6645811,14.4966281],[100.6633151,14.4963009],[100.6627893,14.4969111],[100.6646293,14.497833],[100.6637814,14.4997138],[100.6632059,14.5004795],[100.6620594,14.4996566],[100.6612447,14.4999992],[100.6607035,14.4997271],[100.6606863,14.502991],[100.6603753,14.5030032],[100.6604541,14.5037963],[100.65991,14.5037855],[100.6598673,14.5041427],[100.660429,14.5044061],[100.6603504,14.5055366],[100.6599008,14.5061647],[100.6588633,14.5095888],[100.6606051,14.510018],[100.6605463,14.5102727],[100.6586857,14.5103149],[100.658886,14.5118822],[100.6586021,14.5119695],[100.6579624,14.5136494],[100.6580878,14.5151167],[100.6576523,14.5153436],[100.6575309,14.5160966],[100.6578178,14.5163403],[100.6572514,14.5185453],[100.6568638,14.5188281],[100.6546989,14.5184223],[100.6545893,14.5188472],[100.6505699,14.5186664],[100.6504724,14.5193776],[100.6548334,14.5195183],[100.6566878,14.519998],[100.6565476,14.5208884],[100.6550604,14.521542],[100.6550014,14.5221287],[100.6501466,14.5220649],[100.6499699,14.5227266],[100.649924,14.5234621],[100.6544829,14.524034],[100.6541488,14.5252226],[100.6548426,14.5259079],[100.6549214,14.5270542],[100.654175,14.5285466],[100.6531413,14.5285674],[100.6527615,14.5292521],[100.6529619,14.5296264],[100.6527436,14.5300364],[100.6537073,14.5308756],[100.6534652,14.5313459],[100.6529933,14.5311715],[100.6520161,14.5322186],[100.6535424,14.5334725],[100.6536958,14.5350245],[100.6531872,14.5370278],[100.6521679,14.5371122],[100.6521566,14.5366534],[100.6512451,14.5366782],[100.6508935,14.5382782],[100.6489314,14.5376951],[100.6487103,14.5367689],[100.6472016,14.5369146],[100.6469458,14.5405],[100.6473939,14.5405771],[100.6469298,14.5440556],[100.6459267,14.5441012],[100.6436163,14.5450278],[100.6432261,14.5448354],[100.6434568,14.5467719],[100.6429193,14.5469538],[100.64117,14.5467822],[100.6404957,14.5473493],[100.6390559,14.5466188],[100.638106,14.5477811],[100.6397372,14.5487083],[100.6390795,14.5494875],[100.638406,14.5490596],[100.6372496,14.5498968],[100.6356629,14.5504137],[100.6357193,14.5507553],[100.6346456,14.5510884],[100.6340839,14.5511803],[100.6338018,14.5507268],[100.6332054,14.5509179],[100.6306928,14.5506072],[100.6305538,14.5512023],[100.6300415,14.5511749],[100.6302583,14.5501409],[100.6288725,14.5481465],[100.6283594,14.5485413],[100.6289599,14.5494618],[100.6284874,14.5497999],[100.6287102,14.5503259],[100.6291498,14.5504683],[100.6287645,14.5525962],[100.627626,14.5522675],[100.6240891,14.553259],[100.6248918,14.5557959],[100.6253025,14.5555796],[100.6258806,14.5562179],[100.6260409,14.5558499],[100.6271429,14.5557775],[100.6271544,14.5562617],[100.6277987,14.5564559],[100.628746,14.5575691],[100.6298196,14.5580897],[100.6311362,14.5578617],[100.6318538,14.5561883],[100.6321512,14.5562507],[100.6324904,14.554645],[100.6340939,14.5555083],[100.6345234,14.5550622],[100.6334666,14.5539688],[100.6339848,14.5534712],[100.6346685,14.5535634],[100.635242,14.5516549],[100.6390799,14.5510814],[100.6423575,14.5493625],[100.6439062,14.5490226],[100.6467081,14.5476157],[100.6482286,14.5462498],[100.648241,14.5459222],[100.6501903,14.5454485],[100.6500716,14.5448848],[100.6529915,14.5440858],[100.6525821,14.543273],[100.6532442,14.5429258],[100.6536421,14.5373589],[100.6554485,14.5372371],[100.6549093,14.5363634],[100.6549599,14.5352353],[100.6546999,14.534052],[100.6543441,14.53378],[100.6543312,14.532871],[100.6549969,14.531914],[100.6562664,14.5319716],[100.6562629,14.5315284],[100.6570808,14.5314888],[100.6583405,14.5306197],[100.6575686,14.5275789],[100.6559051,14.5277038],[100.655697,14.5248941],[100.6567536,14.5215115],[100.6584465,14.5187924],[100.659243,14.5181421],[100.6589908,14.5170652],[100.6593903,14.5161892],[100.6598199,14.5159413],[100.6600463,14.516132],[100.6604386,14.5149899],[100.6615099,14.5151738],[100.6628123,14.5140002],[100.6619795,14.5122226],[100.6618598,14.5109903],[100.662356,14.5098982],[100.6652587,14.5078354],[100.6667153,14.5057104],[100.6687508,14.5039047],[100.6701356,14.5053765],[100.6704498,14.5052455],[100.6708752,14.5056843],[100.6720228,14.5058927],[100.6717258,14.5067947],[100.672051,14.5079619],[100.672681,14.5079081],[100.672732,14.5085297],[100.6748511,14.5084759],[100.6749404,14.5081925],[100.6790938,14.5074286],[100.679721,14.5079275],[100.6809229,14.5076163],[100.6809033,14.5082303],[100.6813054,14.5085206],[100.6830676,14.507718],[100.6829363,14.5074856],[100.6838405,14.5069824],[100.6834317,14.5058008],[100.6847153,14.5047185],[100.6851351,14.5049207],[100.6859101,14.5044505],[100.686347,14.5050186],[100.687672,14.5045415],[100.6894542,14.503337],[100.6897351,14.5038801],[100.6927938,14.5031004],[100.6942806,14.501637],[100.6951796,14.5029597],[100.6953282,14.5027701],[100.6955665,14.5030088],[100.6961397,14.5019812],[100.6971093,14.502438],[100.6973572,14.5022519],[100.6968111,14.5012662],[100.6970431,14.5011997],[100.6969407,14.5005085],[100.6977056,14.5003579],[100.6986947,14.5005651],[100.6989735,14.5009045],[100.7009167,14.5002462],[100.7004015,14.4987576],[100.7013377,14.4982969],[100.7010449,14.4974842],[100.7036669,14.4967026],[100.7048832,14.4952931],[100.7055422,14.4949711],[100.7051898,14.4937406],[100.7046989,14.4936339],[100.7047311,14.4930216],[100.7040656,14.4921279],[100.7028294,14.4918966],[100.7024378,14.4913253],[100.7008027,14.4913263],[100.6982892,14.4929872],[100.6970148,14.4933359],[100.6967918,14.4926728],[100.6961261,14.4929071],[100.695355,14.4922339],[100.6945498,14.4927971],[100.6946572,14.4930267],[100.6927764,14.4941447],[100.691161,14.4910251],[100.6946031,14.4885515],[100.6943482,14.4882843],[100.6951896,14.4863574],[100.6937423,14.4853371],[100.6942162,14.4844793],[100.6937372,14.4842284],[100.6949837,14.479776],[100.6942983,14.4795639],[100.69321,14.480199],[100.6912057,14.4806855],[100.69047,14.4813349],[100.6895275,14.4806658],[100.6891295,14.4807115],[100.6884376,14.4794945],[100.6867683,14.4799949],[100.6864974,14.4792703],[100.6854001,14.4797488],[100.6856434,14.4805091],[100.6849631,14.4807022]]]}},{"type":"Feature","properties":{"id":"TH-LAO-6140904","nameTh":"ดอนหญ้านาง","type":"subdistrict_admin_org"},"geometry":{"type":"Polygon","coordinates":[[[100.7730589,14.4835631],[100.7730496,14.4841189],[100.7719901,14.4849148],[100.772261,14.4866171],[100.7722369,14.4872664],[100.7719081,14.4875149],[100.772081,14.4880491],[100.7704201,14.4884425],[100.7708078,14.4892792],[100.7699698,14.4895818],[100.7700384,14.4901653],[100.7686207,14.4904424],[100.7677623,14.4901373],[100.7671996,14.4910097],[100.7663975,14.4915219],[100.7660015,14.4901899],[100.7643058,14.4905135],[100.7624465,14.4854679],[100.7614612,14.4858768],[100.7613459,14.4855921],[100.7606173,14.4856769],[100.7581534,14.4865782],[100.7566996,14.4864208],[100.7542434,14.490166],[100.7530297,14.4903543],[100.7525953,14.490278],[100.7522984,14.4882663],[100.7501648,14.4876802],[100.7500957,14.4855982],[100.7491595,14.4845395],[100.74796,14.4846084],[100.7478154,14.4850181],[100.7473545,14.485021],[100.7467346,14.487956],[100.745095,14.4878086],[100.7449935,14.4859706],[100.7452884,14.4848555],[100.7438673,14.4848155],[100.7433076,14.4853575],[100.7429143,14.4867359],[100.7420529,14.4868612],[100.7421577,14.4873935],[100.7392323,14.4879553],[100.7395513,14.4894925],[100.7390764,14.4898096],[100.7395623,14.4915641],[100.7372249,14.4907791],[100.7359997,14.4955462],[100.7352769,14.4954327],[100.7349876,14.4958823],[100.7343587,14.4960814],[100.7333116,14.4955004],[100.7327212,14.4959773],[100.7315437,14.494931],[100.7306871,14.4947615],[100.7305119,14.4945771],[100.7308926,14.4940326],[100.7330791,14.4942811],[100.7338951,14.4934102],[100.7336581,14.4925515],[100.7320828,14.4928633],[100.7318253,14.4924084],[100.7277579,14.4939577],[100.7276009,14.4972893],[100.7252025,14.4981515],[100.7230963,14.4956993],[100.7223507,14.4960143],[100.7214828,14.4970599],[100.7224616,14.4983115],[100.7218756,14.499123],[100.7201633,14.4995059],[100.7184207,14.4929323],[100.716359,14.4917337],[100.7168728,14.4901184],[100.7147781,14.4896804],[100.7140229,14.4868169],[100.7124871,14.4872146],[100.7117245,14.4877431],[100.7116138,14.4890681],[100.7113078,14.4890143],[100.7112701,14.489616],[100.7100098,14.4900125],[100.7090234,14.4899341],[100.705486,14.4889212],[100.7057406,14.4880826],[100.70515,14.4861418],[100.7028622,14.4871073],[100.7023938,14.485138],[100.7013173,14.4855891],[100.69999,14.4834789],[100.700775,14.482757],[100.700397,14.4804302],[100.7019423,14.4801641],[100.7021311,14.4806265],[100.7033088,14.4805542],[100.7032069,14.4791081],[100.7045916,14.4791987],[100.7064151,14.4783378],[100.7066054,14.4775598],[100.708201,14.4775882],[100.7082809,14.4765861],[100.709143,14.4762218],[100.7085604,14.4750288],[100.7089868,14.4749069],[100.7091655,14.4740806],[100.7095849,14.4741623],[100.7093969,14.475027],[100.7109353,14.4752409],[100.7108976,14.4755323],[100.712475,14.4761322],[100.7129404,14.4758297],[100.7128365,14.4748947],[100.7143405,14.4752317],[100.716237,14.4749735],[100.7161479,14.4735236],[100.7175699,14.4738024],[100.7170733,14.4729188],[100.7178705,14.4727275],[100.7177927,14.4716391],[100.718733,14.4715903],[100.7189157,14.4723106],[100.7195514,14.4722823],[100.722173,14.4714492],[100.7230306,14.4708277],[100.7247332,14.4709405],[100.7243945,14.469842],[100.728838,14.4707491],[100.7292203,14.4581335],[100.730277,14.4567373],[100.7730589,14.4835631]]]}},{"type":"Feature","properties":{"id":"TH-LAO-6140908","nameTh":"หนองน้ำใส","type":"subdistrict_admin_org"},"geometry":{"type":"Polygon","coordinates":[[[100.766387,14.4292695],[100.7662743,14.4317554],[100.7665184,14.4322073],[100.7672748,14.4323138],[100.7675081,14.433197],[100.7682323,14.4332749],[100.7697137,14.4327014],[100.772383,14.4346268],[100.7609319,14.4519958],[100.7615049,14.4526869],[100.7617226,14.4543012],[100.7625836,14.4539791],[100.7639301,14.4526519],[100.7643619,14.4536674],[100.7663145,14.453948],[100.7664258,14.4544965],[100.7661192,14.4546052],[100.7664056,14.4576408],[100.7667851,14.4585866],[100.766418,14.4595429],[100.7666096,14.4607541],[100.7675591,14.4612618],[100.7680891,14.4621872],[100.7688678,14.4624387],[100.7694544,14.4639878],[100.7700499,14.4645177],[100.7703003,14.4667705],[100.7686803,14.4676951],[100.7688948,14.4684327],[100.7675569,14.4692297],[100.7677458,14.4705737],[100.7688524,14.470855],[100.7688007,14.4726694],[100.7693461,14.4740236],[100.769287,14.4753628],[100.7673083,14.4758889],[100.766792,14.4770446],[100.7676315,14.4785768],[100.7695681,14.478164],[100.7704371,14.4786937],[100.7736442,14.4794584],[100.7725132,14.4817842],[100.7730589,14.4835631],[100.7311931,14.4573117],[100.7318721,14.4564236],[100.7322769,14.455131],[100.731773,14.4539843],[100.7318551,14.4532564],[100.7322251,14.4526047],[100.7327501,14.4525181],[100.732776,14.4520736],[100.7333688,14.4514536],[100.7345227,14.4506575],[100.7350806,14.4487122],[100.7361363,14.4483511],[100.7362129,14.4495469],[100.7379536,14.4496661],[100.7402801,14.4477334],[100.7392315,14.446389],[100.7393078,14.4450389],[100.7405408,14.4446655],[100.7411304,14.4453501],[100.7424837,14.4447155],[100.7423262,14.4444581],[100.7431572,14.4449002],[100.7437653,14.4447734],[100.7445705,14.4454623],[100.7454391,14.4454155],[100.7470389,14.4444139],[100.7473715,14.4415464],[100.7503628,14.4406143],[100.7535096,14.4404003],[100.7535861,14.4407646],[100.7546341,14.4405162],[100.7549632,14.4443218],[100.7571317,14.4430575],[100.7569036,14.4421256],[100.7604572,14.4413024],[100.7611849,14.441439],[100.7610954,14.4408566],[100.7618006,14.4411215],[100.7625074,14.4383204],[100.7615901,14.4355366],[100.7604772,14.4353827],[100.7605002,14.4337257],[100.7600018,14.4322635],[100.7611415,14.4315748],[100.7604372,14.4301027],[100.7620866,14.4303987],[100.7622159,14.430801],[100.7631664,14.4309415],[100.7636002,14.4304047],[100.7632571,14.4296501],[100.766387,14.4292695]]]}},{"type":"Feature","properties":{"id":"TH-LAO-6140905","nameTh":"ไผ่ล้อม","type":"subdistrict_admin_org"},"geometry":{"type":"Polygon","coordinates":[[[100.7046989,14.4936339],[100.7077459,14.493285],[100.7088099,14.4942733],[100.709834,14.4938925],[100.7108343,14.495432],[100.7119742,14.4950236],[100.7134628,14.4951379],[100.7158228,14.4939952],[100.7179745,14.495786],[100.7188038,14.4950547],[100.7184207,14.4929323],[100.716359,14.4917337],[100.7168728,14.4901184],[100.7147781,14.4896804],[100.7140229,14.4868169],[100.7124871,14.4872146],[100.7117245,14.4877431],[100.7116138,14.4890681],[100.7113078,14.4890143],[100.7112701,14.489616],[100.7100098,14.4900125],[100.705486,14.4889212],[100.7057406,14.4880826],[100.70515,14.4861418],[100.7028622,14.4871073],[100.7023938,14.485138],[100.7013173,14.4855891],[100.69999,14.4834789],[100.700775,14.482757],[100.700397,14.4804302],[100.7019423,14.4801641],[100.7021311,14.4806265],[100.7033088,14.4805542],[100.7032069,14.4791081],[100.7045916,14.4791987],[100.7064151,14.4783378],[100.7066054,14.4775598],[100.708201,14.4775882],[100.7082809,14.4765861],[100.709143,14.4762218],[100.7085604,14.4750288],[100.7089868,14.4749069],[100.7091655,14.4740806],[100.7095849,14.4741623],[100.7093969,14.475027],[100.7109353,14.4752409],[100.7108976,14.4755323],[100.712475,14.4761322],[100.7129404,14.4758297],[100.7128365,14.4748947],[100.7143405,14.4752317],[100.716237,14.4749735],[100.7161479,14.4735236],[100.7175699,14.4738024],[100.7170733,14.4729188],[100.7178705,14.4727275],[100.7177927,14.4716391],[100.718733,14.4715903],[100.7189157,14.4723106],[100.7195514,14.4722823],[100.722173,14.4714492],[100.7230306,14.4708277],[100.7247332,14.4709405],[100.7243945,14.469842],[100.728838,14.4707491],[100.7293371,14.4594732],[100.7292203,14.4581335],[100.7074088,14.4445759],[100.7085044,14.4431272],[100.7070527,14.4422105],[100.7067987,14.4425248],[100.7052177,14.4424797],[100.7051569,14.4430468],[100.7044958,14.4434015],[100.7043359,14.4439596],[100.7034691,14.4437687],[100.70285,14.4456547],[100.7019776,14.4454244],[100.7019147,14.4445546],[100.7004306,14.4441351],[100.6999979,14.4457963],[100.6982355,14.4454033],[100.6979139,14.446037],[100.6979503,14.4471851],[100.7007693,14.4474456],[100.7003454,14.4490947],[100.7005197,14.449527],[100.702501,14.4507245],[100.7020802,14.4528016],[100.7000911,14.4522103],[100.699491,14.4523719],[100.6998122,14.453792],[100.7011668,14.4547118],[100.7008388,14.4551346],[100.7010765,14.4556163],[100.6992025,14.4550842],[100.6988637,14.4563517],[100.6973496,14.4562893],[100.6969821,14.4577374],[100.6961203,14.4578244],[100.6955855,14.4577153],[100.695544,14.4572368],[100.694618,14.4573407],[100.6946423,14.4568022],[100.6937741,14.4567468],[100.6936774,14.4562364],[100.6931639,14.4560301],[100.6907031,14.4560695],[100.6902151,14.4592645],[100.6856478,14.4589222],[100.6852233,14.4596775],[100.6850731,14.4612774],[100.6842899,14.4628773],[100.6843543,14.4637915],[100.6823909,14.4671367],[100.6820369,14.4691313],[100.6809908,14.4708792],[100.6808998,14.4720053],[100.6810927,14.4760188],[100.6828844,14.477816],[100.6835818,14.4791249],[100.6835496,14.4796546],[100.6846332,14.4801844],[100.6849631,14.4807022],[100.6856434,14.4805091],[100.6854001,14.4797488],[100.6864974,14.4792703],[100.6867683,14.4799949],[100.6884376,14.4794945],[100.6891295,14.4807115],[100.6895275,14.4806658],[100.69047,14.4813349],[100.6912057,14.4806855],[100.69321,14.480199],[100.6942983,14.4795639],[100.6949837,14.479776],[100.6937372,14.4842284],[100.6942162,14.4844793],[100.6937423,14.4853371],[100.6951896,14.4863574],[100.6943482,14.4882843],[100.6946031,14.4885515],[100.691161,14.4910251],[100.6927764,14.4941447],[100.6946572,14.4930267],[100.6945498,14.4927971],[100.695355,14.4922339],[100.6961261,14.4929071],[100.6967918,14.4926728],[100.6970148,14.4933359],[100.6982892,14.4929872],[100.7012012,14.4912888],[100.7024378,14.4913253],[100.7028294,14.4918966],[100.7040656,14.4921279],[100.7047311,14.4930216],[100.7046989,14.4936339]]]}},{"type":"Feature","properties":{"id":"TH-LAO-5140901","nameTh":"ภาชี","type":"subdistrict_municipality"},"geometry":{"type":"Polygon","coordinates":[[[100.7292203,14.4581335],[100.730277,14.4567373],[100.7311931,14.4573117],[100.7318721,14.4564236],[100.7322769,14.455131],[100.731773,14.4539843],[100.7318551,14.4532564],[100.7322251,14.4526047],[100.7327501,14.4525181],[100.732776,14.4520736],[100.7333688,14.4514536],[100.7345227,14.4506575],[100.7350806,14.4487122],[100.7361363,14.4483511],[100.7362129,14.4495469],[100.7379536,14.4496661],[100.7402801,14.4477334],[100.7392315,14.446389],[100.7393078,14.4450389],[100.7405408,14.4446655],[100.7411304,14.4453501],[100.7424837,14.4447155],[100.7423262,14.4444581],[100.7451813,14.4454721],[100.7466345,14.4446498],[100.7452971,14.4424687],[100.7466289,14.4422852],[100.7465032,14.4407374],[100.7453094,14.4407575],[100.7444633,14.44113],[100.7433955,14.440069],[100.7445138,14.4392948],[100.744134,14.4387686],[100.744745,14.4383765],[100.7444834,14.4379926],[100.7435551,14.4374019],[100.7433253,14.4379863],[100.7428851,14.4377494],[100.7416124,14.4391052],[100.7408174,14.4390105],[100.7412935,14.437094],[100.7406402,14.4359865],[100.7389704,14.4385342],[100.7376134,14.4394205],[100.7357508,14.4351653],[100.7361843,14.4348479],[100.73688,14.4352167],[100.7389833,14.4343029],[100.7380542,14.4328383],[100.7392177,14.4305863],[100.7403083,14.429383],[100.7380414,14.4294292],[100.7377262,14.4318961],[100.7365552,14.4317594],[100.7352632,14.4323523],[100.7349725,14.4319053],[100.7344159,14.4321552],[100.7331552,14.4302516],[100.7302844,14.4276434],[100.7300341,14.4282136],[100.7315822,14.429297],[100.7313978,14.4298636],[100.7309559,14.4298048],[100.7303579,14.4318124],[100.7288998,14.4312893],[100.728661,14.4315633],[100.7277094,14.4329639],[100.7276436,14.4342948],[100.7271906,14.4354297],[100.7264753,14.4351323],[100.726054,14.436894],[100.7252972,14.4365785],[100.7250082,14.4373871],[100.7233386,14.4372812],[100.7236207,14.43544],[100.7241808,14.4343681],[100.7239324,14.4337295],[100.7235396,14.4328517],[100.7217327,14.4332487],[100.7218744,14.433624],[100.7175614,14.4351159],[100.7183996,14.4368231],[100.7175793,14.4367841],[100.7175619,14.4370574],[100.7166238,14.4372445],[100.7168003,14.4385251],[100.7162152,14.4387641],[100.7160776,14.4398646],[100.7147541,14.4403886],[100.7140865,14.43992],[100.7141871,14.4394798],[100.7132783,14.4388473],[100.7133675,14.4381796],[100.7127092,14.4377744],[100.7119509,14.4399251],[100.7106723,14.4402449],[100.7074088,14.4445759],[100.7292203,14.4581335]]]}},{"type":"Feature","properties":{"id":"TH-LAO-6140906","nameTh":"พระแก้ว","type":"subdistrict_admin_org"},"geometry":{"type":"Polygon","coordinates":[[[100.6754348,14.4506393],[100.6727828,14.4497264],[100.6693758,14.4512504],[100.6680523,14.4492573],[100.6683959,14.4491296],[100.6681901,14.4469689],[100.6671154,14.4426451],[100.6650825,14.4430779],[100.6648565,14.4417612],[100.6634172,14.4418565],[100.6632855,14.4412798],[100.6615877,14.4411917],[100.6617682,14.4400855],[100.6596085,14.4395411],[100.6597739,14.4421883],[100.6594417,14.4425758],[100.6604334,14.4445521],[100.660546,14.4456788],[100.6570853,14.4472675],[100.6543995,14.4407615],[100.6524049,14.4413591],[100.6523015,14.4410389],[100.6514707,14.4412314],[100.6500724,14.4420164],[100.6496738,14.4415879],[100.6488593,14.4419615],[100.6476004,14.4408348],[100.647328,14.4400949],[100.647002,14.4402725],[100.6464884,14.4393795],[100.6463359,14.4379265],[100.6464079,14.4328733],[100.6470659,14.4327627],[100.6468805,14.4318129],[100.6481842,14.4315147],[100.6487343,14.4309268],[100.649455,14.4309413],[100.6499991,14.4298728],[100.650358,14.4299133],[100.6502124,14.4276991],[100.6516165,14.4278256],[100.6517212,14.4268989],[100.6528514,14.4268439],[100.652386,14.425067],[100.6520517,14.4250505],[100.6521802,14.4217716],[100.6516611,14.42166],[100.6517961,14.419519],[100.6515647,14.4186372],[100.6541524,14.4192116],[100.6543996,14.4202346],[100.6553898,14.4198173],[100.6567064,14.420548],[100.6579313,14.4204281],[100.6592498,14.4176757],[100.6599744,14.4179373],[100.6602837,14.4171284],[100.661306,14.4174798],[100.6617042,14.4166277],[100.6785401,14.4242761],[100.6813176,14.4259608],[100.6798809,14.4265551],[100.6773763,14.426153],[100.6769711,14.4279424],[100.6775683,14.4280406],[100.6776178,14.4289786],[100.6782189,14.4296307],[100.6790041,14.429224],[100.6797233,14.4304676],[100.6805136,14.4304203],[100.6811148,14.4309158],[100.6813419,14.4305563],[100.6822308,14.4304492],[100.6826921,14.4314632],[100.6825048,14.4319414],[100.6831124,14.4321788],[100.6834236,14.4336136],[100.6853534,14.4336685],[100.6859871,14.4342754],[100.6859613,14.4357368],[100.6865862,14.4355695],[100.6875295,14.4346893],[100.688155,14.4351215],[100.6885798,14.4348496],[100.6894903,14.4352646],[100.6910745,14.4321674],[100.7070527,14.4422105],[100.7067987,14.4425248],[100.7052177,14.4424797],[100.7051569,14.4430468],[100.7044958,14.4434015],[100.7043359,14.4439596],[100.7034691,14.4437687],[100.70285,14.4456547],[100.7019776,14.4454244],[100.7019147,14.4445546],[100.7004306,14.4441351],[100.6999979,14.4457963],[100.6982355,14.4454033],[100.6979139,14.446037],[100.6979503,14.4471851],[100.7007693,14.4474456],[100.7003454,14.4490947],[100.7005197,14.449527],[100.702501,14.4507245],[100.7020802,14.4528016],[100.7000911,14.4522103],[100.699491,14.4523719],[100.6998122,14.453792],[100.7011668,14.4547118],[100.7008388,14.4551346],[100.7010765,14.4556163],[100.6992025,14.4550842],[100.6988637,14.4563517],[100.6973496,14.4562893],[100.6969821,14.4577374],[100.6955855,14.4577153],[100.695544,14.4572368],[100.694618,14.4573407],[100.6946423,14.4568022],[100.6937741,14.4567468],[100.6936774,14.4562364],[100.6931639,14.4560301],[100.6907031,14.4560695],[100.6902151,14.4592645],[100.6856478,14.4589222],[100.6863177,14.456166],[100.6859797,14.4548743],[100.6835791,14.4559219],[100.683272,14.4550719],[100.6828335,14.4551713],[100.6821442,14.4546076],[100.6812268,14.455244],[100.6807843,14.4549193],[100.6789778,14.4551959],[100.6789979,14.4557673],[100.676313,14.4564387],[100.6765383,14.4527739],[100.6755674,14.4524623],[100.6754348,14.4506393]]]}},{"type":"Feature","properties":{"id":"TH-LAO-6140902","nameTh":"กระจิว","type":"subdistrict_admin_org"},"geometry":{"type":"Polygon","coordinates":[[[100.6813176,14.4259608],[100.6775539,14.4238094],[100.6568236,14.4144034],[100.6574303,14.4123299],[100.6584523,14.4110621],[100.6589864,14.4089568],[100.6587128,14.4052397],[100.6597692,14.4047234],[100.6605095,14.4048221],[100.6604354,14.4053208],[100.6613619,14.4052733],[100.6621856,14.4056144],[100.662293,14.4051558],[100.6630952,14.4052968],[100.6640211,14.404382],[100.6645893,14.4043834],[100.6640956,14.4069757],[100.6641387,14.4085574],[100.6658254,14.4088125],[100.6669076,14.4100305],[100.6710931,14.4112339],[100.6708689,14.4121255],[100.6728888,14.4123398],[100.6728534,14.4119722],[100.6734779,14.4118623],[100.6731329,14.4102895],[100.6733223,14.4092721],[100.674584,14.4092886],[100.6749719,14.4111584],[100.6752962,14.4116583],[100.6756025,14.4115481],[100.6757908,14.4125256],[100.6768297,14.4124918],[100.6765965,14.4105569],[100.6772137,14.4103265],[100.6767526,14.4081618],[100.6793418,14.4080151],[100.6791648,14.4072311],[100.6817018,14.4077325],[100.682483,14.4091643],[100.6823356,14.4094376],[100.6836158,14.4101972],[100.6839355,14.4096453],[100.6846839,14.4099823],[100.6849935,14.4090775],[100.6899034,14.4100141],[100.6904281,14.4083089],[100.6894217,14.4052402],[100.6931439,14.4058561],[100.6934823,14.4050766],[100.6969203,14.4070315],[100.6997646,14.4093402],[100.7001608,14.4086892],[100.7012922,14.4083904],[100.7024059,14.409124],[100.7011306,14.4110325],[100.7021986,14.4134016],[100.7036099,14.4147239],[100.7050466,14.4154533],[100.7047226,14.4161388],[100.7064276,14.4175245],[100.7063423,14.417801],[100.7072148,14.4186871],[100.7074472,14.4184145],[100.7090388,14.4194694],[100.7104824,14.419937],[100.7102221,14.420777],[100.7098135,14.4208116],[100.7066445,14.4199748],[100.706352,14.4206434],[100.7056519,14.4205607],[100.7054321,14.4215371],[100.7099771,14.4217435],[100.7097627,14.4226494],[100.7124975,14.4230537],[100.7127592,14.4246424],[100.7137567,14.4243984],[100.7125427,14.4224238],[100.7129538,14.4223815],[100.7127223,14.4217547],[100.7129337,14.4210145],[100.71537,14.4221015],[100.7152096,14.4228694],[100.7168612,14.4232276],[100.717554,14.422118],[100.718346,14.42342],[100.7197328,14.4235177],[100.7205386,14.4230882],[100.7210999,14.424422],[100.7214694,14.4243219],[100.7217643,14.4250676],[100.721905,14.4258354],[100.7215929,14.4259269],[100.7221448,14.4273209],[100.7238728,14.4293822],[100.7238854,14.4301778],[100.7230526,14.4301268],[100.7235396,14.4328517],[100.7217327,14.4332487],[100.7218744,14.433624],[100.7175614,14.4351159],[100.7183996,14.4368231],[100.7175793,14.4367841],[100.7175619,14.4370574],[100.7166238,14.4372445],[100.7168003,14.4385251],[100.7162152,14.4387641],[100.7160776,14.4398646],[100.7147541,14.4403886],[100.7140865,14.43992],[100.7141871,14.4394798],[100.7132783,14.4388473],[100.7133675,14.4381796],[100.7127092,14.4377744],[100.7119509,14.4399251],[100.7107781,14.4401409],[100.7085044,14.4431272],[100.6910745,14.4321674],[100.6894903,14.4352646],[100.6885798,14.4348496],[100.688155,14.4351215],[100.6875295,14.4346893],[100.6865862,14.4355695],[100.6859613,14.4357368],[100.6859871,14.4342754],[100.6853534,14.4336685],[100.6834236,14.4336136],[100.6831124,14.4321788],[100.6825048,14.4319414],[100.6826921,14.4314632],[100.6822308,14.4304492],[100.6813419,14.4305563],[100.6811148,14.4309158],[100.6805136,14.4304203],[100.6797233,14.4304676],[100.6790041,14.429224],[100.6782189,14.4296307],[100.6776178,14.4289786],[100.6775683,14.4280406],[100.6769711,14.4279424],[100.6773763,14.426153],[100.6798809,14.4265551],[100.6813176,14.4259608]]]}},{"type":"Feature","properties":{"id":"TH-LAO-6140903","nameTh":"โคกม่วง","type":"subdistrict_admin_org"},"geometry":{"type":"Polygon","coordinates":[[[100.7594067,14.4131431],[100.759711,14.414977],[100.7606256,14.4149588],[100.7610791,14.4157533],[100.7645702,14.4172082],[100.7662998,14.4184398],[100.7671675,14.4200972],[100.7683151,14.4225478],[100.7682921,14.4252807],[100.7679943,14.4263972],[100.7678407,14.4266643],[100.7667699,14.4266338],[100.7671146,14.4289197],[100.766387,14.4292695],[100.7639017,14.4296617],[100.763595,14.4294769],[100.7632571,14.4296501],[100.7636002,14.4304047],[100.7631664,14.4309415],[100.7622159,14.430801],[100.7620866,14.4303987],[100.7604372,14.4301027],[100.7611415,14.4315748],[100.7600018,14.4322635],[100.7605002,14.4337257],[100.7604772,14.4353827],[100.7615901,14.4355366],[100.7625074,14.4383204],[100.7618006,14.4411215],[100.7610954,14.4408566],[100.7611849,14.441439],[100.7604572,14.4413024],[100.7569036,14.4421256],[100.7571317,14.4430575],[100.7549632,14.4443218],[100.7546341,14.4405162],[100.7535861,14.4407646],[100.7535096,14.4404003],[100.7500812,14.4406725],[100.7473715,14.4415464],[100.7470389,14.4444139],[100.7466345,14.4446498],[100.7452971,14.4424687],[100.7466289,14.4422852],[100.7465032,14.4407374],[100.7453094,14.4407575],[100.7444633,14.44113],[100.7433955,14.440069],[100.7445138,14.4392948],[100.744134,14.4387686],[100.744745,14.4383765],[100.7444834,14.4379926],[100.7435551,14.4374019],[100.7433253,14.4379863],[100.7428851,14.4377494],[100.7416124,14.4391052],[100.7408174,14.4390105],[100.7412935,14.437094],[100.7406402,14.4359865],[100.7389704,14.4385342],[100.7376134,14.4394205],[100.7357508,14.4351653],[100.7361843,14.4348479],[100.73688,14.4352167],[100.7389833,14.4343029],[100.7380542,14.4328383],[100.7392177,14.4305863],[100.7403083,14.429383],[100.7380414,14.4294292],[100.7377262,14.4318961],[100.7365552,14.4317594],[100.7352632,14.4323523],[100.7349725,14.4319053],[100.7344159,14.4321552],[100.7331552,14.4302516],[100.7302844,14.4276434],[100.7300341,14.4282136],[100.7315822,14.429297],[100.7313978,14.4298636],[100.7309559,14.4298048],[100.7303579,14.4318124],[100.7288998,14.4312893],[100.728661,14.4315633],[100.7277094,14.4329639],[100.7276436,14.4342948],[100.7271906,14.4354297],[100.7264753,14.4351323],[100.726054,14.436894],[100.7252972,14.4365785],[100.7250082,14.4373871],[100.7233386,14.4372812],[100.7236207,14.43544],[100.7241808,14.4343681],[100.7235396,14.4328517],[100.7230526,14.4301268],[100.7238854,14.4301778],[100.7238728,14.4293822],[100.7221448,14.4273209],[100.7215929,14.4259269],[100.721905,14.4258354],[100.7217643,14.4250676],[100.7214694,14.4243219],[100.7210999,14.424422],[100.7205386,14.4230882],[100.7197328,14.4235177],[100.718346,14.42342],[100.717554,14.422118],[100.7168612,14.4232276],[100.7152096,14.4228694],[100.71537,14.4221015],[100.7129337,14.4210145],[100.7127223,14.4217547],[100.7129538,14.4223815],[100.7125427,14.4224238],[100.7137567,14.4243984],[100.7127592,14.4246424],[100.7124975,14.4230537],[100.7097627,14.4226494],[100.7099771,14.4217435],[100.7054321,14.4215371],[100.7056519,14.4205607],[100.706352,14.4206434],[100.7066445,14.4199748],[100.7098135,14.4208116],[100.7102221,14.420777],[100.7104824,14.419937],[100.7090388,14.4194694],[100.7074472,14.4184145],[100.7072148,14.4186871],[100.7063423,14.417801],[100.7064276,14.4175245],[100.7047226,14.4161388],[100.7050466,14.4154533],[100.7036099,14.4147239],[100.7021986,14.4134016],[100.7011306,14.4110325],[100.7024059,14.409124],[100.7012922,14.4083904],[100.7001608,14.4086892],[100.6997646,14.4093402],[100.6969203,14.4070315],[100.6934823,14.4050766],[100.6942731,14.4036063],[100.6920378,14.4024715],[100.6934242,14.3990633],[100.6975763,14.4005784],[100.6976836,14.4002235],[100.6987022,14.4004577],[100.698936,14.3989745],[100.6986707,14.3989132],[100.6990306,14.3976522],[100.6997766,14.3979953],[100.7014095,14.3951461],[100.7073159,14.3979397],[100.7069814,14.3994886],[100.710141,14.400281],[100.7099049,14.4006929],[100.7113366,14.4014384],[100.7124851,14.4009439],[100.7146986,14.4008],[100.7158306,14.4034576],[100.7163343,14.4032772],[100.7155437,14.4000143],[100.7179044,14.3990725],[100.7195296,14.4012353],[100.7216959,14.400239],[100.7217767,14.3994775],[100.725722,14.399699],[100.7260251,14.3987742],[100.7274421,14.3989353],[100.7275444,14.3986356],[100.730661,14.3990606],[100.7306057,14.4004195],[100.7328233,14.400435],[100.733442,14.4013494],[100.7350856,14.4003537],[100.7382292,14.4001536],[100.7390059,14.4006069],[100.7392108,14.4016371],[100.7417965,14.4046247],[100.7435292,14.4060665],[100.7445458,14.406225],[100.7449612,14.4057159],[100.7461149,14.4073474],[100.7466206,14.4084324],[100.7458122,14.4088843],[100.7454972,14.4112666],[100.7469695,14.4124458],[100.7466407,14.412806],[100.7464731,14.4155595],[100.7491259,14.4146257],[100.7495481,14.4139251],[100.7522926,14.4152484],[100.7530029,14.4138636],[100.7528767,14.4130832],[100.7537563,14.4128934],[100.7594067,14.4131431]]]}},{"type":"Feature","properties":{"id":"TH-LAO-6140907","nameTh":"ระโสม","type":"subdistrict_admin_org"},"geometry":{"type":"Polygon","coordinates":[[[100.7867836,14.3672119],[100.7866786,14.3695295],[100.7858913,14.3699361],[100.7858488,14.3708721],[100.7860659,14.3718323],[100.7867503,14.3717226],[100.7870113,14.3733044],[100.7866641,14.3737908],[100.7851562,14.374281],[100.7852939,14.3751471],[100.7848772,14.3751756],[100.7848486,14.3762227],[100.7838236,14.3792038],[100.786488,14.3794188],[100.7865062,14.3798844],[100.7871821,14.3798631],[100.7869625,14.3817499],[100.7888351,14.3820971],[100.7887834,14.3823804],[100.7897296,14.3827503],[100.7898185,14.3853222],[100.7908819,14.3854594],[100.7907893,14.3870824],[100.7909896,14.3870593],[100.7912108,14.3892992],[100.7923722,14.3894473],[100.7955694,14.3890628],[100.795607,14.3894889],[100.797109,14.389785],[100.7967027,14.3918974],[100.7948613,14.3944021],[100.7909129,14.3957203],[100.7905724,14.3950073],[100.7871111,14.3956889],[100.7869849,14.3954573],[100.783734,14.3972972],[100.7793728,14.3980915],[100.7800823,14.400203],[100.7811016,14.4001225],[100.7814385,14.4012089],[100.7831937,14.4023229],[100.782145,14.4066809],[100.7816407,14.4066043],[100.7807663,14.4094126],[100.7790846,14.4096463],[100.7791463,14.4101295],[100.775536,14.4106491],[100.7746643,14.4087241],[100.7748535,14.407836],[100.7744087,14.4074629],[100.7728784,14.407672],[100.7713901,14.4074806],[100.7707912,14.4065783],[100.7698631,14.4059392],[100.7651839,14.4072696],[100.7647943,14.4075285],[100.7640477,14.4092026],[100.7611172,14.4093507],[100.7591665,14.4101113],[100.7584927,14.4120429],[100.7594067,14.4131431],[100.7537563,14.4128934],[100.7528767,14.4130832],[100.7530029,14.4138636],[100.7522926,14.4152484],[100.7495481,14.4139251],[100.7491259,14.4146257],[100.7464731,14.4155595],[100.7466407,14.412806],[100.7469695,14.4124458],[100.7454972,14.4112666],[100.7458122,14.4088843],[100.7478423,14.4080488],[100.7472432,14.4065478],[100.7480482,14.4062917],[100.7469628,14.4038624],[100.7475561,14.4018854],[100.7481823,14.4012746],[100.7492995,14.4016573],[100.7494714,14.3998559],[100.7519704,14.4001729],[100.7518575,14.3995354],[100.7554752,14.3984677],[100.7548361,14.3958958],[100.7532354,14.3963865],[100.7522049,14.3948272],[100.7518505,14.3926542],[100.7515048,14.3926625],[100.7510363,14.3907206],[100.7502596,14.390071],[100.7498699,14.3880547],[100.7520372,14.3878937],[100.7533767,14.3849618],[100.7531449,14.3848528],[100.7535869,14.3831644],[100.7574305,14.3835085],[100.7589767,14.3831753],[100.7585856,14.3811469],[100.7582253,14.3803739],[100.757887,14.3804319],[100.7578451,14.3799872],[100.7582042,14.3782893],[100.7590887,14.3778414],[100.7587373,14.3775998],[100.758453,14.3766177],[100.7585657,14.37258],[100.7582009,14.3718837],[100.7572071,14.3713206],[100.7574182,14.370598],[100.7587748,14.3711016],[100.7588831,14.3696984],[100.7612407,14.3692662],[100.7643753,14.3693279],[100.7643089,14.3687519],[100.7619772,14.3682808],[100.7617754,14.3656612],[100.762251,14.3643174],[100.7618317,14.3642616],[100.7620018,14.363368],[100.7630474,14.3631658],[100.7630643,14.3629373],[100.7645686,14.362899],[100.7645567,14.3637307],[100.7666321,14.3639274],[100.76691,14.3655282],[100.7706504,14.3649893],[100.7705389,14.3618762],[100.772733,14.3626157],[100.7745927,14.362837],[100.7756114,14.3627764],[100.77632,14.3624263],[100.7763004,14.3620519],[100.7777065,14.3621821],[100.7779642,14.36438],[100.7800944,14.364733],[100.7812246,14.3653667],[100.7817343,14.3668953],[100.7827454,14.3664069],[100.7830152,14.3665498],[100.7831052,14.367451],[100.7834914,14.3677134],[100.7846015,14.3672995],[100.7851899,14.3677779],[100.7867836,14.3672119]]]}},{"type":"Feature","properties":{"id":"TH-LAO-6141603","nameTh":"สำพะเนียง","type":"subdistrict_admin_org"},"geometry":{"type":"Polygon","coordinates":[[[100.584086,14.6285615],[100.5855618,14.6294619],[100.586341,14.6305778],[100.5878404,14.6293477],[100.5902436,14.6320805],[100.5900103,14.6322076],[100.5904233,14.6333807],[100.5928534,14.6321869],[100.593819,14.6335987],[100.5944359,14.6331627],[100.5952124,14.6338193],[100.5946076,14.6343643],[100.5968124,14.6371281],[100.5963255,14.6377354],[100.5983935,14.6393444],[100.5976975,14.6400243],[100.5998111,14.6415282],[100.5985547,14.6427642],[100.5998362,14.6437609],[100.5993165,14.6444004],[100.5999616,14.6447776],[100.6002959,14.6459965],[100.6003206,14.6479151],[100.6000416,14.6480596],[100.6002241,14.6487463],[100.6013437,14.6503776],[100.6011323,14.6508088],[100.6017477,14.652005],[100.6032709,14.6531008],[100.6032917,14.653512],[100.6024568,14.6539209],[100.6022894,14.6543956],[100.6001061,14.6552831],[100.5997054,14.6540224],[100.5976197,14.6547278],[100.5955088,14.6566818],[100.5948061,14.6556075],[100.5930164,14.6568375],[100.5939317,14.6577379],[100.5933148,14.6581686],[100.5936366,14.6586721],[100.5927593,14.6592399],[100.5917393,14.6587604],[100.5909678,14.6596789],[100.5907479,14.6595258],[100.5898548,14.6601286],[100.5895784,14.6599384],[100.5872394,14.6618372],[100.5870099,14.6614183],[100.5865601,14.6620095],[100.5847473,14.6627278],[100.5849819,14.6632859],[100.5823338,14.6634363],[100.5807459,14.6643133],[100.5795765,14.6635037],[100.5783228,14.6634362],[100.5770874,14.6639137],[100.5754432,14.6651696],[100.5742308,14.6644197],[100.5740511,14.6646559],[100.5731901,14.6642718],[100.5733457,14.6639864],[100.5716988,14.6632443],[100.5719188,14.6628395],[100.57028,14.6626345],[100.5703577,14.6618327],[100.5638136,14.6631277],[100.5635047,14.661869],[100.5637997,14.6616354],[100.5610853,14.6592118],[100.561595,14.6588797],[100.5601412,14.6557502],[100.5599803,14.6546655],[100.5604899,14.6545098],[100.5593848,14.6523197],[100.5605791,14.6519831],[100.5585545,14.6469151],[100.5570775,14.6440459],[100.5528636,14.6383021],[100.5523544,14.6366827],[100.5522796,14.6348314],[100.5506945,14.6359707],[100.54901,14.6361108],[100.5488062,14.6349326],[100.5493212,14.6318184],[100.5489112,14.6233562],[100.5500614,14.6234824],[100.5586659,14.6272508],[100.5677403,14.6263673],[100.5719536,14.6180529],[100.5750668,14.6169465],[100.5757517,14.6188029],[100.5750571,14.6191512],[100.5756836,14.6204183],[100.5761984,14.6201339],[100.5774507,14.6226461],[100.57899,14.6218404],[100.5814487,14.6249721],[100.5816042,14.6256417],[100.5820888,14.6254751],[100.5827683,14.626358],[100.5840182,14.6260361],[100.5848953,14.6282395],[100.584086,14.6285615]],[[100.5801988,14.6486296],[100.5807996,14.6462577],[100.5801237,14.6428115],[100.5783963,14.6400399],[100.5748773,14.6377769],[100.5703175,14.635597],[100.5655244,14.6379248],[100.5660796,14.6399309],[100.5726537,14.6484272],[100.5748665,14.6503371],[100.5778813,14.6498908],[100.5801988,14.6486296]]]}},{"type":"Feature","properties":{"id":"TH-LAO-5141601","nameTh":"บ้านแพรก","type":"subdistrict_municipality"},"geometry":{"type":"Polygon","coordinates":[[[100.5801988,14.6486296],[100.5807996,14.6462577],[100.5801237,14.6428115],[100.5783963,14.6400399],[100.5748773,14.6377769],[100.5703175,14.635597],[100.5655244,14.6379248],[100.5660796,14.6399309],[100.5726537,14.6484272],[100.5748665,14.6503371],[100.5778813,14.6498908],[100.5801988,14.6486296]]]}},{"type":"Feature","properties":{"id":"TH-LAO-6141602","nameTh":"คลองน้อย","type":"subdistrict_admin_org"},"geometry":{"type":"Polygon","coordinates":[[[100.5063923,14.6727041],[100.5083498,14.6731869],[100.5090201,14.6747794],[100.509772,14.6741761],[100.5102682,14.6741501],[100.5100233,14.6719894],[100.5105686,14.6714231],[100.5118292,14.6682964],[100.5142378,14.6687933],[100.513685,14.6671275],[100.5120311,14.6669336],[100.5112378,14.6662018],[100.5098179,14.6656392],[100.5094842,14.6650574],[100.510543,14.6649005],[100.5119866,14.6658099],[100.5130899,14.6652734],[100.513562,14.6645884],[100.513497,14.6597518],[100.5139371,14.6587583],[100.5164373,14.6589497],[100.5168986,14.6575433],[100.5264687,14.6558799],[100.5269086,14.6563989],[100.5264795,14.656757],[100.5233628,14.6581272],[100.5213296,14.6583192],[100.5211312,14.6587032],[100.5230784,14.6595907],[100.5233306,14.6587344],[100.525196,14.6586332],[100.5259752,14.658096],[100.5279359,14.6577535],[100.5279922,14.6552675],[100.5305658,14.6556094],[100.5305082,14.6515827],[100.5314013,14.6514555],[100.5320209,14.6547901],[100.5326083,14.6556775],[100.5353549,14.6548472],[100.5353576,14.6572111],[100.5357747,14.6571554],[100.5371976,14.6585371],[100.5364573,14.6593468],[100.53473,14.6589575],[100.5345958,14.6599747],[100.536232,14.6603847],[100.5360818,14.6615576],[100.5342954,14.6610698],[100.5332386,14.6642978],[100.5361836,14.6657899],[100.5360385,14.6665238],[100.53685,14.6669707],[100.5373314,14.6690242],[100.5369864,14.6696608],[100.5356286,14.6704344],[100.5358597,14.6718762],[100.538416,14.671824],[100.5384736,14.6723274],[100.5390477,14.6723213],[100.539061,14.6735425],[100.5430824,14.67312],[100.5433667,14.6746405],[100.5467194,14.6737376],[100.5486854,14.6737524],[100.5488883,14.6721277],[100.5506315,14.6692549],[100.5510685,14.6689092],[100.5522259,14.6688705],[100.5524387,14.6678527],[100.5535698,14.6678267],[100.5535376,14.6667525],[100.5532318,14.6667577],[100.5530682,14.6660519],[100.554506,14.6659137],[100.554439,14.6649913],[100.5556244,14.66384],[100.5561153,14.6638593],[100.5561003,14.6632442],[100.5565111,14.6631818],[100.5567622,14.6624556],[100.559417,14.6617237],[100.5595994,14.6641576],[100.5591649,14.6655537],[100.5602109,14.6671624],[100.5619259,14.6677619],[100.5623072,14.6666659],[100.5617108,14.6655364],[100.5629589,14.6645803],[100.5635476,14.6631508],[100.5638136,14.6631277],[100.5635047,14.661869],[100.5637997,14.6616354],[100.5610853,14.6592118],[100.561595,14.6588797],[100.5601412,14.6557502],[100.5599803,14.6546655],[100.5604899,14.6545098],[100.5593848,14.6523197],[100.5605791,14.6519831],[100.5578267,14.6452885],[100.5525215,14.6376209],[100.5522796,14.6348314],[100.5506945,14.6359707],[100.54901,14.6361108],[100.5488062,14.6349326],[100.5493212,14.6318184],[100.5489112,14.6233562],[100.5346441,14.6217902],[100.5231428,14.6227661],[100.5086491,14.6310037],[100.5068564,14.6335624],[100.5067491,14.6396039],[100.5030316,14.6428115],[100.5036472,14.6480315],[100.5027213,14.649054],[100.503163,14.6496547],[100.5046077,14.6504784],[100.5066287,14.6506333],[100.5082834,14.6514529],[100.508084,14.652204],[100.5067089,14.6538559],[100.5065361,14.6551909],[100.5037747,14.6554938],[100.5037454,14.6561298],[100.5046946,14.6584489],[100.5035198,14.662855],[100.5028278,14.6638826],[100.5026776,14.6661972],[100.5032515,14.67001],[100.4989615,14.6733481],[100.4964581,14.676071],[100.4960927,14.6768963],[100.4961978,14.6776958],[100.4968187,14.6785056],[100.4978683,14.6779594],[100.4972193,14.6767786],[100.499111,14.6758798],[100.500623,14.6741086],[100.5010816,14.6752295],[100.5027532,14.6754873],[100.5028546,14.6739192],[100.5012834,14.6733333],[100.5032053,14.6713341],[100.5063923,14.6727041]]]}},{"type":"Feature","properties":{"id":"TH-LAO-6141008","nameTh":"หลักชัย","type":"subdistrict_admin_org"},"geometry":{"type":"Polygon","coordinates":[[[100.2989061,14.1799454],[100.3028691,14.1794774],[100.3033143,14.1840958],[100.3027135,14.1841634],[100.3029334,14.186431],[100.3049505,14.1862126],[100.3051275,14.1880381],[100.3032499,14.1885113],[100.3032821,14.1898843],[100.3042826,14.1897751],[100.3043631,14.193309],[100.3055781,14.1933168],[100.305381,14.1979778],[100.3062272,14.2014608],[100.3065322,14.2013936],[100.3066837,14.2018679],[100.3063616,14.2019357],[100.3074919,14.2057018],[100.3071231,14.2058188],[100.3098267,14.2096671],[100.3083676,14.2107019],[100.3091401,14.212184],[100.3114414,14.2115496],[100.3118142,14.2126312],[100.3110056,14.2128587],[100.3112081,14.2139443],[100.3135604,14.2132761],[100.3135014,14.2138481],[100.3151268,14.2135803],[100.3156015,14.2160945],[100.3045803,14.2178964],[100.2991872,14.2197786],[100.2974814,14.2159386],[100.2961207,14.2163805],[100.2958017,14.2158271],[100.2938729,14.2165442],[100.2945394,14.218517],[100.2907913,14.2192739],[100.289872,14.2154801],[100.2885836,14.215845],[100.287956,14.2135023],[100.2872157,14.2136193],[100.2875001,14.2173748],[100.2880952,14.2190385],[100.2817683,14.2198343],[100.2804994,14.2170774],[100.2771795,14.2181566],[100.276393,14.2165899],[100.275296,14.2169116],[100.2759189,14.2186619],[100.274129,14.2191473],[100.2733969,14.2173658],[100.2681713,14.2186679],[100.2671635,14.2151521],[100.2633655,14.2168511],[100.2620298,14.2147763],[100.2560592,14.2162974],[100.2559504,14.2131259],[100.2553121,14.2124473],[100.2459311,14.2135465],[100.245628,14.2120722],[100.2400638,14.2120449],[100.2400839,14.2122528],[100.2337002,14.2113103],[100.2355134,14.2107123],[100.2355241,14.2090898],[100.2360981,14.2073477],[100.2359211,14.2058552],[100.2366828,14.2001763],[100.2374553,14.1985381],[100.238437,14.1979921],[100.2385764,14.1974408],[100.2357816,14.1970716],[100.2337377,14.1947157],[100.2322947,14.1942217],[100.2307068,14.1942113],[100.2286952,14.195371],[100.2277832,14.1947625],[100.2270054,14.1935248],[100.2247899,14.1940084],[100.2232986,14.1909764],[100.2212371,14.1895525],[100.2174014,14.1880889],[100.217945,14.1870889],[100.2157938,14.1857601],[100.2152038,14.1849124],[100.2148024,14.184936],[100.2126196,14.1789749],[100.2447296,14.1739382],[100.2706014,14.1717085],[100.2838115,14.1698763],[100.2868336,14.1697679],[100.2920845,14.1685697],[100.2925016,14.1696349],[100.2945305,14.1724842],[100.2956863,14.1753063],[100.297289,14.1779443],[100.2989285,14.1779067],[100.2989061,14.1799454]]]}},{"type":"Feature","properties":{"id":"TH-LAO-6141007","nameTh":"ลาดบัวหลวง","type":"subdistrict_admin_org"},"geometry":{"type":"Polygon","coordinates":[[[100.2989061,14.1799454],[100.3028691,14.1794774],[100.3033143,14.1840958],[100.3027135,14.1841634],[100.3029334,14.186431],[100.3049505,14.1862126],[100.3051275,14.1880381],[100.3032499,14.1885113],[100.3032821,14.1898843],[100.3042826,14.1897751],[100.3043631,14.193309],[100.3055781,14.1933168],[100.305381,14.1979778],[100.3062272,14.2014608],[100.3065322,14.2013936],[100.3066837,14.2018679],[100.3063616,14.2019357],[100.3074919,14.2057018],[100.3071231,14.2058188],[100.3098267,14.2096671],[100.3083676,14.2107019],[100.3091401,14.212184],[100.3114414,14.2115496],[100.3118142,14.2126312],[100.3110056,14.2128587],[100.3112081,14.2139443],[100.3135604,14.2132761],[100.3135014,14.2138481],[100.3151268,14.2135803],[100.3156364,14.2163026],[100.3264081,14.217223],[100.3323892,14.2167554],[100.3334991,14.2163023],[100.3353274,14.2179174],[100.3379443,14.2151793],[100.3381401,14.216625],[100.3394195,14.2179562],[100.3428434,14.2193927],[100.3434514,14.2195083],[100.3435435,14.2176149],[100.3454465,14.2174206],[100.3469007,14.2185152],[100.3483819,14.2182458],[100.3484627,14.2187628],[100.3498643,14.2185297],[100.3496555,14.2175618],[100.3477478,14.2143421],[100.3502315,14.2132709],[100.3510169,14.2139624],[100.3518493,14.1672315],[100.3504926,14.1559378],[100.3342495,14.1593872],[100.3350502,14.1712207],[100.2989385,14.1789864],[100.2989061,14.1799454]]]}},{"type":"Feature","properties":{"id":"TH-LAO-5141001","nameTh":"ลาดบัวหลวง","type":"subdistrict_municipality"},"geometry":{"type":"Polygon","coordinates":[[[100.2989285,14.1779067],[100.2989385,14.1789864],[100.2991569,14.178986],[100.3350502,14.1712207],[100.3342495,14.1593872],[100.3080276,14.1647219],[100.2920845,14.1685697],[100.2925016,14.1696349],[100.2945305,14.1724842],[100.2956863,14.1753063],[100.297289,14.1779443],[100.2989285,14.1779067]]]}},{"type":"Feature","properties":{"id":"TH-LAO-5141002","nameTh":"สามเมือง","type":"subdistrict_municipality"},"geometry":{"type":"Polygon","coordinates":[[[100.2977622,14.1406689],[100.2978671,14.1400028],[100.2892238,14.1402967],[100.2904691,14.1237525],[100.2819908,14.1241192],[100.2817588,14.1270038],[100.2796326,14.1266164],[100.2814597,14.1409296],[100.2841927,14.1698345],[100.2889554,14.1694077],[100.3080276,14.1647219],[100.3504926,14.1559378],[100.3468676,14.1241945],[100.3446515,14.1164652],[100.3383283,14.1188154],[100.329276,14.1209486],[100.3305931,14.133328],[100.3261618,14.1338644],[100.3260449,14.1325547],[100.3213173,14.1325805],[100.3211952,14.1320017],[100.3184018,14.1326106],[100.3181613,14.1312525],[100.3089456,14.1321686],[100.3087377,14.1349474],[100.3082948,14.1349769],[100.3078823,14.1363158],[100.3075534,14.1396044],[100.3016918,14.1405625],[100.2977622,14.1406689]]]}},{"type":"Feature","properties":{"id":"TH-LAO-6141005","nameTh":"คู้สลอด","type":"subdistrict_admin_org"},"geometry":{"type":"Polygon","coordinates":[[[100.3676257,14.219563],[100.36964,14.2171398],[100.3710186,14.2189286],[100.3715453,14.2181975],[100.372459,14.2181146],[100.3745611,14.218461],[100.3761398,14.2192873],[100.3789563,14.2181416],[100.3807336,14.2159853],[100.3816727,14.2154524],[100.3816807,14.21497],[100.390057,14.2145761],[100.3950405,14.2138585],[100.3958613,14.2132449],[100.3951424,14.2113676],[100.3948823,14.2086504],[100.3957036,14.2072893],[100.4028241,14.2074389],[100.4026698,14.2054204],[100.403468,14.205356],[100.4117775,14.2072697],[100.4146421,14.2070617],[100.414052,14.2024386],[100.4169917,14.2016741],[100.4175411,14.1955331],[100.4166591,14.1946326],[100.415951,14.1931452],[100.4166001,14.1888546],[100.4170024,14.1881681],[100.4169126,14.1861754],[100.4136872,14.1862282],[100.4142558,14.1839918],[100.4142101,14.1793223],[100.4135102,14.1783072],[100.4058498,14.1720009],[100.4058245,14.1716315],[100.4043536,14.1718013],[100.4042372,14.171501],[100.4022181,14.1721621],[100.4015475,14.1718656],[100.3949359,14.1722479],[100.3944933,14.1735118],[100.3938603,14.1730333],[100.3845799,14.1725756],[100.3770959,14.1733448],[100.3751521,14.1732765],[100.3751425,14.1795567],[100.3701013,14.176994],[100.3666081,14.1725355],[100.3611325,14.1748282],[100.3615182,14.1756179],[100.3620276,14.1755361],[100.3617516,14.1768353],[100.3585785,14.1768899],[100.3587448,14.1802576],[100.3531143,14.1807791],[100.3523772,14.1794116],[100.3516562,14.1794354],[100.3510169,14.2139624],[100.3557837,14.2159307],[100.3581896,14.2161778],[100.3580931,14.2171996],[100.359976,14.2173452],[100.3622961,14.2182188],[100.363031,14.2180602],[100.3649569,14.219004],[100.3667754,14.2179315],[100.3676257,14.219563]]]}},{"type":"Feature","properties":{"id":"TH-LAO-6141006","nameTh":"พระยาบันลือ","type":"subdistrict_admin_org"},"geometry":{"type":"Polygon","coordinates":[[[100.4132473,14.1780315],[100.4208266,14.1748324],[100.4249578,14.1745937],[100.425041,14.1761904],[100.4332045,14.1774637],[100.4336025,14.17606],[100.4368405,14.1749976],[100.4367312,14.1744816],[100.4386233,14.1737695],[100.4390084,14.174453],[100.4396094,14.1743726],[100.4396859,14.1748381],[100.4400367,14.1747415],[100.4404494,14.1777396],[100.4449014,14.1761421],[100.4446187,14.1741568],[100.4449592,14.1740097],[100.4465089,14.1738316],[100.4466862,14.1747838],[100.4482064,14.1744401],[100.4481787,14.1753222],[100.4522225,14.1753192],[100.4526063,14.1713119],[100.4504131,14.1714152],[100.4504425,14.1702184],[100.4500127,14.1700901],[100.4498452,14.1690749],[100.4475674,14.1690854],[100.4474717,14.1666551],[100.4467886,14.1666817],[100.4466147,14.1659399],[100.4463154,14.1659107],[100.4459916,14.1634985],[100.4474751,14.1630433],[100.4477781,14.1626621],[100.4488177,14.1629433],[100.4524211,14.1613362],[100.4559363,14.157783],[100.457949,14.1573149],[100.4636916,14.1575569],[100.46517,14.1572535],[100.4651713,14.1506231],[100.4558521,14.1484563],[100.4499083,14.1483211],[100.3504926,14.1559378],[100.3518493,14.1672315],[100.3516562,14.1794354],[100.3523772,14.1794116],[100.3531143,14.1807791],[100.3587448,14.1802576],[100.3585785,14.1768899],[100.3617516,14.1768353],[100.3620276,14.1755361],[100.3615182,14.1756179],[100.3611325,14.1748282],[100.3666081,14.1725355],[100.3701013,14.176994],[100.3751425,14.1795567],[100.3751521,14.1732765],[100.3770959,14.1733448],[100.3845799,14.1725756],[100.3938603,14.1730333],[100.3944933,14.1735118],[100.3949359,14.1722479],[100.4015475,14.1718656],[100.4022181,14.1721621],[100.4042372,14.171501],[100.4043536,14.1718013],[100.4058245,14.1716315],[100.4058498,14.1720009],[100.4132473,14.1780315]]]}},{"type":"Feature","properties":{"id":"TH-LAO-6141003","nameTh":"คลองพระยาบันลือ","type":"subdistrict_admin_org"},"geometry":{"type":"Polygon","coordinates":[[[100.3974929,14.1153199],[100.3969076,14.1159396],[100.3998846,14.1205426],[100.3982357,14.1212877],[100.3985596,14.1221293],[100.3981787,14.1220773],[100.3976798,14.1207559],[100.3951961,14.1206415],[100.3959046,14.1219755],[100.3909152,14.1229721],[100.3915134,14.1323672],[100.3931039,14.1416657],[100.3913605,14.1418088],[100.3914034,14.1434942],[100.3844833,14.1440352],[100.3845648,14.1532658],[100.3504926,14.1559378],[100.3468676,14.1241945],[100.3448072,14.1169226],[100.3460615,14.1165629],[100.3534776,14.1191081],[100.3697752,14.1162569],[100.3803581,14.1164433],[100.3974929,14.1153199]]]}},{"type":"Feature","properties":{"id":"TH-LAO-6141004","nameTh":"สิงหนาท","type":"subdistrict_admin_org"},"geometry":{"type":"Polygon","coordinates":[[[100.4568116,14.1486257],[100.4671181,14.1510552],[100.467074,14.1413972],[100.4650515,14.141325],[100.4614971,14.1404381],[100.4614885,14.1337302],[100.4582038,14.1336261],[100.4582012,14.1311656],[100.4576272,14.1310615],[100.457359,14.130302],[100.4529118,14.1300679],[100.4523244,14.1282237],[100.4521627,14.1258127],[100.4465888,14.1261981],[100.4458845,14.1269674],[100.4458038,14.130418],[100.4436153,14.1301954],[100.4435278,14.128497],[100.4425644,14.1282209],[100.4425095,14.1274278],[100.4351556,14.1269883],[100.4353477,14.1240389],[100.4298717,14.1232686],[100.4297429,14.1261819],[100.42889,14.1261194],[100.4282462,14.1156576],[100.4256802,14.1152988],[100.4172228,14.1131657],[100.4057778,14.1159658],[100.3974929,14.1153199],[100.3969076,14.1159396],[100.3998846,14.1205426],[100.3982357,14.1212877],[100.3985596,14.1221293],[100.3981787,14.1220773],[100.3976798,14.1207559],[100.3951961,14.1206415],[100.3959046,14.1219755],[100.3909152,14.1229721],[100.3915134,14.1323672],[100.3931039,14.1416657],[100.3913605,14.1418088],[100.3914034,14.1434942],[100.3844833,14.1440352],[100.3845648,14.1532658],[100.4517751,14.1482378],[100.4568116,14.1486257]]]}},{"type":"Feature","properties":{"id":"TH-LAO-6141213","nameTh":"ลาดงา","type":"subdistrict_admin_org"},"geometry":{"type":"Polygon","coordinates":[[[100.367259,14.3756106],[100.3711556,14.3672312],[100.3715949,14.365634],[100.3623061,14.3627427],[100.3604629,14.3634722],[100.3573777,14.3624534],[100.3523088,14.3623228],[100.349884,14.3628145],[100.3471865,14.3625532],[100.3434091,14.3610581],[100.3423115,14.361093],[100.3423968,14.363696],[100.3433113,14.3658794],[100.3437567,14.3686462],[100.3442189,14.3686424],[100.3440922,14.3702679],[100.3450977,14.3701374],[100.3451762,14.3712115],[100.3466295,14.371073],[100.3470772,14.3729438],[100.3457045,14.3730125],[100.3452909,14.3752146],[100.344211,14.377418],[100.3432906,14.3769328],[100.3426945,14.3786079],[100.3362894,14.3792185],[100.3364718,14.3837211],[100.3359124,14.3914084],[100.3319953,14.3924093],[100.3329449,14.3974855],[100.3303256,14.3979412],[100.3301316,14.3995975],[100.327749,14.3995174],[100.3261936,14.4033829],[100.3252899,14.4038376],[100.3254114,14.4044342],[100.3277581,14.4079631],[100.3280207,14.4089841],[100.3313915,14.408641],[100.3370487,14.4094321],[100.3370012,14.4090872],[100.3376908,14.4089538],[100.3398587,14.4094943],[100.3425969,14.4083351],[100.344108,14.4082442],[100.346011,14.4070318],[100.347039,14.4071202],[100.3517813,14.4047389],[100.3525275,14.4063083],[100.3530175,14.4060269],[100.3542827,14.4039857],[100.3559161,14.4034935],[100.3584688,14.4015755],[100.3589582,14.4017944],[100.3604823,14.4004741],[100.3630201,14.4022864],[100.3631818,14.4014018],[100.3669953,14.4003641],[100.3670111,14.398469],[100.3683881,14.3986364],[100.3685021,14.3995907],[100.3714106,14.3992195],[100.3709174,14.3970336],[100.3725807,14.3966145],[100.3723876,14.3949946],[100.372831,14.3947325],[100.3729606,14.3928352],[100.3720078,14.3927721],[100.3690729,14.393789],[100.3684313,14.3930961],[100.369935,14.3876702],[100.3706002,14.3835964],[100.371279,14.382642],[100.3713298,14.3812269],[100.3683394,14.378305],[100.367259,14.3756106]]]}},{"type":"Feature","properties":{"id":"TH-LAO-6141212","nameTh":"รางจรเข้","type":"subdistrict_admin_org"},"geometry":{"type":"Polygon","coordinates":[[[100.398915,14.3291812],[100.3986383,14.3268069],[100.3969263,14.32831],[100.394908,14.3286503],[100.3944029,14.3283675],[100.3936174,14.3268002],[100.3922905,14.3262556],[100.3875037,14.334156],[100.3875775,14.3360116],[100.3879234,14.3367542],[100.3761316,14.3374347],[100.3717178,14.3394061],[100.3672108,14.3409027],[100.3661948,14.3415495],[100.3650777,14.3416587],[100.3644203,14.3430753],[100.3626776,14.3439243],[100.3571894,14.3450059],[100.3560628,14.3460675],[100.3541853,14.3467207],[100.347903,14.3471409],[100.3476835,14.3463713],[100.3449709,14.3467673],[100.342248,14.346328],[100.3419692,14.3466552],[100.3391969,14.3459203],[100.3359512,14.34559],[100.3322607,14.3444651],[100.3317618,14.3460086],[100.3331995,14.3468142],[100.3325557,14.3483214],[100.3361076,14.3497064],[100.3360222,14.3511754],[100.3369844,14.3512567],[100.3369224,14.3528064],[100.3375071,14.3533313],[100.3379463,14.353165],[100.3385393,14.3543309],[100.340071,14.3541725],[100.3407582,14.3566209],[100.3397146,14.3577123],[100.3404851,14.3581107],[100.3400499,14.35884],[100.3397387,14.3608513],[100.3434091,14.3610581],[100.3471865,14.3625532],[100.349884,14.3628145],[100.3523088,14.3623228],[100.3573777,14.3624534],[100.3604629,14.3634722],[100.3623061,14.3627427],[100.3715949,14.365634],[100.3744431,14.3632435],[100.3769131,14.3597045],[100.3798652,14.3546258],[100.380843,14.3520686],[100.3809747,14.3476664],[100.3814137,14.3457949],[100.3822918,14.3452632],[100.3849041,14.3464542],[100.385409,14.3463266],[100.3870821,14.344394],[100.3879334,14.3442523],[100.3893818,14.3446091],[100.3908687,14.3437272],[100.3921518,14.3409505],[100.3929698,14.3399019],[100.3940143,14.3358458],[100.3948152,14.3349124],[100.3962995,14.334297],[100.3985034,14.3303901],[100.398915,14.3291812]]]}},{"type":"Feature","properties":{"id":"TH-LAO-6141207","nameTh":"ดอนทอง","type":"subdistrict_admin_org"},"geometry":{"type":"Polygon","coordinates":[[[100.3264295,14.2987872],[100.3280495,14.3001491],[100.3302489,14.3007833],[100.3336822,14.3024779],[100.3481937,14.306224],[100.3472063,14.3085468],[100.3495091,14.3085133],[100.3499735,14.3100517],[100.3477774,14.3103776],[100.3484713,14.3117835],[100.3483138,14.3119559],[100.3491598,14.3128767],[100.3482743,14.3136215],[100.348849,14.3144668],[100.347831,14.3146885],[100.3488609,14.3159749],[100.3633099,14.3002275],[100.3706815,14.3025483],[100.3704637,14.3017879],[100.3693074,14.3017298],[100.3659654,14.2991047],[100.3608531,14.2961157],[100.3534126,14.2933918],[100.3511703,14.291354],[100.347839,14.2890979],[100.3463101,14.2871277],[100.3430058,14.2843023],[100.3425175,14.2828181],[100.3418577,14.2820175],[100.3358066,14.2762678],[100.3316116,14.2700656],[100.3279263,14.2657504],[100.3266603,14.263806],[100.3272774,14.2633797],[100.3271326,14.2611545],[100.3267356,14.2587473],[100.3259471,14.2567196],[100.3245952,14.251224],[100.3238603,14.2416726],[100.3228411,14.2380797],[100.3229269,14.2346063],[100.3221812,14.2315748],[100.3218218,14.228429],[100.3209367,14.2250646],[100.3191986,14.2217626],[100.3174219,14.2164267],[100.3156015,14.2160945],[100.3045803,14.2178964],[100.2991872,14.2197786],[100.2974814,14.2159386],[100.2961207,14.2163805],[100.2958017,14.2158271],[100.2938729,14.2165442],[100.2945394,14.218517],[100.2907913,14.2192739],[100.289872,14.2154801],[100.2885836,14.215845],[100.287956,14.2135023],[100.2872157,14.2136193],[100.2875001,14.2173748],[100.2880952,14.2190385],[100.2817683,14.2198343],[100.2804994,14.2170774],[100.2771795,14.2181566],[100.276393,14.2165899],[100.275296,14.2169116],[100.2759189,14.2186619],[100.2754783,14.2187882],[100.2772406,14.2223268],[100.2783272,14.2220324],[100.2791451,14.2240504],[100.2796976,14.2242573],[100.2830568,14.2237536],[100.283441,14.2254348],[100.284202,14.2253163],[100.2864614,14.2340684],[100.2869014,14.2378177],[100.2873313,14.2390894],[100.2883407,14.2393066],[100.289875,14.240652],[100.2934736,14.2460119],[100.2929832,14.2464071],[100.2993499,14.2614608],[100.3022896,14.2656304],[100.304725,14.2684378],[100.3053044,14.2700495],[100.3068708,14.2721082],[100.3094061,14.2767926],[100.3114843,14.2760234],[100.3117365,14.2768604],[100.3110713,14.2770788],[100.3112751,14.2777286],[100.3103469,14.2782012],[100.3110443,14.2791474],[100.3190652,14.287078],[100.3203653,14.286291],[100.3215172,14.2861386],[100.3228464,14.2893136],[100.3249652,14.2919569],[100.324428,14.2922493],[100.3246291,14.2928013],[100.323203,14.2933589],[100.324112,14.2953667],[100.3264295,14.2987872]]]}},{"type":"Feature","properties":{"id":"TH-LAO-6141206","nameTh":"ชายนา","type":"subdistrict_admin_org"},"geometry":{"type":"Polygon","coordinates":[[[100.384979,14.2975911],[100.3847516,14.2959546],[100.3843009,14.2959182],[100.3842312,14.2937765],[100.3853738,14.293948],[100.385288,14.2931423],[100.3838986,14.2888796],[100.3846013,14.2866182],[100.3844544,14.2833556],[100.3812999,14.2799527],[100.3795732,14.2775118],[100.3778081,14.2761754],[100.3744143,14.272587],[100.3722256,14.2694573],[100.370847,14.2650122],[100.3697634,14.2630054],[100.3679609,14.2566052],[100.3659311,14.2542257],[100.364217,14.250838],[100.3644812,14.2492817],[100.3641155,14.2462772],[100.3625114,14.2428594],[100.3635376,14.2401371],[100.3635952,14.238651],[100.3556343,14.2324593],[100.3524712,14.2316372],[100.3514814,14.2308053],[100.3468465,14.2303776],[100.3449926,14.2231603],[100.3443002,14.2233232],[100.3428434,14.2193927],[100.3394195,14.2179562],[100.3381401,14.216625],[100.3379443,14.2151793],[100.3353274,14.2179174],[100.3334991,14.2163023],[100.3323892,14.2167554],[100.3264081,14.217223],[100.3174219,14.2164267],[100.3191986,14.2217626],[100.3209367,14.2250646],[100.3218218,14.228429],[100.3221812,14.2315748],[100.3229269,14.2346063],[100.3228411,14.2380797],[100.3238603,14.2416726],[100.3245952,14.251224],[100.3259471,14.2567196],[100.3267356,14.2587473],[100.3271326,14.2611545],[100.3272774,14.2633797],[100.3266603,14.263806],[100.3279263,14.2657504],[100.3316116,14.2700656],[100.3354418,14.2758311],[100.3418577,14.2820175],[100.3425175,14.2828181],[100.3430058,14.2843023],[100.3463101,14.2871277],[100.347839,14.2890979],[100.3511703,14.291354],[100.3534126,14.2933918],[100.3608531,14.2961157],[100.3659654,14.2991047],[100.3693074,14.3017298],[100.3704637,14.3017879],[100.3706815,14.3025483],[100.3895746,14.3091634],[100.3894306,14.3083606],[100.3878816,14.3074682],[100.3870452,14.3027361],[100.384979,14.2975911]]]}},{"type":"Feature","properties":{"id":"TH-LAO-5141202","nameTh":"หัวเวียง","type":"subdistrict_municipality"},"geometry":{"type":"Polygon","coordinates":[[[100.4177026,14.4014967],[100.4160574,14.4067556],[100.4101889,14.4043698],[100.4095635,14.4052174],[100.4090094,14.4071398],[100.4054874,14.4057175],[100.3988922,14.4041545],[100.3984885,14.4052372],[100.3960739,14.4044983],[100.3954574,14.4059137],[100.3899759,14.4045627],[100.3900033,14.4033102],[100.3878986,14.4032875],[100.3878333,14.4037402],[100.3818894,14.4042369],[100.3789049,14.4034968],[100.3781707,14.4036833],[100.3777153,14.4043798],[100.3717472,14.4045009],[100.371729,14.4041182],[100.3713479,14.403948],[100.3712883,14.4030786],[100.3705734,14.4028353],[100.3704876,14.4018595],[100.3673442,14.4022951],[100.3665078,14.4021467],[100.366241,14.4004892],[100.3669953,14.4003641],[100.3670111,14.398469],[100.3683881,14.3986364],[100.3685021,14.3995907],[100.3714106,14.3992195],[100.3709174,14.3970336],[100.3725807,14.3966145],[100.3723876,14.3949946],[100.372831,14.3947325],[100.3729606,14.3928352],[100.3720078,14.3927721],[100.3690729,14.393789],[100.3684313,14.3930961],[100.369935,14.3876702],[100.3706002,14.3835964],[100.371279,14.382642],[100.3713298,14.3812269],[100.3683394,14.378305],[100.367259,14.3756106],[100.3717737,14.3653395],[100.3729618,14.364314],[100.3771716,14.3659388],[100.3791508,14.366248],[100.3792638,14.3682747],[100.3777295,14.3682565],[100.3773567,14.3693867],[100.3797492,14.3700935],[100.3796044,14.3706729],[100.3804922,14.3716628],[100.3799973,14.3719928],[100.3797492,14.3718161],[100.3789392,14.3736167],[100.3804117,14.3736037],[100.3825334,14.3732426],[100.3833461,14.3734296],[100.3838477,14.3726891],[100.3837484,14.3716602],[100.3852035,14.3715251],[100.3853336,14.3703689],[100.384258,14.3704676],[100.3842446,14.3700233],[100.3847247,14.3699765],[100.3847784,14.3683136],[100.3853148,14.3683188],[100.385111,14.3659881],[100.3857547,14.3656659],[100.3873211,14.365892],[100.3964782,14.3646448],[100.4041815,14.3653411],[100.4055709,14.3658036],[100.4065418,14.3666611],[100.4098565,14.3669355],[100.4133364,14.3654783],[100.4130298,14.3646176],[100.413301,14.3637302],[100.4160213,14.3621472],[100.4162031,14.3609655],[100.4159557,14.3602504],[100.4163761,14.3595634],[100.4180745,14.3602663],[100.436678,14.3640692],[100.4367328,14.3647461],[100.4362071,14.3648786],[100.4357209,14.3666075],[100.4341326,14.3668588],[100.4335623,14.3698486],[100.4320926,14.3701884],[100.4306735,14.3698835],[100.4305877,14.370384],[100.4293946,14.3700948],[100.4292873,14.3706288],[100.4286861,14.3704962],[100.4287907,14.3699508],[100.4245663,14.3689424],[100.4230723,14.3684202],[100.4231495,14.3681378],[100.420113,14.3674445],[100.4199131,14.3681438],[100.4184308,14.3681374],[100.4177588,14.3685137],[100.417732,14.3705897],[100.4185206,14.3719097],[100.4186246,14.3740052],[100.4192723,14.3749726],[100.4186708,14.3754173],[100.4177105,14.3770334],[100.4185259,14.377657],[100.4167589,14.3806356],[100.4176924,14.3817043],[100.4173071,14.3822918],[100.4181004,14.3828266],[100.4175228,14.3837782],[100.417158,14.3835548],[100.4169005,14.3839549],[100.4165518,14.3837575],[100.4163017,14.384142],[100.4169498,14.3845983],[100.4155433,14.3865374],[100.4156077,14.386922],[100.4177147,14.3882993],[100.4170668,14.3897331],[100.4162836,14.3897123],[100.4160744,14.3901098],[100.4156935,14.3899253],[100.4154533,14.3903524],[100.4185453,14.3919925],[100.4179868,14.3929872],[100.418356,14.393171],[100.4175912,14.3945319],[100.4172492,14.394342],[100.4167364,14.3952774],[100.4168806,14.3959258],[100.4165596,14.3964922],[100.4162744,14.3963593],[100.4152542,14.3990863],[100.4163052,14.3994097],[100.4158293,14.4004975],[100.4177026,14.4014967]]]}},{"type":"Feature","properties":{"id":"TH-LAO-6141209","nameTh":"บ้านโพธิ์","type":"subdistrict_admin_org"},"geometry":{"type":"Polygon","coordinates":[[[100.3791508,14.366248],[100.3792638,14.3682747],[100.3777295,14.3682565],[100.3773567,14.3693867],[100.3797492,14.3700935],[100.3796044,14.3706729],[100.3804922,14.3716628],[100.3799973,14.3719928],[100.3797492,14.3718161],[100.3789392,14.3736167],[100.3825334,14.3732426],[100.3833461,14.3734296],[100.3838477,14.3726891],[100.3837484,14.3716602],[100.3853054,14.3713419],[100.3853336,14.3703689],[100.384258,14.3704676],[100.3842446,14.3700233],[100.3847247,14.3699765],[100.3847784,14.3683136],[100.3853148,14.3683188],[100.385111,14.3659881],[100.3857547,14.3656659],[100.3873211,14.365892],[100.3964782,14.3646448],[100.4041815,14.3653411],[100.4055709,14.3658036],[100.4065418,14.3666611],[100.4098565,14.3669355],[100.4133364,14.3654783],[100.4130298,14.3646176],[100.413301,14.3637302],[100.4160213,14.3621472],[100.4162031,14.3609655],[100.4159557,14.3602504],[100.4141848,14.3593909],[100.4134687,14.3586966],[100.4131279,14.3576165],[100.4134118,14.3542611],[100.4124984,14.3521715],[100.4113087,14.3510716],[100.408917,14.3503261],[100.4086662,14.3497516],[100.4088932,14.3476617],[100.4085079,14.3470966],[100.4079683,14.3469006],[100.4074737,14.3471402],[100.406833,14.3484906],[100.4054465,14.3497532],[100.4043527,14.3495133],[100.4040115,14.3489806],[100.404023,14.3468633],[100.4044948,14.3457789],[100.4059854,14.344473],[100.4060348,14.3436661],[100.4057352,14.3428536],[100.4048474,14.3421059],[100.4023263,14.342121],[100.4007567,14.3408596],[100.4003694,14.3394405],[100.4005979,14.3381463],[100.4021749,14.3351739],[100.4025389,14.3331238],[100.4022786,14.3319154],[100.4005833,14.3321396],[100.399455,14.3315829],[100.3996668,14.3308867],[100.3992652,14.3307548],[100.4004351,14.3284591],[100.3988923,14.328117],[100.398915,14.3291812],[100.3985034,14.3303901],[100.3962995,14.334297],[100.3948152,14.3349124],[100.3940143,14.3358458],[100.3929698,14.3399019],[100.3921518,14.3409505],[100.3908687,14.3437272],[100.3893818,14.3446091],[100.3879334,14.3442523],[100.3870821,14.344394],[100.385409,14.3463266],[100.3849041,14.3464542],[100.3822918,14.3452632],[100.3814137,14.3457949],[100.3809747,14.3476664],[100.380843,14.3520686],[100.3798652,14.3546258],[100.3761938,14.3608369],[100.3744431,14.3632435],[100.3729618,14.364314],[100.3771716,14.3659388],[100.3791508,14.366248]]]}},{"type":"Feature","properties":{"id":"TH-LAO-6141208","nameTh":"บ้านแพน","type":"subdistrict_admin_org"},"geometry":{"type":"Polygon","coordinates":[[[100.4068294,14.3262953],[100.408119,14.3205568],[100.4085806,14.3193686],[100.4089826,14.3190962],[100.4095013,14.3190276],[100.4111767,14.3200994],[100.4126438,14.3205162],[100.416396,14.3205623],[100.4231106,14.3223557],[100.4237997,14.3227923],[100.4247173,14.3247533],[100.4246494,14.3254032],[100.4236007,14.3271318],[100.4240829,14.3281507],[100.4252726,14.3287828],[100.4285851,14.328869],[100.4283401,14.329359],[100.4267174,14.3294135],[100.4260173,14.3306895],[100.424872,14.3311963],[100.4226539,14.330505],[100.4207119,14.3306505],[100.4204866,14.3316615],[100.41994,14.3320148],[100.4200602,14.3337716],[100.4195251,14.3339883],[100.4194593,14.3372513],[100.4197538,14.3372284],[100.4197406,14.33809],[100.4193065,14.3383921],[100.4194752,14.3389241],[100.4191831,14.3399656],[100.4233807,14.3407153],[100.423571,14.3426903],[100.4240186,14.3426849],[100.4242691,14.3431766],[100.4302594,14.3439871],[100.4302999,14.3450472],[100.4308604,14.345117],[100.4307451,14.3461514],[100.4304486,14.3471647],[100.4300188,14.3471547],[100.4299748,14.349458],[100.4297095,14.34947],[100.4296242,14.350707],[100.4293385,14.3510324],[100.4290723,14.3542148],[100.4296568,14.3543633],[100.4295594,14.3553913],[100.4306705,14.3556129],[100.4303717,14.3570957],[100.4307231,14.3571711],[100.4306403,14.3581364],[100.4302658,14.3582433],[100.4302983,14.3589406],[100.4313134,14.3591794],[100.4312001,14.3599436],[100.4326606,14.3602689],[100.4327556,14.3593731],[100.4356477,14.3599842],[100.4367787,14.3608107],[100.4368534,14.3620186],[100.4379022,14.3633352],[100.4376018,14.3639613],[100.435578,14.3639333],[100.4188961,14.3604458],[100.4169075,14.3595955],[100.4163761,14.3595634],[100.4159557,14.3602504],[100.4152412,14.3600122],[100.4134687,14.3586966],[100.4131279,14.3576165],[100.4134118,14.3542611],[100.4124984,14.3521715],[100.4113087,14.3510716],[100.408917,14.3503261],[100.4086662,14.3497516],[100.4088932,14.3476617],[100.4085079,14.3470966],[100.4079683,14.3469006],[100.4074737,14.3471402],[100.4059818,14.3495149],[100.4049089,14.3497669],[100.4043527,14.3495133],[100.4040115,14.3489806],[100.404023,14.3468633],[100.4044948,14.3457789],[100.4059854,14.344473],[100.4057352,14.3428536],[100.4048474,14.3421059],[100.402764,14.3422254],[100.4015722,14.3416949],[100.4007567,14.3408596],[100.4003694,14.3394405],[100.4005979,14.3381463],[100.4025389,14.3342238],[100.4022786,14.3319154],[100.4036424,14.3320694],[100.4039221,14.3310507],[100.4049859,14.3296344],[100.4057744,14.3295047],[100.4076764,14.3278075],[100.4082177,14.3270642],[100.4068294,14.3262953]]]}},{"type":"Feature","properties":{"id":"TH-LAO-5141204","nameTh":"สามกอ","type":"subdistrict_municipality"},"geometry":{"type":"Polygon","coordinates":[[[100.384979,14.2975911],[100.3847516,14.2959546],[100.3843009,14.2959182],[100.3842312,14.2937765],[100.3853738,14.293948],[100.385288,14.2931423],[100.3838986,14.2888796],[100.3846013,14.2866182],[100.3844544,14.2833556],[100.3851968,14.2842789],[100.3898424,14.2849807],[100.3903788,14.2854018],[100.3967464,14.2869146],[100.4045409,14.2883649],[100.4048896,14.288183],[100.4067027,14.2889628],[100.4102218,14.289545],[100.4111659,14.2903767],[100.4128515,14.2910191],[100.4127115,14.2916921],[100.4131416,14.2924836],[100.4121288,14.2970003],[100.4125202,14.2988955],[100.4118245,14.3009244],[100.413159,14.3048472],[100.4119845,14.3053549],[100.4109868,14.3063992],[100.4103528,14.3088242],[100.4089113,14.3107836],[100.4088445,14.3118861],[100.4099156,14.3138263],[100.4102466,14.3150977],[100.4099428,14.315811],[100.4100862,14.3164676],[100.4095013,14.3190276],[100.4085806,14.3193686],[100.408119,14.3205568],[100.4068294,14.3262953],[100.4059056,14.3249754],[100.4048928,14.3256806],[100.4039863,14.3245853],[100.4023312,14.3244617],[100.4022503,14.3240158],[100.4008234,14.3238183],[100.4008609,14.3234623],[100.4001582,14.3233999],[100.4001404,14.3239954],[100.3970426,14.3237236],[100.3969988,14.3241319],[100.3934741,14.32419],[100.3919635,14.3217264],[100.3909475,14.3216067],[100.3910283,14.3176627],[100.3890019,14.317506],[100.3900602,14.3147258],[100.3895433,14.3087066],[100.3894306,14.3083606],[100.3878816,14.3074682],[100.3870452,14.3027361],[100.384979,14.2975911]]]}},{"type":"Feature","properties":{"id":"TH-LAO-4141201","nameTh":"เสนา","type":"town_municipality"},"geometry":{"type":"Polygon","coordinates":[[[100.3988923,14.328117],[100.3986383,14.3268069],[100.3969263,14.32831],[100.394908,14.3286503],[100.3944029,14.3283675],[100.3936174,14.3268002],[100.3922905,14.3262556],[100.3934741,14.32419],[100.3969988,14.3241319],[100.3970426,14.3237236],[100.4001404,14.3239954],[100.4001582,14.3233999],[100.4008609,14.3234623],[100.4008234,14.3238183],[100.4022503,14.3240158],[100.4023312,14.3244617],[100.4039863,14.3245853],[100.4048928,14.3256806],[100.4059056,14.3249754],[100.4070221,14.3265149],[100.4082177,14.3270642],[100.4057744,14.3295047],[100.4049859,14.3296344],[100.4039221,14.3310507],[100.4036424,14.3320694],[100.4026355,14.3318397],[100.4005833,14.3321396],[100.399455,14.3315829],[100.3996668,14.3308867],[100.3992652,14.3307548],[100.4004351,14.3284591],[100.3988923,14.328117]]]}},{"type":"Feature","properties":{"id":"TH-LAO-5141205","nameTh":"บางนมโค","type":"subdistrict_municipality"},"geometry":{"type":"Polygon","coordinates":[[[100.4095013,14.3190276],[100.4102466,14.3150977],[100.4099156,14.3138263],[100.4088445,14.3118861],[100.4088078,14.3111554],[100.4105096,14.3084847],[100.4109868,14.3063992],[100.4119845,14.3053549],[100.413159,14.3048472],[100.4118245,14.3009244],[100.4125202,14.2988955],[100.4121288,14.2970003],[100.4131416,14.2924836],[100.4127115,14.2916921],[100.4128948,14.2890633],[100.4141483,14.2871815],[100.4149275,14.2872039],[100.4155797,14.2876553],[100.416117,14.2874675],[100.4174575,14.2851759],[100.4187307,14.2845515],[100.4195275,14.2835015],[100.4188587,14.2814867],[100.4181244,14.2767487],[100.4184851,14.2757915],[100.4191911,14.2752592],[100.421789,14.2750413],[100.4217742,14.2740681],[100.4221945,14.2732246],[100.4213092,14.2710618],[100.4219772,14.2683126],[100.4231769,14.2674557],[100.4244268,14.2672945],[100.4358637,14.2667642],[100.4349518,14.2695717],[100.4347962,14.2717344],[100.4340343,14.2745097],[100.4339862,14.2762366],[100.434072,14.2766889],[100.4359416,14.2767357],[100.4359335,14.2772711],[100.4355101,14.2782692],[100.4341225,14.2774239],[100.4331035,14.2775261],[100.4331017,14.2780134],[100.4341176,14.2780879],[100.4339965,14.2788501],[100.4334521,14.2787947],[100.4333419,14.2802682],[100.4324349,14.2802216],[100.4323507,14.2809939],[100.431928,14.2810096],[100.4320116,14.2817087],[100.4324039,14.2817355],[100.4322773,14.2832151],[100.4326214,14.2836159],[100.4320427,14.2874634],[100.4335034,14.2879438],[100.4334821,14.2890294],[100.4330957,14.2911981],[100.4319557,14.2913661],[100.430789,14.2919987],[100.4305459,14.2950626],[100.4305598,14.2959611],[100.4319668,14.2959507],[100.4316758,14.2994109],[100.4322106,14.2994426],[100.4321515,14.300451],[100.4325547,14.3004836],[100.4323663,14.3024531],[100.432731,14.3044607],[100.4330674,14.304984],[100.434302,14.3053209],[100.4342681,14.3056352],[100.435689,14.3058922],[100.4339379,14.315754],[100.4355096,14.3199019],[100.4343584,14.3278591],[100.4332003,14.3277331],[100.4323077,14.3280208],[100.4303014,14.3292815],[100.4282854,14.3287874],[100.4246467,14.3285871],[100.4236964,14.327633],[100.4236007,14.3271318],[100.4246494,14.3254032],[100.4245757,14.3239929],[100.4237997,14.3227923],[100.4231106,14.3223557],[100.416396,14.3205623],[100.4126438,14.3205162],[100.4111767,14.3200994],[100.4095013,14.3190276]]]}},{"type":"Feature","properties":{"id":"TH-LAO-6141210","nameTh":"บ้านหลวง","type":"subdistrict_admin_org"},"geometry":{"type":"Polygon","coordinates":[[[100.3877909,14.2846239],[100.3893804,14.2764419],[100.3810559,14.2593395],[100.3834945,14.2599753],[100.3851151,14.259649],[100.385762,14.2591376],[100.3862336,14.2585876],[100.3847888,14.2572837],[100.3861872,14.25623],[100.388394,14.2530645],[100.3932434,14.2576866],[100.3961724,14.2623659],[100.3979024,14.2645495],[100.3989753,14.2644793],[100.3991631,14.2640062],[100.4001313,14.2637384],[100.4006133,14.2651473],[100.4019826,14.265174],[100.4108316,14.2669681],[100.4117363,14.2676975],[100.4128842,14.2699594],[100.4178294,14.2739563],[100.418703,14.2754981],[100.418247,14.2761846],[100.4181129,14.2774583],[100.4195275,14.2835015],[100.4187307,14.2845515],[100.4174575,14.2851759],[100.416117,14.2874675],[100.4155797,14.2876553],[100.4145405,14.287091],[100.4138153,14.2874103],[100.4128948,14.2890633],[100.4128515,14.2910191],[100.4111659,14.2903767],[100.4102218,14.289545],[100.4067027,14.2889628],[100.4048896,14.288183],[100.4045409,14.2883649],[100.3967464,14.2869146],[100.3877909,14.2846239]]]}},{"type":"Feature","properties":{"id":"TH-LAO-6141211","nameTh":"มารวิชัย","type":"subdistrict_admin_org"},"geometry":{"type":"Polygon","coordinates":[[[100.381085,14.2296379],[100.3799879,14.2270198],[100.3754765,14.2196826],[100.3753579,14.2190451],[100.3745611,14.218461],[100.372459,14.2181146],[100.3715453,14.2181975],[100.3710186,14.2189286],[100.36964,14.2171398],[100.3676257,14.219563],[100.3667754,14.2179315],[100.3649569,14.219004],[100.363031,14.2180602],[100.3622961,14.2182188],[100.359976,14.2173452],[100.3580931,14.2171996],[100.3581896,14.2161778],[100.3557837,14.2159307],[100.3510169,14.2139624],[100.3502315,14.2132709],[100.3477478,14.2143421],[100.3496555,14.2175618],[100.3498643,14.2185297],[100.3484627,14.2187628],[100.3483819,14.2182458],[100.3469007,14.2185152],[100.3454465,14.2174206],[100.3435435,14.2176149],[100.3434514,14.2195083],[100.3428434,14.2193927],[100.3443002,14.2233232],[100.3449926,14.2231603],[100.3468465,14.2303776],[100.3514814,14.2308053],[100.3524712,14.2316372],[100.3556343,14.2324593],[100.3635952,14.238651],[100.3635376,14.2401371],[100.3625114,14.2428594],[100.3641155,14.2462772],[100.3644812,14.2492817],[100.364217,14.250838],[100.3659311,14.2542257],[100.3679609,14.2566052],[100.3697634,14.2630054],[100.370847,14.2650122],[100.3722256,14.2694573],[100.3744143,14.272587],[100.3778081,14.2761754],[100.3795732,14.2775118],[100.3812999,14.2799527],[100.3850788,14.2841905],[100.3877909,14.2846239],[100.3893804,14.2764419],[100.3810559,14.2593395],[100.3834945,14.2599753],[100.3851151,14.259649],[100.385762,14.2591376],[100.3862336,14.2585876],[100.3847888,14.2572837],[100.3861872,14.25623],[100.388394,14.2530645],[100.386267,14.2506546],[100.3850573,14.2480991],[100.384419,14.2445115],[100.3850037,14.2418806],[100.3849447,14.2408719],[100.3832763,14.2364002],[100.3824502,14.2349755],[100.381085,14.2296379]]]}},{"type":"Feature","properties":{"id":"TH-LAO-6141214","nameTh":"สามตุ่ม","type":"subdistrict_admin_org"},"geometry":{"type":"Polygon","coordinates":[[[100.3753579,14.2190451],[100.3764188,14.2192384],[100.3789563,14.2181416],[100.3807336,14.2159853],[100.3816727,14.2154524],[100.3816807,14.21497],[100.390057,14.2145761],[100.3950405,14.2138585],[100.3958613,14.2132449],[100.3951424,14.2113676],[100.3948823,14.2086504],[100.3957036,14.2072893],[100.4028241,14.2074389],[100.4026698,14.2054204],[100.403468,14.205356],[100.4117775,14.2072697],[100.4146421,14.2070617],[100.4146528,14.2067705],[100.4171589,14.2068775],[100.417496,14.2085022],[100.4164284,14.2096879],[100.4132688,14.2096878],[100.4134405,14.2123504],[100.4116487,14.2132761],[100.4098785,14.2133177],[100.4092571,14.2137264],[100.4116675,14.2148075],[100.4115792,14.2158881],[100.4132581,14.2206394],[100.4166269,14.2199582],[100.4168442,14.2206706],[100.4178822,14.2205146],[100.4178285,14.2217678],[100.418762,14.2226518],[100.4192769,14.2252934],[100.4202533,14.2263542],[100.419623,14.2265804],[100.4198134,14.2285173],[100.420787,14.2287149],[100.4199367,14.2301293],[100.4221362,14.2310939],[100.4222757,14.2320428],[100.4230213,14.2331036],[100.4237562,14.2360414],[100.4239278,14.2381213],[100.4249503,14.2410345],[100.4263124,14.2409265],[100.4264122,14.2429987],[100.4313128,14.2425115],[100.4318935,14.2423633],[100.4316241,14.2416768],[100.4362119,14.2412238],[100.4364163,14.2428777],[100.4374091,14.245469],[100.4385367,14.2452405],[100.4392337,14.249533],[100.4382488,14.2495296],[100.4379398,14.2525134],[100.4409438,14.2527318],[100.4408821,14.2536546],[100.4414856,14.2536884],[100.4412932,14.2555272],[100.4372557,14.2556356],[100.4372075,14.2566157],[100.4367649,14.2566624],[100.4377305,14.2605462],[100.4369473,14.2656517],[100.4363733,14.2666707],[100.4231769,14.2674557],[100.4219772,14.2683126],[100.4213278,14.270622],[100.4221945,14.2732246],[100.4217742,14.2740681],[100.421789,14.2750413],[100.418703,14.2754981],[100.4178294,14.2739563],[100.4128842,14.2699594],[100.4117363,14.2676975],[100.4108316,14.2669681],[100.4019826,14.265174],[100.4006133,14.2651473],[100.4001313,14.2637384],[100.3991631,14.2640062],[100.3989753,14.2644793],[100.3977656,14.2644481],[100.3932434,14.2576866],[100.3878361,14.2526434],[100.3855562,14.2492664],[100.3846818,14.2466537],[100.384419,14.2445115],[100.3850144,14.2413918],[100.3844994,14.2393172],[100.3824502,14.2349755],[100.381085,14.2296379],[100.3799879,14.2270198],[100.3754765,14.2196826],[100.3753579,14.2190451]]]}},{"type":"Feature","properties":{"id":"TH-LAO-6141304","nameTh":"ปลายกลัด","type":"subdistrict_admin_org"},"geometry":{"type":"Polygon","coordinates":[[[100.3532547,14.3297567],[100.3523548,14.3297098],[100.3505381,14.3288166],[100.3470929,14.327917],[100.3460242,14.3282942],[100.3440579,14.3283347],[100.3390608,14.327378],[100.3377327,14.3268363],[100.3363032,14.3274334],[100.3338431,14.3273483],[100.3325621,14.326673],[100.3305739,14.329229],[100.3278074,14.3306278],[100.3249985,14.3300928],[100.323115,14.3289841],[100.3209788,14.3287663],[100.320788,14.3301927],[100.3195702,14.3319382],[100.3179419,14.3330542],[100.3139634,14.3340639],[100.3104814,14.3336254],[100.3097929,14.3352739],[100.3073992,14.3379526],[100.2824678,14.3539666],[100.2804118,14.3549792],[100.2779409,14.3556673],[100.2755487,14.3558668],[100.2730536,14.3555841],[100.2729168,14.3586841],[100.2732012,14.3586607],[100.2733567,14.359487],[100.2698404,14.3598897],[100.2675412,14.3619099],[100.2702322,14.3614819],[100.2702324,14.3620226],[100.2709213,14.3619893],[100.2713994,14.3652829],[100.2702735,14.3653254],[100.2708462,14.3668612],[100.2681009,14.3674016],[100.2681651,14.3679708],[100.2669608,14.3681638],[100.2672463,14.3747593],[100.27105,14.3751835],[100.2710929,14.3763267],[100.2689759,14.3764938],[100.2692696,14.3783195],[100.2720426,14.3785479],[100.2720428,14.3781983],[100.273565,14.3781916],[100.2742096,14.3830039],[100.2740112,14.3855268],[100.2758666,14.3898719],[100.2768048,14.3896072],[100.2780316,14.3926001],[100.2795368,14.3922419],[100.2814612,14.3961951],[100.2819605,14.3980529],[100.2853837,14.3979402],[100.2856063,14.3988952],[100.2885688,14.3984029],[100.2900073,14.4011844],[100.2912671,14.4002383],[100.2910248,14.3988521],[100.2968829,14.3984104],[100.2987728,14.4005288],[100.299761,14.4024107],[100.3012543,14.4025827],[100.3029642,14.4008166],[100.301732,14.3995882],[100.3027446,14.3984299],[100.3067398,14.4014987],[100.3071345,14.4012257],[100.3076363,14.4033757],[100.3117819,14.4033319],[100.3117411,14.4038169],[100.314544,14.4040259],[100.3145352,14.4043846],[100.318804,14.4044983],[100.3189825,14.4061619],[100.3204254,14.405876],[100.3214694,14.4099377],[100.3240848,14.411244],[100.3244699,14.4088057],[100.3280199,14.4093922],[100.3277581,14.4079631],[100.3254114,14.4044342],[100.3252899,14.4038376],[100.3261936,14.4033829],[100.327749,14.3995174],[100.3301316,14.3995975],[100.3303256,14.3979412],[100.3329449,14.3974855],[100.3319953,14.3924093],[100.3359124,14.3914084],[100.3364718,14.3837211],[100.3362894,14.3792185],[100.3426945,14.3786079],[100.3432906,14.3769328],[100.344211,14.377418],[100.3452909,14.3752146],[100.3457045,14.3730125],[100.3470772,14.3729438],[100.3466295,14.371073],[100.3451762,14.3712115],[100.3450977,14.3701374],[100.3440922,14.3702679],[100.3442189,14.3686424],[100.3437567,14.3686462],[100.3433113,14.3658794],[100.3423968,14.363696],[100.3423115,14.361093],[100.3397387,14.3608513],[100.3400499,14.35884],[100.3404851,14.3581107],[100.3397146,14.3577123],[100.3407582,14.3566209],[100.340071,14.3541725],[100.3385393,14.3543309],[100.3379463,14.353165],[100.3375071,14.3533313],[100.3369224,14.3528064],[100.3369844,14.3512567],[100.3360222,14.3511754],[100.3361076,14.3497064],[100.3325557,14.3483214],[100.3331995,14.3468142],[100.3317618,14.3460086],[100.3322607,14.3444651],[100.3336608,14.344725],[100.3342296,14.3428923],[100.336994,14.3433843],[100.3390789,14.3425421],[100.3391111,14.3417625],[100.3409047,14.3417203],[100.3409916,14.3405002],[100.3415143,14.3405152],[100.3416216,14.3397356],[100.3422224,14.3397772],[100.3425608,14.3383628],[100.3434322,14.3383535],[100.3434798,14.3365327],[100.3429627,14.3365132],[100.3424907,14.3345019],[100.3447755,14.3345714],[100.3448162,14.3342283],[100.3459132,14.3343459],[100.3459588,14.3339847],[100.3470348,14.3341131],[100.3474862,14.3314977],[100.3488725,14.3316196],[100.3487952,14.3319421],[100.3496951,14.3323033],[100.3498954,14.3317682],[100.3512871,14.3318013],[100.3523072,14.3319795],[100.3522729,14.3324995],[100.3531057,14.3324697],[100.3532547,14.3297567]]]}},{"type":"Feature","properties":{"id":"TH-LAO-6141303","nameTh":"บางซ้าย","type":"subdistrict_admin_org"},"geometry":{"type":"Polygon","coordinates":[[[100.278512,14.3200586],[100.2737651,14.318054],[100.2700953,14.31784],[100.2698466,14.3162542],[100.2683831,14.3124063],[100.2622697,14.3063902],[100.2603582,14.3052425],[100.25983,14.3036621],[100.2575936,14.3008744],[100.2576524,14.2998507],[100.2577148,14.2995057],[100.2601179,14.3004703],[100.2608535,14.2976445],[100.262121,14.2947102],[100.2632909,14.2960064],[100.2633979,14.2983148],[100.2648616,14.2977237],[100.2676157,14.3003365],[100.2687399,14.2998043],[100.269847,14.3018139],[100.2705479,14.3014167],[100.2710655,14.3022539],[100.2718185,14.3017859],[100.2728445,14.3035168],[100.2736784,14.3030711],[100.2725958,14.3009579],[100.2734537,14.3003766],[100.2728653,14.2996613],[100.2714787,14.2987869],[100.2689618,14.2981505],[100.2700121,14.2975399],[100.2689108,14.2955912],[100.270722,14.2945872],[100.2709866,14.2952101],[100.2713214,14.2950787],[100.271076,14.2945],[100.2723217,14.2943475],[100.2731292,14.2960733],[100.2742003,14.295956],[100.2758736,14.2990941],[100.2775822,14.2990048],[100.2775144,14.2984684],[100.2792581,14.2982024],[100.2782094,14.2954917],[100.2797328,14.2954297],[100.2799544,14.2962015],[100.280267,14.2960871],[100.2798451,14.2950654],[100.2782491,14.2917126],[100.2773108,14.2918407],[100.2764269,14.291519],[100.2750455,14.288813],[100.2785032,14.2871504],[100.2784126,14.2864969],[100.279912,14.286324],[100.280219,14.2848332],[100.2820122,14.2821694],[100.2809431,14.2816255],[100.280936,14.2811816],[100.2820874,14.2809898],[100.2853345,14.2834082],[100.2860216,14.2826908],[100.2882868,14.283231],[100.2919557,14.2834561],[100.2912564,14.2866617],[100.2931271,14.2873112],[100.2998897,14.2879773],[100.3027177,14.2897503],[100.3028078,14.2902778],[100.3050688,14.2905839],[100.304443,14.292836],[100.3083725,14.2939259],[100.3131303,14.294135],[100.3176747,14.295034],[100.3234184,14.2971513],[100.3264295,14.2987872],[100.3280495,14.3001491],[100.3302489,14.3007833],[100.3336822,14.3024779],[100.3481937,14.306224],[100.3472063,14.3085468],[100.3495091,14.3085133],[100.3499735,14.3100517],[100.3477774,14.3103776],[100.3484713,14.3117835],[100.3483138,14.3119559],[100.3491598,14.3128767],[100.3482743,14.3136215],[100.348849,14.3144668],[100.347831,14.3146885],[100.3488609,14.3159749],[100.3486418,14.316142],[100.3504329,14.3177272],[100.3509224,14.3190928],[100.3484452,14.3194549],[100.3486838,14.3200612],[100.3477066,14.3197279],[100.3445284,14.3204258],[100.3413118,14.3198068],[100.3396175,14.3188338],[100.3372358,14.3184429],[100.3349753,14.3192006],[100.3320637,14.3187046],[100.3299232,14.3188414],[100.3275903,14.3200009],[100.3262584,14.32177],[100.3221767,14.3208427],[100.3183185,14.3208616],[100.3162621,14.321589],[100.3146139,14.32288],[100.3133101,14.3247132],[100.3130488,14.3261372],[100.3100292,14.3255782],[100.3082813,14.3255782],[100.3069968,14.3260623],[100.3052271,14.327233],[100.30409,14.328475],[100.3025787,14.3316169],[100.299784,14.3336465],[100.2783999,14.3471985],[100.2764746,14.3479399],[100.2746349,14.3480267],[100.2751732,14.347749],[100.2749667,14.3471705],[100.2784018,14.3459373],[100.2771735,14.3435659],[100.2766505,14.3437037],[100.2764453,14.3428098],[100.279786,14.3417365],[100.2794319,14.3404632],[100.2780211,14.3396628],[100.2775142,14.3390313],[100.2778642,14.3386929],[100.2773693,14.3377268],[100.2779071,14.3375488],[100.2771789,14.3325008],[100.2794842,14.3323007],[100.2792442,14.3300528],[100.2811274,14.3258791],[100.2785064,14.3210437],[100.278512,14.3200586]]]}},{"type":"Feature","properties":{"id":"TH-LAO-5141301","nameTh":"บางซ้าย","type":"subdistrict_municipality"},"geometry":{"type":"Polygon","coordinates":[[[100.2730536,14.3555841],[100.2735531,14.3535334],[100.2748564,14.3536761],[100.2754569,14.3529519],[100.2746349,14.3480267],[100.2764746,14.3479399],[100.2783999,14.3471985],[100.299784,14.3336465],[100.3025787,14.3316169],[100.30409,14.328475],[100.3052271,14.327233],[100.3069968,14.3260623],[100.3082813,14.3255782],[100.3100292,14.3255782],[100.3130488,14.3261372],[100.3133101,14.3247132],[100.3146139,14.32288],[100.3162621,14.321589],[100.3183185,14.3208616],[100.3221767,14.3208427],[100.3262584,14.32177],[100.3275903,14.3200009],[100.3299232,14.3188414],[100.3320637,14.3187046],[100.3349753,14.3192006],[100.3372358,14.3184429],[100.3396175,14.3188338],[100.3413118,14.3198068],[100.3445284,14.3204258],[100.3477066,14.3197279],[100.3486838,14.3200612],[100.3490138,14.3208998],[100.3493303,14.3207959],[100.3496576,14.3213139],[100.3510092,14.3246209],[100.3521679,14.3247353],[100.3534055,14.3258854],[100.3563327,14.3251706],[100.3573929,14.3255676],[100.3571463,14.3277347],[100.3576234,14.3299221],[100.3569603,14.3304667],[100.3566376,14.3313188],[100.3553545,14.3310559],[100.3551775,14.3291537],[100.3532436,14.3292576],[100.3532547,14.3297567],[100.3523548,14.3297098],[100.3505381,14.3288166],[100.3470929,14.327917],[100.3460242,14.3282942],[100.3440579,14.3283347],[100.3390608,14.327378],[100.3377327,14.3268363],[100.3363032,14.3274334],[100.3338431,14.3273483],[100.3325621,14.326673],[100.3305739,14.329229],[100.3278074,14.3306278],[100.3249985,14.3300928],[100.323115,14.3289841],[100.3209788,14.3287663],[100.320788,14.3301927],[100.3195702,14.3319382],[100.3179419,14.3330542],[100.3139634,14.3340639],[100.3104814,14.3336254],[100.3097929,14.3352739],[100.3073992,14.3379526],[100.2824678,14.3539666],[100.2804118,14.3549792],[100.2779409,14.3556673],[100.2755487,14.3558668],[100.2730536,14.3555841]]]}},{"type":"Feature","properties":{"id":"TH-LAO-6141305","nameTh":"วังพัฒนา","type":"subdistrict_admin_org"},"geometry":{"type":"Polygon","coordinates":[[[100.2575936,14.3008744],[100.2569709,14.2992292],[100.2558584,14.2991141],[100.2538862,14.2954389],[100.2510241,14.2917066],[100.2507912,14.2901092],[100.2512036,14.2869509],[100.2498124,14.2800994],[100.2481927,14.2757197],[100.2483255,14.2745874],[100.2493398,14.2728822],[100.2487799,14.2724865],[100.2488782,14.2711306],[100.2507964,14.2666512],[100.2531527,14.2664478],[100.2537085,14.2655886],[100.25469,14.2655603],[100.2545501,14.2650696],[100.2571102,14.264301],[100.2575254,14.265981],[100.2615467,14.2657062],[100.2616431,14.266232],[100.2636463,14.2660882],[100.2626567,14.2616955],[100.2626341,14.2581068],[100.2664181,14.2573921],[100.266677,14.2586643],[100.2707424,14.2580128],[100.2712354,14.2608336],[100.2747192,14.2606415],[100.2755676,14.2619235],[100.2762941,14.2615283],[100.2773029,14.2632555],[100.2799188,14.2620281],[100.2801184,14.2612282],[100.2821193,14.264063],[100.2825612,14.2657652],[100.2825602,14.2672111],[100.2832154,14.2672632],[100.2838438,14.2688042],[100.2862802,14.2675802],[100.2867398,14.2685475],[100.2889168,14.2681193],[100.2924902,14.2680994],[100.2936541,14.2658256],[100.295958,14.2628066],[100.296839,14.2640506],[100.2996993,14.2619175],[100.3022896,14.2656304],[100.304725,14.2684378],[100.3053044,14.2700495],[100.3068708,14.2721082],[100.3094061,14.2767926],[100.3114843,14.2760234],[100.3117365,14.2768604],[100.3110713,14.2770788],[100.3112751,14.2777286],[100.3103469,14.2782012],[100.311849,14.2800416],[100.3190652,14.287078],[100.3203653,14.286291],[100.3215172,14.2861386],[100.3228464,14.2893136],[100.3249652,14.2919569],[100.324428,14.2922493],[100.3246291,14.2928013],[100.323203,14.2933589],[100.324112,14.2953667],[100.3264295,14.2987872],[100.3234184,14.2971513],[100.3176747,14.295034],[100.3131303,14.294135],[100.3083725,14.2939259],[100.304443,14.292836],[100.3050688,14.2905839],[100.3028078,14.2902778],[100.3027177,14.2897503],[100.2998897,14.2879773],[100.2931271,14.2873112],[100.2912564,14.2866617],[100.2919557,14.2834561],[100.2882868,14.283231],[100.2860216,14.2826908],[100.2853345,14.2834082],[100.2820874,14.2809898],[100.280936,14.2811816],[100.2809431,14.2816255],[100.2820122,14.2821694],[100.280219,14.2848332],[100.279912,14.286324],[100.2784126,14.2864969],[100.2785032,14.2871504],[100.2750455,14.288813],[100.2764269,14.291519],[100.2773108,14.2918407],[100.2782491,14.2917126],[100.2798451,14.2950654],[100.280267,14.2960871],[100.2799544,14.2962015],[100.2797328,14.2954297],[100.2782094,14.2954917],[100.2792581,14.2982024],[100.2775144,14.2984684],[100.2775822,14.2990048],[100.2758736,14.2990941],[100.2742003,14.295956],[100.2731292,14.2960733],[100.2723217,14.2943475],[100.271076,14.2945],[100.2713214,14.2950787],[100.2709866,14.2952101],[100.270722,14.2945872],[100.2689108,14.2955912],[100.2700121,14.2975399],[100.2689618,14.2981505],[100.2714787,14.2987869],[100.2728653,14.2996613],[100.2734537,14.3003766],[100.2725958,14.3009579],[100.2736784,14.3030711],[100.2728445,14.3035168],[100.2718185,14.3017859],[100.2710655,14.3022539],[100.2705479,14.3014167],[100.269847,14.3018139],[100.2687399,14.2998043],[100.2676157,14.3003365],[100.2648616,14.2977237],[100.2633979,14.2983148],[100.2632909,14.2960064],[100.262121,14.2947102],[100.2608535,14.2976445],[100.2601179,14.3004703],[100.2577148,14.2995057],[100.2575936,14.3008744]]]}},{"type":"Feature","properties":{"id":"TH-LAO-6141302","nameTh":"เทพมงคล","type":"subdistrict_admin_org"},"geometry":{"type":"Polygon","coordinates":[[[100.2317475,14.2126104],[100.2337002,14.2113103],[100.2400839,14.2122528],[100.2400638,14.2120449],[100.245628,14.2120722],[100.2459311,14.2135465],[100.2553121,14.2124473],[100.2559504,14.2131259],[100.2560592,14.2162974],[100.2620298,14.2147763],[100.2633655,14.2168511],[100.2671635,14.2151521],[100.2681713,14.2186679],[100.2733969,14.2173658],[100.274129,14.2191473],[100.2754783,14.2187882],[100.2772406,14.2223268],[100.2783272,14.2220324],[100.2791451,14.2240504],[100.2796976,14.2242573],[100.2830568,14.2237536],[100.283441,14.2254348],[100.284202,14.2253163],[100.2864614,14.2340684],[100.2869014,14.2378177],[100.2873313,14.2390894],[100.2883407,14.2393066],[100.289875,14.240652],[100.2934736,14.2460119],[100.2929832,14.2464071],[100.294846,14.2504201],[100.2965175,14.2551594],[100.2981161,14.2583101],[100.298792,14.2605457],[100.2996993,14.2619175],[100.296839,14.2640506],[100.295958,14.2628066],[100.2936541,14.2658256],[100.2924902,14.2680994],[100.2889168,14.2681193],[100.2867398,14.2685475],[100.2862802,14.2675802],[100.2838438,14.2688042],[100.2832154,14.2672632],[100.2825602,14.2672111],[100.2825612,14.2657652],[100.2821193,14.264063],[100.2801184,14.2612282],[100.2799188,14.2620281],[100.2773029,14.2632555],[100.2762941,14.2615283],[100.2755676,14.2619235],[100.2747192,14.2606415],[100.2712354,14.2608336],[100.2707424,14.2580128],[100.266677,14.2586643],[100.2664181,14.2573921],[100.2626341,14.2581068],[100.2626567,14.2616955],[100.2636463,14.2660882],[100.2616431,14.266232],[100.2615467,14.2657062],[100.2575254,14.265981],[100.2571102,14.264301],[100.2545501,14.2650696],[100.25469,14.2655603],[100.2537085,14.2655886],[100.2531527,14.2664478],[100.2507964,14.2666512],[100.2510043,14.2629367],[100.2498115,14.2567153],[100.2484117,14.2519989],[100.2436214,14.2435667],[100.2431269,14.2431946],[100.2423458,14.2409876],[100.238924,14.2354333],[100.238849,14.2346718],[100.234775,14.2318578],[100.2328153,14.2294593],[100.2325174,14.228091],[100.2317347,14.2275222],[100.2317529,14.2198022],[100.2324771,14.2172593],[100.2313398,14.213562],[100.2317475,14.2126104]]]}},{"type":"Feature","properties":{"id":"TH-LAO-6140806","nameTh":"นาคู","type":"subdistrict_admin_org"},"geometry":{"type":"Polygon","coordinates":[[[100.2502549,14.4435532],[100.2529876,14.4457147],[100.2535725,14.4453689],[100.2539929,14.4444868],[100.2546864,14.4445031],[100.2556647,14.4463799],[100.2564033,14.4460725],[100.2584247,14.4482545],[100.2597452,14.447775],[100.2605343,14.4490362],[100.2615932,14.4486649],[100.2625179,14.4476885],[100.2637065,14.449008],[100.2651966,14.4482377],[100.2660832,14.4492516],[100.2643355,14.4504456],[100.2632885,14.4506655],[100.2636912,14.4515545],[100.2632028,14.451852],[100.2640849,14.4532943],[100.2653067,14.4527953],[100.2661227,14.4539486],[100.2669578,14.4539181],[100.2675174,14.4550783],[100.2697023,14.4542809],[100.270596,14.4552833],[100.2721598,14.455766],[100.2754973,14.4538514],[100.2751897,14.453567],[100.2764566,14.451811],[100.2768489,14.452308],[100.2777138,14.4520308],[100.2775013,14.4538511],[100.2769842,14.4542583],[100.2771921,14.4546437],[100.2780447,14.4548101],[100.2779188,14.4559587],[100.2753319,14.4561876],[100.2760195,14.4579501],[100.2769736,14.4579642],[100.2782281,14.4572403],[100.278749,14.4577743],[100.2776979,14.4587205],[100.2787222,14.459587],[100.2799828,14.4588291],[100.2804222,14.4600063],[100.2796527,14.4603678],[100.2810192,14.4637815],[100.2813372,14.4636795],[100.2814943,14.4640255],[100.2825611,14.4636331],[100.2832456,14.4649146],[100.2830237,14.4681003],[100.2835147,14.4683168],[100.283555,14.4686806],[100.2818204,14.4715859],[100.2816381,14.4726924],[100.2825085,14.4737165],[100.2854851,14.472494],[100.2862921,14.4746029],[100.2872628,14.475531],[100.2887899,14.4804723],[100.2874589,14.4806749],[100.2893643,14.4831788],[100.2901562,14.4851161],[100.2933334,14.4839473],[100.2938145,14.4857269],[100.2932221,14.4863265],[100.2892488,14.4871469],[100.2871782,14.4881181],[100.2857298,14.4883129],[100.2855876,14.4878614],[100.2837342,14.4884227],[100.2802178,14.4903567],[100.2774873,14.4905047],[100.2773425,14.4902528],[100.2753664,14.4918043],[100.2747077,14.4897508],[100.2738045,14.4902252],[100.2732738,14.489059],[100.271093,14.4894192],[100.2683544,14.4849603],[100.2672566,14.4854076],[100.26789,14.4873699],[100.267244,14.489092],[100.2654791,14.488578],[100.2617916,14.4860965],[100.2593507,14.4868663],[100.2584152,14.4868599],[100.2584024,14.4865627],[100.2573469,14.486705],[100.2561235,14.4855758],[100.2554116,14.4842494],[100.2547097,14.4847393],[100.2531189,14.482934],[100.2532955,14.480343],[100.2523738,14.4774988],[100.2530361,14.4762256],[100.2501354,14.4725194],[100.2489407,14.4685712],[100.2460223,14.4686639],[100.2444866,14.4604492],[100.2443956,14.458754],[100.2449224,14.4560851],[100.2453982,14.4548767],[100.2472679,14.4523051],[100.2487099,14.4490208],[100.2494596,14.4446532],[100.2502549,14.4435532]]]}},{"type":"Feature","properties":{"id":"TH-LAO-6140804","nameTh":"ดอนลาน","type":"subdistrict_admin_org"},"geometry":{"type":"Polygon","coordinates":[[[100.2738986,14.4105813],[100.2735337,14.4058997],[100.2742328,14.4050354],[100.2758225,14.4040309],[100.2783089,14.4063403],[100.287677,14.4042558],[100.2869394,14.4029282],[100.2912671,14.4002383],[100.2910248,14.3988521],[100.2968829,14.3984104],[100.2987728,14.4005288],[100.299761,14.4024107],[100.3012543,14.4025827],[100.3029642,14.4008166],[100.301732,14.3995882],[100.3027446,14.3984299],[100.3067398,14.4014987],[100.3071345,14.4012257],[100.3076363,14.4033757],[100.3117819,14.4033319],[100.3111413,14.4079862],[100.310573,14.4077672],[100.310818,14.4105698],[100.3118255,14.4104885],[100.3108159,14.4190664],[100.3126854,14.423068],[100.3153539,14.4205909],[100.315828,14.4197509],[100.3177657,14.4207379],[100.3165174,14.4217922],[100.319598,14.4241251],[100.3152293,14.4268025],[100.3162205,14.4288824],[100.3198776,14.4282101],[100.3195508,14.4321203],[100.3208725,14.4318123],[100.3210622,14.4333742],[100.3178993,14.4338258],[100.3162415,14.4350738],[100.3149862,14.4347316],[100.3149127,14.4353323],[100.3142744,14.4355665],[100.3132861,14.4355689],[100.3121083,14.4348555],[100.3107697,14.4350547],[100.3090745,14.4360344],[100.3092075,14.4366047],[100.3071231,14.4369997],[100.3061888,14.4343689],[100.3038214,14.4362381],[100.3032801,14.4356149],[100.3016025,14.4355321],[100.3008908,14.4350106],[100.3001169,14.4352871],[100.3002543,14.4356652],[100.2986312,14.4369413],[100.2981855,14.4361108],[100.2959776,14.4368817],[100.2955484,14.4360984],[100.2933061,14.4369548],[100.2926123,14.4357414],[100.2914213,14.4362334],[100.2904099,14.4334603],[100.2878361,14.4333117],[100.2872757,14.4373583],[100.286271,14.4389181],[100.2857851,14.4386718],[100.2843551,14.4419395],[100.2866055,14.4430273],[100.2856236,14.4455682],[100.2861355,14.4457717],[100.2850118,14.4506478],[100.2851025,14.4513291],[100.2847651,14.4512414],[100.2839926,14.4537871],[100.2831651,14.4535746],[100.283295,14.4531484],[100.2812899,14.4524053],[100.2797659,14.4560166],[100.2779716,14.4554505],[100.2780447,14.4548101],[100.2771921,14.4546437],[100.2769842,14.4542583],[100.2775013,14.4538511],[100.2777138,14.4520308],[100.2768489,14.452308],[100.2764566,14.451811],[100.2751897,14.453567],[100.2754973,14.4538514],[100.2721598,14.455766],[100.270596,14.4552833],[100.2697023,14.4542809],[100.2675174,14.4550783],[100.2669578,14.4539181],[100.2661227,14.4539486],[100.2653067,14.4527953],[100.2640849,14.4532943],[100.2632028,14.451852],[100.2636912,14.4515545],[100.2632885,14.4506655],[100.2643355,14.4504456],[100.2660832,14.4492516],[100.2651966,14.4482377],[100.2637065,14.449008],[100.2625179,14.4476885],[100.2615932,14.4486649],[100.2605343,14.4490362],[100.2597452,14.447775],[100.2584247,14.4482545],[100.2564033,14.4460725],[100.2556647,14.4463799],[100.2546864,14.4445031],[100.2539929,14.4444868],[100.2535725,14.4453689],[100.2529876,14.4457147],[100.2503965,14.4434966],[100.25114,14.4431039],[100.2499544,14.4420727],[100.2494492,14.4404613],[100.2491416,14.4405204],[100.248738,14.4395606],[100.2468136,14.4373115],[100.2468324,14.4368323],[100.2454543,14.4367703],[100.2458132,14.4362255],[100.2489917,14.4354554],[100.2539952,14.4330098],[100.2559354,14.433772],[100.2565773,14.4320818],[100.2578624,14.4316551],[100.2589084,14.4293901],[100.259331,14.4291702],[100.2613663,14.4286494],[100.262357,14.4300046],[100.2638054,14.4286175],[100.2673775,14.4279263],[100.2672233,14.4274976],[100.267885,14.4273265],[100.2678367,14.4270251],[100.2665386,14.4254614],[100.2652028,14.4228273],[100.2630498,14.4196423],[100.2642957,14.4181615],[100.2675456,14.4161592],[100.2689659,14.4125726],[100.2697306,14.4121737],[100.2724266,14.4121769],[100.2734348,14.4116563],[100.2738986,14.4105813]]]}},{"type":"Feature","properties":{"id":"TH-LAO-5140802","nameTh":"ลาดชะโด","type":"subdistrict_municipality"},"geometry":{"type":"Polygon","coordinates":[[[100.3147388,14.4868741],[100.3138431,14.4892824],[100.311605,14.4908475],[100.3115299,14.4914967],[100.3095666,14.491759],[100.3085151,14.4939793],[100.3035437,14.4921472],[100.3028219,14.4938516],[100.2986617,14.4936367],[100.2985215,14.4925924],[100.2957559,14.4922372],[100.2957387,14.4929031],[100.2934137,14.4936556],[100.2925748,14.4924783],[100.2923709,14.4905411],[100.292733,14.4864613],[100.2938145,14.4857269],[100.2933334,14.4839473],[100.2901562,14.4851161],[100.2893643,14.4831788],[100.2874589,14.4806749],[100.2887899,14.4804723],[100.2872628,14.475531],[100.2862921,14.4746029],[100.2854851,14.472494],[100.2825085,14.4737165],[100.2816381,14.4726924],[100.2818204,14.4715859],[100.283555,14.4686806],[100.2835147,14.4683168],[100.2830237,14.4681003],[100.2832456,14.4649146],[100.2825611,14.4636331],[100.2814943,14.4640255],[100.2813372,14.4636795],[100.2810192,14.4637815],[100.2796527,14.4603678],[100.2804222,14.4600063],[100.2799828,14.4588291],[100.2787222,14.459587],[100.2776979,14.4587205],[100.278749,14.4577743],[100.2782281,14.4572403],[100.2769736,14.4579642],[100.2760195,14.4579501],[100.2753319,14.4561876],[100.2779188,14.4559587],[100.2779716,14.4554505],[100.2797659,14.4560166],[100.2812899,14.4524053],[100.283295,14.4531484],[100.2831651,14.4535746],[100.2839926,14.4537871],[100.2847651,14.4512414],[100.2851025,14.4513291],[100.2850118,14.4506478],[100.2861355,14.4457717],[100.2856236,14.4455682],[100.2866055,14.4430273],[100.2843551,14.4419395],[100.2857851,14.4386718],[100.286271,14.4389181],[100.2872757,14.4373583],[100.2878361,14.4333117],[100.2904099,14.4334603],[100.2914213,14.4362334],[100.2926123,14.4357414],[100.2933061,14.4369548],[100.2955484,14.4360984],[100.2959776,14.4368817],[100.2981855,14.4361108],[100.2986312,14.4369413],[100.3002543,14.4356652],[100.3001169,14.4352871],[100.3008908,14.4350106],[100.3016025,14.4355321],[100.3032801,14.4356149],[100.3038214,14.4362381],[100.3061888,14.4343689],[100.3071231,14.4369997],[100.3092075,14.4366047],[100.3090745,14.4360344],[100.3107697,14.4350547],[100.3121083,14.4348555],[100.3132861,14.4355689],[100.3142744,14.4355665],[100.3149127,14.4353323],[100.3149862,14.4347316],[100.3162415,14.4350738],[100.3178993,14.4338258],[100.3206733,14.4335078],[100.3208271,14.4350258],[100.3249373,14.4349378],[100.3251461,14.4373624],[100.3258424,14.4376852],[100.3272842,14.438082],[100.3275819,14.4371769],[100.332941,14.4389775],[100.3338242,14.4389889],[100.332718,14.4440116],[100.3342861,14.4460705],[100.3340878,14.4465906],[100.3345062,14.4476317],[100.3356217,14.4482989],[100.3374699,14.4482713],[100.3377953,14.4501208],[100.3382396,14.4500676],[100.3383893,14.4506975],[100.3392059,14.4506147],[100.3392508,14.4513313],[100.3413317,14.4511155],[100.3413836,14.451716],[100.3407246,14.4518042],[100.3410208,14.4531895],[100.3387088,14.4534544],[100.3392747,14.4549881],[100.3382394,14.4552751],[100.3384674,14.4565452],[100.3403754,14.4567119],[100.3401947,14.4576049],[100.3381669,14.4578023],[100.3381562,14.4584932],[100.3376412,14.4584984],[100.3375769,14.460758],[100.3362787,14.4609398],[100.3362358,14.4615775],[100.3425855,14.4617171],[100.3425397,14.4636618],[100.3430079,14.4665129],[100.3428269,14.4672088],[100.3421406,14.4670749],[100.3416617,14.4677074],[100.340907,14.4675033],[100.3394757,14.4696962],[100.3378942,14.4694879],[100.3378635,14.4709388],[100.3382126,14.4709925],[100.33747,14.4740065],[100.3334799,14.4749405],[100.3347321,14.4759618],[100.3317244,14.478682],[100.3324631,14.4802934],[100.333436,14.4800165],[100.3345728,14.48345],[100.3329648,14.4833302],[100.3315063,14.4836373],[100.331514,14.4850844],[100.3307475,14.4850331],[100.3311812,14.4834869],[100.3306809,14.4834977],[100.3306138,14.4838929],[100.3294945,14.4846564],[100.3288007,14.4837709],[100.3282317,14.4835986],[100.3274298,14.4848839],[100.3259962,14.4858876],[100.3273294,14.4874513],[100.3263752,14.488691],[100.3232337,14.4906854],[100.3228524,14.4906476],[100.3222664,14.4899105],[100.3216291,14.4898759],[100.3200728,14.4916149],[100.3188229,14.4906501],[100.316024,14.4873987],[100.3147388,14.4868741]]]}},{"type":"Feature","properties":{"id":"TH-LAO-6140810","nameTh":"หน้าโคก","type":"subdistrict_admin_org"},"geometry":{"type":"Polygon","coordinates":[[[100.3646689,14.4799249],[100.365552,14.4796822],[100.3673077,14.482121],[100.3678775,14.4840798],[100.3673126,14.4842884],[100.3677753,14.4858497],[100.3692129,14.4860848],[100.3693563,14.485293],[100.3705186,14.4854418],[100.3705929,14.484953],[100.3720199,14.4851181],[100.3721232,14.4902619],[100.373022,14.4902074],[100.3729875,14.4909148],[100.3733293,14.4909281],[100.3733471,14.4916317],[100.3724539,14.4915357],[100.372396,14.4920856],[100.3735317,14.4921905],[100.3736436,14.4946249],[100.3703722,14.4940152],[100.3697112,14.4950162],[100.3696764,14.4956954],[100.3682248,14.4956577],[100.3682963,14.4988105],[100.3643506,14.4987934],[100.3637727,14.5000701],[100.3632094,14.5000424],[100.3631935,14.4989286],[100.3616999,14.4989106],[100.361781,14.4995094],[100.3595353,14.499443],[100.3594298,14.5003461],[100.3598177,14.5004505],[100.3599599,14.5020891],[100.3597856,14.5033277],[100.359394,14.5033303],[100.359461,14.5022034],[100.3582352,14.5020631],[100.3581601,14.5026344],[100.3556362,14.5025695],[100.3556013,14.5020579],[100.3539464,14.5016788],[100.3538311,14.5007128],[100.3521681,14.5008453],[100.3511783,14.5013283],[100.3500089,14.50037],[100.3489092,14.4999753],[100.3482923,14.500261],[100.3469941,14.4992327],[100.3464979,14.4992067],[100.3461331,14.4970929],[100.344041,14.4969423],[100.3441429,14.4962775],[100.3423029,14.4959581],[100.3424048,14.4955945],[100.3402108,14.4955634],[100.3396475,14.4961347],[100.3390413,14.4955504],[100.3396521,14.4939444],[100.3390226,14.4936807],[100.3391191,14.4933457],[100.3356135,14.4923277],[100.3331619,14.491237],[100.3336501,14.4882039],[100.3342078,14.488235],[100.3343497,14.4869114],[100.3354035,14.486918],[100.3356119,14.4859313],[100.3335819,14.4852787],[100.331514,14.4850844],[100.3315063,14.4836373],[100.3329648,14.4833302],[100.3388394,14.4839073],[100.3388152,14.4845988],[100.3401626,14.4849343],[100.3411272,14.483244],[100.3414907,14.4833001],[100.3413802,14.4848434],[100.3424531,14.484724],[100.3436601,14.4852122],[100.3510845,14.4853057],[100.3522501,14.4845243],[100.352623,14.4826742],[100.3538286,14.4826349],[100.3545897,14.4836423],[100.3556697,14.4837323],[100.356286,14.4824653],[100.3588632,14.4825214],[100.3594273,14.4822041],[100.3587919,14.4807621],[100.3604267,14.4805927],[100.3612278,14.4810882],[100.3617432,14.4801482],[100.3634192,14.4785919],[100.3646689,14.4799249]]]}},{"type":"Feature","properties":{"id":"TH-LAO-6140809","nameTh":"ลาดน้ำเค็ม","type":"subdistrict_admin_org"},"geometry":{"type":"MultiPolygon","coordinates":[[[[100.3750082,14.5069922],[100.3763669,14.5077016],[100.3773944,14.508765],[100.3778141,14.5088229],[100.3779699,14.5085206],[100.3804705,14.5087286],[100.3812634,14.5088949],[100.3811762,14.509295],[100.3833836,14.5098299],[100.3829598,14.5112061],[100.3857279,14.5119903],[100.3868598,14.511123],[100.387415,14.5087782],[100.3882572,14.5087341],[100.3889492,14.5091677],[100.3891772,14.5071839],[100.389998,14.5071241],[100.3901106,14.5079499],[100.3910333,14.5079992],[100.3909957,14.5070488],[100.3925514,14.5072799],[100.3926587,14.5066827],[100.3954643,14.5069554],[100.3957996,14.5061218],[100.3966337,14.5059323],[100.3970531,14.5065919],[100.3964674,14.5075266],[100.3965935,14.5079914],[100.3977013,14.5087912],[100.3987473,14.5089938],[100.3991711,14.508677],[100.3992328,14.5078226],[100.3997371,14.507267],[100.4002856,14.5072825],[100.4006276,14.5083628],[100.4011694,14.5084978],[100.4012954,14.5069086],[100.4023254,14.5071968],[100.4034255,14.5067421],[100.4034409,14.5064197],[100.4031352,14.5064142],[100.4031128,14.5036778],[100.4035243,14.503653],[100.4034764,14.502281],[100.4020505,14.5022889],[100.4019983,14.5015123],[100.4040765,14.501348],[100.4039897,14.5006784],[100.4050726,14.5005505],[100.4050319,14.4996568],[100.4040179,14.4997924],[100.4038007,14.4971185],[100.400897,14.4973554],[100.4009135,14.4963944],[100.4003114,14.4963212],[100.4010728,14.4917702],[100.4009405,14.4910605],[100.399821,14.4908403],[100.4003279,14.488455],[100.4008774,14.4885159],[100.4011382,14.4875417],[100.4019839,14.486992],[100.4018604,14.485922],[100.4030543,14.4853244],[100.4035252,14.4842197],[100.4031752,14.4826615],[100.4033356,14.4812767],[100.4037755,14.4814377],[100.4040456,14.480509],[100.4034307,14.4802492],[100.4036082,14.4795387],[100.4033214,14.479432],[100.4033905,14.4791461],[100.4040207,14.4792734],[100.4041408,14.4788972],[100.4048003,14.4788865],[100.4049221,14.4779548],[100.4042247,14.4760548],[100.4040565,14.4731011],[100.4048866,14.4713948],[100.4043295,14.471011],[100.4043943,14.470201],[100.4050663,14.4689265],[100.4056543,14.4685002],[100.4060847,14.4686684],[100.4067586,14.4668973],[100.406575,14.4663955],[100.3990947,14.4656725],[100.3989204,14.4642733],[100.3974338,14.4643461],[100.3973854,14.4632953],[100.4009538,14.4579103],[100.4003845,14.4559239],[100.3999429,14.4561619],[100.400069,14.4550922],[100.3988428,14.4552688],[100.3982001,14.45186],[100.3966228,14.452058],[100.3962556,14.4507898],[100.3981189,14.4504399],[100.3980146,14.4495582],[100.3951955,14.4495826],[100.3952124,14.4492619],[100.3941607,14.4492056],[100.3937008,14.4473998],[100.3921716,14.4474698],[100.3921948,14.4484043],[100.3927516,14.448422],[100.3926716,14.4493905],[100.3913746,14.449498],[100.3917627,14.4511023],[100.3909972,14.4512196],[100.3910415,14.4518061],[100.3894493,14.4518769],[100.3899752,14.4533323],[100.3886362,14.4533942],[100.3885469,14.4530511],[100.3872949,14.4532617],[100.3873894,14.4538537],[100.3869514,14.4539228],[100.3870552,14.4543982],[100.3844247,14.4546913],[100.3843836,14.4544656],[100.3838736,14.4545095],[100.383678,14.4529254],[100.380548,14.4536563],[100.3806689,14.4543364],[100.3771522,14.4547503],[100.3771877,14.4554388],[100.3795266,14.4573088],[100.3798914,14.4597606],[100.3777885,14.4616203],[100.3778958,14.4625033],[100.3786897,14.4637292],[100.3788723,14.4651812],[100.3844644,14.4642552],[100.3847278,14.4654296],[100.3853542,14.4653708],[100.3854048,14.4656523],[100.3870616,14.465719],[100.3870295,14.4651632],[100.3891495,14.4650517],[100.3891677,14.4655598],[100.389879,14.4654438],[100.390104,14.4665657],[100.3889218,14.4664913],[100.3890259,14.4683077],[100.3894872,14.4682387],[100.3896204,14.4711178],[100.3873528,14.4711419],[100.3873803,14.4714148],[100.3857192,14.4717471],[100.3859284,14.4729472],[100.3820715,14.4742384],[100.3808109,14.4764038],[100.3801275,14.4758504],[100.3787544,14.4777109],[100.3784196,14.4787688],[100.379305,14.4791284],[100.3783103,14.4810275],[100.3786809,14.4817291],[100.3790254,14.4812744],[100.3794823,14.4816236],[100.3796132,14.4823715],[100.377969,14.4826921],[100.3781591,14.4832312],[100.3757382,14.4839183],[100.3762649,14.4857081],[100.3746806,14.4860504],[100.3747244,14.486422],[100.3737657,14.4865087],[100.3737624,14.4878003],[100.3721482,14.4891282],[100.3721232,14.4902619],[100.373022,14.4902074],[100.3729875,14.4909148],[100.3733293,14.4909281],[100.3733471,14.4916317],[100.3724539,14.4915357],[100.372396,14.4920856],[100.3735317,14.4921905],[100.3736436,14.4946249],[100.3703722,14.4940152],[100.3697112,14.4950162],[100.3696764,14.4956954],[100.3682248,14.4956577],[100.3682963,14.4988105],[100.3710079,14.4992353],[100.3719306,14.4999624],[100.3715283,14.5021073],[100.3718769,14.5021696],[100.3718072,14.5033485],[100.3715336,14.5033226],[100.3712694,14.5048559],[100.375101,14.5057998],[100.3750082,14.5069922]]],[[[100.3362358,14.4615775],[100.3362787,14.4609398],[100.3375769,14.460758],[100.3376412,14.4584984],[100.3381562,14.4584932],[100.3381669,14.4578023],[100.3410257,14.4576719],[100.3412374,14.4568754],[100.3442425,14.4569681],[100.3441266,14.4556611],[100.3456575,14.4556],[100.3456887,14.4559311],[100.3481272,14.4564386],[100.3479897,14.4567539],[100.3490568,14.4570981],[100.3492547,14.4562415],[100.3526094,14.4565434],[100.3531627,14.4549961],[100.3541747,14.4551468],[100.3541528,14.4555179],[100.3557096,14.4557388],[100.3558314,14.4546918],[100.3566756,14.4547979],[100.3568143,14.4539843],[100.3574501,14.4541054],[100.3575303,14.4537471],[100.3627674,14.4550055],[100.3628963,14.4534558],[100.3657738,14.4537042],[100.3658773,14.452529],[100.366355,14.4526603],[100.3660726,14.4568725],[100.3647208,14.4574751],[100.3630256,14.4575374],[100.362575,14.4583685],[100.3626179,14.4594905],[100.3639298,14.4637879],[100.3582963,14.4621188],[100.3362358,14.4615775]]]]}},{"type":"Feature","properties":{"id":"TH-LAO-6140807","nameTh":"บ้านแค","type":"subdistrict_admin_org"},"geometry":{"type":"Polygon","coordinates":[[[100.4265849,14.4926928],[100.426594,14.4931275],[100.4277179,14.4933613],[100.4277393,14.4938261],[100.4288149,14.4935171],[100.4288498,14.4945961],[100.4277889,14.4946363],[100.4278412,14.4953738],[100.4247487,14.4953693],[100.4247607,14.495801],[100.4228684,14.4958075],[100.4229167,14.4979239],[100.4225251,14.4979291],[100.4211706,14.496867],[100.4214013,14.4983783],[100.4200843,14.4985627],[100.4203176,14.4992742],[100.4166001,14.4998039],[100.4163238,14.5010608],[100.415892,14.5010919],[100.415884,14.5022579],[100.4143041,14.5021073],[100.4134968,14.5036095],[100.4113001,14.5060128],[100.4108173,14.5082927],[100.4081029,14.5080901],[100.4082477,14.5073319],[100.406912,14.5072072],[100.4066062,14.508168],[100.4040098,14.5086302],[100.4034409,14.5064197],[100.4031352,14.5064142],[100.4031128,14.5036778],[100.4035243,14.503653],[100.4034764,14.502281],[100.4020505,14.5022889],[100.4019983,14.5015123],[100.4040765,14.501348],[100.4039897,14.5006784],[100.4050726,14.5005505],[100.4050319,14.4996568],[100.4040179,14.4997924],[100.4038007,14.4971185],[100.400897,14.4973554],[100.4009135,14.4963944],[100.4003114,14.4963212],[100.4010728,14.4917702],[100.4009405,14.4910605],[100.399821,14.4908403],[100.3999578,14.4893714],[100.4003279,14.488455],[100.4008774,14.4885159],[100.4011382,14.4875417],[100.4019839,14.486992],[100.4018604,14.485922],[100.4030543,14.4853244],[100.4035252,14.4842197],[100.4031752,14.4826615],[100.4033356,14.4812767],[100.4037755,14.4814377],[100.4040456,14.480509],[100.4034307,14.4802492],[100.4036082,14.4795387],[100.4033905,14.4791461],[100.4040207,14.4792734],[100.4041408,14.4788972],[100.4048003,14.4788865],[100.4049221,14.4779548],[100.4042247,14.4760548],[100.4040565,14.4731011],[100.4048647,14.4716037],[100.4043295,14.471011],[100.4043943,14.470201],[100.4050663,14.4689265],[100.4056543,14.4685002],[100.4060847,14.4686684],[100.4067586,14.4668973],[100.4064889,14.465868],[100.4080392,14.4659893],[100.4086448,14.4656279],[100.4095938,14.4660072],[100.4100261,14.4651632],[100.40993,14.4643462],[100.4109602,14.4640783],[100.4111014,14.4624812],[100.411866,14.4621841],[100.416062,14.4621309],[100.4160092,14.4613212],[100.4177981,14.4614526],[100.4176374,14.4622117],[100.4183826,14.4624038],[100.4184267,14.4638701],[100.4180729,14.4638776],[100.4179431,14.4649802],[100.4181583,14.4650425],[100.4178113,14.4668978],[100.4179895,14.4681162],[100.4185771,14.4681757],[100.418401,14.4691949],[100.4195929,14.4692427],[100.4197529,14.4702935],[100.4208139,14.4704688],[100.4209667,14.4713155],[100.4215997,14.4714453],[100.4215461,14.4722582],[100.419926,14.4719985],[100.4199435,14.4722271],[100.419513,14.4722556],[100.4197222,14.473536],[100.4182041,14.4740139],[100.4185367,14.475302],[100.4181397,14.4753643],[100.4192287,14.4793742],[100.4162836,14.4798416],[100.4166216,14.4835761],[100.4171956,14.4835969],[100.4173404,14.4850616],[100.4193145,14.485181],[100.4193735,14.4864016],[100.4198295,14.486412],[100.4199931,14.4871131],[100.4209694,14.4869729],[100.4210016,14.4877156],[100.4217312,14.4876377],[100.4229045,14.4923024],[100.4250359,14.49232],[100.4265849,14.4926928]]]}},{"type":"Feature","properties":{"id":"TH-LAO-6140808","nameTh":"ลาดชิด","type":"subdistrict_admin_org"},"geometry":{"type":"MultiPolygon","coordinates":[[[[100.346011,14.4070318],[100.3481059,14.4075664],[100.348191,14.4094953],[100.3462375,14.4102449],[100.3465653,14.4111755],[100.3492803,14.4113776],[100.3490278,14.4133018],[100.3514792,14.413715],[100.3514978,14.4131958],[100.3536341,14.4131916],[100.3538333,14.414027],[100.3561612,14.4144819],[100.3567091,14.4161415],[100.3565196,14.4165033],[100.3588445,14.4177193],[100.3594164,14.4167141],[100.3598312,14.41679],[100.3601116,14.4169105],[100.3602728,14.4177773],[100.3612471,14.4183316],[100.3609095,14.4186655],[100.3606945,14.4199565],[100.3613923,14.4199046],[100.362122,14.4218867],[100.3623377,14.4229225],[100.3618167,14.4231311],[100.3626552,14.4266607],[100.3630529,14.4271166],[100.3632456,14.4267716],[100.3650073,14.427687],[100.364044,14.4287542],[100.3636191,14.4285103],[100.3628107,14.4295674],[100.362941,14.4298477],[100.3655232,14.4301759],[100.3656798,14.4323154],[100.3650879,14.4325323],[100.364926,14.4316496],[100.3633522,14.4325266],[100.3640397,14.4331724],[100.3632076,14.4340341],[100.3650146,14.4355387],[100.3640614,14.4371893],[100.3655955,14.4382599],[100.3616899,14.4405298],[100.3606975,14.4420727],[100.3606653,14.4451013],[100.3612769,14.446813],[100.3629291,14.4492468],[100.3651607,14.4509091],[100.3665447,14.4515324],[100.366355,14.4526603],[100.3658773,14.452529],[100.3657738,14.4537042],[100.3628963,14.4534558],[100.3627674,14.4550055],[100.3575303,14.4537471],[100.3574501,14.4541054],[100.3568143,14.4539843],[100.3566756,14.4547979],[100.3558314,14.4546918],[100.3557096,14.4557388],[100.3541528,14.4555179],[100.3541747,14.4551468],[100.3531627,14.4549961],[100.3526094,14.4565434],[100.3492547,14.4562415],[100.3490568,14.4570981],[100.3479897,14.4567539],[100.3481272,14.4564386],[100.3456887,14.4559311],[100.3456575,14.4556],[100.3441266,14.4556611],[100.3442425,14.4569681],[100.3412374,14.4568754],[100.3410257,14.4576719],[100.3401947,14.4576049],[100.3403754,14.4567119],[100.3384674,14.4565452],[100.3382394,14.4552751],[100.3392747,14.4549881],[100.3387088,14.4534544],[100.3410208,14.4531895],[100.3407246,14.4518042],[100.3413836,14.451716],[100.3413317,14.4511155],[100.3392508,14.4513313],[100.3392059,14.4506147],[100.3383893,14.4506975],[100.3382396,14.4500676],[100.3377953,14.4501208],[100.3374699,14.4482713],[100.3356217,14.4482989],[100.3345062,14.4476317],[100.3340878,14.4465906],[100.3342861,14.4460705],[100.332718,14.4440116],[100.3338242,14.4389889],[100.332941,14.4389775],[100.3275819,14.4371769],[100.3272842,14.438082],[100.3258424,14.4376852],[100.3251461,14.4373624],[100.3249373,14.4349378],[100.3208271,14.4350258],[100.3206733,14.4335078],[100.3210622,14.4333742],[100.3208725,14.4318123],[100.3195508,14.4321203],[100.3198776,14.4282101],[100.3162205,14.4288824],[100.3152293,14.4268025],[100.319598,14.4241251],[100.3165174,14.4217922],[100.3177657,14.4207379],[100.315828,14.4197509],[100.3153539,14.4205909],[100.3126854,14.423068],[100.3108159,14.4190664],[100.3118255,14.4104885],[100.310818,14.4105698],[100.310573,14.4077672],[100.3111413,14.4079862],[100.3117411,14.4038169],[100.314544,14.4040259],[100.3145352,14.4043846],[100.315119,14.404466],[100.318804,14.4044983],[100.3189825,14.4061619],[100.3204254,14.405876],[100.3214694,14.4099377],[100.3240848,14.411244],[100.3244699,14.4088057],[100.3280199,14.4093922],[100.3280207,14.4089841],[100.3313915,14.408641],[100.3370487,14.4094321],[100.3370012,14.4090872],[100.3376908,14.4089538],[100.3398587,14.4094943],[100.3425969,14.4083351],[100.344108,14.4082442],[100.346011,14.4070318]]],[[[100.3771522,14.4547503],[100.3791082,14.4512103],[100.3789258,14.4486442],[100.3779816,14.4468364],[100.3746966,14.4442661],[100.3747914,14.4434166],[100.3760167,14.4437025],[100.3762612,14.4428733],[100.3772102,14.4433849],[100.3797283,14.4439138],[100.3799572,14.4431174],[100.3814926,14.4435826],[100.381997,14.4418389],[100.3841598,14.4423184],[100.3853489,14.4422334],[100.3854079,14.4432065],[100.3878189,14.4426573],[100.3878805,14.443064],[100.3907008,14.4428244],[100.3907322,14.4435695],[100.3874829,14.4442445],[100.3876644,14.4446875],[100.3879652,14.4445245],[100.3884053,14.4461819],[100.3911344,14.4454613],[100.3912971,14.4466933],[100.3915448,14.4466625],[100.391584,14.447057],[100.3921238,14.4470508],[100.3921948,14.4484043],[100.3927516,14.448422],[100.3926716,14.4493905],[100.3913746,14.449498],[100.3917627,14.4511023],[100.3909972,14.4512196],[100.3910415,14.4518061],[100.3894493,14.4518769],[100.3899752,14.4533323],[100.3886362,14.4533942],[100.3885469,14.4530511],[100.3872949,14.4532617],[100.3873894,14.4538537],[100.3869514,14.4539228],[100.3870552,14.4543982],[100.3844247,14.4546913],[100.3843836,14.4544656],[100.3838736,14.4545095],[100.383678,14.4529254],[100.380548,14.4536563],[100.3806689,14.4543364],[100.3771522,14.4547503]]]]}},{"type":"Feature","properties":{"id":"TH-LAO-4140801","nameTh":"ผักไห่","type":"town_municipality"},"geometry":{"type":"Polygon","coordinates":[[[100.3646689,14.4799249],[100.365552,14.4796822],[100.3673077,14.482121],[100.3678775,14.4840798],[100.3673126,14.4842884],[100.3677753,14.4858497],[100.3692129,14.4860848],[100.3693563,14.485293],[100.3705186,14.4854418],[100.3705929,14.484953],[100.3720199,14.4851181],[100.3721482,14.4891282],[100.3737624,14.4878003],[100.3737657,14.4865087],[100.3747244,14.486422],[100.3746806,14.4860504],[100.3762649,14.4857081],[100.3757382,14.4839183],[100.3781591,14.4832312],[100.377969,14.4826921],[100.3796132,14.4823715],[100.3794823,14.4816236],[100.3790254,14.4812744],[100.3786809,14.4817291],[100.3783103,14.4810275],[100.379305,14.4791284],[100.3784196,14.4787688],[100.3787544,14.4777109],[100.3801275,14.4758504],[100.3808109,14.4764038],[100.3820715,14.4742384],[100.3859284,14.4729472],[100.3857192,14.4717471],[100.3873803,14.4714148],[100.3873528,14.4711419],[100.3896204,14.4711178],[100.3894872,14.4682387],[100.3890259,14.4683077],[100.3889218,14.4664913],[100.390104,14.4665657],[100.389879,14.4654438],[100.3891677,14.4655598],[100.3891495,14.4650517],[100.3879901,14.4650754],[100.3870295,14.4651632],[100.3870616,14.465719],[100.3854048,14.4656523],[100.3853542,14.4653708],[100.3847278,14.4654296],[100.3844644,14.4642552],[100.3788723,14.4651812],[100.3786897,14.4637292],[100.3778958,14.4625033],[100.3777885,14.4616203],[100.3798914,14.4597606],[100.3795266,14.4573088],[100.3771877,14.4554388],[100.3771448,14.4546077],[100.3791082,14.4512103],[100.3789258,14.4486442],[100.3779816,14.4468364],[100.3746966,14.4442661],[100.3747914,14.4434166],[100.3760167,14.4437025],[100.3762612,14.4428733],[100.3772102,14.4433849],[100.3797283,14.4439138],[100.3799572,14.4431174],[100.3814926,14.4435826],[100.381997,14.4418389],[100.3841598,14.4423184],[100.3853489,14.4422334],[100.3854079,14.4432065],[100.3878189,14.4426573],[100.3878805,14.443064],[100.3907008,14.4428244],[100.390708,14.4378817],[100.3911109,14.4378607],[100.3910096,14.4333641],[100.3858403,14.4335861],[100.3832469,14.4334017],[100.3832431,14.4331019],[100.3825359,14.433088],[100.3822422,14.4320004],[100.3810165,14.431987],[100.3811779,14.4312584],[100.3795696,14.4306858],[100.3799919,14.4301055],[100.3760447,14.4289554],[100.3757461,14.4267748],[100.3748269,14.4270037],[100.3746273,14.4263727],[100.3737458,14.426439],[100.3737229,14.4255553],[100.372144,14.4251581],[100.3714538,14.4253299],[100.3711342,14.4243041],[100.3692253,14.4243395],[100.3692665,14.4235993],[100.371499,14.423563],[100.3714222,14.4224195],[100.3690307,14.422451],[100.3672408,14.4219972],[100.3663207,14.422326],[100.3658572,14.4208287],[100.3651469,14.419941],[100.3652903,14.4194232],[100.3641368,14.4185873],[100.3636233,14.4192539],[100.3626854,14.419732],[100.3612471,14.4183316],[100.3609095,14.4186655],[100.3606945,14.4199565],[100.3613923,14.4199046],[100.362122,14.4218867],[100.3623377,14.4229225],[100.3618167,14.4231311],[100.3626552,14.4266607],[100.3630529,14.4271166],[100.3632456,14.4267716],[100.3650073,14.427687],[100.364044,14.4287542],[100.3636191,14.4285103],[100.3628107,14.4295674],[100.362941,14.4298477],[100.3655232,14.4301759],[100.3656798,14.4323154],[100.3650879,14.4325323],[100.364926,14.4316496],[100.3633522,14.4325266],[100.3640397,14.4331724],[100.3632076,14.4340341],[100.3650146,14.4355387],[100.3640614,14.4371893],[100.3655955,14.4382599],[100.3616899,14.4405298],[100.3606975,14.4420727],[100.3606653,14.4451013],[100.3612769,14.446813],[100.3629291,14.4492468],[100.3651607,14.4509091],[100.3665447,14.4515324],[100.3660726,14.4568725],[100.3647208,14.4574751],[100.3630256,14.4575374],[100.362575,14.4583685],[100.3626179,14.4594905],[100.3639298,14.4637879],[100.3582963,14.4621188],[100.3425855,14.4617171],[100.3425397,14.4636618],[100.3430255,14.4660873],[100.3428269,14.4672088],[100.3421406,14.4670749],[100.3416617,14.4677074],[100.340907,14.4675033],[100.3394757,14.4696962],[100.3378942,14.4694879],[100.3378635,14.4709388],[100.3382126,14.4709925],[100.3375835,14.4738764],[100.3334799,14.4749405],[100.3347321,14.4759618],[100.3317244,14.478682],[100.3324631,14.4802934],[100.333436,14.4800165],[100.3345728,14.48345],[100.3388394,14.4839073],[100.3388152,14.4845988],[100.3401626,14.4849343],[100.3411272,14.483244],[100.3414907,14.4833001],[100.3413802,14.4848434],[100.3424531,14.484724],[100.3436601,14.4852122],[100.3472167,14.4853576],[100.3514975,14.4852226],[100.3522501,14.4845243],[100.352623,14.4826742],[100.3530353,14.4825291],[100.3541035,14.4827529],[100.3545897,14.4836423],[100.3556697,14.4837323],[100.356286,14.4824653],[100.3590454,14.4824455],[100.3594273,14.4822041],[100.3587919,14.4807621],[100.3604267,14.4805927],[100.3612278,14.4810882],[100.3617432,14.4801482],[100.3634192,14.4785919],[100.3646689,14.4799249]]]}},{"type":"Feature","properties":{"id":"TH-LAO-6140805","nameTh":"ท่าดินแดง","type":"subdistrict_admin_org"},"geometry":{"type":"Polygon","coordinates":[[[100.3604823,14.4004741],[100.3630201,14.4022864],[100.3631818,14.4014018],[100.366241,14.4004892],[100.3665078,14.4021467],[100.3673442,14.4022951],[100.3704876,14.4018595],[100.3705734,14.4028353],[100.3712883,14.4030786],[100.3713479,14.403948],[100.371729,14.4041182],[100.3717472,14.4045009],[100.3777153,14.4043798],[100.3781707,14.4036833],[100.3789049,14.4034968],[100.3818894,14.4042369],[100.3878333,14.4037402],[100.3878986,14.4032875],[100.3900033,14.4033102],[100.3899759,14.4045627],[100.3954574,14.4059137],[100.3960739,14.4044983],[100.3984885,14.4052372],[100.3988922,14.4041545],[100.4007325,14.4044631],[100.4008344,14.4066461],[100.4016524,14.4102822],[100.4016352,14.4108076],[100.4011504,14.4113861],[100.4011799,14.4123831],[100.3996972,14.412715],[100.3997778,14.4138547],[100.3987441,14.4135286],[100.3986518,14.415255],[100.3968095,14.4146031],[100.3956187,14.4160222],[100.3979618,14.4166036],[100.3979355,14.4172553],[100.3987921,14.4174138],[100.3983208,14.4196206],[100.3995106,14.4198579],[100.3991835,14.4222925],[100.3983576,14.4221727],[100.398241,14.4227571],[100.3963278,14.4224424],[100.3960584,14.423956],[100.3939518,14.4237874],[100.393785,14.4251079],[100.3940325,14.4251318],[100.3940281,14.4262129],[100.3931456,14.4261778],[100.3930556,14.4277953],[100.3920072,14.4277975],[100.3918625,14.4288069],[100.3899319,14.4288891],[100.3897163,14.4316587],[100.3900412,14.4333832],[100.3858403,14.4335861],[100.3832469,14.4334017],[100.3832431,14.4331019],[100.3825359,14.433088],[100.3822422,14.4320004],[100.3810165,14.431987],[100.3811779,14.4312584],[100.3795696,14.4306858],[100.3799919,14.4301055],[100.3760447,14.4289554],[100.3757461,14.4267748],[100.3748269,14.4270037],[100.3746273,14.4263727],[100.3737458,14.426439],[100.3737229,14.4255553],[100.372144,14.4251581],[100.3714538,14.4253299],[100.3711342,14.4243041],[100.3692253,14.4243395],[100.3692665,14.4235993],[100.371499,14.423563],[100.3714222,14.4224195],[100.3690307,14.422451],[100.3672408,14.4219972],[100.3663207,14.422326],[100.3658572,14.4208287],[100.3651469,14.419941],[100.3652903,14.4194232],[100.3641368,14.4185873],[100.3636233,14.4192539],[100.3626854,14.419732],[100.3602728,14.4177773],[100.3601116,14.4169105],[100.3594164,14.4167141],[100.3588445,14.4177193],[100.3565196,14.4165033],[100.3567091,14.4161415],[100.3561612,14.4144819],[100.3538333,14.414027],[100.3536341,14.4131916],[100.3514978,14.4131958],[100.3514792,14.413715],[100.3490278,14.4133018],[100.3492803,14.4113776],[100.3465653,14.4111755],[100.3462375,14.4102449],[100.348191,14.4094953],[100.3481059,14.4075664],[100.347039,14.4071202],[100.3517813,14.4047389],[100.3525275,14.4063083],[100.3530175,14.4060269],[100.3542827,14.4039857],[100.3559161,14.4034935],[100.3584688,14.4015755],[100.3589582,14.4017944],[100.3604823,14.4004741]]]}},{"type":"Feature","properties":{"id":"TH-LAO-6140803","nameTh":"กุฎี","type":"subdistrict_admin_org"},"geometry":{"type":"Polygon","coordinates":[[[100.3973304,14.4636096],[100.4009538,14.4579103],[100.4003845,14.4559239],[100.3999429,14.4561619],[100.400069,14.4550922],[100.3988428,14.4552688],[100.3982001,14.45186],[100.3966228,14.452058],[100.3962556,14.4507898],[100.3981189,14.4504399],[100.3980146,14.4495582],[100.3951955,14.4495826],[100.3952124,14.4492619],[100.3941607,14.4492056],[100.3937008,14.4473998],[100.3921716,14.4474698],[100.3921238,14.4470508],[100.391584,14.447057],[100.3911344,14.4454613],[100.3884053,14.4461819],[100.3879652,14.4445245],[100.3876644,14.4446875],[100.3874829,14.4442445],[100.3907322,14.4435695],[100.390708,14.4378817],[100.3911109,14.4378607],[100.3910096,14.4333641],[100.3900412,14.4333832],[100.3897163,14.4316587],[100.3899319,14.4288891],[100.3918625,14.4288069],[100.3920072,14.4277975],[100.3930556,14.4277953],[100.3931456,14.4261778],[100.3940281,14.4262129],[100.3940325,14.4251318],[100.393785,14.4251079],[100.3939518,14.4237874],[100.3960584,14.423956],[100.3963278,14.4224424],[100.398241,14.4227571],[100.3983576,14.4221727],[100.3991835,14.4222925],[100.3995106,14.4198579],[100.3983208,14.4196206],[100.3987921,14.4174138],[100.3979355,14.4172553],[100.3979618,14.4166036],[100.3956187,14.4160222],[100.3968095,14.4146031],[100.3986518,14.415255],[100.3987441,14.4135286],[100.3997778,14.4138547],[100.3996972,14.412715],[100.4011799,14.4123831],[100.4011504,14.4113861],[100.4016352,14.4108076],[100.4016524,14.4102822],[100.4008344,14.4066461],[100.4007325,14.4044631],[100.4054874,14.4057175],[100.4090094,14.4071398],[100.4095635,14.4052174],[100.4101889,14.4043698],[100.4153126,14.4065107],[100.4150391,14.4072225],[100.4153891,14.4073757],[100.414737,14.4092684],[100.4160782,14.4098853],[100.4153002,14.4111735],[100.4173773,14.411704],[100.4169522,14.4129735],[100.417519,14.4131887],[100.4170319,14.4144347],[100.4182782,14.4149515],[100.4181404,14.4152816],[100.4218234,14.4168329],[100.420296,14.417366],[100.418611,14.4189236],[100.4195752,14.4201803],[100.4204862,14.4195755],[100.4214365,14.4204581],[100.4209896,14.4207649],[100.421369,14.4213121],[100.4205312,14.4218701],[100.42009,14.4212621],[100.419539,14.4217132],[100.4206341,14.4229105],[100.4195338,14.4240455],[100.4183701,14.4261673],[100.4196605,14.4266723],[100.4195265,14.4273035],[100.4200002,14.4274046],[100.4190852,14.4292129],[100.4198944,14.4293474],[100.4199711,14.4300752],[100.4204223,14.4300043],[100.4205272,14.4311781],[100.4191245,14.4312427],[100.4186457,14.4341334],[100.419048,14.4342363],[100.4182037,14.4363758],[100.4161642,14.4363508],[100.4156275,14.4387507],[100.4166738,14.4392398],[100.4167703,14.4400572],[100.4172011,14.4401857],[100.4170745,14.4406738],[100.4166309,14.4405195],[100.4161083,14.4417544],[100.4168704,14.4422226],[100.4183033,14.4442],[100.4185664,14.4451729],[100.4184594,14.450188],[100.4188323,14.4502591],[100.4182938,14.4545079],[100.4191559,14.4546164],[100.4191489,14.4549782],[100.4188088,14.4549706],[100.4186862,14.4553467],[100.416157,14.4550144],[100.4162647,14.4565079],[100.4167533,14.456494],[100.4174081,14.4591661],[100.4175769,14.4613834],[100.4160092,14.4613212],[100.416062,14.4621309],[100.411866,14.4621841],[100.4111014,14.4624812],[100.4109602,14.4640783],[100.40993,14.4643462],[100.4100261,14.4651632],[100.4095938,14.4660072],[100.4086448,14.4656279],[100.4080392,14.4659893],[100.4064889,14.465868],[100.406575,14.4663955],[100.4051385,14.4664018],[100.4009667,14.4656707],[100.3990947,14.4656725],[100.3989204,14.4642733],[100.3974338,14.4643461],[100.3973304,14.4636096]]]}},{"type":"Feature","properties":{"id":"TH-LAO-6140209","nameTh":"วังแดง","type":"subdistrict_admin_org"},"geometry":{"type":"Polygon","coordinates":[[[100.6244928,14.5631718],[100.6245089,14.5637533],[100.6237417,14.5637793],[100.6237471,14.5641739],[100.621309,14.5640493],[100.62195,14.5649553],[100.6215584,14.5652097],[100.6218106,14.5663052],[100.6244874,14.5668763],[100.6248039,14.5672657],[100.6244123,14.5691712],[100.6234896,14.5695398],[100.6237042,14.5698227],[100.6234011,14.5699993],[100.6231651,14.5685767],[100.6224677,14.567058],[100.6216523,14.5672605],[100.6224811,14.5686987],[100.6227493,14.5700616],[100.62125,14.5699006],[100.6207538,14.568112],[100.6191015,14.5683716],[100.6190559,14.5670814],[100.618844,14.5670788],[100.6182057,14.5637611],[100.616135,14.5644516],[100.6157166,14.5632471],[100.6138819,14.564192],[100.6137183,14.5633431],[100.6129512,14.5621775],[100.6115565,14.562907],[100.6109369,14.5601786],[100.6098533,14.5604589],[100.6092685,14.5591064],[100.6095314,14.5590129],[100.6082547,14.5569283],[100.6074393,14.5577434],[100.6056637,14.5563623],[100.6052077,14.5567569],[100.601845,14.5542157],[100.6026113,14.5538804],[100.6032121,14.5541919],[100.6055682,14.5542514],[100.6052053,14.5534119],[100.6055634,14.5525725],[100.6063264,14.5523936],[100.6037996,14.5471228],[100.6038811,14.5458442],[100.6034334,14.5444621],[100.6018615,14.5427669],[100.6005495,14.5386187],[100.6003192,14.5368748],[100.6018732,14.5366925],[100.6047088,14.5357256],[100.6089576,14.53319],[100.6104545,14.5345852],[100.6080984,14.5367465],[100.6097377,14.5387735],[100.6104165,14.538211],[100.6100406,14.5377581],[100.6109083,14.5368861],[100.6112296,14.5370939],[100.6120347,14.5361765],[100.6160456,14.5376408],[100.6169516,14.5383191],[100.6175219,14.5377853],[100.616384,14.5363105],[100.6170117,14.534858],[100.6168219,14.5346641],[100.617137,14.5344954],[100.6163692,14.5340367],[100.6180269,14.5323548],[100.6178466,14.5321254],[100.6205486,14.5318939],[100.6202839,14.5329738],[100.6231326,14.5329694],[100.6226617,14.5344115],[100.6241344,14.5346413],[100.6238239,14.5357623],[100.6283095,14.5356847],[100.6283146,14.5360706],[100.6302396,14.5366463],[100.6302854,14.5374246],[100.6325817,14.5374324],[100.6307742,14.5382409],[100.6270748,14.5413828],[100.6260508,14.5409359],[100.6248719,14.5425914],[100.6234065,14.5416584],[100.6230475,14.5420107],[100.622243,14.5415781],[100.6217055,14.5424776],[100.6197999,14.5438257],[100.6192524,14.544631],[100.6196382,14.5452725],[100.6176073,14.5466338],[100.6183818,14.5476844],[100.6179873,14.5479067],[100.6184574,14.5486465],[100.6201673,14.5480422],[100.6211449,14.5481402],[100.6213498,14.5492971],[100.6183152,14.549743],[100.6187767,14.5509917],[100.6213291,14.5529579],[100.6216155,14.5535997],[100.6225493,14.5530974],[100.6240161,14.5533747],[100.6248918,14.5557959],[100.6253025,14.5555796],[100.6258806,14.5562179],[100.6260409,14.5558499],[100.6271429,14.5557775],[100.6271544,14.5562617],[100.6277987,14.5564559],[100.6282813,14.5572832],[100.6298196,14.5580897],[100.6313348,14.5576399],[100.6318538,14.5561883],[100.6321512,14.5562507],[100.6324904,14.554645],[100.6340939,14.5555083],[100.6345234,14.5550622],[100.6334666,14.5539688],[100.6339848,14.5534712],[100.6346685,14.5535634],[100.635242,14.5516549],[100.6390799,14.5510814],[100.6423575,14.5493625],[100.6439062,14.5490226],[100.6467081,14.5476157],[100.6482286,14.5462498],[100.648241,14.5459222],[100.6501903,14.5454485],[100.6500716,14.5448848],[100.6529915,14.5440858],[100.6525821,14.543273],[100.6532442,14.5429258],[100.6532934,14.5402425],[100.6548238,14.5406003],[100.6546757,14.5413683],[100.6565173,14.5408215],[100.6573641,14.5376664],[100.6580495,14.5374275],[100.6589613,14.5386071],[100.6590001,14.539234],[100.6597997,14.5390858],[100.6605299,14.5379398],[100.6615959,14.5375002],[100.6615125,14.5368603],[100.6621079,14.5363785],[100.663048,14.5363449],[100.6626354,14.535501],[100.6638766,14.5340509],[100.6638596,14.5336115],[100.6634544,14.5334351],[100.6640419,14.5329223],[100.6646891,14.5306555],[100.6654629,14.5300666],[100.6660409,14.5290255],[100.6675192,14.528147],[100.6688076,14.5283143],[100.6696867,14.5289693],[100.6710975,14.5289635],[100.6754805,14.5265623],[100.6751385,14.5260978],[100.6787223,14.5240043],[100.6796368,14.5244075],[100.6789493,14.5261349],[100.6800237,14.5275407],[100.6848455,14.5290973],[100.6861359,14.5298266],[100.6884895,14.5321268],[100.6910623,14.5321767],[100.6911773,14.5334816],[100.6904117,14.5336979],[100.6902001,14.5341148],[100.6897722,14.5339722],[100.6897248,14.5343497],[100.6893307,14.5344399],[100.6898751,14.5367734],[100.6904714,14.5371695],[100.6900889,14.5386487],[100.6903105,14.5391812],[100.689861,14.5394518],[100.6898912,14.5399491],[100.689374,14.540001],[100.6885673,14.5408078],[100.6894299,14.5414864],[100.6892359,14.5417372],[100.6887288,14.5414043],[100.6886485,14.542622],[100.6872252,14.5437926],[100.6873914,14.5439916],[100.6868174,14.5447545],[100.686996,14.5451972],[100.6867578,14.5454588],[100.6862436,14.5451945],[100.6857631,14.5456058],[100.6859795,14.5457877],[100.6851201,14.546495],[100.6841421,14.5486179],[100.6835814,14.5482361],[100.6833436,14.5486009],[100.6846602,14.5496012],[100.6849171,14.5508156],[100.6842964,14.55096],[100.6847591,14.5531388],[100.6844363,14.5531749],[100.684487,14.5535628],[100.6830652,14.5539169],[100.6832425,14.5547214],[100.6821149,14.555121],[100.6814108,14.5527819],[100.6787109,14.5537372],[100.6787263,14.5542229],[100.678262,14.5539354],[100.6777482,14.5543682],[100.6779027,14.5548928],[100.6770431,14.5552996],[100.6774836,14.5562838],[100.6777542,14.5587446],[100.6765464,14.5589267],[100.6764012,14.5581315],[100.6759043,14.5581967],[100.6763506,14.5600013],[100.6756653,14.5609648],[100.6758665,14.5624542],[100.6750629,14.5624543],[100.6747325,14.5633506],[100.6744693,14.5633609],[100.6743811,14.5626824],[100.6740851,14.56278],[100.6736384,14.5615849],[100.6726572,14.5616453],[100.6728154,14.5602746],[100.6719947,14.5598774],[100.6717613,14.5592362],[100.6708816,14.5605472],[100.6702593,14.5602538],[100.6702137,14.5599371],[100.6689531,14.5599657],[100.6689155,14.5577253],[100.6696263,14.5576837],[100.6691274,14.5542101],[100.6673571,14.554558],[100.666641,14.5551499],[100.6652087,14.5549344],[100.6644684,14.5531743],[100.6626472,14.5537714],[100.662159,14.5532885],[100.6606355,14.5541193],[100.6610379,14.5547839],[100.6587768,14.5554459],[100.6588183,14.5562026],[100.6572774,14.5561884],[100.6573981,14.5570762],[100.6559738,14.5574371],[100.6555554,14.5558015],[100.6579721,14.5555393],[100.6570306,14.5525979],[100.6560007,14.5530185],[100.6567034,14.5541997],[100.6561697,14.5544957],[100.65588,14.5539817],[100.653289,14.5551136],[100.6531683,14.5546333],[100.6549787,14.5539635],[100.6547883,14.552938],[100.6530315,14.5539012],[100.6519586,14.5539868],[100.6517842,14.55306],[100.6504405,14.5533975],[100.6504834,14.5540569],[100.6500059,14.5542646],[100.6471172,14.5548514],[100.647144,14.5551915],[100.646106,14.5554744],[100.6456581,14.5546047],[100.6449607,14.554706],[100.6446576,14.5541816],[100.6434962,14.5543166],[100.6432924,14.5526317],[100.641844,14.5530029],[100.6425574,14.5555653],[100.6403339,14.5562688],[100.6403983,14.5581225],[100.6379226,14.5580731],[100.6379735,14.558286],[100.6361389,14.5592024],[100.635353,14.5604901],[100.6358975,14.5611209],[100.6351572,14.5614792],[100.6355059,14.5621827],[100.634433,14.5634807],[100.6326628,14.5638442],[100.6325635,14.5648125],[100.631382,14.5641336],[100.6309904,14.5630563],[100.6311446,14.5622217],[100.6305626,14.5619854],[100.6296131,14.5618556],[100.6296051,14.5623203],[100.6279609,14.5618011],[100.6270382,14.5628577],[100.6256327,14.5628784],[100.62563,14.5631614],[100.6244928,14.5631718]]]}}]}