{"type":"FeatureCollection","name":"p58-subset","crs":{"type":"name","properties":{"name":"urn:ogc:def:crs:EPSG::32647"}},"features":[{"type":"Feature","properties":{"building":"yes","height":6,"heightSource":"default"},"geometry":{"type":"MultiPolygon","coordinates":[[[[438349.36,2141314.62],[438348.95,2141298.24],[438372.14,2141297.47],[438372.55,2141314.01],[438349.36,2141314.62]]]]}},{"type":"Feature","properties":{"building":"yes","height":6,"heightSource":"default"},"geometry":{"type":"MultiPolygon","coordinates":[[[[438355.82,2141288.2],[438380.61,2141286.87],[438380.73,2141274.56],[438355.07,2141276.23],[438355.82,2141288.2]]]]}},{"type":"Feature","properties":{"building":"yes","height":6,"heightSource":"default"},"geometry":{"type":"MultiPolygon","coordinates":[[[[441498.11,2140274.91],[441504.01,2140299.02],[441545.61,2140288.96],[441539.73,2140264.86],[441498.11,2140274.91]]]]}},{"type":"Feature","properties":{"building":"yes","height":6,"heightSource":"default"},"geometry":{"type":"MultiPolygon","coordinates":[[[[441331.4,2140322.97],[441393.31,2140307.64],[441396.49,2140320.37],[441334.59,2140335.69],[441331.4,2140322.97]]]]}},{"type":"Feature","properties":{"building":"yes","height":6,"heightSource":"default"},"geometry":{"type":"MultiPolygon","coordinates":[[[[441478.42,2140279.87],[441481.77,2140293.53],[441403.61,2140312.51],[441400.26,2140298.87],[441478.42,2140279.87]]]]}},{"type":"Feature","properties":{"building":"roof","height":6,"heightSource":"default"},"geometry":{"type":"MultiPolygon","coordinates":[[[[440912.14,2140250.94],[440906.71,2140234.78],[440896.15,2140238.3],[440901.58,2140254.45],[440912.14,2140250.94]]]]}},{"type":"Feature","properties":{"building":"yes","height":6,"heightSource":"default"},"geometry":{"type":"MultiPolygon","coordinates":[[[[440883.96,2140988.17],[440933.45,2140963.37],[440926.88,2140950.44],[440877.4,2140975.23],[440883.96,2140988.17]]]]}},{"type":"Feature","properties":{"building":"yes","height":6,"heightSource":"default"},"geometry":{"type":"MultiPolygon","coordinates":[[[[441218.89,2140627.78],[441236.1,2140619.43],[441216.95,2140580.42],[441199.75,2140588.78],[441218.89,2140627.78]]]]}},{"type":"Feature","properties":{"building":"yes","height":6,"heightSource":"default"},"geometry":{"type":"MultiPolygon","coordinates":[[[[440921.18,2140918.16],[440949.54,2140903.94],[440942.54,2140890.12],[440914.17,2140904.33],[440921.18,2140918.16]]]]}},{"type":"Feature","properties":{"building":"yes","height":6,"heightSource":"default"},"geometry":{"type":"MultiPolygon","coordinates":[[[[441220.62,2140356.54],[441233.16,2140346.36],[441228.52,2140340.7],[441231.81,2140338.04],[441222.45,2140326.63],[441218.62,2140329.74],[441214.05,2140324.17],[441202.05,2140333.9],[441220.62,2140356.54]]]]}},{"type":"Feature","properties":{"building":"yes","height":6,"heightSource":"default"},"geometry":{"type":"MultiPolygon","coordinates":[[[[441156.46,2140675.2],[441169.48,2140667.96],[441160.01,2140651.09],[441146.98,2140658.33],[441156.46,2140675.2]]]]}},{"type":"Feature","properties":{"building":"yes","height":6,"heightSource":"default"},"geometry":{"type":"MultiPolygon","coordinates":[[[[440975.08,2140921.44],[441004.54,2140906.67],[440997.26,2140892.3],[440967.79,2140907.07],[440975.08,2140921.44]]]]}},{"type":"Feature","properties":{"building":"yes","height":6,"heightSource":"default"},"geometry":{"type":"MultiPolygon","coordinates":[[[[440911.57,2140829.47],[440934.7,2140817.88],[440930.44,2140809.47],[440907.31,2140821.07],[440911.57,2140829.47]]]]}},{"type":"Feature","properties":{"building":"yes","height":6,"heightSource":"default"},"geometry":{"type":"MultiPolygon","coordinates":[[[[441166.66,2140300.07],[441193.32,2140275.95],[441187.73,2140269.83],[441161.06,2140293.95],[441166.66,2140300.07]]]]}},{"type":"Feature","properties":{"building":"yes","height":6,"heightSource":"default"},"geometry":{"type":"MultiPolygon","coordinates":[[[[441185.14,2140329.63],[441218.11,2140299.8],[441210.63,2140291.62],[441177.65,2140321.45],[441185.14,2140329.63]]]]}},{"type":"Feature","properties":{"building":"yes","height":6,"heightSource":"default"},"geometry":{"type":"MultiPolygon","coordinates":[[[[440932.54,2140940.96],[440960.9,2140926.75],[440953.89,2140912.93],[440925.53,2140927.14],[440932.54,2140940.96]]]]}},{"type":"Feature","properties":{"building":"yes","height":6,"heightSource":"default"},"geometry":{"type":"MultiPolygon","coordinates":[[[[440873.51,2140969.08],[440923,2140944.28],[440916.44,2140931.35],[440866.95,2140956.14],[440873.51,2140969.08]]]]}},{"type":"Feature","properties":{"building":"yes","height":6,"heightSource":"default"},"geometry":{"type":"MultiPolygon","coordinates":[[[[440894.19,2140794.65],[440920.1,2140781.66],[440915.56,2140772.7],[440889.65,2140785.69],[440894.19,2140794.65]]]]}},{"type":"Feature","properties":{"building":"yes","height":6,"heightSource":"default"},"geometry":{"type":"MultiPolygon","coordinates":[[[[441187.02,2140306.65],[441207.42,2140288.19],[441201.97,2140282.24],[441181.57,2140300.7],[441187.02,2140306.65]]]]}},{"type":"Feature","properties":{"building":"yes","height":6,"heightSource":"default"},"geometry":{"type":"MultiPolygon","coordinates":[[[[441180.13,2140675.39],[441228.78,2140648.38],[441220.64,2140633.92],[441199.83,2140645.48],[441196.68,2140639.88],[441187.23,2140645.12],[441190.39,2140650.73],[441172,2140660.93],[441180.13,2140675.39]]]]}},{"type":"Feature","properties":{"building":"yes","height":6,"heightSource":"default"},"geometry":{"type":"MultiPolygon","coordinates":[[[[441197.19,2140789.28],[441211.64,2140784.91],[441206.46,2140767.99],[441192.01,2140772.36],[441197.19,2140789.28]]]]}},{"type":"Feature","properties":{"building":"yes","height":6,"heightSource":"default"},"geometry":{"type":"MultiPolygon","coordinates":[[[[441241.87,2140502.96],[441253.15,2140497.92],[441247.65,2140485.74],[441247.14,2140484.63],[441235.86,2140489.66],[441241.87,2140502.96]]]]}},{"type":"Feature","properties":{"building":"apartments","height":6,"heightSource":"default"},"geometry":{"type":"MultiPolygon","coordinates":[[[[441256.76,2140487.69],[441293.84,2140471.79],[441288.91,2140460.48],[441251.87,2140476.46],[441256.76,2140487.69]]]]}},{"type":"Feature","properties":{"building":"yes","height":6,"heightSource":"default"},"geometry":{"type":"MultiPolygon","coordinates":[[[[441246.58,2140514.17],[441249.1,2140512.99],[441250.43,2140515.82],[441261.49,2140510.68],[441260.15,2140507.82],[441264.26,2140505.91],[441260.26,2140497.4],[441242.56,2140505.62],[441246.58,2140514.17]]]]}},{"type":"Feature","properties":{"building":"yes","height":6,"heightSource":"default"},"geometry":{"type":"MultiPolygon","coordinates":[[[[441251.15,2140525.4],[441247.53,2140517.59],[441259.24,2140512.22],[441262.86,2140520.03],[441251.15,2140525.4]]]]}},{"type":"Feature","properties":{"building":"yes","height":6,"heightSource":"default"},"geometry":{"type":"MultiPolygon","coordinates":[[[[441251.85,2140525.61],[441255.63,2140533.04],[441264.2,2140528.75],[441260.54,2140521.42],[441251.85,2140525.61]]]]}},{"type":"Feature","properties":{"building":"yes","height":6,"heightSource":"default"},"geometry":{"type":"MultiPolygon","coordinates":[[[[441251.53,2140803.13],[441254,2140801.83],[441256.44,2140800.52],[441254.74,2140797.36],[441252.19,2140798.72],[441249.83,2140799.97],[441251.53,2140803.13]]]]}},{"type":"Feature","properties":{"building":"yes","height":6,"heightSource":"default"},"geometry":{"type":"MultiPolygon","coordinates":[[[[441170.81,2140841.37],[441175.56,2140850.19],[441184.64,2140845.36],[441179.89,2140836.54],[441170.81,2140841.37]]]]}},{"type":"Feature","properties":{"building":"yes","height":6,"heightSource":"default"},"geometry":{"type":"MultiPolygon","coordinates":[[[[441143.54,2140853.41],[441159.1,2140847.14],[441158.36,2140845.32],[441156.61,2140841.04],[441155.51,2140838.35],[441154.96,2140836.98],[441134.45,2140845.26],[441137.02,2140851.57],[441141.99,2140849.57],[441143.54,2140853.41]]]]}},{"type":"Feature","properties":{"building":"yes","height":6,"heightSource":"default"},"geometry":{"type":"MultiPolygon","coordinates":[[[[441153.65,2140831.73],[441151.48,2140826.56],[441125.2,2140837.44],[441129.24,2140847.05],[441149.87,2140838.49],[441148.02,2140834.06],[441153.65,2140831.73]]]]}},{"type":"Feature","properties":{"building":"yes","height":6,"heightSource":"default"},"geometry":{"type":"MultiPolygon","coordinates":[[[[441169.66,2140841.04],[441164.75,2140830.72],[441175.74,2140825.54],[441180.66,2140835.86],[441169.66,2140841.04]]]]}},{"type":"Feature","properties":{"building":"yes","height":6,"heightSource":"default"},"geometry":{"type":"MultiPolygon","coordinates":[[[[441018.72,2140783.39],[441040.92,2140784.8],[441042.31,2140763.17],[441020.11,2140761.76],[441018.72,2140783.39]]]]}},{"type":"Feature","properties":{"building":"yes","height":6,"heightSource":"default"},"geometry":{"type":"MultiPolygon","coordinates":[[[[436438.92,2141863.46],[436440.27,2141860.52],[436449.98,2141864.92],[436448.63,2141867.85],[436438.92,2141863.46]]]]}},{"type":"Feature","properties":{"building":"yes","height":6,"heightSource":"default"},"geometry":{"type":"MultiPolygon","coordinates":[[[[436393.81,2141811.3],[436398.33,2141810.94],[436397.8,2141804.57],[436393.3,2141804.94],[436393.81,2141811.3]]]]}},{"type":"Feature","properties":{"building":"yes","height":6,"heightSource":"default"},"geometry":{"type":"MultiPolygon","coordinates":[[[[436481.92,2141825.95],[436487.73,2141827.2],[436489.14,2141820.68],[436483.34,2141819.43],[436481.92,2141825.95]]]]}},{"type":"Feature","properties":{"building":"yes","height":6,"heightSource":"default"},"geometry":{"type":"MultiPolygon","coordinates":[[[[436487.33,2141779.07],[436490.3,2141779.47],[436493.48,2141779.87],[436494.94,2141768.83],[436489.7,2141768.14],[436488.79,2141768.02],[436487.33,2141779.07]]]]}},{"type":"Feature","properties":{"building":"yes","height":6,"heightSource":"default"},"geometry":{"type":"MultiPolygon","coordinates":[[[[441233.63,2140543.83],[441245.06,2140538.14],[441238.84,2140525.78],[441227.4,2140531.48],[441233.63,2140543.83]]]]}},{"type":"Feature","properties":{"building":"yes","height":6,"heightSource":"default"},"geometry":{"type":"MultiPolygon","coordinates":[[[[441229.15,2140528.81],[441237.19,2140525.06],[441230.79,2140511.51],[441222.76,2140515.26],[441229.15,2140528.81]]]]}},{"type":"Feature","properties":{"building":"yes","height":6,"heightSource":"default"},"geometry":{"type":"MultiPolygon","coordinates":[[[[441233.27,2140487.23],[441249.4,2140480.38],[441245.56,2140471.45],[441229.44,2140478.29],[441233.27,2140487.23]]]]}},{"type":"Feature","properties":{"building":"yes","height":6,"heightSource":"default"},"geometry":{"type":"MultiPolygon","coordinates":[[[[441231.09,2140476.64],[441228.26,2140469.96],[441227.4,2140468.09],[441240.79,2140461.94],[441244.69,2140470.58],[441231.09,2140476.64]]]]}},{"type":"Feature","properties":{"building":"yes","height":6,"heightSource":"default"},"geometry":{"type":"MultiPolygon","coordinates":[[[[441228.26,2140469.96],[441225.76,2140471.11],[441222.45,2140463.98],[441239.71,2140456.06],[441242.15,2140461.32],[441240.79,2140461.94],[441227.4,2140468.09],[441228.26,2140469.96]]]]}},{"type":"Feature","properties":{"building":"yes","height":6,"heightSource":"default"},"geometry":{"type":"MultiPolygon","coordinates":[[[[441223.23,2140463.1],[441238.88,2140455.74],[441231.18,2140439.56],[441215.53,2140446.93],[441223.23,2140463.1]]]]}},{"type":"Feature","properties":{"building":"yes","height":6,"heightSource":"default"},"geometry":{"type":"MultiPolygon","coordinates":[[[[441216.62,2140445.65],[441213.36,2140439.45],[441234.37,2140428.51],[441237.63,2140434.71],[441216.62,2140445.65]]]]}},{"type":"Feature","properties":{"building":"yes","height":6,"heightSource":"default"},"geometry":{"type":"MultiPolygon","coordinates":[[[[441212.13,2140439.5],[441240.03,2140424.24],[441231.85,2140409.48],[441203.96,2140424.75],[441212.13,2140439.5]]]]}},{"type":"Feature","properties":{"building":"yes","height":6,"heightSource":"default"},"geometry":{"type":"MultiPolygon","coordinates":[[[[441162.39,2140410.82],[441179.12,2140400.82],[441169.91,2140386.71],[441153.47,2140398.8],[441162.39,2140410.82]]]]}},{"type":"Feature","properties":{"building":"yes","height":6,"heightSource":"default"},"geometry":{"type":"MultiPolygon","coordinates":[[[[441163.63,2140411.24],[441168.32,2140419.45],[441169.69,2140418.67],[441171.31,2140421.49],[441184.97,2140413.76],[441178.67,2140402.74],[441163.63,2140411.24]]]]}},{"type":"Feature","properties":{"building":"yes","height":6,"heightSource":"default"},"geometry":{"type":"MultiPolygon","coordinates":[[[[441178.04,2140433.59],[441191.56,2140426.92],[441187.22,2140418.22],[441173.69,2140424.88],[441178.04,2140433.59]]]]}},{"type":"Feature","properties":{"building":"yes","height":6,"heightSource":"default"},"geometry":{"type":"MultiPolygon","coordinates":[[[[441177.92,2140444.58],[441173.9,2140436.03],[441191.28,2140427.94],[441195.3,2140436.49],[441177.92,2140444.58]]]]}},{"type":"Feature","properties":{"building":"yes","height":6,"heightSource":"default"},"geometry":{"type":"MultiPolygon","coordinates":[[[[441189.43,2140454.12],[441202.9,2140447.73],[441197.95,2140437.39],[441180.78,2140445.52],[441182.55,2140449.25],[441186.25,2140447.5],[441189.43,2140454.12]]]]}},{"type":"Feature","properties":{"building":"yes","height":6,"heightSource":"default"},"geometry":{"type":"MultiPolygon","coordinates":[[[[441203.76,2140471.02],[441211.05,2140467.65],[441202.28,2140448.96],[441188.28,2140455.65],[441192.28,2140463.32],[441198.67,2140460.17],[441203.76,2140471.02]]]]}},{"type":"Feature","properties":{"building":"yes","height":6,"heightSource":"default"},"geometry":{"type":"MultiPolygon","coordinates":[[[[441205.9,2140481.31],[441216.43,2140476.29],[441212.39,2140467.9],[441201.86,2140472.91],[441205.9,2140481.31]]]]}},{"type":"Feature","properties":{"building":"yes","height":6,"heightSource":"default"},"geometry":{"type":"MultiPolygon","coordinates":[[[[441212.16,2140493.02],[441206.9,2140481.59],[441215.97,2140477.46],[441220.09,2140486.42],[441218.2,2140487.29],[441219.33,2140489.75],[441212.16,2140493.02]]]]}},{"type":"Feature","properties":{"building":"yes","height":6,"heightSource":"default"},"geometry":{"type":"MultiPolygon","coordinates":[[[[441217.21,2140505.5],[441227.43,2140500.58],[441223.3,2140492.13],[441213.1,2140497.05],[441217.21,2140505.5]]]]}},{"type":"Feature","properties":{"building":"yes","height":6,"heightSource":"default"},"geometry":{"type":"MultiPolygon","coordinates":[[[[441220.18,2140512.34],[441217.24,2140506.52],[441228.24,2140501.04],[441232.94,2140510.37],[441224.82,2140514.42],[441223.05,2140510.91],[441220.18,2140512.34]]]]}},{"type":"Feature","properties":{"building":"yes","height":6,"heightSource":"default"},"geometry":{"type":"MultiPolygon","coordinates":[[[[441667.97,2137789.4],[441677.88,2137770.72],[441688.84,2137776.47],[441685.45,2137782.86],[441690.14,2137785.31],[441687.05,2137791.15],[441682.46,2137788.74],[441679.04,2137795.2],[441667.97,2137789.4]]]]}},{"type":"Feature","properties":{"building":"yes","height":6,"heightSource":"default"},"geometry":{"type":"MultiPolygon","coordinates":[[[[441502.93,2137861.77],[441502.84,2137848.26],[441519.95,2137848.14],[441520.05,2137861.66],[441502.93,2137861.77]]]]}},{"type":"Feature","properties":{"building":"yes","height":6,"heightSource":"default"},"geometry":{"type":"MultiPolygon","coordinates":[[[[441495.64,2137872.71],[441495.56,2137861.81],[441502.93,2137861.77],[441520.05,2137861.66],[441526.55,2137861.61],[441526.63,2137872.51],[441522.44,2137872.54],[441495.64,2137872.71]]]]}},{"type":"Feature","properties":{"building":"yes","height":6,"heightSource":"default"},"geometry":{"type":"MultiPolygon","coordinates":[[[[441555.01,2137872.33],[441554.95,2137864.54],[441573.83,2137864.42],[441573.89,2137872.21],[441555.01,2137872.33]]]]}},{"type":"Feature","properties":{"building":"yes","height":6,"heightSource":"default"},"geometry":{"type":"MultiPolygon","coordinates":[[[[441543.58,2137884.75],[441581.82,2137884.51],[441581.74,2137872.16],[441573.89,2137872.21],[441555.01,2137872.33],[441543.5,2137872.4],[441543.58,2137884.75]]]]}},{"type":"Feature","properties":{"building":"yes","height":6,"heightSource":"default"},"geometry":{"type":"MultiPolygon","coordinates":[[[[441522.52,2137884.89],[441543.58,2137884.75],[441543.5,2137872.4],[441526.63,2137872.51],[441522.44,2137872.54],[441522.52,2137884.89]]]]}},{"type":"Feature","properties":{"building":"yes","height":6,"heightSource":"default"},"geometry":{"type":"MultiPolygon","coordinates":[[[[441491.87,2137885.08],[441522.52,2137884.89],[441522.44,2137872.54],[441495.64,2137872.71],[441491.8,2137872.73],[441491.87,2137885.08]]]]}},{"type":"Feature","properties":{"building":"yes","height":6,"heightSource":"default"},"geometry":{"type":"MultiPolygon","coordinates":[[[[441463.15,2137900.92],[441486.47,2137894.66],[441489.75,2137906.71],[441481.78,2137908.85],[441483.36,2137914.7],[441476.1,2137916.66],[441474.47,2137910.68],[441466.39,2137912.85],[441463.15,2137900.92]]]]}},{"type":"Feature","properties":{"building":"yes","height":6,"heightSource":"default"},"geometry":{"type":"MultiPolygon","coordinates":[[[[441552.42,2137942.98],[441554.52,2137929.37],[441579.29,2137933.15],[441577.19,2137946.77],[441552.42,2137942.98]]]]}},{"type":"Feature","properties":{"building":"yes","height":6,"heightSource":"default"},"geometry":{"type":"MultiPolygon","coordinates":[[[[441530.16,2137939.58],[441532.26,2137925.96],[441554.52,2137929.37],[441552.42,2137942.98],[441530.16,2137939.58]]]]}},{"type":"Feature","properties":{"building":"roof","height":6,"heightSource":"default"},"geometry":{"type":"MultiPolygon","coordinates":[[[[441153.34,2140328.38],[441163.91,2140323.57],[441156.35,2140307.17],[441145.78,2140312],[441153.34,2140328.38]]]]}},{"type":"Feature","properties":{"building":"yes","height":6,"heightSource":"default"},"geometry":{"type":"MultiPolygon","coordinates":[[[[441140.12,2140301.02],[441132,2140288.13],[441140.55,2140282.82],[441148.65,2140295.71],[441140.12,2140301.02]]]]}},{"type":"Feature","properties":{"building":"yes","height":6,"heightSource":"default"},"geometry":{"type":"MultiPolygon","coordinates":[[[[441248.86,2140566.4],[441257.3,2140562.47],[441250.71,2140548.5],[441242.29,2140552.41],[441248.86,2140566.4]]]]}},{"type":"Feature","properties":{"building":"yes","height":6,"heightSource":"default"},"geometry":{"type":"MultiPolygon","coordinates":[[[[441171.66,2140473.66],[441170.79,2140477.57],[441178.42,2140487.34],[441172.62,2140492.31],[441160.39,2140478.63],[441164.58,2140467.7],[441167.65,2140465.98],[441171.66,2140473.66]]]]}},{"type":"Feature","properties":{"building":"yes","height":6,"heightSource":"default"},"geometry":{"type":"MultiPolygon","coordinates":[[[[441164.72,2140349.32],[441174.61,2140342.64],[441171.08,2140337.47],[441161.18,2140344.15],[441164.72,2140349.32]]]]}},{"type":"Feature","properties":{"building":"yes","height":6,"heightSource":"default"},"geometry":{"type":"MultiPolygon","coordinates":[[[[441114.25,2140335.64],[441122.9,2140349.32],[441106.81,2140359.37],[441099.84,2140348.35],[441107.27,2140343.7],[441105.59,2140341.05],[441114.25,2140335.64]]]]}},{"type":"Feature","properties":{"building":"yes","height":6,"heightSource":"default"},"geometry":{"type":"MultiPolygon","coordinates":[[[[441316.49,2140128.43],[441324.54,2140132.02],[441329.29,2140121.5],[441321.23,2140117.91],[441316.49,2140128.43]]]]}},{"type":"Feature","properties":{"building":"yes","height":6,"heightSource":"default"},"geometry":{"type":"MultiPolygon","coordinates":[[[[441132.65,2140285.33],[441144.73,2140278.71],[441136.73,2140264.24],[441124.64,2140270.86],[441132.65,2140285.33]]]]}},{"type":"Feature","properties":{"building":"yes","height":6,"heightSource":"default"},"geometry":{"type":"MultiPolygon","coordinates":[[[[441192.28,2140463.32],[441171.66,2140473.66],[441167.65,2140465.98],[441188.28,2140455.65],[441192.28,2140463.32]]]]}},{"type":"Feature","properties":{"building":"yes","height":6,"heightSource":"default"},"geometry":{"type":"MultiPolygon","coordinates":[[[[441309.66,2140491.05],[441313.57,2140504.16],[441307.76,2140505.88],[441303.84,2140492.77],[441309.66,2140491.05]]]]}},{"type":"Feature","properties":{"building":"yes","height":6,"heightSource":"default"},"geometry":{"type":"MultiPolygon","coordinates":[[[[441163.85,2140336.61],[441170.22,2140332.51],[441164.65,2140323.96],[441158.29,2140328.07],[441163.85,2140336.61]]]]}},{"type":"Feature","properties":{"building":"yes","height":6,"heightSource":"default"},"geometry":{"type":"MultiPolygon","coordinates":[[[[441251.32,2140601.68],[441271.03,2140592.06],[441263.64,2140576.06],[441247.01,2140584.16],[441248.16,2140586.47],[441244.66,2140588.18],[441251.32,2140601.68]]]]}},{"type":"Feature","properties":{"building":"yes","height":6,"heightSource":"default"},"geometry":{"type":"MultiPolygon","coordinates":[[[[441132.06,2140314.67],[441126.14,2140303.75],[441117.18,2140308.55],[441123.08,2140319.46],[441132.06,2140314.67]]]]}},{"type":"Feature","properties":{"building":"yes","height":6,"heightSource":"default"},"geometry":{"type":"MultiPolygon","coordinates":[[[[441248.73,2140582.72],[441263.64,2140576.06],[441259.37,2140566.88],[441244.53,2140573.81],[441248.73,2140582.72]]]]}},{"type":"Feature","properties":{"building":"yes","height":6,"heightSource":"default"},"geometry":{"type":"MultiPolygon","coordinates":[[[[441313.03,2140529.09],[441314.88,2140552.77],[441306.09,2140553.44],[441304.25,2140529.76],[441313.03,2140529.09]]]]}},{"type":"Feature","properties":{"building":"yes","height":6,"heightSource":"default"},"geometry":{"type":"MultiPolygon","coordinates":[[[[441300.42,2140143.34],[441308.2,2140147.9],[441313.83,2140138.42],[441306.05,2140133.86],[441300.42,2140143.34]]]]}},{"type":"Feature","properties":{"building":"yes","height":6,"heightSource":"default"},"geometry":{"type":"MultiPolygon","coordinates":[[[[441132.64,2140329.73],[441138.8,2140326.52],[441135.1,2140319.51],[441128.93,2140322.73],[441132.64,2140329.73]]]]}},{"type":"Feature","properties":{"building":"yes","height":6,"heightSource":"default"},"geometry":{"type":"MultiPolygon","coordinates":[[[[441192.65,2140475.29],[441199.21,2140472.29],[441195.35,2140463.92],[441188.78,2140466.92],[441192.65,2140475.29]]]]}},{"type":"Feature","properties":{"building":"yes","height":6,"heightSource":"default"},"geometry":{"type":"MultiPolygon","coordinates":[[[[441276.05,2140633.59],[441268.83,2140617.85],[441280.23,2140612.69],[441287.26,2140628.52],[441276.05,2140633.59]]]]}},{"type":"Feature","properties":{"building":"yes","height":6,"heightSource":"default"},"geometry":{"type":"MultiPolygon","coordinates":[[[[441272.13,2140594.47],[441275.56,2140602.1],[441263.24,2140607.24],[441259.98,2140599.54],[441272.13,2140594.47]]]]}},{"type":"Feature","properties":{"building":"yes","height":6,"heightSource":"default"},"geometry":{"type":"MultiPolygon","coordinates":[[[[441278.52,2140556.78],[441270.33,2140539.36],[441259.34,2140544.46],[441267.52,2140561.89],[441278.52,2140556.78]]]]}},{"type":"Feature","properties":{"building":"yes","height":6,"heightSource":"default"},"geometry":{"type":"MultiPolygon","coordinates":[[[[441279.22,2140610.42],[441276,2140603.1],[441263.55,2140608.82],[441266.94,2140616.08],[441279.22,2140610.42]]]]}},{"type":"Feature","properties":{"building":"yes","height":6,"heightSource":"default"},"geometry":{"type":"MultiPolygon","coordinates":[[[[441281.09,2140644.12],[441291.92,2140639.01],[441287.26,2140628.52],[441276.05,2140633.59],[441281.09,2140644.12]]]]}},{"type":"Feature","properties":{"building":"yes","height":6,"heightSource":"default"},"geometry":{"type":"MultiPolygon","coordinates":[[[[441729.02,2140672.5],[441719.84,2140682],[441702.05,2140665],[441711.23,2140655.51],[441729.02,2140672.5]]]]}},{"type":"Feature","properties":{"building":"yes","height":6,"heightSource":"default"},"geometry":{"type":"MultiPolygon","coordinates":[[[[441294.84,2140677.73],[441290.69,2140679.66],[441293.65,2140685.98],[441309.78,2140678.48],[441306.91,2140672.13],[441294.84,2140677.73]]]]}},{"type":"Feature","properties":{"building":"yes","height":6,"heightSource":"default"},"geometry":{"type":"MultiPolygon","coordinates":[[[[441607.12,2140420.8],[441620.53,2140415.42],[441608.99,2140387],[441595.58,2140392.38],[441607.12,2140420.8]]]]}},{"type":"Feature","properties":{"building":"yes","height":6,"heightSource":"default"},"geometry":{"type":"MultiPolygon","coordinates":[[[[441289.11,2140665.76],[441301.36,2140659.98],[441294.98,2140645.84],[441282.3,2140651.63],[441289.11,2140665.76]]]]}},{"type":"Feature","properties":{"building":"yes","height":6,"heightSource":"default"},"geometry":{"type":"MultiPolygon","coordinates":[[[[441595.16,2140390.64],[441608.02,2140385.82],[441604.76,2140377.24],[441591.9,2140382.07],[441595.16,2140390.64]]]]}},{"type":"Feature","properties":{"building":"yes","height":6,"heightSource":"default"},"geometry":{"type":"MultiPolygon","coordinates":[[[[441701.65,2140636.21],[441710.15,2140634.13],[441707.26,2140622.43],[441698.75,2140624.51],[441701.65,2140636.21]]]]}},{"type":"Feature","properties":{"building":"yes","height":6,"heightSource":"default"},"geometry":{"type":"MultiPolygon","coordinates":[[[[441299.58,2140600.9],[441287.31,2140606.25],[441291.5,2140615.64],[441303.74,2140610.32],[441299.58,2140600.9]]]]}},{"type":"Feature","properties":{"building":"yes","height":3.2,"heightSource":"inferred"},"geometry":{"type":"MultiPolygon","coordinates":[[[[441663.77,2140391.22],[441654.38,2140396.13],[441649.12,2140386.18],[441658.51,2140381.27],[441663.77,2140391.22]]]]}},{"type":"Feature","properties":{"building":"yes","height":6,"heightSource":"default"},"geometry":{"type":"MultiPolygon","coordinates":[[[[441309.45,2140682.28],[441312.68,2140690.58],[441303.41,2140694.14],[441300.18,2140685.84],[441309.45,2140682.28]]]]}},{"type":"Feature","properties":{"building":"yes","height":6,"heightSource":"default"},"geometry":{"type":"MultiPolygon","coordinates":[[[[441280.76,2140591.58],[441286.77,2140605.04],[441297.09,2140600.55],[441291.17,2140587.06],[441280.76,2140591.58]]]]}},{"type":"Feature","properties":{"building":"yes","height":6,"heightSource":"default"},"geometry":{"type":"MultiPolygon","coordinates":[[[[441331.06,2140697.47],[441326.55,2140688.17],[441352.8,2140675.59],[441357.3,2140684.89],[441331.06,2140697.47]]]]}},{"type":"Feature","properties":{"building":"yes","height":6.4,"heightSource":"inferred"},"geometry":{"type":"MultiPolygon","coordinates":[[[[441623.29,2140412.07],[441641.99,2140404.96],[441640.4,2140400.81],[441630.03,2140404.75],[441620.6,2140380.23],[441612.26,2140383.4],[441623.29,2140412.07]]]]}},{"type":"Feature","properties":{"building":"yes","height":6,"heightSource":"default"},"geometry":{"type":"MultiPolygon","coordinates":[[[[441289.11,2140665.76],[441294.84,2140677.73],[441306.91,2140672.13],[441301.36,2140659.98],[441289.11,2140665.76]]]]}},{"type":"Feature","properties":{"building":"yes","height":6,"heightSource":"default"},"geometry":{"type":"MultiPolygon","coordinates":[[[[441313.43,2140691.67],[441319.53,2140706.19],[441298.01,2140715.12],[441291.91,2140700.59],[441313.43,2140691.67]]]]}},{"type":"Feature","properties":{"building":"yes","height":6,"heightSource":"default"},"geometry":{"type":"MultiPolygon","coordinates":[[[[441758.64,2140661.42],[441752.97,2140654.35],[441766.39,2140643.73],[441772.06,2140650.8],[441758.64,2140661.42]]]]}},{"type":"Feature","properties":{"building":"yes","height":6,"heightSource":"default"},"geometry":{"type":"MultiPolygon","coordinates":[[[[441351.6,2140750.13],[441347.21,2140740.33],[441356.25,2140736.07],[441360.86,2140745.79],[441351.6,2140750.13]]]]}},{"type":"Feature","properties":{"building":"yes","height":6,"heightSource":"default"},"geometry":{"type":"MultiPolygon","coordinates":[[[[440798,2139149.1],[440814.13,2139149.29],[440815.57,2139126.1],[440799.47,2139125.35],[440798,2139149.1]]]]}},{"type":"Feature","properties":{"building":"yes","height":6,"heightSource":"default"},"geometry":{"type":"MultiPolygon","coordinates":[[[[441302.8,2140566.38],[441314.65,2140564.77],[441313.21,2140554.27],[441301.36,2140555.88],[441302.8,2140566.38]]]]}},{"type":"Feature","properties":{"building":"yes","height":6.4,"heightSource":"inferred"},"geometry":{"type":"MultiPolygon","coordinates":[[[[441135.33,2140725.75],[441129.36,2140710.46],[441148.53,2140702.75],[441154.46,2140716.62],[441147.57,2140719.58],[441144.61,2140712.83],[441140.49,2140714.62],[441141.78,2140717.56],[441140.38,2140718.17],[441138.02,2140719.19],[441140.01,2140723.72],[441135.33,2140725.75]]]]}},{"type":"Feature","properties":{"building":"yes","height":6,"heightSource":"default"},"geometry":{"type":"MultiPolygon","coordinates":[[[[441145.94,2140702.65],[441128.63,2140708.87],[441125.58,2140700.48],[441142.89,2140694.26],[441145.94,2140702.65]]]]}},{"type":"Feature","properties":{"building":"yes","height":6,"heightSource":"default"},"geometry":{"type":"MultiPolygon","coordinates":[[[[441135.54,2140694.89],[441134.25,2140690.9],[441140.26,2140688.98],[441141.55,2140692.97],[441135.54,2140694.89]]]]}},{"type":"Feature","properties":{"building":"yes","height":6,"heightSource":"default"},"geometry":{"type":"MultiPolygon","coordinates":[[[[441122.3,2140693.41],[441144.9,2140684.62],[441140.56,2140673.62],[441117.97,2140682.41],[441122.3,2140693.41]]]]}},{"type":"Feature","properties":{"building":"yes","height":6,"heightSource":"default"},"geometry":{"type":"MultiPolygon","coordinates":[[[[441144.55,2140688.06],[441155.39,2140684.1],[441162.46,2140703.23],[441160.43,2140703.98],[441161.42,2140706.67],[441154.43,2140709.23],[441153.48,2140706.68],[441151.68,2140707.33],[441144.55,2140688.06]]]]}},{"type":"Feature","properties":{"building":"yes","height":6,"heightSource":"default"},"geometry":{"type":"MultiPolygon","coordinates":[[[[441124.04,2140730.58],[441117.86,2140715.33],[441128.25,2140711.16],[441134.43,2140726.42],[441124.04,2140730.58]]]]}},{"type":"Feature","properties":{"building":"yes","height":6,"heightSource":"default"},"geometry":{"type":"MultiPolygon","coordinates":[[[[441138.37,2140760.19],[441152.63,2140754.52],[441147.69,2140742.27],[441133.43,2140747.95],[441138.37,2140760.19]]]]}},{"type":"Feature","properties":{"building":"yes","height":6,"heightSource":"default"},"geometry":{"type":"MultiPolygon","coordinates":[[[[441132.01,2140745.28],[441144.53,2140739.98],[441141.05,2140731.87],[441128.53,2140737.17],[441132.01,2140745.28]]]]}},{"type":"Feature","properties":{"building":"yes","height":6,"heightSource":"default"},"geometry":{"type":"MultiPolygon","coordinates":[[[[441110.23,2140749.8],[441106.68,2140741.06],[441082.51,2140750.77],[441086.06,2140759.5],[441110.23,2140749.8]]]]}},{"type":"Feature","properties":{"building":"yes","height":6,"heightSource":"default"},"geometry":{"type":"MultiPolygon","coordinates":[[[[441056.93,2140706.96],[441076.02,2140705.82],[441076.57,2140714.73],[441078.05,2140714.63],[441078.99,2140730.38],[441069.23,2140730.96],[441069.87,2140741.77],[441067.48,2140741.91],[441067.74,2140746.34],[441060.21,2140746.78],[441059.83,2140740.31],[441053.87,2140740.66],[441052.47,2140717.13],[441054.2,2140717.02],[441053.84,2140710.82],[441057.16,2140710.63],[441056.93,2140706.96]]]]}},{"type":"Feature","properties":{"building":"yes","height":6,"heightSource":"default"},"geometry":{"type":"MultiPolygon","coordinates":[[[[441035.42,2140720.74],[441032.7,2140712.7],[441044.53,2140708.77],[441047.15,2140716.52],[441044.9,2140717.26],[441047.5,2140724.96],[441043.72,2140726.22],[441042.61,2140722.93],[441040.01,2140723.8],[441038.61,2140719.67],[441035.42,2140720.74]]]]}},{"type":"Feature","properties":{"building":"yes","height":6,"heightSource":"default"},"geometry":{"type":"MultiPolygon","coordinates":[[[[441060.13,2140705.16],[441072.71,2140700.41],[441069.69,2140692.51],[441057.11,2140697.26],[441060.13,2140705.16]]]]}},{"type":"Feature","properties":{"building":"yes","height":6,"heightSource":"default"},"geometry":{"type":"MultiPolygon","coordinates":[[[[441073.84,2140700.08],[441070.43,2140691.03],[441089.5,2140683.92],[441092.88,2140692.89],[441085.94,2140695.46],[441087.48,2140699.59],[441080.03,2140702.37],[441078.51,2140698.34],[441073.84,2140700.08]]]]}},{"type":"Feature","properties":{"building":"yes","height":6,"heightSource":"default"},"geometry":{"type":"MultiPolygon","coordinates":[[[[441025.46,2140754.92],[441040.95,2140754.44],[441040.65,2140744.78],[441025.15,2140745.26],[441025.46,2140754.92]]]]}},{"type":"Feature","properties":{"building":"yes","height":6,"heightSource":"default"},"geometry":{"type":"MultiPolygon","coordinates":[[[[441032.37,2140736.58],[441005.41,2140746.06],[440998.32,2140726.16],[441025.29,2140716.67],[441032.37,2140736.58]]]]}},{"type":"Feature","properties":{"building":"yes","height":6,"heightSource":"default"},"geometry":{"type":"MultiPolygon","coordinates":[[[[440998.08,2140730.57],[440995.55,2140722.85],[440986.08,2140725.92],[440988.62,2140733.65],[440998.08,2140730.57]]]]}},{"type":"Feature","properties":{"building":"yes","height":6,"heightSource":"default"},"geometry":{"type":"MultiPolygon","coordinates":[[[[440994,2140761.03],[440988.38,2140742.15],[440984.74,2140743.22],[440982.03,2140734.13],[440973.88,2140736.54],[440982.21,2140764.5],[440994,2140761.03]]]]}},{"type":"Feature","properties":{"building":"yes","height":6,"heightSource":"default"},"geometry":{"type":"MultiPolygon","coordinates":[[[[442447.21,2139049.11],[442449.71,2139057.38],[442468.71,2139051.72],[442466.21,2139043.45],[442447.21,2139049.11]]]]}},{"type":"Feature","properties":{"building":"yes","height":6,"heightSource":"default"},"geometry":{"type":"MultiPolygon","coordinates":[[[[442455.57,2138975.56],[442463.83,2138972.11],[442459.15,2138961.06],[442450.89,2138964.52],[442455.57,2138975.56]]]]}},{"type":"Feature","properties":{"building":"yes","height":6,"heightSource":"default"},"geometry":{"type":"MultiPolygon","coordinates":[[[[442439.54,2138984.87],[442448.64,2138980.02],[442442.56,2138968.7],[442433.45,2138973.54],[442439.54,2138984.87]]]]}},{"type":"Feature","properties":{"building":"yes","height":6,"heightSource":"default"},"geometry":{"type":"MultiPolygon","coordinates":[[[[442448.1,2139019],[442456.34,2139014.2],[442444.17,2138993.52],[442435.93,2138998.31],[442448.1,2139019]]]]}},{"type":"Feature","properties":{"building":"yes","height":6,"heightSource":"default"},"geometry":{"type":"MultiPolygon","coordinates":[[[[442459.98,2139032.96],[442468.2,2139028.57],[442460.4,2139014.17],[442452.19,2139018.56],[442459.98,2139032.96]]]]}},{"type":"Feature","properties":{"building":"yes","height":6,"heightSource":"default"},"geometry":{"type":"MultiPolygon","coordinates":[[[[442405.88,2139027.67],[442413.96,2139025.35],[442410.82,2139014.58],[442402.74,2139016.91],[442405.88,2139027.67]]]]}},{"type":"Feature","properties":{"building":"yes","height":6,"heightSource":"default"},"geometry":{"type":"MultiPolygon","coordinates":[[[[442402.59,2139014.24],[442410.19,2139012.4],[442403.6,2138985.58],[442396,2138987.42],[442402.59,2139014.24]]]]}},{"type":"Feature","properties":{"building":"yes","height":6,"heightSource":"default"},"geometry":{"type":"MultiPolygon","coordinates":[[[[442410.57,2138997],[442429.69,2138989.23],[442423.91,2138975.16],[442404.78,2138982.92],[442410.57,2138997]]]]}},{"type":"Feature","properties":{"building":"yes","height":6,"heightSource":"default"},"geometry":{"type":"MultiPolygon","coordinates":[[[[442424.25,2139047.63],[442445.58,2139039.78],[442441.45,2139028.74],[442420.13,2139036.59],[442424.25,2139047.63]]]]}},{"type":"Feature","properties":{"building":"roof","height":6,"heightSource":"default"},"geometry":{"type":"MultiPolygon","coordinates":[[[[441273.9,2139755.43],[441288.02,2139816.59],[441311.97,2139811.12],[441297.85,2139749.96],[441273.9,2139755.43]]]]}},{"type":"Feature","properties":{"building":"yes","height":6,"heightSource":"default"},"geometry":{"type":"MultiPolygon","coordinates":[[[[437306.6,2142007.99],[437315.74,2142015.78],[437309.43,2142023.11],[437300.28,2142015.32],[437306.6,2142007.99]]]]}},{"type":"Feature","properties":{"building":"yes","height":6,"heightSource":"default"},"geometry":{"type":"MultiPolygon","coordinates":[[[[437334.53,2141961.14],[437341.05,2141967.07],[437336.84,2141971.3],[437322.79,2141986.58],[437316.25,2141980.48],[437334.53,2141961.14]]]]}},{"type":"Feature","properties":{"building":"yes","height":6,"heightSource":"default"},"geometry":{"type":"MultiPolygon","coordinates":[[[[437311.92,2142021.96],[437315.31,2142017.88],[437319.53,2142021.35],[437316.16,2142025.43],[437311.92,2142021.96]]]]}},{"type":"Feature","properties":{"building":"yes","height":6,"heightSource":"default"},"geometry":{"type":"MultiPolygon","coordinates":[[[[437240.13,2142024.49],[437254.94,2142030.17],[437249.77,2142043.49],[437234.97,2142037.81],[437240.13,2142024.49]]]]}},{"type":"Feature","properties":{"building":"yes","height":6,"heightSource":"default"},"geometry":{"type":"MultiPolygon","coordinates":[[[[437221.74,2142018.51],[437236.35,2142024.95],[437231.09,2142036.77],[437216.48,2142030.34],[437221.74,2142018.51]]]]}},{"type":"Feature","properties":{"building":"yes","height":6,"heightSource":"default"},"geometry":{"type":"MultiPolygon","coordinates":[[[[437232.68,2142003.67],[437237.88,2142006.23],[437232.62,2142016.77],[437227.43,2142014.21],[437232.68,2142003.67]]]]}},{"type":"Feature","properties":{"building":"yes","height":6,"heightSource":"default"},"geometry":{"type":"MultiPolygon","coordinates":[[[[437341.05,2141967.07],[437370.72,2141996.27],[437366.5,2142000.5],[437336.84,2141971.3],[437341.05,2141967.07]]]]}},{"type":"Feature","properties":{"building":"yes","height":6,"heightSource":"default"},"geometry":{"type":"MultiPolygon","coordinates":[[[[437233.78,2141999.76],[437226.49,2141996.17],[437217.57,2142014.15],[437224.87,2142017.74],[437233.78,2141999.76]]]]}},{"type":"Feature","properties":{"building":"yes","height":6,"heightSource":"default"},"geometry":{"type":"MultiPolygon","coordinates":[[[[437324.68,2141918.97],[437351.22,2141929.97],[437347.6,2141938.57],[437330.84,2141931.62],[437323.88,2141948.21],[437315.95,2141944.92],[437321.83,2141930.92],[437319.99,2141930.15],[437324.68,2141918.97]]]]}},{"type":"Feature","properties":{"building":"yes","height":6,"heightSource":"default"},"geometry":{"type":"MultiPolygon","coordinates":[[[[437436.81,2141932.2],[437425.77,2141935.97],[437433.5,2141958.27],[437447.42,2141953.49],[437444.31,2141944.51],[437441.42,2141945.5],[437436.81,2141932.2]]]]}},{"type":"Feature","properties":{"building":"yes","height":6,"heightSource":"default"},"geometry":{"type":"MultiPolygon","coordinates":[[[[441148.66,2142088.48],[441149.08,2142046.73],[441174.37,2142048.5],[441172.54,2142089.15],[441148.66,2142088.48]]]]}},{"type":"Feature","properties":{"building":"roof","height":6,"heightSource":"default"},"geometry":{"type":"MultiPolygon","coordinates":[[[[440589.96,2141091.72],[440615.3,2141090.72],[440614.03,2141058.86],[440588.69,2141059.85],[440589.96,2141091.72]]]]}},{"type":"Feature","properties":{"building":"yes","height":6,"heightSource":"default"},"geometry":{"type":"MultiPolygon","coordinates":[[[[440396.75,2141190.62],[440395.61,2141229.85],[440443.43,2141231.23],[440444.58,2141191.99],[440396.75,2141190.62]]]]}},{"type":"Feature","properties":{"building":"yes","height":6,"heightSource":"default"},"geometry":{"type":"MultiPolygon","coordinates":[[[[441281.73,2140437.2],[441285.77,2140444.54],[441278.34,2140448.58],[441280.26,2140452.07],[441272.71,2140456.18],[441266.75,2140445.35],[441281.73,2140437.2]]]]}},{"type":"Feature","properties":{"building":"public","height":6,"heightSource":"default"},"geometry":{"type":"MultiPolygon","coordinates":[[[[441405.27,2140713.68],[441411.69,2140710.8],[441403.25,2140692.31],[441396.84,2140695.2],[441405.27,2140713.68]]]]}},{"type":"Feature","properties":{"building":"yes","height":6,"heightSource":"default"},"geometry":{"type":"MultiPolygon","coordinates":[[[[441390.7,2140175.02],[441413.73,2140168.53],[441407.04,2140145.11],[441384.02,2140151.61],[441390.7,2140175.02]]]]}},{"type":"Feature","properties":{"building":"yes","height":6,"heightSource":"default"},"geometry":{"type":"MultiPolygon","coordinates":[[[[441351.49,2139908.6],[441366.91,2139908.55],[441366.83,2139884.68],[441351.41,2139884.73],[441351.49,2139908.6]]]]}},{"type":"Feature","properties":{"building":"yes","height":6,"heightSource":"default"},"geometry":{"type":"MultiPolygon","coordinates":[[[[441276.58,2139909.65],[441301.57,2139909.62],[441301.52,2139882.31],[441276.54,2139882.34],[441276.58,2139909.65]]]]}},{"type":"Feature","properties":{"building":"yes","height":6,"heightSource":"default"},"geometry":{"type":"MultiPolygon","coordinates":[[[[441308.15,2139874.85],[441348.2,2139874.59],[441348.09,2139857.78],[441308.04,2139858.04],[441308.15,2139874.85]]]]}},{"type":"Feature","properties":{"building":"yes","height":6,"heightSource":"default"},"geometry":{"type":"MultiPolygon","coordinates":[[[[441374.66,2139875.65],[441374.23,2139875.44],[441373.87,2139875.15],[441373.58,2139874.76],[441373.41,2139874.32],[441373.35,2139873.85],[441373.41,2139873.38],[441373.59,2139872.93],[441373.87,2139872.56],[441374.25,2139872.26],[441374.68,2139872.06],[441375.14,2139871.97],[441375.62,2139872],[441376.07,2139872.14],[441376.47,2139872.41],[441376.8,2139872.75],[441377.03,2139873.17],[441377.15,2139873.62],[441377.14,2139874.1],[441377.03,2139874.56],[441376.8,2139874.97],[441376.46,2139875.32],[441376.06,2139875.57],[441375.6,2139875.72],[441375.13,2139875.74],[441374.66,2139875.65]]]]}},{"type":"Feature","properties":{"building":"yes","height":6,"heightSource":"default"},"geometry":{"type":"MultiPolygon","coordinates":[[[[441308.86,2139909.95],[441349.13,2139910.25],[441349.33,2139882.66],[441309.06,2139882.36],[441308.86,2139909.95]]]]}},{"type":"Feature","properties":{"building":"yes","height":6,"heightSource":"default"},"geometry":{"type":"MultiPolygon","coordinates":[[[[441279.34,2139874.87],[441302.58,2139874.71],[441302.48,2139858.89],[441279.23,2139859.04],[441279.34,2139874.87]]]]}},{"type":"Feature","properties":{"building":"yes","height":6,"heightSource":"default"},"geometry":{"type":"MultiPolygon","coordinates":[[[[441222.78,2139750.56],[441242.04,2139746.33],[441237.45,2139725.63],[441218.19,2139729.85],[441222.78,2139750.56]]]]}},{"type":"Feature","properties":{"building":"yes","height":6,"heightSource":"default"},"geometry":{"type":"MultiPolygon","coordinates":[[[[441242.42,2139806.09],[441249.75,2139839.02],[441262.83,2139836.15],[441255.49,2139803.2],[441242.42,2139806.09]]]]}},{"type":"Feature","properties":{"building":"yes","height":6,"heightSource":"default"},"geometry":{"type":"MultiPolygon","coordinates":[[[[441350.74,2139874.4],[441362.29,2139874.22],[441366.63,2139867.35],[441366.41,2139843.55],[441350.35,2139843.6],[441350.74,2139874.4]]]]}},{"type":"Feature","properties":{"building":"yes","height":6,"heightSource":"default"},"geometry":{"type":"MultiPolygon","coordinates":[[[[441262.53,2139854.34],[441301.54,2139853.48],[441301.24,2139840.04],[441262.23,2139840.89],[441262.53,2139854.34]]]]}},{"type":"Feature","properties":{"building":"yes","height":6,"heightSource":"default"},"geometry":{"type":"MultiPolygon","coordinates":[[[[441241.55,2139804.3],[441254.96,2139800.75],[441246.47,2139769.03],[441233.05,2139772.58],[441241.55,2139804.3]]]]}},{"type":"Feature","properties":{"building":"yes","height":6,"heightSource":"default"},"geometry":{"type":"MultiPolygon","coordinates":[[[[441344.32,2139928.98],[441370.87,2139928.94],[441370.86,2139915.78],[441344.3,2139915.81],[441344.32,2139928.98]]]]}},{"type":"Feature","properties":{"building":"yes","height":6,"heightSource":"default"},"geometry":{"type":"MultiPolygon","coordinates":[[[[441309.5,2139853.69],[441345.55,2139853.41],[441345.43,2139839.09],[441309.39,2139839.37],[441309.5,2139853.69]]]]}},{"type":"Feature","properties":{"building":"yes","height":6,"heightSource":"default"},"geometry":{"type":"MultiPolygon","coordinates":[[[[441276.29,2140571.04],[441280.49,2140580.76],[441287.58,2140577.73],[441283.38,2140568.01],[441276.29,2140571.04]]]]}},{"type":"Feature","properties":{"building":"yes","height":6,"heightSource":"default"},"geometry":{"type":"MultiPolygon","coordinates":[[[[441282.27,2140557.79],[441285.6,2140564.92],[441275.15,2140569.75],[441271.8,2140562.64],[441282.27,2140557.79]]]]}},{"type":"Feature","properties":{"building":"yes","height":6,"heightSource":"default"},"geometry":{"type":"MultiPolygon","coordinates":[[[[440855.9,2140595.08],[440908.52,2140565.73],[440899.25,2140549.28],[440846.62,2140578.65],[440855.9,2140595.08]]]]}},{"type":"Feature","properties":{"building":"roof","height":6,"heightSource":"default"},"geometry":{"type":"MultiPolygon","coordinates":[[[[440987.25,2140440.13],[440975.65,2140425.39],[441011.39,2140397.61],[441022.99,2140412.35],[440987.25,2140440.13]]]]}},{"type":"Feature","properties":{"building":"yes","height":6,"heightSource":"default"},"geometry":{"type":"MultiPolygon","coordinates":[[[[440921.42,2140238.16],[440912.61,2140211.83],[440924.53,2140207.89],[440933.34,2140234.22],[440921.42,2140238.16]]]]}},{"type":"Feature","properties":{"building":"yes","height":6,"heightSource":"default"},"geometry":{"type":"MultiPolygon","coordinates":[[[[441171.62,2141106.65],[441184.97,2141087.83],[441144.17,2141059.23],[441130.81,2141078.04],[441171.62,2141106.65]]]]}},{"type":"Feature","properties":{"building":"yes","height":6,"heightSource":"default"},"geometry":{"type":"MultiPolygon","coordinates":[[[[440817.92,2141641.37],[440818.72,2141660.41],[440838.7,2141659.58],[440837.89,2141640.54],[440817.92,2141641.37]]]]}},{"type":"Feature","properties":{"building":"yes","height":6,"heightSource":"default"},"geometry":{"type":"MultiPolygon","coordinates":[[[[440533.64,2139397.67],[440554.01,2139429.75],[440571.5,2139418.78],[440551.12,2139386.69],[440533.64,2139397.67]]]]}},{"type":"Feature","properties":{"building":"yes","height":6,"heightSource":"default"},"geometry":{"type":"MultiPolygon","coordinates":[[[[443001.63,2137163.25],[443003.39,2137166.8],[443009.19,2137163.97],[443007.45,2137160.42],[443001.63,2137163.25]]]]}},{"type":"Feature","properties":{"building":"yes","height":6,"heightSource":"default"},"geometry":{"type":"MultiPolygon","coordinates":[[[[443968.67,2137219.54],[443969.94,2137212.04],[443975.28,2137212.93],[443974.01,2137220.44],[443968.67,2137219.54]]]]}},{"type":"Feature","properties":{"building":"yes","height":6,"heightSource":"default"},"geometry":{"type":"MultiPolygon","coordinates":[[[[443947.93,2137215.94],[443948.12,2137212.62],[443951.93,2137212.84],[443951.74,2137216.15],[443947.93,2137215.94]]]]}},{"type":"Feature","properties":{"building":"yes","height":6,"heightSource":"default"},"geometry":{"type":"MultiPolygon","coordinates":[[[[441623.02,2140455.66],[441621.19,2140451.66],[441632.68,2140446.09],[441634.68,2140450.13],[441623.02,2140455.66]]]]}},{"type":"Feature","properties":{"building":"yes","height":6,"heightSource":"default"},"geometry":{"type":"MultiPolygon","coordinates":[[[[441633.49,2140368.9],[441630.96,2140364.13],[441639.41,2140359.68],[441641.96,2140364.45],[441633.49,2140368.9]]]]}},{"type":"Feature","properties":{"building":"yes","height":6,"heightSource":"default"},"geometry":{"type":"MultiPolygon","coordinates":[[[[441912.91,2140673.21],[441924.48,2140703.37],[441930.75,2140701],[441919.18,2140670.84],[441912.91,2140673.21]]]]}},{"type":"Feature","properties":{"building":"yes","height":6,"heightSource":"default"},"geometry":{"type":"MultiPolygon","coordinates":[[[[441648.32,2140506.99],[441644.11,2140499.2],[441652.6,2140494.66],[441656.81,2140502.45],[441648.32,2140506.99]]]]}},{"type":"Feature","properties":{"building":"yes","height":6,"heightSource":"default"},"geometry":{"type":"MultiPolygon","coordinates":[[[[441644.11,2140499.2],[441638.31,2140488.71],[441646.81,2140484.04],[441652.6,2140494.66],[441644.11,2140499.2]]]]}},{"type":"Feature","properties":{"building":"yes","height":6,"heightSource":"default"},"geometry":{"type":"MultiPolygon","coordinates":[[[[441652.33,2140522.17],[441647.15,2140515.53],[441641.23,2140520.07],[441646.4,2140526.72],[441652.33,2140522.17]]]]}},{"type":"Feature","properties":{"building":"yes","height":6,"heightSource":"default"},"geometry":{"type":"MultiPolygon","coordinates":[[[[441655.54,2140532.67],[441659.12,2140539.69],[441664.36,2140537.04],[441660.77,2140530.03],[441655.54,2140532.67]]]]}},{"type":"Feature","properties":{"building":"yes","height":6,"heightSource":"default"},"geometry":{"type":"MultiPolygon","coordinates":[[[[441614.63,2140437.88],[441626,2140432.67],[441623.37,2140426.98],[441612,2140432.19],[441614.63,2140437.88]]]]}},{"type":"Feature","properties":{"building":"yes","height":6,"heightSource":"default"},"geometry":{"type":"MultiPolygon","coordinates":[[[[441689.83,2140582.81],[441699.57,2140579.36],[441695.16,2140567.03],[441685.41,2140570.48],[441689.83,2140582.81]]]]}},{"type":"Feature","properties":{"building":"yes","height":6,"heightSource":"default"},"geometry":{"type":"MultiPolygon","coordinates":[[[[441635.19,2140481.87],[441631.93,2140475.44],[441644.57,2140469.09],[441647.84,2140475.52],[441635.19,2140481.87]]]]}},{"type":"Feature","properties":{"building":"yes","height":6,"heightSource":"default"},"geometry":{"type":"MultiPolygon","coordinates":[[[[441627.97,2140465.97],[441639.63,2140460.44],[441634.68,2140450.13],[441623.02,2140455.66],[441627.97,2140465.97]]]]}},{"type":"Feature","properties":{"building":"yes","height":6,"heightSource":"default"},"geometry":{"type":"MultiPolygon","coordinates":[[[[441632.74,2140493.7],[441636.77,2140501.53],[441627.4,2140506.28],[441623.38,2140498.46],[441632.74,2140493.7]]]]}},{"type":"Feature","properties":{"building":"house","height":6,"heightSource":"default"},"geometry":{"type":"MultiPolygon","coordinates":[[[[441607.59,2140422.83],[441610.69,2140429.58],[441620.35,2140425.19],[441617.25,2140418.44],[441607.59,2140422.83]]]]}},{"type":"Feature","properties":{"building":"yes","height":6,"heightSource":"default"},"geometry":{"type":"MultiPolygon","coordinates":[[[[441631.71,2140474.03],[441628.15,2140466.73],[441640.5,2140460.78],[441644.06,2140468.09],[441631.71,2140474.03]]]]}},{"type":"Feature","properties":{"building":"house","height":6,"heightSource":"default"},"geometry":{"type":"MultiPolygon","coordinates":[[[[441674.17,2140517.09],[441670.16,2140510.09],[441658.97,2140516.4],[441662.98,2140523.41],[441674.17,2140517.09]]]]}},{"type":"Feature","properties":{"building":"yes","height":6,"heightSource":"default"},"geometry":{"type":"MultiPolygon","coordinates":[[[[441620.53,2140450.71],[441633.91,2140444.58],[441628.6,2140433.15],[441615.23,2140439.29],[441620.53,2140450.71]]]]}},{"type":"Feature","properties":{"building":"yes","height":6,"heightSource":"default"},"geometry":{"type":"MultiPolygon","coordinates":[[[[441569.87,2140677.46],[441577.63,2140678.01],[441578.15,2140670.89],[441570.39,2140670.33],[441569.87,2140677.46]]]]}},{"type":"Feature","properties":{"building":"yes","height":6,"heightSource":"default"},"geometry":{"type":"MultiPolygon","coordinates":[[[[441616.43,2140647.43],[441630.58,2140647.24],[441630.48,2140639.7],[441616.33,2140639.88],[441616.43,2140647.43]]]]}},{"type":"Feature","properties":{"building":"yes","height":6,"heightSource":"default"},"geometry":{"type":"MultiPolygon","coordinates":[[[[441580.75,2140669.86],[441613.1,2140667.79],[441612.01,2140650.87],[441604.53,2140651.35],[441604.25,2140647.01],[441579.38,2140648.61],[441580.75,2140669.86]]]]}},{"type":"Feature","properties":{"building":"yes","height":6,"heightSource":"default"},"geometry":{"type":"MultiPolygon","coordinates":[[[[441714.89,2140640.56],[441725.67,2140637.84],[441721.42,2140621.26],[441710.65,2140624],[441714.89,2140640.56]]]]}},{"type":"Feature","properties":{"building":"yes","height":6,"heightSource":"default"},"geometry":{"type":"MultiPolygon","coordinates":[[[[441582.94,2140717.16],[441601.51,2140709.43],[441596.13,2140696.66],[441590.67,2140698.93],[441589.38,2140695.9],[441581.65,2140699.12],[441583.18,2140702.73],[441577.81,2140704.96],[441582.94,2140717.16]]]]}},{"type":"Feature","properties":{"building":"yes","height":6,"heightSource":"default"},"geometry":{"type":"MultiPolygon","coordinates":[[[[441576.59,2140418.83],[441594.77,2140411.1],[441591.18,2140402.76],[441573.01,2140410.48],[441576.59,2140418.83]]]]}},{"type":"Feature","properties":{"building":"yes","height":6,"heightSource":"default"},"geometry":{"type":"MultiPolygon","coordinates":[[[[441595.02,2140413.21],[441598.54,2140420.73],[441583.5,2140427.67],[441580.03,2140420.24],[441595.02,2140413.21]]]]}},{"type":"Feature","properties":{"building":"yes","height":6,"heightSource":"default"},"geometry":{"type":"MultiPolygon","coordinates":[[[[441640.96,2140437.21],[441652.12,2140432.88],[441646.82,2140419.37],[441632.35,2140424.97],[441635,2140431.72],[441638.3,2140430.45],[441640.96,2140437.21]]]]}},{"type":"Feature","properties":{"building":"yes","height":6,"heightSource":"default"},"geometry":{"type":"MultiPolygon","coordinates":[[[[441681.04,2140552.84],[441676.14,2140541.29],[441683.97,2140538.01],[441688.87,2140549.55],[441681.04,2140552.84]]]]}},{"type":"Feature","properties":{"building":"yes","height":6,"heightSource":"default"},"geometry":{"type":"MultiPolygon","coordinates":[[[[441600.59,2140486.3],[441611.52,2140480.79],[441605.35,2140468.68],[441594.42,2140474.18],[441600.59,2140486.3]]]]}},{"type":"Feature","properties":{"building":"yes","height":6,"heightSource":"default"},"geometry":{"type":"MultiPolygon","coordinates":[[[[441586.74,2140443.07],[441603.51,2140434.76],[441600.11,2140427.96],[441583.33,2140436.26],[441586.74,2140443.07]]]]}},{"type":"Feature","properties":{"building":"yes","height":6,"heightSource":"default"},"geometry":{"type":"MultiPolygon","coordinates":[[[[441654.84,2140511.87],[441663.28,2140507.22],[441660.92,2140502.97],[441652.47,2140507.62],[441654.84,2140511.87]]]]}},{"type":"Feature","properties":{"building":"yes","height":6,"heightSource":"default"},"geometry":{"type":"MultiPolygon","coordinates":[[[[441641.18,2140418.45],[441647.6,2140415.98],[441644.63,2140408.32],[441638.2,2140410.78],[441641.18,2140418.45]]]]}},{"type":"Feature","properties":{"building":"yes","height":6,"heightSource":"default"},"geometry":{"type":"MultiPolygon","coordinates":[[[[441604.27,2140435.38],[441606.51,2140439.87],[441591.32,2140447.39],[441589.07,2140442.9],[441604.27,2140435.38]]]]}},{"type":"Feature","properties":{"building":"yes","height":6,"heightSource":"default"},"geometry":{"type":"MultiPolygon","coordinates":[[[[441606.81,2140441.35],[441610.69,2140449.38],[441605.68,2140451.77],[441601.81,2140443.74],[441606.81,2140441.35]]]]}},{"type":"Feature","properties":{"building":"yes","height":6,"heightSource":"default"},"geometry":{"type":"MultiPolygon","coordinates":[[[[441609.54,2140452.12],[441612.2,2140457.58],[441597.12,2140464.83],[441594.45,2140459.37],[441609.54,2140452.12]]]]}},{"type":"Feature","properties":{"building":"yes","height":6,"heightSource":"default"},"geometry":{"type":"MultiPolygon","coordinates":[[[[441614.33,2140499.29],[441629.08,2140492.15],[441625.14,2140484.1],[441610.38,2140491.24],[441614.33,2140499.29]]]]}},{"type":"Feature","properties":{"building":"yes","height":6,"heightSource":"default"},"geometry":{"type":"MultiPolygon","coordinates":[[[[441659.12,2140539.69],[441649.43,2140543.9],[441644.39,2140533.14],[441653.74,2140528.82],[441655.54,2140532.67],[441659.12,2140539.69]]]]}},{"type":"Feature","properties":{"building":"yes","height":6,"heightSource":"default"},"geometry":{"type":"MultiPolygon","coordinates":[[[[441598.54,2140420.73],[441600.45,2140424.83],[441585.43,2140431.77],[441583.5,2140427.67],[441598.54,2140420.73]]]]}},{"type":"Feature","properties":{"building":"yes","height":6,"heightSource":"default"},"geometry":{"type":"MultiPolygon","coordinates":[[[[441582.76,2140471.75],[441595.31,2140465.55],[441592.05,2140459.02],[441579.49,2140465.22],[441582.76,2140471.75]]]]}},{"type":"Feature","properties":{"building":"yes","height":6,"heightSource":"default"},"geometry":{"type":"MultiPolygon","coordinates":[[[[441681.82,2140553.48],[441684.51,2140560.69],[441691.43,2140558.13],[441688.74,2140550.94],[441681.82,2140553.48]]]]}},{"type":"Feature","properties":{"building":"yes","height":6,"heightSource":"default"},"geometry":{"type":"MultiPolygon","coordinates":[[[[441637.55,2140502.95],[441642.76,2140514.6],[441622.25,2140523.69],[441617.04,2140512.06],[441637.55,2140502.95]]]]}},{"type":"Feature","properties":{"building":"yes","height":6,"heightSource":"default"},"geometry":{"type":"MultiPolygon","coordinates":[[[[441623.39,2140423.92],[441631.75,2140420.01],[441628.6,2140413.36],[441620.24,2140417.27],[441623.39,2140423.92]]]]}},{"type":"Feature","properties":{"building":"yes","height":6,"heightSource":"default"},"geometry":{"type":"MultiPolygon","coordinates":[[[[441682.03,2140634.81],[441689.82,2140633.12],[441687.39,2140622.09],[441682.88,2140623.07],[441684.43,2140630.17],[441681.17,2140630.88],[441682.03,2140634.81]]]]}},{"type":"Feature","properties":{"building":"yes","height":6,"heightSource":"default"},"geometry":{"type":"MultiPolygon","coordinates":[[[[441669.94,2140614.44],[441682.57,2140611.89],[441680.72,2140602.84],[441668.09,2140605.39],[441669.94,2140614.44]]]]}},{"type":"Feature","properties":{"building":"yes","height":6,"heightSource":"default"},"geometry":{"type":"MultiPolygon","coordinates":[[[[441671.84,2140636.72],[441673.31,2140636.42],[441679.49,2140635.2],[441677.51,2140625.24],[441669.84,2140626.76],[441671.84,2140636.72]]]]}},{"type":"Feature","properties":{"building":"yes","height":6,"heightSource":"default"},"geometry":{"type":"MultiPolygon","coordinates":[[[[441695.43,2140661.9],[441702.07,2140656.92],[441695.99,2140651.32],[441696.19,2140645.65],[441688.42,2140645.5],[441688.04,2140655.4],[441695.43,2140661.9]]]]}},{"type":"Feature","properties":{"building":"yes","height":6,"heightSource":"default"},"geometry":{"type":"MultiPolygon","coordinates":[[[[441670.8,2140634.06],[441666.81,2140607.18],[441656.62,2140608.67],[441657.59,2140615.26],[441661.11,2140614.74],[441664.13,2140635.04],[441670.8,2140634.06]]]]}},{"type":"Feature","properties":{"building":"yes","height":6,"heightSource":"default"},"geometry":{"type":"MultiPolygon","coordinates":[[[[441644.69,2140631.87],[441642.83,2140612.72],[441656.41,2140611.41],[441658.67,2140634.68],[441652.94,2140635.23],[441652.68,2140632.53],[441649.56,2140632.84],[441649.42,2140631.41],[441644.69,2140631.87]]]]}},{"type":"Feature","properties":{"building":"yes","height":6,"heightSource":"default"},"geometry":{"type":"MultiPolygon","coordinates":[[[[441669.94,2140614.44],[441671.3,2140620.78],[441683.81,2140618.24],[441682.57,2140611.89],[441669.94,2140614.44]]]]}},{"type":"Feature","properties":{"building":"retail","height":6,"heightSource":"default"},"geometry":{"type":"MultiPolygon","coordinates":[[[[441642.74,2140619.54],[441642.86,2140631.27],[441633.38,2140631.34],[441633.36,2140628.84],[441628.59,2140628.88],[441628.56,2140626.12],[441626.04,2140626.14],[441625.98,2140619.69],[441642.74,2140619.54]]]]}},{"type":"Feature","properties":{"building":"yes","height":6,"heightSource":"default"},"geometry":{"type":"MultiPolygon","coordinates":[[[[441662.91,2140575.74],[441671.19,2140573.06],[441672.17,2140576.04],[441676.15,2140574.7],[441678.14,2140574.11],[441674.5,2140563],[441668.34,2140565],[441666.88,2140560.53],[441658.78,2140563.16],[441662.91,2140575.74]]]]}},{"type":"Feature","properties":{"building":"yes","height":6,"heightSource":"default"},"geometry":{"type":"MultiPolygon","coordinates":[[[[441676.17,2140591.7],[441682.03,2140589.85],[441678.9,2140580.01],[441673.05,2140581.86],[441673.46,2140583.17],[441675.8,2140590.51],[441676.17,2140591.7]]]]}},{"type":"Feature","properties":{"building":"yes","height":6,"heightSource":"default"},"geometry":{"type":"MultiPolygon","coordinates":[[[[441666.88,2140560.53],[441673.05,2140558.53],[441674.5,2140563],[441668.34,2140565],[441666.88,2140560.53]]]]}},{"type":"Feature","properties":{"building":"yes","height":6,"heightSource":"default"},"geometry":{"type":"MultiPolygon","coordinates":[[[[441666.89,2140582.55],[441677.6,2140578.93],[441676.15,2140574.7],[441672.17,2140576.04],[441665.43,2140578.32],[441666.89,2140582.55]]]]}},{"type":"Feature","properties":{"building":"yes","height":6,"heightSource":"default"},"geometry":{"type":"MultiPolygon","coordinates":[[[[441659.05,2140542.02],[441664.76,2140553.82],[441672.28,2140550.22],[441668.07,2140541.52],[441666.57,2140538.42],[441659.05,2140542.02]]]]}},{"type":"Feature","properties":{"building":"yes","height":6,"heightSource":"default"},"geometry":{"type":"MultiPolygon","coordinates":[[[[441669.79,2140540.66],[441668.28,2140537.63],[441666.57,2140538.42],[441668.07,2140541.52],[441669.79,2140540.66]]]]}},{"type":"Feature","properties":{"building":"yes","height":6,"heightSource":"default"},"geometry":{"type":"MultiPolygon","coordinates":[[[[436375.25,2136669.36],[436370.23,2136676.33],[436374.53,2136679.38],[436379.53,2136672.39],[436375.25,2136669.36]]]]}},{"type":"Feature","properties":{"building":"yes","height":6,"heightSource":"default"},"geometry":{"type":"MultiPolygon","coordinates":[[[[436462.05,2141796.1],[436466.23,2141780.07],[436488.87,2141786.05],[436487.73,2141790],[436484.29,2141801.97],[436462.05,2141796.1]]]]}},{"type":"Feature","properties":{"building":"yes","height":6,"heightSource":"default"},"geometry":{"type":"MultiPolygon","coordinates":[[[[436474.14,2141806.4],[436475.29,2141801.13],[436484.21,2141803.06],[436483.05,2141808.33],[436474.14,2141806.4]]]]}},{"type":"Feature","properties":{"building":"yes","height":6,"heightSource":"default"},"geometry":{"type":"MultiPolygon","coordinates":[[[[442639.25,2136879.15],[442637.39,2136878.67],[442637.99,2136876.93],[442639.62,2136877.5],[442639.25,2136879.15]]]]}},{"type":"Feature","properties":{"building":"yes","height":6,"heightSource":"default"},"geometry":{"type":"MultiPolygon","coordinates":[[[[441375.31,2139733.51],[441383.33,2139729.69],[441376.08,2139715.72],[441371.95,2139717.88],[441367.82,2139720.03],[441375.31,2139733.51]]]]}},{"type":"Feature","properties":{"building":"yes","height":6,"heightSource":"default"},"geometry":{"type":"MultiPolygon","coordinates":[[[[441606.47,2140615.97],[441604.99,2140625.92],[441604.63,2140628.36],[441614.07,2140629.14],[441615.41,2140620.94],[441606.47,2140615.97]]]]}},{"type":"Feature","properties":{"building":"yes","height":6,"heightSource":"default"},"geometry":{"type":"MultiPolygon","coordinates":[[[[441604.99,2140625.92],[441599.75,2140625.34],[441600.99,2140615.35],[441601.14,2140614.24],[441606.47,2140615.97],[441604.99,2140625.92]]]]}},{"type":"Feature","properties":{"building":"yes","height":6,"heightSource":"default"},"geometry":{"type":"MultiPolygon","coordinates":[[[[441600.99,2140615.35],[441588.44,2140614.11],[441588.07,2140619.7],[441587.55,2140624.41],[441599.75,2140625.34],[441600.99,2140615.35]]]]}},{"type":"Feature","properties":{"building":"yes","height":6,"heightSource":"default"},"geometry":{"type":"MultiPolygon","coordinates":[[[[441588.07,2140619.7],[441579.22,2140620.24],[441578.52,2140626.28],[441587.66,2140627.02],[441587.55,2140624.41],[441588.07,2140619.7]]]]}},{"type":"Feature","properties":{"building":"yes","height":6,"heightSource":"default"},"geometry":{"type":"MultiPolygon","coordinates":[[[[441579.22,2140620.24],[441580.55,2140611.2],[441588.16,2140612.32],[441588.44,2140614.11],[441588.07,2140619.7],[441579.22,2140620.24]]]]}},{"type":"Feature","properties":{"building":"yes","height":6,"heightSource":"default"},"geometry":{"type":"MultiPolygon","coordinates":[[[[441565.63,2140617.39],[441567.51,2140628.67],[441576.53,2140627.18],[441574.65,2140615.9],[441565.63,2140617.39]]]]}},{"type":"Feature","properties":{"building":"yes","height":6,"heightSource":"default"},"geometry":{"type":"MultiPolygon","coordinates":[[[[441616.12,2140611.82],[441621.23,2140619.42],[441628.3,2140614.72],[441623.18,2140607.12],[441619.84,2140609.05],[441616.12,2140611.82]]]]}},{"type":"Feature","properties":{"building":"yes","height":6,"heightSource":"default"},"geometry":{"type":"MultiPolygon","coordinates":[[[[441611.36,2140599.8],[441611.62,2140609.29],[441619.84,2140609.05],[441619.56,2140599.57],[441611.36,2140599.8]]]]}},{"type":"Feature","properties":{"building":"yes","height":6,"heightSource":"default"},"geometry":{"type":"MultiPolygon","coordinates":[[[[441611.84,2140579.75],[441611.63,2140590.37],[441619.04,2140590.52],[441619.26,2140579.91],[441611.84,2140579.75]]]]}},{"type":"Feature","properties":{"building":"yes","height":6,"heightSource":"default"},"geometry":{"type":"MultiPolygon","coordinates":[[[[441590.17,2140602.56],[441589.42,2140609.58],[441599.23,2140610.89],[441600.27,2140606.49],[441590.17,2140602.56]]]]}},{"type":"Feature","properties":{"building":"yes","height":6,"heightSource":"default"},"geometry":{"type":"MultiPolygon","coordinates":[[[[441589.73,2140600.89],[441584,2140599.29],[441581.92,2140609.56],[441587.84,2140610.78],[441589.73,2140600.89]]]]}},{"type":"Feature","properties":{"building":"yes","height":6,"heightSource":"default"},"geometry":{"type":"MultiPolygon","coordinates":[[[[441584.32,2140597.24],[441579.25,2140595.37],[441577.61,2140599.78],[441575.45,2140605.58],[441580.52,2140607.44],[441584.32,2140597.24]]]]}},{"type":"Feature","properties":{"building":"yes","height":6,"heightSource":"default"},"geometry":{"type":"MultiPolygon","coordinates":[[[[441563.86,2140593.07],[441563.91,2140605.16],[441573.2,2140605.13],[441573.18,2140598.6],[441573.16,2140593.04],[441563.86,2140593.07]]]]}},{"type":"Feature","properties":{"building":"yes","height":6,"heightSource":"default"},"geometry":{"type":"MultiPolygon","coordinates":[[[[441580.28,2140591.55],[441574.56,2140589.24],[441574.38,2140590.4],[441573.18,2140598.6],[441577.61,2140599.78],[441580.28,2140591.55]]]]}},{"type":"Feature","properties":{"building":"yes","height":6,"heightSource":"default"},"geometry":{"type":"MultiPolygon","coordinates":[[[[441564.61,2140608.13],[441564.93,2140615.22],[441574.04,2140614.82],[441573.74,2140607.73],[441564.61,2140608.13]]]]}},{"type":"Feature","properties":{"building":"yes","height":6,"heightSource":"default"},"geometry":{"type":"MultiPolygon","coordinates":[[[[441586.69,2140569.19],[441584.94,2140582.8],[441587.45,2140583.22],[441592.85,2140583.71],[441593.86,2140583.94],[441595.61,2140570.32],[441586.69,2140569.19]]]]}},{"type":"Feature","properties":{"building":"yes","height":6,"heightSource":"default"},"geometry":{"type":"MultiPolygon","coordinates":[[[[441587.45,2140583.22],[441586.84,2140589.83],[441592.25,2140590.31],[441592.85,2140583.71],[441587.45,2140583.22]]]]}},{"type":"Feature","properties":{"building":"yes","height":6,"heightSource":"default"},"geometry":{"type":"MultiPolygon","coordinates":[[[[441596.36,2140588.21],[441595.61,2140595.43],[441605.33,2140596.41],[441606.07,2140589.2],[441596.36,2140588.21]]]]}},{"type":"Feature","properties":{"building":"yes","height":6,"heightSource":"default"},"geometry":{"type":"MultiPolygon","coordinates":[[[[441596.58,2140582.3],[441596.1,2140587],[441606.7,2140588.05],[441607.17,2140583.34],[441596.58,2140582.3]]]]}},{"type":"Feature","properties":{"building":"yes","height":6,"heightSource":"default"},"geometry":{"type":"MultiPolygon","coordinates":[[[[441597.5,2140573.27],[441596.77,2140580.52],[441606.9,2140581.52],[441607.64,2140574.27],[441597.5,2140573.27]]]]}},{"type":"Feature","properties":{"building":"yes","height":6,"heightSource":"default"},"geometry":{"type":"MultiPolygon","coordinates":[[[[441541.81,2140587.54],[441545.98,2140606.41],[441558.5,2140603.67],[441554.33,2140584.8],[441541.81,2140587.54]]]]}},{"type":"Feature","properties":{"building":"yes","height":6,"heightSource":"default"},"geometry":{"type":"MultiPolygon","coordinates":[[[[441545.98,2140606.41],[441548.53,2140615],[441551.46,2140614.76],[441559.65,2140612.86],[441560.9,2140612.68],[441558.5,2140603.67],[441545.98,2140606.41]]]]}},{"type":"Feature","properties":{"building":"yes","height":6,"heightSource":"default"},"geometry":{"type":"MultiPolygon","coordinates":[[[[441551.46,2140614.76],[441555.23,2140630.86],[441563.42,2140628.96],[441559.65,2140612.86],[441551.46,2140614.76]]]]}},{"type":"Feature","properties":{"building":"yes","height":6,"heightSource":"default"},"geometry":{"type":"MultiPolygon","coordinates":[[[[441630.65,2140580.57],[441630.9,2140593.15],[441640.34,2140592.96],[441640.09,2140580.38],[441630.65,2140580.57]]]]}},{"type":"Feature","properties":{"building":"yes","height":6,"heightSource":"default"},"geometry":{"type":"MultiPolygon","coordinates":[[[[441630.24,2140602.93],[441625.04,2140606.52],[441630.19,2140613.9],[441636.28,2140611.58],[441630.24,2140602.93]]]]}},{"type":"Feature","properties":{"building":"yes","height":6,"heightSource":"default"},"geometry":{"type":"MultiPolygon","coordinates":[[[[441640.53,2140600.08],[441643.26,2140608.01],[441653.99,2140604.35],[441651.24,2140596.43],[441640.53,2140600.08]]]]}},{"type":"Feature","properties":{"building":"yes","height":6,"heightSource":"default"},"geometry":{"type":"MultiPolygon","coordinates":[[[[441656.74,2140598.38],[441657.74,2140605.53],[441664.48,2140604.6],[441663.48,2140597.44],[441656.74,2140598.38]]]]}},{"type":"Feature","properties":{"building":"yes","height":6,"heightSource":"default"},"geometry":{"type":"MultiPolygon","coordinates":[[[[441641.9,2140570.66],[441643.89,2140578.05],[441645.06,2140577.72],[441649.88,2140576.19],[441650.96,2140576.16],[441648.97,2140568.78],[441641.9,2140570.66]]]]}},{"type":"Feature","properties":{"building":"yes","height":6,"heightSource":"default"},"geometry":{"type":"MultiPolygon","coordinates":[[[[441645.06,2140577.72],[441647.17,2140584.32],[441652,2140582.8],[441649.88,2140576.19],[441645.06,2140577.72]]]]}},{"type":"Feature","properties":{"building":"yes","height":6,"heightSource":"default"},"geometry":{"type":"MultiPolygon","coordinates":[[[[441673.46,2140583.17],[441661.98,2140586.25],[441665.33,2140594.13],[441675.8,2140590.51],[441673.46,2140583.17]]]]}},{"type":"Feature","properties":{"building":"yes","height":6,"heightSource":"default"},"geometry":{"type":"MultiPolygon","coordinates":[[[[441613.73,2140567.26],[441612.88,2140576.35],[441619.73,2140576.98],[441620.58,2140567.89],[441613.73,2140567.26]]]]}},{"type":"Feature","properties":{"building":"yes","height":6,"heightSource":"default"},"geometry":{"type":"MultiPolygon","coordinates":[[[[441615.28,2140562.25],[441615.49,2140566.32],[441621.02,2140566.05],[441620.83,2140561.98],[441615.28,2140562.25]]]]}},{"type":"Feature","properties":{"building":"yes","height":6,"heightSource":"default"},"geometry":{"type":"MultiPolygon","coordinates":[[[[441624.96,2140561.66],[441624.25,2140567.97],[441626.31,2140568.2],[441625.95,2140571.42],[441632.42,2140572.13],[441633.48,2140562.6],[441624.96,2140561.66]]]]}},{"type":"Feature","properties":{"building":"yes","height":6,"heightSource":"default"},"geometry":{"type":"MultiPolygon","coordinates":[[[[441576.49,2140560.81],[441573.96,2140575.57],[441583.35,2140577.17],[441585.88,2140562.41],[441576.49,2140560.81]]]]}},{"type":"Feature","properties":{"building":"yes","height":6,"heightSource":"default"},"geometry":{"type":"MultiPolygon","coordinates":[[[[441585.98,2140553.79],[441585.21,2140561.73],[441596.69,2140562.81],[441597.44,2140554.87],[441585.98,2140553.79]]]]}},{"type":"Feature","properties":{"building":"yes","height":6,"heightSource":"default"},"geometry":{"type":"MultiPolygon","coordinates":[[[[441600.06,2140546.65],[441599.91,2140533.77],[441611.86,2140533.64],[441612,2140546.52],[441600.06,2140546.65]]]]}},{"type":"Feature","properties":{"building":"yes","height":6,"heightSource":"default"},"geometry":{"type":"MultiPolygon","coordinates":[[[[441547.83,2140565.95],[441546.26,2140574.55],[441556.04,2140576.32],[441557.61,2140567.71],[441547.83,2140565.95]]]]}},{"type":"Feature","properties":{"building":"yes","height":6,"heightSource":"default"},"geometry":{"type":"MultiPolygon","coordinates":[[[[441561.85,2140554.2],[441558.2,2140576.77],[441568.84,2140578.48],[441572.5,2140555.91],[441561.85,2140554.2]]]]}},{"type":"Feature","properties":{"building":"yes","height":6,"heightSource":"default"},"geometry":{"type":"MultiPolygon","coordinates":[[[[441571.63,2140534.07],[441571.46,2140549.39],[441580.79,2140549.49],[441580.97,2140534.17],[441571.63,2140534.07]]]]}},{"type":"Feature","properties":{"building":"yes","height":6,"heightSource":"default"},"geometry":{"type":"MultiPolygon","coordinates":[[[[441582.38,2140537.06],[441582.47,2140547.42],[441590.73,2140547.36],[441590.66,2140537],[441582.38,2140537.06]]]]}},{"type":"Feature","properties":{"building":"yes","height":6,"heightSource":"default"},"geometry":{"type":"MultiPolygon","coordinates":[[[[441565.59,2140538.22],[441564.46,2140546.82],[441569.78,2140547.51],[441570.91,2140538.91],[441565.59,2140538.22]]]]}},{"type":"Feature","properties":{"building":"yes","height":6,"heightSource":"default"},"geometry":{"type":"MultiPolygon","coordinates":[[[[441540,2140622.72],[441545.44,2140635.56],[441553.52,2140632.17],[441548.08,2140619.33],[441540,2140622.72]]]]}},{"type":"Feature","properties":{"building":"yes","height":6,"heightSource":"default"},"geometry":{"type":"MultiPolygon","coordinates":[[[[441537.55,2140627.49],[441530.65,2140629.65],[441534,2140640.26],[441540.92,2140638.1],[441537.55,2140627.49]]]]}},{"type":"Feature","properties":{"building":"yes","height":6,"heightSource":"default"},"geometry":{"type":"MultiPolygon","coordinates":[[[[441325.96,2140850.34],[441302.59,2140879.28],[441313.25,2140887.79],[441336.63,2140858.85],[441325.96,2140850.34]]]]}},{"type":"Feature","properties":{"building":"yes","height":6,"heightSource":"default"},"geometry":{"type":"MultiPolygon","coordinates":[[[[441348.86,2140829.18],[441334.85,2140839.71],[441355.55,2140866.94],[441369.56,2140856.43],[441348.86,2140829.18]]]]}},{"type":"Feature","properties":{"building":"yes","height":6,"heightSource":"default"},"geometry":{"type":"MultiPolygon","coordinates":[[[[441326.04,2140894.64],[441312.63,2140888.99],[441280.81,2140963.53],[441294.24,2140969.2],[441326.04,2140894.64]]]]}},{"type":"Feature","properties":{"building":"yes","height":6,"heightSource":"default"},"geometry":{"type":"MultiPolygon","coordinates":[[[[441266.93,2140920.51],[441258.57,2140923.14],[441266.14,2140945.03],[441273.67,2140942.85],[441266.93,2140920.51]]]]}},{"type":"Feature","properties":{"building":"yes","height":6,"heightSource":"default"},"geometry":{"type":"MultiPolygon","coordinates":[[[[441266.93,2140920.51],[441276.09,2140917.78],[441282.85,2140940.11],[441273.67,2140942.85],[441266.93,2140920.51]]]]}},{"type":"Feature","properties":{"building":"yes","height":6,"heightSource":"default"},"geometry":{"type":"MultiPolygon","coordinates":[[[[441384.18,2140931.58],[441367.66,2140929.02],[441354.7,2141011.63],[441371.24,2141014.19],[441384.18,2140931.58]]]]}},{"type":"Feature","properties":{"building":"yes","height":6,"heightSource":"default"},"geometry":{"type":"MultiPolygon","coordinates":[[[[441649.19,2140547.74],[441652.73,2140559.9],[441663.22,2140556.89],[441659.69,2140544.73],[441649.19,2140547.74]]]]}},{"type":"Feature","properties":{"building":"yes","height":6,"heightSource":"default"},"geometry":{"type":"MultiPolygon","coordinates":[[[[441640.16,2140559.36],[441638.16,2140548.76],[441644.81,2140547.52],[441646.8,2140558.13],[441640.16,2140559.36]]]]}},{"type":"Feature","properties":{"building":"yes","height":6,"heightSource":"default"},"geometry":{"type":"MultiPolygon","coordinates":[[[[441618.33,2140551.08],[441618.2,2140541.99],[441625.85,2140541.89],[441625.97,2140550.98],[441618.33,2140551.08]]]]}},{"type":"Feature","properties":{"building":"yes","height":6,"heightSource":"default"},"geometry":{"type":"MultiPolygon","coordinates":[[[[441621,2140529.08],[441620.92,2140537.91],[441630.29,2140537.99],[441630.37,2140529.16],[441621,2140529.08]]]]}},{"type":"Feature","properties":{"building":"yes","height":6,"heightSource":"default"},"geometry":{"type":"MultiPolygon","coordinates":[[[[441509.06,2140676.52],[441502.2,2140678.91],[441507.03,2140692.6],[441499.68,2140695.17],[441503.36,2140705.56],[441510.98,2140702.9],[441511.96,2140705.64],[441523.17,2140701.73],[441519.79,2140692.16],[441515.16,2140693.78],[441509.06,2140676.52]]]]}},{"type":"Feature","properties":{"building":"yes","height":6,"heightSource":"default"},"geometry":{"type":"MultiPolygon","coordinates":[[[[441511.15,2140672.59],[441514.45,2140682.51],[441526.99,2140678.39],[441523.7,2140668.46],[441511.15,2140672.59]]]]}},{"type":"Feature","properties":{"building":"yes","height":6,"heightSource":"default"},"geometry":{"type":"MultiPolygon","coordinates":[[[[441541.06,2140649.33],[441542.94,2140655.89],[441553.16,2140652.99],[441551.27,2140646.43],[441541.06,2140649.33]]]]}},{"type":"Feature","properties":{"building":"yes","height":6,"heightSource":"default"},"geometry":{"type":"MultiPolygon","coordinates":[[[[441523.64,2140667.23],[441520.1,2140661.42],[441526.93,2140657.32],[441530.6,2140655.11],[441534.13,2140660.93],[441523.64,2140667.23]]]]}},{"type":"Feature","properties":{"building":"yes","height":6,"heightSource":"default"},"geometry":{"type":"MultiPolygon","coordinates":[[[[441973.15,2143018.97],[441981.43,2143011.59],[441976.95,2143006.62],[441968.67,2143013.99],[441973.15,2143018.97]]]]}},{"type":"Feature","properties":{"building":"yes","height":6,"heightSource":"default"},"geometry":{"type":"MultiPolygon","coordinates":[[[[441967.25,2143023.11],[441970.68,2143020.03],[441967.88,2143016.95],[441964.45,2143020.04],[441967.25,2143023.11]]]]}},{"type":"Feature","properties":{"building":"yes","height":6,"heightSource":"default"},"geometry":{"type":"MultiPolygon","coordinates":[[[[441955.99,2143026.51],[441960.63,2143022.72],[441956.82,2143018.11],[441952.18,2143021.9],[441955.99,2143026.51]]]]}},{"type":"Feature","properties":{"building":"yes","height":6,"heightSource":"default"},"geometry":{"type":"MultiPolygon","coordinates":[[[[441962.58,2143037.21],[441968.56,2143033.22],[441962.7,2143024.49],[441956.7,2143028.47],[441962.58,2143037.21]]]]}},{"type":"Feature","properties":{"building":"yes","height":6,"heightSource":"default"},"geometry":{"type":"MultiPolygon","coordinates":[[[[441934.97,2143013.35],[441938.31,2143018.04],[441947.17,2143011.78],[441943.82,2143007.09],[441934.97,2143013.35]]]]}},{"type":"Feature","properties":{"building":"yes","height":6,"heightSource":"default"},"geometry":{"type":"MultiPolygon","coordinates":[[[[441951.4,2142999.86],[441960.27,2142998.99],[441959.32,2142989.33],[441950.45,2142990.2],[441951.4,2142999.86]]]]}},{"type":"Feature","properties":{"building":"yes","height":6,"heightSource":"default"},"geometry":{"type":"MultiPolygon","coordinates":[[[[441940.08,2143006.06],[441949.29,2143000.71],[441943.78,2142991.34],[441934.58,2142996.68],[441940.08,2143006.06]]]]}},{"type":"Feature","properties":{"building":"yes","height":6,"heightSource":"default"},"geometry":{"type":"MultiPolygon","coordinates":[[[[441929.05,2143014.63],[441939.46,2143008.51],[441933.51,2142998.52],[441923.1,2143004.65],[441929.05,2143014.63]]]]}},{"type":"Feature","properties":{"building":"yes","height":6,"heightSource":"default"},"geometry":{"type":"MultiPolygon","coordinates":[[[[441845.19,2142951.98],[441856.45,2142948.93],[441853.33,2142937.53],[441842.08,2142940.58],[441845.19,2142951.98]]]]}},{"type":"Feature","properties":{"building":"yes","height":6,"heightSource":"default"},"geometry":{"type":"MultiPolygon","coordinates":[[[[441838.73,2142957.81],[441844.2,2142956.45],[441841.99,2142947.64],[441836.53,2142948.99],[441838.73,2142957.81]]]]}},{"type":"Feature","properties":{"building":"yes","height":6,"heightSource":"default"},"geometry":{"type":"MultiPolygon","coordinates":[[[[441856.9,2142975.94],[441863.64,2142973.47],[441861.24,2142966.96],[441854.48,2142969.43],[441856.9,2142975.94]]]]}},{"type":"Feature","properties":{"building":"yes","height":6,"heightSource":"default"},"geometry":{"type":"MultiPolygon","coordinates":[[[[441875.27,2142973.44],[441872.7,2142964.97],[441864.46,2142967.44],[441867.02,2142975.9],[441875.27,2142973.44]]]]}},{"type":"Feature","properties":{"building":"yes","height":6,"heightSource":"default"},"geometry":{"type":"MultiPolygon","coordinates":[[[[441862.42,2142965.5],[441870.94,2142962.95],[441867.75,2142952.45],[441859.24,2142955],[441862.42,2142965.5]]]]}},{"type":"Feature","properties":{"building":"yes","height":6,"heightSource":"default"},"geometry":{"type":"MultiPolygon","coordinates":[[[[441858.58,2142940.69],[441865.71,2142938.22],[441864.16,2142933.79],[441857.02,2142936.27],[441858.58,2142940.69]]]]}},{"type":"Feature","properties":{"building":"yes","height":6,"heightSource":"default"},"geometry":{"type":"MultiPolygon","coordinates":[[[[441860.2,2142952.9],[441869.42,2142950.27],[441866.13,2142938.94],[441856.92,2142941.57],[441860.2,2142952.9]]]]}},{"type":"Feature","properties":{"building":"yes","height":6,"heightSource":"default"},"geometry":{"type":"MultiPolygon","coordinates":[[[[441873.62,2142944.46],[441881.57,2142941.7],[441878.85,2142933.94],[441870.91,2142936.7],[441873.62,2142944.46]]]]}},{"type":"Feature","properties":{"building":"yes","height":6,"heightSource":"default"},"geometry":{"type":"MultiPolygon","coordinates":[[[[441873.33,2142963.64],[441886.34,2142959.11],[441882.03,2142946.85],[441869.02,2142951.37],[441873.33,2142963.64]]]]}},{"type":"Feature","properties":{"building":"yes","height":6,"heightSource":"default"},"geometry":{"type":"MultiPolygon","coordinates":[[[[441879.51,2142980.42],[441893.23,2142976.81],[441889.84,2142964.08],[441876.12,2142967.7],[441879.51,2142980.42]]]]}},{"type":"Feature","properties":{"building":"yes","height":6,"heightSource":"default"},"geometry":{"type":"MultiPolygon","coordinates":[[[[441881.24,2142992.74],[441890.96,2142990.04],[441888.78,2142982.31],[441879.07,2142985],[441881.24,2142992.74]]]]}},{"type":"Feature","properties":{"building":"yes","height":6,"heightSource":"default"},"geometry":{"type":"MultiPolygon","coordinates":[[[[441846.29,2142985.36],[441857.41,2142981.68],[441854.81,2142973.94],[441843.7,2142977.62],[441846.29,2142985.36]]]]}},{"type":"Feature","properties":{"building":"yes","height":6,"heightSource":"default"},"geometry":{"type":"MultiPolygon","coordinates":[[[[441862.99,2142991.26],[441870.74,2142989.2],[441868.93,2142982.49],[441861.2,2142984.55],[441862.99,2142991.26]]]]}},{"type":"Feature","properties":{"building":"yes","height":6,"heightSource":"default"},"geometry":{"type":"MultiPolygon","coordinates":[[[[441853.26,2143006.68],[441860.93,2143005.19],[441859.46,2142997.71],[441851.78,2142999.21],[441853.26,2143006.68]]]]}},{"type":"Feature","properties":{"building":"yes","height":6,"heightSource":"default"},"geometry":{"type":"MultiPolygon","coordinates":[[[[441863.48,2143009.17],[441868.08,2143008],[441866.72,2143002.75],[441862.12,2143003.93],[441863.48,2143009.17]]]]}},{"type":"Feature","properties":{"building":"yes","height":6,"heightSource":"default"},"geometry":{"type":"MultiPolygon","coordinates":[[[[441868.81,2143005.09],[441874.67,2143003.47],[441872.25,2142994.87],[441866.39,2142996.49],[441868.81,2143005.09]]]]}},{"type":"Feature","properties":{"building":"yes","height":6,"heightSource":"default"},"geometry":{"type":"MultiPolygon","coordinates":[[[[441879.94,2143002.75],[441889.79,2142999.57],[441887.31,2142992.01],[441877.47,2142995.18],[441879.94,2143002.75]]]]}},{"type":"Feature","properties":{"building":"yes","height":6,"heightSource":"default"},"geometry":{"type":"MultiPolygon","coordinates":[[[[441893.6,2143001.65],[441904.21,2142998.12],[441901.45,2142989.91],[441890.83,2142993.44],[441893.6,2143001.65]]]]}},{"type":"Feature","properties":{"building":"yes","height":6,"heightSource":"default"},"geometry":{"type":"MultiPolygon","coordinates":[[[[441904.61,2143010.37],[441913.18,2143005.58],[441909.28,2142998.67],[441900.7,2143003.45],[441904.61,2143010.37]]]]}},{"type":"Feature","properties":{"building":"yes","height":6,"heightSource":"default"},"geometry":{"type":"MultiPolygon","coordinates":[[[[441872.18,2143022.23],[441879.57,2143020.32],[441877.65,2143013.01],[441870.26,2143014.93],[441872.18,2143022.23]]]]}},{"type":"Feature","properties":{"building":"yes","height":6,"heightSource":"default"},"geometry":{"type":"MultiPolygon","coordinates":[[[[441860.51,2143027.94],[441866.43,2143026.52],[441864,2143016.55],[441858.09,2143017.96],[441860.51,2143027.94]]]]}},{"type":"Feature","properties":{"building":"yes","height":6,"heightSource":"default"},"geometry":{"type":"MultiPolygon","coordinates":[[[[441851.65,2143034.34],[441859.99,2143032.55],[441856.63,2143017.03],[441848.3,2143018.81],[441851.65,2143034.34]]]]}},{"type":"Feature","properties":{"building":"yes","height":6,"heightSource":"default"},"geometry":{"type":"MultiPolygon","coordinates":[[[[441896.99,2143029.65],[441903.46,2143026.68],[441899.72,2143018.61],[441893.25,2143021.57],[441896.99,2143029.65]]]]}},{"type":"Feature","properties":{"building":"yes","height":6,"heightSource":"default"},"geometry":{"type":"MultiPolygon","coordinates":[[[[441872.02,2143039.66],[441889.75,2143033.86],[441886.71,2143024.67],[441868.98,2143030.47],[441872.02,2143039.66]]]]}},{"type":"Feature","properties":{"building":"yes","height":6,"heightSource":"default"},"geometry":{"type":"MultiPolygon","coordinates":[[[[441855.01,2143045.17],[441865.98,2143040.52],[441864.19,2143036.38],[441853.22,2143041.03],[441855.01,2143045.17]]]]}},{"type":"Feature","properties":{"building":"yes","height":6,"heightSource":"default"},"geometry":{"type":"MultiPolygon","coordinates":[[[[441867.3,2143058.71],[441863.46,2143049.48],[441856.66,2143052.28],[441860.49,2143061.51],[441867.3,2143058.71]]]]}},{"type":"Feature","properties":{"building":"yes","height":6,"heightSource":"default"},"geometry":{"type":"MultiPolygon","coordinates":[[[[441878.9,2143052.31],[441873.3,2143040.21],[441866.72,2143043.23],[441869.96,2143050.21],[441867.47,2143051.34],[441869.84,2143056.46],[441878.9,2143052.31]]]]}},{"type":"Feature","properties":{"building":"yes","height":6,"heightSource":"default"},"geometry":{"type":"MultiPolygon","coordinates":[[[[441884.94,2143048.3],[441880.12,2143038.65],[441875.63,2143040.87],[441880.45,2143050.51],[441884.94,2143048.3]]]]}},{"type":"Feature","properties":{"building":"yes","height":6,"heightSource":"default"},"geometry":{"type":"MultiPolygon","coordinates":[[[[441885.64,2143048.02],[441894.08,2143044.56],[441890.47,2143035.86],[441882.04,2143039.32],[441885.64,2143048.02]]]]}},{"type":"Feature","properties":{"building":"yes","height":6,"heightSource":"default"},"geometry":{"type":"MultiPolygon","coordinates":[[[[441900,2143045.32],[441896.96,2143040.35],[441894.3,2143041.96],[441897.34,2143046.92],[441900,2143045.32]]]]}},{"type":"Feature","properties":{"building":"yes","height":6,"heightSource":"default"},"geometry":{"type":"MultiPolygon","coordinates":[[[[441901.76,2143044.47],[441908.64,2143039.83],[441902.84,2143031.31],[441895.95,2143035.95],[441901.76,2143044.47]]]]}},{"type":"Feature","properties":{"building":"yes","height":6,"heightSource":"default"},"geometry":{"type":"MultiPolygon","coordinates":[[[[441898.88,2143047.77],[441902.34,2143053.14],[441910.85,2143047.73],[441907.38,2143042.35],[441898.88,2143047.77]]]]}},{"type":"Feature","properties":{"building":"yes","height":6,"heightSource":"default"},"geometry":{"type":"MultiPolygon","coordinates":[[[[441892.58,2143058.84],[441899.05,2143055.95],[441895.95,2143049.1],[441889.48,2143052],[441892.58,2143058.84]]]]}},{"type":"Feature","properties":{"building":"yes","height":6,"heightSource":"default"},"geometry":{"type":"MultiPolygon","coordinates":[[[[441965.03,2142881.73],[441985.72,2142874.81],[441981.65,2142862.8],[441960.97,2142869.73],[441965.03,2142881.73]]]]}},{"type":"Feature","properties":{"building":"yes","height":6,"heightSource":"default"},"geometry":{"type":"MultiPolygon","coordinates":[[[[441983.44,2142912.05],[442008.9,2142903.99],[442005.31,2142892.77],[441979.85,2142900.84],[441983.44,2142912.05]]]]}},{"type":"Feature","properties":{"building":"yes","height":6,"heightSource":"default"},"geometry":{"type":"MultiPolygon","coordinates":[[[[442047.34,2142944.05],[442057.52,2142938.95],[442051.29,2142926.64],[442041.11,2142931.74],[442047.34,2142944.05]]]]}},{"type":"Feature","properties":{"building":"yes","height":6,"heightSource":"default"},"geometry":{"type":"MultiPolygon","coordinates":[[[[442031.63,2142963],[442049.2,2142954.54],[442041.9,2142939.52],[442024.31,2142947.97],[442031.63,2142963]]]]}},{"type":"Feature","properties":{"building":"yes","height":6,"heightSource":"default"},"geometry":{"type":"MultiPolygon","coordinates":[[[[441997.75,2142982.7],[442009.43,2142978.33],[442006.16,2142969.73],[441994.49,2142974.11],[441997.75,2142982.7]]]]}},{"type":"Feature","properties":{"building":"yes","height":6,"heightSource":"default"},"geometry":{"type":"MultiPolygon","coordinates":[[[[441983.23,2142980.08],[441992.36,2142976.77],[441984.11,2142954.4],[441975,2142957.71],[441983.23,2142980.08]]]]}},{"type":"Feature","properties":{"building":"yes","height":6,"heightSource":"default"},"geometry":{"type":"MultiPolygon","coordinates":[[[[441969.72,2142938.83],[441979.28,2142936.25],[441970.73,2142904.92],[441961.18,2142907.5],[441969.72,2142938.83]]]]}},{"type":"Feature","properties":{"building":"yes","height":6,"heightSource":"default"},"geometry":{"type":"MultiPolygon","coordinates":[[[[441955.62,2142932.01],[441957.42,2142937.54],[441964.24,2142935.35],[441962.44,2142929.82],[441955.62,2142932.01]]]]}},{"type":"Feature","properties":{"building":"yes","height":6,"heightSource":"default"},"geometry":{"type":"MultiPolygon","coordinates":[[[[441945.23,2142918.76],[441950.92,2142916.49],[441949.07,2142911.87],[441943.38,2142914.14],[441945.23,2142918.76]]]]}},{"type":"Feature","properties":{"building":"yes","height":6,"heightSource":"default"},"geometry":{"type":"MultiPolygon","coordinates":[[[[441956.51,2142926.35],[441960.79,2142925.55],[441958.71,2142914.63],[441954.44,2142915.43],[441956.51,2142926.35]]]]}},{"type":"Feature","properties":{"building":"yes","height":6,"heightSource":"default"},"geometry":{"type":"MultiPolygon","coordinates":[[[[441950.33,2142932.24],[441956.29,2142930.27],[441952.1,2142917.76],[441946.15,2142919.73],[441950.33,2142932.24]]]]}},{"type":"Feature","properties":{"building":"yes","height":6,"heightSource":"default"},"geometry":{"type":"MultiPolygon","coordinates":[[[[441950.44,2142941.35],[441953.11,2142947.59],[441959.94,2142944.7],[441957.26,2142938.45],[441950.44,2142941.35]]]]}},{"type":"Feature","properties":{"building":"yes","height":6,"heightSource":"default"},"geometry":{"type":"MultiPolygon","coordinates":[[[[441938.13,2142943.9],[441950.64,2142939.1],[441949.35,2142935.76],[441936.82,2142940.56],[441938.13,2142943.9]]]]}},{"type":"Feature","properties":{"building":"yes","height":6,"heightSource":"default"},"geometry":{"type":"MultiPolygon","coordinates":[[[[441940.17,2142944.46],[441942.45,2142950.24],[441948.78,2142947.76],[441946.5,2142941.99],[441940.17,2142944.46]]]]}},{"type":"Feature","properties":{"building":"yes","height":6,"heightSource":"default"},"geometry":{"type":"MultiPolygon","coordinates":[[[[441949.58,2142934.62],[441943.75,2142918.13],[441935.96,2142920.85],[441939.26,2142930.19],[441937.35,2142930.86],[441939.26,2142936.27],[441941.18,2142935.6],[441941.79,2142937.35],[441949.58,2142934.62]]]]}},{"type":"Feature","properties":{"building":"yes","height":6,"heightSource":"default"},"geometry":{"type":"MultiPolygon","coordinates":[[[[441936.21,2142918.92],[441942.13,2142917.09],[441940.33,2142911.41],[441934.43,2142913.25],[441936.21,2142918.92]]]]}},{"type":"Feature","properties":{"building":"yes","height":6,"heightSource":"default"},"geometry":{"type":"MultiPolygon","coordinates":[[[[441925.6,2142925.6],[441933.2,2142923.34],[441930.45,2142914.23],[441922.85,2142916.49],[441925.6,2142925.6]]]]}},{"type":"Feature","properties":{"building":"yes","height":6,"heightSource":"default"},"geometry":{"type":"MultiPolygon","coordinates":[[[[441931.42,2142939.24],[441936.42,2142938.1],[441935.32,2142933.33],[441930.33,2142934.47],[441931.42,2142939.24]]]]}},{"type":"Feature","properties":{"building":"yes","height":6,"heightSource":"default"},"geometry":{"type":"MultiPolygon","coordinates":[[[[441941.2,2142981.62],[441945.53,2142979.98],[441941.48,2142969.43],[441937.15,2142971.07],[441941.2,2142981.62]]]]}},{"type":"Feature","properties":{"building":"yes","height":6,"heightSource":"default"},"geometry":{"type":"MultiPolygon","coordinates":[[[[441934.68,2142968.97],[441943.41,2142965.66],[441941,2142959.42],[441932.27,2142962.73],[441934.68,2142968.97]]]]}},{"type":"Feature","properties":{"building":"yes","height":6,"heightSource":"default"},"geometry":{"type":"MultiPolygon","coordinates":[[[[441931.35,2142961.7],[441940.53,2142957.88],[441935.64,2142946.28],[441926.45,2142950.1],[441931.35,2142961.7]]]]}},{"type":"Feature","properties":{"building":"yes","height":6,"heightSource":"default"},"geometry":{"type":"MultiPolygon","coordinates":[[[[441917.74,2142956.36],[441923.76,2142954.98],[441921.77,2142946.38],[441915.74,2142947.76],[441917.74,2142956.36]]]]}},{"type":"Feature","properties":{"building":"yes","height":6,"heightSource":"default"},"geometry":{"type":"MultiPolygon","coordinates":[[[[441915.45,2142945.73],[441924.75,2142943.53],[441922.53,2142934.3],[441913.25,2142936.5],[441915.45,2142945.73]]]]}},{"type":"Feature","properties":{"building":"yes","height":6,"heightSource":"default"},"geometry":{"type":"MultiPolygon","coordinates":[[[[441913.09,2142934.12],[441922.92,2142931.24],[441920,2142921.38],[441910.17,2142924.26],[441913.09,2142934.12]]]]}},{"type":"Feature","properties":{"building":"yes","height":6,"heightSource":"default"},"geometry":{"type":"MultiPolygon","coordinates":[[[[441903.1,2142937.16],[441910.74,2142934.85],[441906.4,2142920.65],[441898.76,2142922.96],[441903.1,2142937.16]]]]}},{"type":"Feature","properties":{"building":"yes","height":6,"heightSource":"default"},"geometry":{"type":"MultiPolygon","coordinates":[[[[441889.51,2142934.12],[441897.1,2142932.07],[441894.93,2142924.14],[441887.34,2142926.19],[441889.51,2142934.12]]]]}},{"type":"Feature","properties":{"building":"yes","height":6,"heightSource":"default"},"geometry":{"type":"MultiPolygon","coordinates":[[[[441894.63,2142949.78],[441903,2142947.02],[441901.54,2142942.64],[441893.16,2142945.4],[441894.63,2142949.78]]]]}},{"type":"Feature","properties":{"building":"yes","height":6,"heightSource":"default"},"geometry":{"type":"MultiPolygon","coordinates":[[[[441897.97,2142961.47],[441908.28,2142958.59],[441905.29,2142947.97],[441894.98,2142950.83],[441897.97,2142961.47]]]]}},{"type":"Feature","properties":{"building":"yes","height":6,"heightSource":"default"},"geometry":{"type":"MultiPolygon","coordinates":[[[[441916.95,2142970.65],[441924.87,2142966.36],[441920.85,2142959],[441912.92,2142963.29],[441916.95,2142970.65]]]]}},{"type":"Feature","properties":{"building":"yes","height":6,"heightSource":"default"},"geometry":{"type":"MultiPolygon","coordinates":[[[[441904.92,2142975.72],[441913.86,2142970.89],[441908.46,2142961.01],[441899.52,2142965.84],[441904.92,2142975.72]]]]}},{"type":"Feature","properties":{"building":"yes","height":6,"heightSource":"default"},"geometry":{"type":"MultiPolygon","coordinates":[[[[441925,2142980.06],[441932.17,2142976.19],[441928.27,2142969.06],[441921.1,2142972.94],[441925,2142980.06]]]]}},{"type":"Feature","properties":{"building":"yes","height":6,"heightSource":"default"},"geometry":{"type":"MultiPolygon","coordinates":[[[[441916.66,2142992.48],[441924.97,2142987.99],[441916.6,2142972.67],[441908.28,2142977.16],[441916.66,2142992.48]]]]}},{"type":"Feature","properties":{"building":"yes","height":6,"heightSource":"default"},"geometry":{"type":"MultiPolygon","coordinates":[[[[441783.32,2142934.6],[441791.4,2142930.58],[441787.51,2142922.83],[441779.42,2142926.85],[441783.32,2142934.6]]]]}},{"type":"Feature","properties":{"building":"yes","height":6,"heightSource":"default"},"geometry":{"type":"MultiPolygon","coordinates":[[[[441777.62,2142958.35],[441770.9,2142949.69],[441766.85,2142952.79],[441773.57,2142961.46],[441777.62,2142958.35]]]]}},{"type":"Feature","properties":{"building":"yes","height":6,"heightSource":"default"},"geometry":{"type":"MultiPolygon","coordinates":[[[[441775.91,2142954.16],[441782.73,2142949.11],[441774.11,2142937.59],[441767.29,2142942.63],[441775.91,2142954.16]]]]}},{"type":"Feature","properties":{"building":"yes","height":6,"heightSource":"default"},"geometry":{"type":"MultiPolygon","coordinates":[[[[441759.53,2142940.63],[441765.79,2142936.62],[441761.79,2142930.46],[441755.53,2142934.46],[441759.53,2142940.63]]]]}},{"type":"Feature","properties":{"building":"yes","height":6,"heightSource":"default"},"geometry":{"type":"MultiPolygon","coordinates":[[[[441756.69,2142931.95],[441768.84,2142924.29],[441764.99,2142918.24],[441752.84,2142925.91],[441756.69,2142931.95]]]]}},{"type":"Feature","properties":{"building":"yes","height":6,"heightSource":"default"},"geometry":{"type":"MultiPolygon","coordinates":[[[[441751.43,2142917.41],[441754.58,2142922.7],[441762.6,2142917.99],[441759.44,2142912.7],[441751.43,2142917.41]]]]}},{"type":"Feature","properties":{"building":"yes","height":6,"heightSource":"default"},"geometry":{"type":"MultiPolygon","coordinates":[[[[441750.8,2142916.23],[441759.66,2142911.23],[441754.01,2142901.34],[441745.15,2142906.34],[441750.8,2142916.23]]]]}},{"type":"Feature","properties":{"building":"yes","height":6,"heightSource":"default"},"geometry":{"type":"MultiPolygon","coordinates":[[[[441767.53,2142907.98],[441771.13,2142913.95],[441778.09,2142909.8],[441774.48,2142903.83],[441767.53,2142907.98]]]]}},{"type":"Feature","properties":{"building":"yes","height":6,"heightSource":"default"},"geometry":{"type":"MultiPolygon","coordinates":[[[[441768.64,2142904.27],[441774.69,2142900.89],[441770.38,2142893.28],[441764.33,2142896.66],[441768.64,2142904.27]]]]}},{"type":"Feature","properties":{"building":"yes","height":6,"heightSource":"default"},"geometry":{"type":"MultiPolygon","coordinates":[[[[441783.33,2142896.87],[441791.14,2142893.14],[441787.5,2142885.62],[441779.7,2142889.36],[441783.33,2142896.87]]]]}},{"type":"Feature","properties":{"building":"yes","height":6,"heightSource":"default"},"geometry":{"type":"MultiPolygon","coordinates":[[[[441798.76,2142895.63],[441812.9,2142892.23],[441809.6,2142878.7],[441795.46,2142882.11],[441798.76,2142895.63]]]]}},{"type":"Feature","properties":{"building":"yes","height":6,"heightSource":"default"},"geometry":{"type":"MultiPolygon","coordinates":[[[[441811.58,2142901.05],[441816.58,2142900.19],[441815.33,2142892.94],[441810.33,2142893.79],[441811.58,2142901.05]]]]}},{"type":"Feature","properties":{"building":"yes","height":6,"heightSource":"default"},"geometry":{"type":"MultiPolygon","coordinates":[[[[441802.79,2142904.02],[441809.9,2142902.67],[441808.39,2142894.82],[441801.28,2142896.17],[441802.79,2142904.02]]]]}},{"type":"Feature","properties":{"building":"yes","height":6,"heightSource":"default"},"geometry":{"type":"MultiPolygon","coordinates":[[[[441799.03,2142915.44],[441805.01,2142913.19],[441802.78,2142907.36],[441796.8,2142909.62],[441799.03,2142915.44]]]]}},{"type":"Feature","properties":{"building":"yes","height":6,"heightSource":"default"},"geometry":{"type":"MultiPolygon","coordinates":[[[[441810.38,2142918.63],[441819.59,2142916.49],[441816.38,2142902.75],[441807.16,2142904.88],[441810.38,2142918.63]]]]}},{"type":"Feature","properties":{"building":"yes","height":6,"heightSource":"default"},"geometry":{"type":"MultiPolygon","coordinates":[[[[441802.02,2142924.46],[441809.62,2142922.76],[441807.99,2142915.58],[441800.39,2142917.27],[441802.02,2142924.46]]]]}},{"type":"Feature","properties":{"building":"yes","height":6,"heightSource":"default"},"geometry":{"type":"MultiPolygon","coordinates":[[[[441804.39,2142938.77],[441802.06,2142927.99],[441795.09,2142929.49],[441797.42,2142940.26],[441804.39,2142938.77]]]]}},{"type":"Feature","properties":{"building":"yes","height":6,"heightSource":"default"},"geometry":{"type":"MultiPolygon","coordinates":[[[[441809.09,2142945.26],[441807.87,2142938.65],[441804.37,2142939.29],[441805.58,2142945.91],[441809.09,2142945.26]]]]}},{"type":"Feature","properties":{"building":"yes","height":6,"heightSource":"default"},"geometry":{"type":"MultiPolygon","coordinates":[[[[441810.08,2142944.7],[441815.67,2142943.77],[441814.47,2142936.67],[441808.88,2142937.61],[441810.08,2142944.7]]]]}},{"type":"Feature","properties":{"building":"yes","height":6,"heightSource":"default"},"geometry":{"type":"MultiPolygon","coordinates":[[[[441812.59,2142950.64],[441816.01,2142950.18],[441815.35,2142945.43],[441811.94,2142945.91],[441812.59,2142950.64]]]]}},{"type":"Feature","properties":{"building":"yes","height":6,"heightSource":"default"},"geometry":{"type":"MultiPolygon","coordinates":[[[[441817.87,2142949.43],[441818.49,2142953.14],[441826.02,2142951.89],[441825.4,2142948.19],[441817.87,2142949.43]]]]}},{"type":"Feature","properties":{"building":"yes","height":6,"heightSource":"default"},"geometry":{"type":"MultiPolygon","coordinates":[[[[441817.09,2142947.86],[441825.68,2142946.86],[441824.43,2142936.31],[441815.84,2142937.31],[441817.09,2142947.86]]]]}},{"type":"Feature","properties":{"building":"yes","height":6,"heightSource":"default"},"geometry":{"type":"MultiPolygon","coordinates":[[[[441807.55,2142958.75],[441813.91,2142955.49],[441810.37,2142948.64],[441804.01,2142951.9],[441807.55,2142958.75]]]]}},{"type":"Feature","properties":{"building":"yes","height":6,"heightSource":"default"},"geometry":{"type":"MultiPolygon","coordinates":[[[[441793.03,2142953.96],[441799.21,2142949.53],[441794.04,2142942.4],[441787.85,2142946.83],[441793.03,2142953.96]]]]}},{"type":"Feature","properties":{"building":"yes","height":6,"heightSource":"default"},"geometry":{"type":"MultiPolygon","coordinates":[[[[441798.33,2142962.48],[441805.5,2142957.49],[441800.63,2142950.58],[441793.47,2142955.57],[441798.33,2142962.48]]]]}},{"type":"Feature","properties":{"building":"yes","height":6,"heightSource":"default"},"geometry":{"type":"MultiPolygon","coordinates":[[[[441820.38,2142964.73],[441825.03,2142964.36],[441824.42,2142956.65],[441819.77,2142957.02],[441820.38,2142964.73]]]]}},{"type":"Feature","properties":{"building":"yes","height":6,"heightSource":"default"},"geometry":{"type":"MultiPolygon","coordinates":[[[[441814.41,2142970.48],[441819.32,2142968.71],[441816.9,2142962.07],[441812,2142963.83],[441814.41,2142970.48]]]]}},{"type":"Feature","properties":{"building":"yes","height":6,"heightSource":"default"},"geometry":{"type":"MultiPolygon","coordinates":[[[[441802.88,2142972.13],[441807.25,2142978.48],[441812.1,2142975.19],[441807.71,2142968.83],[441802.88,2142972.13]]]]}},{"type":"Feature","properties":{"building":"yes","height":6,"heightSource":"default"},"geometry":{"type":"MultiPolygon","coordinates":[[[[441793.78,2142967.4],[441787.96,2142971.29],[441793.41,2142979.32],[441799.22,2142975.43],[441793.78,2142967.4]]]]}},{"type":"Feature","properties":{"building":"yes","height":6,"heightSource":"default"},"geometry":{"type":"MultiPolygon","coordinates":[[[[441802.25,2142996.13],[441809.08,2142996.26],[441809.19,2142989.55],[441802.36,2142989.44],[441802.25,2142996.13]]]]}},{"type":"Feature","properties":{"building":"yes","height":6,"heightSource":"default"},"geometry":{"type":"MultiPolygon","coordinates":[[[[441811.99,2143005],[441825.37,2143004.96],[441825.31,2142986.48],[441811.93,2142986.52],[441811.99,2143005]]]]}},{"type":"Feature","properties":{"building":"yes","height":6,"heightSource":"default"},"geometry":{"type":"MultiPolygon","coordinates":[[[[441788.32,2143002.73],[441792.87,2142999.7],[441788.59,2142993.34],[441784.04,2142996.37],[441788.32,2143002.73]]]]}},{"type":"Feature","properties":{"building":"yes","height":6,"heightSource":"default"},"geometry":{"type":"MultiPolygon","coordinates":[[[[441772.76,2143002.25],[441776.16,2143007.22],[441783.4,2143002.3],[441784.93,2143004.52],[441787.51,2143002.78],[441782.59,2142995.6],[441772.76,2143002.25]]]]}},{"type":"Feature","properties":{"building":"yes","height":6,"heightSource":"default"},"geometry":{"type":"MultiPolygon","coordinates":[[[[441767.16,2143024.41],[441779.33,2143019.33],[441775.57,2143010.43],[441776.33,2143010.1],[441775.2,2143007.44],[441762.27,2143012.84],[441767.16,2143024.41]]]]}},{"type":"Feature","properties":{"building":"yes","height":6,"heightSource":"default"},"geometry":{"type":"MultiPolygon","coordinates":[[[[441796.6,2143034.65],[441803.33,2143030.61],[441797.37,2143020.84],[441790.64,2143024.88],[441796.6,2143034.65]]]]}},{"type":"Feature","properties":{"building":"yes","height":6,"heightSource":"default"},"geometry":{"type":"MultiPolygon","coordinates":[[[[441835.4,2143037.82],[441841.6,2143035.28],[441839.81,2143030.97],[441833.61,2143033.51],[441835.4,2143037.82]]]]}},{"type":"Feature","properties":{"building":"yes","height":6,"heightSource":"default"},"geometry":{"type":"MultiPolygon","coordinates":[[[[441824.19,2143051.44],[441832.62,2143047.77],[441828.08,2143037.44],[441819.64,2143041.1],[441824.19,2143051.44]]]]}},{"type":"Feature","properties":{"building":"yes","height":6,"heightSource":"default"},"geometry":{"type":"MultiPolygon","coordinates":[[[[441830.84,2143062.47],[441838.57,2143059.65],[441836.35,2143053.64],[441828.61,2143056.47],[441830.84,2143062.47]]]]}},{"type":"Feature","properties":{"building":"yes","height":6,"heightSource":"default"},"geometry":{"type":"MultiPolygon","coordinates":[[[[441795.23,2143070.43],[441802.83,2143069.84],[441802.23,2143062.11],[441794.63,2143062.7],[441795.23,2143070.43]]]]}},{"type":"Feature","properties":{"building":"yes","height":6,"heightSource":"default"},"geometry":{"type":"MultiPolygon","coordinates":[[[[441773.53,2142762.72],[441779.51,2142762.06],[441778.71,2142754.92],[441772.75,2142755.58],[441773.53,2142762.72]]]]}},{"type":"Feature","properties":{"building":"yes","height":6,"heightSource":"default"},"geometry":{"type":"MultiPolygon","coordinates":[[[[441769.7,2142752.58],[441779.27,2142751.15],[441778,2142742.7],[441768.42,2142744.13],[441769.7,2142752.58]]]]}},{"type":"Feature","properties":{"building":"yes","height":6,"heightSource":"default"},"geometry":{"type":"MultiPolygon","coordinates":[[[[441757.6,2142756.26],[441758.91,2142761.32],[441767.5,2142759.13],[441766.19,2142754.06],[441757.6,2142756.26]]]]}},{"type":"Feature","properties":{"building":"yes","height":6,"heightSource":"default"},"geometry":{"type":"MultiPolygon","coordinates":[[[[441756.26,2142753.6],[441765.97,2142751.54],[441763.92,2142742],[441754.2,2142744.06],[441756.26,2142753.6]]]]}},{"type":"Feature","properties":{"building":"yes","height":6,"heightSource":"default"},"geometry":{"type":"MultiPolygon","coordinates":[[[[441716.02,2142765.98],[441723.55,2142764.42],[441721.59,2142755.1],[441714.07,2142756.68],[441716.02,2142765.98]]]]}},{"type":"Feature","properties":{"building":"yes","height":6,"heightSource":"default"},"geometry":{"type":"MultiPolygon","coordinates":[[[[441724.31,2142762.74],[441731.13,2142761.14],[441728.78,2142751.21],[441721.96,2142752.8],[441724.31,2142762.74]]]]}},{"type":"Feature","properties":{"building":"yes","height":6,"heightSource":"default"},"geometry":{"type":"MultiPolygon","coordinates":[[[[441723.22,2142773.03],[441734.9,2142770.4],[441733.36,2142763.61],[441721.68,2142766.24],[441723.22,2142773.03]]]]}},{"type":"Feature","properties":{"building":"yes","height":6,"heightSource":"default"},"geometry":{"type":"MultiPolygon","coordinates":[[[[441738.32,2142757.16],[441745.63,2142755.52],[441743.42,2142745.75],[441736.1,2142747.39],[441738.32,2142757.16]]]]}},{"type":"Feature","properties":{"building":"yes","height":6,"heightSource":"default"},"geometry":{"type":"MultiPolygon","coordinates":[[[[441742.22,2142769.4],[441751.21,2142767.14],[441748.5,2142756.5],[441739.52,2142758.76],[441742.22,2142769.4]]]]}},{"type":"Feature","properties":{"building":"yes","height":6,"heightSource":"default"},"geometry":{"type":"MultiPolygon","coordinates":[[[[441757.31,2142777.05],[441766.04,2142775.13],[441764.02,2142766.01],[441755.29,2142767.93],[441757.31,2142777.05]]]]}},{"type":"Feature","properties":{"building":"yes","height":6,"heightSource":"default"},"geometry":{"type":"MultiPolygon","coordinates":[[[[441768.08,2142774.5],[441772.94,2142773.5],[441771.32,2142765.66],[441766.46,2142766.66],[441768.08,2142774.5]]]]}},{"type":"Feature","properties":{"building":"yes","height":6,"heightSource":"default"},"geometry":{"type":"MultiPolygon","coordinates":[[[[441778.53,2142781.46],[441789.06,2142778.93],[441786.13,2142766.9],[441775.6,2142769.43],[441778.53,2142781.46]]]]}},{"type":"Feature","properties":{"building":"yes","height":6,"heightSource":"default"},"geometry":{"type":"MultiPolygon","coordinates":[[[[441762.92,2142790.82],[441772.99,2142788.9],[441771.19,2142779.62],[441761.13,2142781.55],[441762.92,2142790.82]]]]}},{"type":"Feature","properties":{"building":"yes","height":6,"heightSource":"default"},"geometry":{"type":"MultiPolygon","coordinates":[[[[441748.42,2142791.71],[441758.4,2142788.99],[441754.91,2142776.33],[441744.93,2142779.05],[441748.42,2142791.71]]]]}},{"type":"Feature","properties":{"building":"yes","height":6,"heightSource":"default"},"geometry":{"type":"MultiPolygon","coordinates":[[[[441726.4,2142776.03],[441729.7,2142783.45],[441741.24,2142778.37],[441737.93,2142770.95],[441726.4,2142776.03]]]]}},{"type":"Feature","properties":{"building":"yes","height":6,"heightSource":"default"},"geometry":{"type":"MultiPolygon","coordinates":[[[[441792.91,2142873.53],[441790.41,2142863.11],[441783.43,2142864.77],[441785.92,2142875.18],[441792.91,2142873.53]]]]}},{"type":"Feature","properties":{"building":"yes","height":6,"heightSource":"default"},"geometry":{"type":"MultiPolygon","coordinates":[[[[441794.46,2142874.51],[441803.6,2142872.03],[441800.94,2142862.3],[441791.79,2142864.77],[441794.46,2142874.51]]]]}},{"type":"Feature","properties":{"building":"yes","height":6,"heightSource":"default"},"geometry":{"type":"MultiPolygon","coordinates":[[[[441771.47,2142865.48],[441767.51,2142858.88],[441763.59,2142861.2],[441767.56,2142867.8],[441771.47,2142865.48]]]]}},{"type":"Feature","properties":{"building":"yes","height":6,"heightSource":"default"},"geometry":{"type":"MultiPolygon","coordinates":[[[[441772.89,2142866.59],[441788.15,2142860.81],[441783.52,2142848.75],[441768.26,2142854.55],[441772.89,2142866.59]]]]}},{"type":"Feature","properties":{"building":"yes","height":6,"heightSource":"default"},"geometry":{"type":"MultiPolygon","coordinates":[[[[441791.24,2142858.42],[441804.47,2142855.5],[441802.72,2142847.64],[441789.48,2142850.55],[441791.24,2142858.42]]]]}},{"type":"Feature","properties":{"building":"yes","height":6,"heightSource":"default"},"geometry":{"type":"MultiPolygon","coordinates":[[[[441791.96,2142841.76],[441803.09,2142841.09],[441802.14,2142825.53],[441791.01,2142826.2],[441791.96,2142841.76]]]]}},{"type":"Feature","properties":{"building":"yes","height":6,"heightSource":"default"},"geometry":{"type":"MultiPolygon","coordinates":[[[[441785.98,2142822.66],[441799.71,2142820.73],[441797.63,2142806.13],[441783.9,2142808.06],[441785.98,2142822.66]]]]}},{"type":"Feature","properties":{"building":"yes","height":6,"heightSource":"default"},"geometry":{"type":"MultiPolygon","coordinates":[[[[441784.73,2142806.08],[441797.74,2142803.25],[441794.71,2142789.44],[441781.69,2142792.27],[441784.73,2142806.08]]]]}},{"type":"Feature","properties":{"building":"yes","height":6,"heightSource":"default"},"geometry":{"type":"MultiPolygon","coordinates":[[[[441774.71,2142797.23],[441781.67,2142795.88],[441780.98,2142792.34],[441774.01,2142793.69],[441774.71,2142797.23]]]]}},{"type":"Feature","properties":{"building":"yes","height":6,"heightSource":"default"},"geometry":{"type":"MultiPolygon","coordinates":[[[[441776.35,2142804.29],[441776.68,2142805.75],[441783.99,2142804.11],[441782.33,2142796.73],[441775,2142798.35],[441776.35,2142804.29]]]]}},{"type":"Feature","properties":{"building":"yes","height":6,"heightSource":"default"},"geometry":{"type":"MultiPolygon","coordinates":[[[[441763.83,2142806.91],[441771.36,2142804.65],[441771,2142803.47],[441768.86,2142796.48],[441761.34,2142798.74],[441763.83,2142806.91]]]]}},{"type":"Feature","properties":{"building":"yes","height":6,"heightSource":"default"},"geometry":{"type":"MultiPolygon","coordinates":[[[[441751.45,2142819.76],[441764.22,2142815.31],[441760.39,2142804.48],[441747.63,2142808.93],[441751.45,2142819.76]]]]}},{"type":"Feature","properties":{"building":"yes","height":6,"heightSource":"default"},"geometry":{"type":"MultiPolygon","coordinates":[[[[441727.61,2142822.79],[441736.1,2142821.71],[441735.63,2142818.11],[441741.53,2142817.36],[441740.48,2142809.2],[441726.1,2142811.03],[441727.61,2142822.79]]]]}},{"type":"Feature","properties":{"building":"yes","height":6,"heightSource":"default"},"geometry":{"type":"MultiPolygon","coordinates":[[[[441758.5,2142839.63],[441766.84,2142836.4],[441762.65,2142825.7],[441754.32,2142828.93],[441758.5,2142839.63]]]]}},{"type":"Feature","properties":{"building":"yes","height":6,"heightSource":"default"},"geometry":{"type":"MultiPolygon","coordinates":[[[[441746.54,2142841.27],[441753.99,2142837.19],[441749.65,2142829.36],[441742.2,2142833.45],[441746.54,2142841.27]]]]}},{"type":"Feature","properties":{"building":"yes","height":6,"heightSource":"default"},"geometry":{"type":"MultiPolygon","coordinates":[[[[441745.42,2142844.7],[441748.47,2142850.48],[441757.4,2142845.84],[441754.36,2142840.06],[441745.42,2142844.7]]]]}},{"type":"Feature","properties":{"building":"yes","height":6,"heightSource":"default"},"geometry":{"type":"MultiPolygon","coordinates":[[[[441731.64,2142849.02],[441743.18,2142845.34],[441740.06,2142835.69],[441728.52,2142839.37],[441731.64,2142849.02]]]]}},{"type":"Feature","properties":{"building":"yes","height":6,"heightSource":"default"},"geometry":{"type":"MultiPolygon","coordinates":[[[[441735.49,2142861.81],[441747.72,2142859.43],[441745.33,2142847.23],[441733.11,2142849.61],[441735.49,2142861.81]]]]}},{"type":"Feature","properties":{"building":"yes","height":6,"heightSource":"default"},"geometry":{"type":"MultiPolygon","coordinates":[[[[441735.67,2142879.38],[441744.55,2142879.35],[441744.53,2142873.75],[441735.66,2142873.78],[441735.67,2142879.38]]]]}},{"type":"Feature","properties":{"building":"yes","height":6,"heightSource":"default"},"geometry":{"type":"MultiPolygon","coordinates":[[[[441766.69,2142887.19],[441773.39,2142883.25],[441771.23,2142879.64],[441774.44,2142877.75],[441768.92,2142868.49],[441765.91,2142870.26],[441763.97,2142866.99],[441757.06,2142871.06],[441766.69,2142887.19]]]]}},{"type":"Feature","properties":{"building":"yes","height":6,"heightSource":"default"},"geometry":{"type":"MultiPolygon","coordinates":[[[[441757.13,2142893.25],[441764.85,2142889.06],[441759.26,2142878.86],[441751.53,2142883.05],[441757.13,2142893.25]]]]}},{"type":"Feature","properties":{"building":"yes","height":6,"heightSource":"default"},"geometry":{"type":"MultiPolygon","coordinates":[[[[441749.26,2142896.91],[441754.46,2142894.37],[441751.38,2142888.13],[441746.17,2142890.67],[441749.26,2142896.91]]]]}},{"type":"Feature","properties":{"building":"yes","height":6,"heightSource":"default"},"geometry":{"type":"MultiPolygon","coordinates":[[[[441743.13,2142941.52],[441749.02,2142936.25],[441743.98,2142930.67],[441738.08,2142935.93],[441743.13,2142941.52]]]]}},{"type":"Feature","properties":{"building":"yes","height":6,"heightSource":"default"},"geometry":{"type":"MultiPolygon","coordinates":[[[[441750,2142956.33],[441759.21,2142949.38],[441752.85,2142941.07],[441743.65,2142948.03],[441750,2142956.33]]]]}},{"type":"Feature","properties":{"building":"yes","height":6,"heightSource":"default"},"geometry":{"type":"MultiPolygon","coordinates":[[[[441761.29,2142980.94],[441766.2,2142978.19],[441760.25,2142967.64],[441755.32,2142970.39],[441761.29,2142980.94]]]]}},{"type":"Feature","properties":{"building":"yes","height":6,"heightSource":"default"},"geometry":{"type":"MultiPolygon","coordinates":[[[[441769.1,2142979.65],[441776.11,2142974.88],[441768.26,2142963.49],[441761.25,2142968.27],[441769.1,2142979.65]]]]}},{"type":"Feature","properties":{"building":"yes","height":6,"heightSource":"default"},"geometry":{"type":"MultiPolygon","coordinates":[[[[441780.2,2142994.18],[441787.27,2142990.05],[441782.3,2142981.67],[441775.24,2142985.8],[441780.2,2142994.18]]]]}},{"type":"Feature","properties":{"building":"yes","height":6,"heightSource":"default"},"geometry":{"type":"MultiPolygon","coordinates":[[[[441773.31,2142997],[441778.3,2142993.83],[441774.03,2142987.21],[441769.05,2142990.36],[441773.31,2142997]]]]}},{"type":"Feature","properties":{"building":"yes","height":6,"heightSource":"default"},"geometry":{"type":"MultiPolygon","coordinates":[[[[441815.01,2142783.8],[441822.33,2142782.37],[441820.26,2142771.88],[441812.95,2142773.3],[441815.01,2142783.8]]]]}},{"type":"Feature","properties":{"building":"yes","height":6,"heightSource":"default"},"geometry":{"type":"MultiPolygon","coordinates":[[[[441796.97,2142754.18],[441804.49,2142752.82],[441801.81,2142738.06],[441794.28,2142739.42],[441796.97,2142754.18]]]]}},{"type":"Feature","properties":{"building":"yes","height":6,"heightSource":"default"},"geometry":{"type":"MultiPolygon","coordinates":[[[[441800.67,2142768.52],[441810.45,2142767.08],[441809.11,2142757.99],[441799.33,2142759.42],[441800.67,2142768.52]]]]}},{"type":"Feature","properties":{"building":"yes","height":6,"heightSource":"default"},"geometry":{"type":"MultiPolygon","coordinates":[[[[441812.67,2142755.52],[441833.78,2142752.1],[441831.44,2142737.83],[441810.33,2142741.26],[441812.67,2142755.52]]]]}},{"type":"Feature","properties":{"building":"yes","height":6,"heightSource":"default"},"geometry":{"type":"MultiPolygon","coordinates":[[[[441825.37,2142765.98],[441836.92,2142764.12],[441835.62,2142756.18],[441824.08,2142758.04],[441825.37,2142765.98]]]]}},{"type":"Feature","properties":{"building":"yes","height":6,"heightSource":"default"},"geometry":{"type":"MultiPolygon","coordinates":[[[[441830.51,2142807.83],[441841.28,2142806.25],[441840.1,2142798.29],[441829.33,2142799.87],[441830.51,2142807.83]]]]}},{"type":"Feature","properties":{"building":"yes","height":6,"heightSource":"default"},"geometry":{"type":"MultiPolygon","coordinates":[[[[441817.43,2142811.02],[441828.41,2142809.51],[441826.97,2142799.18],[441815.99,2142800.69],[441817.43,2142811.02]]]]}},{"type":"Feature","properties":{"building":"yes","height":6,"heightSource":"default"},"geometry":{"type":"MultiPolygon","coordinates":[[[[441812.93,2142834.69],[441826.59,2142834.65],[441826.57,2142829.75],[441828.82,2142829.74],[441828.77,2142814.34],[441812.86,2142814.39],[441812.93,2142834.69]]]]}},{"type":"Feature","properties":{"building":"yes","height":6,"heightSource":"default"},"geometry":{"type":"MultiPolygon","coordinates":[[[[441833.57,2142819.37],[441842.94,2142818.92],[441842.46,2142808.88],[441833.09,2142809.33],[441833.57,2142819.37]]]]}},{"type":"Feature","properties":{"building":"yes","height":6,"heightSource":"default"},"geometry":{"type":"MultiPolygon","coordinates":[[[[441851,2142829.04],[441856.92,2142828.46],[441856.01,2142819.23],[441850.08,2142819.81],[441851,2142829.04]]]]}},{"type":"Feature","properties":{"building":"yes","height":6,"heightSource":"default"},"geometry":{"type":"MultiPolygon","coordinates":[[[[441838.62,2142835.1],[441845.95,2142834.44],[441845.15,2142825.63],[441837.83,2142826.28],[441838.62,2142835.1]]]]}},{"type":"Feature","properties":{"building":"yes","height":6,"heightSource":"default"},"geometry":{"type":"MultiPolygon","coordinates":[[[[441817.94,2142861.56],[441833.49,2142857.93],[441831.99,2142851.54],[441816.44,2142855.17],[441817.94,2142861.56]]]]}},{"type":"Feature","properties":{"building":"yes","height":6,"heightSource":"default"},"geometry":{"type":"MultiPolygon","coordinates":[[[[441822.54,2142868.75],[441831.75,2142866.82],[441830.19,2142859.36],[441820.96,2142861.27],[441822.54,2142868.75]]]]}},{"type":"Feature","properties":{"building":"yes","height":6,"heightSource":"default"},"geometry":{"type":"MultiPolygon","coordinates":[[[[441834.82,2142856.52],[441843.19,2142855.42],[441841.17,2142840.31],[441832.81,2142841.41],[441834.82,2142856.52]]]]}},{"type":"Feature","properties":{"building":"yes","height":6,"heightSource":"default"},"geometry":{"type":"MultiPolygon","coordinates":[[[[441833.73,2142867.03],[441842.6,2142865.25],[441841.07,2142857.74],[441832.2,2142859.53],[441833.73,2142867.03]]]]}},{"type":"Feature","properties":{"building":"yes","height":6,"heightSource":"default"},"geometry":{"type":"MultiPolygon","coordinates":[[[[441833.31,2142869.13],[441834.76,2142874.66],[441845.74,2142871.83],[441844.29,2142866.3],[441833.31,2142869.13]]]]}},{"type":"Feature","properties":{"building":"yes","height":6,"heightSource":"default"},"geometry":{"type":"MultiPolygon","coordinates":[[[[441844.73,2142849.92],[441850.92,2142848.64],[441849.5,2142841.86],[441843.31,2142843.14],[441844.73,2142849.92]]]]}},{"type":"Feature","properties":{"building":"yes","height":6,"heightSource":"default"},"geometry":{"type":"MultiPolygon","coordinates":[[[[441846.31,2142861.53],[441854.09,2142860.12],[441852.23,2142849.92],[441844.45,2142851.31],[441846.31,2142861.53]]]]}},{"type":"Feature","properties":{"building":"yes","height":6,"heightSource":"default"},"geometry":{"type":"MultiPolygon","coordinates":[[[[441852.95,2142845.83],[441864.5,2142844.11],[441863.5,2142837.46],[441851.95,2142839.17],[441852.95,2142845.83]]]]}},{"type":"Feature","properties":{"building":"yes","height":6,"heightSource":"default"},"geometry":{"type":"MultiPolygon","coordinates":[[[[441856.34,2142866.61],[441867.57,2142865.02],[441865.26,2142848.92],[441854.03,2142850.52],[441856.34,2142866.61]]]]}},{"type":"Feature","properties":{"building":"yes","height":6,"heightSource":"default"},"geometry":{"type":"MultiPolygon","coordinates":[[[[441854.83,2142882.72],[441871.45,2142879.44],[441869.72,2142870.8],[441853.11,2142874.07],[441854.83,2142882.72]]]]}},{"type":"Feature","properties":{"building":"yes","height":6,"heightSource":"default"},"geometry":{"type":"MultiPolygon","coordinates":[[[[441837.81,2142887.95],[441850.75,2142884.19],[441848.42,2142876.21],[441835.47,2142879.96],[441837.81,2142887.95]]]]}},{"type":"Feature","properties":{"building":"yes","height":6,"heightSource":"default"},"geometry":{"type":"MultiPolygon","coordinates":[[[[441838,2142901.38],[441852.84,2142897.21],[441850.51,2142889],[441835.66,2142893.18],[441838,2142901.38]]]]}},{"type":"Feature","properties":{"building":"yes","height":6,"heightSource":"default"},"geometry":{"type":"MultiPolygon","coordinates":[[[[441857.48,2142896.77],[441866.98,2142893.73],[441864.13,2142884.95],[441854.64,2142887.99],[441857.48,2142896.77]]]]}},{"type":"Feature","properties":{"building":"yes","height":6,"heightSource":"default"},"geometry":{"type":"MultiPolygon","coordinates":[[[[441856.54,2142911.55],[441872.45,2142907.37],[441869.94,2142897.94],[441854.03,2142902.12],[441856.54,2142911.55]]]]}},{"type":"Feature","properties":{"building":"yes","height":6,"heightSource":"default"},"geometry":{"type":"MultiPolygon","coordinates":[[[[441859.75,2142923.16],[441868.48,2142921.3],[441866.91,2142913.97],[441858.18,2142915.83],[441859.75,2142923.16]]]]}},{"type":"Feature","properties":{"building":"yes","height":6,"heightSource":"default"},"geometry":{"type":"MultiPolygon","coordinates":[[[[441836.64,2142917.14],[441845.85,2142914.52],[441844.31,2142909.15],[441835.09,2142911.77],[441836.64,2142917.14]]]]}},{"type":"Feature","properties":{"building":"yes","height":6,"heightSource":"default"},"geometry":{"type":"MultiPolygon","coordinates":[[[[441835.7,2142930.79],[441845.61,2142928.66],[441843.29,2142917.97],[441833.37,2142920.09],[441835.7,2142930.79]]]]}},{"type":"Feature","properties":{"building":"yes","height":6,"heightSource":"default"},"geometry":{"type":"MultiPolygon","coordinates":[[[[441816.49,2142761.32],[441817.48,2142766.51],[441824.24,2142765.23],[441823.24,2142760.03],[441816.49,2142761.32]]]]}},{"type":"Feature","properties":{"building":"yes","height":6,"heightSource":"default"},"geometry":{"type":"MultiPolygon","coordinates":[[[[441942.38,2142823.15],[441948.04,2142819.01],[441941.88,2142810.7],[441936.23,2142814.83],[441942.38,2142823.15]]]]}},{"type":"Feature","properties":{"building":"yes","height":6,"heightSource":"default"},"geometry":{"type":"MultiPolygon","coordinates":[[[[441947,2142836.99],[441956.14,2142830.73],[441949.2,2142820.74],[441940.07,2142827.01],[441947,2142836.99]]]]}},{"type":"Feature","properties":{"building":"yes","height":6,"heightSource":"default"},"geometry":{"type":"MultiPolygon","coordinates":[[[[441956.83,2142848.78],[441964.42,2142844.39],[441958.97,2142835.1],[441951.38,2142839.5],[441956.83,2142848.78]]]]}},{"type":"Feature","properties":{"building":"yes","height":6,"heightSource":"default"},"geometry":{"type":"MultiPolygon","coordinates":[[[[441953.02,2142845.86],[441947.86,2142837.97],[441941.84,2142841.86],[441947,2142849.75],[441953.02,2142845.86]]]]}},{"type":"Feature","properties":{"building":"yes","height":6,"heightSource":"default"},"geometry":{"type":"MultiPolygon","coordinates":[[[[441883.46,2142741.99],[441893.11,2142739.27],[441890.48,2142730.04],[441880.83,2142732.76],[441883.46,2142741.99]]]]}},{"type":"Feature","properties":{"building":"yes","height":6,"heightSource":"default"},"geometry":{"type":"MultiPolygon","coordinates":[[[[441871.9,2142737.41],[441879.22,2142735.71],[441876.6,2142724.56],[441869.28,2142726.27],[441871.9,2142737.41]]]]}},{"type":"Feature","properties":{"building":"yes","height":6,"heightSource":"default"},"geometry":{"type":"MultiPolygon","coordinates":[[[[441844.68,2142745.34],[441851.57,2142743.22],[441847.93,2142731.53],[441841.03,2142733.64],[441844.68,2142745.34]]]]}},{"type":"Feature","properties":{"building":"yes","height":6,"heightSource":"default"},"geometry":{"type":"MultiPolygon","coordinates":[[[[441848.03,2142757.3],[441854.35,2142755.32],[441851.13,2142745.12],[441844.8,2142747.1],[441848.03,2142757.3]]]]}},{"type":"Feature","properties":{"building":"yes","height":6,"heightSource":"default"},"geometry":{"type":"MultiPolygon","coordinates":[[[[441867.77,2142767.46],[441879.38,2142763.07],[441875.2,2142752.1],[441863.59,2142756.47],[441867.77,2142767.46]]]]}},{"type":"Feature","properties":{"building":"yes","height":6,"heightSource":"default"},"geometry":{"type":"MultiPolygon","coordinates":[[[[441850.81,2142770.17],[441865.02,2142765.5],[441861.78,2142755.74],[441847.56,2142760.41],[441850.81,2142770.17]]]]}},{"type":"Feature","properties":{"building":"yes","height":6,"heightSource":"default"},"geometry":{"type":"MultiPolygon","coordinates":[[[[441900.93,2142763.78],[441908.03,2142759.95],[441902.64,2142750.1],[441895.54,2142753.93],[441900.93,2142763.78]]]]}},{"type":"Feature","properties":{"building":"yes","height":6,"heightSource":"default"},"geometry":{"type":"MultiPolygon","coordinates":[[[[441897.44,2142775.76],[441914.74,2142766.05],[441911.84,2142760.96],[441894.55,2142770.67],[441897.44,2142775.76]]]]}},{"type":"Feature","properties":{"building":"yes","height":6,"heightSource":"default"},"geometry":{"type":"MultiPolygon","coordinates":[[[[441929.79,2142803.38],[441936.41,2142799.34],[441932.02,2142792.22],[441925.4,2142796.25],[441929.79,2142803.38]]]]}},{"type":"Feature","properties":{"building":"yes","height":6,"heightSource":"default"},"geometry":{"type":"MultiPolygon","coordinates":[[[[441908.26,2142788.53],[441916,2142783.69],[441910.33,2142774.75],[441902.6,2142779.6],[441908.26,2142788.53]]]]}},{"type":"Feature","properties":{"building":"yes","height":6,"heightSource":"default"},"geometry":{"type":"MultiPolygon","coordinates":[[[[441888.36,2142796.57],[441895.04,2142793.83],[441891.75,2142785.93],[441885.07,2142788.68],[441888.36,2142796.57]]]]}},{"type":"Feature","properties":{"building":"yes","height":6,"heightSource":"default"},"geometry":{"type":"MultiPolygon","coordinates":[[[[441864.02,2142804.71],[441871.05,2142801.68],[441867.6,2142793.77],[441860.58,2142796.81],[441864.02,2142804.71]]]]}},{"type":"Feature","properties":{"building":"yes","height":6,"heightSource":"default"},"geometry":{"type":"MultiPolygon","coordinates":[[[[441865.31,2142812.12],[441873.75,2142809.01],[441871.63,2142803.33],[441863.19,2142806.44],[441865.31,2142812.12]]]]}},{"type":"Feature","properties":{"building":"yes","height":6,"heightSource":"default"},"geometry":{"type":"MultiPolygon","coordinates":[[[[441875.94,2142810.9],[441882.97,2142808.21],[441880.01,2142800.55],[441872.99,2142803.23],[441875.94,2142810.9]]]]}},{"type":"Feature","properties":{"building":"yes","height":6,"heightSource":"default"},"geometry":{"type":"MultiPolygon","coordinates":[[[[441895.6,2142813.57],[441900.07,2142811.08],[441894.69,2142801.5],[441890.21,2142803.99],[441895.6,2142813.57]]]]}},{"type":"Feature","properties":{"building":"yes","height":6,"heightSource":"default"},"geometry":{"type":"MultiPolygon","coordinates":[[[[441890.27,2142821.91],[441896.19,2142819.19],[441891.44,2142808.98],[441885.52,2142811.71],[441890.27,2142821.91]]]]}},{"type":"Feature","properties":{"building":"yes","height":6,"heightSource":"default"},"geometry":{"type":"MultiPolygon","coordinates":[[[[441871.67,2142819.25],[441881.09,2142816.27],[441879.35,2142810.8],[441869.92,2142813.76],[441871.67,2142819.25]]]]}},{"type":"Feature","properties":{"building":"yes","height":6,"heightSource":"default"},"geometry":{"type":"MultiPolygon","coordinates":[[[[441870.33,2142839.19],[441883.76,2142835.51],[441881.23,2142826.39],[441867.8,2142830.07],[441870.33,2142839.19]]]]}},{"type":"Feature","properties":{"building":"yes","height":6,"heightSource":"default"},"geometry":{"type":"MultiPolygon","coordinates":[[[[441906.66,2142836.7],[441916.07,2142832.54],[441912.21,2142823.89],[441902.79,2142828.04],[441906.66,2142836.7]]]]}},{"type":"Feature","properties":{"building":"yes","height":6,"heightSource":"default"},"geometry":{"type":"MultiPolygon","coordinates":[[[[441888.37,2142844.6],[441902.43,2142840.07],[441896.53,2142821.96],[441882.47,2142826.48],[441888.37,2142844.6]]]]}},{"type":"Feature","properties":{"building":"yes","height":6,"heightSource":"default"},"geometry":{"type":"MultiPolygon","coordinates":[[[[441890.14,2142845.92],[441892.34,2142853.62],[441906.12,2142849.72],[441903.92,2142842.03],[441890.14,2142845.92]]]]}},{"type":"Feature","properties":{"building":"yes","height":6,"heightSource":"default"},"geometry":{"type":"MultiPolygon","coordinates":[[[[441933.28,2142859.64],[441943.2,2142859.33],[441942.89,2142849.16],[441932.95,2142849.47],[441933.28,2142859.64]]]]}},{"type":"Feature","properties":{"building":"yes","height":6,"heightSource":"default"},"geometry":{"type":"MultiPolygon","coordinates":[[[[441922.01,2142858.56],[441931.23,2142858.11],[441930.65,2142846.39],[441921.42,2142846.84],[441922.01,2142858.56]]]]}},{"type":"Feature","properties":{"building":"yes","height":6,"heightSource":"default"},"geometry":{"type":"MultiPolygon","coordinates":[[[[441936.3,2142882.67],[441950.04,2142881.85],[441949.34,2142870.12],[441935.6,2142870.93],[441936.3,2142882.67]]]]}},{"type":"Feature","properties":{"building":"yes","height":6,"heightSource":"default"},"geometry":{"type":"MultiPolygon","coordinates":[[[[441929.77,2142886.95],[441934.79,2142886.29],[441933.06,2142873.35],[441928.04,2142874.01],[441929.77,2142886.95]]]]}},{"type":"Feature","properties":{"building":"yes","height":6,"heightSource":"default"},"geometry":{"type":"MultiPolygon","coordinates":[[[[441911.21,2142873.09],[441921.77,2142872.35],[441920.96,2142860.94],[441910.4,2142861.68],[441911.21,2142873.09]]]]}},{"type":"Feature","properties":{"building":"yes","height":6,"heightSource":"default"},"geometry":{"type":"MultiPolygon","coordinates":[[[[441873.34,2142858.44],[441878.94,2142857.24],[441876.97,2142848.13],[441871.39,2142849.32],[441873.34,2142858.44]]]]}},{"type":"Feature","properties":{"building":"yes","height":6,"heightSource":"default"},"geometry":{"type":"MultiPolygon","coordinates":[[[[441878.2,2142880.46],[441887.1,2142878.58],[441884.85,2142868.13],[441875.96,2142870.01],[441878.2,2142880.46]]]]}},{"type":"Feature","properties":{"building":"yes","height":6,"heightSource":"default"},"geometry":{"type":"MultiPolygon","coordinates":[[[[441882.65,2142904.67],[441888.98,2142903.33],[441888.05,2142899.06],[441881.73,2142900.4],[441882.65,2142904.67]]]]}},{"type":"Feature","properties":{"building":"yes","height":6,"heightSource":"default"},"geometry":{"type":"MultiPolygon","coordinates":[[[[441880.52,2142898.87],[441890.94,2142896.66],[441888.65,2142885.96],[441878.22,2142888.18],[441880.52,2142898.87]]]]}},{"type":"Feature","properties":{"building":"yes","height":6,"heightSource":"default"},"geometry":{"type":"MultiPolygon","coordinates":[[[[441897.8,2142886.5],[441906.59,2142884.63],[441904.31,2142874.02],[441895.53,2142875.88],[441897.8,2142886.5]]]]}},{"type":"Feature","properties":{"building":"yes","height":6,"heightSource":"default"},"geometry":{"type":"MultiPolygon","coordinates":[[[[441891.63,2142895.4],[441897.59,2142894.14],[441896.33,2142888.25],[441890.37,2142889.52],[441891.63,2142895.4]]]]}},{"type":"Feature","properties":{"building":"yes","height":6,"heightSource":"default"},"geometry":{"type":"MultiPolygon","coordinates":[[[[441900.08,2142893.84],[441907.5,2142892.27],[441906.18,2142886.12],[441898.76,2142887.69],[441900.08,2142893.84]]]]}},{"type":"Feature","properties":{"building":"yes","height":6,"heightSource":"default"},"geometry":{"type":"MultiPolygon","coordinates":[[[[441924.97,2142905.44],[441933.02,2142903.74],[441929.78,2142888.63],[441921.73,2142890.34],[441924.97,2142905.44]]]]}},{"type":"Feature","properties":{"building":"yes","height":6,"heightSource":"default"},"geometry":{"type":"MultiPolygon","coordinates":[[[[441914.99,2142909.61],[441923.95,2142907.7],[441921.06,2142894.26],[441912.1,2142896.17],[441914.99,2142909.61]]]]}},{"type":"Feature","properties":{"building":"yes","height":6,"heightSource":"default"},"geometry":{"type":"MultiPolygon","coordinates":[[[[441902.89,2142913.99],[441913.78,2142911.68],[441910.15,2142894.79],[441899.26,2142897.09],[441902.89,2142913.99]]]]}},{"type":"Feature","properties":{"building":"yes","height":6,"heightSource":"default"},"geometry":{"type":"MultiPolygon","coordinates":[[[[441900.82,2142907.14],[441898.47,2142896.16],[441889.24,2142898.11],[441891.61,2142909.09],[441900.82,2142907.14]]]]}},{"type":"Feature","properties":{"building":"yes","height":6,"heightSource":"default"},"geometry":{"type":"MultiPolygon","coordinates":[[[[442062.37,2142712.09],[442072.62,2142702.68],[442067.31,2142696.96],[442057.06,2142706.38],[442062.37,2142712.09]]]]}},{"type":"Feature","properties":{"building":"yes","height":6,"heightSource":"default"},"geometry":{"type":"MultiPolygon","coordinates":[[[[441945.73,2142723.52],[441952.74,2142719.36],[441948.51,2142712.32],[441941.49,2142716.49],[441945.73,2142723.52]]]]}},{"type":"Feature","properties":{"building":"yes","height":6,"heightSource":"default"},"geometry":{"type":"MultiPolygon","coordinates":[[[[441919.84,2142731.94],[441927.92,2142727.14],[441923.89,2142720.45],[441915.81,2142725.25],[441919.84,2142731.94]]]]}},{"type":"Feature","properties":{"building":"yes","height":6,"heightSource":"default"},"geometry":{"type":"MultiPolygon","coordinates":[[[[441910.43,2142738.41],[441916.66,2142734.7],[441910.8,2142724.97],[441904.57,2142728.68],[441910.43,2142738.41]]]]}},{"type":"Feature","properties":{"building":"yes","height":6,"heightSource":"default"},"geometry":{"type":"MultiPolygon","coordinates":[[[[441929.76,2142752.77],[441934.6,2142749.89],[441931.64,2142744.99],[441926.81,2142747.86],[441929.76,2142752.77]]]]}},{"type":"Feature","properties":{"building":"yes","height":6,"heightSource":"default"},"geometry":{"type":"MultiPolygon","coordinates":[[[[441924.36,2142757.2],[441929.38,2142754.21],[441924.11,2142745.44],[441919.08,2142748.42],[441924.36,2142757.2]]]]}},{"type":"Feature","properties":{"building":"yes","height":6,"heightSource":"default"},"geometry":{"type":"MultiPolygon","coordinates":[[[[441969.62,2142774.27],[441974.4,2142771.42],[441971.77,2142767.05],[441966.99,2142769.9],[441969.62,2142774.27]]]]}},{"type":"Feature","properties":{"building":"yes","height":6,"heightSource":"default"},"geometry":{"type":"MultiPolygon","coordinates":[[[[441966,2142763.01],[441977,2142756.46],[441973.77,2142751.09],[441962.75,2142757.63],[441966,2142763.01]]]]}},{"type":"Feature","properties":{"building":"yes","height":6,"heightSource":"default"},"geometry":{"type":"MultiPolygon","coordinates":[[[[441976.45,2142772.99],[441983.83,2142768.59],[441978.09,2142759.05],[441970.7,2142763.45],[441976.45,2142772.99]]]]}},{"type":"Feature","properties":{"building":"yes","height":6,"heightSource":"default"},"geometry":{"type":"MultiPolygon","coordinates":[[[[441930.47,2142776.84],[441935.38,2142773.93],[441932.92,2142769.84],[441928.01,2142772.76],[441930.47,2142776.84]]]]}},{"type":"Feature","properties":{"building":"yes","height":6,"heightSource":"default"},"geometry":{"type":"MultiPolygon","coordinates":[[[[441940.49,2142780.03],[441949.25,2142774.82],[441942.61,2142763.79],[441933.85,2142769],[441940.49,2142780.03]]]]}},{"type":"Feature","properties":{"building":"yes","height":6,"heightSource":"default"},"geometry":{"type":"MultiPolygon","coordinates":[[[[441955.1,2142790],[441962.3,2142785.71],[441960.07,2142782],[441952.86,2142786.29],[441955.1,2142790]]]]}},{"type":"Feature","properties":{"building":"yes","height":6,"heightSource":"default"},"geometry":{"type":"MultiPolygon","coordinates":[[[[441960.26,2142797.68],[441967.73,2142793.23],[441963.74,2142786.61],[441956.27,2142791.05],[441960.26,2142797.68]]]]}},{"type":"Feature","properties":{"building":"yes","height":6,"heightSource":"default"},"geometry":{"type":"MultiPolygon","coordinates":[[[[441948.37,2142801.07],[441957.29,2142795.78],[441952.05,2142787.06],[441943.13,2142792.37],[441948.37,2142801.07]]]]}},{"type":"Feature","properties":{"building":"yes","height":6,"heightSource":"default"},"geometry":{"type":"MultiPolygon","coordinates":[[[[442001.73,2142794.61],[442008.66,2142790.49],[442004.43,2142783.47],[441997.51,2142787.58],[442001.73,2142794.61]]]]}},{"type":"Feature","properties":{"building":"yes","height":6,"heightSource":"default"},"geometry":{"type":"MultiPolygon","coordinates":[[[[441987.49,2142790.74],[441992.86,2142787.53],[441990.07,2142782.88],[441984.69,2142786.07],[441987.49,2142790.74]]]]}},{"type":"Feature","properties":{"building":"yes","height":6,"heightSource":"default"},"geometry":{"type":"MultiPolygon","coordinates":[[[[441984.14,2142800.05],[441989.97,2142796.58],[441985.16,2142788.57],[441979.32,2142792.03],[441984.14,2142800.05]]]]}},{"type":"Feature","properties":{"building":"yes","height":6,"heightSource":"default"},"geometry":{"type":"MultiPolygon","coordinates":[[[[441980.12,2142798.25],[441974.96,2142789.65],[441968.02,2142793.77],[441973.19,2142802.37],[441980.12,2142798.25]]]]}},{"type":"Feature","properties":{"building":"yes","height":6,"heightSource":"default"},"geometry":{"type":"MultiPolygon","coordinates":[[[[441953.46,2142806.31],[441959.52,2142815.72],[441962.85,2142813.6],[441965.52,2142817.75],[441968.18,2142816.06],[441969.22,2142817.66],[441973.62,2142814.85],[441972.32,2142812.84],[441974.64,2142811.36],[441966.17,2142798.22],[441953.46,2142806.31]]]]}},{"type":"Feature","properties":{"building":"yes","height":6,"heightSource":"default"},"geometry":{"type":"MultiPolygon","coordinates":[[[[441960.76,2142824.42],[441966.39,2142821.18],[441963.18,2142815.67],[441957.55,2142818.9],[441960.76,2142824.42]]]]}},{"type":"Feature","properties":{"building":"yes","height":6,"heightSource":"default"},"geometry":{"type":"MultiPolygon","coordinates":[[[[441835.67,2142505.27],[441839.34,2142502.36],[441834.74,2142496.63],[441831.07,2142499.55],[441835.67,2142505.27]]]]}},{"type":"Feature","properties":{"building":"yes","height":6,"heightSource":"default"},"geometry":{"type":"MultiPolygon","coordinates":[[[[441783.44,2142490.81],[441793.65,2142488.33],[441791.81,2142480.85],[441781.6,2142483.34],[441783.44,2142490.81]]]]}},{"type":"Feature","properties":{"building":"yes","height":6,"heightSource":"default"},"geometry":{"type":"MultiPolygon","coordinates":[[[[441779.34,2142507.49],[441788.84,2142507.17],[441788.62,2142500.41],[441779.12,2142500.72],[441779.34,2142507.49]]]]}},{"type":"Feature","properties":{"building":"yes","height":6,"heightSource":"default"},"geometry":{"type":"MultiPolygon","coordinates":[[[[441815.2,2142513.81],[441811.73,2142507.52],[441807.51,2142509.82],[441810.99,2142516.11],[441815.2,2142513.81]]]]}},{"type":"Feature","properties":{"building":"yes","height":6,"heightSource":"default"},"geometry":{"type":"MultiPolygon","coordinates":[[[[441819.52,2142518.98],[441827.96,2142514.54],[441822.41,2142504.12],[441813.97,2142508.56],[441819.52,2142518.98]]]]}},{"type":"Feature","properties":{"building":"yes","height":6,"heightSource":"default"},"geometry":{"type":"MultiPolygon","coordinates":[[[[441805.46,2142527.15],[441812.35,2142525.36],[441810.04,2142516.46],[441803.14,2142518.23],[441805.46,2142527.15]]]]}},{"type":"Feature","properties":{"building":"yes","height":6,"heightSource":"default"},"geometry":{"type":"MultiPolygon","coordinates":[[[[441793.14,2142529.28],[441803.35,2142528.4],[441802.43,2142517.71],[441792.21,2142518.58],[441793.14,2142529.28]]]]}},{"type":"Feature","properties":{"building":"yes","height":6,"heightSource":"default"},"geometry":{"type":"MultiPolygon","coordinates":[[[[441783.5,2142528.89],[441791.76,2142528.33],[441790.8,2142514.4],[441782.54,2142514.97],[441783.5,2142528.89]]]]}},{"type":"Feature","properties":{"building":"yes","height":6,"heightSource":"default"},"geometry":{"type":"MultiPolygon","coordinates":[[[[441772.77,2142524.45],[441781.09,2142523.93],[441780.51,2142514.74],[441772.19,2142515.27],[441772.77,2142524.45]]]]}},{"type":"Feature","properties":{"building":"yes","height":6,"heightSource":"default"},"geometry":{"type":"MultiPolygon","coordinates":[[[[441791.21,2142540.42],[441803.66,2142540.38],[441803.64,2142534.36],[441791.19,2142534.4],[441791.21,2142540.42]]]]}},{"type":"Feature","properties":{"building":"yes","height":6,"heightSource":"default"},"geometry":{"type":"MultiPolygon","coordinates":[[[[441772.34,2142541.59],[441788.53,2142541.33],[441788.42,2142534.27],[441772.22,2142534.53],[441772.34,2142541.59]]]]}},{"type":"Feature","properties":{"building":"yes","height":6,"heightSource":"default"},"geometry":{"type":"MultiPolygon","coordinates":[[[[441864.96,2142527.23],[441870.24,2142522.95],[441859.21,2142509.48],[441853.93,2142513.76],[441864.96,2142527.23]]]]}},{"type":"Feature","properties":{"building":"yes","height":6,"heightSource":"default"},"geometry":{"type":"MultiPolygon","coordinates":[[[[441838.25,2142563.44],[441850.78,2142562.7],[441850.37,2142555.83],[441837.84,2142556.57],[441838.25,2142563.44]]]]}},{"type":"Feature","properties":{"building":"yes","height":6,"heightSource":"default"},"geometry":{"type":"MultiPolygon","coordinates":[[[[441881.33,2142559.72],[441885.62,2142564.35],[441891.59,2142558.86],[441887.3,2142554.25],[441881.33,2142559.72]]]]}},{"type":"Feature","properties":{"building":"yes","height":6,"heightSource":"default"},"geometry":{"type":"MultiPolygon","coordinates":[[[[441880.27,2142559.03],[441886.99,2142553.05],[441879.65,2142544.89],[441872.92,2142550.86],[441880.27,2142559.03]]]]}},{"type":"Feature","properties":{"building":"yes","height":6,"heightSource":"default"},"geometry":{"type":"MultiPolygon","coordinates":[[[[441870.72,2142544.79],[441876.27,2142539.51],[441870.84,2142533.86],[441865.29,2142539.14],[441870.72,2142544.79]]]]}},{"type":"Feature","properties":{"building":"yes","height":6,"heightSource":"default"},"geometry":{"type":"MultiPolygon","coordinates":[[[[441855.46,2142551.62],[441860.75,2142547.72],[441856.58,2142542.13],[441851.29,2142546.03],[441855.46,2142551.62]]]]}},{"type":"Feature","properties":{"building":"yes","height":6,"heightSource":"default"},"geometry":{"type":"MultiPolygon","coordinates":[[[[441833.56,2142528.8],[441838.9,2142526.33],[441835.68,2142519.44],[441830.33,2142521.9],[441833.56,2142528.8]]]]}},{"type":"Feature","properties":{"building":"yes","height":6,"heightSource":"default"},"geometry":{"type":"MultiPolygon","coordinates":[[[[441839.72,2142539.21],[441845.05,2142536.03],[441841.58,2142530.29],[441836.25,2142533.49],[441839.72,2142539.21]]]]}},{"type":"Feature","properties":{"building":"yes","height":6,"heightSource":"default"},"geometry":{"type":"MultiPolygon","coordinates":[[[[441830.17,2142546.03],[441837.14,2142542.68],[441833.18,2142534.5],[441826.19,2142537.86],[441830.17,2142546.03]]]]}},{"type":"Feature","properties":{"building":"yes","height":6,"heightSource":"default"},"geometry":{"type":"MultiPolygon","coordinates":[[[[441818.33,2142545.99],[441826.26,2142542.22],[441821.23,2142531.8],[441813.3,2142535.59],[441818.33,2142545.99]]]]}},{"type":"Feature","properties":{"building":"yes","height":6,"heightSource":"default"},"geometry":{"type":"MultiPolygon","coordinates":[[[[441808.99,2142554.15],[441818.49,2142550.26],[441815.91,2142544.03],[441806.42,2142547.91],[441808.99,2142554.15]]]]}},{"type":"Feature","properties":{"building":"yes","height":6,"heightSource":"default"},"geometry":{"type":"MultiPolygon","coordinates":[[[[441787.94,2142554.36],[441794.28,2142554.19],[441794.03,2142544.35],[441787.68,2142544.51],[441787.94,2142554.36]]]]}},{"type":"Feature","properties":{"building":"yes","height":6,"heightSource":"default"},"geometry":{"type":"MultiPolygon","coordinates":[[[[441779.57,2142578.32],[441788.48,2142578.55],[441788.98,2142559.09],[441780.06,2142558.86],[441779.57,2142578.32]]]]}},{"type":"Feature","properties":{"building":"yes","height":6,"heightSource":"default"},"geometry":{"type":"MultiPolygon","coordinates":[[[[441778.88,2142581.54],[441779,2142588.56],[441793.01,2142588.3],[441792.88,2142581.29],[441778.88,2142581.54]]]]}},{"type":"Feature","properties":{"building":"yes","height":6,"heightSource":"default"},"geometry":{"type":"MultiPolygon","coordinates":[[[[441806.89,2142576.76],[441813.08,2142575.77],[441812.31,2142571.09],[441806.12,2142572.09],[441806.89,2142576.76]]]]}},{"type":"Feature","properties":{"building":"yes","height":6,"heightSource":"default"},"geometry":{"type":"MultiPolygon","coordinates":[[[[441796.27,2142581.84],[441804.99,2142581.46],[441804.68,2142574.09],[441795.94,2142574.46],[441796.27,2142581.84]]]]}},{"type":"Feature","properties":{"building":"yes","height":6,"heightSource":"default"},"geometry":{"type":"MultiPolygon","coordinates":[[[[441843.97,2142589.18],[441850.16,2142587.96],[441848.64,2142580.33],[441842.45,2142581.54],[441843.97,2142589.18]]]]}},{"type":"Feature","properties":{"building":"yes","height":6,"heightSource":"default"},"geometry":{"type":"MultiPolygon","coordinates":[[[[441838.65,2142601.93],[441845.26,2142599.65],[441840.28,2142585.39],[441833.68,2142587.67],[441838.65,2142601.93]]]]}},{"type":"Feature","properties":{"building":"yes","height":6,"heightSource":"default"},"geometry":{"type":"MultiPolygon","coordinates":[[[[441799.76,2142640.34],[441809.12,2142635.7],[441806.37,2142630.24],[441797.02,2142634.89],[441799.76,2142640.34]]]]}},{"type":"Feature","properties":{"building":"yes","height":6,"heightSource":"default"},"geometry":{"type":"MultiPolygon","coordinates":[[[[441784.89,2142654.6],[441797.98,2142653.51],[441796.95,2142641.38],[441783.86,2142642.48],[441784.89,2142654.6]]]]}},{"type":"Feature","properties":{"building":"yes","height":6,"heightSource":"default"},"geometry":{"type":"MultiPolygon","coordinates":[[[[441799.65,2142670.31],[441811.11,2142668.18],[441809.53,2142659.79],[441798.08,2142661.92],[441799.65,2142670.31]]]]}},{"type":"Feature","properties":{"building":"yes","height":6,"heightSource":"default"},"geometry":{"type":"MultiPolygon","coordinates":[[[[441788.54,2142674.54],[441797.69,2142674.02],[441797.08,2142663.4],[441787.93,2142663.92],[441788.54,2142674.54]]]]}},{"type":"Feature","properties":{"building":"yes","height":6,"heightSource":"default"},"geometry":{"type":"MultiPolygon","coordinates":[[[[441781.5,2142676.03],[441787.77,2142675.45],[441786.84,2142665.64],[441780.58,2142666.22],[441781.5,2142676.03]]]]}},{"type":"Feature","properties":{"building":"yes","height":6,"heightSource":"default"},"geometry":{"type":"MultiPolygon","coordinates":[[[[441804.54,2142679.67],[441813.27,2142679.78],[441813.35,2142673.44],[441804.63,2142673.33],[441804.54,2142679.67]]]]}},{"type":"Feature","properties":{"building":"yes","height":6,"heightSource":"default"},"geometry":{"type":"MultiPolygon","coordinates":[[[[441795.82,2142684.53],[441802.87,2142684.22],[441802.57,2142677.41],[441795.52,2142677.72],[441795.82,2142684.53]]]]}},{"type":"Feature","properties":{"building":"yes","height":6,"heightSource":"default"},"geometry":{"type":"MultiPolygon","coordinates":[[[[441784.56,2142686.17],[441794.84,2142685.38],[441794.27,2142678.16],[441783.99,2142678.96],[441784.56,2142686.17]]]]}},{"type":"Feature","properties":{"building":"yes","height":6,"heightSource":"default"},"geometry":{"type":"MultiPolygon","coordinates":[[[[441855.91,2142668.79],[441865.19,2142665.05],[441860.41,2142653.33],[441851.13,2142657.07],[441855.91,2142668.79]]]]}},{"type":"Feature","properties":{"building":"yes","height":6,"heightSource":"default"},"geometry":{"type":"MultiPolygon","coordinates":[[[[441857.53,2142669.56],[441859.25,2142673.82],[441866.6,2142670.89],[441864.88,2142666.63],[441857.53,2142669.56]]]]}},{"type":"Feature","properties":{"building":"yes","height":6,"heightSource":"default"},"geometry":{"type":"MultiPolygon","coordinates":[[[[441866.79,2142702.5],[441871.51,2142701.85],[441870.69,2142695.92],[441865.97,2142696.57],[441866.79,2142702.5]]]]}},{"type":"Feature","properties":{"building":"yes","height":6,"heightSource":"default"},"geometry":{"type":"MultiPolygon","coordinates":[[[[441873.03,2142704.24],[441879.26,2142703.23],[441878.15,2142696.37],[441871.91,2142697.38],[441873.03,2142704.24]]]]}},{"type":"Feature","properties":{"building":"yes","height":6,"heightSource":"default"},"geometry":{"type":"MultiPolygon","coordinates":[[[[441875,2142712.97],[441880.96,2142712.09],[441879.81,2142704.39],[441873.84,2142705.27],[441875,2142712.97]]]]}},{"type":"Feature","properties":{"building":"yes","height":6,"heightSource":"default"},"geometry":{"type":"MultiPolygon","coordinates":[[[[441869.29,2142713.7],[441874.01,2142712.97],[441872.75,2142704.77],[441868.03,2142705.48],[441869.29,2142713.7]]]]}},{"type":"Feature","properties":{"building":"yes","height":6,"heightSource":"default"},"geometry":{"type":"MultiPolygon","coordinates":[[[[441846.59,2142684.29],[441854.89,2142681.68],[441853.62,2142677.68],[441845.32,2142680.31],[441846.59,2142684.29]]]]}},{"type":"Feature","properties":{"building":"yes","height":6,"heightSource":"default"},"geometry":{"type":"MultiPolygon","coordinates":[[[[441856.72,2142681.75],[441863.76,2142679.69],[441862.14,2142674.19],[441855.11,2142676.24],[441856.72,2142681.75]]]]}},{"type":"Feature","properties":{"building":"yes","height":6,"heightSource":"default"},"geometry":{"type":"MultiPolygon","coordinates":[[[[441850.64,2142695.28],[441861.54,2142691.81],[441858.83,2142683.33],[441847.91,2142686.8],[441850.64,2142695.28]]]]}},{"type":"Feature","properties":{"building":"yes","height":6,"heightSource":"default"},"geometry":{"type":"MultiPolygon","coordinates":[[[[441845.33,2142708.03],[441856.59,2142706.04],[441855.15,2142698.06],[441843.89,2142700.06],[441845.33,2142708.03]]]]}},{"type":"Feature","properties":{"building":"yes","height":6,"heightSource":"default"},"geometry":{"type":"MultiPolygon","coordinates":[[[[441833.1,2142713.39],[441845.2,2142710.77],[441843.31,2142702.13],[441831.2,2142704.76],[441833.1,2142713.39]]]]}},{"type":"Feature","properties":{"building":"yes","height":6,"heightSource":"default"},"geometry":{"type":"MultiPolygon","coordinates":[[[[441837,2142721.77],[441846,2142719.5],[441844.05,2142711.83],[441835.04,2142714.11],[441837,2142721.77]]]]}},{"type":"Feature","properties":{"building":"yes","height":6,"heightSource":"default"},"geometry":{"type":"MultiPolygon","coordinates":[[[[441790.81,2142704.99],[441807.64,2142703.6],[441806.57,2142690.69],[441789.74,2142692.08],[441790.81,2142704.99]]]]}},{"type":"Feature","properties":{"building":"yes","height":6,"heightSource":"default"},"geometry":{"type":"MultiPolygon","coordinates":[[[[441800.76,2142709.36],[441806.39,2142708.29],[441805.9,2142705.7],[441800.26,2142706.77],[441800.76,2142709.36]]]]}},{"type":"Feature","properties":{"building":"yes","height":6,"heightSource":"default"},"geometry":{"type":"MultiPolygon","coordinates":[[[[441813.52,2142710.86],[441819.99,2142710.07],[441819.44,2142705.62],[441812.97,2142706.42],[441813.52,2142710.86]]]]}},{"type":"Feature","properties":{"building":"yes","height":6,"heightSource":"default"},"geometry":{"type":"MultiPolygon","coordinates":[[[[441815.23,2142718.13],[441820.19,2142717.37],[441819.25,2142711.36],[441814.29,2142712.11],[441815.23,2142718.13]]]]}},{"type":"Feature","properties":{"building":"yes","height":6,"heightSource":"default"},"geometry":{"type":"MultiPolygon","coordinates":[[[[441799.1,2142717.63],[441809.45,2142715.64],[441808.12,2142708.86],[441797.77,2142710.85],[441799.1,2142717.63]]]]}},{"type":"Feature","properties":{"building":"yes","height":6,"heightSource":"default"},"geometry":{"type":"MultiPolygon","coordinates":[[[[441801.6,2142727.07],[441812.71,2142725.42],[441811.35,2142716.32],[441800.23,2142717.96],[441801.6,2142727.07]]]]}},{"type":"Feature","properties":{"building":"yes","height":6,"heightSource":"default"},"geometry":{"type":"MultiPolygon","coordinates":[[[[442007.25,2142630.31],[442013.1,2142628.32],[442010.28,2142620.12],[442004.44,2142622.09],[442007.25,2142630.31]]]]}},{"type":"Feature","properties":{"building":"yes","height":6,"heightSource":"default"},"geometry":{"type":"MultiPolygon","coordinates":[[[[441927.55,2142654.85],[441934.72,2142652.03],[441930.29,2142640.89],[441923.11,2142643.71],[441927.55,2142654.85]]]]}},{"type":"Feature","properties":{"building":"yes","height":6,"heightSource":"default"},"geometry":{"type":"MultiPolygon","coordinates":[[[[441896.93,2142635.2],[441906.47,2142630.96],[441899.8,2142616.14],[441890.26,2142620.38],[441896.93,2142635.2]]]]}},{"type":"Feature","properties":{"building":"yes","height":6,"heightSource":"default"},"geometry":{"type":"MultiPolygon","coordinates":[[[[441868.14,2142618.57],[441876.19,2142615.51],[441872.63,2142606.28],[441864.59,2142609.34],[441868.14,2142618.57]]]]}},{"type":"Feature","properties":{"building":"yes","height":6,"heightSource":"default"},"geometry":{"type":"MultiPolygon","coordinates":[[[[441878.74,2142652],[441886.05,2142648.75],[441883.77,2142643.66],[441876.46,2142646.9],[441878.74,2142652]]]]}},{"type":"Feature","properties":{"building":"yes","height":6,"heightSource":"default"},"geometry":{"type":"MultiPolygon","coordinates":[[[[441886.04,2142665.2],[441892.56,2142663.65],[441890.42,2142654.76],[441883.9,2142656.32],[441886.04,2142665.2]]]]}},{"type":"Feature","properties":{"building":"yes","height":6,"heightSource":"default"},"geometry":{"type":"MultiPolygon","coordinates":[[[[441876.81,2142665.79],[441884.34,2142663.46],[441881.57,2142654.64],[441874.05,2142656.98],[441876.81,2142665.79]]]]}},{"type":"Feature","properties":{"building":"yes","height":6,"heightSource":"default"},"geometry":{"type":"MultiPolygon","coordinates":[[[[441893.55,2142682.54],[441901.79,2142680.31],[441898.08,2142666.81],[441889.85,2142669.04],[441893.55,2142682.54]]]]}},{"type":"Feature","properties":{"building":"yes","height":6,"heightSource":"default"},"geometry":{"type":"MultiPolygon","coordinates":[[[[441879.96,2142679.3],[441885.04,2142677.86],[441884.24,2142675.11],[441887.03,2142674.31],[441885.68,2142669.58],[441877.81,2142671.82],[441879.96,2142679.3]]]]}},{"type":"Feature","properties":{"building":"yes","height":6,"heightSource":"default"},"geometry":{"type":"MultiPolygon","coordinates":[[[[441881.42,2142685.99],[441890.02,2142683.28],[441888.2,2142677.6],[441879.6,2142680.31],[441881.42,2142685.99]]]]}},{"type":"Feature","properties":{"building":"yes","height":6,"heightSource":"default"},"geometry":{"type":"MultiPolygon","coordinates":[[[[441883.96,2142698.67],[441895.01,2142695.97],[441892.92,2142687.5],[441881.87,2142690.2],[441883.96,2142698.67]]]]}},{"type":"Feature","properties":{"building":"yes","height":6,"heightSource":"default"},"geometry":{"type":"MultiPolygon","coordinates":[[[[441930.09,2142700.12],[441937.22,2142698.61],[441935,2142688.32],[441927.87,2142689.84],[441930.09,2142700.12]]]]}},{"type":"Feature","properties":{"building":"yes","height":6,"heightSource":"default"},"geometry":{"type":"MultiPolygon","coordinates":[[[[441917.46,2142690.5],[441924.77,2142688.67],[441923.18,2142682.4],[441915.85,2142684.24],[441917.46,2142690.5]]]]}},{"type":"Feature","properties":{"building":"yes","height":6,"heightSource":"default"},"geometry":{"type":"MultiPolygon","coordinates":[[[[441920.59,2142701.98],[441927.89,2142700.09],[441925.26,2142690.01],[441917.96,2142691.91],[441920.59,2142701.98]]]]}},{"type":"Feature","properties":{"building":"yes","height":6,"heightSource":"default"},"geometry":{"type":"MultiPolygon","coordinates":[[[[441909.96,2142705.37],[441919.47,2142702.7],[441915.13,2142687.39],[441905.62,2142690.06],[441909.96,2142705.37]]]]}},{"type":"Feature","properties":{"building":"yes","height":6,"heightSource":"default"},"geometry":{"type":"MultiPolygon","coordinates":[[[[441897.52,2142710.8],[441907.51,2142708.67],[441905.04,2142697.24],[441895.05,2142699.36],[441897.52,2142710.8]]]]}},{"type":"Feature","properties":{"building":"yes","height":6,"heightSource":"default"},"geometry":{"type":"MultiPolygon","coordinates":[[[[441887.73,2142710.62],[441893.43,2142709.21],[441891.29,2142700.68],[441885.58,2142702.09],[441887.73,2142710.62]]]]}},{"type":"Feature","properties":{"building":"yes","height":6,"heightSource":"default"},"geometry":{"type":"MultiPolygon","coordinates":[[[[441502.05,2142427.52],[441511.34,2142426.38],[441510.53,2142419.89],[441501.24,2142421.04],[441502.05,2142427.52]]]]}},{"type":"Feature","properties":{"building":"yes","height":6,"heightSource":"default"},"geometry":{"type":"MultiPolygon","coordinates":[[[[441508.67,2142407.27],[441515.01,2142405.93],[441513.09,2142397.02],[441506.76,2142398.37],[441508.67,2142407.27]]]]}},{"type":"Feature","properties":{"building":"yes","height":6,"heightSource":"default"},"geometry":{"type":"MultiPolygon","coordinates":[[[[441512.73,2142419.72],[441518.29,2142418.24],[441515.36,2142407.41],[441509.81,2142408.89],[441512.73,2142419.72]]]]}},{"type":"Feature","properties":{"building":"yes","height":6,"heightSource":"default"},"geometry":{"type":"MultiPolygon","coordinates":[[[[441525.23,2142407.36],[441528.89,2142406.87],[441528.05,2142400.84],[441524.39,2142401.34],[441525.23,2142407.36]]]]}},{"type":"Feature","properties":{"building":"yes","height":6,"heightSource":"default"},"geometry":{"type":"MultiPolygon","coordinates":[[[[441516.35,2142407.33],[441524.1,2142406.11],[441522.2,2142394.16],[441514.45,2142395.37],[441516.35,2142407.33]]]]}},{"type":"Feature","properties":{"building":"yes","height":6,"heightSource":"default"},"geometry":{"type":"MultiPolygon","coordinates":[[[[441524.2,2142416.88],[441529.62,2142416.31],[441529.01,2142410.57],[441523.58,2142411.15],[441524.2,2142416.88]]]]}},{"type":"Feature","properties":{"building":"yes","height":6,"heightSource":"default"},"geometry":{"type":"MultiPolygon","coordinates":[[[[441522.61,2142425.79],[441531.41,2142425.26],[441530.95,2142417.5],[441522.15,2142418.02],[441522.61,2142425.79]]]]}},{"type":"Feature","properties":{"building":"yes","height":6,"heightSource":"default"},"geometry":{"type":"MultiPolygon","coordinates":[[[[441533.39,2142427.92],[441538.46,2142427.76],[441538.11,2142416.53],[441533.04,2142416.69],[441533.39,2142427.92]]]]}},{"type":"Feature","properties":{"building":"yes","height":6,"heightSource":"default"},"geometry":{"type":"MultiPolygon","coordinates":[[[[441540.36,2142427.33],[441543.25,2142427.14],[441543.48,2142430.3],[441547.91,2142429.99],[441546.92,2142416.01],[441539.59,2142416.54],[441540.36,2142427.33]]]]}},{"type":"Feature","properties":{"building":"yes","height":6,"heightSource":"default"},"geometry":{"type":"MultiPolygon","coordinates":[[[[441551.43,2142430.66],[441558.61,2142429.66],[441556.95,2142417.77],[441549.77,2142418.76],[441551.43,2142430.66]]]]}},{"type":"Feature","properties":{"building":"yes","height":6,"heightSource":"default"},"geometry":{"type":"MultiPolygon","coordinates":[[[[441548.11,2142408.34],[441553.96,2142407.27],[441552.11,2142397.29],[441546.26,2142398.36],[441548.11,2142408.34]]]]}},{"type":"Feature","properties":{"building":"yes","height":6,"heightSource":"default"},"geometry":{"type":"MultiPolygon","coordinates":[[[[441560.84,2142423.9],[441569.91,2142421],[441563.58,2142401.5],[441554.52,2142404.4],[441560.84,2142423.9]]]]}},{"type":"Feature","properties":{"building":"yes","height":6,"heightSource":"default"},"geometry":{"type":"MultiPolygon","coordinates":[[[[441568.18,2142408.76],[441579.47,2142406.17],[441575.46,2142388.93],[441571.03,2142389.95],[441569.89,2142385.09],[441563.05,2142386.66],[441568.18,2142408.76]]]]}},{"type":"Feature","properties":{"building":"yes","height":6,"heightSource":"default"},"geometry":{"type":"MultiPolygon","coordinates":[[[[441571.68,2142423.17],[441582.49,2142421.19],[441580.21,2142408.81],[441569.39,2142410.8],[441571.68,2142423.17]]]]}},{"type":"Feature","properties":{"building":"yes","height":6,"heightSource":"default"},"geometry":{"type":"MultiPolygon","coordinates":[[[[441591.69,2142404.07],[441595.51,2142403.01],[441594.02,2142397.69],[441590.19,2142398.76],[441591.69,2142404.07]]]]}},{"type":"Feature","properties":{"building":"yes","height":6,"heightSource":"default"},"geometry":{"type":"MultiPolygon","coordinates":[[[[441581.35,2142407.12],[441589.72,2142405.62],[441588.52,2142398.98],[441580.15,2142400.48],[441581.35,2142407.12]]]]}},{"type":"Feature","properties":{"building":"yes","height":6,"heightSource":"default"},"geometry":{"type":"MultiPolygon","coordinates":[[[[441583.77,2142415.22],[441592.72,2142413.42],[441591.29,2142406.42],[441582.34,2142408.23],[441583.77,2142415.22]]]]}},{"type":"Feature","properties":{"building":"yes","height":6,"heightSource":"default"},"geometry":{"type":"MultiPolygon","coordinates":[[[[441577.63,2142387.45],[441588.25,2142384.69],[441585.92,2142375.84],[441575.3,2142378.61],[441577.63,2142387.45]]]]}},{"type":"Feature","properties":{"building":"yes","height":6,"heightSource":"default"},"geometry":{"type":"MultiPolygon","coordinates":[[[[441579.98,2142397.53],[441588.07,2142395.89],[441586.45,2142387.98],[441578.36,2142389.62],[441579.98,2142397.53]]]]}},{"type":"Feature","properties":{"building":"yes","height":6,"heightSource":"default"},"geometry":{"type":"MultiPolygon","coordinates":[[[[441590.83,2142396.8],[441597.08,2142395.24],[441594.58,2142385.31],[441588.33,2142386.88],[441590.83,2142396.8]]]]}},{"type":"Feature","properties":{"building":"yes","height":6,"heightSource":"default"},"geometry":{"type":"MultiPolygon","coordinates":[[[[441601.16,2142412.02],[441610.25,2142409.07],[441605.34,2142394.1],[441596.25,2142397.05],[441601.16,2142412.02]]]]}},{"type":"Feature","properties":{"building":"yes","height":6,"heightSource":"default"},"geometry":{"type":"MultiPolygon","coordinates":[[[[441610.21,2142402.96],[441616.25,2142401.27],[441613.46,2142391.48],[441607.43,2142393.17],[441610.21,2142402.96]]]]}},{"type":"Feature","properties":{"building":"yes","height":6,"heightSource":"default"},"geometry":{"type":"MultiPolygon","coordinates":[[[[441601.63,2142387.23],[441605.91,2142386.34],[441606.46,2142388.95],[441611.4,2142387.92],[441608.29,2142373.12],[441599.06,2142375.05],[441601.63,2142387.23]]]]}},{"type":"Feature","properties":{"building":"yes","height":6,"heightSource":"default"},"geometry":{"type":"MultiPolygon","coordinates":[[[[441621.64,2142408.87],[441631.85,2142406.06],[441628.45,2142393.86],[441625.58,2142394.66],[441624.71,2142391.53],[441617.37,2142393.56],[441621.64,2142408.87]]]]}},{"type":"Feature","properties":{"building":"yes","height":6,"heightSource":"default"},"geometry":{"type":"MultiPolygon","coordinates":[[[[441615.1,2142391.67],[441627.14,2142388.91],[441624.41,2142377.22],[441612.39,2142379.99],[441615.1,2142391.67]]]]}},{"type":"Feature","properties":{"building":"yes","height":6,"heightSource":"default"},"geometry":{"type":"MultiPolygon","coordinates":[[[[441629.4,2142393.73],[441636.09,2142393.14],[441635.45,2142385.86],[441628.76,2142386.44],[441629.4,2142393.73]]]]}},{"type":"Feature","properties":{"building":"yes","height":6,"heightSource":"default"},"geometry":{"type":"MultiPolygon","coordinates":[[[[441632.11,2142404.5],[441638.29,2142402.94],[441636.51,2142395.95],[441630.33,2142397.51],[441632.11,2142404.5]]]]}},{"type":"Feature","properties":{"building":"yes","height":6,"heightSource":"default"},"geometry":{"type":"MultiPolygon","coordinates":[[[[441648.86,2142399.62],[441655.34,2142399.18],[441654.66,2142389.44],[441648.19,2142389.88],[441648.86,2142399.62]]]]}},{"type":"Feature","properties":{"building":"yes","height":6,"heightSource":"default"},"geometry":{"type":"MultiPolygon","coordinates":[[[[441640.15,2142386.98],[441653.32,2142387],[441653.36,2142370.42],[441640.19,2142370.4],[441640.15,2142386.98]]]]}},{"type":"Feature","properties":{"building":"yes","height":6,"heightSource":"default"},"geometry":{"type":"MultiPolygon","coordinates":[[[[441656.93,2142391.05],[441665.65,2142390.68],[441665.28,2142381.93],[441656.55,2142382.3],[441656.93,2142391.05]]]]}},{"type":"Feature","properties":{"building":"yes","height":6,"heightSource":"default"},"geometry":{"type":"MultiPolygon","coordinates":[[[[441654.99,2142378.11],[441669.49,2142377.56],[441669,2142364.42],[441654.49,2142364.95],[441654.99,2142378.11]]]]}},{"type":"Feature","properties":{"building":"yes","height":6,"heightSource":"default"},"geometry":{"type":"MultiPolygon","coordinates":[[[[441671.35,2142386.73],[441681.63,2142386.42],[441681.41,2142379.23],[441671.13,2142379.55],[441671.35,2142386.73]]]]}},{"type":"Feature","properties":{"building":"yes","height":6,"heightSource":"default"},"geometry":{"type":"MultiPolygon","coordinates":[[[[441672.02,2142398.98],[441686.53,2142398.79],[441686.41,2142389.87],[441671.91,2142390.06],[441672.02,2142398.98]]]]}},{"type":"Feature","properties":{"building":"yes","height":6,"heightSource":"default"},"geometry":{"type":"MultiPolygon","coordinates":[[[[441692.44,2142397.52],[441705.05,2142398.52],[441706.22,2142384.11],[441693.61,2142383.1],[441692.44,2142397.52]]]]}},{"type":"Feature","properties":{"building":"yes","height":6,"heightSource":"default"},"geometry":{"type":"MultiPolygon","coordinates":[[[[441685.36,2142492.18],[441696.18,2142488.64],[441694.56,2142483.7],[441683.72,2142487.24],[441685.36,2142492.18]]]]}},{"type":"Feature","properties":{"building":"yes","height":6,"heightSource":"default"},"geometry":{"type":"MultiPolygon","coordinates":[[[[441697.61,2142495.36],[441703.53,2142495.19],[441703.31,2142487.18],[441697.4,2142487.35],[441697.61,2142495.36]]]]}},{"type":"Feature","properties":{"building":"yes","height":6,"heightSource":"default"},"geometry":{"type":"MultiPolygon","coordinates":[[[[441705.55,2142488.68],[441712.38,2142488.45],[441712.13,2142481.06],[441705.29,2142481.29],[441705.55,2142488.68]]]]}},{"type":"Feature","properties":{"building":"yes","height":6,"heightSource":"default"},"geometry":{"type":"MultiPolygon","coordinates":[[[[441706.42,2142495.82],[441713.7,2142495.47],[441713.4,2142489.31],[441706.12,2142489.66],[441706.42,2142495.82]]]]}},{"type":"Feature","properties":{"building":"yes","height":6,"heightSource":"default"},"geometry":{"type":"MultiPolygon","coordinates":[[[[441717.37,2142485.7],[441723.07,2142483.03],[441720.99,2142478.65],[441715.29,2142481.32],[441717.37,2142485.7]]]]}},{"type":"Feature","properties":{"building":"yes","height":6,"heightSource":"default"},"geometry":{"type":"MultiPolygon","coordinates":[[[[441721.49,2142494.09],[441727.37,2142491.08],[441723.54,2142483.68],[441717.65,2142486.68],[441721.49,2142494.09]]]]}},{"type":"Feature","properties":{"building":"yes","height":6,"heightSource":"default"},"geometry":{"type":"MultiPolygon","coordinates":[[[[441747.36,2142484.63],[441758.92,2142484.38],[441758.75,2142476.98],[441747.2,2142477.23],[441747.36,2142484.63]]]]}},{"type":"Feature","properties":{"building":"yes","height":6,"heightSource":"default"},"geometry":{"type":"MultiPolygon","coordinates":[[[[441728.16,2142490.43],[441738.85,2142486.2],[441734.22,2142474.64],[441723.53,2142478.86],[441728.16,2142490.43]]]]}},{"type":"Feature","properties":{"building":"yes","height":6,"heightSource":"default"},"geometry":{"type":"MultiPolygon","coordinates":[[[[441704.19,2142479.38],[441710.73,2142479.15],[441710.51,2142473.02],[441703.97,2142473.25],[441704.19,2142479.38]]]]}},{"type":"Feature","properties":{"building":"yes","height":6,"heightSource":"default"},"geometry":{"type":"MultiPolygon","coordinates":[[[[441684.76,2142482.52],[441700.24,2142481.21],[441699.3,2142470.16],[441683.81,2142471.47],[441684.76,2142482.52]]]]}},{"type":"Feature","properties":{"building":"yes","height":6,"heightSource":"default"},"geometry":{"type":"MultiPolygon","coordinates":[[[[441699.36,2142426.47],[441707.25,2142426.44],[441707.21,2142413.85],[441699.32,2142413.87],[441699.36,2142426.47]]]]}},{"type":"Feature","properties":{"building":"yes","height":6,"heightSource":"default"},"geometry":{"type":"MultiPolygon","coordinates":[[[[441703.64,2142443.26],[441711.25,2142443.09],[441711.06,2142434.44],[441703.45,2142434.61],[441703.64,2142443.26]]]]}},{"type":"Feature","properties":{"building":"yes","height":6,"heightSource":"default"},"geometry":{"type":"MultiPolygon","coordinates":[[[[441742.82,2142449.29],[441754.09,2142449.67],[441754.44,2142439.25],[441743.17,2142438.86],[441742.82,2142449.29]]]]}},{"type":"Feature","properties":{"building":"yes","height":6,"heightSource":"default"},"geometry":{"type":"MultiPolygon","coordinates":[[[[441692.68,2142778.77],[441694.79,2142783.32],[441699.18,2142781.31],[441697.08,2142776.75],[441692.68,2142778.77]]]]}},{"type":"Feature","properties":{"building":"yes","height":6,"heightSource":"default"},"geometry":{"type":"MultiPolygon","coordinates":[[[[441685.84,2142777.42],[441693.95,2142777.47],[441694.03,2142762.93],[441685.92,2142762.89],[441685.84,2142777.42]]]]}},{"type":"Feature","properties":{"building":"yes","height":6,"heightSource":"default"},"geometry":{"type":"MultiPolygon","coordinates":[[[[441663.73,2142774.41],[441679.14,2142773.45],[441678.29,2142759.84],[441662.86,2142760.79],[441663.73,2142774.41]]]]}},{"type":"Feature","properties":{"building":"yes","height":6,"heightSource":"default"},"geometry":{"type":"MultiPolygon","coordinates":[[[[441643.36,2142770.84],[441655.82,2142769.68],[441655.23,2142763.35],[441642.77,2142764.51],[441643.36,2142770.84]]]]}},{"type":"Feature","properties":{"building":"yes","height":6,"heightSource":"default"},"geometry":{"type":"MultiPolygon","coordinates":[[[[441644.8,2142778.74],[441657.33,2142777.23],[441656.51,2142770.55],[441643.98,2142772.06],[441644.8,2142778.74]]]]}},{"type":"Feature","properties":{"building":"yes","height":6,"heightSource":"default"},"geometry":{"type":"MultiPolygon","coordinates":[[[[441630.86,2142781.23],[441643.11,2142779.45],[441641.1,2142765.88],[441628.86,2142767.67],[441630.86,2142781.23]]]]}},{"type":"Feature","properties":{"building":"yes","height":6,"heightSource":"default"},"geometry":{"type":"MultiPolygon","coordinates":[[[[441667.21,2142786.93],[441678.97,2142785.92],[441678.3,2142778.3],[441666.55,2142779.32],[441667.21,2142786.93]]]]}},{"type":"Feature","properties":{"building":"yes","height":6,"heightSource":"default"},"geometry":{"type":"MultiPolygon","coordinates":[[[[441658.01,2142792.84],[441666.46,2142791.83],[441665,2142779.76],[441656.55,2142780.76],[441658.01,2142792.84]]]]}},{"type":"Feature","properties":{"building":"yes","height":6,"heightSource":"default"},"geometry":{"type":"MultiPolygon","coordinates":[[[[441640.19,2142791.15],[441648.92,2142790.35],[441648.29,2142783.5],[441639.55,2142784.29],[441640.19,2142791.15]]]]}},{"type":"Feature","properties":{"building":"yes","height":6,"heightSource":"default"},"geometry":{"type":"MultiPolygon","coordinates":[[[[441651.12,2142796.36],[441655.84,2142795.72],[441655.14,2142790.66],[441650.42,2142791.31],[441651.12,2142796.36]]]]}},{"type":"Feature","properties":{"building":"yes","height":6,"heightSource":"default"},"geometry":{"type":"MultiPolygon","coordinates":[[[[441643.24,2142798.28],[441649.15,2142797],[441647.89,2142791.25],[441641.98,2142792.53],[441643.24,2142798.28]]]]}},{"type":"Feature","properties":{"building":"yes","height":6,"heightSource":"default"},"geometry":{"type":"MultiPolygon","coordinates":[[[[441633.05,2142805.31],[441643.6,2142802.26],[441640.74,2142792.49],[441630.19,2142795.53],[441633.05,2142805.31]]]]}},{"type":"Feature","properties":{"building":"yes","height":6,"heightSource":"default"},"geometry":{"type":"MultiPolygon","coordinates":[[[[441689.5,2142797.92],[441695.06,2142797.27],[441693.76,2142786.18],[441688.19,2142786.82],[441689.5,2142797.92]]]]}},{"type":"Feature","properties":{"building":"yes","height":6,"heightSource":"default"},"geometry":{"type":"MultiPolygon","coordinates":[[[[441676.5,2142804.47],[441688.53,2142803.38],[441687.51,2142792.12],[441675.46,2142793.21],[441676.5,2142804.47]]]]}},{"type":"Feature","properties":{"building":"yes","height":6,"heightSource":"default"},"geometry":{"type":"MultiPolygon","coordinates":[[[[441663.19,2142806.75],[441674.39,2142805.66],[441673.2,2142793.51],[441662.01,2142794.6],[441663.19,2142806.75]]]]}},{"type":"Feature","properties":{"building":"yes","height":6,"heightSource":"default"},"geometry":{"type":"MultiPolygon","coordinates":[[[[441650.82,2142812.6],[441661.09,2142809.7],[441658.1,2142799.26],[441647.83,2142802.17],[441650.82,2142812.6]]]]}},{"type":"Feature","properties":{"building":"yes","height":6,"heightSource":"default"},"geometry":{"type":"MultiPolygon","coordinates":[[[[441650.44,2142826.74],[441654.1,2142824.78],[441649.21,2142815.77],[441645.55,2142817.73],[441650.44,2142826.74]]]]}},{"type":"Feature","properties":{"building":"yes","height":6,"heightSource":"default"},"geometry":{"type":"MultiPolygon","coordinates":[[[[441654.94,2142824.49],[441661.13,2142822.01],[441659.18,2142817.18],[441652.99,2142819.66],[441654.94,2142824.49]]]]}},{"type":"Feature","properties":{"building":"yes","height":6,"heightSource":"default"},"geometry":{"type":"MultiPolygon","coordinates":[[[[441644.83,2142830.47],[441650.03,2142828.63],[441648.06,2142823.13],[441642.85,2142824.96],[441644.83,2142830.47]]]]}},{"type":"Feature","properties":{"building":"yes","height":6,"heightSource":"default"},"geometry":{"type":"MultiPolygon","coordinates":[[[[441645.49,2142841.04],[441653.23,2142838.22],[441650.2,2142830.03],[441642.46,2142832.85],[441645.49,2142841.04]]]]}},{"type":"Feature","properties":{"building":"yes","height":6,"heightSource":"default"},"geometry":{"type":"MultiPolygon","coordinates":[[[[441659.27,2142833.78],[441667.14,2142830.26],[441663.8,2142822.88],[441655.92,2142826.41],[441659.27,2142833.78]]]]}},{"type":"Feature","properties":{"building":"yes","height":6,"heightSource":"default"},"geometry":{"type":"MultiPolygon","coordinates":[[[[441665.75,2142826.13],[441676.73,2142821.72],[441671.13,2142807.93],[441661.31,2142811.87],[441660.14,2142812.33],[441665.75,2142826.13]]]]}},{"type":"Feature","properties":{"building":"yes","height":6,"heightSource":"default"},"geometry":{"type":"MultiPolygon","coordinates":[[[[441678.79,2142819.09],[441690.83,2142815.27],[441687.63,2142805.34],[441675.61,2142809.16],[441678.79,2142819.09]]]]}},{"type":"Feature","properties":{"building":"yes","height":6,"heightSource":"default"},"geometry":{"type":"MultiPolygon","coordinates":[[[[441690.95,2142811.01],[441698.77,2142810.06],[441697.91,2142803],[441690.1,2142803.93],[441690.95,2142811.01]]]]}},{"type":"Feature","properties":{"building":"yes","height":6,"heightSource":"default"},"geometry":{"type":"MultiPolygon","coordinates":[[[[441697.87,2142794.53],[441704.49,2142793.73],[441703.41,2142784.85],[441696.8,2142785.64],[441697.87,2142794.53]]]]}},{"type":"Feature","properties":{"building":"yes","height":6,"heightSource":"default"},"geometry":{"type":"MultiPolygon","coordinates":[[[[441706.68,2142794.78],[441713.51,2142794.48],[441713.04,2142784.22],[441706.22,2142784.52],[441706.68,2142794.78]]]]}},{"type":"Feature","properties":{"building":"yes","height":6,"heightSource":"default"},"geometry":{"type":"MultiPolygon","coordinates":[[[[441716.49,2142824.92],[441721.55,2142824.5],[441720.46,2142811.48],[441715.39,2142811.9],[441716.49,2142824.92]]]]}},{"type":"Feature","properties":{"building":"yes","height":6,"heightSource":"default"},"geometry":{"type":"MultiPolygon","coordinates":[[[[441706.7,2142824.39],[441714.93,2142823.8],[441714.16,2142813.12],[441705.93,2142813.7],[441706.7,2142824.39]]]]}},{"type":"Feature","properties":{"building":"yes","height":6,"heightSource":"default"},"geometry":{"type":"MultiPolygon","coordinates":[[[[441701.55,2142821.96],[441705.65,2142821.72],[441705.13,2142813.14],[441701.03,2142813.39],[441701.55,2142821.96]]]]}},{"type":"Feature","properties":{"building":"yes","height":6,"heightSource":"default"},"geometry":{"type":"MultiPolygon","coordinates":[[[[441692.74,2142820.58],[441700.7,2142820.07],[441700.15,2142811.73],[441692.2,2142812.24],[441692.74,2142820.58]]]]}},{"type":"Feature","properties":{"building":"yes","height":6,"heightSource":"default"},"geometry":{"type":"MultiPolygon","coordinates":[[[[441695.24,2142830.24],[441700.8,2142828.89],[441699.69,2142824.34],[441694.13,2142825.68],[441695.24,2142830.24]]]]}},{"type":"Feature","properties":{"building":"yes","height":6,"heightSource":"default"},"geometry":{"type":"MultiPolygon","coordinates":[[[[441680.37,2142827.55],[441690.57,2142825.07],[441688.86,2142818.1],[441678.66,2142820.59],[441680.37,2142827.55]]]]}},{"type":"Feature","properties":{"building":"yes","height":6,"heightSource":"default"},"geometry":{"type":"MultiPolygon","coordinates":[[[[441718.33,2142849],[441725.61,2142848.91],[441725.5,2142839.36],[441718.22,2142839.45],[441718.33,2142849]]]]}},{"type":"Feature","properties":{"building":"yes","height":6,"heightSource":"default"},"geometry":{"type":"MultiPolygon","coordinates":[[[[441717.16,2142838.08],[441722.8,2142836.87],[441720.88,2142828.06],[441715.26,2142829.27],[441717.16,2142838.08]]]]}},{"type":"Feature","properties":{"building":"yes","height":6,"heightSource":"default"},"geometry":{"type":"MultiPolygon","coordinates":[[[[441704.57,2142841.06],[441711.47,2142839.36],[441709.26,2142830.56],[441702.37,2142832.26],[441704.57,2142841.06]]]]}},{"type":"Feature","properties":{"building":"yes","height":6,"heightSource":"default"},"geometry":{"type":"MultiPolygon","coordinates":[[[[441702.57,2142854.44],[441709.05,2142854.55],[441709.14,2142849.9],[441702.66,2142849.78],[441702.57,2142854.44]]]]}},{"type":"Feature","properties":{"building":"yes","height":6,"heightSource":"default"},"geometry":{"type":"MultiPolygon","coordinates":[[[[441697.05,2142845.56],[441702.89,2142844],[441700.68,2142835.82],[441694.85,2142837.39],[441697.05,2142845.56]]]]}},{"type":"Feature","properties":{"building":"yes","height":6,"heightSource":"default"},"geometry":{"type":"MultiPolygon","coordinates":[[[[441684.61,2142850.85],[441695.79,2142846.13],[441691.83,2142836.88],[441680.65,2142841.6],[441684.61,2142850.85]]]]}},{"type":"Feature","properties":{"building":"yes","height":6,"heightSource":"default"},"geometry":{"type":"MultiPolygon","coordinates":[[[[441674.98,2142856.84],[441682.78,2142853.94],[441678.63,2142842.85],[441674.19,2142844.49],[441676.9,2142851.72],[441673.53,2142852.97],[441674.98,2142856.84]]]]}},{"type":"Feature","properties":{"building":"yes","height":6,"heightSource":"default"},"geometry":{"type":"MultiPolygon","coordinates":[[[[441692.65,2142855.8],[441700.82,2142855.84],[441700.85,2142849.68],[441692.68,2142849.64],[441692.65,2142855.8]]]]}},{"type":"Feature","properties":{"building":"yes","height":6,"heightSource":"default"},"geometry":{"type":"MultiPolygon","coordinates":[[[[441692.68,2142865.39],[441702.12,2142865.28],[441702.05,2142859.04],[441692.62,2142859.14],[441692.68,2142865.39]]]]}},{"type":"Feature","properties":{"building":"yes","height":6,"heightSource":"default"},"geometry":{"type":"MultiPolygon","coordinates":[[[[441704.85,2142862.76],[441712.53,2142862.87],[441712.63,2142855.73],[441704.96,2142855.61],[441704.85,2142862.76]]]]}},{"type":"Feature","properties":{"building":"yes","height":6,"heightSource":"default"},"geometry":{"type":"MultiPolygon","coordinates":[[[[441717.75,2142875.88],[441726.97,2142876.02],[441727.15,2142864.52],[441717.93,2142864.37],[441717.75,2142875.88]]]]}},{"type":"Feature","properties":{"building":"yes","height":6,"heightSource":"default"},"geometry":{"type":"MultiPolygon","coordinates":[[[[441712.11,2142876.32],[441716.4,2142876.34],[441716.45,2142866.71],[441712.15,2142866.69],[441712.11,2142876.32]]]]}},{"type":"Feature","properties":{"building":"yes","height":6,"heightSource":"default"},"geometry":{"type":"MultiPolygon","coordinates":[[[[441707.81,2142876.61],[441711.26,2142876.57],[441711.17,2142867.68],[441707.71,2142867.72],[441707.81,2142876.61]]]]}},{"type":"Feature","properties":{"building":"yes","height":6,"heightSource":"default"},"geometry":{"type":"MultiPolygon","coordinates":[[[[441697.3,2142878.88],[441705.96,2142878.99],[441706.05,2142872.65],[441703.91,2142872.62],[441703.97,2142867.43],[441692.18,2142867.28],[441692.1,2142873.07],[441697.38,2142873.14],[441697.3,2142878.88]]]]}},{"type":"Feature","properties":{"building":"yes","height":6,"heightSource":"default"},"geometry":{"type":"MultiPolygon","coordinates":[[[[441658.77,2142864.45],[441674.07,2142859.92],[441672.84,2142855.83],[441657.54,2142860.35],[441658.77,2142864.45]]]]}},{"type":"Feature","properties":{"building":"yes","height":6,"heightSource":"default"},"geometry":{"type":"MultiPolygon","coordinates":[[[[441685.02,2142870.76],[441690.27,2142870.79],[441690.3,2142862.99],[441685.05,2142862.97],[441685.02,2142870.76]]]]}},{"type":"Feature","properties":{"building":"yes","height":6,"heightSource":"default"},"geometry":{"type":"MultiPolygon","coordinates":[[[[441664.74,2142869.4],[441669.17,2142869.52],[441669.34,2142863.81],[441664.9,2142863.68],[441664.74,2142869.4]]]]}},{"type":"Feature","properties":{"building":"yes","height":6,"heightSource":"default"},"geometry":{"type":"MultiPolygon","coordinates":[[[[441670.27,2142873.04],[441673.63,2142872.91],[441673.27,2142863.94],[441669.91,2142864.08],[441670.27,2142873.04]]]]}},{"type":"Feature","properties":{"building":"yes","height":6,"heightSource":"default"},"geometry":{"type":"MultiPolygon","coordinates":[[[[441674.72,2142874.33],[441684.71,2142874.22],[441684.59,2142862.66],[441674.6,2142862.76],[441674.72,2142874.33]]]]}},{"type":"Feature","properties":{"building":"yes","height":6,"heightSource":"default"},"geometry":{"type":"MultiPolygon","coordinates":[[[[441878.67,2142541.96],[441882.04,2142539.22],[441879.86,2142536.56],[441876.49,2142539.3],[441878.67,2142541.96]]]]}},{"type":"Feature","properties":{"building":"yes","height":6,"heightSource":"default"},"geometry":{"type":"MultiPolygon","coordinates":[[[[441742.51,2142506.13],[441760.67,2142505.45],[441760.27,2142495.11],[441742.11,2142495.8],[441742.51,2142506.13]]]]}},{"type":"Feature","properties":{"building":"yes","height":6,"heightSource":"default"},"geometry":{"type":"MultiPolygon","coordinates":[[[[441712.67,2142576.3],[441726.11,2142576.05],[441725.78,2142558.51],[441712.33,2142558.76],[441712.67,2142576.3]]]]}},{"type":"Feature","properties":{"building":"yes","height":6,"heightSource":"default"},"geometry":{"type":"MultiPolygon","coordinates":[[[[441726.12,2142597.75],[441737.44,2142596.8],[441736.54,2142586.08],[441725.21,2142587.03],[441726.12,2142597.75]]]]}},{"type":"Feature","properties":{"building":"yes","height":6,"heightSource":"default"},"geometry":{"type":"MultiPolygon","coordinates":[[[[441711.12,2142602.76],[441719.37,2142602.25],[441718.76,2142592.71],[441710.53,2142593.23],[441711.12,2142602.76]]]]}},{"type":"Feature","properties":{"building":"yes","height":6,"heightSource":"default"},"geometry":{"type":"MultiPolygon","coordinates":[[[[441716.6,2142616.11],[441724.33,2142614.76],[441723.48,2142609.94],[441715.74,2142611.29],[441716.6,2142616.11]]]]}},{"type":"Feature","properties":{"building":"yes","height":6,"heightSource":"default"},"geometry":{"type":"MultiPolygon","coordinates":[[[[441718.74,2142627.59],[441726.34,2142626.37],[441724.63,2142615.78],[441717.03,2142617],[441718.74,2142627.59]]]]}},{"type":"Feature","properties":{"building":"yes","height":6,"heightSource":"default"},"geometry":{"type":"MultiPolygon","coordinates":[[[[441730.77,2142625.52],[441741.9,2142623.94],[441740.22,2142612.3],[441729.11,2142613.87],[441730.77,2142625.52]]]]}},{"type":"Feature","properties":{"building":"yes","height":6,"heightSource":"default"},"geometry":{"type":"MultiPolygon","coordinates":[[[[441741.79,2142613.72],[441751.86,2142612.44],[441750.59,2142602.68],[441740.53,2142603.96],[441741.79,2142613.72]]]]}},{"type":"Feature","properties":{"building":"yes","height":6,"heightSource":"default"},"geometry":{"type":"MultiPolygon","coordinates":[[[[441744.14,2142621.83],[441754.98,2142620.19],[441753.94,2142613.41],[441743.1,2142615.05],[441744.14,2142621.83]]]]}},{"type":"Feature","properties":{"building":"yes","height":6,"heightSource":"default"},"geometry":{"type":"MultiPolygon","coordinates":[[[[441759.2,2142620.1],[441767.8,2142618.68],[441766.78,2142612.7],[441758.2,2142614.12],[441759.2,2142620.1]]]]}},{"type":"Feature","properties":{"building":"yes","height":6,"heightSource":"default"},"geometry":{"type":"MultiPolygon","coordinates":[[[[441755.03,2142613.54],[441763.76,2142612.19],[441762.63,2142605],[441753.9,2142606.35],[441755.03,2142613.54]]]]}},{"type":"Feature","properties":{"building":"yes","height":6,"heightSource":"default"},"geometry":{"type":"MultiPolygon","coordinates":[[[[441753.72,2142600.6],[441767.24,2142598.73],[441765.53,2142586.49],[441752.01,2142588.34],[441753.72,2142600.6]]]]}},{"type":"Feature","properties":{"building":"yes","height":6,"heightSource":"default"},"geometry":{"type":"MultiPolygon","coordinates":[[[[441750.56,2142581.42],[441761.33,2142580.48],[441760.46,2142570.7],[441749.69,2142571.64],[441750.56,2142581.42]]]]}},{"type":"Feature","properties":{"building":"yes","height":6,"heightSource":"default"},"geometry":{"type":"MultiPolygon","coordinates":[[[[441748.16,2142557.14],[441755.35,2142556.84],[441754.88,2142545.92],[441747.7,2142546.23],[441748.16,2142557.14]]]]}},{"type":"Feature","properties":{"building":"yes","height":6,"heightSource":"default"},"geometry":{"type":"MultiPolygon","coordinates":[[[[441758.18,2142541.09],[441764.23,2142540.92],[441764.09,2142535.21],[441758.03,2142535.36],[441758.18,2142541.09]]]]}},{"type":"Feature","properties":{"building":"yes","height":6,"heightSource":"default"},"geometry":{"type":"MultiPolygon","coordinates":[[[[441744.45,2142543.01],[441756.78,2142542.56],[441756.39,2142532.37],[441744.07,2142532.83],[441744.45,2142543.01]]]]}},{"type":"Feature","properties":{"building":"yes","height":6,"heightSource":"default"},"geometry":{"type":"MultiPolygon","coordinates":[[[[441748.19,2142522.64],[441759.81,2142522.46],[441759.72,2142516.34],[441748.1,2142516.52],[441748.19,2142522.64]]]]}},{"type":"Feature","properties":{"building":"yes","height":6,"heightSource":"default"},"geometry":{"type":"MultiPolygon","coordinates":[[[[441710.86,2142519.75],[441716.14,2142518.81],[441715.06,2142512.72],[441709.78,2142513.65],[441710.86,2142519.75]]]]}},{"type":"Feature","properties":{"building":"yes","height":6,"heightSource":"default"},"geometry":{"type":"MultiPolygon","coordinates":[[[[441718.26,2142521.33],[441726.29,2142519.91],[441724.59,2142510.47],[441716.57,2142511.89],[441718.26,2142521.33]]]]}},{"type":"Feature","properties":{"building":"yes","height":6,"heightSource":"default"},"geometry":{"type":"MultiPolygon","coordinates":[[[[441698.43,2142532.17],[441710.4,2142530.04],[441708.52,2142519.6],[441696.55,2142521.74],[441698.43,2142532.17]]]]}},{"type":"Feature","properties":{"building":"yes","height":6,"heightSource":"default"},"geometry":{"type":"MultiPolygon","coordinates":[[[[441735.46,2142678.71],[441741.08,2142677.64],[441738.62,2142664.77],[441732.98,2142665.84],[441735.46,2142678.71]]]]}},{"type":"Feature","properties":{"building":"yes","height":6,"heightSource":"default"},"geometry":{"type":"MultiPolygon","coordinates":[[[[441695.59,2142720.41],[441706.71,2142718.83],[441705.66,2142711.5],[441694.54,2142713.07],[441695.59,2142720.41]]]]}},{"type":"Feature","properties":{"building":"yes","height":6,"heightSource":"default"},"geometry":{"type":"MultiPolygon","coordinates":[[[[441641.68,2142686.29],[441652.46,2142685.97],[441652.14,2142675.12],[441659.39,2142674.91],[441659.14,2142666.06],[441656.62,2142666.13],[441656.5,2142662.13],[441640.98,2142662.58],[441641.68,2142686.29]]]]}},{"type":"Feature","properties":{"building":"yes","height":6,"heightSource":"default"},"geometry":{"type":"MultiPolygon","coordinates":[[[[441662.03,2142665.29],[441675.55,2142663.77],[441674.61,2142655.49],[441661.1,2142657],[441662.03,2142665.29]]]]}},{"type":"Feature","properties":{"building":"yes","height":6,"heightSource":"default"},"geometry":{"type":"MultiPolygon","coordinates":[[[[441714.64,2142665.75],[441726.6,2142663.82],[441725.43,2142656.64],[441713.47,2142658.57],[441714.64,2142665.75]]]]}},{"type":"Feature","properties":{"building":"yes","height":6,"heightSource":"default"},"geometry":{"type":"MultiPolygon","coordinates":[[[[441703.24,2142669.99],[441712.73,2142668.83],[441711.5,2142658.83],[441702.01,2142659.98],[441703.24,2142669.99]]]]}},{"type":"Feature","properties":{"building":"yes","height":6,"heightSource":"default"},"geometry":{"type":"MultiPolygon","coordinates":[[[[441693.93,2142662.38],[441701.24,2142660.82],[441697.97,2142645.68],[441690.65,2142647.25],[441693.93,2142662.38]]]]}},{"type":"Feature","properties":{"building":"yes","height":6,"heightSource":"default"},"geometry":{"type":"MultiPolygon","coordinates":[[[[441702.15,2142656.9],[441714.25,2142654.41],[441711.45,2142640.94],[441699.35,2142643.42],[441702.15,2142656.9]]]]}},{"type":"Feature","properties":{"building":"yes","height":6,"heightSource":"default"},"geometry":{"type":"MultiPolygon","coordinates":[[[[441751.13,2142645.68],[441758.94,2142644.54],[441757.44,2142634.5],[441749.63,2142635.66],[441751.13,2142645.68]]]]}},{"type":"Feature","properties":{"building":"yes","height":6,"heightSource":"default"},"geometry":{"type":"MultiPolygon","coordinates":[[[[441759.2,2142639],[441764.41,2142638.22],[441763.12,2142629.83],[441757.91,2142630.61],[441759.2,2142639]]]]}},{"type":"Feature","properties":{"building":"yes","height":6,"heightSource":"default"},"geometry":{"type":"MultiPolygon","coordinates":[[[[441766.04,2142643.88],[441772.17,2142643.11],[441770.44,2142629.61],[441764.31,2142630.38],[441766.04,2142643.88]]]]}},{"type":"Feature","properties":{"building":"yes","height":6,"heightSource":"default"},"geometry":{"type":"MultiPolygon","coordinates":[[[[441752.78,2142657.86],[441765.87,2142656],[441765.35,2142652.33],[441771.11,2142651.51],[441770.13,2142644.73],[441751.28,2142647.42],[441752.78,2142657.86]]]]}},{"type":"Feature","properties":{"building":"yes","height":6,"heightSource":"default"},"geometry":{"type":"MultiPolygon","coordinates":[[[[441719.4,2142678.34],[441729.96,2142677.04],[441728.42,2142664.64],[441717.86,2142665.94],[441719.4,2142678.34]]]]}},{"type":"Feature","properties":{"building":"yes","height":6,"heightSource":"default"},"geometry":{"type":"MultiPolygon","coordinates":[[[[441746,2142675.24],[441751.92,2142674.59],[441750.82,2142664.68],[441744.91,2142665.33],[441746,2142675.24]]]]}},{"type":"Feature","properties":{"building":"yes","height":6,"heightSource":"default"},"geometry":{"type":"MultiPolygon","coordinates":[[[[441756.99,2142677.59],[441764.74,2142677.14],[441764.11,2142666.3],[441756.37,2142666.74],[441756.99,2142677.59]]]]}},{"type":"Feature","properties":{"building":"yes","height":6,"heightSource":"default"},"geometry":{"type":"MultiPolygon","coordinates":[[[[441767.5,2142677.55],[441775.8,2142677.1],[441775.56,2142672.55],[441767.24,2142672.99],[441767.5,2142677.55]]]]}},{"type":"Feature","properties":{"building":"yes","height":6,"heightSource":"default"},"geometry":{"type":"MultiPolygon","coordinates":[[[[441765.08,2142672.3],[441775.17,2142670.96],[441773.92,2142661.64],[441763.83,2142662.99],[441765.08,2142672.3]]]]}},{"type":"Feature","properties":{"building":"yes","height":6,"heightSource":"default"},"geometry":{"type":"MultiPolygon","coordinates":[[[[441766.69,2142691.55],[441777.55,2142690.1],[441776.23,2142680.32],[441765.37,2142681.77],[441766.69,2142691.55]]]]}},{"type":"Feature","properties":{"building":"yes","height":6,"heightSource":"default"},"geometry":{"type":"MultiPolygon","coordinates":[[[[441768.95,2142715.14],[441777.21,2142714.03],[441776.46,2142708.46],[441768.2,2142709.56],[441768.95,2142715.14]]]]}},{"type":"Feature","properties":{"building":"yes","height":6,"heightSource":"default"},"geometry":{"type":"MultiPolygon","coordinates":[[[[441765.77,2142733.27],[441780.24,2142731.35],[441779.04,2142722.45],[441764.57,2142724.38],[441765.77,2142733.27]]]]}},{"type":"Feature","properties":{"building":"yes","height":6,"heightSource":"default"},"geometry":{"type":"MultiPolygon","coordinates":[[[[441755.34,2142729.94],[441764.06,2142728.79],[441762.91,2142720.26],[441754.18,2142721.43],[441755.34,2142729.94]]]]}},{"type":"Feature","properties":{"building":"yes","height":6,"heightSource":"default"},"geometry":{"type":"MultiPolygon","coordinates":[[[[441747.49,2142721.29],[441760.36,2142719.58],[441759.22,2142711.11],[441746.35,2142712.82],[441747.49,2142721.29]]]]}},{"type":"Feature","properties":{"building":"yes","height":6,"heightSource":"default"},"geometry":{"type":"MultiPolygon","coordinates":[[[[441721.4,2142689.04],[441733.36,2142687.44],[441732.58,2142681.65],[441720.62,2142683.25],[441721.4,2142689.04]]]]}},{"type":"Feature","properties":{"building":"yes","height":6,"heightSource":"default"},"geometry":{"type":"MultiPolygon","coordinates":[[[[441719.9,2142701.36],[441738.95,2142698.82],[441737.89,2142690.95],[441718.83,2142693.49],[441719.9,2142701.36]]]]}},{"type":"Feature","properties":{"building":"yes","height":6,"heightSource":"default"},"geometry":{"type":"MultiPolygon","coordinates":[[[[441719.23,2142712.14],[441741.89,2142709.12],[441740.59,2142699.55],[441717.94,2142702.56],[441719.23,2142712.14]]]]}},{"type":"Feature","properties":{"building":"yes","height":6,"heightSource":"default"},"geometry":{"type":"MultiPolygon","coordinates":[[[[441727.89,2142734.24],[441744.29,2142732.05],[441742.41,2142718.16],[441737.07,2142718.87],[441736.48,2142714.52],[441725.42,2142716],[441727.89,2142734.24]]]]}},{"type":"Feature","properties":{"building":"yes","height":6,"heightSource":"default"},"geometry":{"type":"MultiPolygon","coordinates":[[[[441706.86,2142741.44],[441710.46,2142740.96],[441709.8,2142736.11],[441706.2,2142736.6],[441706.86,2142741.44]]]]}},{"type":"Feature","properties":{"building":"yes","height":6,"heightSource":"default"},"geometry":{"type":"MultiPolygon","coordinates":[[[[441711.79,2142744.09],[441720.9,2142742.87],[441719.64,2142733.57],[441710.54,2142734.78],[441711.79,2142744.09]]]]}},{"type":"Feature","properties":{"building":"yes","height":6,"heightSource":"default"},"geometry":{"type":"MultiPolygon","coordinates":[[[[441697.95,2142732.86],[441703.86,2142732.08],[441702.95,2142725.3],[441706.93,2142724.76],[441706.51,2142721.62],[441696.62,2142722.94],[441697.95,2142732.86]]]]}},{"type":"Feature","properties":{"building":"yes","height":6,"heightSource":"default"},"geometry":{"type":"MultiPolygon","coordinates":[[[[441674.84,2142725.23],[441678.22,2142724.74],[441677.26,2142718.39],[441673.88,2142718.88],[441674.84,2142725.23]]]]}},{"type":"Feature","properties":{"building":"yes","height":6,"heightSource":"default"},"geometry":{"type":"MultiPolygon","coordinates":[[[[441647.66,2142705.09],[441651.04,2142704.95],[441650.65,2142696.47],[441647.27,2142696.63],[441647.66,2142705.09]]]]}},{"type":"Feature","properties":{"building":"yes","height":6,"heightSource":"default"},"geometry":{"type":"MultiPolygon","coordinates":[[[[441652.09,2142702.84],[441669.55,2142701.17],[441668.82,2142693.68],[441651.36,2142695.35],[441652.09,2142702.84]]]]}},{"type":"Feature","properties":{"building":"yes","height":6,"heightSource":"default"},"geometry":{"type":"MultiPolygon","coordinates":[[[[441647.28,2142719.87],[441660.24,2142718.77],[441659.27,2142707.46],[441646.31,2142708.55],[441647.28,2142719.87]]]]}},{"type":"Feature","properties":{"building":"yes","height":6,"heightSource":"default"},"geometry":{"type":"MultiPolygon","coordinates":[[[[441665.9,2142728.21],[441674.19,2142726.85],[441670.1,2142702.09],[441661.81,2142703.44],[441665.9,2142728.21]]]]}},{"type":"Feature","properties":{"building":"yes","height":6,"heightSource":"default"},"geometry":{"type":"MultiPolygon","coordinates":[[[[441681.45,2142746.64],[441688.07,2142745.42],[441686.29,2142735.79],[441679.66,2142737],[441681.45,2142746.64]]]]}},{"type":"Feature","properties":{"building":"yes","height":6,"heightSource":"default"},"geometry":{"type":"MultiPolygon","coordinates":[[[[441670.67,2142746.74],[441674.76,2142746.3],[441674.83,2142747.07],[441679.56,2142746.56],[441678.52,2142736.88],[441675.24,2142737.24],[441674.77,2142732.86],[441666.47,2142733.75],[441667.13,2142739.79],[441669.89,2142739.49],[441670.67,2142746.74]]]]}},{"type":"Feature","properties":{"building":"yes","height":6,"heightSource":"default"},"geometry":{"type":"MultiPolygon","coordinates":[[[[441663.86,2142749.42],[441668.8,2142748.98],[441668.2,2142742.26],[441663.25,2142742.71],[441663.86,2142749.42]]]]}},{"type":"Feature","properties":{"building":"yes","height":6,"heightSource":"default"},"geometry":{"type":"MultiPolygon","coordinates":[[[[441653.02,2142747.12],[441659.69,2142746.53],[441659.23,2142741.44],[441663.97,2142741.03],[441662.03,2142719.53],[441650.63,2142720.54],[441653.02,2142747.12]]]]}},{"type":"Feature","properties":{"building":"yes","height":6,"heightSource":"default"},"geometry":{"type":"MultiPolygon","coordinates":[[[[442229.97,2143154.22],[442240.1,2143150.34],[442235.84,2143139.37],[442225.71,2143143.25],[442229.97,2143154.22]]]]}},{"type":"Feature","properties":{"building":"yes","height":6,"heightSource":"default"},"geometry":{"type":"MultiPolygon","coordinates":[[[[442270.94,2143148.98],[442278.96,2143148.96],[442278.94,2143142.44],[442270.92,2143142.46],[442270.94,2143148.98]]]]}},{"type":"Feature","properties":{"building":"yes","height":6,"heightSource":"default"},"geometry":{"type":"MultiPolygon","coordinates":[[[[442291.07,2143149.61],[442297.84,2143151.56],[442299.56,2143145.61],[442292.8,2143143.68],[442291.07,2143149.61]]]]}},{"type":"Feature","properties":{"building":"yes","height":6,"heightSource":"default"},"geometry":{"type":"MultiPolygon","coordinates":[[[[442433.61,2143155.47],[442440.86,2143158.73],[442446.04,2143147.37],[442438.8,2143144.11],[442433.61,2143155.47]]]]}},{"type":"Feature","properties":{"building":"yes","height":6,"heightSource":"default"},"geometry":{"type":"MultiPolygon","coordinates":[[[[442383.41,2143175.92],[442402.01,2143180.49],[442405.09,2143168.05],[442386.49,2143163.5],[442383.41,2143175.92]]]]}},{"type":"Feature","properties":{"building":"yes","height":6,"heightSource":"default"},"geometry":{"type":"MultiPolygon","coordinates":[[[[442255.01,2143058.18],[442266.83,2143055.76],[442265.22,2143047.92],[442253.39,2143050.34],[442255.01,2143058.18]]]]}},{"type":"Feature","properties":{"building":"yes","height":6,"heightSource":"default"},"geometry":{"type":"MultiPolygon","coordinates":[[[[442190.42,2143028.14],[442198.01,2143024.34],[442190.36,2143009.24],[442182.76,2143013.05],[442190.42,2143028.14]]]]}},{"type":"Feature","properties":{"building":"yes","height":6,"heightSource":"default"},"geometry":{"type":"MultiPolygon","coordinates":[[[[442228.36,2142916.24],[442235.96,2142912.78],[442228.53,2142896.63],[442220.93,2142900.08],[442228.36,2142916.24]]]]}},{"type":"Feature","properties":{"building":"yes","height":6,"heightSource":"default"},"geometry":{"type":"MultiPolygon","coordinates":[[[[441782.86,2143359.7],[441787.22,2143363.39],[441792.01,2143357.8],[441787.63,2143354.1],[441782.86,2143359.7]]]]}},{"type":"Feature","properties":{"building":"yes","height":6,"heightSource":"default"},"geometry":{"type":"MultiPolygon","coordinates":[[[[441774.96,2143336.19],[441781.45,2143341.92],[441784.78,2143338.19],[441778.28,2143332.47],[441774.96,2143336.19]]]]}},{"type":"Feature","properties":{"building":"yes","height":6,"heightSource":"default"},"geometry":{"type":"MultiPolygon","coordinates":[[[[441775.63,2143326.68],[441785.9,2143324.54],[441781.61,2143304.08],[441771.33,2143306.22],[441775.63,2143326.68]]]]}},{"type":"Feature","properties":{"building":"yes","height":6,"heightSource":"default"},"geometry":{"type":"MultiPolygon","coordinates":[[[[441915.76,2143151.94],[441922.07,2143144.67],[441915.58,2143139.09],[441909.27,2143146.36],[441915.76,2143151.94]]]]}},{"type":"Feature","properties":{"building":"yes","height":6,"heightSource":"default"},"geometry":{"type":"MultiPolygon","coordinates":[[[[441900.14,2143157.17],[441907.09,2143162.9],[441913.55,2143155.19],[441906.6,2143149.45],[441900.14,2143157.17]]]]}},{"type":"Feature","properties":{"building":"yes","height":6,"heightSource":"default"},"geometry":{"type":"MultiPolygon","coordinates":[[[[442052.34,2143140.02],[442056.78,2143136.24],[442053.52,2143132.47],[442049.08,2143136.25],[442052.34,2143140.02]]]]}},{"type":"Feature","properties":{"building":"yes","height":6,"heightSource":"default"},"geometry":{"type":"MultiPolygon","coordinates":[[[[442031.04,2143130.57],[442045.36,2143120.3],[442040.28,2143113.28],[442025.95,2143123.55],[442031.04,2143130.57]]]]}},{"type":"Feature","properties":{"building":"yes","height":6,"heightSource":"default"},"geometry":{"type":"MultiPolygon","coordinates":[[[[442014.18,2143146.16],[442021.77,2143140.54],[442018.51,2143136.19],[442010.93,2143141.81],[442014.18,2143146.16]]]]}},{"type":"Feature","properties":{"building":"yes","height":6,"heightSource":"default"},"geometry":{"type":"MultiPolygon","coordinates":[[[[441961.38,2143191.69],[441973.31,2143178.77],[441962.51,2143168.92],[441950.58,2143181.83],[441961.38,2143191.69]]]]}},{"type":"Feature","properties":{"building":"yes","height":6,"heightSource":"default"},"geometry":{"type":"MultiPolygon","coordinates":[[[[442052.52,2143197.42],[442063.9,2143191.23],[442058.97,2143182.27],[442047.59,2143188.47],[442052.52,2143197.42]]]]}},{"type":"Feature","properties":{"building":"yes","height":6,"heightSource":"default"},"geometry":{"type":"MultiPolygon","coordinates":[[[[442027.46,2143203.94],[442040.83,2143197.87],[442038.05,2143191.84],[442024.69,2143197.9],[442027.46,2143203.94]]]]}},{"type":"Feature","properties":{"building":"yes","height":6,"heightSource":"default"},"geometry":{"type":"MultiPolygon","coordinates":[[[[442009.47,2143213.38],[442025.08,2143205.9],[442021.35,2143198.21],[442005.74,2143205.68],[442009.47,2143213.38]]]]}},{"type":"Feature","properties":{"building":"yes","height":6,"heightSource":"default"},"geometry":{"type":"MultiPolygon","coordinates":[[[[441996.79,2143258.07],[442013.4,2143253.68],[442009.95,2143240.77],[441993.34,2143245.16],[441996.79,2143258.07]]]]}},{"type":"Feature","properties":{"building":"yes","height":6,"heightSource":"default"},"geometry":{"type":"MultiPolygon","coordinates":[[[[441837.15,2143186.35],[441843.19,2143180.03],[441836.76,2143173.96],[441830.72,2143180.28],[441837.15,2143186.35]]]]}},{"type":"Feature","properties":{"building":"yes","height":6,"heightSource":"default"},"geometry":{"type":"MultiPolygon","coordinates":[[[[441809.74,2143202.53],[441817.72,2143211.1],[441833.73,2143196.35],[441825.75,2143187.78],[441809.74,2143202.53]]]]}},{"type":"Feature","properties":{"building":"yes","height":6,"heightSource":"default"},"geometry":{"type":"MultiPolygon","coordinates":[[[[441811.33,2143171.6],[441827.65,2143165.24],[441814.99,2143133.12],[441798.68,2143139.47],[441811.33,2143171.6]]]]}},{"type":"Feature","properties":{"building":"yes","height":6,"heightSource":"default"},"geometry":{"type":"MultiPolygon","coordinates":[[[[441777.32,2143061.38],[441785.39,2143059.14],[441780.83,2143042.92],[441772.76,2143045.16],[441777.32,2143061.38]]]]}},{"type":"Feature","properties":{"building":"yes","height":6,"heightSource":"default"},"geometry":{"type":"MultiPolygon","coordinates":[[[[441753.78,2143188.01],[441791.76,2143173.62],[441786.81,2143160.71],[441748.83,2143175.11],[441753.78,2143188.01]]]]}},{"type":"Feature","properties":{"building":"yes","height":6,"heightSource":"default"},"geometry":{"type":"MultiPolygon","coordinates":[[[[441757.51,2143212.23],[441764.96,2143209.51],[441758,2143190.63],[441750.55,2143193.35],[441757.51,2143212.23]]]]}},{"type":"Feature","properties":{"building":"yes","height":6,"heightSource":"default"},"geometry":{"type":"MultiPolygon","coordinates":[[[[441740.35,2143258.47],[441751.14,2143252.82],[441741.08,2143233.82],[441730.29,2143239.47],[441740.35,2143258.47]]]]}},{"type":"Feature","properties":{"building":"yes","height":6,"heightSource":"default"},"geometry":{"type":"MultiPolygon","coordinates":[[[[441328.23,2142941.6],[441337.25,2142945.49],[441341.8,2142935.07],[441332.78,2142931.19],[441328.23,2142941.6]]]]}},{"type":"Feature","properties":{"building":"yes","height":6,"heightSource":"default"},"geometry":{"type":"MultiPolygon","coordinates":[[[[441327.01,2142957],[441336.59,2142957.53],[441337.16,2142947.56],[441327.58,2142947.03],[441327.01,2142957]]]]}},{"type":"Feature","properties":{"building":"yes","height":6,"heightSource":"default"},"geometry":{"type":"MultiPolygon","coordinates":[[[[441393.07,2142912.13],[441401.1,2142916.58],[441407.59,2142905.02],[441399.54,2142900.56],[441393.07,2142912.13]]]]}},{"type":"Feature","properties":{"building":"yes","height":6,"heightSource":"default"},"geometry":{"type":"MultiPolygon","coordinates":[[[[441438.52,2142946.7],[441446.56,2142951.29],[441451.38,2142942.96],[441443.34,2142938.36],[441438.52,2142946.7]]]]}},{"type":"Feature","properties":{"building":"yes","height":6,"heightSource":"default"},"geometry":{"type":"MultiPolygon","coordinates":[[[[441406.03,2142915.72],[441418.45,2142922.69],[441426.83,2142907.9],[441414.42,2142900.94],[441406.03,2142915.72]]]]}},{"type":"Feature","properties":{"building":"yes","height":6,"heightSource":"default"},"geometry":{"type":"MultiPolygon","coordinates":[[[[441474.58,2142902.34],[441481.9,2142902.46],[441482.05,2142893.22],[441474.73,2142893.1],[441474.58,2142902.34]]]]}},{"type":"Feature","properties":{"building":"yes","height":6,"heightSource":"default"},"geometry":{"type":"MultiPolygon","coordinates":[[[[441559.18,2142870.29],[441564.82,2142870.21],[441564.7,2142862.99],[441559.07,2142863.08],[441559.18,2142870.29]]]]}},{"type":"Feature","properties":{"building":"yes","height":6,"heightSource":"default"},"geometry":{"type":"MultiPolygon","coordinates":[[[[441566.08,2142869.71],[441574.04,2142869.55],[441573.87,2142861.76],[441565.91,2142861.92],[441566.08,2142869.71]]]]}},{"type":"Feature","properties":{"building":"yes","height":6,"heightSource":"default"},"geometry":{"type":"MultiPolygon","coordinates":[[[[441577.14,2142871.01],[441584.88,2142870.72],[441584.5,2142860.64],[441576.76,2142860.93],[441577.14,2142871.01]]]]}},{"type":"Feature","properties":{"building":"yes","height":6,"heightSource":"default"},"geometry":{"type":"MultiPolygon","coordinates":[[[[441589.91,2142876.78],[441597.27,2142876.45],[441596.59,2142861.05],[441589.23,2142861.37],[441589.91,2142876.78]]]]}},{"type":"Feature","properties":{"building":"yes","height":6,"heightSource":"default"},"geometry":{"type":"MultiPolygon","coordinates":[[[[441597.63,2142872.41],[441607.34,2142871.98],[441606.74,2142858.41],[441597.03,2142858.84],[441597.63,2142872.41]]]]}},{"type":"Feature","properties":{"building":"yes","height":6,"heightSource":"default"},"geometry":{"type":"MultiPolygon","coordinates":[[[[441626.45,2142875.25],[441633.42,2142875.44],[441633.63,2142867.94],[441626.65,2142867.75],[441626.45,2142875.25]]]]}},{"type":"Feature","properties":{"building":"yes","height":6,"heightSource":"default"},"geometry":{"type":"MultiPolygon","coordinates":[[[[441634.89,2142872.15],[441642.84,2142873.95],[441644.68,2142865.93],[441636.71,2142864.13],[441634.89,2142872.15]]]]}},{"type":"Feature","properties":{"building":"yes","height":6,"heightSource":"default"},"geometry":{"type":"MultiPolygon","coordinates":[[[[441638.13,2142874.45],[441636.83,2142879.24],[441643.53,2142881.04],[441644.83,2142876.24],[441638.13,2142874.45]]]]}},{"type":"Feature","properties":{"building":"yes","height":6,"heightSource":"default"},"geometry":{"type":"MultiPolygon","coordinates":[[[[441654.58,2142885.39],[441656.61,2142886.14],[441655.39,2142889.37],[441664.57,2142892.78],[441668.81,2142881.5],[441657.6,2142877.33],[441654.58,2142885.39]]]]}},{"type":"Feature","properties":{"building":"yes","height":6,"heightSource":"default"},"geometry":{"type":"MultiPolygon","coordinates":[[[[441671.09,2142899.2],[441680.81,2142898.67],[441680.7,2142896.66],[441686.25,2142896.36],[441685.88,2142889.5],[441680.33,2142889.81],[441680.15,2142886.53],[441670.43,2142887.05],[441671.09,2142899.2]]]]}},{"type":"Feature","properties":{"building":"yes","height":6,"heightSource":"default"},"geometry":{"type":"MultiPolygon","coordinates":[[[[441613.96,2142910.73],[441620.99,2142910.7],[441620.96,2142899.78],[441613.92,2142899.8],[441613.96,2142910.73]]]]}},{"type":"Feature","properties":{"building":"yes","height":6,"heightSource":"default"},"geometry":{"type":"MultiPolygon","coordinates":[[[[441606.63,2142908.44],[441612.89,2142908.27],[441612.64,2142898.37],[441606.37,2142898.53],[441606.63,2142908.44]]]]}},{"type":"Feature","properties":{"building":"yes","height":6,"heightSource":"default"},"geometry":{"type":"MultiPolygon","coordinates":[[[[441593.85,2142908.79],[441604.45,2142908.64],[441604.29,2142897.05],[441593.7,2142897.18],[441593.85,2142908.79]]]]}},{"type":"Feature","properties":{"building":"yes","height":6,"heightSource":"default"},"geometry":{"type":"MultiPolygon","coordinates":[[[[441714.08,2142929.67],[441717.62,2142934.18],[441721.29,2142931.34],[441717.74,2142926.82],[441714.08,2142929.67]]]]}},{"type":"Feature","properties":{"building":"yes","height":6,"heightSource":"default"},"geometry":{"type":"MultiPolygon","coordinates":[[[[441712.31,2142925.59],[441731.37,2142929.42],[441732.18,2142925.47],[441722.7,2142923.57],[441723.39,2142920.12],[441713.81,2142918.19],[441712.31,2142925.59]]]]}},{"type":"Feature","properties":{"building":"yes","height":6,"heightSource":"default"},"geometry":{"type":"MultiPolygon","coordinates":[[[[441724.98,2142923.45],[441730.53,2142923.29],[441730.38,2142917.63],[441724.81,2142917.78],[441724.98,2142923.45]]]]}},{"type":"Feature","properties":{"building":"yes","height":6,"heightSource":"default"},"geometry":{"type":"MultiPolygon","coordinates":[[[[441717.13,2142916.9],[441727.7,2142916.37],[441727.11,2142904.63],[441716.55,2142905.16],[441717.13,2142916.9]]]]}},{"type":"Feature","properties":{"building":"yes","height":6,"heightSource":"default"},"geometry":{"type":"MultiPolygon","coordinates":[[[[441704.24,2142932.9],[441710.06,2142927.9],[441704.55,2142921.54],[441698.72,2142926.54],[441704.24,2142932.9]]]]}},{"type":"Feature","properties":{"building":"yes","height":6,"heightSource":"default"},"geometry":{"type":"MultiPolygon","coordinates":[[[[441711.37,2142940.22],[441717.21,2142935.51],[441711.98,2142929.09],[441706.14,2142933.8],[441711.37,2142940.22]]]]}},{"type":"Feature","properties":{"building":"yes","height":6,"heightSource":"default"},"geometry":{"type":"MultiPolygon","coordinates":[[[[441729.79,2142953.74],[441735.64,2142952.82],[441734.33,2142944.74],[441728.49,2142945.67],[441729.79,2142953.74]]]]}},{"type":"Feature","properties":{"building":"yes","height":6,"heightSource":"default"},"geometry":{"type":"MultiPolygon","coordinates":[[[[441740.61,2143010.96],[441746.73,2143009.97],[441745.11,2143000.2],[441738.99,2143001.21],[441740.61,2143010.96]]]]}},{"type":"Feature","properties":{"building":"yes","height":6,"heightSource":"default"},"geometry":{"type":"MultiPolygon","coordinates":[[[[441731.94,2142988.53],[441738.77,2142986.82],[441736.66,2142978.47],[441729.83,2142980.18],[441731.94,2142988.53]]]]}},{"type":"Feature","properties":{"building":"yes","height":6,"heightSource":"default"},"geometry":{"type":"MultiPolygon","coordinates":[[[[441624.76,2142918.25],[441630.67,2142918.15],[441630.58,2142911.99],[441624.66,2142912.07],[441624.76,2142918.25]]]]}},{"type":"Feature","properties":{"building":"yes","height":6,"heightSource":"default"},"geometry":{"type":"MultiPolygon","coordinates":[[[[441609.91,2142920.74],[441623.56,2142919.71],[441623.05,2142912.84],[441609.39,2142913.87],[441609.91,2142920.74]]]]}},{"type":"Feature","properties":{"building":"yes","height":6,"heightSource":"default"},"geometry":{"type":"MultiPolygon","coordinates":[[[[441606.3,2142938.12],[441612.56,2142937.43],[441611.56,2142928.19],[441605.28,2142928.88],[441606.3,2142938.12]]]]}},{"type":"Feature","properties":{"building":"yes","height":6,"heightSource":"default"},"geometry":{"type":"MultiPolygon","coordinates":[[[[441596.46,2142947.18],[441602.94,2142946.24],[441601.96,2142939.5],[441595.49,2142940.43],[441596.46,2142947.18]]]]}},{"type":"Feature","properties":{"building":"yes","height":6,"heightSource":"default"},"geometry":{"type":"MultiPolygon","coordinates":[[[[441590.77,2142948.59],[441595.49,2142947.94],[441594.88,2142943.52],[441590.15,2142944.16],[441590.77,2142948.59]]]]}},{"type":"Feature","properties":{"building":"yes","height":6,"heightSource":"default"},"geometry":{"type":"MultiPolygon","coordinates":[[[[441569.02,2142951.46],[441580.43,2142950.16],[441579.77,2142944.5],[441568.37,2142945.8],[441569.02,2142951.46]]]]}},{"type":"Feature","properties":{"building":"yes","height":6,"heightSource":"default"},"geometry":{"type":"MultiPolygon","coordinates":[[[[441558.33,2142954.15],[441567.76,2142952.66],[441566.75,2142946.4],[441557.32,2142947.89],[441558.33,2142954.15]]]]}},{"type":"Feature","properties":{"building":"yes","height":6,"heightSource":"default"},"geometry":{"type":"MultiPolygon","coordinates":[[[[441664.04,2142938.21],[441669.95,2142937.49],[441669.18,2142931.18],[441663.27,2142931.9],[441664.04,2142938.21]]]]}},{"type":"Feature","properties":{"building":"yes","height":6,"heightSource":"default"},"geometry":{"type":"MultiPolygon","coordinates":[[[[441635.2,2142947.67],[441643.65,2142947.64],[441643.63,2142942.47],[441635.18,2142942.49],[441635.2,2142947.67]]]]}},{"type":"Feature","properties":{"building":"yes","height":6,"heightSource":"default"},"geometry":{"type":"MultiPolygon","coordinates":[[[[441582.28,2143004.62],[441587.78,2143002.84],[441585.6,2142996.17],[441580.11,2142997.93],[441582.28,2143004.62]]]]}},{"type":"Feature","properties":{"building":"yes","height":6,"heightSource":"default"},"geometry":{"type":"MultiPolygon","coordinates":[[[[441566.19,2143011.6],[441573.85,2143008.84],[441570.97,2143000.93],[441563.32,2143003.69],[441566.19,2143011.6]]]]}},{"type":"Feature","properties":{"building":"yes","height":6,"heightSource":"default"},"geometry":{"type":"MultiPolygon","coordinates":[[[[441570.9,2142986.73],[441579.48,2142984.47],[441577.22,2142976.05],[441568.64,2142978.32],[441570.9,2142986.73]]]]}},{"type":"Feature","properties":{"building":"yes","height":6,"heightSource":"default"},"geometry":{"type":"MultiPolygon","coordinates":[[[[441581.13,2142972.7],[441595.07,2142970],[441592.96,2142959.33],[441579.04,2142962.03],[441581.13,2142972.7]]]]}},{"type":"Feature","properties":{"building":"yes","height":6,"heightSource":"default"},"geometry":{"type":"MultiPolygon","coordinates":[[[[441546.42,2142998.43],[441558.9,2142994.29],[441554.2,2142980.31],[441541.74,2142984.45],[441546.42,2142998.43]]]]}},{"type":"Feature","properties":{"building":"yes","height":6,"heightSource":"default"},"geometry":{"type":"MultiPolygon","coordinates":[[[[441534.35,2143008.55],[441540.04,2143006.17],[441536.92,2142998.77],[441531.23,2143001.14],[441534.35,2143008.55]]]]}},{"type":"Feature","properties":{"building":"yes","height":6,"heightSource":"default"},"geometry":{"type":"MultiPolygon","coordinates":[[[[441609.2,2143051.29],[441612.26,2143049.82],[441613.17,2143051.68],[441620.23,2143048.29],[441616.28,2143040.16],[441606.16,2143045.02],[441609.2,2143051.29]]]]}},{"type":"Feature","properties":{"building":"yes","height":6,"heightSource":"default"},"geometry":{"type":"MultiPolygon","coordinates":[[[[441618.53,2143063.3],[441626.54,2143059.86],[441621.92,2143049.24],[441613.92,2143052.68],[441618.53,2143063.3]]]]}},{"type":"Feature","properties":{"building":"yes","height":6,"heightSource":"default"},"geometry":{"type":"MultiPolygon","coordinates":[[[[441651.17,2143025.53],[441670.02,2143019.74],[441667.39,2143011.27],[441648.53,2143017.08],[441651.17,2143025.53]]]]}},{"type":"Feature","properties":{"building":"yes","height":6,"heightSource":"default"},"geometry":{"type":"MultiPolygon","coordinates":[[[[441643.27,2143071.89],[441654.81,2143066.68],[441650.26,2143056.74],[441638.72,2143061.96],[441643.27,2143071.89]]]]}},{"type":"Feature","properties":{"building":"yes","height":6,"heightSource":"default"},"geometry":{"type":"MultiPolygon","coordinates":[[[[441612.49,2142802.51],[441619.17,2142802.34],[441619.04,2142797.13],[441612.35,2142797.28],[441612.49,2142802.51]]]]}},{"type":"Feature","properties":{"building":"yes","height":6,"heightSource":"default"},"geometry":{"type":"MultiPolygon","coordinates":[[[[441612,2142784.94],[441620.53,2142784.76],[441620.29,2142772.98],[441611.77,2142773.15],[441612,2142784.94]]]]}},{"type":"Feature","properties":{"building":"yes","height":6,"heightSource":"default"},"geometry":{"type":"MultiPolygon","coordinates":[[[[441612.03,2142794.45],[441620.83,2142794.63],[441620.98,2142787.96],[441612.18,2142787.78],[441612.03,2142794.45]]]]}},{"type":"Feature","properties":{"building":"yes","height":6,"heightSource":"default"},"geometry":{"type":"MultiPolygon","coordinates":[[[[441603.14,2142790.29],[441609.41,2142790.12],[441609.17,2142780.71],[441602.9,2142780.87],[441603.14,2142790.29]]]]}},{"type":"Feature","properties":{"building":"yes","height":6,"heightSource":"default"},"geometry":{"type":"MultiPolygon","coordinates":[[[[441576.54,2142791.7],[441580.97,2142791.54],[441580.75,2142785.25],[441576.32,2142785.4],[441576.54,2142791.7]]]]}},{"type":"Feature","properties":{"building":"yes","height":6,"heightSource":"default"},"geometry":{"type":"MultiPolygon","coordinates":[[[[441576.35,2142800.45],[441581.91,2142800.29],[441581.72,2142793.55],[441576.15,2142793.72],[441576.35,2142800.45]]]]}},{"type":"Feature","properties":{"building":"yes","height":6,"heightSource":"default"},"geometry":{"type":"MultiPolygon","coordinates":[[[[441582.47,2142799.03],[441590.85,2142799],[441590.82,2142787.66],[441582.44,2142787.69],[441582.47,2142799.03]]]]}},{"type":"Feature","properties":{"building":"yes","height":6,"heightSource":"default"},"geometry":{"type":"MultiPolygon","coordinates":[[[[441579.6,2142804.99],[441591.16,2142805.02],[441591.16,2142801.04],[441579.61,2142801.01],[441579.6,2142804.99]]]]}},{"type":"Feature","properties":{"building":"yes","height":6,"heightSource":"default"},"geometry":{"type":"MultiPolygon","coordinates":[[[[441592.11,2142795.78],[441600.27,2142795.62],[441600.1,2142786.77],[441591.93,2142786.93],[441592.11,2142795.78]]]]}},{"type":"Feature","properties":{"building":"yes","height":6,"heightSource":"default"},"geometry":{"type":"MultiPolygon","coordinates":[[[[441593.12,2142804.74],[441601.85,2142804.5],[441601.65,2142797.04],[441592.92,2142797.28],[441593.12,2142804.74]]]]}},{"type":"Feature","properties":{"building":"yes","height":6,"heightSource":"default"},"geometry":{"type":"MultiPolygon","coordinates":[[[[441579.89,2142783.99],[441588.41,2142784.04],[441588.44,2142777.95],[441579.92,2142777.9],[441579.89,2142783.99]]]]}},{"type":"Feature","properties":{"building":"yes","height":6,"heightSource":"default"},"geometry":{"type":"MultiPolygon","coordinates":[[[[441590.73,2142784.45],[441599.4,2142784.42],[441599.38,2142779.52],[441590.72,2142779.55],[441590.73,2142784.45]]]]}},{"type":"Feature","properties":{"building":"yes","height":6,"heightSource":"default"},"geometry":{"type":"MultiPolygon","coordinates":[[[[441590.5,2142778.5],[441599.17,2142778.54],[441599.19,2142773.09],[441590.53,2142773.05],[441590.5,2142778.5]]]]}},{"type":"Feature","properties":{"building":"yes","height":6,"heightSource":"default"},"geometry":{"type":"MultiPolygon","coordinates":[[[[441590.14,2142772.06],[441598.73,2142772.18],[441598.79,2142766.66],[441590.2,2142766.56],[441590.14,2142772.06]]]]}},{"type":"Feature","properties":{"building":"yes","height":6,"heightSource":"default"},"geometry":{"type":"MultiPolygon","coordinates":[[[[441579.22,2142774.33],[441588.45,2142774.72],[441588.82,2142765.87],[441579.6,2142765.48],[441579.22,2142774.33]]]]}},{"type":"Feature","properties":{"building":"yes","height":6,"heightSource":"default"},"geometry":{"type":"MultiPolygon","coordinates":[[[[441566.97,2142774.51],[441574.58,2142774.63],[441574.76,2142762.77],[441567.15,2142762.65],[441566.97,2142774.51]]]]}},{"type":"Feature","properties":{"building":"yes","height":6,"heightSource":"default"},"geometry":{"type":"MultiPolygon","coordinates":[[[[441559.46,2142780.56],[441565.79,2142780.6],[441565.84,2142774.18],[441559.51,2142774.14],[441559.46,2142780.56]]]]}},{"type":"Feature","properties":{"building":"yes","height":6,"heightSource":"default"},"geometry":{"type":"MultiPolygon","coordinates":[[[[441547.73,2142778.48],[441559.14,2142778.69],[441559.4,2142763.68],[441555.95,2142763.62],[441556,2142761.05],[441548.05,2142760.9],[441547.73,2142778.48]]]]}},{"type":"Feature","properties":{"building":"yes","height":6,"heightSource":"default"},"geometry":{"type":"MultiPolygon","coordinates":[[[[441547.13,2142800.47],[441558.04,2142800.93],[441558.65,2142786.52],[441547.73,2142786.07],[441547.13,2142800.47]]]]}},{"type":"Feature","properties":{"building":"yes","height":6,"heightSource":"default"},"geometry":{"type":"MultiPolygon","coordinates":[[[[441588.57,2142812.45],[441597.16,2142812.14],[441596.94,2142806.05],[441588.36,2142806.36],[441588.57,2142812.45]]]]}},{"type":"Feature","properties":{"building":"yes","height":6,"heightSource":"default"},"geometry":{"type":"MultiPolygon","coordinates":[[[[441598.73,2142820.61],[441606.56,2142820.44],[441606.25,2142806.2],[441598.44,2142806.36],[441598.73,2142820.61]]]]}},{"type":"Feature","properties":{"building":"yes","height":6,"heightSource":"default"},"geometry":{"type":"MultiPolygon","coordinates":[[[[441620.56,2142818.71],[441627.39,2142818.14],[441626.56,2142808.43],[441616.72,2142809.27],[441617.12,2142814],[441620.14,2142813.75],[441620.56,2142818.71]]]]}},{"type":"Feature","properties":{"building":"yes","height":6,"heightSource":"default"},"geometry":{"type":"MultiPolygon","coordinates":[[[[441622.62,2142844.89],[441630.35,2142843.33],[441629.12,2142837.24],[441621.37,2142838.81],[441622.62,2142844.89]]]]}},{"type":"Feature","properties":{"building":"yes","height":6,"heightSource":"default"},"geometry":{"type":"MultiPolygon","coordinates":[[[[441623.09,2142836.91],[441630.69,2142835.49],[441628.81,2142825.58],[441621.21,2142827],[441623.09,2142836.91]]]]}},{"type":"Feature","properties":{"building":"yes","height":6,"heightSource":"default"},"geometry":{"type":"MultiPolygon","coordinates":[[[[441611.03,2142833.87],[441618.34,2142832.53],[441615.9,2142819.38],[441608.6,2142820.72],[441611.03,2142833.87]]]]}},{"type":"Feature","properties":{"building":"yes","height":6,"heightSource":"default"},"geometry":{"type":"MultiPolygon","coordinates":[[[[441600.57,2142842.58],[441610.35,2142840.73],[441608.76,2142832.44],[441598.98,2142834.29],[441600.57,2142842.58]]]]}},{"type":"Feature","properties":{"building":"yes","height":6,"heightSource":"default"},"geometry":{"type":"MultiPolygon","coordinates":[[[[441586.71,2142824.71],[441590.29,2142824.6],[441590.35,2142826.49],[441597.32,2142826.28],[441596.94,2142813.19],[441586.37,2142813.51],[441586.71,2142824.71]]]]}},{"type":"Feature","properties":{"building":"yes","height":6,"heightSource":"default"},"geometry":{"type":"MultiPolygon","coordinates":[[[[441575.25,2142827.89],[441583.83,2142827.59],[441583.5,2142818.37],[441574.91,2142818.68],[441575.25,2142827.89]]]]}},{"type":"Feature","properties":{"building":"yes","height":6,"heightSource":"default"},"geometry":{"type":"MultiPolygon","coordinates":[[[[441575.5,2142840.85],[441585.63,2142840.25],[441584.95,2142828.68],[441574.81,2142829.27],[441575.5,2142840.85]]]]}},{"type":"Feature","properties":{"building":"yes","height":6,"heightSource":"default"},"geometry":{"type":"MultiPolygon","coordinates":[[[[441590.59,2142847.94],[441599.9,2142846.29],[441597.46,2142832.64],[441588.15,2142834.29],[441590.59,2142847.94]]]]}},{"type":"Feature","properties":{"building":"yes","height":6,"heightSource":"default"},"geometry":{"type":"MultiPolygon","coordinates":[[[[441565.19,2142854.1],[441572.16,2142854.16],[441572.22,2142845.2],[441565.25,2142845.14],[441565.19,2142854.1]]]]}},{"type":"Feature","properties":{"building":"yes","height":6,"heightSource":"default"},"geometry":{"type":"MultiPolygon","coordinates":[[[[441541.97,2142817.15],[441551.76,2142817.12],[441551.73,2142808.79],[441541.95,2142808.82],[441541.97,2142817.15]]]]}},{"type":"Feature","properties":{"building":"yes","height":6,"heightSource":"default"},"geometry":{"type":"MultiPolygon","coordinates":[[[[441541.79,2142829.26],[441553.21,2142829.01],[441553.15,2142826.5],[441559.43,2142826.37],[441559.29,2142820.32],[441541.61,2142820.69],[441541.79,2142829.26]]]]}},{"type":"Feature","properties":{"building":"yes","height":6,"heightSource":"default"},"geometry":{"type":"MultiPolygon","coordinates":[[[[441551.13,2142839.87],[441561.97,2142839.63],[441561.75,2142829.81],[441549.51,2142830.1],[441549.66,2142836.55],[441551.05,2142836.51],[441551.13,2142839.87]]]]}},{"type":"Feature","properties":{"building":"yes","height":6,"heightSource":"default"},"geometry":{"type":"MultiPolygon","coordinates":[[[[441540.01,2142842.78],[441549.3,2142842.75],[441549.29,2142837.5],[441539.99,2142837.53],[441540.01,2142842.78]]]]}},{"type":"Feature","properties":{"building":"yes","height":6,"heightSource":"default"},"geometry":{"type":"MultiPolygon","coordinates":[[[[441554.27,2142854.07],[441562.86,2142853.98],[441562.74,2142843.46],[441554.15,2142843.56],[441554.27,2142854.07]]]]}},{"type":"Feature","properties":{"building":"yes","height":6,"heightSource":"default"},"geometry":{"type":"MultiPolygon","coordinates":[[[[441541.39,2142855.8],[441551.81,2142855.97],[441552.01,2142844.63],[441541.59,2142844.45],[441541.39,2142855.8]]]]}},{"type":"Feature","properties":{"building":"yes","height":6,"heightSource":"default"},"geometry":{"type":"MultiPolygon","coordinates":[[[[441524.68,2142849.12],[441531.86,2142848.97],[441531.6,2142837.58],[441524.42,2142837.75],[441524.68,2142849.12]]]]}},{"type":"Feature","properties":{"building":"yes","height":6,"heightSource":"default"},"geometry":{"type":"MultiPolygon","coordinates":[[[[441482.42,2142802.65],[441482.5,2142806.15],[441487.73,2142813.48],[441494.85,2142813.52],[441495.38,2142803.16],[441482.42,2142802.65]]]]}},{"type":"Feature","properties":{"building":"yes","height":6,"heightSource":"default"},"geometry":{"type":"MultiPolygon","coordinates":[[[[441480.8,2142781.23],[441490.41,2142781.54],[441491.37,2142752.78],[441481.76,2142752.46],[441480.8,2142781.23]]]]}},{"type":"Feature","properties":{"building":"yes","height":6,"heightSource":"default"},"geometry":{"type":"MultiPolygon","coordinates":[[[[441529.79,2142797.03],[441538.29,2142797.45],[441539.41,2142774.9],[441530.91,2142774.49],[441529.79,2142797.03]]]]}},{"type":"Feature","properties":{"building":"yes","height":6,"heightSource":"default"},"geometry":{"type":"MultiPolygon","coordinates":[[[[441523.84,2142808.81],[441536.73,2142809.89],[441537.66,2142798.95],[441524.77,2142797.88],[441523.84,2142808.81]]]]}},{"type":"Feature","properties":{"building":"yes","height":6,"heightSource":"default"},"geometry":{"type":"MultiPolygon","coordinates":[[[[441525.98,2142817.69],[441535.85,2142818.92],[441536.53,2142813.46],[441526.68,2142812.23],[441525.98,2142817.69]]]]}},{"type":"Feature","properties":{"building":"yes","height":6,"heightSource":"default"},"geometry":{"type":"MultiPolygon","coordinates":[[[[441513.09,2142816.76],[441522.75,2142818.12],[441523.8,2142810.79],[441520.51,2142810.33],[441521.55,2142803.07],[441515.19,2142802.16],[441513.09,2142816.76]]]]}},{"type":"Feature","properties":{"building":"yes","height":6,"heightSource":"default"},"geometry":{"type":"MultiPolygon","coordinates":[[[[441496.54,2142813.38],[441507.17,2142814.32],[441508.06,2142804.57],[441497.41,2142803.63],[441496.54,2142813.38]]]]}},{"type":"Feature","properties":{"building":"yes","height":6,"heightSource":"default"},"geometry":{"type":"MultiPolygon","coordinates":[[[[441492.77,2142868.34],[441502.99,2142872.57],[441506.5,2142864.21],[441496.28,2142859.97],[441492.77,2142868.34]]]]}},{"type":"Feature","properties":{"building":"yes","height":6,"heightSource":"default"},"geometry":{"type":"MultiPolygon","coordinates":[[[[441439.4,2142824.76],[441448.05,2142824.74],[441448.03,2142818.85],[441439.38,2142818.88],[441439.4,2142824.76]]]]}},{"type":"Feature","properties":{"building":"yes","height":6,"heightSource":"default"},"geometry":{"type":"MultiPolygon","coordinates":[[[[441434.21,2142832.58],[441440.05,2142832.6],[441440.08,2142826.35],[441434.23,2142826.33],[441434.21,2142832.58]]]]}},{"type":"Feature","properties":{"building":"yes","height":6,"heightSource":"default"},"geometry":{"type":"MultiPolygon","coordinates":[[[[441420.06,2142823.84],[441429.15,2142823.92],[441429.19,2142818.62],[441420.11,2142818.54],[441420.06,2142823.84]]]]}},{"type":"Feature","properties":{"building":"yes","height":6,"heightSource":"default"},"geometry":{"type":"MultiPolygon","coordinates":[[[[441420.43,2142817.72],[441431.84,2142817.75],[441431.87,2142806.11],[441420.47,2142806.07],[441420.43,2142817.72]]]]}},{"type":"Feature","properties":{"building":"yes","height":6,"heightSource":"default"},"geometry":{"type":"MultiPolygon","coordinates":[[[[441432.95,2142823.35],[441438.16,2142823.33],[441438.12,2142811.43],[441432.91,2142811.45],[441432.95,2142823.35]]]]}},{"type":"Feature","properties":{"building":"yes","height":6,"heightSource":"default"},"geometry":{"type":"MultiPolygon","coordinates":[[[[441441.38,2142816.22],[441450,2142816.01],[441449.84,2142809.53],[441441.22,2142809.72],[441441.38,2142816.22]]]]}},{"type":"Feature","properties":{"building":"yes","height":6,"heightSource":"default"},"geometry":{"type":"MultiPolygon","coordinates":[[[[441450.48,2142810.94],[441459.35,2142810.83],[441459.29,2142805.68],[441450.42,2142805.77],[441450.48,2142810.94]]]]}},{"type":"Feature","properties":{"building":"yes","height":6,"heightSource":"default"},"geometry":{"type":"MultiPolygon","coordinates":[[[[441452.57,2142814.43],[441458.97,2142814.44],[441458.98,2142811.37],[441452.58,2142811.35],[441452.57,2142814.43]]]]}},{"type":"Feature","properties":{"building":"yes","height":6,"heightSource":"default"},"geometry":{"type":"MultiPolygon","coordinates":[[[[441451.99,2142821.15],[441459.1,2142821.34],[441459.27,2142815.13],[441452.16,2142814.94],[441451.99,2142821.15]]]]}},{"type":"Feature","properties":{"building":"yes","height":6,"heightSource":"default"},"geometry":{"type":"MultiPolygon","coordinates":[[[[441450.34,2142834.67],[441456.54,2142834.79],[441456.76,2142824.02],[441450.55,2142823.9],[441450.34,2142834.67]]]]}},{"type":"Feature","properties":{"building":"yes","height":6,"heightSource":"default"},"geometry":{"type":"MultiPolygon","coordinates":[[[[441441.34,2142836.8],[441447.6,2142836.99],[441447.87,2142828.57],[441441.6,2142828.38],[441441.34,2142836.8]]]]}},{"type":"Feature","properties":{"building":"yes","height":6,"heightSource":"default"},"geometry":{"type":"MultiPolygon","coordinates":[[[[441462.25,2142816.15],[441473.66,2142816.39],[441473.89,2142806.13],[441462.47,2142805.88],[441462.25,2142816.15]]]]}},{"type":"Feature","properties":{"building":"yes","height":6,"heightSource":"default"},"geometry":{"type":"MultiPolygon","coordinates":[[[[441476.72,2142825.28],[441483.76,2142825.53],[441484.06,2142817.46],[441477.01,2142817.21],[441476.72,2142825.28]]]]}},{"type":"Feature","properties":{"building":"yes","height":6,"heightSource":"default"},"geometry":{"type":"MultiPolygon","coordinates":[[[[441475.35,2142838.08],[441488.52,2142838.25],[441488.64,2142828.71],[441475.47,2142828.54],[441475.35,2142838.08]]]]}},{"type":"Feature","properties":{"building":"yes","height":6,"heightSource":"default"},"geometry":{"type":"MultiPolygon","coordinates":[[[[441464.18,2142845.27],[441472.7,2142845.45],[441472.92,2142835.03],[441464.4,2142834.84],[441464.18,2142845.27]]]]}},{"type":"Feature","properties":{"building":"yes","height":6,"heightSource":"default"},"geometry":{"type":"MultiPolygon","coordinates":[[[[441475.39,2142850.96],[441489.9,2142851.27],[441490.11,2142841.37],[441475.6,2142841.06],[441475.39,2142850.96]]]]}},{"type":"Feature","properties":{"building":"yes","height":6,"heightSource":"default"},"geometry":{"type":"MultiPolygon","coordinates":[[[[441515.52,2142849.02],[441522.42,2142849],[441522.39,2142841.15],[441515.49,2142841.17],[441515.52,2142849.02]]]]}},{"type":"Feature","properties":{"building":"yes","height":6,"heightSource":"default"},"geometry":{"type":"MultiPolygon","coordinates":[[[[441501.58,2142847.45],[441511.58,2142847.63],[441511.84,2142832.96],[441501.85,2142832.79],[441501.58,2142847.45]]]]}},{"type":"Feature","properties":{"building":"yes","height":6,"heightSource":"default"},"geometry":{"type":"MultiPolygon","coordinates":[[[[441515.26,2142834.67],[441522.45,2142835],[441522.85,2142826.31],[441515.66,2142825.98],[441515.26,2142834.67]]]]}},{"type":"Feature","properties":{"building":"yes","height":6,"heightSource":"default"},"geometry":{"type":"MultiPolygon","coordinates":[[[[441389.14,2142767.6],[441394.35,2142767.86],[441394.6,2142763.05],[441389.39,2142762.78],[441389.14,2142767.6]]]]}},{"type":"Feature","properties":{"building":"yes","height":6,"heightSource":"default"},"geometry":{"type":"MultiPolygon","coordinates":[[[[441386.57,2142776.36],[441393.96,2142776.68],[441394.28,2142769.47],[441386.89,2142769.15],[441386.57,2142776.36]]]]}},{"type":"Feature","properties":{"building":"yes","height":6,"heightSource":"default"},"geometry":{"type":"MultiPolygon","coordinates":[[[[441389.44,2142795.1],[441403.6,2142795.41],[441403.81,2142785.88],[441389.65,2142785.58],[441389.44,2142795.1]]]]}},{"type":"Feature","properties":{"building":"yes","height":6,"heightSource":"default"},"geometry":{"type":"MultiPolygon","coordinates":[[[[441388.7,2142761.16],[441394.54,2142761.28],[441394.71,2142753.65],[441386.46,2142753.47],[441386.38,2142757.11],[441388.78,2142757.16],[441388.7,2142761.16]]]]}},{"type":"Feature","properties":{"building":"yes","height":6,"heightSource":"default"},"geometry":{"type":"MultiPolygon","coordinates":[[[[441373.13,2142758.97],[441385.17,2142759.35],[441385.37,2142753.37],[441373.32,2142752.98],[441373.13,2142758.97]]]]}},{"type":"Feature","properties":{"building":"yes","height":6,"heightSource":"default"},"geometry":{"type":"MultiPolygon","coordinates":[[[[441376.55,2142751.47],[441390.22,2142752.19],[441390.85,2142740.49],[441377.19,2142739.76],[441376.55,2142751.47]]]]}},{"type":"Feature","properties":{"building":"yes","height":6,"heightSource":"default"},"geometry":{"type":"MultiPolygon","coordinates":[[[[441396.12,2142767.22],[441406.19,2142767.4],[441406.39,2142756.02],[441396.32,2142755.84],[441396.12,2142767.22]]]]}},{"type":"Feature","properties":{"building":"yes","height":6,"heightSource":"default"},"geometry":{"type":"MultiPolygon","coordinates":[[[[441397.27,2142753.78],[441407.34,2142754.1],[441407.84,2142738.5],[441397.76,2142738.19],[441397.27,2142753.78]]]]}},{"type":"Feature","properties":{"building":"yes","height":6,"heightSource":"default"},"geometry":{"type":"MultiPolygon","coordinates":[[[[441411.36,2142756.47],[441420.37,2142756.93],[441420.68,2142751.11],[441411.66,2142750.65],[441411.36,2142756.47]]]]}},{"type":"Feature","properties":{"building":"yes","height":6,"heightSource":"default"},"geometry":{"type":"MultiPolygon","coordinates":[[[[441411.76,2142749.4],[441423.66,2142750.06],[441424.25,2142739.49],[441412.35,2142738.83],[441411.76,2142749.4]]]]}},{"type":"Feature","properties":{"building":"yes","height":6,"heightSource":"default"},"geometry":{"type":"MultiPolygon","coordinates":[[[[441424.99,2142747.19],[441433.09,2142747.5],[441433.37,2142740.55],[441425.27,2142740.22],[441424.99,2142747.19]]]]}},{"type":"Feature","properties":{"building":"yes","height":6,"heightSource":"default"},"geometry":{"type":"MultiPolygon","coordinates":[[[[441441.27,2142750.49],[441453.53,2142750.73],[441453.68,2142743],[441441.42,2142742.76],[441441.27,2142750.49]]]]}},{"type":"Feature","properties":{"building":"yes","height":6,"heightSource":"default"},"geometry":{"type":"MultiPolygon","coordinates":[[[[441459.05,2142761.14],[441465.88,2142761.33],[441466.26,2142747.56],[441459.43,2142747.37],[441459.05,2142761.14]]]]}},{"type":"Feature","properties":{"building":"yes","height":6,"heightSource":"default"},"geometry":{"type":"MultiPolygon","coordinates":[[[[441467.28,2142758.1],[441478.41,2142758.34],[441478.65,2142747.02],[441467.53,2142746.77],[441467.28,2142758.1]]]]}},{"type":"Feature","properties":{"building":"yes","height":6,"heightSource":"default"},"geometry":{"type":"MultiPolygon","coordinates":[[[[441437.96,2142771.08],[441444.43,2142771.2],[441444.54,2142765.4],[441438.06,2142765.28],[441437.96,2142771.08]]]]}},{"type":"Feature","properties":{"building":"yes","height":6,"heightSource":"default"},"geometry":{"type":"MultiPolygon","coordinates":[[[[441445.9,2142767.06],[441454.84,2142767.38],[441455.2,2142757.51],[441442.19,2142757.04],[441442.01,2142762.04],[441446.08,2142762.18],[441445.9,2142767.06]]]]}},{"type":"Feature","properties":{"building":"yes","height":6,"heightSource":"default"},"geometry":{"type":"MultiPolygon","coordinates":[[[[441456.2,2142773.25],[441459.31,2142773.37],[441459.13,2142778.27],[441463.3,2142778.42],[441463.36,2142776.68],[441467.07,2142776.82],[441467.55,2142763.58],[441456.56,2142763.19],[441456.2,2142773.25]]]]}},{"type":"Feature","properties":{"building":"yes","height":6,"heightSource":"default"},"geometry":{"type":"MultiPolygon","coordinates":[[[[441468.13,2142780.71],[441475.4,2142780.95],[441475.79,2142769.62],[441468.51,2142769.38],[441468.13,2142780.71]]]]}},{"type":"Feature","properties":{"building":"yes","height":6,"heightSource":"default"},"geometry":{"type":"MultiPolygon","coordinates":[[[[441448.39,2142785.08],[441453.25,2142785.06],[441453.24,2142781.81],[441448.38,2142781.82],[441448.39,2142785.08]]]]}},{"type":"Feature","properties":{"building":"yes","height":6,"heightSource":"default"},"geometry":{"type":"MultiPolygon","coordinates":[[[[441436.13,2142797.75],[441442.59,2142797.62],[441442.54,2142794.68],[441447.97,2142794.57],[441447.78,2142784.92],[441446.23,2142784.95],[441446.18,2142782.36],[441435.84,2142782.55],[441436.13,2142797.75]]]]}},{"type":"Feature","properties":{"building":"yes","height":6,"heightSource":"default"},"geometry":{"type":"MultiPolygon","coordinates":[[[[441447.26,2142796.32],[441454.51,2142796.43],[441454.69,2142785.65],[441449.24,2142785.56],[441449.06,2142796.35],[441447.26,2142796.32]]]]}},{"type":"Feature","properties":{"building":"yes","height":6,"heightSource":"default"},"geometry":{"type":"MultiPolygon","coordinates":[[[[441455.49,2142794.12],[441459.65,2142794.31],[441460.2,2142782.77],[441456.04,2142782.57],[441455.49,2142794.12]]]]}},{"type":"Feature","properties":{"building":"yes","height":6,"heightSource":"default"},"geometry":{"type":"MultiPolygon","coordinates":[[[[441460.91,2142793.82],[441474.16,2142794.27],[441474.54,2142783.08],[441461.3,2142782.63],[441460.91,2142793.82]]]]}},{"type":"Feature","properties":{"building":"yes","height":6,"heightSource":"default"},"geometry":{"type":"MultiPolygon","coordinates":[[[[441334.1,2142753.08],[441337.65,2142758.64],[441344.82,2142754.14],[441341.27,2142748.57],[441334.1,2142753.08]]]]}},{"type":"Feature","properties":{"building":"yes","height":6,"heightSource":"default"},"geometry":{"type":"MultiPolygon","coordinates":[[[[441285.43,2142750.02],[441297.12,2142749.48],[441296.36,2142732.83],[441284.67,2142733.36],[441285.43,2142750.02]]]]}},{"type":"Feature","properties":{"building":"yes","height":6,"heightSource":"default"},"geometry":{"type":"MultiPolygon","coordinates":[[[[441299.93,2142748.5],[441308.31,2142747.42],[441306.39,2142732.7],[441298.02,2142733.76],[441299.93,2142748.5]]]]}},{"type":"Feature","properties":{"building":"yes","height":6,"heightSource":"default"},"geometry":{"type":"MultiPolygon","coordinates":[[[[441309.41,2142741.25],[441317.44,2142740.95],[441317.12,2142732.44],[441309.08,2142732.74],[441309.41,2142741.25]]]]}},{"type":"Feature","properties":{"building":"yes","height":6,"heightSource":"default"},"geometry":{"type":"MultiPolygon","coordinates":[[[[441339.69,2142742.07],[441343.85,2142741.64],[441343.03,2142733.82],[441338.87,2142734.25],[441339.69,2142742.07]]]]}},{"type":"Feature","properties":{"building":"yes","height":6,"heightSource":"default"},"geometry":{"type":"MultiPolygon","coordinates":[[[[441331.75,2142743.77],[441338.08,2142742.71],[441336.19,2142731.68],[441329.87,2142732.75],[441331.75,2142743.77]]]]}},{"type":"Feature","properties":{"building":"yes","height":6,"heightSource":"default"},"geometry":{"type":"MultiPolygon","coordinates":[[[[441333.67,2142748.45],[441340.49,2142747.38],[441339.89,2142743.58],[441333.05,2142744.65],[441333.67,2142748.45]]]]}},{"type":"Feature","properties":{"building":"yes","height":6,"heightSource":"default"},"geometry":{"type":"MultiPolygon","coordinates":[[[[441324.06,2142763.4],[441333.97,2142760.04],[441328.13,2142743.05],[441318.23,2142746.4],[441324.06,2142763.4]]]]}},{"type":"Feature","properties":{"building":"yes","height":6,"heightSource":"default"},"geometry":{"type":"MultiPolygon","coordinates":[[[[441311.44,2142757.07],[441318.26,2142754.67],[441315.22,2142746.11],[441308.39,2142748.51],[441311.44,2142757.07]]]]}},{"type":"Feature","properties":{"building":"yes","height":6,"heightSource":"default"},"geometry":{"type":"MultiPolygon","coordinates":[[[[441316.57,2142765.48],[441321.53,2142763.33],[441318.59,2142756.64],[441313.63,2142758.79],[441316.57,2142765.48]]]]}},{"type":"Feature","properties":{"building":"yes","height":6,"heightSource":"default"},"geometry":{"type":"MultiPolygon","coordinates":[[[[441305.47,2142762.2],[441308.69,2142769.16],[441315.65,2142766],[441312.43,2142759.02],[441305.47,2142762.2]]]]}},{"type":"Feature","properties":{"building":"yes","height":6,"heightSource":"default"},"geometry":{"type":"MultiPolygon","coordinates":[[[[441303.7,2142760.73],[441309.66,2142758.46],[441305.9,2142748.73],[441299.94,2142751.02],[441303.7,2142760.73]]]]}},{"type":"Feature","properties":{"building":"yes","height":6,"heightSource":"default"},"geometry":{"type":"MultiPolygon","coordinates":[[[[441292.8,2142763.64],[441301.67,2142761.16],[441299.16,2142752.32],[441290.29,2142754.79],[441292.8,2142763.64]]]]}},{"type":"Feature","properties":{"building":"yes","height":6,"heightSource":"default"},"geometry":{"type":"MultiPolygon","coordinates":[[[[441299.39,2142777.13],[441308.23,2142771.25],[441302.5,2142762.73],[441293.66,2142768.6],[441299.39,2142777.13]]]]}},{"type":"Feature","properties":{"building":"yes","height":6,"heightSource":"default"},"geometry":{"type":"MultiPolygon","coordinates":[[[[441341.42,2142776.65],[441350.08,2142773.4],[441346.52,2142764.03],[441337.86,2142767.27],[441341.42,2142776.65]]]]}},{"type":"Feature","properties":{"building":"yes","height":6,"heightSource":"default"},"geometry":{"type":"MultiPolygon","coordinates":[[[[441325.84,2142788.94],[441332.58,2142784.23],[441327.69,2142777.3],[441320.94,2142782.01],[441325.84,2142788.94]]]]}},{"type":"Feature","properties":{"building":"yes","height":6,"heightSource":"default"},"geometry":{"type":"MultiPolygon","coordinates":[[[[441335.06,2142703.93],[441339.16,2142702.26],[441336.46,2142695.76],[441332.37,2142697.43],[441335.06,2142703.93]]]]}},{"type":"Feature","properties":{"building":"yes","height":6,"heightSource":"default"},"geometry":{"type":"MultiPolygon","coordinates":[[[[441320.02,2142687.36],[441323,2142693.24],[441329.05,2142690.21],[441326.06,2142684.33],[441320.02,2142687.36]]]]}},{"type":"Feature","properties":{"building":"yes","height":6,"heightSource":"default"},"geometry":{"type":"MultiPolygon","coordinates":[[[[441317.89,2142682.64],[441319.94,2142686.62],[441326.29,2142683.4],[441328.73,2142688.15],[441332.64,2142686.17],[441328.15,2142677.43],[441317.89,2142682.64]]]]}},{"type":"Feature","properties":{"building":"yes","height":6,"heightSource":"default"},"geometry":{"type":"MultiPolygon","coordinates":[[[[441309.39,2142645.36],[441317.62,2142645.2],[441317.41,2142634.36],[441309.16,2142634.52],[441309.39,2142645.36]]]]}},{"type":"Feature","properties":{"building":"yes","height":6,"heightSource":"default"},"geometry":{"type":"MultiPolygon","coordinates":[[[[441305.67,2142653.07],[441314.48,2142652.69],[441314.3,2142648.68],[441305.5,2142649.05],[441305.67,2142653.07]]]]}},{"type":"Feature","properties":{"building":"yes","height":6,"heightSource":"default"},"geometry":{"type":"MultiPolygon","coordinates":[[[[441294.24,2142642.96],[441304.17,2142642.57],[441303.88,2142635.38],[441293.96,2142635.76],[441294.24,2142642.96]]]]}},{"type":"Feature","properties":{"building":"yes","height":6,"heightSource":"default"},"geometry":{"type":"MultiPolygon","coordinates":[[[[441293.42,2142651.57],[441300.95,2142651.48],[441300.87,2142644.73],[441293.34,2142644.82],[441293.42,2142651.57]]]]}},{"type":"Feature","properties":{"building":"yes","height":6,"heightSource":"default"},"geometry":{"type":"MultiPolygon","coordinates":[[[[441273.41,2142649.05],[441286.86,2142648.93],[441286.78,2142638.7],[441273.33,2142638.81],[441273.41,2142649.05]]]]}},{"type":"Feature","properties":{"building":"yes","height":6,"heightSource":"default"},"geometry":{"type":"MultiPolygon","coordinates":[[[[441273.72,2142657.86],[441286.55,2142658.31],[441286.83,2142650.35],[441274.01,2142649.91],[441273.72,2142657.86]]]]}},{"type":"Feature","properties":{"building":"yes","height":6,"heightSource":"default"},"geometry":{"type":"MultiPolygon","coordinates":[[[[441294.51,2142663.61],[441302.97,2142663.72],[441303.06,2142656.67],[441294.62,2142656.56],[441294.51,2142663.61]]]]}},{"type":"Feature","properties":{"building":"yes","height":6,"heightSource":"default"},"geometry":{"type":"MultiPolygon","coordinates":[[[[441311.64,2142664.95],[441319.31,2142663.53],[441317.37,2142653.27],[441309.7,2142654.69],[441311.64,2142664.95]]]]}},{"type":"Feature","properties":{"building":"yes","height":6,"heightSource":"default"},"geometry":{"type":"MultiPolygon","coordinates":[[[[441313.86,2142675.79],[441321.09,2142673.52],[441318.6,2142665.64],[441311.36,2142667.91],[441313.86,2142675.79]]]]}},{"type":"Feature","properties":{"building":"yes","height":6,"heightSource":"default"},"geometry":{"type":"MultiPolygon","coordinates":[[[[441296.04,2142677.11],[441304.7,2142677.09],[441304.67,2142667.85],[441296.01,2142667.87],[441296.04,2142677.11]]]]}},{"type":"Feature","properties":{"building":"yes","height":6,"heightSource":"default"},"geometry":{"type":"MultiPolygon","coordinates":[[[[441266.45,2142694.22],[441272.43,2142694.2],[441272.42,2142689.3],[441266.43,2142689.31],[441266.45,2142694.22]]]]}},{"type":"Feature","properties":{"building":"yes","height":6,"heightSource":"default"},"geometry":{"type":"MultiPolygon","coordinates":[[[[441268.4,2142687.35],[441277.06,2142687.18],[441276.92,2142680.15],[441268.26,2142680.32],[441268.4,2142687.35]]]]}},{"type":"Feature","properties":{"building":"yes","height":6,"heightSource":"default"},"geometry":{"type":"MultiPolygon","coordinates":[[[[441304.59,2142686.96],[441312.48,2142686.72],[441312.3,2142680.49],[441304.41,2142680.73],[441304.59,2142686.96]]]]}},{"type":"Feature","properties":{"building":"yes","height":6,"heightSource":"default"},"geometry":{"type":"MultiPolygon","coordinates":[[[[441293.48,2142690.13],[441303.19,2142689.97],[441303.06,2142682.25],[441293.34,2142682.41],[441293.48,2142690.13]]]]}},{"type":"Feature","properties":{"building":"yes","height":6,"heightSource":"default"},"geometry":{"type":"MultiPolygon","coordinates":[[[[441278.09,2142699.36],[441287.24,2142699.26],[441287.16,2142692.24],[441278,2142692.33],[441278.09,2142699.36]]]]}},{"type":"Feature","properties":{"building":"yes","height":6,"heightSource":"default"},"geometry":{"type":"MultiPolygon","coordinates":[[[[441291.54,2142703.1],[441301.54,2142702.78],[441301.19,2142691.36],[441291.18,2142691.67],[441291.54,2142703.1]]]]}},{"type":"Feature","properties":{"building":"yes","height":6,"heightSource":"default"},"geometry":{"type":"MultiPolygon","coordinates":[[[[441304.78,2142702.49],[441314.78,2142701.97],[441314.49,2142696.44],[441304.49,2142696.96],[441304.78,2142702.49]]]]}},{"type":"Feature","properties":{"building":"yes","height":6,"heightSource":"default"},"geometry":{"type":"MultiPolygon","coordinates":[[[[441306.31,2142695.84],[441313.49,2142695.6],[441313.24,2142687.99],[441306.06,2142688.22],[441306.31,2142695.84]]]]}},{"type":"Feature","properties":{"building":"yes","height":6,"heightSource":"default"},"geometry":{"type":"MultiPolygon","coordinates":[[[[441339.13,2142720.65],[441345.39,2142718.59],[441342.77,2142710.69],[441336.51,2142712.75],[441339.13,2142720.65]]]]}},{"type":"Feature","properties":{"building":"yes","height":6,"heightSource":"default"},"geometry":{"type":"MultiPolygon","coordinates":[[[[441327.48,2142710.61],[441334.23,2142707.91],[441330.75,2142699.31],[441324.01,2142702.01],[441327.48,2142710.61]]]]}},{"type":"Feature","properties":{"building":"yes","height":6,"heightSource":"default"},"geometry":{"type":"MultiPolygon","coordinates":[[[[441319.71,2142723.58],[441326.83,2142722.45],[441324.17,2142705.87],[441317.05,2142707],[441319.71,2142723.58]]]]}},{"type":"Feature","properties":{"building":"yes","height":6,"heightSource":"default"},"geometry":{"type":"MultiPolygon","coordinates":[[[[441294.9,2142719.04],[441305.26,2142719.14],[441305.38,2142707.83],[441295.02,2142707.72],[441294.9,2142719.04]]]]}},{"type":"Feature","properties":{"building":"yes","height":6,"heightSource":"default"},"geometry":{"type":"MultiPolygon","coordinates":[[[[441301.98,2142727.07],[441308.31,2142727.05],[441308.29,2142720.75],[441301.96,2142720.77],[441301.98,2142727.07]]]]}},{"type":"Feature","properties":{"building":"yes","height":6,"heightSource":"default"},"geometry":{"type":"MultiPolygon","coordinates":[[[[441282.58,2142716.77],[441291.59,2142716.95],[441291.79,2142707.19],[441282.78,2142707.01],[441282.58,2142716.77]]]]}},{"type":"Feature","properties":{"building":"yes","height":6,"heightSource":"default"},"geometry":{"type":"MultiPolygon","coordinates":[[[[441276.46,2142719.31],[441281.6,2142719.3],[441281.56,2142706.48],[441276.42,2142706.5],[441276.46,2142719.31]]]]}},{"type":"Feature","properties":{"building":"yes","height":6,"heightSource":"default"},"geometry":{"type":"MultiPolygon","coordinates":[[[[441270.27,2142723.61],[441275.7,2142723.66],[441275.84,2142708.99],[441270.42,2142708.93],[441270.27,2142723.61]]]]}},{"type":"Feature","properties":{"building":"yes","height":6,"heightSource":"default"},"geometry":{"type":"MultiPolygon","coordinates":[[[[441259.07,2142722.72],[441269.22,2142722.56],[441269.08,2142714.26],[441258.93,2142714.44],[441259.07,2142722.72]]]]}},{"type":"Feature","properties":{"building":"yes","height":6,"heightSource":"default"},"geometry":{"type":"MultiPolygon","coordinates":[[[[441266.83,2142618.68],[441270.92,2142618.42],[441271.47,2142627.23],[441279.16,2142626.75],[441277.9,2142606.89],[441266.14,2142607.64],[441266.83,2142618.68]]]]}},{"type":"Feature","properties":{"building":"yes","height":6,"heightSource":"default"},"geometry":{"type":"MultiPolygon","coordinates":[[[[441300.04,2142609.75],[441309.27,2142609.17],[441308.87,2142603.1],[441299.65,2142603.69],[441300.04,2142609.75]]]]}},{"type":"Feature","properties":{"building":"yes","height":6,"heightSource":"default"},"geometry":{"type":"MultiPolygon","coordinates":[[[[441303.12,2142623.75],[441312.49,2142623.09],[441311.56,2142610.19],[441302.2,2142610.85],[441303.12,2142623.75]]]]}},{"type":"Feature","properties":{"building":"yes","height":6,"heightSource":"default"},"geometry":{"type":"MultiPolygon","coordinates":[[[[441283.08,2142630.32],[441294.31,2142629.43],[441294,2142625.66],[441296.99,2142625.42],[441295.62,2142608.2],[441281.38,2142609.33],[441283.08,2142630.32]]]]}},{"type":"Feature","properties":{"building":"yes","height":6,"heightSource":"default"},"geometry":{"type":"MultiPolygon","coordinates":[[[[441288.23,2142591.39],[441299.71,2142590.24],[441299.24,2142585.68],[441287.76,2142586.83],[441288.23,2142591.39]]]]}},{"type":"Feature","properties":{"building":"yes","height":6,"heightSource":"default"},"geometry":{"type":"MultiPolygon","coordinates":[[[[441304.74,2142600.58],[441311.56,2142599.99],[441310.96,2142593.01],[441304.14,2142593.6],[441304.74,2142600.58]]]]}},{"type":"Feature","properties":{"building":"yes","height":6,"heightSource":"default"},"geometry":{"type":"MultiPolygon","coordinates":[[[[441290.31,2142602.86],[441303.12,2142601.35],[441301.85,2142590.73],[441289.04,2142592.24],[441290.31,2142602.86]]]]}},{"type":"Feature","properties":{"building":"yes","height":6,"heightSource":"default"},"geometry":{"type":"MultiPolygon","coordinates":[[[[441272.22,2142604.81],[441277.85,2142604.72],[441277.73,2142597.2],[441272.1,2142597.3],[441272.22,2142604.81]]]]}},{"type":"Feature","properties":{"building":"yes","height":6,"heightSource":"default"},"geometry":{"type":"MultiPolygon","coordinates":[[[[441256.1,2142587.01],[441260.74,2142586.79],[441260.28,2142577.18],[441255.63,2142577.41],[441256.1,2142587.01]]]]}},{"type":"Feature","properties":{"building":"yes","height":6,"heightSource":"default"},"geometry":{"type":"MultiPolygon","coordinates":[[[[441257.83,2142596.6],[441278.38,2142595.13],[441277.82,2142587.4],[441257.26,2142588.86],[441257.83,2142596.6]]]]}},{"type":"Feature","properties":{"building":"yes","height":6,"heightSource":"default"},"geometry":{"type":"MultiPolygon","coordinates":[[[[441280.93,2142576.85],[441289.59,2142576.68],[441289.46,2142570.14],[441280.8,2142570.31],[441280.93,2142576.85]]]]}},{"type":"Feature","properties":{"building":"yes","height":6,"heightSource":"default"},"geometry":{"type":"MultiPolygon","coordinates":[[[[441264.69,2142585.09],[441278.42,2142584.56],[441277.98,2142573.32],[441261.21,2142573.97],[441261.44,2142579.75],[441264.47,2142579.63],[441264.69,2142585.09]]]]}},{"type":"Feature","properties":{"building":"yes","height":6,"heightSource":"default"},"geometry":{"type":"MultiPolygon","coordinates":[[[[441244.25,2142582.43],[441252,2142582.27],[441251.89,2142577.13],[441244.14,2142577.3],[441244.25,2142582.43]]]]}},{"type":"Feature","properties":{"building":"yes","height":6,"heightSource":"default"},"geometry":{"type":"MultiPolygon","coordinates":[[[[441235.88,2142583.23],[441242.5,2142582.72],[441242.04,2142576.81],[441235.42,2142577.33],[441235.88,2142583.23]]]]}},{"type":"Feature","properties":{"building":"yes","height":6,"heightSource":"default"},"geometry":{"type":"MultiPolygon","coordinates":[[[[441240.76,2142590.43],[441248.23,2142589.84],[441247.8,2142584.51],[441240.34,2142585.09],[441240.76,2142590.43]]]]}},{"type":"Feature","properties":{"building":"yes","height":6,"heightSource":"default"},"geometry":{"type":"MultiPolygon","coordinates":[[[[441221.29,2142600.49],[441228.54,2142600.05],[441227.94,2142590.4],[441220.69,2142590.85],[441221.29,2142600.49]]]]}},{"type":"Feature","properties":{"building":"yes","height":6,"heightSource":"default"},"geometry":{"type":"MultiPolygon","coordinates":[[[[441258.16,2142611.99],[441264.77,2142611.27],[441263.45,2142599.32],[441256.84,2142600.05],[441258.16,2142611.99]]]]}},{"type":"Feature","properties":{"building":"yes","height":6,"heightSource":"default"},"geometry":{"type":"MultiPolygon","coordinates":[[[[441246.5,2142602.58],[441253.76,2142601.79],[441252.49,2142590.35],[441245.24,2142591.15],[441246.5,2142602.58]]]]}},{"type":"Feature","properties":{"building":"yes","height":6,"heightSource":"default"},"geometry":{"type":"MultiPolygon","coordinates":[[[[441250.19,2142610.41],[441255.33,2142609.77],[441254.59,2142603.95],[441249.45,2142604.6],[441250.19,2142610.41]]]]}},{"type":"Feature","properties":{"building":"yes","height":6,"heightSource":"default"},"geometry":{"type":"MultiPolygon","coordinates":[[[[441250.94,2142624.54],[441258.54,2142623.4],[441256.61,2142610.75],[441244.11,2142612.62],[441245.34,2142620.74],[441250.26,2142620.01],[441250.94,2142624.54]]]]}},{"type":"Feature","properties":{"building":"yes","height":6,"heightSource":"default"},"geometry":{"type":"MultiPolygon","coordinates":[[[[441250.56,2142637],[441259.08,2142636.49],[441258.66,2142629.67],[441250.14,2142630.2],[441250.56,2142637]]]]}},{"type":"Feature","properties":{"building":"yes","height":6,"heightSource":"default"},"geometry":{"type":"MultiPolygon","coordinates":[[[[441232.62,2142642.53],[441241.98,2142639.91],[441240,2142632.91],[441230.64,2142635.53],[441232.62,2142642.53]]]]}},{"type":"Feature","properties":{"building":"yes","height":6,"heightSource":"default"},"geometry":{"type":"MultiPolygon","coordinates":[[[[441456.95,2142416.47],[441462.99,2142413.16],[441458.78,2142405.55],[441452.74,2142408.86],[441456.95,2142416.47]]]]}},{"type":"Feature","properties":{"building":"yes","height":6,"heightSource":"default"},"geometry":{"type":"MultiPolygon","coordinates":[[[[441457.14,2142431.39],[441464.25,2142431.57],[441464.59,2142418.67],[441457.48,2142418.48],[441457.14,2142431.39]]]]}},{"type":"Feature","properties":{"building":"yes","height":6,"heightSource":"default"},"geometry":{"type":"MultiPolygon","coordinates":[[[[441455,2142446.65],[441464.16,2142446.9],[441464.53,2142433.52],[441455.38,2142433.26],[441455,2142446.65]]]]}},{"type":"Feature","properties":{"building":"yes","height":6,"heightSource":"default"},"geometry":{"type":"MultiPolygon","coordinates":[[[[441455.81,2142457.15],[441462.92,2142457.34],[441463.15,2142448.99],[441452.37,2142448.71],[441452.23,2142453.9],[441455.9,2142454],[441455.81,2142457.15]]]]}},{"type":"Feature","properties":{"building":"yes","height":6,"heightSource":"default"},"geometry":{"type":"MultiPolygon","coordinates":[[[[441454.78,2142466.82],[441462.32,2142467.2],[441462.68,2142460.58],[441455.14,2142460.19],[441454.78,2142466.82]]]]}},{"type":"Feature","properties":{"building":"yes","height":6,"heightSource":"default"},"geometry":{"type":"MultiPolygon","coordinates":[[[[441454.6,2142475.42],[441461.23,2142475.89],[441461.74,2142468.63],[441455.12,2142468.16],[441454.6,2142475.42]]]]}},{"type":"Feature","properties":{"building":"yes","height":6,"heightSource":"default"},"geometry":{"type":"MultiPolygon","coordinates":[[[[441454.6,2142493.41],[441465.8,2142496.73],[441468.66,2142487.2],[441457.45,2142483.87],[441454.6,2142493.41]]]]}},{"type":"Feature","properties":{"building":"yes","height":6,"heightSource":"default"},"geometry":{"type":"MultiPolygon","coordinates":[[[[441448.32,2142513.66],[441455.93,2142515.1],[441457.42,2142507.31],[441449.82,2142505.86],[441448.32,2142513.66]]]]}},{"type":"Feature","properties":{"building":"yes","height":6,"heightSource":"default"},"geometry":{"type":"MultiPolygon","coordinates":[[[[441437.6,2142532.04],[441449.01,2142533.6],[441450.43,2142523.5],[441439.02,2142521.93],[441437.6,2142532.04]]]]}},{"type":"Feature","properties":{"building":"yes","height":6,"heightSource":"default"},"geometry":{"type":"MultiPolygon","coordinates":[[[[441463.87,2142531.26],[441477.97,2142538.77],[441483.41,2142528.69],[441469.3,2142521.18],[441463.87,2142531.26]]]]}},{"type":"Feature","properties":{"building":"yes","height":6,"heightSource":"default"},"geometry":{"type":"MultiPolygon","coordinates":[[[[441469.78,2142550.2],[441477.24,2142553.83],[441482.21,2142543.73],[441474.74,2142540.11],[441469.78,2142550.2]]]]}},{"type":"Feature","properties":{"building":"yes","height":6,"heightSource":"default"},"geometry":{"type":"MultiPolygon","coordinates":[[[[441465.74,2142543.78],[441470.7,2142546.12],[441473.77,2142539.67],[441468.82,2142537.33],[441465.74,2142543.78]]]]}},{"type":"Feature","properties":{"building":"yes","height":6,"heightSource":"default"},"geometry":{"type":"MultiPolygon","coordinates":[[[[441454.68,2142541.35],[441463.31,2142545.79],[441468.15,2142536.45],[441459.51,2142532.03],[441454.68,2142541.35]]]]}},{"type":"Feature","properties":{"building":"yes","height":6,"heightSource":"default"},"geometry":{"type":"MultiPolygon","coordinates":[[[[441452.21,2142541.23],[441448.48,2142548.17],[441457.94,2142553.18],[441461.67,2142546.23],[441452.21,2142541.23]]]]}},{"type":"Feature","properties":{"building":"yes","height":6,"heightSource":"default"},"geometry":{"type":"MultiPolygon","coordinates":[[[[441436.19,2142554.16],[441441.18,2142549.18],[441432.5,2142540.6],[441428.71,2142544.38],[441431.53,2142547.17],[441430.34,2142548.37],[441436.19,2142554.16]]]]}},{"type":"Feature","properties":{"building":"yes","height":6,"heightSource":"default"},"geometry":{"type":"MultiPolygon","coordinates":[[[[441432.19,2142557.82],[441435.15,2142554.65],[441429.7,2142549.63],[441426.76,2142552.8],[441432.19,2142557.82]]]]}},{"type":"Feature","properties":{"building":"yes","height":6,"heightSource":"default"},"geometry":{"type":"MultiPolygon","coordinates":[[[[441442.4,2142558.83],[441448.52,2142562.8],[441453.78,2142554.8],[441447.66,2142550.83],[441442.4,2142558.83]]]]}},{"type":"Feature","properties":{"building":"yes","height":6,"heightSource":"default"},"geometry":{"type":"MultiPolygon","coordinates":[[[[441450.24,2142562.37],[441457.83,2142570.04],[441464.21,2142563.79],[441456.63,2142556.12],[441450.24,2142562.37]]]]}},{"type":"Feature","properties":{"building":"yes","height":6,"heightSource":"default"},"geometry":{"type":"MultiPolygon","coordinates":[[[[441444.52,2142580.74],[441449.06,2142585.79],[441453.34,2142581.99],[441448.81,2142576.94],[441444.52,2142580.74]]]]}},{"type":"Feature","properties":{"building":"yes","height":6,"heightSource":"default"},"geometry":{"type":"MultiPolygon","coordinates":[[[[441443.74,2142580.24],[441452.48,2142572.71],[441444.14,2142563.15],[441435.41,2142570.69],[441443.74,2142580.24]]]]}},{"type":"Feature","properties":{"building":"yes","height":6,"heightSource":"default"},"geometry":{"type":"MultiPolygon","coordinates":[[[[441426.32,2142569.66],[441433.69,2142562.57],[441425.98,2142554.65],[441418.61,2142561.74],[441426.32,2142569.66]]]]}},{"type":"Feature","properties":{"building":"yes","height":6,"heightSource":"default"},"geometry":{"type":"MultiPolygon","coordinates":[[[[441419.08,2142575.14],[441423.15,2142571.36],[441417.14,2142564.97],[441413.06,2142568.77],[441419.08,2142575.14]]]]}},{"type":"Feature","properties":{"building":"yes","height":6,"heightSource":"default"},"geometry":{"type":"MultiPolygon","coordinates":[[[[441438.28,2142588.45],[441443.63,2142584.1],[441435.37,2142574.05],[441430.01,2142578.39],[441438.28,2142588.45]]]]}},{"type":"Feature","properties":{"building":"yes","height":6,"heightSource":"default"},"geometry":{"type":"MultiPolygon","coordinates":[[[[441426.53,2142592.27],[441429,2142590.36],[441432.23,2142594.48],[441436.92,2142590.84],[441424.92,2142575.54],[441417.77,2142581.1],[441426.53,2142592.27]]]]}},{"type":"Feature","properties":{"building":"yes","height":6,"heightSource":"default"},"geometry":{"type":"MultiPolygon","coordinates":[[[[441413.46,2142599.38],[441421.54,2142594.25],[441416.01,2142585.65],[441407.93,2142590.78],[441413.46,2142599.38]]]]}},{"type":"Feature","properties":{"building":"yes","height":6,"heightSource":"default"},"geometry":{"type":"MultiPolygon","coordinates":[[[[441424.36,2142596.97],[441428.28,2142601.27],[441432.43,2142597.55],[441428.51,2142593.24],[441424.36,2142596.97]]]]}},{"type":"Feature","properties":{"building":"yes","height":6,"heightSource":"default"},"geometry":{"type":"MultiPolygon","coordinates":[[[[441415.44,2142600.56],[441419.57,2142606.01],[441425.76,2142601.38],[441421.62,2142595.93],[441415.44,2142600.56]]]]}},{"type":"Feature","properties":{"building":"yes","height":6,"heightSource":"default"},"geometry":{"type":"MultiPolygon","coordinates":[[[[441410.31,2142605.62],[441413.59,2142609.88],[441417.66,2142606.8],[441414.38,2142602.52],[441410.31,2142605.62]]]]}},{"type":"Feature","properties":{"building":"yes","height":6,"heightSource":"default"},"geometry":{"type":"MultiPolygon","coordinates":[[[[441405.35,2142597.73],[441409.46,2142604.3],[441413.33,2142601.91],[441409.22,2142595.34],[441405.35,2142597.73]]]]}},{"type":"Feature","properties":{"building":"yes","height":6,"heightSource":"default"},"geometry":{"type":"MultiPolygon","coordinates":[[[[441400.12,2142613.49],[441409.61,2142608.85],[441404.72,2142598.97],[441395.23,2142603.61],[441400.12,2142613.49]]]]}},{"type":"Feature","properties":{"building":"yes","height":6,"heightSource":"default"},"geometry":{"type":"MultiPolygon","coordinates":[[[[441400.87,2142628.05],[441408.1,2142625.26],[441403.7,2142614],[441396.47,2142616.8],[441400.87,2142628.05]]]]}},{"type":"Feature","properties":{"building":"yes","height":6,"heightSource":"default"},"geometry":{"type":"MultiPolygon","coordinates":[[[[441397.9,2142600.2],[441403.1,2142597.52],[441400.27,2142592.09],[441395.06,2142594.76],[441397.9,2142600.2]]]]}},{"type":"Feature","properties":{"building":"yes","height":6,"heightSource":"default"},"geometry":{"type":"MultiPolygon","coordinates":[[[[441400.52,2142584.38],[441405.09,2142580.37],[441401.25,2142576.05],[441396.69,2142580.06],[441400.52,2142584.38]]]]}},{"type":"Feature","properties":{"building":"yes","height":6,"heightSource":"default"},"geometry":{"type":"MultiPolygon","coordinates":[[[[441387.39,2142596.8],[441396.32,2142589.5],[441391.28,2142583.43],[441382.37,2142590.74],[441387.39,2142596.8]]]]}},{"type":"Feature","properties":{"building":"yes","height":6,"heightSource":"default"},"geometry":{"type":"MultiPolygon","coordinates":[[[[441389.33,2142630.05],[441395.59,2142627.06],[441389.72,2142614.89],[441383.46,2142617.87],[441389.33,2142630.05]]]]}},{"type":"Feature","properties":{"building":"yes","height":6,"heightSource":"default"},"geometry":{"type":"MultiPolygon","coordinates":[[[[441343.88,2142663.38],[441350.15,2142662.86],[441349.46,2142654.57],[441343.19,2142655.07],[441343.88,2142663.38]]]]}},{"type":"Feature","properties":{"building":"yes","height":6,"heightSource":"default"},"geometry":{"type":"MultiPolygon","coordinates":[[[[441343.27,2142651.13],[441351.07,2142649.78],[441348.13,2142632.99],[441340.33,2142634.33],[441343.27,2142651.13]]]]}},{"type":"Feature","properties":{"building":"yes","height":6,"heightSource":"default"},"geometry":{"type":"MultiPolygon","coordinates":[[[[441356.63,2142664.67],[441363.67,2142663.94],[441362.67,2142654.31],[441355.63,2142655.03],[441356.63,2142664.67]]]]}},{"type":"Feature","properties":{"building":"yes","height":6,"heightSource":"default"},"geometry":{"type":"MultiPolygon","coordinates":[[[[441365.94,2142648.46],[441374.71,2142645.22],[441372.01,2142638.02],[441363.25,2142641.26],[441365.94,2142648.46]]]]}},{"type":"Feature","properties":{"building":"yes","height":6,"heightSource":"default"},"geometry":{"type":"MultiPolygon","coordinates":[[[[441365.22,2142662.75],[441371.13,2142661.47],[441369.59,2142654.44],[441363.67,2142655.71],[441365.22,2142662.75]]]]}},{"type":"Feature","properties":{"building":"yes","height":6,"heightSource":"default"},"geometry":{"type":"MultiPolygon","coordinates":[[[[441395.82,2142652.29],[441404.2,2142652.4],[441404.37,2142639.4],[441395.99,2142639.3],[441395.82,2142652.29]]]]}},{"type":"Feature","properties":{"building":"yes","height":6,"heightSource":"default"},"geometry":{"type":"MultiPolygon","coordinates":[[[[441381.68,2142638.19],[441390.14,2142634.32],[441384.05,2142621.17],[441375.59,2142625.06],[441381.68,2142638.19]]]]}},{"type":"Feature","properties":{"building":"yes","height":6,"heightSource":"default"},"geometry":{"type":"MultiPolygon","coordinates":[[[[441354.45,2142623.59],[441362.34,2142623.14],[441362.07,2142618.45],[441355.65,2142613.86],[441354.45,2142623.59]]]]}},{"type":"Feature","properties":{"building":"yes","height":6,"heightSource":"default"},"geometry":{"type":"MultiPolygon","coordinates":[[[[441358.79,2142637.57],[441368.29,2142636],[441366.89,2142627.61],[441357.39,2142629.18],[441358.79,2142637.57]]]]}},{"type":"Feature","properties":{"building":"yes","height":6,"heightSource":"default"},"geometry":{"type":"MultiPolygon","coordinates":[[[[441355.54,2142612.52],[441363.31,2142619.14],[441370.56,2142610.74],[441362.8,2142604.12],[441355.54,2142612.52]]]]}},{"type":"Feature","properties":{"building":"yes","height":6,"heightSource":"default"},"geometry":{"type":"MultiPolygon","coordinates":[[[[441349.95,2142600.71],[441355.92,2142596.35],[441349.62,2142587.83],[441343.65,2142592.18],[441349.95,2142600.71]]]]}},{"type":"Feature","properties":{"building":"yes","height":6,"heightSource":"default"},"geometry":{"type":"MultiPolygon","coordinates":[[[[441320.09,2142599.96],[441331.49,2142599.23],[441330.86,2142589.55],[441319.45,2142590.28],[441320.09,2142599.96]]]]}},{"type":"Feature","properties":{"building":"yes","height":6,"heightSource":"default"},"geometry":{"type":"MultiPolygon","coordinates":[[[[441334.89,2142604.4],[441343.69,2142603.67],[441343.04,2142595.95],[441334.23,2142596.67],[441334.89,2142604.4]]]]}},{"type":"Feature","properties":{"building":"yes","height":6,"heightSource":"default"},"geometry":{"type":"MultiPolygon","coordinates":[[[[441339.56,2142613.06],[441347.1,2142612.12],[441346.19,2142604.96],[441338.66,2142605.89],[441339.56,2142613.06]]]]}},{"type":"Feature","properties":{"building":"yes","height":6,"heightSource":"default"},"geometry":{"type":"MultiPolygon","coordinates":[[[[441335.27,2142634.85],[441350.09,2142625.48],[441345.94,2142618.99],[441338.39,2142623.76],[441335.47,2142619.21],[441329.31,2142623.1],[441332.22,2142627.65],[441331.11,2142628.34],[441335.27,2142634.85]]]]}},{"type":"Feature","properties":{"building":"yes","height":6,"heightSource":"default"},"geometry":{"type":"MultiPolygon","coordinates":[[[[441323.51,2142636.21],[441331.68,2142635.56],[441331.26,2142630.43],[441323.1,2142631.09],[441323.51,2142636.21]]]]}},{"type":"Feature","properties":{"building":"yes","height":6,"heightSource":"default"},"geometry":{"type":"MultiPolygon","coordinates":[[[[441327.34,2142644.81],[441336.14,2142642.26],[441334.78,2142637.62],[441325.98,2142640.17],[441327.34,2142644.81]]]]}},{"type":"Feature","properties":{"building":"yes","height":6,"heightSource":"default"},"geometry":{"type":"MultiPolygon","coordinates":[[[[441327.24,2142656.78],[441340.47,2142653.02],[441337.52,2142642.77],[441324.29,2142646.52],[441327.24,2142656.78]]]]}},{"type":"Feature","properties":{"building":"yes","height":6,"heightSource":"default"},"geometry":{"type":"MultiPolygon","coordinates":[[[[441329.51,2142662.23],[441342.38,2142658.34],[441341.1,2142654.15],[441328.23,2142658.04],[441329.51,2142662.23]]]]}},{"type":"Feature","properties":{"building":"yes","height":6,"heightSource":"default"},"geometry":{"type":"MultiPolygon","coordinates":[[[[441343.25,2142580.22],[441349.73,2142579.36],[441348.09,2142567.12],[441341.61,2142567.98],[441343.25,2142580.22]]]]}},{"type":"Feature","properties":{"building":"yes","height":6,"heightSource":"default"},"geometry":{"type":"MultiPolygon","coordinates":[[[[441289.4,2142564.57],[441299.54,2142562.73],[441297.2,2142550.06],[441287.06,2142551.92],[441288.04,2142557.19],[441283.97,2142557.93],[441285.04,2142563.72],[441289.12,2142562.98],[441289.4,2142564.57]]]]}},{"type":"Feature","properties":{"building":"yes","height":6,"heightSource":"default"},"geometry":{"type":"MultiPolygon","coordinates":[[[[441278.78,2142543.47],[441287.5,2142540.92],[441284.93,2142532.24],[441276.21,2142534.79],[441278.78,2142543.47]]]]}},{"type":"Feature","properties":{"building":"yes","height":6,"heightSource":"default"},"geometry":{"type":"MultiPolygon","coordinates":[[[[441454.1,2142691.02],[441462.48,2142690.71],[441462.28,2142685.46],[441453.9,2142685.78],[441454.1,2142691.02]]]]}},{"type":"Feature","properties":{"building":"yes","height":6,"heightSource":"default"},"geometry":{"type":"MultiPolygon","coordinates":[[[[441470.11,2142698.25],[441476.24,2142698.86],[441477.1,2142690.35],[441470.97,2142689.74],[441470.11,2142698.25]]]]}},{"type":"Feature","properties":{"building":"yes","height":6,"heightSource":"default"},"geometry":{"type":"MultiPolygon","coordinates":[[[[441486.89,2142723.75],[441494.7,2142725.05],[441499.2,2142698.43],[441491.38,2142697.13],[441486.89,2142723.75]]]]}},{"type":"Feature","properties":{"building":"yes","height":6,"heightSource":"default"},"geometry":{"type":"MultiPolygon","coordinates":[[[[441478.43,2142722.3],[441485.75,2142723.25],[441486.98,2142713.96],[441479.66,2142713],[441478.43,2142722.3]]]]}},{"type":"Feature","properties":{"building":"yes","height":6,"heightSource":"default"},"geometry":{"type":"MultiPolygon","coordinates":[[[[441486.16,2142740.13],[441495.39,2142741.15],[441496.53,2142730.98],[441487.29,2142729.95],[441486.16,2142740.13]]]]}},{"type":"Feature","properties":{"building":"yes","height":6,"heightSource":"default"},"geometry":{"type":"MultiPolygon","coordinates":[[[[441466.58,2142737.18],[441477.57,2142738.26],[441478.92,2142724.75],[441467.93,2142723.66],[441466.58,2142737.18]]]]}},{"type":"Feature","properties":{"building":"yes","height":6,"heightSource":"default"},"geometry":{"type":"MultiPolygon","coordinates":[[[[441459.34,2142719.99],[441467.36,2142720.51],[441467.87,2142713.07],[441459.84,2142712.55],[441459.34,2142719.99]]]]}},{"type":"Feature","properties":{"building":"yes","height":6,"heightSource":"default"},"geometry":{"type":"MultiPolygon","coordinates":[[[[441455.43,2142733.71],[441463.32,2142734.25],[441464.1,2142723],[441456.21,2142722.47],[441455.43,2142733.71]]]]}},{"type":"Feature","properties":{"building":"yes","height":6,"heightSource":"default"},"geometry":{"type":"MultiPolygon","coordinates":[[[[441448.39,2142665.84],[441464.29,2142662.7],[441462.04,2142651.36],[441446.13,2142654.49],[441448.39,2142665.84]]]]}},{"type":"Feature","properties":{"building":"yes","height":6,"heightSource":"default"},"geometry":{"type":"MultiPolygon","coordinates":[[[[441451.74,2142677.73],[441466.3,2142674.81],[441464.03,2142663.61],[441449.46,2142666.53],[441451.74,2142677.73]]]]}},{"type":"Feature","properties":{"building":"yes","height":6,"heightSource":"default"},"geometry":{"type":"MultiPolygon","coordinates":[[[[441429.56,2142679.34],[441443.08,2142679.08],[441442.77,2142663.01],[441429.26,2142663.26],[441429.56,2142679.34]]]]}},{"type":"Feature","properties":{"building":"yes","height":6,"heightSource":"default"},"geometry":{"type":"MultiPolygon","coordinates":[[[[441440.08,2142687.43],[441449.58,2142687.04],[441449.29,2142679.68],[441439.78,2142680.06],[441440.08,2142687.43]]]]}},{"type":"Feature","properties":{"building":"yes","height":6,"heightSource":"default"},"geometry":{"type":"MultiPolygon","coordinates":[[[[441445.03,2142695.45],[441449.33,2142695.52],[441449.41,2142689.23],[441445.12,2142689.17],[441445.03,2142695.45]]]]}},{"type":"Feature","properties":{"building":"yes","height":6,"heightSource":"default"},"geometry":{"type":"MultiPolygon","coordinates":[[[[441435.24,2142696.05],[441443.7,2142696.09],[441443.73,2142690.29],[441435.28,2142690.25],[441435.24,2142696.05]]]]}},{"type":"Feature","properties":{"building":"yes","height":6,"heightSource":"default"},"geometry":{"type":"MultiPolygon","coordinates":[[[[441435.88,2142715.58],[441448.4,2142715.75],[441448.66,2142697.24],[441436.13,2142697.07],[441435.88,2142715.58]]]]}},{"type":"Feature","properties":{"building":"yes","height":6,"heightSource":"default"},"geometry":{"type":"MultiPolygon","coordinates":[[[[441434.16,2142729.58],[441445.64,2142730.11],[441446.15,2142719.12],[441443.71,2142719.02],[441443.82,2142716.74],[441434.77,2142716.32],[441434.16,2142729.58]]]]}},{"type":"Feature","properties":{"building":"yes","height":6,"heightSource":"default"},"geometry":{"type":"MultiPolygon","coordinates":[[[[441423.34,2142715.9],[441432.91,2142715.93],[441432.94,2142710.34],[441423.36,2142710.31],[441423.34,2142715.9]]]]}},{"type":"Feature","properties":{"building":"yes","height":6,"heightSource":"default"},"geometry":{"type":"MultiPolygon","coordinates":[[[[441420.91,2142725],[441432.39,2142725.17],[441432.51,2142717.11],[441421.03,2142716.93],[441420.91,2142725]]]]}},{"type":"Feature","properties":{"building":"yes","height":6,"heightSource":"default"},"geometry":{"type":"MultiPolygon","coordinates":[[[[441401.08,2142727.64],[441409.53,2142728.25],[441409.78,2142724.84],[441412.53,2142725.03],[441413.46,2142712.18],[441410.87,2142711.99],[441411.1,2142708.83],[441402.49,2142708.22],[441401.08,2142727.64]]]]}},{"type":"Feature","properties":{"building":"yes","height":6,"heightSource":"default"},"geometry":{"type":"MultiPolygon","coordinates":[[[[441379.63,2142699.66],[441386.53,2142700.55],[441388.05,2142688.86],[441381.15,2142687.97],[441379.63,2142699.66]]]]}},{"type":"Feature","properties":{"building":"yes","height":6,"heightSource":"default"},"geometry":{"type":"MultiPolygon","coordinates":[[[[441376.58,2142715.48],[441384.19,2142716.38],[441385.97,2142701.24],[441378.36,2142700.36],[441376.58,2142715.48]]]]}},{"type":"Feature","properties":{"building":"yes","height":6,"heightSource":"default"},"geometry":{"type":"MultiPolygon","coordinates":[[[[441385.89,2142718.75],[441387.82,2142718.95],[441387.47,2142722.22],[441395.97,2142723.1],[441397.98,2142704.06],[441387.55,2142702.98],[441385.89,2142718.75]]]]}},{"type":"Feature","properties":{"building":"yes","height":6,"heightSource":"default"},"geometry":{"type":"MultiPolygon","coordinates":[[[[441389.43,2142702.43],[441398.93,2142702.88],[441399.14,2142698.6],[441389.63,2142698.15],[441389.43,2142702.43]]]]}},{"type":"Feature","properties":{"building":"yes","height":6,"heightSource":"default"},"geometry":{"type":"MultiPolygon","coordinates":[[[[441387.93,2142696.83],[441399.76,2142697.35],[441400.27,2142685.88],[441388.44,2142685.37],[441387.93,2142696.83]]]]}},{"type":"Feature","properties":{"building":"yes","height":6,"heightSource":"default"},"geometry":{"type":"MultiPolygon","coordinates":[[[[441413.78,2142677.99],[441421.73,2142677.97],[441421.7,2142666.63],[441413.75,2142666.65],[441413.78,2142677.99]]]]}},{"type":"Feature","properties":{"building":"yes","height":6,"heightSource":"default"},"geometry":{"type":"MultiPolygon","coordinates":[[[[441407.39,2142681.02],[441413.09,2142680.86],[441412.73,2142668.13],[441407.02,2142668.29],[441407.39,2142681.02]]]]}},{"type":"Feature","properties":{"building":"yes","height":6,"heightSource":"default"},"geometry":{"type":"MultiPolygon","coordinates":[[[[441406.07,2142665.56],[441412.05,2142665.25],[441411.64,2142656.99],[441405.65,2142657.28],[441406.07,2142665.56]]]]}},{"type":"Feature","properties":{"building":"yes","height":6,"heightSource":"default"},"geometry":{"type":"MultiPolygon","coordinates":[[[[441389.04,2142671],[441401.29,2142668.93],[441399.88,2142660.68],[441387.63,2142662.75],[441389.04,2142671]]]]}},{"type":"Feature","properties":{"building":"yes","height":6,"heightSource":"default"},"geometry":{"type":"MultiPolygon","coordinates":[[[[441371.33,2142681.63],[441378.38,2142681.82],[441378.69,2142669.92],[441371.66,2142669.73],[441371.33,2142681.63]]]]}},{"type":"Feature","properties":{"building":"yes","height":6,"heightSource":"default"},"geometry":{"type":"MultiPolygon","coordinates":[[[[441371.44,2142692.41],[441378.05,2142692.53],[441378.21,2142683.86],[441371.6,2142683.74],[441371.44,2142692.41]]]]}},{"type":"Feature","properties":{"building":"yes","height":6,"heightSource":"default"},"geometry":{"type":"MultiPolygon","coordinates":[[[[441360.22,2142686.91],[441369.52,2142686.33],[441368.76,2142674.58],[441359.47,2142675.17],[441360.22,2142686.91]]]]}},{"type":"Feature","properties":{"building":"yes","height":6,"heightSource":"default"},"geometry":{"type":"MultiPolygon","coordinates":[[[[441340.28,2142683.06],[441353.23,2142680.15],[441352.08,2142675.09],[441339.13,2142678],[441340.28,2142683.06]]]]}},{"type":"Feature","properties":{"building":"yes","height":6,"heightSource":"default"},"geometry":{"type":"MultiPolygon","coordinates":[[[[441342.35,2142690.12],[441357.26,2142686.5],[441355.81,2142680.6],[441340.9,2142684.23],[441342.35,2142690.12]]]]}},{"type":"Feature","properties":{"building":"yes","height":6,"heightSource":"default"},"geometry":{"type":"MultiPolygon","coordinates":[[[[441359.13,2142695.1],[441369.05,2142693.4],[441368.1,2142687.97],[441358.17,2142689.68],[441359.13,2142695.1]]]]}},{"type":"Feature","properties":{"building":"yes","height":6,"heightSource":"default"},"geometry":{"type":"MultiPolygon","coordinates":[[[[441351.6,2142699.96],[441358,2142697.84],[441355.11,2142689.19],[441348.71,2142691.31],[441351.6,2142699.96]]]]}},{"type":"Feature","properties":{"building":"yes","height":6,"heightSource":"default"},"geometry":{"type":"MultiPolygon","coordinates":[[[[441365.62,2142702.72],[441372.59,2142702.69],[441372.57,2142694.78],[441365.59,2142694.8],[441365.62,2142702.72]]]]}},{"type":"Feature","properties":{"building":"yes","height":6,"heightSource":"default"},"geometry":{"type":"MultiPolygon","coordinates":[[[[441363.93,2142723.79],[441374.92,2142723.75],[441374.87,2142709.06],[441371.77,2142709.07],[441371.76,2142703.96],[441363.87,2142703.98],[441363.93,2142723.79]]]]}},{"type":"Feature","properties":{"building":"yes","height":6,"heightSource":"default"},"geometry":{"type":"MultiPolygon","coordinates":[[[[441354.96,2142714.16],[441363.12,2142711.48],[441360.16,2142702.6],[441352,2142705.28],[441354.96,2142714.16]]]]}},{"type":"Feature","properties":{"building":"yes","height":6,"heightSource":"default"},"geometry":{"type":"MultiPolygon","coordinates":[[[[441502.62,2142756.52],[441523.12,2142758.76],[441523.53,2142755.07],[441503.03,2142752.82],[441502.62,2142756.52]]]]}},{"type":"Feature","properties":{"building":"yes","height":6,"heightSource":"default"},"geometry":{"type":"MultiPolygon","coordinates":[[[[441525.16,2142759.74],[441537.22,2142761.73],[441538.17,2142755.98],[441526.12,2142753.98],[441525.16,2142759.74]]]]}},{"type":"Feature","properties":{"building":"yes","height":6,"heightSource":"default"},"geometry":{"type":"MultiPolygon","coordinates":[[[[441497.44,2142789.72],[441515.2,2142791.33],[441516,2142782.74],[441524.45,2142783.51],[441525.69,2142770.13],[441499.48,2142767.74],[441497.44,2142789.72]]]]}},{"type":"Feature","properties":{"building":"yes","height":6,"heightSource":"default"},"geometry":{"type":"MultiPolygon","coordinates":[[[[441482.06,2142800.89],[441490.37,2142800.86],[441490.35,2142793.59],[441482.04,2142793.62],[441482.06,2142800.89]]]]}},{"type":"Feature","properties":{"building":"yes","height":6,"heightSource":"default"},"geometry":{"type":"MultiPolygon","coordinates":[[[[441312.58,2142675.52],[441310.38,2142668.38],[441306.09,2142669.7],[441308.29,2142676.83],[441312.58,2142675.52]]]]}},{"type":"Feature","properties":{"building":"yes","height":6,"heightSource":"default"},"geometry":{"type":"MultiPolygon","coordinates":[[[[441265.98,2142703.18],[441273.73,2142703.43],[441273.94,2142696.96],[441266.2,2142696.71],[441265.98,2142703.18]]]]}},{"type":"Feature","properties":{"building":"yes","height":6,"heightSource":"default"},"geometry":{"type":"MultiPolygon","coordinates":[[[[441523.27,2142850.74],[441523.29,2142855.57],[441532.24,2142855.54],[441532.22,2142850.71],[441523.27,2142850.74]]]]}},{"type":"Feature","properties":{"building":"yes","height":6,"heightSource":"default"},"geometry":{"type":"MultiPolygon","coordinates":[[[[441560.06,2142773.42],[441565.84,2142773.32],[441565.71,2142764.85],[441559.93,2142764.93],[441560.06,2142773.42]]]]}},{"type":"Feature","properties":{"building":"yes","height":6,"heightSource":"default"},"geometry":{"type":"MultiPolygon","coordinates":[[[[441567.62,2142779.83],[441574.39,2142780.02],[441574.48,2142776.67],[441567.72,2142776.48],[441567.62,2142779.83]]]]}},{"type":"Feature","properties":{"building":"yes","height":6,"heightSource":"default"},"geometry":{"type":"MultiPolygon","coordinates":[[[[441559.37,2142797.63],[441565.92,2142798.03],[441566.57,2142787.62],[441560.01,2142787.22],[441559.37,2142797.63]]]]}},{"type":"Feature","properties":{"building":"yes","height":6,"heightSource":"default"},"geometry":{"type":"MultiPolygon","coordinates":[[[[441630.2,2142793.91],[441637.66,2142792.62],[441636.18,2142784.15],[441628.72,2142785.44],[441630.2,2142793.91]]]]}},{"type":"Feature","properties":{"building":"yes","height":6,"heightSource":"default"},"geometry":{"type":"MultiPolygon","coordinates":[[[[441772.66,2142817.25],[441777.48,2142816.44],[441775.89,2142807.2],[441771.08,2142808.02],[441772.66,2142817.25]]]]}},{"type":"Feature","properties":{"building":"yes","height":6,"heightSource":"default"},"geometry":{"type":"MultiPolygon","coordinates":[[[[441779.04,2142831.93],[441790.24,2142831.61],[441790.07,2142825.63],[441778.87,2142825.95],[441779.04,2142831.93]]]]}},{"type":"Feature","properties":{"building":"yes","height":6,"heightSource":"default"},"geometry":{"type":"MultiPolygon","coordinates":[[[[441775.72,2142846.85],[441788.17,2142846.04],[441787.37,2142833.88],[441774.91,2142834.68],[441775.72,2142846.85]]]]}},{"type":"Feature","properties":{"building":"yes","height":6,"heightSource":"default"},"geometry":{"type":"MultiPolygon","coordinates":[[[[441710.94,2142806.67],[441717.52,2142806.5],[441717.32,2142798.81],[441710.74,2142798.98],[441710.94,2142806.67]]]]}},{"type":"Feature","properties":{"building":"yes","height":6,"heightSource":"default"},"geometry":{"type":"MultiPolygon","coordinates":[[[[441615,2142864.02],[441625.42,2142863.85],[441625.32,2142857.45],[441614.9,2142857.63],[441615,2142864.02]]]]}},{"type":"Feature","properties":{"building":"yes","height":6,"heightSource":"default"},"geometry":{"type":"MultiPolygon","coordinates":[[[[441614.96,2142873.68],[441622.07,2142873.6],[441621.97,2142865.72],[441614.86,2142865.82],[441614.96,2142873.68]]]]}},{"type":"Feature","properties":{"building":"yes","height":6,"heightSource":"default"},"geometry":{"type":"MultiPolygon","coordinates":[[[[441605.24,2142927.51],[441614.19,2142927.09],[441613.97,2142922.5],[441605.03,2142922.92],[441605.24,2142927.51]]]]}},{"type":"Feature","properties":{"building":"yes","height":6,"heightSource":"default"},"geometry":{"type":"MultiPolygon","coordinates":[[[[441578.54,2142910.83],[441586.74,2142910.95],[441586.94,2142896.92],[441578.73,2142896.82],[441578.54,2142910.83]]]]}},{"type":"Feature","properties":{"building":"yes","height":6,"heightSource":"default"},"geometry":{"type":"MultiPolygon","coordinates":[[[[441588.6,2142909.61],[441593.29,2142909.63],[441593.34,2142896.94],[441588.66,2142896.91],[441588.6,2142909.61]]]]}},{"type":"Feature","properties":{"building":"yes","height":6,"heightSource":"default"},"geometry":{"type":"MultiPolygon","coordinates":[[[[441626.21,2142910.96],[441634.65,2142909.04],[441633.42,2142903.67],[441624.98,2142905.59],[441626.21,2142910.96]]]]}},{"type":"Feature","properties":{"building":"yes","height":6,"heightSource":"default"},"geometry":{"type":"MultiPolygon","coordinates":[[[[441522.64,2142937.47],[441533.34,2142936.17],[441531.75,2142923.16],[441521.04,2142924.46],[441522.64,2142937.47]]]]}},{"type":"Feature","properties":{"building":"yes","height":6,"heightSource":"default"},"geometry":{"type":"MultiPolygon","coordinates":[[[[441530.45,2142955.5],[441539.87,2142952.96],[441536.74,2142941.52],[441527.31,2142944.06],[441530.45,2142955.5]]]]}},{"type":"Feature","properties":{"building":"yes","height":6,"heightSource":"default"},"geometry":{"type":"MultiPolygon","coordinates":[[[[441535.71,2142970.53],[441544.65,2142967.1],[441540.97,2142957.59],[441532.01,2142961.03],[441535.71,2142970.53]]]]}},{"type":"Feature","properties":{"building":"yes","height":6,"heightSource":"default"},"geometry":{"type":"MultiPolygon","coordinates":[[[[441572.35,2143044.9],[441578.82,2143041.87],[441575.24,2143034.32],[441568.77,2143037.35],[441572.35,2143044.9]]]]}},{"type":"Feature","properties":{"building":"yes","height":6,"heightSource":"default"},"geometry":{"type":"MultiPolygon","coordinates":[[[[441575.75,2143053.56],[441582.86,2143050.46],[441579.9,2143043.78],[441572.8,2143046.88],[441575.75,2143053.56]]]]}},{"type":"Feature","properties":{"building":"yes","height":6,"heightSource":"default"},"geometry":{"type":"MultiPolygon","coordinates":[[[[441607.55,2143043.17],[441616.9,2143039.16],[441613.47,2143031.28],[441604.12,2143035.29],[441607.55,2143043.17]]]]}},{"type":"Feature","properties":{"building":"yes","height":6,"heightSource":"default"},"geometry":{"type":"MultiPolygon","coordinates":[[[[441694.62,2143056.05],[441701.1,2143054.07],[441697.73,2143043.19],[441691.26,2143045.17],[441694.62,2143056.05]]]]}},{"type":"Feature","properties":{"building":"yes","height":6,"heightSource":"default"},"geometry":{"type":"MultiPolygon","coordinates":[[[[441677.92,2143072.34],[441685.52,2143069.24],[441682.04,2143060.83],[441674.45,2143063.94],[441677.92,2143072.34]]]]}},{"type":"Feature","properties":{"building":"yes","height":6,"heightSource":"default"},"geometry":{"type":"MultiPolygon","coordinates":[[[[441662.8,2143058.12],[441665.92,2143056.7],[441666.72,2143058.46],[441670.78,2143056.62],[441665.94,2143046.05],[441658.77,2143049.29],[441662.8,2143058.12]]]]}},{"type":"Feature","properties":{"building":"yes","height":6,"heightSource":"default"},"geometry":{"type":"MultiPolygon","coordinates":[[[[441709.41,2142988.11],[441720.94,2142984.64],[441716.61,2142970.38],[441707.43,2142973.15],[441708.47,2142976.57],[441706.12,2142977.29],[441709.41,2142988.11]]]]}},{"type":"Feature","properties":{"building":"yes","height":6,"heightSource":"default"},"geometry":{"type":"MultiPolygon","coordinates":[[[[441673.64,2142967.64],[441679.49,2142967.35],[441679.09,2142959.59],[441673.24,2142959.9],[441673.64,2142967.64]]]]}},{"type":"Feature","properties":{"building":"yes","height":6,"heightSource":"default"},"geometry":{"type":"MultiPolygon","coordinates":[[[[441655.5,2142976.45],[441663.38,2142974.12],[441660.69,2142965.12],[441652.81,2142967.46],[441655.5,2142976.45]]]]}},{"type":"Feature","properties":{"building":"yes","height":6,"heightSource":"default"},"geometry":{"type":"MultiPolygon","coordinates":[[[[441598.39,2142975.8],[441603.39,2142974.1],[441601.02,2142967.24],[441596.03,2142968.93],[441598.39,2142975.8]]]]}},{"type":"Feature","properties":{"building":"yes","height":6,"heightSource":"default"},"geometry":{"type":"MultiPolygon","coordinates":[[[[441603.94,2142969.05],[441611.82,2142966.65],[441609.13,2142957.99],[441601.25,2142960.4],[441603.94,2142969.05]]]]}},{"type":"Feature","properties":{"building":"yes","height":6,"heightSource":"default"},"geometry":{"type":"MultiPolygon","coordinates":[[[[441652.89,2142996.55],[441657.33,2142995.56],[441655.91,2142989.32],[441651.47,2142990.31],[441652.89,2142996.55]]]]}},{"type":"Feature","properties":{"building":"yes","height":6,"heightSource":"default"},"geometry":{"type":"MultiPolygon","coordinates":[[[[441639.61,2142983.43],[441645.95,2142982.57],[441644.64,2142973.14],[441638.31,2142974],[441639.61,2142983.43]]]]}},{"type":"Feature","properties":{"building":"yes","height":6,"heightSource":"default"},"geometry":{"type":"MultiPolygon","coordinates":[[[[441623.63,2142986.01],[441630.53,2142984.44],[441629.24,2142978.81],[441622.34,2142980.38],[441623.63,2142986.01]]]]}},{"type":"Feature","properties":{"building":"yes","height":6,"heightSource":"default"},"geometry":{"type":"MultiPolygon","coordinates":[[[[441596.3,2143002.19],[441603.11,2142999.86],[441600.57,2142992.5],[441593.75,2142994.82],[441596.3,2143002.19]]]]}},{"type":"Feature","properties":{"building":"yes","height":6,"heightSource":"default"},"geometry":{"type":"MultiPolygon","coordinates":[[[[441716.96,2142775],[441722.8,2142773.38],[441721.25,2142767.91],[441715.42,2142769.53],[441716.96,2142775]]]]}},{"type":"Feature","properties":{"building":"yes","height":6,"heightSource":"default"},"geometry":{"type":"MultiPolygon","coordinates":[[[[441722.3,2142784.16],[441728.4,2142782.36],[441726.72,2142776.79],[441720.64,2142778.59],[441722.3,2142784.16]]]]}},{"type":"Feature","properties":{"building":"yes","height":6,"heightSource":"default"},"geometry":{"type":"MultiPolygon","coordinates":[[[[441716.82,2142863.28],[441726.98,2142863.44],[441727.09,2142857.16],[441716.93,2142856.99],[441716.82,2142863.28]]]]}},{"type":"Feature","properties":{"building":"yes","height":6,"heightSource":"default"},"geometry":{"type":"MultiPolygon","coordinates":[[[[441737.71,2142865.91],[441744.19,2142865.92],[441744.2,2142861.73],[441737.72,2142861.72],[441737.71,2142865.91]]]]}},{"type":"Feature","properties":{"building":"yes","height":6,"heightSource":"default"},"geometry":{"type":"MultiPolygon","coordinates":[[[[441734.89,2142872.94],[441747.98,2142873.11],[441748.07,2142866.63],[441734.97,2142866.46],[441734.89,2142872.94]]]]}},{"type":"Feature","properties":{"building":"yes","height":6,"heightSource":"default"},"geometry":{"type":"MultiPolygon","coordinates":[[[[441751.54,2142820.96],[441753.25,2142825.79],[441757.89,2142824.18],[441757.25,2142822.41],[441759.55,2142821.61],[441760.67,2142824.79],[441768.59,2142822.02],[441766.39,2142815.78],[441751.54,2142820.96]]]]}},{"type":"Feature","properties":{"building":"yes","height":6,"heightSource":"default"},"geometry":{"type":"MultiPolygon","coordinates":[[[[441911.05,2142844.74],[441918.99,2142842.12],[441916.65,2142835.07],[441908.7,2142837.68],[441911.05,2142844.74]]]]}},{"type":"Feature","properties":{"building":"yes","height":6,"heightSource":"default"},"geometry":{"type":"MultiPolygon","coordinates":[[[[441900.82,2142858.56],[441908.69,2142856.36],[441907.09,2142850.68],[441899.21,2142852.88],[441900.82,2142858.56]]]]}},{"type":"Feature","properties":{"building":"yes","height":6,"heightSource":"default"},"geometry":{"type":"MultiPolygon","coordinates":[[[[441879.81,2142853.3],[441888.12,2142851.04],[441886.79,2142846.25],[441878.49,2142848.52],[441879.81,2142853.3]]]]}},{"type":"Feature","properties":{"building":"yes","height":6,"heightSource":"default"},"geometry":{"type":"MultiPolygon","coordinates":[[[[441847.91,2142810.85],[441853.97,2142809.99],[441852.87,2142802.35],[441846.82,2142803.21],[441847.91,2142810.85]]]]}},{"type":"Feature","properties":{"building":"yes","height":6,"heightSource":"default"},"geometry":{"type":"MultiPolygon","coordinates":[[[[441808.32,2142803.63],[441814.72,2142802.41],[441813.87,2142797.98],[441807.47,2142799.19],[441808.32,2142803.63]]]]}},{"type":"Feature","properties":{"building":"yes","height":6,"heightSource":"default"},"geometry":{"type":"MultiPolygon","coordinates":[[[[441808.89,2142809.01],[441815.73,2142807.73],[441814.96,2142803.69],[441808.13,2142804.98],[441808.89,2142809.01]]]]}},{"type":"Feature","properties":{"building":"yes","height":6,"heightSource":"default"},"geometry":{"type":"MultiPolygon","coordinates":[[[[441809.69,2142814.47],[441816.58,2142813.26],[441815.91,2142809.47],[441809.02,2142810.68],[441809.69,2142814.47]]]]}},{"type":"Feature","properties":{"building":"yes","height":6,"heightSource":"default"},"geometry":{"type":"MultiPolygon","coordinates":[[[[441824.53,2142786.14],[441840.29,2142782.6],[441836.62,2142766.49],[441820.86,2142770.03],[441824.53,2142786.14]]]]}},{"type":"Feature","properties":{"building":"yes","height":6,"heightSource":"default"},"geometry":{"type":"MultiPolygon","coordinates":[[[[441826.19,2142798.18],[441842.02,2142795.18],[441840.1,2142785.14],[441824.26,2142788.13],[441826.19,2142798.18]]]]}},{"type":"Feature","properties":{"building":"yes","height":6,"heightSource":"default"},"geometry":{"type":"MultiPolygon","coordinates":[[[[441815.06,2142799.69],[441823.79,2142798.04],[441821.28,2142784.83],[441812.55,2142786.47],[441815.06,2142799.69]]]]}},{"type":"Feature","properties":{"building":"yes","height":6,"heightSource":"default"},"geometry":{"type":"MultiPolygon","coordinates":[[[[441709.52,2142726.14],[441714.72,2142726.23],[441714.83,2142720.06],[441709.62,2142719.98],[441709.52,2142726.14]]]]}},{"type":"Feature","properties":{"building":"yes","height":6,"heightSource":"default"},"geometry":{"type":"MultiPolygon","coordinates":[[[[441705.06,2142731.72],[441710.77,2142731.35],[441710.45,2142726.55],[441704.75,2142726.92],[441705.06,2142731.72]]]]}},{"type":"Feature","properties":{"building":"yes","height":6,"heightSource":"default"},"geometry":{"type":"MultiPolygon","coordinates":[[[[441757.08,2142703.27],[441765.88,2142701.98],[441764.61,2142693.41],[441755.81,2142694.7],[441757.08,2142703.27]]]]}},{"type":"Feature","properties":{"building":"yes","height":6,"heightSource":"default"},"geometry":{"type":"MultiPolygon","coordinates":[[[[441531.19,2142684.67],[441537.1,2142684.52],[441536.94,2142678.4],[441531.03,2142678.56],[441531.19,2142684.67]]]]}},{"type":"Feature","properties":{"building":"yes","height":6,"heightSource":"default"},"geometry":{"type":"MultiPolygon","coordinates":[[[[441544.72,2142687.51],[441549.79,2142687.35],[441549.55,2142679.64],[441544.48,2142679.8],[441544.72,2142687.51]]]]}},{"type":"Feature","properties":{"building":"yes","height":6,"heightSource":"default"},"geometry":{"type":"MultiPolygon","coordinates":[[[[441403.65,2142702.38],[441413.79,2142702.63],[441413.96,2142695.99],[441403.81,2142695.73],[441403.65,2142702.38]]]]}},{"type":"Feature","properties":{"building":"yes","height":6,"heightSource":"default"},"geometry":{"type":"MultiPolygon","coordinates":[[[[441391.03,2142675.4],[441396.94,2142674.62],[441396.46,2142671.06],[441390.55,2142671.84],[441391.03,2142675.4]]]]}},{"type":"Feature","properties":{"building":"yes","height":6,"heightSource":"default"},"geometry":{"type":"MultiPolygon","coordinates":[[[[441401.46,2142679.01],[441405.9,2142678.93],[441405.71,2142669.17],[441401.27,2142669.25],[441401.46,2142679.01]]]]}},{"type":"Feature","properties":{"building":"yes","height":6,"heightSource":"default"},"geometry":{"type":"MultiPolygon","coordinates":[[[[441628.63,2142679.05],[441634.76,2142678.95],[441634.63,2142670.1],[441628.51,2142670.19],[441628.63,2142679.05]]]]}},{"type":"Feature","properties":{"building":"yes","height":6,"heightSource":"default"},"geometry":{"type":"MultiPolygon","coordinates":[[[[441611.94,2142677.63],[441624.26,2142677.1],[441623.59,2142661.69],[441611.27,2142662.22],[441611.94,2142677.63]]]]}},{"type":"Feature","properties":{"building":"yes","height":6,"heightSource":"default"},"geometry":{"type":"MultiPolygon","coordinates":[[[[441631.47,2142706.26],[441640.48,2142705.89],[441640.2,2142699.48],[441631.19,2142699.87],[441631.47,2142706.26]]]]}},{"type":"Feature","properties":{"building":"yes","height":6,"heightSource":"default"},"geometry":{"type":"MultiPolygon","coordinates":[[[[441617.58,2142701.63],[441625.32,2142701.46],[441625.22,2142696.61],[441617.47,2142696.78],[441617.58,2142701.63]]]]}},{"type":"Feature","properties":{"building":"yes","height":6,"heightSource":"default"},"geometry":{"type":"MultiPolygon","coordinates":[[[[441618.09,2142707.43],[441630.62,2142707.32],[441630.58,2142702.47],[441618.05,2142702.59],[441618.09,2142707.43]]]]}},{"type":"Feature","properties":{"building":"yes","height":6,"heightSource":"default"},"geometry":{"type":"MultiPolygon","coordinates":[[[[441603.7,2142697.82],[441610.88,2142697.8],[441610.85,2142689.04],[441603.67,2142689.07],[441603.7,2142697.82]]]]}},{"type":"Feature","properties":{"building":"yes","height":6,"heightSource":"default"},"geometry":{"type":"MultiPolygon","coordinates":[[[[441593.3,2142663.83],[441603.23,2142663.52],[441602.95,2142654.6],[441593.02,2142654.91],[441593.3,2142663.83]]]]}},{"type":"Feature","properties":{"building":"yes","height":6,"heightSource":"default"},"geometry":{"type":"MultiPolygon","coordinates":[[[[441593.89,2142671.95],[441602.06,2142671.92],[441602.04,2142665.9],[441593.87,2142665.93],[441593.89,2142671.95]]]]}},{"type":"Feature","properties":{"building":"yes","height":6,"heightSource":"default"},"geometry":{"type":"MultiPolygon","coordinates":[[[[441580.94,2142673.53],[441592.14,2142673.63],[441592.19,2142668],[441580.99,2142667.89],[441580.94,2142673.53]]]]}},{"type":"Feature","properties":{"building":"yes","height":6,"heightSource":"default"},"geometry":{"type":"MultiPolygon","coordinates":[[[[441582.8,2142682.13],[441590.69,2142682.18],[441590.73,2142674.91],[441582.84,2142674.87],[441582.8,2142682.13]]]]}},{"type":"Feature","properties":{"building":"yes","height":6,"heightSource":"default"},"geometry":{"type":"MultiPolygon","coordinates":[[[[441579.7,2142703.84],[441588.99,2142703.74],[441588.78,2142683.34],[441579.47,2142683.45],[441579.7,2142703.84]]]]}},{"type":"Feature","properties":{"building":"yes","height":6,"heightSource":"default"},"geometry":{"type":"MultiPolygon","coordinates":[[[[441500.55,2142681.84],[441507.45,2142681.82],[441507.46,2142686.01],[441513.52,2142685.99],[441513.45,2142664.29],[441505.78,2142664.32],[441505.78,2142667.12],[441500.5,2142667.13],[441500.55,2142681.84]]]]}},{"type":"Feature","properties":{"building":"yes","height":6,"heightSource":"default"},"geometry":{"type":"MultiPolygon","coordinates":[[[[441516.62,2142671.16],[441525.95,2142670.93],[441525.84,2142666.63],[441529.02,2142666.56],[441528.79,2142657.51],[441519.01,2142657.75],[441519.24,2142666.95],[441516.52,2142667.02],[441516.62,2142671.16]]]]}},{"type":"Feature","properties":{"building":"yes","height":6,"heightSource":"default"},"geometry":{"type":"MultiPolygon","coordinates":[[[[441545.46,2142677.36],[441552.22,2142677.47],[441552.33,2142671.62],[441545.57,2142671.49],[441545.46,2142677.36]]]]}},{"type":"Feature","properties":{"building":"yes","height":6,"heightSource":"default"},"geometry":{"type":"MultiPolygon","coordinates":[[[[441545.3,2142669.03],[441552.48,2142669.07],[441552.54,2142660.41],[441545.35,2142660.36],[441545.3,2142669.03]]]]}},{"type":"Feature","properties":{"building":"yes","height":6,"heightSource":"default"},"geometry":{"type":"MultiPolygon","coordinates":[[[[441560.07,2142665.06],[441569.86,2142664.89],[441569.64,2142652.94],[441559.85,2142653.1],[441560.07,2142665.06]]]]}},{"type":"Feature","properties":{"building":"yes","height":6,"heightSource":"default"},"geometry":{"type":"MultiPolygon","coordinates":[[[[441564.19,2142674.08],[441570.8,2142673.98],[441570.72,2142667.87],[441564.1,2142667.97],[441564.19,2142674.08]]]]}},{"type":"Feature","properties":{"building":"yes","height":6,"heightSource":"default"},"geometry":{"type":"MultiPolygon","coordinates":[[[[441563.32,2142689.34],[441571.13,2142689.38],[441571.17,2142683.53],[441563.35,2142683.48],[441563.32,2142689.34]]]]}},{"type":"Feature","properties":{"building":"yes","height":6,"heightSource":"default"},"geometry":{"type":"MultiPolygon","coordinates":[[[[441553.15,2142682.51],[441561.46,2142682.55],[441561.51,2142672.77],[441553.21,2142672.72],[441553.15,2142682.51]]]]}},{"type":"Feature","properties":{"building":"yes","height":6,"heightSource":"default"},"geometry":{"type":"MultiPolygon","coordinates":[[[[441552.12,2142692.03],[441561.21,2142692.07],[441561.26,2142683.83],[441552.17,2142683.79],[441552.12,2142692.03]]]]}},{"type":"Feature","properties":{"building":"yes","height":6,"heightSource":"default"},"geometry":{"type":"MultiPolygon","coordinates":[[[[441564.11,2142717.4],[441571.36,2142717.31],[441571.16,2142702.14],[441563.92,2142702.23],[441564.11,2142717.4]]]]}},{"type":"Feature","properties":{"building":"yes","height":6,"heightSource":"default"},"geometry":{"type":"MultiPolygon","coordinates":[[[[441602.21,2142719.38],[441611.65,2142719.49],[441611.81,2142706.36],[441602.37,2142706.25],[441602.21,2142719.38]]]]}},{"type":"Feature","properties":{"building":"yes","height":6,"heightSource":"default"},"geometry":{"type":"MultiPolygon","coordinates":[[[[441621.38,2142722.54],[441636.94,2142722.35],[441636.85,2142715.67],[441634.45,2142715.7],[441634.39,2142710.77],[441621.23,2142710.93],[441621.38,2142722.54]]]]}},{"type":"Feature","properties":{"building":"yes","height":6,"heightSource":"default"},"geometry":{"type":"MultiPolygon","coordinates":[[[[441633.97,2142738.94],[441645.08,2142737.3],[441643.32,2142725.56],[441632.21,2142727.21],[441633.97,2142738.94]]]]}},{"type":"Feature","properties":{"building":"yes","height":6,"heightSource":"default"},"geometry":{"type":"MultiPolygon","coordinates":[[[[441606.62,2142733.09],[441618.48,2142732.93],[441618.33,2142721.97],[441603.73,2142722.16],[441603.81,2142727.94],[441606.55,2142727.91],[441606.62,2142733.09]]]]}},{"type":"Feature","properties":{"building":"yes","height":6,"heightSource":"default"},"geometry":{"type":"MultiPolygon","coordinates":[[[[441605.82,2142743.66],[441614.9,2142743.49],[441614.81,2142738.88],[441618.51,2142738.81],[441618.41,2142733.9],[441605.63,2142734.14],[441605.82,2142743.66]]]]}},{"type":"Feature","properties":{"building":"yes","height":6,"heightSource":"default"},"geometry":{"type":"MultiPolygon","coordinates":[[[[441616.6,2142745.02],[441623.21,2142745.14],[441623.32,2142739.11],[441616.7,2142738.99],[441616.6,2142745.02]]]]}},{"type":"Feature","properties":{"building":"yes","height":6,"heightSource":"default"},"geometry":{"type":"MultiPolygon","coordinates":[[[[441605.49,2142752.48],[441612.39,2142752.52],[441612.43,2142746.88],[441605.53,2142746.84],[441605.49,2142752.48]]]]}},{"type":"Feature","properties":{"building":"yes","height":6,"heightSource":"default"},"geometry":{"type":"MultiPolygon","coordinates":[[[[441618.18,2142757.41],[441625.44,2142757.45],[441625.48,2142750.75],[441618.22,2142750.71],[441618.18,2142757.41]]]]}},{"type":"Feature","properties":{"building":"yes","height":6,"heightSource":"default"},"geometry":{"type":"MultiPolygon","coordinates":[[[[441596.88,2142745.5],[441602.94,2142745.56],[441603,2142736.92],[441596.95,2142736.86],[441596.88,2142745.5]]]]}},{"type":"Feature","properties":{"building":"yes","height":6,"heightSource":"default"},"geometry":{"type":"MultiPolygon","coordinates":[[[[441591.31,2142745.94],[441595.54,2142746],[441595.64,2142739.05],[441591.4,2142739],[441591.31,2142745.94]]]]}},{"type":"Feature","properties":{"building":"yes","height":6,"heightSource":"default"},"geometry":{"type":"MultiPolygon","coordinates":[[[[441593.12,2142759.45],[441603.61,2142759.35],[441603.49,2142746.81],[441592.99,2142746.91],[441593.12,2142759.45]]]]}},{"type":"Feature","properties":{"building":"yes","height":6,"heightSource":"default"},"geometry":{"type":"MultiPolygon","coordinates":[[[[441584.34,2142745.06],[441589.62,2142745.25],[441589.94,2142736.66],[441584.65,2142736.47],[441584.34,2142745.06]]]]}},{"type":"Feature","properties":{"building":"yes","height":6,"heightSource":"default"},"geometry":{"type":"MultiPolygon","coordinates":[[[[441578.89,2142735.35],[441589.09,2142735.52],[441589.24,2142727.04],[441579.04,2142726.86],[441578.89,2142735.35]]]]}},{"type":"Feature","properties":{"building":"yes","height":6,"heightSource":"default"},"geometry":{"type":"MultiPolygon","coordinates":[[[[441572.5,2142742.99],[441577.58,2142743.05],[441577.69,2142732.37],[441572.62,2142732.32],[441572.5,2142742.99]]]]}},{"type":"Feature","properties":{"building":"yes","height":6,"heightSource":"default"},"geometry":{"type":"MultiPolygon","coordinates":[[[[441563.73,2142751.29],[441569.72,2142751.48],[441570.02,2142742.03],[441564.04,2142741.83],[441563.73,2142751.29]]]]}},{"type":"Feature","properties":{"building":"yes","height":6,"heightSource":"default"},"geometry":{"type":"MultiPolygon","coordinates":[[[[441551.65,2142739.98],[441571.3,2142740.27],[441571.61,2142719.24],[441559.26,2142719.05],[441559.23,2142721.84],[441551.92,2142721.73],[441551.65,2142739.98]]]]}},{"type":"Feature","properties":{"building":"yes","height":6,"heightSource":"default"},"geometry":{"type":"MultiPolygon","coordinates":[[[[441537.51,2142700.12],[441547.02,2142702.76],[441548.39,2142697.84],[441538.88,2142695.21],[441537.51,2142700.12]]]]}},{"type":"Feature","properties":{"building":"yes","height":6,"heightSource":"default"},"geometry":{"type":"MultiPolygon","coordinates":[[[[441549.22,2142705.62],[441556.25,2142705.95],[441556.86,2142693.1],[441549.82,2142692.78],[441549.22,2142705.62]]]]}},{"type":"Feature","properties":{"building":"yes","height":6,"heightSource":"default"},"geometry":{"type":"MultiPolygon","coordinates":[[[[441541.58,2142718.04],[441546.65,2142718.44],[441547.17,2142712],[441542.1,2142711.6],[441541.58,2142718.04]]]]}},{"type":"Feature","properties":{"building":"yes","height":6,"heightSource":"default"},"geometry":{"type":"MultiPolygon","coordinates":[[[[441547.91,2142717.18],[441555.59,2142717.3],[441555.75,2142706.92],[441548.08,2142706.8],[441547.91,2142717.18]]]]}},{"type":"Feature","properties":{"building":"yes","height":6,"heightSource":"default"},"geometry":{"type":"MultiPolygon","coordinates":[[[[441537.1,2142707.34],[441545.64,2142709.55],[441547.13,2142703.84],[441538.61,2142701.64],[441537.1,2142707.34]]]]}},{"type":"Feature","properties":{"building":"yes","height":6,"heightSource":"default"},"geometry":{"type":"MultiPolygon","coordinates":[[[[441531.37,2142716.74],[441540.1,2142718.53],[441541.94,2142709.65],[441533.21,2142707.86],[441531.37,2142716.74]]]]}},{"type":"Feature","properties":{"building":"yes","height":6,"heightSource":"default"},"geometry":{"type":"MultiPolygon","coordinates":[[[[441512.56,2142715.4],[441521.22,2142715.79],[441522.19,2142694.57],[441513.53,2142694.19],[441512.56,2142715.4]]]]}},{"type":"Feature","properties":{"building":"yes","height":6,"heightSource":"default"},"geometry":{"type":"MultiPolygon","coordinates":[[[[441523.15,2142724.54],[441530.34,2142725.15],[441530.81,2142719.61],[441523.63,2142719],[441523.15,2142724.54]]]]}},{"type":"Feature","properties":{"building":"yes","height":6,"heightSource":"default"},"geometry":{"type":"MultiPolygon","coordinates":[[[[441532.37,2142723.6],[441546.25,2142725.72],[441547.08,2142720.35],[441533.2,2142718.23],[441532.37,2142723.6]]]]}},{"type":"Feature","properties":{"building":"yes","height":6,"heightSource":"default"},"geometry":{"type":"MultiPolygon","coordinates":[[[[441534.39,2142737.94],[441540.03,2142738.34],[441540.45,2142732.37],[441534.82,2142731.98],[441534.39,2142737.94]]]]}},{"type":"Feature","properties":{"building":"yes","height":6,"heightSource":"default"},"geometry":{"type":"MultiPolygon","coordinates":[[[[441530.48,2142748.17],[441538.37,2142748.78],[441539.13,2142739.05],[441531.24,2142738.44],[441530.48,2142748.17]]]]}},{"type":"Feature","properties":{"building":"yes","height":6,"heightSource":"default"},"geometry":{"type":"MultiPolygon","coordinates":[[[[441518.67,2142732.25],[441528.81,2142732.98],[441529.35,2142725.72],[441519.2,2142724.99],[441518.67,2142732.25]]]]}},{"type":"Feature","properties":{"building":"yes","height":6,"heightSource":"default"},"geometry":{"type":"MultiPolygon","coordinates":[[[[441507.69,2142732.63],[441517.4,2142732.95],[441517.59,2142727.28],[441507.88,2142726.95],[441507.69,2142732.63]]]]}},{"type":"Feature","properties":{"building":"yes","height":6,"heightSource":"default"},"geometry":{"type":"MultiPolygon","coordinates":[[[[441506.95,2142745.17],[441516.04,2142745.76],[441516.81,2142734.31],[441507.72,2142733.71],[441506.95,2142745.17]]]]}},{"type":"Feature","properties":{"building":"yes","height":6,"heightSource":"default"},"geometry":{"type":"MultiPolygon","coordinates":[[[[441301.86,2140122.53],[441306.65,2140124.82],[441308.29,2140121.44],[441303.5,2140119.14],[441301.86,2140122.53]]]]}},{"type":"Feature","properties":{"building":"yes","height":6,"heightSource":"default"},"geometry":{"type":"MultiPolygon","coordinates":[[[[441303.61,2140118.39],[441308.83,2140120.83],[441313.19,2140111.6],[441307.96,2140109.17],[441303.61,2140118.39]]]]}},{"type":"Feature","properties":{"building":"yes","height":6,"heightSource":"default"},"geometry":{"type":"MultiPolygon","coordinates":[[[[441291.27,2140116.26],[441300.94,2140120.99],[441307.44,2140107.87],[441297.77,2140103.15],[441291.27,2140116.26]]]]}},{"type":"Feature","properties":{"building":"yes","height":6,"heightSource":"default"},"geometry":{"type":"MultiPolygon","coordinates":[[[[441621.52,2142637.91],[441629.61,2142637.44],[441629.8,2142640.61],[441637.26,2142640.18],[441637.08,2142637.01],[441643.14,2142636.65],[441641.81,2142613.96],[441620.19,2142615.22],[441621.52,2142637.91]]]]}},{"type":"Feature","properties":{"building":"yes","height":6,"heightSource":"default"},"geometry":{"type":"MultiPolygon","coordinates":[[[[441629.48,2142613.11],[441638.35,2142612.45],[441637.62,2142602.77],[441628.75,2142603.43],[441629.48,2142613.11]]]]}},{"type":"Feature","properties":{"building":"yes","height":6,"heightSource":"default"},"geometry":{"type":"MultiPolygon","coordinates":[[[[441626.84,2142602.89],[441636.77,2142601.44],[441633.1,2142576.54],[441623.17,2142577.98],[441626.84,2142602.89]]]]}},{"type":"Feature","properties":{"building":"yes","height":6,"heightSource":"default"},"geometry":{"type":"MultiPolygon","coordinates":[[[[441616.01,2142577.16],[441629.93,2142576.42],[441629.74,2142572.98],[441615.83,2142573.72],[441616.01,2142577.16]]]]}},{"type":"Feature","properties":{"building":"yes","height":6,"heightSource":"default"},"geometry":{"type":"MultiPolygon","coordinates":[[[[441534.12,2142566.23],[441542.57,2142566.07],[441542.4,2142557.49],[441533.94,2142557.66],[441534.12,2142566.23]]]]}},{"type":"Feature","properties":{"building":"yes","height":6,"heightSource":"default"},"geometry":{"type":"MultiPolygon","coordinates":[[[[441569.46,2142565.56],[441583.2,2142564.82],[441582.92,2142559.79],[441580.79,2142559.9],[441580.56,2142555.85],[441568.97,2142556.49],[441569.46,2142565.56]]]]}},{"type":"Feature","properties":{"building":"yes","height":6,"heightSource":"default"},"geometry":{"type":"MultiPolygon","coordinates":[[[[441584.32,2142564.67],[441628.61,2142561.59],[441627.76,2142549.54],[441583.47,2142552.61],[441584.32,2142564.67]]]]}},{"type":"Feature","properties":{"building":"yes","height":6,"heightSource":"default"},"geometry":{"type":"MultiPolygon","coordinates":[[[[441600.75,2142574.7],[441629.05,2142572.31],[441628.19,2142562.24],[441599.88,2142564.64],[441600.75,2142574.7]]]]}},{"type":"Feature","properties":{"building":"yes","height":6,"heightSource":"default"},"geometry":{"type":"MultiPolygon","coordinates":[[[[441570.7,2142577.81],[441599.92,2142575.75],[441599.12,2142564.51],[441569.91,2142566.58],[441570.7,2142577.81]]]]}},{"type":"Feature","properties":{"building":"yes","height":6,"heightSource":"default"},"geometry":{"type":"MultiPolygon","coordinates":[[[[441532.13,2142581.92],[441570.08,2142580.25],[441569.47,2142566.58],[441531.52,2142568.24],[441532.13,2142581.92]]]]}},{"type":"Feature","properties":{"building":"yes","height":6,"heightSource":"default"},"geometry":{"type":"MultiPolygon","coordinates":[[[[441524.83,2142590.27],[441533.35,2142589.27],[441532.78,2142584.51],[441524.27,2142585.53],[441524.83,2142590.27]]]]}},{"type":"Feature","properties":{"building":"yes","height":6,"heightSource":"default"},"geometry":{"type":"MultiPolygon","coordinates":[[[[441506.85,2142584.59],[441527.48,2142583.19],[441526.68,2142571.51],[441506.06,2142572.9],[441506.85,2142584.59]]]]}},{"type":"Feature","properties":{"building":"yes","height":6,"heightSource":"default"},"geometry":{"type":"MultiPolygon","coordinates":[[[[441492.65,2142570.29],[441500.4,2142570.19],[441500.26,2142558.35],[441492.51,2142558.44],[441492.65,2142570.29]]]]}},{"type":"Feature","properties":{"building":"yes","height":6,"heightSource":"default"},"geometry":{"type":"MultiPolygon","coordinates":[[[[441478.54,2142581.74],[441483.87,2142584.47],[441489.54,2142573.53],[441484.21,2142570.8],[441478.54,2142581.74]]]]}},{"type":"Feature","properties":{"building":"yes","height":6,"heightSource":"default"},"geometry":{"type":"MultiPolygon","coordinates":[[[[441420.74,2142628.76],[441425.03,2142628.81],[441425.1,2142623.87],[441420.8,2142623.82],[441420.74,2142628.76]]]]}},{"type":"Feature","properties":{"building":"yes","height":6,"heightSource":"default"},"geometry":{"type":"MultiPolygon","coordinates":[[[[441454.03,2142603.38],[441460.22,2142600.56],[441457.72,2142595.12],[441451.52,2142597.94],[441454.03,2142603.38]]]]}},{"type":"Feature","properties":{"building":"yes","height":6,"heightSource":"default"},"geometry":{"type":"MultiPolygon","coordinates":[[[[441435.65,2142622.06],[441445.93,2142622.03],[441445.9,2142612.58],[441435.62,2142612.61],[441435.65,2142622.06]]]]}},{"type":"Feature","properties":{"building":"yes","height":6,"heightSource":"default"},"geometry":{"type":"MultiPolygon","coordinates":[[[[441448.82,2142623.14],[441459.1,2142622.54],[441458.11,2142605.59],[441447.83,2142606.18],[441448.82,2142623.14]]]]}},{"type":"Feature","properties":{"building":"yes","height":6,"heightSource":"default"},"geometry":{"type":"MultiPolygon","coordinates":[[[[441477.46,2142641.32],[441487.61,2142640.8],[441486.13,2142612.52],[441475.99,2142613.04],[441477.46,2142641.32]]]]}},{"type":"Feature","properties":{"building":"yes","height":6,"heightSource":"default"},"geometry":{"type":"MultiPolygon","coordinates":[[[[441471.35,2142643.78],[441475.71,2142643.77],[441475.68,2142637.05],[441471.33,2142637.06],[441471.35,2142643.78]]]]}},{"type":"Feature","properties":{"building":"yes","height":6,"heightSource":"default"},"geometry":{"type":"MultiPolygon","coordinates":[[[[441460.91,2142641.01],[441467.88,2142640.78],[441467.64,2142633.61],[441460.67,2142633.84],[441460.91,2142641.01]]]]}},{"type":"Feature","properties":{"building":"yes","height":6,"heightSource":"default"},"geometry":{"type":"MultiPolygon","coordinates":[[[[441449.79,2142639.45],[441458.79,2142639.21],[441458.5,2142628.23],[441449.49,2142628.47],[441449.79,2142639.45]]]]}},{"type":"Feature","properties":{"building":"yes","height":6,"heightSource":"default"},"geometry":{"type":"MultiPolygon","coordinates":[[[[441434.5,2142637.96],[441436.82,2142637.95],[441436.84,2142642.42],[441445.22,2142642.39],[441445.18,2142631.69],[441434.48,2142631.73],[441434.5,2142637.96]]]]}},{"type":"Feature","properties":{"building":"yes","height":6,"heightSource":"default"},"geometry":{"type":"MultiPolygon","coordinates":[[[[441425.86,2142646.03],[441433.05,2142646.07],[441433.17,2142626.57],[441425.99,2142626.53],[441425.86,2142646.03]]]]}},{"type":"Feature","properties":{"building":"yes","height":6,"heightSource":"default"},"geometry":{"type":"MultiPolygon","coordinates":[[[[441415.29,2142643.96],[441424.09,2142644.35],[441424.68,2142631.43],[441415.87,2142631.04],[441415.29,2142643.96]]]]}},{"type":"Feature","properties":{"building":"yes","height":6,"heightSource":"default"},"geometry":{"type":"MultiPolygon","coordinates":[[[[442305.55,2142607.24],[442311.04,2142602.51],[442302.56,2142592.75],[442297.06,2142597.46],[442305.55,2142607.24]]]]}},{"type":"Feature","properties":{"building":"yes","height":6,"heightSource":"default"},"geometry":{"type":"MultiPolygon","coordinates":[[[[442237.33,2142548.08],[442242.79,2142544.86],[442237.69,2142536.34],[442232.23,2142539.57],[442237.33,2142548.08]]]]}},{"type":"Feature","properties":{"building":"yes","height":6,"heightSource":"default"},"geometry":{"type":"MultiPolygon","coordinates":[[[[442248.1,2142568.36],[442254.25,2142565.6],[442250.14,2142556.52],[442243.98,2142559.27],[442248.1,2142568.36]]]]}},{"type":"Feature","properties":{"building":"yes","height":6,"heightSource":"default"},"geometry":{"type":"MultiPolygon","coordinates":[[[[442264.37,2142589.58],[442269.51,2142585.43],[442263.58,2142578.17],[442258.42,2142582.32],[442264.37,2142589.58]]]]}},{"type":"Feature","properties":{"building":"yes","height":6,"heightSource":"default"},"geometry":{"type":"MultiPolygon","coordinates":[[[[442279.34,2142605.07],[442284.96,2142600.02],[442279.14,2142593.63],[442273.52,2142598.68],[442279.34,2142605.07]]]]}},{"type":"Feature","properties":{"building":"yes","height":6,"heightSource":"default"},"geometry":{"type":"MultiPolygon","coordinates":[[[[442265.49,2142635.36],[442274.48,2142628.27],[442268.3,2142620.54],[442265.25,2142622.96],[442263.5,2142620.77],[442257.57,2142625.45],[442265.49,2142635.36]]]]}},{"type":"Feature","properties":{"building":"yes","height":6,"heightSource":"default"},"geometry":{"type":"MultiPolygon","coordinates":[[[[442270.75,2142647.66],[442276.58,2142641.94],[442269.51,2142634.83],[442263.68,2142640.54],[442270.75,2142647.66]]]]}},{"type":"Feature","properties":{"building":"yes","height":6,"heightSource":"default"},"geometry":{"type":"MultiPolygon","coordinates":[[[[442120.22,2142656.54],[442126.56,2142656.66],[442126.75,2142646.61],[442120.42,2142646.5],[442120.22,2142656.54]]]]}},{"type":"Feature","properties":{"building":"yes","height":6,"heightSource":"default"},"geometry":{"type":"MultiPolygon","coordinates":[[[[442140.54,2142670.19],[442143.11,2142666.14],[442137.33,2142662.51],[442134.76,2142666.57],[442140.54,2142670.19]]]]}},{"type":"Feature","properties":{"building":"yes","height":6,"heightSource":"default"},"geometry":{"type":"MultiPolygon","coordinates":[[[[441864.97,2142640.35],[441870.13,2142637.95],[441866.09,2142629.35],[441860.93,2142631.75],[441864.97,2142640.35]]]]}},{"type":"Feature","properties":{"building":"yes","height":6,"heightSource":"default"},"geometry":{"type":"MultiPolygon","coordinates":[[[[441881.94,2142639.66],[441886.37,2142637.85],[441883.39,2142630.65],[441878.96,2142632.47],[441881.94,2142639.66]]]]}},{"type":"Feature","properties":{"building":"yes","height":6,"heightSource":"default"},"geometry":{"type":"MultiPolygon","coordinates":[[[[441870.14,2142627.32],[441878.72,2142623.23],[441876.1,2142617.8],[441867.52,2142621.88],[441870.14,2142627.32]]]]}},{"type":"Feature","properties":{"building":"yes","height":6,"heightSource":"default"},"geometry":{"type":"MultiPolygon","coordinates":[[[[441871.88,2142642.22],[441880.53,2142639.11],[441875.92,2142626.41],[441867.26,2142629.53],[441871.88,2142642.22]]]]}},{"type":"Feature","properties":{"building":"yes","height":6,"heightSource":"default"},"geometry":{"type":"MultiPolygon","coordinates":[[[[441642.86,2142527.31],[441651.52,2142526.02],[441650.71,2142520.64],[441642.05,2142521.93],[441642.86,2142527.31]]]]}},{"type":"Feature","properties":{"building":"yes","height":6,"heightSource":"default"},"geometry":{"type":"MultiPolygon","coordinates":[[[[441648.18,2142520.02],[441656.77,2142518.66],[441655.7,2142511.96],[441647.11,2142513.31],[441648.18,2142520.02]]]]}},{"type":"Feature","properties":{"building":"yes","height":6,"heightSource":"default"},"geometry":{"type":"MultiPolygon","coordinates":[[[[441657.26,2142517.96],[441663.53,2142517.02],[441662.66,2142511.21],[441656.39,2142512.13],[441657.26,2142517.96]]]]}},{"type":"Feature","properties":{"building":"yes","height":6,"heightSource":"default"},"geometry":{"type":"MultiPolygon","coordinates":[[[[441664.94,2142517.1],[441678.67,2142515.37],[441677.88,2142509.21],[441664.16,2142510.92],[441664.94,2142517.1]]]]}},{"type":"Feature","properties":{"building":"yes","height":6,"heightSource":"default"},"geometry":{"type":"MultiPolygon","coordinates":[[[[441670.11,2142527.29],[441680.18,2142526.08],[441679.01,2142516.57],[441668.95,2142517.79],[441670.11,2142527.29]]]]}},{"type":"Feature","properties":{"building":"yes","height":6,"heightSource":"default"},"geometry":{"type":"MultiPolygon","coordinates":[[[[441671.34,2142535.06],[441683.8,2142533.14],[441682.83,2142527],[441670.37,2142528.92],[441671.34,2142535.06]]]]}},{"type":"Feature","properties":{"building":"yes","height":6,"heightSource":"default"},"geometry":{"type":"MultiPolygon","coordinates":[[[[441674.48,2142548.35],[441680.81,2142547.35],[441679.82,2142541.17],[441673.49,2142542.18],[441674.48,2142548.35]]]]}},{"type":"Feature","properties":{"building":"yes","height":6,"heightSource":"default"},"geometry":{"type":"MultiPolygon","coordinates":[[[[441652.39,2142558.43],[441658.52,2142557.22],[441656.89,2142549.08],[441650.77,2142550.28],[441652.39,2142558.43]]]]}},{"type":"Feature","properties":{"building":"yes","height":6,"heightSource":"default"},"geometry":{"type":"MultiPolygon","coordinates":[[[[441659.86,2142557.15],[441673.37,2142554.24],[441671.56,2142545.96],[441658.05,2142548.87],[441659.86,2142557.15]]]]}},{"type":"Feature","properties":{"building":"yes","height":6,"heightSource":"default"},"geometry":{"type":"MultiPolygon","coordinates":[[[[441682.34,2142564.63],[441688.68,2142563.08],[441686.44,2142554.1],[441680.11,2142555.66],[441682.34,2142564.63]]]]}},{"type":"Feature","properties":{"building":"yes","height":6,"heightSource":"default"},"geometry":{"type":"MultiPolygon","coordinates":[[[[441672.35,2142566.98],[441680.44,2142565.27],[441678.72,2142557.15],[441670.63,2142558.86],[441672.35,2142566.98]]]]}},{"type":"Feature","properties":{"building":"yes","height":6,"heightSource":"default"},"geometry":{"type":"MultiPolygon","coordinates":[[[[441660.17,2142565.97],[441665.66,2142564.62],[441664.27,2142559.05],[441658.79,2142560.39],[441660.17,2142565.97]]]]}},{"type":"Feature","properties":{"building":"yes","height":6,"heightSource":"default"},"geometry":{"type":"MultiPolygon","coordinates":[[[[441670.01,2142581.47],[441676.2,2142579.49],[441674.42,2142574.01],[441668.23,2142575.99],[441670.01,2142581.47]]]]}},{"type":"Feature","properties":{"building":"yes","height":6,"heightSource":"default"},"geometry":{"type":"MultiPolygon","coordinates":[[[[441677.11,2142579],[441683.51,2142577.3],[441681.92,2142571.39],[441675.52,2142573.09],[441677.11,2142579]]]]}},{"type":"Feature","properties":{"building":"yes","height":6,"heightSource":"default"},"geometry":{"type":"MultiPolygon","coordinates":[[[[441687.81,2142578.27],[441688.85,2142582.11],[441695.74,2142580.27],[441694.71,2142576.42],[441687.81,2142578.27]]]]}},{"type":"Feature","properties":{"building":"yes","height":6,"heightSource":"default"},"geometry":{"type":"MultiPolygon","coordinates":[[[[441684.57,2142578.07],[441694.84,2142575.16],[441692.86,2142568.23],[441682.58,2142571.13],[441684.57,2142578.07]]]]}},{"type":"Feature","properties":{"building":"yes","height":6,"heightSource":"default"},"geometry":{"type":"MultiPolygon","coordinates":[[[[441675.52,2142587.97],[441684.31,2142584.51],[441682.21,2142579.24],[441673.42,2142582.7],[441675.52,2142587.97]]]]}},{"type":"Feature","properties":{"building":"yes","height":6,"heightSource":"default"},"geometry":{"type":"MultiPolygon","coordinates":[[[[441678.5,2142594.19],[441686.93,2142591.08],[441684.94,2142585.73],[441676.51,2142588.84],[441678.5,2142594.19]]]]}},{"type":"Feature","properties":{"building":"yes","height":6,"heightSource":"default"},"geometry":{"type":"MultiPolygon","coordinates":[[[[441672.75,2142602.95],[441679.57,2142600.48],[441676.48,2142592.04],[441669.65,2142594.51],[441672.75,2142602.95]]]]}},{"type":"Feature","properties":{"building":"yes","height":6,"heightSource":"default"},"geometry":{"type":"MultiPolygon","coordinates":[[[[441689.39,2142609.27],[441698.95,2142606.44],[441696.11,2142596.95],[441686.54,2142599.78],[441689.39,2142609.27]]]]}},{"type":"Feature","properties":{"building":"yes","height":6,"heightSource":"default"},"geometry":{"type":"MultiPolygon","coordinates":[[[[441675.09,2142609.04],[441683.88,2142606.14],[441682.16,2142600.93],[441673.35,2142603.84],[441675.09,2142609.04]]]]}},{"type":"Feature","properties":{"building":"yes","height":6,"heightSource":"default"},"geometry":{"type":"MultiPolygon","coordinates":[[[[441660.9,2142616.71],[441665.89,2142615.16],[441663.25,2142606.8],[441658.26,2142608.35],[441660.9,2142616.71]]]]}},{"type":"Feature","properties":{"building":"yes","height":6,"heightSource":"default"},"geometry":{"type":"MultiPolygon","coordinates":[[[[441667.37,2142616.76],[441673.8,2142614.67],[441671.17,2142606.7],[441664.74,2142608.79],[441667.37,2142616.76]]]]}},{"type":"Feature","properties":{"building":"yes","height":6,"heightSource":"default"},"geometry":{"type":"MultiPolygon","coordinates":[[[[441698.98,2142634.94],[441704.53,2142633.79],[441703.25,2142627.57],[441697.69,2142628.71],[441698.98,2142634.94]]]]}},{"type":"Feature","properties":{"building":"yes","height":6,"heightSource":"default"},"geometry":{"type":"MultiPolygon","coordinates":[[[[441688.32,2142627.82],[441692.21,2142627.17],[441692.51,2142628.92],[441698.67,2142627.88],[441698.37,2142626.13],[441702.68,2142625.4],[441700.71,2142613.87],[441694.05,2142615],[441693.46,2142611.55],[441685.76,2142612.85],[441688.32,2142627.82]]]]}},{"type":"Feature","properties":{"building":"yes","height":6,"heightSource":"default"},"geometry":{"type":"MultiPolygon","coordinates":[[[[441675.68,2142637.52],[441683.07,2142635.68],[441681.08,2142627.79],[441673.69,2142629.63],[441675.68,2142637.52]]]]}},{"type":"Feature","properties":{"building":"yes","height":6,"heightSource":"default"},"geometry":{"type":"MultiPolygon","coordinates":[[[[441661.92,2142631.55],[441669.25,2142629.36],[441667.24,2142622.77],[441659.93,2142624.96],[441661.92,2142631.55]]]]}},{"type":"Feature","properties":{"building":"yes","height":6,"heightSource":"default"},"geometry":{"type":"MultiPolygon","coordinates":[[[[441665.05,2142640.92],[441672.79,2142638.65],[441670.41,2142630.59],[441662.66,2142632.85],[441665.05,2142640.92]]]]}},{"type":"Feature","properties":{"building":"yes","height":6,"heightSource":"default"},"geometry":{"type":"MultiPolygon","coordinates":[[[[441473.59,2142488.03],[441477,2142486.29],[441471.4,2142475.45],[441467.99,2142477.2],[441473.59,2142488.03]]]]}},{"type":"Feature","properties":{"building":"yes","height":6,"heightSource":"default"},"geometry":{"type":"MultiPolygon","coordinates":[[[[441477.34,2142496.21],[441480.52,2142494.74],[441478.32,2142490.05],[441475.15,2142491.53],[441477.34,2142496.21]]]]}},{"type":"Feature","properties":{"building":"yes","height":6,"heightSource":"default"},"geometry":{"type":"MultiPolygon","coordinates":[[[[441475.54,2142504.33],[441482.23,2142503.48],[441481.34,2142496.68],[441474.66,2142497.55],[441475.54,2142504.33]]]]}},{"type":"Feature","properties":{"building":"yes","height":6,"heightSource":"default"},"geometry":{"type":"MultiPolygon","coordinates":[[[[441496.6,2142483.54],[441501.11,2142482.9],[441500.22,2142476.82],[441495.72,2142477.46],[441496.6,2142483.54]]]]}},{"type":"Feature","properties":{"building":"yes","height":6,"heightSource":"default"},"geometry":{"type":"MultiPolygon","coordinates":[[[[441503.67,2142470.57],[441509.79,2142469.71],[441508.82,2142462.86],[441502.69,2142463.72],[441503.67,2142470.57]]]]}},{"type":"Feature","properties":{"building":"yes","height":6,"heightSource":"default"},"geometry":{"type":"MultiPolygon","coordinates":[[[[441510.48,2142466.43],[441518.2,2142465.16],[441515.76,2142450.33],[441508.05,2142451.58],[441510.48,2142466.43]]]]}},{"type":"Feature","properties":{"building":"yes","height":6,"heightSource":"default"},"geometry":{"type":"MultiPolygon","coordinates":[[[[441488.68,2142471.6],[441497.26,2142470.39],[441494.87,2142453.73],[441486.28,2142454.95],[441488.68,2142471.6]]]]}},{"type":"Feature","properties":{"building":"yes","height":6,"heightSource":"default"},"geometry":{"type":"MultiPolygon","coordinates":[[[[441502.94,2142486.47],[441519.84,2142482.77],[441517.22,2142470.95],[441506.32,2142473.34],[441507.08,2142476.8],[441501.1,2142478.11],[441502.94,2142486.47]]]]}},{"type":"Feature","properties":{"building":"yes","height":6,"heightSource":"default"},"geometry":{"type":"MultiPolygon","coordinates":[[[[441507.83,2142517.25],[441526.27,2142514.53],[441524.26,2142500.98],[441505.81,2142503.7],[441507.83,2142517.25]]]]}},{"type":"Feature","properties":{"building":"yes","height":6,"heightSource":"default"},"geometry":{"type":"MultiPolygon","coordinates":[[[[441526.95,2142461.05],[441539.19,2142457.44],[441536.3,2142447.75],[441524.05,2142451.35],[441526.95,2142461.05]]]]}},{"type":"Feature","properties":{"building":"yes","height":6,"heightSource":"default"},"geometry":{"type":"MultiPolygon","coordinates":[[[[441527.32,2142467.62],[441543.36,2142462.96],[441541.88,2142457.9],[441525.83,2142462.57],[441527.32,2142467.62]]]]}},{"type":"Feature","properties":{"building":"yes","height":6,"heightSource":"default"},"geometry":{"type":"MultiPolygon","coordinates":[[[[441567.09,2142441.81],[441573.74,2142439.72],[441573.33,2142438.4],[441570.84,2142439.19],[441570.04,2142436.67],[441565.88,2142437.97],[441567.09,2142441.81]]]]}},{"type":"Feature","properties":{"building":"yes","height":6,"heightSource":"default"},"geometry":{"type":"MultiPolygon","coordinates":[[[[441573.12,2142455.64],[441580.23,2142453.39],[441578.77,2142448.85],[441571.67,2142451.11],[441573.12,2142455.64]]]]}},{"type":"Feature","properties":{"building":"yes","height":6,"heightSource":"default"},"geometry":{"type":"MultiPolygon","coordinates":[[[[441570.99,2142450.2],[441580.71,2142447.3],[441578.25,2142439.16],[441568.54,2142442.07],[441570.99,2142450.2]]]]}},{"type":"Feature","properties":{"building":"yes","height":6,"heightSource":"default"},"geometry":{"type":"MultiPolygon","coordinates":[[[[441556.49,2142450.73],[441565.21,2142448.74],[441562.64,2142437.54],[441553.9,2142439.53],[441556.49,2142450.73]]]]}},{"type":"Feature","properties":{"building":"yes","height":6,"heightSource":"default"},"geometry":{"type":"MultiPolygon","coordinates":[[[[441553.84,2142459.28],[441558.98,2142458],[441558.04,2142454.27],[441552.91,2142455.54],[441553.84,2142459.28]]]]}},{"type":"Feature","properties":{"building":"yes","height":6,"heightSource":"default"},"geometry":{"type":"MultiPolygon","coordinates":[[[[441546.32,2142462.67],[441552.91,2142460.42],[441546.16,2142440.78],[441539.57,2142443.02],[441546.32,2142462.67]]]]}},{"type":"Feature","properties":{"building":"yes","height":6,"heightSource":"default"},"geometry":{"type":"MultiPolygon","coordinates":[[[[441556.58,2142467.53],[441562.03,2142466.18],[441560.52,2142460.13],[441555.07,2142461.48],[441556.58,2142467.53]]]]}},{"type":"Feature","properties":{"building":"yes","height":6,"heightSource":"default"},"geometry":{"type":"MultiPolygon","coordinates":[[[[441560.46,2142480.61],[441566.72,2142478.9],[441563.93,2142468.83],[441557.68,2142470.53],[441560.46,2142480.61]]]]}},{"type":"Feature","properties":{"building":"yes","height":6,"heightSource":"default"},"geometry":{"type":"MultiPolygon","coordinates":[[[[441537.1,2142487.9],[441542.66,2142486.26],[441541.17,2142481.23],[441535.61,2142482.87],[441537.1,2142487.9]]]]}},{"type":"Feature","properties":{"building":"yes","height":6,"heightSource":"default"},"geometry":{"type":"MultiPolygon","coordinates":[[[[441544.15,2142488.57],[441552.31,2142486.31],[441550.57,2142480.11],[441542.41,2142482.37],[441544.15,2142488.57]]]]}},{"type":"Feature","properties":{"building":"yes","height":6,"heightSource":"default"},"geometry":{"type":"MultiPolygon","coordinates":[[[[441553.3,2142485.25],[441560.01,2142483.48],[441554.45,2142462.64],[441547.74,2142464.41],[441553.3,2142485.25]]]]}},{"type":"Feature","properties":{"building":"yes","height":6,"heightSource":"default"},"geometry":{"type":"MultiPolygon","coordinates":[[[[441556.79,2142501.2],[441563.45,2142499.54],[441559.89,2142485.41],[441553.23,2142487.07],[441556.79,2142501.2]]]]}},{"type":"Feature","properties":{"building":"yes","height":6,"heightSource":"default"},"geometry":{"type":"MultiPolygon","coordinates":[[[[441542.62,2142514.4],[441553.1,2142511.29],[441546.5,2142489.36],[441536.02,2142492.48],[441542.62,2142514.4]]]]}},{"type":"Feature","properties":{"building":"yes","height":6,"heightSource":"default"},"geometry":{"type":"MultiPolygon","coordinates":[[[[441571.51,2142521.38],[441582.98,2142519.24],[441580.79,2142507.6],[441569.32,2142509.74],[441571.51,2142521.38]]]]}},{"type":"Feature","properties":{"building":"yes","height":6,"heightSource":"default"},"geometry":{"type":"MultiPolygon","coordinates":[[[[441586.57,2142519.94],[441600.02,2142517.44],[441596.96,2142501.14],[441583.52,2142503.64],[441586.57,2142519.94]]]]}},{"type":"Feature","properties":{"building":"yes","height":6,"heightSource":"default"},"geometry":{"type":"MultiPolygon","coordinates":[[[[441601.78,2142519.05],[441607.55,2142518.12],[441606.5,2142511.65],[441600.73,2142512.58],[441601.78,2142519.05]]]]}},{"type":"Feature","properties":{"building":"yes","height":6,"heightSource":"default"},"geometry":{"type":"MultiPolygon","coordinates":[[[[441610.78,2142515.59],[441617.19,2142514.37],[441615.84,2142507.33],[441609.44,2142508.54],[441610.78,2142515.59]]]]}},{"type":"Feature","properties":{"building":"yes","height":6,"heightSource":"default"},"geometry":{"type":"MultiPolygon","coordinates":[[[[441606.75,2142507.62],[441616.1,2142505.91],[441613.6,2142492.37],[441604.24,2142494.09],[441606.75,2142507.62]]]]}},{"type":"Feature","properties":{"building":"yes","height":6,"heightSource":"default"},"geometry":{"type":"MultiPolygon","coordinates":[[[[441616.05,2142500.34],[441619.85,2142499.43],[441618.75,2142494.95],[441614.95,2142495.87],[441616.05,2142500.34]]]]}},{"type":"Feature","properties":{"building":"yes","height":6,"heightSource":"default"},"geometry":{"type":"MultiPolygon","coordinates":[[[[441617.05,2142504.65],[441620.82,2142503.86],[441620.01,2142500],[441616.24,2142500.79],[441617.05,2142504.65]]]]}},{"type":"Feature","properties":{"building":"yes","height":6,"heightSource":"default"},"geometry":{"type":"MultiPolygon","coordinates":[[[[441622.95,2142510.37],[441633.22,2142508],[441629.58,2142492.4],[441619.31,2142494.77],[441622.95,2142510.37]]]]}},{"type":"Feature","properties":{"building":"yes","height":6,"heightSource":"default"},"geometry":{"type":"MultiPolygon","coordinates":[[[[441621.4,2142488.89],[441626.61,2142487.67],[441624.66,2142479.34],[441619.44,2142480.54],[441621.4,2142488.89]]]]}},{"type":"Feature","properties":{"building":"yes","height":6,"heightSource":"default"},"geometry":{"type":"MultiPolygon","coordinates":[[[[441599.91,2142484.62],[441606.03,2142483.34],[441604.45,2142475.84],[441598.32,2142477.12],[441599.91,2142484.62]]]]}},{"type":"Feature","properties":{"building":"yes","height":6,"heightSource":"default"},"geometry":{"type":"MultiPolygon","coordinates":[[[[441598.26,2142474.04],[441609.09,2142470.87],[441607.03,2142463.92],[441596.19,2142467.11],[441598.26,2142474.04]]]]}},{"type":"Feature","properties":{"building":"yes","height":6,"heightSource":"default"},"geometry":{"type":"MultiPolygon","coordinates":[[[[441600.27,2142465.15],[441607.09,2142462.96],[441605.38,2142457.7],[441598.56,2142459.89],[441600.27,2142465.15]]]]}},{"type":"Feature","properties":{"building":"yes","height":6,"heightSource":"default"},"geometry":{"type":"MultiPolygon","coordinates":[[[[441594.7,2142465.31],[441598.44,2142464.17],[441597.16,2142460.05],[441593.44,2142461.18],[441594.7,2142465.31]]]]}},{"type":"Feature","properties":{"building":"yes","height":6,"heightSource":"default"},"geometry":{"type":"MultiPolygon","coordinates":[[[[441594.06,2142459.99],[441599.26,2142458.29],[441597.23,2142452.15],[441592.03,2142453.85],[441594.06,2142459.99]]]]}},{"type":"Feature","properties":{"building":"yes","height":6,"heightSource":"default"},"geometry":{"type":"MultiPolygon","coordinates":[[[[441591.56,2142452.44],[441597.26,2142450.47],[441595.54,2142445.57],[441589.85,2142447.55],[441591.56,2142452.44]]]]}},{"type":"Feature","properties":{"building":"yes","height":6,"heightSource":"default"},"geometry":{"type":"MultiPolygon","coordinates":[[[[441589.93,2142446.56],[441602.52,2142442.39],[441601.07,2142438.09],[441588.48,2142442.26],[441589.93,2142446.56]]]]}},{"type":"Feature","properties":{"building":"yes","height":6,"heightSource":"default"},"geometry":{"type":"MultiPolygon","coordinates":[[[[441597.16,2142438.49],[441602.15,2142436.86],[441600.57,2142432.06],[441595.58,2142433.7],[441597.16,2142438.49]]]]}},{"type":"Feature","properties":{"building":"yes","height":6,"heightSource":"default"},"geometry":{"type":"MultiPolygon","coordinates":[[[[441588.37,2142441.25],[441595.96,2142438.43],[441592.3,2142428.68],[441584.7,2142431.51],[441588.37,2142441.25]]]]}},{"type":"Feature","properties":{"building":"yes","height":6,"heightSource":"default"},"geometry":{"type":"MultiPolygon","coordinates":[[[[441606.55,2142425.73],[441617.67,2142422.6],[441616.33,2142417.9],[441605.22,2142421.02],[441606.55,2142425.73]]]]}},{"type":"Feature","properties":{"building":"yes","height":6,"heightSource":"default"},"geometry":{"type":"MultiPolygon","coordinates":[[[[441609.48,2142439.15],[441619.82,2142436.17],[441616.35,2142424.24],[441606.01,2142427.22],[441609.48,2142439.15]]]]}},{"type":"Feature","properties":{"building":"yes","height":6,"heightSource":"default"},"geometry":{"type":"MultiPolygon","coordinates":[[[[441612.68,2142448.45],[441620.84,2142446.33],[441618.73,2142438.29],[441610.56,2142440.42],[441612.68,2142448.45]]]]}},{"type":"Feature","properties":{"building":"yes","height":6,"heightSource":"default"},"geometry":{"type":"MultiPolygon","coordinates":[[[[441613.02,2142467.07],[441622.45,2142464.94],[441619.54,2142452.22],[441610.12,2142454.34],[441613.02,2142467.07]]]]}},{"type":"Feature","properties":{"building":"yes","height":6,"heightSource":"default"},"geometry":{"type":"MultiPolygon","coordinates":[[[[441648.63,2142428.1],[441653.53,2142427.88],[441653.22,2142421.27],[441648.32,2142421.5],[441648.63,2142428.1]]]]}},{"type":"Feature","properties":{"building":"yes","height":6,"heightSource":"default"},"geometry":{"type":"MultiPolygon","coordinates":[[[[441654.51,2142425.22],[441659.36,2142424.92],[441659.07,2142420.23],[441654.22,2142420.53],[441654.51,2142425.22]]]]}},{"type":"Feature","properties":{"building":"yes","height":6,"heightSource":"default"},"geometry":{"type":"MultiPolygon","coordinates":[[[[441652.83,2142411.15],[441661.43,2142410.78],[441661.21,2142405.85],[441652.62,2142406.22],[441652.83,2142411.15]]]]}},{"type":"Feature","properties":{"building":"yes","height":6,"heightSource":"default"},"geometry":{"type":"MultiPolygon","coordinates":[[[[441653.84,2142418.29],[441664.33,2142417.97],[441664.16,2142411.97],[441653.67,2142412.3],[441653.84,2142418.29]]]]}},{"type":"Feature","properties":{"building":"yes","height":6,"heightSource":"default"},"geometry":{"type":"MultiPolygon","coordinates":[[[[441638.91,2142414.56],[441651.09,2142413.4],[441650.64,2142408.83],[441638.46,2142410],[441638.91,2142414.56]]]]}},{"type":"Feature","properties":{"building":"yes","height":6,"heightSource":"default"},"geometry":{"type":"MultiPolygon","coordinates":[[[[441641.96,2142421.34],[441651.74,2142420.39],[441651.15,2142414.39],[441641.37,2142415.33],[441641.96,2142421.34]]]]}},{"type":"Feature","properties":{"building":"yes","height":6,"heightSource":"default"},"geometry":{"type":"MultiPolygon","coordinates":[[[[441633.73,2142423.67],[441639.99,2142423.03],[441639.25,2142416.02],[441632.99,2142416.66],[441633.73,2142423.67]]]]}},{"type":"Feature","properties":{"building":"yes","height":6,"heightSource":"default"},"geometry":{"type":"MultiPolygon","coordinates":[[[[441635.92,2142429.06],[441639.94,2142428.48],[441639.31,2142424.16],[441635.3,2142424.73],[441635.92,2142429.06]]]]}},{"type":"Feature","properties":{"building":"yes","height":6,"heightSource":"default"},"geometry":{"type":"MultiPolygon","coordinates":[[[[441637.44,2142440.95],[441641.39,2142440.52],[441640.14,2142429.36],[441636.21,2142429.79],[441637.44,2142440.95]]]]}},{"type":"Feature","properties":{"building":"yes","height":6,"heightSource":"default"},"geometry":{"type":"MultiPolygon","coordinates":[[[[441642.51,2142440.58],[441651.02,2142439.58],[441649.72,2142428.63],[441641.2,2142429.63],[441642.51,2142440.58]]]]}},{"type":"Feature","properties":{"building":"yes","height":6,"heightSource":"default"},"geometry":{"type":"MultiPolygon","coordinates":[[[[441656.29,2142434.94],[441667.77,2142433.93],[441666.98,2142425.12],[441655.51,2142426.14],[441656.29,2142434.94]]]]}},{"type":"Feature","properties":{"building":"yes","height":6,"heightSource":"default"},"geometry":{"type":"MultiPolygon","coordinates":[[[[441641.36,2142455.21],[441646.78,2142453.95],[441644.8,2142445.61],[441639.37,2142446.89],[441641.36,2142455.21]]]]}},{"type":"Feature","properties":{"building":"yes","height":6,"heightSource":"default"},"geometry":{"type":"MultiPolygon","coordinates":[[[[441648.97,2142455.69],[441666.48,2142450.1],[441663.06,2142439.5],[441645.55,2142445.08],[441648.97,2142455.69]]]]}},{"type":"Feature","properties":{"building":"yes","height":6,"heightSource":"default"},"geometry":{"type":"MultiPolygon","coordinates":[[[[441655.28,2142469.59],[441669.14,2142466.53],[441667.45,2142458.94],[441653.59,2142461.99],[441655.28,2142469.59]]]]}},{"type":"Feature","properties":{"building":"yes","height":6,"heightSource":"default"},"geometry":{"type":"MultiPolygon","coordinates":[[[[441646.83,2142471.09],[441654.22,2142469.46],[441652.95,2142463.79],[441645.56,2142465.41],[441646.83,2142471.09]]]]}},{"type":"Feature","properties":{"building":"yes","height":6,"heightSource":"default"},"geometry":{"type":"MultiPolygon","coordinates":[[[[441643.57,2142485.8],[441651.24,2142484.73],[441649.63,2142473.31],[441641.96,2142474.39],[441643.57,2142485.8]]]]}},{"type":"Feature","properties":{"building":"yes","height":6,"heightSource":"default"},"geometry":{"type":"MultiPolygon","coordinates":[[[[441652.5,2142481.78],[441670.09,2142478.65],[441668.3,2142468.68],[441650.71,2142471.82],[441652.5,2142481.78]]]]}},{"type":"Feature","properties":{"building":"yes","height":6,"heightSource":"default"},"geometry":{"type":"MultiPolygon","coordinates":[[[[441638.45,2142513.75],[441641.83,2142513.53],[441641.2,2142503.99],[441637.82,2142504.21],[441638.45,2142513.75]]]]}},{"type":"Feature","properties":{"building":"yes","height":6,"heightSource":"default"},"geometry":{"type":"MultiPolygon","coordinates":[[[[441642.95,2142511.99],[441652.81,2142511.12],[441652.06,2142502.76],[441642.21,2142503.64],[441642.95,2142511.99]]]]}},{"type":"Feature","properties":{"building":"yes","height":6,"heightSource":"default"},"geometry":{"type":"MultiPolygon","coordinates":[[[[441662.51,2142508],[441668,2142507.49],[441667.37,2142500.71],[441661.88,2142501.22],[441662.51,2142508]]]]}},{"type":"Feature","properties":{"building":"yes","height":6,"heightSource":"default"},"geometry":{"type":"MultiPolygon","coordinates":[[[[441669.2,2142507.42],[441676.95,2142506.48],[441676.01,2142498.79],[441668.26,2142499.72],[441669.2,2142507.42]]]]}},{"type":"Feature","properties":{"building":"yes","height":6,"heightSource":"default"},"geometry":{"type":"MultiPolygon","coordinates":[[[[442662.32,2142483.88],[442666.68,2142479.83],[442655.8,2142468.25],[442651.43,2142472.3],[442662.32,2142483.88]]]]}},{"type":"Feature","properties":{"building":"yes","height":6,"heightSource":"default"},"geometry":{"type":"MultiPolygon","coordinates":[[[[442618.35,2142454.2],[442622.88,2142449.79],[442617.73,2142444.55],[442613.2,2142448.97],[442618.35,2142454.2]]]]}},{"type":"Feature","properties":{"building":"yes","height":6,"heightSource":"default"},"geometry":{"type":"MultiPolygon","coordinates":[[[[442612.87,2142459.68],[442617.38,2142455.74],[442613.76,2142451.67],[442609.27,2142455.61],[442612.87,2142459.68]]]]}},{"type":"Feature","properties":{"building":"yes","height":6,"heightSource":"default"},"geometry":{"type":"MultiPolygon","coordinates":[[[[442611.04,2142479.98],[442620.79,2142470.36],[442612.53,2142462.09],[442602.78,2142471.71],[442611.04,2142479.98]]]]}},{"type":"Feature","properties":{"building":"yes","height":6,"heightSource":"default"},"geometry":{"type":"MultiPolygon","coordinates":[[[[442594.34,2142478.84],[442604.31,2142488.76],[442610.29,2142482.81],[442600.33,2142472.9],[442594.34,2142478.84]]]]}},{"type":"Feature","properties":{"building":"yes","height":6,"heightSource":"default"},"geometry":{"type":"MultiPolygon","coordinates":[[[[442586.48,2142486.57],[442599.34,2142498.78],[442604.81,2142493.09],[442591.96,2142480.89],[442586.48,2142486.57]]]]}},{"type":"Feature","properties":{"building":"yes","height":6,"heightSource":"default"},"geometry":{"type":"MultiPolygon","coordinates":[[[[442579.96,2142493.8],[442591.97,2142504.96],[442597.55,2142499.03],[442585.54,2142487.87],[442579.96,2142493.8]]]]}},{"type":"Feature","properties":{"building":"yes","height":6,"heightSource":"default"},"geometry":{"type":"MultiPolygon","coordinates":[[[[442568.16,2142503.71],[442574.88,2142510.16],[442576.54,2142508.44],[442579.05,2142510.85],[442586.93,2142502.73],[442577.71,2142493.88],[442568.16,2142503.71]]]]}},{"type":"Feature","properties":{"building":"yes","height":6,"heightSource":"default"},"geometry":{"type":"MultiPolygon","coordinates":[[[[442569.11,2142514.07],[442576.38,2142521.32],[442579.98,2142517.77],[442572.7,2142510.51],[442569.11,2142514.07]]]]}},{"type":"Feature","properties":{"building":"yes","height":6,"heightSource":"default"},"geometry":{"type":"MultiPolygon","coordinates":[[[[442563.93,2142523.18],[442570.73,2142517.49],[442563.01,2142508.35],[442556.2,2142514.04],[442563.93,2142523.18]]]]}},{"type":"Feature","properties":{"building":"yes","height":6,"heightSource":"default"},"geometry":{"type":"MultiPolygon","coordinates":[[[[442569.22,2142528],[442573.58,2142523.3],[442569.69,2142519.74],[442565.34,2142524.44],[442569.22,2142528]]]]}},{"type":"Feature","properties":{"building":"yes","height":6,"heightSource":"default"},"geometry":{"type":"MultiPolygon","coordinates":[[[[442557.63,2142533.7],[442560.68,2142536.82],[442567.77,2142529.94],[442564.71,2142526.82],[442557.63,2142533.7]]]]}},{"type":"Feature","properties":{"building":"yes","height":6,"heightSource":"default"},"geometry":{"type":"MultiPolygon","coordinates":[[[[442556.7,2142533.49],[442562.94,2142526.7],[442552.63,2142517.36],[442546.39,2142524.15],[442556.7,2142533.49]]]]}},{"type":"Feature","properties":{"building":"yes","height":6,"heightSource":"default"},"geometry":{"type":"MultiPolygon","coordinates":[[[[442547.92,2142538.07],[442553.11,2142543.06],[442558.37,2142537.66],[442553.18,2142532.66],[442547.92,2142538.07]]]]}},{"type":"Feature","properties":{"building":"yes","height":6,"heightSource":"default"},"geometry":{"type":"MultiPolygon","coordinates":[[[[442532.71,2142537.29],[442539.43,2142543.51],[442547.85,2142534.53],[442541.12,2142528.3],[442532.71,2142537.29]]]]}},{"type":"Feature","properties":{"building":"yes","height":6,"heightSource":"default"},"geometry":{"type":"MultiPolygon","coordinates":[[[[442633.67,2142378.13],[442642.96,2142373.13],[442638.83,2142365.58],[442629.55,2142370.57],[442633.67,2142378.13]]]]}},{"type":"Feature","properties":{"building":"yes","height":6,"heightSource":"default"},"geometry":{"type":"MultiPolygon","coordinates":[[[[442612.96,2142398.78],[442627.94,2142389.84],[442620.95,2142378.28],[442605.98,2142387.22],[442612.96,2142398.78]]]]}},{"type":"Feature","properties":{"building":"yes","height":6,"heightSource":"default"},"geometry":{"type":"MultiPolygon","coordinates":[[[[442469.83,2142495.9],[442476.22,2142490.35],[442472.11,2142485.67],[442465.72,2142491.22],[442469.83,2142495.9]]]]}},{"type":"Feature","properties":{"building":"yes","height":6,"heightSource":"default"},"geometry":{"type":"MultiPolygon","coordinates":[[[[442474.92,2142502.11],[442480.39,2142497.29],[442476.21,2142492.63],[442470.75,2142497.44],[442474.92,2142502.11]]]]}},{"type":"Feature","properties":{"building":"yes","height":6,"heightSource":"default"},"geometry":{"type":"MultiPolygon","coordinates":[[[[442461.64,2142511.04],[442472.53,2142502.61],[442463.84,2142491.53],[442452.95,2142499.96],[442461.64,2142511.04]]]]}},{"type":"Feature","properties":{"building":"yes","height":6,"heightSource":"default"},"geometry":{"type":"MultiPolygon","coordinates":[[[[442499.57,2142503.09],[442505.47,2142497.47],[442501.18,2142493.02],[442495.28,2142498.64],[442499.57,2142503.09]]]]}},{"type":"Feature","properties":{"building":"yes","height":6,"heightSource":"default"},"geometry":{"type":"MultiPolygon","coordinates":[[[[442508.74,2142486.68],[442513.66,2142492.13],[442518.15,2142488.13],[442513.23,2142482.67],[442508.74,2142486.68]]]]}},{"type":"Feature","properties":{"building":"yes","height":6,"heightSource":"default"},"geometry":{"type":"MultiPolygon","coordinates":[[[[442529.59,2142464.42],[442537.33,2142457.96],[442529.91,2142449.17],[442522.17,2142455.62],[442529.59,2142464.42]]]]}},{"type":"Feature","properties":{"building":"yes","height":6,"heightSource":"default"},"geometry":{"type":"MultiPolygon","coordinates":[[[[442603.42,2142452.85],[442607.14,2142449.27],[442603.26,2142445.28],[442599.53,2142448.86],[442603.42,2142452.85]]]]}},{"type":"Feature","properties":{"building":"yes","height":6,"heightSource":"default"},"geometry":{"type":"MultiPolygon","coordinates":[[[[442584.18,2142469.71],[442591.82,2142460.93],[442576.36,2142447.62],[442568.71,2142456.39],[442584.18,2142469.71]]]]}},{"type":"Feature","properties":{"building":"yes","height":6,"heightSource":"default"},"geometry":{"type":"MultiPolygon","coordinates":[[[[442589.52,2142432.77],[442592.44,2142430.31],[442589.64,2142427.05],[442586.73,2142429.5],[442589.52,2142432.77]]]]}},{"type":"Feature","properties":{"building":"yes","height":6,"heightSource":"default"},"geometry":{"type":"MultiPolygon","coordinates":[[[[442593.56,2142430.06],[442599.67,2142425.81],[442596.66,2142421.54],[442590.55,2142425.79],[442593.56,2142430.06]]]]}},{"type":"Feature","properties":{"building":"yes","height":6,"heightSource":"default"},"geometry":{"type":"MultiPolygon","coordinates":[[[[442601.92,2142425.06],[442612.5,2142418.45],[442608.45,2142412.05],[442597.87,2142418.67],[442601.92,2142425.06]]]]}},{"type":"Feature","properties":{"building":"yes","height":6,"heightSource":"default"},"geometry":{"type":"MultiPolygon","coordinates":[[[[442607.54,2142440.24],[442612.59,2142437.04],[442614.34,2142439.78],[442622.64,2142434.53],[442612.7,2142419.01],[442599.35,2142427.45],[442607.54,2142440.24]]]]}},{"type":"Feature","properties":{"building":"yes","height":6,"heightSource":"default"},"geometry":{"type":"MultiPolygon","coordinates":[[[[442627.45,2142437.23],[442632.07,2142433.91],[442628.6,2142429.16],[442623.99,2142432.48],[442627.45,2142437.23]]]]}},{"type":"Feature","properties":{"building":"yes","height":6,"heightSource":"default"},"geometry":{"type":"MultiPolygon","coordinates":[[[[442645.43,2142444.6],[442651.8,2142453.42],[442661.36,2142446.61],[442654.99,2142437.77],[442645.43,2142444.6]]]]}},{"type":"Feature","properties":{"building":"yes","height":6,"heightSource":"default"},"geometry":{"type":"MultiPolygon","coordinates":[[[[442639.13,2142435.72],[442647.92,2142428.49],[442638.03,2142416.61],[442629.25,2142423.86],[442639.13,2142435.72]]]]}},{"type":"Feature","properties":{"building":"yes","height":6,"heightSource":"default"},"geometry":{"type":"MultiPolygon","coordinates":[[[[442651.24,2142411.54],[442655.95,2142408.09],[442653.58,2142404.9],[442648.88,2142408.35],[442651.24,2142411.54]]]]}},{"type":"Feature","properties":{"building":"yes","height":6,"heightSource":"default"},"geometry":{"type":"MultiPolygon","coordinates":[[[[442657.4,2142418.94],[442662.76,2142415.23],[442658.01,2142408.45],[442652.65,2142412.16],[442657.4,2142418.94]]]]}},{"type":"Feature","properties":{"building":"yes","height":6,"heightSource":"default"},"geometry":{"type":"MultiPolygon","coordinates":[[[[442662.78,2142430.12],[442667.21,2142426.89],[442663.45,2142421.81],[442659.02,2142425.05],[442662.78,2142430.12]]]]}},{"type":"Feature","properties":{"building":"yes","height":6,"heightSource":"default"},"geometry":{"type":"MultiPolygon","coordinates":[[[[442672.15,2142432.05],[442679.65,2142426.52],[442672.5,2142416.96],[442665.01,2142422.48],[442672.15,2142432.05]]]]}},{"type":"Feature","properties":{"building":"yes","height":6,"heightSource":"default"},"geometry":{"type":"MultiPolygon","coordinates":[[[[442675.58,2142445.9],[442688.09,2142437.81],[442681.65,2142427.98],[442669.14,2142436.07],[442675.58,2142445.9]]]]}},{"type":"Feature","properties":{"building":"yes","height":6,"heightSource":"default"},"geometry":{"type":"MultiPolygon","coordinates":[[[[442694.31,2142468.1],[442704.23,2142461.35],[442695.11,2142448.09],[442685.18,2142454.83],[442694.31,2142468.1]]]]}},{"type":"Feature","properties":{"building":"yes","height":6,"heightSource":"default"},"geometry":{"type":"MultiPolygon","coordinates":[[[[442699.14,2142481.66],[442703.31,2142487.79],[442708.85,2142484.07],[442704.69,2142477.94],[442699.14,2142481.66]]]]}},{"type":"Feature","properties":{"building":"yes","height":6,"heightSource":"default"},"geometry":{"type":"MultiPolygon","coordinates":[[[[442693.51,2142483.22],[442702.09,2142477.32],[442695.67,2142468.13],[442687.1,2142474.03],[442693.51,2142483.22]]]]}},{"type":"Feature","properties":{"building":"yes","height":6,"heightSource":"default"},"geometry":{"type":"MultiPolygon","coordinates":[[[[442674.92,2142485.87],[442684.27,2142478.36],[442673.8,2142465.5],[442666.33,2142471.51],[442668.81,2142474.56],[442666.93,2142476.07],[442674.92,2142485.87]]]]}},{"type":"Feature","properties":{"building":"yes","height":6,"heightSource":"default"},"geometry":{"type":"MultiPolygon","coordinates":[[[[442679.25,2142496.22],[442690.98,2142486.53],[442685.33,2142479.76],[442673.6,2142489.46],[442679.25,2142496.22]]]]}},{"type":"Feature","properties":{"building":"yes","height":6,"heightSource":"default"},"geometry":{"type":"MultiPolygon","coordinates":[[[[442658.94,2142508.39],[442668.35,2142499.75],[442657.68,2142488.27],[442648.28,2142496.91],[442658.94,2142508.39]]]]}},{"type":"Feature","properties":{"building":"yes","height":6,"heightSource":"default"},"geometry":{"type":"MultiPolygon","coordinates":[[[[442650.81,2142519.47],[442657.98,2142512.73],[442645.33,2142499.46],[442638.17,2142506.21],[442650.81,2142519.47]]]]}},{"type":"Feature","properties":{"building":"yes","height":6,"heightSource":"default"},"geometry":{"type":"MultiPolygon","coordinates":[[[[442626.22,2142515],[442635.76,2142505.1],[442626.29,2142496.08],[442616.75,2142505.98],[442626.22,2142515]]]]}},{"type":"Feature","properties":{"building":"yes","height":6,"heightSource":"default"},"geometry":{"type":"MultiPolygon","coordinates":[[[[442615.47,2142525.6],[442623.8,2142516.76],[442610.94,2142504.83],[442602.63,2142513.68],[442615.47,2142525.6]]]]}},{"type":"Feature","properties":{"building":"yes","height":6,"heightSource":"default"},"geometry":{"type":"MultiPolygon","coordinates":[[[[442603.26,2142536.14],[442611.4,2142528.11],[442599.67,2142516.38],[442591.54,2142524.43],[442603.26,2142536.14]]]]}},{"type":"Feature","properties":{"building":"yes","height":6,"heightSource":"default"},"geometry":{"type":"MultiPolygon","coordinates":[[[[442603.48,2142539.09],[442613.51,2142548.99],[442623.19,2142539.3],[442613.17,2142529.4],[442603.48,2142539.09]]]]}},{"type":"Feature","properties":{"building":"yes","height":6,"heightSource":"default"},"geometry":{"type":"MultiPolygon","coordinates":[[[[442582.22,2142539.85],[442590.62,2142548.35],[442599.6,2142539.56],[442591.2,2142531.08],[442582.22,2142539.85]]]]}},{"type":"Feature","properties":{"building":"yes","height":6,"heightSource":"default"},"geometry":{"type":"MultiPolygon","coordinates":[[[[442579.26,2142558.95],[442591.54,2142570.07],[442599.26,2142561.64],[442592.55,2142555.58],[442590.16,2142558.17],[442584.59,2142553.12],[442579.26,2142558.95]]]]}},{"type":"Feature","properties":{"building":"yes","height":6,"heightSource":"default"},"geometry":{"type":"MultiPolygon","coordinates":[[[[442189.42,2142453.04],[442195.29,2142450.87],[442191.31,2142440.25],[442185.45,2142442.42],[442189.42,2142453.04]]]]}},{"type":"Feature","properties":{"building":"yes","height":6,"heightSource":"default"},"geometry":{"type":"MultiPolygon","coordinates":[[[[442474.48,2142631.33],[442479.03,2142630.54],[442478.18,2142625.64],[442473.62,2142626.43],[442474.48,2142631.33]]]]}},{"type":"Feature","properties":{"building":"yes","height":6,"heightSource":"default"},"geometry":{"type":"MultiPolygon","coordinates":[[[[442464.34,2142628.85],[442470.54,2142631.34],[442473.5,2142624.1],[442467.3,2142621.59],[442464.34,2142628.85]]]]}},{"type":"Feature","properties":{"building":"yes","height":6,"heightSource":"default"},"geometry":{"type":"MultiPolygon","coordinates":[[[[442497.87,2142590.52],[442503.72,2142587.59],[442499.04,2142578.37],[442493.2,2142581.3],[442497.87,2142590.52]]]]}},{"type":"Feature","properties":{"building":"yes","height":6,"heightSource":"default"},"geometry":{"type":"MultiPolygon","coordinates":[[[[442476.77,2142599.41],[442490.87,2142599.37],[442490.85,2142593.06],[442476.75,2142593.1],[442476.77,2142599.41]]]]}},{"type":"Feature","properties":{"building":"yes","height":6,"heightSource":"default"},"geometry":{"type":"MultiPolygon","coordinates":[[[[442570.12,2142588.47],[442575.75,2142590.97],[442579.04,2142583.67],[442573.39,2142581.17],[442570.12,2142588.47]]]]}},{"type":"Feature","properties":{"building":"yes","height":6,"heightSource":"default"},"geometry":{"type":"MultiPolygon","coordinates":[[[[442531.71,2142599.93],[442557.8,2142611.33],[442564.09,2142597.11],[442538,2142585.7],[442531.71,2142599.93]]]]}},{"type":"Feature","properties":{"building":"yes","height":6,"heightSource":"default"},"geometry":{"type":"MultiPolygon","coordinates":[[[[442654.68,2142630],[442662.4,2142621.92],[442654.33,2142614.28],[442646.6,2142622.36],[442654.68,2142630]]]]}},{"type":"Feature","properties":{"building":"yes","height":6,"heightSource":"default"},"geometry":{"type":"MultiPolygon","coordinates":[[[[442649.43,2142640.72],[442656.11,2142633.59],[442649.4,2142627.38],[442642.72,2142634.52],[442649.43,2142640.72]]]]}},{"type":"Feature","properties":{"building":"yes","height":6,"heightSource":"default"},"geometry":{"type":"MultiPolygon","coordinates":[[[[442647.9,2142647.3],[442651.09,2142643.51],[442642.4,2142636.32],[442639.22,2142640.13],[442647.9,2142647.3]]]]}},{"type":"Feature","properties":{"building":"yes","height":6,"heightSource":"default"},"geometry":{"type":"MultiPolygon","coordinates":[[[[442641.86,2142649.91],[442644.56,2142646.93],[442640.82,2142643.57],[442638.11,2142646.57],[442641.86,2142649.91]]]]}},{"type":"Feature","properties":{"building":"yes","height":6,"heightSource":"default"},"geometry":{"type":"MultiPolygon","coordinates":[[[[442630.79,2142670.46],[442639.25,2142660.33],[442624.71,2142648.34],[442616.25,2142658.47],[442630.79,2142670.46]]]]}},{"type":"Feature","properties":{"building":"yes","height":6,"heightSource":"default"},"geometry":{"type":"MultiPolygon","coordinates":[[[[442579.39,2142671.6],[442586.73,2142667.16],[442573.7,2142645.92],[442566.37,2142650.36],[442579.39,2142671.6]]]]}},{"type":"Feature","properties":{"building":"yes","height":6,"heightSource":"default"},"geometry":{"type":"MultiPolygon","coordinates":[[[[442603.02,2142703.87],[442611.37,2142694.12],[442601.48,2142685.75],[442593.13,2142695.5],[442603.02,2142703.87]]]]}},{"type":"Feature","properties":{"building":"yes","height":6,"heightSource":"default"},"geometry":{"type":"MultiPolygon","coordinates":[[[[441306.67,2142456.86],[441317.08,2142454.93],[441316.04,2142449.4],[441305.63,2142451.33],[441306.67,2142456.86]]]]}},{"type":"Feature","properties":{"building":"yes","height":6,"heightSource":"default"},"geometry":{"type":"MultiPolygon","coordinates":[[[[441408.75,2142494.61],[441413.83,2142498.23],[441418.55,2142491.71],[441413.47,2142488.08],[441408.75,2142494.61]]]]}},{"type":"Feature","properties":{"building":"yes","height":6,"heightSource":"default"},"geometry":{"type":"MultiPolygon","coordinates":[[[[441395.31,2142518.73],[441399.61,2142518.79],[441399.71,2142511.25],[441395.41,2142511.19],[441395.31,2142518.73]]]]}},{"type":"Feature","properties":{"building":"yes","height":6,"heightSource":"default"},"geometry":{"type":"MultiPolygon","coordinates":[[[[441389.04,2142519.17],[441394.33,2142519.15],[441394.3,2142510.27],[441389.02,2142510.28],[441389.04,2142519.17]]]]}},{"type":"Feature","properties":{"building":"yes","height":6,"heightSource":"default"},"geometry":{"type":"MultiPolygon","coordinates":[[[[442559.37,2142309.41],[442565.9,2142305.94],[442560.53,2142295.94],[442554,2142299.43],[442559.37,2142309.41]]]]}},{"type":"Feature","properties":{"building":"yes","height":6,"heightSource":"default"},"geometry":{"type":"MultiPolygon","coordinates":[[[[442556.62,2142285.45],[442558.54,2142289.33],[442564.31,2142286.51],[442562.39,2142282.64],[442556.62,2142285.45]]]]}},{"type":"Feature","properties":{"building":"yes","height":6,"heightSource":"default"},"geometry":{"type":"MultiPolygon","coordinates":[[[[442556.2,2142285.07],[442562.46,2142282.04],[442556.58,2142270.02],[442550.32,2142273.05],[442556.2,2142285.07]]]]}},{"type":"Feature","properties":{"building":"yes","height":6,"heightSource":"default"},"geometry":{"type":"MultiPolygon","coordinates":[[[[442550.15,2142287.68],[442554.38,2142285.37],[442549.7,2142276.91],[442545.48,2142279.23],[442550.15,2142287.68]]]]}},{"type":"Feature","properties":{"building":"yes","height":6,"heightSource":"default"},"geometry":{"type":"MultiPolygon","coordinates":[[[[442532.69,2142285.63],[442543.93,2142280.49],[442541.4,2142275.01],[442530.15,2142280.16],[442532.69,2142285.63]]]]}},{"type":"Feature","properties":{"building":"yes","height":6,"heightSource":"default"},"geometry":{"type":"MultiPolygon","coordinates":[[[[442543.01,2142298.41],[442551.57,2142293.9],[442544.92,2142281.4],[442536.34,2142285.91],[442543.01,2142298.41]]]]}},{"type":"Feature","properties":{"building":"yes","height":6,"heightSource":"default"},"geometry":{"type":"MultiPolygon","coordinates":[[[[442524.3,2142305.96],[442536.32,2142300.67],[442531.09,2142288.93],[442524.42,2142291.86],[442525.2,2142293.63],[442519.85,2142295.98],[442524.3,2142305.96]]]]}},{"type":"Feature","properties":{"building":"yes","height":6,"heightSource":"default"},"geometry":{"type":"MultiPolygon","coordinates":[[[[442549.49,2142321.7],[442559.87,2142317.09],[442552.42,2142300.52],[442542.04,2142305.13],[442549.49,2142321.7]]]]}},{"type":"Feature","properties":{"building":"yes","height":6,"heightSource":"default"},"geometry":{"type":"MultiPolygon","coordinates":[[[[442530.94,2142339.15],[442535.01,2142336.83],[442530.23,2142328.56],[442526.17,2142330.88],[442530.94,2142339.15]]]]}},{"type":"Feature","properties":{"building":"yes","height":6,"heightSource":"default"},"geometry":{"type":"MultiPolygon","coordinates":[[[[442536.44,2142339.1],[442545.41,2142334.61],[442539.39,2142322.72],[442530.42,2142327.22],[442536.44,2142339.1]]]]}},{"type":"Feature","properties":{"building":"yes","height":6,"heightSource":"default"},"geometry":{"type":"MultiPolygon","coordinates":[[[[442524.92,2142325.7],[442536.31,2142320.28],[442531.79,2142310.9],[442520.4,2142316.32],[442524.92,2142325.7]]]]}},{"type":"Feature","properties":{"building":"yes","height":6,"heightSource":"default"},"geometry":{"type":"MultiPolygon","coordinates":[[[[442509.51,2142306.5],[442516.54,2142303.04],[442511.5,2142292.9],[442504.47,2142296.35],[442509.51,2142306.5]]]]}},{"type":"Feature","properties":{"building":"yes","height":6,"heightSource":"default"},"geometry":{"type":"MultiPolygon","coordinates":[[[[442499.37,2142306.53],[442505.7,2142303.5],[442501.78,2142295.41],[442495.45,2142298.44],[442499.37,2142306.53]]]]}},{"type":"Feature","properties":{"building":"yes","height":6,"heightSource":"default"},"geometry":{"type":"MultiPolygon","coordinates":[[[[442501.17,2142318.35],[442509.96,2142314.55],[442505.73,2142304.9],[442496.94,2142308.72],[442501.17,2142318.35]]]]}},{"type":"Feature","properties":{"building":"yes","height":6,"heightSource":"default"},"geometry":{"type":"MultiPolygon","coordinates":[[[[442507.98,2142338.07],[442521.13,2142331.8],[442516.38,2142321.93],[442514.16,2142322.98],[442512.46,2142319.44],[442504.79,2142323.1],[442506.5,2142326.64],[442503.23,2142328.2],[442507.98,2142338.07]]]]}},{"type":"Feature","properties":{"building":"yes","height":6,"heightSource":"default"},"geometry":{"type":"MultiPolygon","coordinates":[[[[442519.34,2142343.36],[442526.23,2142340.25],[442523.09,2142333.36],[442516.2,2142336.46],[442519.34,2142343.36]]]]}},{"type":"Feature","properties":{"building":"yes","height":6,"heightSource":"default"},"geometry":{"type":"MultiPolygon","coordinates":[[[[442514,2142348.34],[442518.78,2142345.95],[442514.27,2142337.03],[442509.49,2142339.43],[442514,2142348.34]]]]}},{"type":"Feature","properties":{"building":"yes","height":6,"heightSource":"default"},"geometry":{"type":"MultiPolygon","coordinates":[[[[442528.63,2142383.44],[442542.69,2142376.54],[442538.64,2142368.38],[442524.58,2142375.29],[442528.63,2142383.44]]]]}},{"type":"Feature","properties":{"building":"yes","height":6,"heightSource":"default"},"geometry":{"type":"MultiPolygon","coordinates":[[[[442534.02,2142397.28],[442547.17,2142391.28],[442542.5,2142381.16],[442529.35,2142387.16],[442534.02,2142397.28]]]]}},{"type":"Feature","properties":{"building":"yes","height":6,"heightSource":"default"},"geometry":{"type":"MultiPolygon","coordinates":[[[[442547.09,2142409.21],[442553.64,2142405.93],[442548.54,2142395.86],[442541.98,2142399.15],[442547.09,2142409.21]]]]}},{"type":"Feature","properties":{"building":"yes","height":6,"heightSource":"default"},"geometry":{"type":"MultiPolygon","coordinates":[[[[442541.62,2142416.85],[442548.21,2142413.5],[442540.92,2142399.32],[442534.32,2142402.67],[442541.62,2142416.85]]]]}},{"type":"Feature","properties":{"building":"yes","height":6,"heightSource":"default"},"geometry":{"type":"MultiPolygon","coordinates":[[[[442520.67,2142407.05],[442528.62,2142403.04],[442525.89,2142397.7],[442517.94,2142401.72],[442520.67,2142407.05]]]]}},{"type":"Feature","properties":{"building":"yes","height":6,"heightSource":"default"},"geometry":{"type":"MultiPolygon","coordinates":[[[[442510.19,2142411.98],[442519.97,2142407.34],[442515.91,2142398.9],[442506.13,2142403.55],[442510.19,2142411.98]]]]}},{"type":"Feature","properties":{"building":"yes","height":6,"heightSource":"default"},"geometry":{"type":"MultiPolygon","coordinates":[[[[442515.09,2142398.81],[442524.65,2142394.65],[442521.9,2142388.42],[442512.34,2142392.58],[442515.09,2142398.81]]]]}},{"type":"Feature","properties":{"building":"yes","height":6,"heightSource":"default"},"geometry":{"type":"MultiPolygon","coordinates":[[[[442516.39,2142389.5],[442523.7,2142386.6],[442521.66,2142381.49],[442514.35,2142384.39],[442516.39,2142389.5]]]]}},{"type":"Feature","properties":{"building":"yes","height":6,"heightSource":"default"},"geometry":{"type":"MultiPolygon","coordinates":[[[[442509.08,2142373.35],[442511.57,2142378.95],[442519.79,2142375.36],[442517.32,2142369.76],[442509.08,2142373.35]]]]}},{"type":"Feature","properties":{"building":"yes","height":6,"heightSource":"default"},"geometry":{"type":"MultiPolygon","coordinates":[[[[442501.82,2142369.17],[442506.42,2142367.1],[442508.73,2142372.16],[442516.79,2142368.53],[442510.57,2142354.89],[442497.91,2142360.61],[442501.82,2142369.17]]]]}},{"type":"Feature","properties":{"building":"yes","height":6,"heightSource":"default"},"geometry":{"type":"MultiPolygon","coordinates":[[[[442495.22,2142377.11],[442501.44,2142374.4],[442497.69,2142365.87],[442491.47,2142368.58],[442495.22,2142377.11]]]]}},{"type":"Feature","properties":{"building":"yes","height":6,"heightSource":"default"},"geometry":{"type":"MultiPolygon","coordinates":[[[[442489.04,2142381.18],[442494.22,2142378.71],[442489.4,2142368.72],[442484.22,2142371.19],[442489.04,2142381.18]]]]}},{"type":"Feature","properties":{"building":"yes","height":6,"heightSource":"default"},"geometry":{"type":"MultiPolygon","coordinates":[[[[442487.28,2142359.84],[442497.62,2142355.47],[442493.62,2142346.13],[442483.29,2142350.5],[442487.28,2142359.84]]]]}},{"type":"Feature","properties":{"building":"yes","height":6,"heightSource":"default"},"geometry":{"type":"MultiPolygon","coordinates":[[[[442489,2142346.4],[442498.56,2142341.11],[442495.34,2142335.36],[442485.78,2142340.64],[442489,2142346.4]]]]}},{"type":"Feature","properties":{"building":"yes","height":6,"heightSource":"default"},"geometry":{"type":"MultiPolygon","coordinates":[[[[442483.07,2142318.9],[442493.62,2142314.6],[442489.64,2142304.95],[442479.09,2142309.26],[442483.07,2142318.9]]]]}},{"type":"Feature","properties":{"building":"yes","height":6,"heightSource":"default"},"geometry":{"type":"MultiPolygon","coordinates":[[[[442492.12,2142330.29],[442502.03,2142325.98],[442497.57,2142315.82],[442487.66,2142320.12],[442492.12,2142330.29]]]]}},{"type":"Feature","properties":{"building":"yes","height":6,"heightSource":"default"},"geometry":{"type":"MultiPolygon","coordinates":[[[[442481.64,2142332.7],[442488.38,2142329.94],[442485.47,2142322.89],[442478.73,2142325.64],[442481.64,2142332.7]]]]}},{"type":"Feature","properties":{"building":"yes","height":6,"heightSource":"default"},"geometry":{"type":"MultiPolygon","coordinates":[[[[442477.61,2142349.23],[442486.04,2142345],[442481.99,2142337],[442473.55,2142341.23],[442477.61,2142349.23]]]]}},{"type":"Feature","properties":{"building":"yes","height":6,"heightSource":"default"},"geometry":{"type":"MultiPolygon","coordinates":[[[[442407.31,2142315.78],[442413.28,2142311.66],[442412.55,2142310.61],[442416.98,2142307.56],[442412.3,2142300.85],[442401.9,2142308.02],[442407.31,2142315.78]]]]}},{"type":"Feature","properties":{"building":"yes","height":6,"heightSource":"default"},"geometry":{"type":"MultiPolygon","coordinates":[[[[442466.47,2142323.93],[442475.75,2142320.68],[442471.08,2142307.47],[442461.8,2142310.72],[442466.47,2142323.93]]]]}},{"type":"Feature","properties":{"building":"yes","height":6,"heightSource":"default"},"geometry":{"type":"MultiPolygon","coordinates":[[[[442437.86,2142319.67],[442445.73,2142314.61],[442439.47,2142304.98],[442431.6,2142310.05],[442437.86,2142319.67]]]]}},{"type":"Feature","properties":{"building":"yes","height":6,"heightSource":"default"},"geometry":{"type":"MultiPolygon","coordinates":[[[[442440.3,2142333.38],[442452.24,2142325.51],[442446.46,2142316.83],[442434.51,2142324.72],[442440.3,2142333.38]]]]}},{"type":"Feature","properties":{"building":"yes","height":6,"heightSource":"default"},"geometry":{"type":"MultiPolygon","coordinates":[[[[442411.81,2142363.44],[442421.54,2142357.3],[442414.32,2142345.98],[442404.59,2142352.12],[442411.81,2142363.44]]]]}},{"type":"Feature","properties":{"building":"yes","height":6,"heightSource":"default"},"geometry":{"type":"MultiPolygon","coordinates":[[[[442467.91,2142376.56],[442480.65,2142371.13],[442472.7,2142352.68],[442459.96,2142358.11],[442467.91,2142376.56]]]]}},{"type":"Feature","properties":{"building":"yes","height":6,"heightSource":"default"},"geometry":{"type":"MultiPolygon","coordinates":[[[[442481.22,2142402.41],[442491.85,2142397.91],[442484.9,2142381.7],[442474.27,2142386.2],[442481.22,2142402.41]]]]}},{"type":"Feature","properties":{"building":"yes","height":6,"heightSource":"default"},"geometry":{"type":"MultiPolygon","coordinates":[[[[442423.63,2142404.56],[442432.56,2142398.25],[442426.48,2142389.74],[442417.54,2142396.04],[442423.63,2142404.56]]]]}},{"type":"Feature","properties":{"building":"yes","height":6,"heightSource":"default"},"geometry":{"type":"MultiPolygon","coordinates":[[[[442453.97,2142427.14],[442463.68,2142422.07],[442459.72,2142414.58],[442450.02,2142419.65],[442453.97,2142427.14]]]]}},{"type":"Feature","properties":{"building":"yes","height":6,"heightSource":"default"},"geometry":{"type":"MultiPolygon","coordinates":[[[[442451.49,2142440.87],[442461.34,2142437.33],[442458.46,2142429.43],[442448.61,2142432.97],[442451.49,2142440.87]]]]}},{"type":"Feature","properties":{"building":"yes","height":6,"heightSource":"default"},"geometry":{"type":"MultiPolygon","coordinates":[[[[442815.21,2142667.5],[442820.83,2142672.17],[442826.1,2142665.93],[442820.47,2142661.25],[442815.21,2142667.5]]]]}},{"type":"Feature","properties":{"building":"yes","height":6,"heightSource":"default"},"geometry":{"type":"MultiPolygon","coordinates":[[[[442789.8,2142671.01],[442795.08,2142674.04],[442794.28,2142675.42],[442799.79,2142678.59],[442802.19,2142674.46],[442800.13,2142673.27],[442801.58,2142670.79],[442792.84,2142665.77],[442789.8,2142671.01]]]]}},{"type":"Feature","properties":{"building":"yes","height":6,"heightSource":"default"},"geometry":{"type":"MultiPolygon","coordinates":[[[[442880.37,2142587.91],[442890.29,2142577.44],[442871.51,2142559.86],[442861.59,2142570.33],[442880.37,2142587.91]]]]}},{"type":"Feature","properties":{"building":"yes","height":6,"heightSource":"default"},"geometry":{"type":"MultiPolygon","coordinates":[[[[442813.56,2142591.06],[442820.58,2142595.86],[442827.18,2142586.32],[442820.15,2142581.53],[442813.56,2142591.06]]]]}},{"type":"Feature","properties":{"building":"yes","height":6,"heightSource":"default"},"geometry":{"type":"MultiPolygon","coordinates":[[[[442826.03,2142548.26],[442835.43,2142537.8],[442825.61,2142529.08],[442816.21,2142539.53],[442826.03,2142548.26]]]]}},{"type":"Feature","properties":{"building":"yes","height":6,"heightSource":"default"},"geometry":{"type":"MultiPolygon","coordinates":[[[[442812.01,2142545.99],[442824.94,2142558.26],[442829.42,2142553.61],[442816.49,2142541.32],[442812.01,2142545.99]]]]}},{"type":"Feature","properties":{"building":"yes","height":6,"heightSource":"default"},"geometry":{"type":"MultiPolygon","coordinates":[[[[442775.04,2142499.06],[442781.74,2142503.95],[442778.3,2142508.61],[442783.46,2142512.37],[442794.41,2142497.53],[442782.54,2142488.88],[442775.04,2142499.06]]]]}},{"type":"Feature","properties":{"building":"yes","height":6,"heightSource":"default"},"geometry":{"type":"MultiPolygon","coordinates":[[[[442764.12,2142519.19],[442773.87,2142507.26],[442762.46,2142498.05],[442752.71,2142509.99],[442764.12,2142519.19]]]]}},{"type":"Feature","properties":{"building":"yes","height":6,"heightSource":"default"},"geometry":{"type":"MultiPolygon","coordinates":[[[[442744.71,2142505.26],[442753.4,2142496.12],[442747.02,2142490.11],[442738.32,2142499.23],[442744.71,2142505.26]]]]}},{"type":"Feature","properties":{"building":"yes","height":6,"heightSource":"default"},"geometry":{"type":"MultiPolygon","coordinates":[[[[442749.71,2142396.24],[442760.74,2142389],[442756.73,2142382.96],[442745.7,2142390.2],[442749.71,2142396.24]]]]}},{"type":"Feature","properties":{"building":"yes","height":6,"heightSource":"default"},"geometry":{"type":"MultiPolygon","coordinates":[[[[442740.26,2142412.94],[442750.31,2142407.44],[442742.3,2142392.98],[442732.25,2142398.47],[442740.26,2142412.94]]]]}},{"type":"Feature","properties":{"building":"yes","height":6,"heightSource":"default"},"geometry":{"type":"MultiPolygon","coordinates":[[[[442744.01,2142431.16],[442740.16,2142424.87],[442735.91,2142427.45],[442739.77,2142433.73],[442744.01,2142431.16]]]]}},{"type":"Feature","properties":{"building":"yes","height":6,"heightSource":"default"},"geometry":{"type":"MultiPolygon","coordinates":[[[[442746.78,2142427.19],[442754.58,2142423.74],[442752.21,2142418.44],[442744.41,2142421.9],[442746.78,2142427.19]]]]}},{"type":"Feature","properties":{"building":"yes","height":6,"heightSource":"default"},"geometry":{"type":"MultiPolygon","coordinates":[[[[442749.29,2142440],[442759,2142435.46],[442754.18,2142425.25],[442744.47,2142429.79],[442749.29,2142440]]]]}},{"type":"Feature","properties":{"building":"yes","height":6,"heightSource":"default"},"geometry":{"type":"MultiPolygon","coordinates":[[[[442618.32,2142242.1],[442628.86,2142234.23],[442623.14,2142226.67],[442612.6,2142234.54],[442618.32,2142242.1]]]]}},{"type":"Feature","properties":{"building":"yes","height":6,"heightSource":"default"},"geometry":{"type":"MultiPolygon","coordinates":[[[[442633.9,2142270.34],[442643.23,2142263.27],[442629.23,2142244.98],[442619.89,2142252.03],[442633.9,2142270.34]]]]}},{"type":"Feature","properties":{"building":"yes","height":6,"heightSource":"default"},"geometry":{"type":"MultiPolygon","coordinates":[[[[442609.29,2142308.22],[442613.08,2142304.46],[442606.3,2142297.7],[442602.52,2142301.44],[442609.29,2142308.22]]]]}},{"type":"Feature","properties":{"building":"yes","height":6,"heightSource":"default"},"geometry":{"type":"MultiPolygon","coordinates":[[[[442611.53,2142300.43],[442620.46,2142295.36],[442613.94,2142284.03],[442605.01,2142289.12],[442611.53,2142300.43]]]]}},{"type":"Feature","properties":{"building":"yes","height":6,"heightSource":"default"},"geometry":{"type":"MultiPolygon","coordinates":[[[[442599.59,2142267.99],[442601.71,2142271.16],[442607.3,2142267.47],[442605.19,2142264.3],[442599.59,2142267.99]]]]}},{"type":"Feature","properties":{"building":"yes","height":6,"heightSource":"default"},"geometry":{"type":"MultiPolygon","coordinates":[[[[442596,2142268.84],[442605.56,2142263.21],[442599.45,2142252.95],[442585.14,2142261.37],[442587.62,2142265.53],[442592.36,2142262.73],[442596,2142268.84]]]]}},{"type":"Feature","properties":{"building":"yes","height":6,"heightSource":"default"},"geometry":{"type":"MultiPolygon","coordinates":[[[[442600.73,2142226.54],[442607.12,2142221.42],[442603.71,2142217.23],[442597.32,2142222.35],[442600.73,2142226.54]]]]}},{"type":"Feature","properties":{"building":"yes","height":6,"heightSource":"default"},"geometry":{"type":"MultiPolygon","coordinates":[[[[442578.96,2142223.96],[442584.37,2142220.72],[442581.53,2142216.02],[442576.11,2142219.25],[442578.96,2142223.96]]]]}},{"type":"Feature","properties":{"building":"yes","height":6,"heightSource":"default"},"geometry":{"type":"MultiPolygon","coordinates":[[[[442578.44,2142234.11],[442582.33,2142231.29],[442578.86,2142226.55],[442574.97,2142229.36],[442578.44,2142234.11]]]]}},{"type":"Feature","properties":{"building":"yes","height":6,"heightSource":"default"},"geometry":{"type":"MultiPolygon","coordinates":[[[[442590.8,2142247.43],[442597.9,2142243.11],[442592.38,2142234.16],[442585.28,2142238.5],[442590.8,2142247.43]]]]}},{"type":"Feature","properties":{"building":"yes","height":6,"heightSource":"default"},"geometry":{"type":"MultiPolygon","coordinates":[[[[442584.06,2142255.51],[442591.27,2142251.49],[442585.68,2142241.58],[442578.47,2142245.59],[442584.06,2142255.51]]]]}},{"type":"Feature","properties":{"building":"yes","height":6,"heightSource":"default"},"geometry":{"type":"MultiPolygon","coordinates":[[[[442563.62,2142248.3],[442574.51,2142242.17],[442569.05,2142232.56],[442558.15,2142238.69],[442563.62,2142248.3]]]]}},{"type":"Feature","properties":{"building":"yes","height":6,"heightSource":"default"},"geometry":{"type":"MultiPolygon","coordinates":[[[[442547.61,2142263.54],[442555.01,2142260.51],[442550.62,2142249.89],[442543.21,2142252.91],[442547.61,2142263.54]]]]}},{"type":"Feature","properties":{"building":"yes","height":6,"heightSource":"default"},"geometry":{"type":"MultiPolygon","coordinates":[[[[442540.77,2142260.05],[442544.64,2142258.44],[442540.14,2142247.84],[442536.27,2142249.47],[442540.77,2142260.05]]]]}},{"type":"Feature","properties":{"building":"yes","height":6,"heightSource":"default"},"geometry":{"type":"MultiPolygon","coordinates":[[[[442530.58,2142266.81],[442535.6,2142265.02],[442536.73,2142268.13],[442542.19,2142266.19],[442536.8,2142251.29],[442526.32,2142255.03],[442530.58,2142266.81]]]]}},{"type":"Feature","properties":{"building":"yes","height":6,"heightSource":"default"},"geometry":{"type":"MultiPolygon","coordinates":[[[[442521.66,2142276.57],[442527.86,2142274.66],[442526.65,2142270.79],[442520.46,2142272.7],[442521.66,2142276.57]]]]}},{"type":"Feature","properties":{"building":"yes","height":6,"heightSource":"default"},"geometry":{"type":"MultiPolygon","coordinates":[[[[442517.71,2142271.4],[442526.84,2142269.08],[442522.78,2142253.27],[442513.65,2142255.59],[442517.71,2142271.4]]]]}},{"type":"Feature","properties":{"building":"yes","height":6,"heightSource":"default"},"geometry":{"type":"MultiPolygon","coordinates":[[[[442507.55,2142268.28],[442514.87,2142264.55],[442511.19,2142257.45],[442503.89,2142261.18],[442507.55,2142268.28]]]]}},{"type":"Feature","properties":{"building":"yes","height":6,"heightSource":"default"},"geometry":{"type":"MultiPolygon","coordinates":[[[[442512.82,2142282.62],[442519.28,2142279.76],[442515.59,2142271.51],[442509.13,2142274.37],[442512.82,2142282.62]]]]}},{"type":"Feature","properties":{"building":"yes","height":6,"heightSource":"default"},"geometry":{"type":"MultiPolygon","coordinates":[[[[442501.35,2142286.86],[442507.14,2142284.33],[442503.6,2142276.28],[442497.8,2142278.81],[442501.35,2142286.86]]]]}},{"type":"Feature","properties":{"building":"yes","height":6,"heightSource":"default"},"geometry":{"type":"MultiPolygon","coordinates":[[[[442497.73,2142276.85],[442506.86,2142272.13],[442501.91,2142262.64],[442492.76,2142267.36],[442497.73,2142276.85]]]]}},{"type":"Feature","properties":{"building":"yes","height":6,"heightSource":"default"},"geometry":{"type":"MultiPolygon","coordinates":[[[[442488.17,2142282.21],[442496.39,2142278.61],[442492.09,2142268.88],[442483.86,2142272.47],[442488.17,2142282.21]]]]}},{"type":"Feature","properties":{"building":"yes","height":6,"heightSource":"default"},"geometry":{"type":"MultiPolygon","coordinates":[[[[442494.46,2142292.12],[442501.13,2142288.87],[442497.09,2142280.7],[442490.42,2142283.95],[442494.46,2142292.12]]]]}},{"type":"Feature","properties":{"building":"yes","height":6,"heightSource":"default"},"geometry":{"type":"MultiPolygon","coordinates":[[[[442324.37,2142082.59],[442329.72,2142082.37],[442329.49,2142077.04],[442324.14,2142077.27],[442324.37,2142082.59]]]]}},{"type":"Feature","properties":{"building":"yes","height":6,"heightSource":"default"},"geometry":{"type":"MultiPolygon","coordinates":[[[[442325.46,2142090.86],[442330.17,2142090.63],[442329.83,2142083.72],[442325.12,2142083.94],[442325.46,2142090.86]]]]}},{"type":"Feature","properties":{"building":"yes","height":6,"heightSource":"default"},"geometry":{"type":"MultiPolygon","coordinates":[[[[442301.99,2142109.12],[442312.55,2142108.18],[442311.32,2142094.63],[442300.76,2142095.57],[442301.99,2142109.12]]]]}},{"type":"Feature","properties":{"building":"yes","height":6,"heightSource":"default"},"geometry":{"type":"MultiPolygon","coordinates":[[[[442316.56,2142108.1],[442323.25,2142107.45],[442322.34,2142098.2],[442315.65,2142098.85],[442316.56,2142108.1]]]]}},{"type":"Feature","properties":{"building":"yes","height":6,"heightSource":"default"},"geometry":{"type":"MultiPolygon","coordinates":[[[[442327.2,2142111.29],[442331.99,2142110.99],[442331.37,2142101.04],[442326.58,2142101.33],[442327.2,2142111.29]]]]}},{"type":"Feature","properties":{"building":"yes","height":6,"heightSource":"default"},"geometry":{"type":"MultiPolygon","coordinates":[[[[442333.6,2142127.44],[442338.59,2142126.93],[442337.99,2142120.96],[442332.99,2142121.46],[442333.6,2142127.44]]]]}},{"type":"Feature","properties":{"building":"yes","height":6,"heightSource":"default"},"geometry":{"type":"MultiPolygon","coordinates":[[[[442318.66,2142126.5],[442325,2142126.07],[442324.6,2142120.53],[442318.27,2142120.97],[442318.66,2142126.5]]]]}},{"type":"Feature","properties":{"building":"yes","height":6,"heightSource":"default"},"geometry":{"type":"MultiPolygon","coordinates":[[[[442323.76,2142134.68],[442328.89,2142130.88],[442325.85,2142126.84],[442320.73,2142130.63],[442323.76,2142134.68]]]]}},{"type":"Feature","properties":{"building":"yes","height":6,"heightSource":"default"},"geometry":{"type":"MultiPolygon","coordinates":[[[[442327.59,2142143.7],[442334.34,2142139.33],[442330.03,2142132.76],[442323.28,2142137.12],[442327.59,2142143.7]]]]}},{"type":"Feature","properties":{"building":"yes","height":6,"heightSource":"default"},"geometry":{"type":"MultiPolygon","coordinates":[[[[442335.11,2142138.56],[442340.09,2142135.34],[442335.7,2142128.63],[442330.72,2142131.86],[442335.11,2142138.56]]]]}},{"type":"Feature","properties":{"building":"yes","height":6,"heightSource":"default"},"geometry":{"type":"MultiPolygon","coordinates":[[[[442337.11,2142147.31],[442344.63,2142142.17],[442342.37,2142138.89],[442334.85,2142144.03],[442337.11,2142147.31]]]]}},{"type":"Feature","properties":{"building":"yes","height":6,"heightSource":"default"},"geometry":{"type":"MultiPolygon","coordinates":[[[[442341.56,2142153.24],[442349.23,2142148.45],[442346.07,2142143.46],[442338.41,2142148.25],[442341.56,2142153.24]]]]}},{"type":"Feature","properties":{"building":"yes","height":6,"heightSource":"default"},"geometry":{"type":"MultiPolygon","coordinates":[[[[442349.6,2142175.69],[442359.92,2142170.26],[442352.81,2142156.86],[442342.48,2142162.29],[442349.6,2142175.69]]]]}},{"type":"Feature","properties":{"building":"yes","height":6,"heightSource":"default"},"geometry":{"type":"MultiPolygon","coordinates":[[[[442362.89,2142170.47],[442370.51,2142166.22],[442363.07,2142153.01],[442355.45,2142157.25],[442362.89,2142170.47]]]]}},{"type":"Feature","properties":{"building":"yes","height":6,"heightSource":"default"},"geometry":{"type":"MultiPolygon","coordinates":[[[[442369.68,2142161.97],[442377.24,2142157.67],[442372.29,2142149.07],[442364.73,2142153.37],[442369.68,2142161.97]]]]}},{"type":"Feature","properties":{"building":"yes","height":6,"heightSource":"default"},"geometry":{"type":"MultiPolygon","coordinates":[[[[442395.16,2142162.34],[442406.38,2142159.89],[442403.16,2142145.35],[442394.72,2142147.19],[442396.43,2142154.96],[442393.67,2142155.56],[442395.16,2142162.34]]]]}},{"type":"Feature","properties":{"building":"yes","height":6,"heightSource":"default"},"geometry":{"type":"MultiPolygon","coordinates":[[[[442380.81,2142160.6],[442391.58,2142157.35],[442387.35,2142143.54],[442379.23,2142146],[442380.25,2142149.32],[442377.61,2142150.11],[442380.81,2142160.6]]]]}},{"type":"Feature","properties":{"building":"yes","height":6,"heightSource":"default"},"geometry":{"type":"MultiPolygon","coordinates":[[[[442349.54,2142138.24],[442354.28,2142146.13],[442366.51,2142138.88],[442361.77,2142130.99],[442349.54,2142138.24]]]]}},{"type":"Feature","properties":{"building":"yes","height":6,"heightSource":"default"},"geometry":{"type":"MultiPolygon","coordinates":[[[[442369.96,2142137.05],[442380.65,2142136.78],[442380.33,2142124.18],[442365.24,2142124.56],[442365.41,2142131.13],[442369.81,2142131.02],[442369.96,2142137.05]]]]}},{"type":"Feature","properties":{"building":"yes","height":6,"heightSource":"default"},"geometry":{"type":"MultiPolygon","coordinates":[[[[442364.13,2142118.16],[442373.57,2142118.91],[442374.1,2142112.12],[442364.66,2142111.38],[442364.13,2142118.16]]]]}},{"type":"Feature","properties":{"building":"yes","height":6,"heightSource":"default"},"geometry":{"type":"MultiPolygon","coordinates":[[[[442348.58,2142125.15],[442352.71,2142132.35],[442359.18,2142128.69],[442355.05,2142121.49],[442348.58,2142125.15]]]]}},{"type":"Feature","properties":{"building":"yes","height":6,"heightSource":"default"},"geometry":{"type":"MultiPolygon","coordinates":[[[[442344.64,2142124.46],[442350.75,2142122.43],[442348.12,2142114.6],[442342.02,2142116.63],[442344.64,2142124.46]]]]}},{"type":"Feature","properties":{"building":"yes","height":6,"heightSource":"default"},"geometry":{"type":"MultiPolygon","coordinates":[[[[442338.06,2142113.84],[442344.67,2142113.89],[442344.73,2142107.87],[442338.1,2142107.82],[442338.06,2142113.84]]]]}},{"type":"Feature","properties":{"building":"yes","height":6,"heightSource":"default"},"geometry":{"type":"MultiPolygon","coordinates":[[[[442345.94,2142113.82],[442355.6,2142114.06],[442355.86,2142104.04],[442346.21,2142103.79],[442345.94,2142113.82]]]]}},{"type":"Feature","properties":{"building":"yes","height":6,"heightSource":"default"},"geometry":{"type":"MultiPolygon","coordinates":[[[[442346.61,2142101.78],[442354.92,2142101.82],[442354.97,2142094.06],[442346.65,2142094.02],[442346.61,2142101.78]]]]}},{"type":"Feature","properties":{"building":"yes","height":6,"heightSource":"default"},"geometry":{"type":"MultiPolygon","coordinates":[[[[442335.84,2142102.15],[442345.41,2142101.99],[442345.25,2142092.86],[442335.67,2142093.04],[442335.84,2142102.15]]]]}},{"type":"Feature","properties":{"building":"yes","height":6,"heightSource":"default"},"geometry":{"type":"MultiPolygon","coordinates":[[[[442333.04,2142040.43],[442343.95,2142040.33],[442343.86,2142031.06],[442332.94,2142031.17],[442333.04,2142040.43]]]]}},{"type":"Feature","properties":{"building":"yes","height":6,"heightSource":"default"},"geometry":{"type":"MultiPolygon","coordinates":[[[[442330.59,2142047.36],[442338.34,2142046.99],[442338.08,2142041.66],[442330.33,2142042.04],[442330.59,2142047.36]]]]}},{"type":"Feature","properties":{"building":"yes","height":6,"heightSource":"default"},"geometry":{"type":"MultiPolygon","coordinates":[[[[442339.97,2142052.17],[442347.05,2142051.67],[442346.31,2142041.3],[442339.24,2142041.8],[442339.97,2142052.17]]]]}},{"type":"Feature","properties":{"building":"yes","height":6,"heightSource":"default"},"geometry":{"type":"MultiPolygon","coordinates":[[[[442365.22,2142063.84],[442383.96,2142063.02],[442383.3,2142048.43],[442366.65,2142049.17],[442366.94,2142055.69],[442364.86,2142055.78],[442365.22,2142063.84]]]]}},{"type":"Feature","properties":{"building":"yes","height":6,"heightSource":"default"},"geometry":{"type":"MultiPolygon","coordinates":[[[[442375.69,2142079.49],[442386.8,2142078.95],[442386.05,2142063.7],[442374.94,2142064.23],[442375.69,2142079.49]]]]}},{"type":"Feature","properties":{"building":"yes","height":6,"heightSource":"default"},"geometry":{"type":"MultiPolygon","coordinates":[[[[442385.1,2142024.79],[442393.9,2142024.7],[442393.81,2142016.84],[442385.01,2142016.94],[442385.1,2142024.79]]]]}},{"type":"Feature","properties":{"building":"yes","height":6,"heightSource":"default"},"geometry":{"type":"MultiPolygon","coordinates":[[[[442395.54,2142028.12],[442402.13,2142029.04],[442403.71,2142017.84],[442397.12,2142016.91],[442395.54,2142028.12]]]]}},{"type":"Feature","properties":{"building":"yes","height":6,"heightSource":"default"},"geometry":{"type":"MultiPolygon","coordinates":[[[[442426.99,2142022.35],[442436.36,2142022.46],[442436.51,2142009.89],[442427.14,2142009.77],[442426.99,2142022.35]]]]}},{"type":"Feature","properties":{"building":"yes","height":6,"heightSource":"default"},"geometry":{"type":"MultiPolygon","coordinates":[[[[442457.01,2142050.88],[442463.13,2142050.86],[442463.12,2142045.26],[442456.99,2142045.28],[442457.01,2142050.88]]]]}},{"type":"Feature","properties":{"building":"yes","height":6,"heightSource":"default"},"geometry":{"type":"MultiPolygon","coordinates":[[[[442464.04,2142049.39],[442475.52,2142049.49],[442475.6,2142041.61],[442464.12,2142041.5],[442464.04,2142049.39]]]]}},{"type":"Feature","properties":{"building":"yes","height":6,"heightSource":"default"},"geometry":{"type":"MultiPolygon","coordinates":[[[[442461.13,2142060.67],[442474.36,2142060.56],[442474.29,2142051.94],[442461.05,2142052.06],[442461.13,2142060.67]]]]}},{"type":"Feature","properties":{"building":"yes","height":6,"heightSource":"default"},"geometry":{"type":"MultiPolygon","coordinates":[[[[442463.07,2142072.85],[442475.1,2142072.73],[442475.02,2142062.15],[442462.97,2142062.26],[442463.07,2142072.85]]]]}},{"type":"Feature","properties":{"building":"yes","height":6,"heightSource":"default"},"geometry":{"type":"MultiPolygon","coordinates":[[[[442445.54,2142100.48],[442452.8,2142100.45],[442452.77,2142092.2],[442445.52,2142092.22],[442445.54,2142100.48]]]]}},{"type":"Feature","properties":{"building":"yes","height":6,"heightSource":"default"},"geometry":{"type":"MultiPolygon","coordinates":[[[[442434.85,2142102.19],[442444.57,2142102.16],[442444.53,2142089.91],[442434.81,2142089.94],[442434.85,2142102.19]]]]}},{"type":"Feature","properties":{"building":"yes","height":6,"heightSource":"default"},"geometry":{"type":"MultiPolygon","coordinates":[[[[442432.42,2142068.82],[442443.05,2142068.57],[442442.84,2142059.41],[442432.2,2142059.65],[442432.42,2142068.82]]]]}},{"type":"Feature","properties":{"building":"yes","height":6,"heightSource":"default"},"geometry":{"type":"MultiPolygon","coordinates":[[[[442432.46,2142080.15],[442443.52,2142080.11],[442443.49,2142070.66],[442432.43,2142070.7],[442432.46,2142080.15]]]]}},{"type":"Feature","properties":{"building":"yes","height":6,"heightSource":"default"},"geometry":{"type":"MultiPolygon","coordinates":[[[[442407.42,2142089.4],[442418.26,2142089.37],[442418.22,2142078.02],[442407.38,2142078.06],[442407.42,2142089.4]]]]}},{"type":"Feature","properties":{"building":"yes","height":6,"heightSource":"default"},"geometry":{"type":"MultiPolygon","coordinates":[[[[442388.83,2142092.75],[442391.58,2142092.74],[442391.6,2142097.36],[442403.7,2142097.32],[442403.65,2142080.95],[442388.79,2142080.99],[442388.83,2142092.75]]]]}},{"type":"Feature","properties":{"building":"yes","height":6,"heightSource":"default"},"geometry":{"type":"MultiPolygon","coordinates":[[[[442390.88,2142118.01],[442398.28,2142117.92],[442398.14,2142106.43],[442390.74,2142106.52],[442390.88,2142118.01]]]]}},{"type":"Feature","properties":{"building":"yes","height":6,"heightSource":"default"},"geometry":{"type":"MultiPolygon","coordinates":[[[[442399.88,2142132.61],[442408.19,2142132.65],[442408.25,2142121.83],[442399.94,2142121.78],[442399.88,2142132.61]]]]}},{"type":"Feature","properties":{"building":"yes","height":6,"heightSource":"default"},"geometry":{"type":"MultiPolygon","coordinates":[[[[442435.76,2142143.63],[442442.73,2142143.61],[442442.71,2142137.94],[442435.74,2142137.97],[442435.76,2142143.63]]]]}},{"type":"Feature","properties":{"building":"yes","height":6,"heightSource":"default"},"geometry":{"type":"MultiPolygon","coordinates":[[[[442435.37,2142135.44],[442446.36,2142135.69],[442446.64,2142123.48],[442435.65,2142123.23],[442435.37,2142135.44]]]]}},{"type":"Feature","properties":{"building":"yes","height":6,"heightSource":"default"},"geometry":{"type":"MultiPolygon","coordinates":[[[[442422.2,2142135.13],[442433.05,2142135.31],[442433.24,2142124.06],[442422.39,2142123.89],[442422.2,2142135.13]]]]}},{"type":"Feature","properties":{"building":"yes","height":6,"heightSource":"default"},"geometry":{"type":"MultiPolygon","coordinates":[[[[442411.55,2142169.96],[442423.56,2142167.9],[442421.26,2142154.61],[442409.25,2142156.66],[442411.55,2142169.96]]]]}},{"type":"Feature","properties":{"building":"yes","height":6,"heightSource":"default"},"geometry":{"type":"MultiPolygon","coordinates":[[[[442440.82,2142185.82],[442451.95,2142187.26],[442453.04,2142178.91],[442441.91,2142177.48],[442440.82,2142185.82]]]]}},{"type":"Feature","properties":{"building":"yes","height":6,"heightSource":"default"},"geometry":{"type":"MultiPolygon","coordinates":[[[[442475.27,2142191.39],[442481.54,2142191.5],[442481.66,2142185.72],[442475.39,2142185.6],[442475.27,2142191.39]]]]}},{"type":"Feature","properties":{"building":"yes","height":6,"heightSource":"default"},"geometry":{"type":"MultiPolygon","coordinates":[[[[442474.25,2142201.96],[442483.13,2142201.93],[442483.1,2142193.32],[442474.22,2142193.35],[442474.25,2142201.96]]]]}},{"type":"Feature","properties":{"building":"yes","height":6,"heightSource":"default"},"geometry":{"type":"MultiPolygon","coordinates":[[[[442487.09,2142211.43],[442493.57,2142211.35],[442493.49,2142206],[442487.02,2142206.1],[442487.09,2142211.43]]]]}},{"type":"Feature","properties":{"building":"yes","height":6,"heightSource":"default"},"geometry":{"type":"MultiPolygon","coordinates":[[[[442525.86,2142200.53],[442535.29,2142200.65],[442535.38,2142194.04],[442525.94,2142193.94],[442525.86,2142200.53]]]]}},{"type":"Feature","properties":{"building":"yes","height":6,"heightSource":"default"},"geometry":{"type":"MultiPolygon","coordinates":[[[[442461.77,2142152.43],[442471.21,2142152.55],[442471.32,2142142.91],[442461.88,2142142.8],[442461.77,2142152.43]]]]}},{"type":"Feature","properties":{"building":"yes","height":6,"heightSource":"default"},"geometry":{"type":"MultiPolygon","coordinates":[[[[442469.69,2142141.57],[442481.17,2142141.45],[442481.04,2142127.23],[442469.56,2142127.34],[442469.69,2142141.57]]]]}},{"type":"Feature","properties":{"building":"yes","height":6,"heightSource":"default"},"geometry":{"type":"MultiPolygon","coordinates":[[[[442469.51,2142126.1],[442481.69,2142126.27],[442481.81,2142117.34],[442469.62,2142117.17],[442469.51,2142126.1]]]]}},{"type":"Feature","properties":{"building":"yes","height":6,"heightSource":"default"},"geometry":{"type":"MultiPolygon","coordinates":[[[[442492.16,2142101.24],[442498.43,2142101.43],[442498.47,2142100.24],[442501.74,2142100.34],[442501.88,2142095.66],[442492.34,2142095.38],[442492.16,2142101.24]]]]}},{"type":"Feature","properties":{"building":"yes","height":6,"heightSource":"default"},"geometry":{"type":"MultiPolygon","coordinates":[[[[442487.34,2142109.37],[442492.55,2142109.57],[442492.82,2142102.31],[442487.61,2142102.11],[442487.34,2142109.37]]]]}},{"type":"Feature","properties":{"building":"yes","height":6,"heightSource":"default"},"geometry":{"type":"MultiPolygon","coordinates":[[[[442505.02,2142112.68],[442516.01,2142112.86],[442516.07,2142108.86],[442519.77,2142108.92],[442519.89,2142101.54],[442505.21,2142101.3],[442505.02,2142112.68]]]]}},{"type":"Feature","properties":{"building":"yes","height":6,"heightSource":"default"},"geometry":{"type":"MultiPolygon","coordinates":[[[[442497.98,2142134.89],[442505.38,2142134.93],[442505.43,2142127.48],[442498.02,2142127.43],[442497.98,2142134.89]]]]}},{"type":"Feature","properties":{"building":"yes","height":6,"heightSource":"default"},"geometry":{"type":"MultiPolygon","coordinates":[[[[442513.47,2142134],[442521.08,2142134.4],[442521.59,2142124.63],[442513.99,2142124.23],[442513.47,2142134]]]]}},{"type":"Feature","properties":{"building":"yes","height":6,"heightSource":"default"},"geometry":{"type":"MultiPolygon","coordinates":[[[[442507.51,2142164.89],[442515.75,2142164.87],[442515.73,2142156.32],[442507.48,2142156.35],[442507.51,2142164.89]]]]}},{"type":"Feature","properties":{"building":"yes","height":6,"heightSource":"default"},"geometry":{"type":"MultiPolygon","coordinates":[[[[442601.48,2142086.05],[442606.18,2142082.98],[442602.57,2142077.54],[442597.87,2142080.61],[442601.48,2142086.05]]]]}},{"type":"Feature","properties":{"building":"yes","height":6,"heightSource":"default"},"geometry":{"type":"MultiPolygon","coordinates":[[[[442564.83,2142095.41],[442570.23,2142094.97],[442570.59,2142099.2],[442575.74,2142098.77],[442574.08,2142078.96],[442563.52,2142079.83],[442564.83,2142095.41]]]]}},{"type":"Feature","properties":{"building":"yes","height":6,"heightSource":"default"},"geometry":{"type":"MultiPolygon","coordinates":[[[[442588.59,2142106.25],[442595.37,2142112.51],[442601.2,2142106.26],[442591.75,2142097.55],[442587.51,2142102.1],[442590.18,2142104.54],[442588.59,2142106.25]]]]}},{"type":"Feature","properties":{"building":"yes","height":6,"heightSource":"default"},"geometry":{"type":"MultiPolygon","coordinates":[[[[442601.22,2142111.54],[442607.92,2142116.48],[442613.67,2142108.79],[442606.97,2142103.83],[442601.22,2142111.54]]]]}},{"type":"Feature","properties":{"building":"yes","height":6,"heightSource":"default"},"geometry":{"type":"MultiPolygon","coordinates":[[[[442619.56,2142122.95],[442625.62,2142125.25],[442627.62,2142120.03],[442621.56,2142117.74],[442619.56,2142122.95]]]]}},{"type":"Feature","properties":{"building":"yes","height":6,"heightSource":"default"},"geometry":{"type":"MultiPolygon","coordinates":[[[[442615.3,2142135.08],[442621.89,2142137.01],[442624.96,2142126.63],[442618.37,2142124.72],[442615.3,2142135.08]]]]}},{"type":"Feature","properties":{"building":"yes","height":6,"heightSource":"default"},"geometry":{"type":"MultiPolygon","coordinates":[[[[442575.63,2142149.91],[442579.88,2142147.41],[442575.71,2142140.36],[442571.45,2142142.85],[442575.63,2142149.91]]]]}},{"type":"Feature","properties":{"building":"yes","height":6,"heightSource":"default"},"geometry":{"type":"MultiPolygon","coordinates":[[[[442572.12,2142154.12],[442575.53,2142159.32],[442584.11,2142153.76],[442580.7,2142148.56],[442572.12,2142154.12]]]]}},{"type":"Feature","properties":{"building":"yes","height":6,"heightSource":"default"},"geometry":{"type":"MultiPolygon","coordinates":[[[[442554.65,2142151.86],[442559.74,2142159.55],[442564.04,2142156.74],[442565.97,2142159.65],[442570.59,2142156.63],[442563.57,2142146.03],[442554.65,2142151.86]]]]}},{"type":"Feature","properties":{"building":"yes","height":6,"heightSource":"default"},"geometry":{"type":"MultiPolygon","coordinates":[[[[442614.85,2142215.38],[442619.63,2142211.58],[442616.47,2142207.66],[442611.7,2142211.45],[442614.85,2142215.38]]]]}},{"type":"Feature","properties":{"building":"yes","height":6,"heightSource":"default"},"geometry":{"type":"MultiPolygon","coordinates":[[[[442647.43,2142186.72],[442656.88,2142184.03],[442654.04,2142174.1],[442644.58,2142176.78],[442647.43,2142186.72]]]]}},{"type":"Feature","properties":{"building":"yes","height":6,"heightSource":"default"},"geometry":{"type":"MultiPolygon","coordinates":[[[[442637.01,2142185.49],[442644.75,2142183.08],[442642.64,2142176.36],[442634.9,2142178.77],[442637.01,2142185.49]]]]}},{"type":"Feature","properties":{"building":"yes","height":6,"heightSource":"default"},"geometry":{"type":"MultiPolygon","coordinates":[[[[442985.79,2142341.61],[442996.61,2142332.19],[442984.35,2142318.28],[442973.55,2142327.69],[442985.79,2142341.61]]]]}},{"type":"Feature","properties":{"building":"yes","height":6,"heightSource":"default"},"geometry":{"type":"MultiPolygon","coordinates":[[[[442971.62,2142355.36],[442976.29,2142350.86],[442968.66,2142343.05],[442963.99,2142347.55],[442971.62,2142355.36]]]]}},{"type":"Feature","properties":{"building":"yes","height":6,"heightSource":"default"},"geometry":{"type":"MultiPolygon","coordinates":[[[[442947.03,2142373.79],[442953.9,2142364.66],[442945.58,2142358.48],[442938.71,2142367.6],[442947.03,2142373.79]]]]}},{"type":"Feature","properties":{"building":"yes","height":6,"heightSource":"default"},"geometry":{"type":"MultiPolygon","coordinates":[[[[442935.6,2142412.47],[442940.27,2142405.58],[442929.26,2142398.2],[442924.59,2142405.08],[442935.6,2142412.47]]]]}},{"type":"Feature","properties":{"building":"yes","height":6,"heightSource":"default"},"geometry":{"type":"MultiPolygon","coordinates":[[[[442258.7,2142091.55],[442270.88,2142091.31],[442270.74,2142085.05],[442258.56,2142085.3],[442258.7,2142091.55]]]]}},{"type":"Feature","properties":{"building":"yes","height":6,"heightSource":"default"},"geometry":{"type":"MultiPolygon","coordinates":[[[[442037.57,2142176.47],[442059.06,2142162.26],[442052.7,2142152.74],[442031.2,2142166.94],[442037.57,2142176.47]]]]}},{"type":"Feature","properties":{"building":"yes","height":6,"heightSource":"default"},"geometry":{"type":"MultiPolygon","coordinates":[[[[442011.85,2142195.73],[442029.82,2142175.93],[442020.62,2142167.69],[442002.66,2142187.49],[442011.85,2142195.73]]]]}},{"type":"Feature","properties":{"building":"yes","height":6,"heightSource":"default"},"geometry":{"type":"MultiPolygon","coordinates":[[[[442290.15,2141930.24],[442298.25,2141932.52],[442301.17,2141922.3],[442293.08,2141920.01],[442290.15,2141930.24]]]]}},{"type":"Feature","properties":{"building":"yes","height":6,"heightSource":"default"},"geometry":{"type":"MultiPolygon","coordinates":[[[[442210.03,2141757.31],[442215.81,2141758.27],[442217.76,2141746.67],[442211.99,2141745.7],[442210.03,2141757.31]]]]}},{"type":"Feature","properties":{"building":"yes","height":6,"heightSource":"default"},"geometry":{"type":"MultiPolygon","coordinates":[[[[442220.85,2141752.94],[442226.09,2141757.82],[442233.72,2141749.75],[442228.49,2141744.86],[442220.85,2141752.94]]]]}},{"type":"Feature","properties":{"building":"yes","height":6,"heightSource":"default"},"geometry":{"type":"MultiPolygon","coordinates":[[[[442233.53,2141795.59],[442241.43,2141800.47],[442245.88,2141793.35],[442237.98,2141788.47],[442233.53,2141795.59]]]]}},{"type":"Feature","properties":{"building":"yes","height":6,"heightSource":"default"},"geometry":{"type":"MultiPolygon","coordinates":[[[[442226.86,2141778.4],[442236.71,2141782.7],[442242.73,2141769.11],[442232.86,2141764.8],[442226.86,2141778.4]]]]}},{"type":"Feature","properties":{"building":"yes","height":6,"heightSource":"default"},"geometry":{"type":"MultiPolygon","coordinates":[[[[442191.62,2141815.89],[442197.3,2141818.58],[442200.79,2141811.29],[442195.12,2141808.6],[442191.62,2141815.89]]]]}},{"type":"Feature","properties":{"building":"yes","height":6,"heightSource":"default"},"geometry":{"type":"MultiPolygon","coordinates":[[[[442242.94,2141832.67],[442252.81,2141834.88],[442254.56,2141827.16],[442244.69,2141824.96],[442242.94,2141832.67]]]]}},{"type":"Feature","properties":{"building":"yes","height":6,"heightSource":"default"},"geometry":{"type":"MultiPolygon","coordinates":[[[[442295.86,2141864.42],[442304.72,2141861.74],[442300.88,2141849.2],[442292.01,2141851.89],[442295.86,2141864.42]]]]}},{"type":"Feature","properties":{"building":"yes","height":6,"heightSource":"default"},"geometry":{"type":"MultiPolygon","coordinates":[[[[442283.39,2141883.78],[442290.84,2141883.76],[442290.8,2141869.89],[442283.34,2141869.92],[442283.39,2141883.78]]]]}},{"type":"Feature","properties":{"building":"yes","height":6,"heightSource":"default"},"geometry":{"type":"MultiPolygon","coordinates":[[[[442210.41,2141858.68],[442214.49,2141863.07],[442222.92,2141855.34],[442218.84,2141850.95],[442210.41,2141858.68]]]]}},{"type":"Feature","properties":{"building":"yes","height":6,"heightSource":"default"},"geometry":{"type":"MultiPolygon","coordinates":[[[[442185.3,2141843.14],[442191.99,2141843.33],[442192.2,2141835.87],[442185.51,2141835.68],[442185.3,2141843.14]]]]}},{"type":"Feature","properties":{"building":"yes","height":6,"heightSource":"default"},"geometry":{"type":"MultiPolygon","coordinates":[[[[442176.51,2141846.67],[442183.27,2141847.07],[442183.89,2141836.74],[442177.12,2141836.34],[442176.51,2141846.67]]]]}},{"type":"Feature","properties":{"building":"yes","height":6,"heightSource":"default"},"geometry":{"type":"MultiPolygon","coordinates":[[[[442213.79,2141921.45],[442221.48,2141926.26],[442226.46,2141918.38],[442218.77,2141913.58],[442213.79,2141921.45]]]]}},{"type":"Feature","properties":{"building":"yes","height":6,"heightSource":"default"},"geometry":{"type":"MultiPolygon","coordinates":[[[[442210.3,2141930.64],[442217.23,2141934.51],[442220.8,2141928.2],[442213.87,2141924.33],[442210.3,2141930.64]]]]}},{"type":"Feature","properties":{"building":"yes","height":6,"heightSource":"default"},"geometry":{"type":"MultiPolygon","coordinates":[[[[442193.27,2141936.36],[442200.53,2141940.77],[442204.8,2141933.83],[442197.54,2141929.42],[442193.27,2141936.36]]]]}},{"type":"Feature","properties":{"building":"yes","height":6,"heightSource":"default"},"geometry":{"type":"MultiPolygon","coordinates":[[[[442152.7,2141909.12],[442163.7,2141914.68],[442166.27,2141909.66],[442155.27,2141904.1],[442152.7,2141909.12]]]]}},{"type":"Feature","properties":{"building":"yes","height":6,"heightSource":"default"},"geometry":{"type":"MultiPolygon","coordinates":[[[[442171.48,2141925.5],[442178.96,2141929.68],[442182.41,2141923.57],[442174.93,2141919.4],[442171.48,2141925.5]]]]}},{"type":"Feature","properties":{"building":"yes","height":6,"heightSource":"default"},"geometry":{"type":"MultiPolygon","coordinates":[[[[442186.6,2141920.63],[442193.6,2141924.97],[442200.12,2141914.59],[442193.11,2141910.25],[442186.6,2141920.63]]]]}},{"type":"Feature","properties":{"building":"yes","height":6,"heightSource":"default"},"geometry":{"type":"MultiPolygon","coordinates":[[[[442200.13,2141899.94],[442207.7,2141908.8],[442215.22,2141902.46],[442207.66,2141893.6],[442200.13,2141899.94]]]]}},{"type":"Feature","properties":{"building":"yes","height":6,"heightSource":"default"},"geometry":{"type":"MultiPolygon","coordinates":[[[[442181.31,2141894.26],[442195.32,2141901.88],[442203.24,2141887.5],[442183.04,2141876.52],[442177.43,2141886.71],[442183.61,2141890.07],[442181.31,2141894.26]]]]}},{"type":"Feature","properties":{"building":"yes","height":6,"heightSource":"default"},"geometry":{"type":"MultiPolygon","coordinates":[[[[442128.97,2141867.75],[442160.56,2141879.97],[442165.23,2141868.04],[442133.65,2141855.82],[442128.97,2141867.75]]]]}},{"type":"Feature","properties":{"building":"yes","height":6,"heightSource":"default"},"geometry":{"type":"MultiPolygon","coordinates":[[[[442126.91,2141882.74],[442137.49,2141887.47],[442142.78,2141875.74],[442132.2,2141871.02],[442126.91,2141882.74]]]]}},{"type":"Feature","properties":{"building":"yes","height":6,"heightSource":"default"},"geometry":{"type":"MultiPolygon","coordinates":[[[[442122.73,2141897.31],[442131.47,2141900.79],[442135.45,2141890.89],[442126.7,2141887.41],[442122.73,2141897.31]]]]}},{"type":"Feature","properties":{"building":"yes","height":6,"heightSource":"default"},"geometry":{"type":"MultiPolygon","coordinates":[[[[442099.55,2141917.54],[442107.8,2141921.49],[442114.37,2141907.88],[442106.13,2141903.95],[442099.55,2141917.54]]]]}},{"type":"Feature","properties":{"building":"yes","height":6,"heightSource":"default"},"geometry":{"type":"MultiPolygon","coordinates":[[[[442077.87,2141965.22],[442086.06,2141969.67],[442091.6,2141959.61],[442083.42,2141955.16],[442077.87,2141965.22]]]]}},{"type":"Feature","properties":{"building":"yes","height":6,"heightSource":"default"},"geometry":{"type":"MultiPolygon","coordinates":[[[[442018.92,2142071.53],[442027.67,2142076.47],[442032.97,2142067.2],[442024.22,2142062.26],[442018.92,2142071.53]]]]}},{"type":"Feature","properties":{"building":"yes","height":6,"heightSource":"default"},"geometry":{"type":"MultiPolygon","coordinates":[[[[442023.33,2142060.46],[442035.87,2142066.78],[442044.01,2142050.83],[442031.47,2142044.5],[442023.33,2142060.46]]]]}},{"type":"Feature","properties":{"building":"yes","height":6,"heightSource":"default"},"geometry":{"type":"MultiPolygon","coordinates":[[[[442073.27,2142045.8],[442081.66,2142050.26],[442087.64,2142039.12],[442079.25,2142034.66],[442073.27,2142045.8]]]]}},{"type":"Feature","properties":{"building":"yes","height":6,"heightSource":"default"},"geometry":{"type":"MultiPolygon","coordinates":[[[[442069.42,2142052.47],[442080.43,2142057.9],[442083.3,2142052.14],[442072.29,2142046.71],[442069.42,2142052.47]]]]}},{"type":"Feature","properties":{"building":"yes","height":6,"heightSource":"default"},"geometry":{"type":"MultiPolygon","coordinates":[[[[442084.63,2142051.44],[442097.68,2142056.92],[442103.75,2142042.63],[442097.72,2142040.09],[442095.43,2142045.48],[442088.42,2142042.53],[442084.63,2142051.44]]]]}},{"type":"Feature","properties":{"building":"yes","height":6,"heightSource":"default"},"geometry":{"type":"MultiPolygon","coordinates":[[[[442144.64,2142034.31],[442152.74,2142038.95],[442159.96,2142026.55],[442151.86,2142021.89],[442144.64,2142034.31]]]]}},{"type":"Feature","properties":{"building":"yes","height":6,"heightSource":"default"},"geometry":{"type":"MultiPolygon","coordinates":[[[[442137.36,2142047.63],[442144.01,2142050.91],[442148.5,2142041.93],[442141.84,2142038.66],[442137.36,2142047.63]]]]}},{"type":"Feature","properties":{"building":"yes","height":6,"heightSource":"default"},"geometry":{"type":"MultiPolygon","coordinates":[[[[442132.87,2142055.13],[442138.97,2142058.76],[442142.82,2142052.39],[442136.73,2142048.75],[442132.87,2142055.13]]]]}},{"type":"Feature","properties":{"building":"yes","height":6,"heightSource":"default"},"geometry":{"type":"MultiPolygon","coordinates":[[[[442127.54,2142059.56],[442131.92,2142062.28],[442134.65,2142057.93],[442130.27,2142055.21],[442127.54,2142059.56]]]]}},{"type":"Feature","properties":{"building":"yes","height":6,"heightSource":"default"},"geometry":{"type":"MultiPolygon","coordinates":[[[[442142.51,2142117.12],[442151.72,2142112.12],[442148.57,2142106.4],[442139.37,2142111.4],[442142.51,2142117.12]]]]}},{"type":"Feature","properties":{"building":"yes","height":6,"heightSource":"default"},"geometry":{"type":"MultiPolygon","coordinates":[[[[442192.8,2142295.95],[442202.47,2142301.52],[442205.6,2142296.13],[442195.94,2142290.56],[442192.8,2142295.95]]]]}},{"type":"Feature","properties":{"building":"yes","height":6,"heightSource":"default"},"geometry":{"type":"MultiPolygon","coordinates":[[[[442305.3,2142329.96],[442310.64,2142325.4],[442307,2142321.2],[442301.66,2142325.77],[442305.3,2142329.96]]]]}},{"type":"Feature","properties":{"building":"yes","height":6,"heightSource":"default"},"geometry":{"type":"MultiPolygon","coordinates":[[[[442295.83,2142342.32],[442301.7,2142337.74],[442291.93,2142325.38],[442281.73,2142333.35],[442285.83,2142338.53],[442290.17,2142335.16],[442295.83,2142342.32]]]]}},{"type":"Feature","properties":{"building":"yes","height":6,"heightSource":"default"},"geometry":{"type":"MultiPolygon","coordinates":[[[[442400.89,2142254.2],[442406.99,2142243.68],[442402.4,2142241.05],[442396.31,2142251.57],[442400.89,2142254.2]]]]}},{"type":"Feature","properties":{"building":"yes","height":6,"heightSource":"default"},"geometry":{"type":"MultiPolygon","coordinates":[[[[442264.25,2142264.36],[442260.92,2142270.65],[442273.26,2142277.11],[442276.59,2142270.84],[442264.25,2142264.36]]]]}},{"type":"Feature","properties":{"building":"yes","height":6,"heightSource":"default"},"geometry":{"type":"MultiPolygon","coordinates":[[[[442266.65,2142199.67],[442260.14,2142192.07],[442255.19,2142196.26],[442261.68,2142203.86],[442266.65,2142199.67]]]]}},{"type":"Feature","properties":{"building":"yes","height":6,"heightSource":"default"},"geometry":{"type":"MultiPolygon","coordinates":[[[[442270.8,2142202.12],[442277.91,2142198.31],[442274.9,2142192.77],[442267.8,2142196.56],[442270.8,2142202.12]]]]}},{"type":"Feature","properties":{"building":"yes","height":6,"heightSource":"default"},"geometry":{"type":"MultiPolygon","coordinates":[[[[442279.81,2142197.33],[442285.92,2142195.21],[442282.13,2142184.38],[442276.01,2142186.5],[442279.81,2142197.33]]]]}},{"type":"Feature","properties":{"building":"yes","height":6,"heightSource":"default"},"geometry":{"type":"MultiPolygon","coordinates":[[[[442276.67,2142209.51],[442286.15,2142201.36],[442282.42,2142197.08],[442272.94,2142205.23],[442276.67,2142209.51]]]]}},{"type":"Feature","properties":{"building":"yes","height":6,"heightSource":"default"},"geometry":{"type":"MultiPolygon","coordinates":[[[[442261.55,2142234.98],[442264.38,2142238.48],[442270.71,2142233.42],[442267.87,2142229.91],[442261.55,2142234.98]]]]}},{"type":"Feature","properties":{"building":"yes","height":6,"heightSource":"default"},"geometry":{"type":"MultiPolygon","coordinates":[[[[442276.5,2142244.3],[442282.96,2142239.21],[442277.17,2142231.94],[442270.7,2142237.04],[442276.5,2142244.3]]]]}},{"type":"Feature","properties":{"building":"yes","height":6,"heightSource":"default"},"geometry":{"type":"MultiPolygon","coordinates":[[[[442250.68,2142228.22],[442257.02,2142226.52],[442255.34,2142220.37],[442249.01,2142222.07],[442250.68,2142228.22]]]]}},{"type":"Feature","properties":{"building":"yes","height":6,"heightSource":"default"},"geometry":{"type":"MultiPolygon","coordinates":[[[[442231.1,2142226.32],[442235.56,2142230.94],[442242.16,2142224.61],[442237.69,2142220.01],[442231.1,2142226.32]]]]}},{"type":"Feature","properties":{"building":"yes","height":6,"heightSource":"default"},"geometry":{"type":"MultiPolygon","coordinates":[[[[442177.51,2142203.05],[442181.88,2142206.56],[442188.96,2142197.85],[442184.59,2142194.34],[442177.51,2142203.05]]]]}},{"type":"Feature","properties":{"building":"yes","height":6,"heightSource":"default"},"geometry":{"type":"MultiPolygon","coordinates":[[[[442171.78,2142220.07],[442179.97,2142227.16],[442198,2142206.59],[442189.81,2142199.5],[442171.78,2142220.07]]]]}},{"type":"Feature","properties":{"building":"yes","height":6,"heightSource":"default"},"geometry":{"type":"MultiPolygon","coordinates":[[[[442225.54,2142205.69],[442231.89,2142211.67],[442237.44,2142205.83],[442231.09,2142199.87],[442225.54,2142205.69]]]]}},{"type":"Feature","properties":{"building":"yes","height":6,"heightSource":"default"},"geometry":{"type":"MultiPolygon","coordinates":[[[[442215.02,2142197.96],[442220.67,2142203.19],[442225.71,2142197.8],[442220.07,2142192.56],[442215.02,2142197.96]]]]}},{"type":"Feature","properties":{"building":"yes","height":6,"heightSource":"default"},"geometry":{"type":"MultiPolygon","coordinates":[[[[442210.26,2142204.61],[442215.48,2142210],[442220.49,2142205.18],[442215.26,2142199.81],[442210.26,2142204.61]]]]}},{"type":"Feature","properties":{"building":"yes","height":6,"heightSource":"default"},"geometry":{"type":"MultiPolygon","coordinates":[[[[442199.57,2142190.65],[442203.22,2142185.88],[442197.61,2142181.65],[442193.97,2142186.42],[442199.57,2142190.65]]]]}},{"type":"Feature","properties":{"building":"yes","height":6,"heightSource":"default"},"geometry":{"type":"MultiPolygon","coordinates":[[[[442205.76,2142188.54],[442212.62,2142194.33],[442217.7,2142188.38],[442210.85,2142182.59],[442205.76,2142188.54]]]]}},{"type":"Feature","properties":{"building":"yes","height":6,"heightSource":"default"},"geometry":{"type":"MultiPolygon","coordinates":[[[[442196.35,2142195.14],[442203.92,2142205.68],[442211.27,2142200.47],[442203.7,2142189.93],[442196.35,2142195.14]]]]}},{"type":"Feature","properties":{"building":"yes","height":6,"heightSource":"default"},"geometry":{"type":"MultiPolygon","coordinates":[[[[442208.56,2142178.66],[442214.59,2142184.12],[442222.2,2142175.81],[442216.15,2142170.35],[442208.56,2142178.66]]]]}},{"type":"Feature","properties":{"building":"yes","height":6,"heightSource":"default"},"geometry":{"type":"MultiPolygon","coordinates":[[[[442210.44,2142172.7],[442215.33,2142167.12],[442206.71,2142159.65],[442201.81,2142165.23],[442210.44,2142172.7]]]]}},{"type":"Feature","properties":{"building":"yes","height":6,"heightSource":"default"},"geometry":{"type":"MultiPolygon","coordinates":[[[[442216.78,2142167.11],[442222.9,2142160.44],[442215.48,2142153.74],[442212.82,2142156.63],[442217.49,2142160.86],[442214.04,2142164.62],[442216.78,2142167.11]]]]}},{"type":"Feature","properties":{"building":"yes","height":6,"heightSource":"default"},"geometry":{"type":"MultiPolygon","coordinates":[[[[442216.83,2142167.92],[442229.26,2142179.01],[442235.83,2142171.73],[442223.4,2142160.64],[442216.83,2142167.92]]]]}},{"type":"Feature","properties":{"building":"yes","height":6,"heightSource":"default"},"geometry":{"type":"MultiPolygon","coordinates":[[[[442241.58,2142133.81],[442252.1,2142144.22],[442261.4,2142134.91],[442248.05,2142121.72],[442240.32,2142129.45],[442243.16,2142132.24],[442241.58,2142133.81]]]]}},{"type":"Feature","properties":{"building":"yes","height":6,"heightSource":"default"},"geometry":{"type":"MultiPolygon","coordinates":[[[[442241.5,2142110.65],[442245.37,2142107.13],[442242.67,2142104.21],[442238.82,2142107.73],[442241.5,2142110.65]]]]}},{"type":"Feature","properties":{"building":"yes","height":6,"heightSource":"default"},"geometry":{"type":"MultiPolygon","coordinates":[[[[442246.77,2142106.58],[442250.14,2142103.2],[442246.57,2142099.68],[442243.2,2142103.05],[442246.77,2142106.58]]]]}},{"type":"Feature","properties":{"building":"yes","height":6,"heightSource":"default"},"geometry":{"type":"MultiPolygon","coordinates":[[[[442251.19,2142102.78],[442256.12,2142099.05],[442252.72,2142094.63],[442247.8,2142098.35],[442251.19,2142102.78]]]]}},{"type":"Feature","properties":{"building":"yes","height":6,"heightSource":"default"},"geometry":{"type":"MultiPolygon","coordinates":[[[[442260.25,2142095.64],[442256.86,2142090.86],[442254.18,2142092.74],[442257.57,2142097.52],[442260.25,2142095.64]]]]}},{"type":"Feature","properties":{"building":"yes","height":6,"heightSource":"default"},"geometry":{"type":"MultiPolygon","coordinates":[[[[442254.45,2141998.96],[442260.37,2142000.76],[442262.16,2141994.96],[442256.24,2141993.15],[442254.45,2141998.96]]]]}},{"type":"Feature","properties":{"building":"yes","height":6,"heightSource":"default"},"geometry":{"type":"MultiPolygon","coordinates":[[[[442244.71,2141988.98],[442263.18,2141993.82],[442268.16,2141975.01],[442249.7,2141970.18],[442244.71,2141988.98]]]]}},{"type":"Feature","properties":{"building":"yes","height":6,"heightSource":"default"},"geometry":{"type":"MultiPolygon","coordinates":[[[[442226.9,2141969.16],[442235.85,2141969.54],[442236.05,2141964.81],[442227.1,2141964.42],[442226.9,2141969.16]]]]}},{"type":"Feature","properties":{"building":"yes","height":6,"heightSource":"default"},"geometry":{"type":"MultiPolygon","coordinates":[[[[442223.9,2141976.86],[442235.65,2141977.32],[442235.92,2141970.51],[442224.16,2141970.06],[442223.9,2141976.86]]]]}},{"type":"Feature","properties":{"building":"yes","height":6,"heightSource":"default"},"geometry":{"type":"MultiPolygon","coordinates":[[[[442208.17,2141972.5],[442217.83,2141974.22],[442219.45,2141965.24],[442209.79,2141963.51],[442208.17,2141972.5]]]]}},{"type":"Feature","properties":{"building":"yes","height":6,"heightSource":"default"},"geometry":{"type":"MultiPolygon","coordinates":[[[[442208.98,2141980.97],[442220.95,2141982.47],[442221.72,2141976.43],[442209.74,2141974.93],[442208.98,2141980.97]]]]}},{"type":"Feature","properties":{"building":"yes","height":6,"heightSource":"default"},"geometry":{"type":"MultiPolygon","coordinates":[[[[442200.27,2142011.45],[442206.4,2142012.97],[442208.98,2142002.7],[442202.85,2142001.17],[442200.27,2142011.45]]]]}},{"type":"Feature","properties":{"building":"yes","height":6,"heightSource":"default"},"geometry":{"type":"MultiPolygon","coordinates":[[[[442229.8,2142017.86],[442234.24,2142018.27],[442234.94,2142010.74],[442230.49,2142010.33],[442229.8,2142017.86]]]]}},{"type":"Feature","properties":{"building":"yes","height":6,"heightSource":"default"},"geometry":{"type":"MultiPolygon","coordinates":[[[[442216.35,2142017.9],[442228.61,2142019.06],[442229.74,2142007.15],[442217.48,2142006],[442216.35,2142017.9]]]]}},{"type":"Feature","properties":{"building":"yes","height":6,"heightSource":"default"},"geometry":{"type":"MultiPolygon","coordinates":[[[[442248.2,2142045.6],[442256.29,2142045.64],[442256.33,2142040.2],[442248.22,2142040.15],[442248.2,2142045.6]]]]}},{"type":"Feature","properties":{"building":"yes","height":6,"heightSource":"default"},"geometry":{"type":"MultiPolygon","coordinates":[[[[442265.3,2142045.68],[442274.32,2142045.52],[442274.08,2142032.74],[442265.06,2142032.9],[442265.3,2142045.68]]]]}},{"type":"Feature","properties":{"building":"yes","height":6,"heightSource":"default"},"geometry":{"type":"MultiPolygon","coordinates":[[[[442251.47,2142057.27],[442260.49,2142056.9],[442260.23,2142050.86],[442251.22,2142051.23],[442251.47,2142057.27]]]]}},{"type":"Feature","properties":{"building":"yes","height":6,"heightSource":"default"},"geometry":{"type":"MultiPolygon","coordinates":[[[[442254.37,2142062.17],[442262.47,2142062.14],[442262.46,2142058.01],[442254.36,2142058.04],[442254.37,2142062.17]]]]}},{"type":"Feature","properties":{"building":"yes","height":6,"heightSource":"default"},"geometry":{"type":"MultiPolygon","coordinates":[[[[442255.53,2142071.19],[442266.87,2142071.22],[442266.88,2142065.85],[442255.55,2142065.81],[442255.53,2142071.19]]]]}},{"type":"Feature","properties":{"building":"yes","height":6,"heightSource":"default"},"geometry":{"type":"MultiPolygon","coordinates":[[[[442269.36,2142078.22],[442276.47,2142078.05],[442276.16,2142064.9],[442269.05,2142065.06],[442269.36,2142078.22]]]]}},{"type":"Feature","properties":{"building":"yes","height":6,"heightSource":"default"},"geometry":{"type":"MultiPolygon","coordinates":[[[[442312.08,2141982.95],[442321.73,2141983.49],[442322.03,2141977.97],[442312.39,2141977.44],[442312.08,2141982.95]]]]}},{"type":"Feature","properties":{"building":"yes","height":6,"heightSource":"default"},"geometry":{"type":"MultiPolygon","coordinates":[[[[442314.93,2141993.8],[442325.36,2141994.74],[442326.13,2141986.35],[442315.7,2141985.4],[442314.93,2141993.8]]]]}},{"type":"Feature","properties":{"building":"yes","height":6,"heightSource":"default"},"geometry":{"type":"MultiPolygon","coordinates":[[[[442000.15,2142323.44],[442010.72,2142326.22],[442012.41,2142319.82],[442001.84,2142317.05],[442000.15,2142323.44]]]]}},{"type":"Feature","properties":{"building":"yes","height":6,"heightSource":"default"},"geometry":{"type":"MultiPolygon","coordinates":[[[[441857.73,2142334.75],[441865.18,2142337.84],[441868.47,2142329.98],[441861.01,2142326.9],[441857.73,2142334.75]]]]}},{"type":"Feature","properties":{"building":"yes","height":6,"heightSource":"default"},"geometry":{"type":"MultiPolygon","coordinates":[[[[441932.21,2142327.66],[441936.29,2142322.24],[441928.81,2142316.67],[441924.72,2142322.08],[441932.21,2142327.66]]]]}},{"type":"Feature","properties":{"building":"yes","height":6,"heightSource":"default"},"geometry":{"type":"MultiPolygon","coordinates":[[[[441620.53,2142217.57],[441627.57,2142217.27],[441627.15,2142207.76],[441620.12,2142208.07],[441620.53,2142217.57]]]]}},{"type":"Feature","properties":{"building":"yes","height":6,"heightSource":"default"},"geometry":{"type":"MultiPolygon","coordinates":[[[[441295.7,2142398.45],[441302.73,2142398.38],[441302.63,2142387.67],[441295.6,2142387.73],[441295.7,2142398.45]]]]}},{"type":"Feature","properties":{"building":"yes","height":6,"heightSource":"default"},"geometry":{"type":"MultiPolygon","coordinates":[[[[441363.03,2142379.68],[441371.62,2142379.37],[441371.23,2142368.67],[441362.64,2142368.98],[441363.03,2142379.68]]]]}},{"type":"Feature","properties":{"building":"yes","height":6,"heightSource":"default"},"geometry":{"type":"MultiPolygon","coordinates":[[[[441316.32,2142351.69],[441333.36,2142349.95],[441332.08,2142337.53],[441323.14,2142338.44],[441323.59,2142342.9],[441315.5,2142343.73],[441316.32,2142351.69]]]]}},{"type":"Feature","properties":{"building":"yes","height":6,"heightSource":"default"},"geometry":{"type":"MultiPolygon","coordinates":[[[[441344.5,2142308.48],[441350.83,2142309.44],[441352.31,2142299.77],[441345.98,2142298.8],[441344.5,2142308.48]]]]}},{"type":"Feature","properties":{"building":"yes","height":6,"heightSource":"default"},"geometry":{"type":"MultiPolygon","coordinates":[[[[441344.02,2142205.43],[441350.64,2142207.66],[441355.46,2142193.45],[441348.83,2142191.22],[441344.02,2142205.43]]]]}},{"type":"Feature","properties":{"building":"yes","height":6,"heightSource":"default"},"geometry":{"type":"MultiPolygon","coordinates":[[[[441346.89,2142223.06],[441355.21,2142222.76],[441354.78,2142211.45],[441346.47,2142211.77],[441346.89,2142223.06]]]]}},{"type":"Feature","properties":{"building":"yes","height":6,"heightSource":"default"},"geometry":{"type":"MultiPolygon","coordinates":[[[[441329.44,2142229.01],[441335.15,2142232.41],[441338.36,2142227.08],[441332.67,2142223.67],[441329.44,2142229.01]]]]}},{"type":"Feature","properties":{"building":"yes","height":6,"heightSource":"default"},"geometry":{"type":"MultiPolygon","coordinates":[[[[441288.25,2142251.39],[441298.27,2142256.83],[441303.43,2142247.43],[441293.41,2142241.99],[441288.25,2142251.39]]]]}},{"type":"Feature","properties":{"building":"yes","height":6,"heightSource":"default"},"geometry":{"type":"MultiPolygon","coordinates":[[[[441308.13,2142257.91],[441319.4,2142257.6],[441319.09,2142246.76],[441307.83,2142247.08],[441308.13,2142257.91]]]]}},{"type":"Feature","properties":{"building":"yes","height":6,"heightSource":"default"},"geometry":{"type":"MultiPolygon","coordinates":[[[[441322.44,2142238.41],[441329.83,2142243.92],[441335.01,2142237.05],[441327.62,2142231.54],[441322.44,2142238.41]]]]}},{"type":"Feature","properties":{"building":"yes","height":6,"heightSource":"default"},"geometry":{"type":"MultiPolygon","coordinates":[[[[441378.5,2142283.87],[441385.82,2142283.99],[441385.97,2142274.89],[441378.65,2142274.78],[441378.5,2142283.87]]]]}},{"type":"Feature","properties":{"building":"yes","height":6,"heightSource":"default"},"geometry":{"type":"MultiPolygon","coordinates":[[[[441388.13,2142301.75],[441395.59,2142299.49],[441393.47,2142292.58],[441386.01,2142294.85],[441388.13,2142301.75]]]]}},{"type":"Feature","properties":{"building":"yes","height":6,"heightSource":"default"},"geometry":{"type":"MultiPolygon","coordinates":[[[[441444.55,2142284.64],[441452.43,2142282.22],[441449.96,2142274.22],[441442.08,2142276.62],[441444.55,2142284.64]]]]}},{"type":"Feature","properties":{"building":"yes","height":6,"heightSource":"default"},"geometry":{"type":"MultiPolygon","coordinates":[[[[441397,2142344.85],[441407.71,2142345.8],[441408.62,2142335.58],[441397.92,2142334.63],[441397,2142344.85]]]]}},{"type":"Feature","properties":{"building":"yes","height":6,"heightSource":"default"},"geometry":{"type":"MultiPolygon","coordinates":[[[[441527.25,2142316.01],[441532.11,2142316.13],[441532.31,2142308.59],[441527.45,2142308.46],[441527.25,2142316.01]]]]}},{"type":"Feature","properties":{"building":"yes","height":6,"heightSource":"default"},"geometry":{"type":"MultiPolygon","coordinates":[[[[441535.33,2142331.17],[441547.37,2142330.78],[441546.9,2142316.37],[441534.86,2142316.75],[441535.33,2142331.17]]]]}},{"type":"Feature","properties":{"building":"yes","height":6,"heightSource":"default"},"geometry":{"type":"MultiPolygon","coordinates":[[[[441564.75,2142324.29],[441571.58,2142324.33],[441571.64,2142315.38],[441564.81,2142315.34],[441564.75,2142324.29]]]]}},{"type":"Feature","properties":{"building":"yes","height":6,"heightSource":"default"},"geometry":{"type":"MultiPolygon","coordinates":[[[[441576.93,2142323.13],[441587.99,2142323.16],[441588.01,2142314.34],[441576.95,2142314.31],[441576.93,2142323.13]]]]}},{"type":"Feature","properties":{"building":"yes","height":6,"heightSource":"default"},"geometry":{"type":"MultiPolygon","coordinates":[[[[441599.45,2142318.3],[441605.78,2142318.41],[441605.95,2142309.67],[441599.61,2142309.56],[441599.45,2142318.3]]]]}},{"type":"Feature","properties":{"building":"yes","height":6,"heightSource":"default"},"geometry":{"type":"MultiPolygon","coordinates":[[[[441593.05,2142324.83],[441602.14,2142324.72],[441602.09,2142319.75],[441593.01,2142319.85],[441593.05,2142324.83]]]]}},{"type":"Feature","properties":{"building":"yes","height":6,"heightSource":"default"},"geometry":{"type":"MultiPolygon","coordinates":[[[[441652.12,2142318.96],[441660.71,2142318.93],[441660.68,2142311.94],[441652.09,2142311.97],[441652.12,2142318.96]]]]}},{"type":"Feature","properties":{"building":"yes","height":6,"heightSource":"default"},"geometry":{"type":"MultiPolygon","coordinates":[[[[441627.64,2142326.32],[441638.9,2142324.05],[441637.04,2142314.98],[441625.78,2142317.25],[441627.64,2142326.32]]]]}},{"type":"Feature","properties":{"building":"yes","height":6,"heightSource":"default"},"geometry":{"type":"MultiPolygon","coordinates":[[[[441429.99,2142094.28],[441440.71,2142099.57],[441443.57,2142093.85],[441432.85,2142088.56],[441429.99,2142094.28]]]]}},{"type":"Feature","properties":{"building":"yes","height":6,"heightSource":"default"},"geometry":{"type":"MultiPolygon","coordinates":[[[[441422.07,2142081.42],[441433.49,2142086.85],[441438.5,2142076.43],[441427.07,2142071.02],[441422.07,2142081.42]]]]}},{"type":"Feature","properties":{"building":"yes","height":6,"heightSource":"default"},"geometry":{"type":"MultiPolygon","coordinates":[[[[441512.64,2142130.55],[441520.6,2142125.36],[441516.35,2142118.93],[441508.4,2142124.12],[441512.64,2142130.55]]]]}},{"type":"Feature","properties":{"building":"yes","height":6,"heightSource":"default"},"geometry":{"type":"MultiPolygon","coordinates":[[[[441499.99,2142137.45],[441508.71,2142136.16],[441507.71,2142129.35],[441498.97,2142130.64],[441499.99,2142137.45]]]]}},{"type":"Feature","properties":{"building":"yes","height":6,"heightSource":"default"},"geometry":{"type":"MultiPolygon","coordinates":[[[[441488.13,2142170.68],[441498.84,2142188.45],[441509.94,2142181.83],[441499.23,2142164.06],[441488.13,2142170.68]]]]}},{"type":"Feature","properties":{"building":"yes","height":6,"heightSource":"default"},"geometry":{"type":"MultiPolygon","coordinates":[[[[441483.75,2142167.47],[441496.98,2142162.95],[441487.62,2142135.9],[441474.39,2142140.42],[441483.75,2142167.47]]]]}},{"type":"Feature","properties":{"building":"yes","height":6,"heightSource":"default"},"geometry":{"type":"MultiPolygon","coordinates":[[[[441805.52,2141910.44],[441810.8,2141910.28],[441810.56,2141902.38],[441805.28,2141902.54],[441805.52,2141910.44]]]]}},{"type":"Feature","properties":{"building":"yes","height":6,"heightSource":"default"},"geometry":{"type":"MultiPolygon","coordinates":[[[[441915.26,2141937.53],[441920.39,2141937.79],[441920.72,2141931.52],[441915.58,2141931.26],[441915.26,2141937.53]]]]}},{"type":"Feature","properties":{"building":"yes","height":6,"heightSource":"default"},"geometry":{"type":"MultiPolygon","coordinates":[[[[441869.42,2141766.45],[441880.62,2141767.95],[441882.75,2141752.36],[441871.55,2141750.86],[441869.42,2141766.45]]]]}},{"type":"Feature","properties":{"building":"yes","height":6,"heightSource":"default"},"geometry":{"type":"MultiPolygon","coordinates":[[[[441945.11,2141783.22],[441950.4,2141783.62],[441951.04,2141775.22],[441945.76,2141774.81],[441945.11,2141783.22]]]]}},{"type":"Feature","properties":{"building":"yes","height":6,"heightSource":"default"},"geometry":{"type":"MultiPolygon","coordinates":[[[[441996,2141751.77],[442004.16,2141752.44],[442004.69,2141746.14],[441996.53,2141745.47],[441996,2141751.77]]]]}},{"type":"Feature","properties":{"building":"yes","height":6,"heightSource":"default"},"geometry":{"type":"MultiPolygon","coordinates":[[[[441977.24,2141766.04],[441986.11,2141766.43],[441986.41,2141759.79],[441977.54,2141759.4],[441977.24,2141766.04]]]]}},{"type":"Feature","properties":{"building":"yes","height":6,"heightSource":"default"},"geometry":{"type":"MultiPolygon","coordinates":[[[[441956.6,2141742.09],[441968.72,2141743.59],[441969.89,2141734.22],[441957.77,2141732.72],[441956.6,2141742.09]]]]}},{"type":"Feature","properties":{"building":"yes","height":6,"heightSource":"default"},"geometry":{"type":"MultiPolygon","coordinates":[[[[441962.13,2141730.94],[441970.3,2141732.11],[441971.22,2141725.78],[441963.04,2141724.61],[441962.13,2141730.94]]]]}},{"type":"Feature","properties":{"building":"yes","height":6,"heightSource":"default"},"geometry":{"type":"MultiPolygon","coordinates":[[[[441966.85,2141666.94],[441972.96,2141669.72],[441977.64,2141659.56],[441971.54,2141656.78],[441966.85,2141666.94]]]]}},{"type":"Feature","properties":{"building":"yes","height":6,"heightSource":"default"},"geometry":{"type":"MultiPolygon","coordinates":[[[[441955.13,2141658.58],[441966.49,2141664.29],[441970.48,2141656.44],[441959.12,2141650.73],[441955.13,2141658.58]]]]}},{"type":"Feature","properties":{"building":"yes","height":6,"heightSource":"default"},"geometry":{"type":"MultiPolygon","coordinates":[[[[441807.36,2142243.64],[441809.51,2142248.17],[441814.92,2142245.62],[441812.77,2142241.09],[441807.36,2142243.64]]]]}},{"type":"Feature","properties":{"building":"yes","height":6,"heightSource":"default"},"geometry":{"type":"MultiPolygon","coordinates":[[[[441805.31,2142238.53],[441810.51,2142236.07],[441808.44,2142231.76],[441803.24,2142234.22],[441805.31,2142238.53]]]]}},{"type":"Feature","properties":{"building":"yes","height":6,"heightSource":"default"},"geometry":{"type":"MultiPolygon","coordinates":[[[[441776.1,2142266.49],[441780.74,2142263.74],[441778.28,2142259.63],[441773.64,2142262.38],[441776.1,2142266.49]]]]}},{"type":"Feature","properties":{"building":"yes","height":6,"heightSource":"default"},"geometry":{"type":"MultiPolygon","coordinates":[[[[441781.21,2142277.74],[441786.13,2142275.13],[441782.96,2142269.21],[441778.03,2142271.81],[441781.21,2142277.74]]]]}},{"type":"Feature","properties":{"building":"yes","height":6,"heightSource":"default"},"geometry":{"type":"MultiPolygon","coordinates":[[[[441783.42,2142285.72],[441789.61,2142283.03],[441787.39,2142278],[441781.21,2142280.68],[441783.42,2142285.72]]]]}},{"type":"Feature","properties":{"building":"yes","height":6,"heightSource":"default"},"geometry":{"type":"MultiPolygon","coordinates":[[[[441788.53,2142296.82],[441794.62,2142293.9],[441791.5,2142287.47],[441785.4,2142290.39],[441788.53,2142296.82]]]]}},{"type":"Feature","properties":{"building":"yes","height":6,"heightSource":"default"},"geometry":{"type":"MultiPolygon","coordinates":[[[[441800.83,2142314.71],[441807.64,2142310.56],[441801.7,2142300.92],[441794.89,2142305.07],[441800.83,2142314.71]]]]}},{"type":"Feature","properties":{"building":"yes","height":6,"heightSource":"default"},"geometry":{"type":"MultiPolygon","coordinates":[[[[441830.34,2142292.77],[441836.37,2142289.7],[441832.4,2142282.01],[441826.37,2142285.08],[441830.34,2142292.77]]]]}},{"type":"Feature","properties":{"building":"yes","height":6,"heightSource":"default"},"geometry":{"type":"MultiPolygon","coordinates":[[[[441673.95,2142189.82],[441679.39,2142189.26],[441679.62,2142191.48],[441685.45,2142190.89],[441684.06,2142177.47],[441672.8,2142178.64],[441673.95,2142189.82]]]]}},{"type":"Feature","properties":{"building":"yes","height":6,"heightSource":"default"},"geometry":{"type":"MultiPolygon","coordinates":[[[[441816.61,2142141.19],[441823.23,2142141.04],[441823.08,2142134.99],[441816.47,2142135.15],[441816.61,2142141.19]]]]}},{"type":"Feature","properties":{"building":"yes","height":6,"heightSource":"default"},"geometry":{"type":"MultiPolygon","coordinates":[[[[441839.57,2142141.68],[441846.05,2142141.66],[441846.03,2142136.06],[441839.55,2142136.08],[441839.57,2142141.68]]]]}},{"type":"Feature","properties":{"building":"yes","height":6,"heightSource":"default"},"geometry":{"type":"MultiPolygon","coordinates":[[[[441843.34,2142132.43],[441849.26,2142132.27],[441848.96,2142121.19],[441843.05,2142121.34],[441843.34,2142132.43]]]]}},{"type":"Feature","properties":{"building":"yes","height":6,"heightSource":"default"},"geometry":{"type":"MultiPolygon","coordinates":[[[[441823.53,2142101.97],[441834.22,2142096.89],[441830.99,2142090.2],[441820.31,2142095.28],[441823.53,2142101.97]]]]}},{"type":"Feature","properties":{"building":"yes","height":6,"heightSource":"default"},"geometry":{"type":"MultiPolygon","coordinates":[[[[441856.3,2142088.71],[441861.74,2142083.65],[441856.23,2142077.79],[441850.79,2142082.84],[441856.3,2142088.71]]]]}},{"type":"Feature","properties":{"building":"yes","height":6,"heightSource":"default"},"geometry":{"type":"MultiPolygon","coordinates":[[[[441804.05,2142046.45],[441813.06,2142043.07],[441811.02,2142037.72],[441802.02,2142041.1],[441804.05,2142046.45]]]]}},{"type":"Feature","properties":{"building":"yes","height":6,"heightSource":"default"},"geometry":{"type":"MultiPolygon","coordinates":[[[[441807.18,2142053.87],[441816.6,2142050.2],[441814.51,2142044.87],[441805.08,2142048.54],[441807.18,2142053.87]]]]}},{"type":"Feature","properties":{"building":"yes","height":6,"heightSource":"default"},"geometry":{"type":"MultiPolygon","coordinates":[[[[441792.31,2142070.86],[441800.18,2142068.17],[441798.26,2142062.58],[441790.38,2142065.28],[441792.31,2142070.86]]]]}},{"type":"Feature","properties":{"building":"yes","height":6,"heightSource":"default"},"geometry":{"type":"MultiPolygon","coordinates":[[[[441790.02,2142063.02],[441795.79,2142061.04],[441793.86,2142055.49],[441788.1,2142057.47],[441790.02,2142063.02]]]]}},{"type":"Feature","properties":{"building":"yes","height":6,"heightSource":"default"},"geometry":{"type":"MultiPolygon","coordinates":[[[[441782.06,2142039.66],[441790.36,2142037.53],[441789.04,2142032.44],[441780.74,2142034.57],[441782.06,2142039.66]]]]}},{"type":"Feature","properties":{"building":"yes","height":6,"heightSource":"default"},"geometry":{"type":"MultiPolygon","coordinates":[[[[441772.25,2142008.62],[441782.66,2142007.33],[441781.86,2142000.99],[441771.45,2142002.28],[441772.25,2142008.62]]]]}},{"type":"Feature","properties":{"building":"yes","height":6,"heightSource":"default"},"geometry":{"type":"MultiPolygon","coordinates":[[[[441818.56,2142178.71],[441829.83,2142178.4],[441829.4,2142163.3],[441818.13,2142163.62],[441818.56,2142178.71]]]]}},{"type":"Feature","properties":{"building":"yes","height":6,"heightSource":"default"},"geometry":{"type":"MultiPolygon","coordinates":[[[[441839.93,2142165.76],[441849.79,2142165.45],[441849.48,2142155.56],[441839.62,2142155.87],[441839.93,2142165.76]]]]}},{"type":"Feature","properties":{"building":"yes","height":6,"heightSource":"default"},"geometry":{"type":"MultiPolygon","coordinates":[[[[441840.81,2142218.88],[441848.54,2142218.52],[441848.25,2142212.51],[441840.51,2142212.89],[441840.81,2142218.88]]]]}},{"type":"Feature","properties":{"building":"yes","height":6,"heightSource":"default"},"geometry":{"type":"MultiPolygon","coordinates":[[[[441832.74,2142229.2],[441839.99,2142228.55],[441839.18,2142219.64],[441831.93,2142220.3],[441832.74,2142229.2]]]]}},{"type":"Feature","properties":{"building":"yes","height":6,"heightSource":"default"},"geometry":{"type":"MultiPolygon","coordinates":[[[[441860.47,2142222.75],[441865.67,2142219.44],[441863.15,2142215.54],[441857.96,2142218.84],[441860.47,2142222.75]]]]}},{"type":"Feature","properties":{"building":"yes","height":6,"heightSource":"default"},"geometry":{"type":"MultiPolygon","coordinates":[[[[441865.64,2142235.4],[441874.01,2142230.54],[441867.96,2142220.25],[441859.59,2142225.1],[441865.64,2142235.4]]]]}},{"type":"Feature","properties":{"building":"yes","height":6,"heightSource":"default"},"geometry":{"type":"MultiPolygon","coordinates":[[[[441866.57,2142238.69],[441870.6,2142242.99],[441875.3,2142238.63],[441871.28,2142234.33],[441866.57,2142238.69]]]]}},{"type":"Feature","properties":{"building":"yes","height":6,"heightSource":"default"},"geometry":{"type":"MultiPolygon","coordinates":[[[[441853.66,2142251.89],[441865.05,2142246.33],[441856.05,2142228.09],[441844.66,2142233.64],[441853.66,2142251.89]]]]}},{"type":"Feature","properties":{"building":"yes","height":6,"heightSource":"default"},"geometry":{"type":"MultiPolygon","coordinates":[[[[441869.99,2142271.22],[441875.58,2142266.54],[441867.24,2142256.7],[441861.64,2142261.39],[441869.99,2142271.22]]]]}},{"type":"Feature","properties":{"building":"yes","height":6,"heightSource":"default"},"geometry":{"type":"MultiPolygon","coordinates":[[[[441873.72,2142248.68],[441882.34,2142257.89],[441887.77,2142252.86],[441879.15,2142243.65],[441873.72,2142248.68]]]]}},{"type":"Feature","properties":{"building":"yes","height":6,"heightSource":"default"},"geometry":{"type":"MultiPolygon","coordinates":[[[[441891.19,2142208.09],[441897.73,2142204.75],[441893.56,2142196.64],[441887.01,2142199.98],[441891.19,2142208.09]]]]}},{"type":"Feature","properties":{"building":"yes","height":6,"heightSource":"default"},"geometry":{"type":"MultiPolygon","coordinates":[[[[441906.61,2142229.39],[441909.47,2142227.17],[441905.44,2142222.01],[441902.58,2142224.22],[441906.61,2142229.39]]]]}},{"type":"Feature","properties":{"building":"yes","height":6,"heightSource":"default"},"geometry":{"type":"MultiPolygon","coordinates":[[[[441911.68,2142229.09],[441917.13,2142225.12],[441910.56,2142216.18],[441905.1,2142220.15],[441911.68,2142229.09]]]]}},{"type":"Feature","properties":{"building":"yes","height":6,"heightSource":"default"},"geometry":{"type":"MultiPolygon","coordinates":[[[[441954.13,2142028.06],[441960.62,2142031.11],[441963.04,2142026.05],[441956.55,2142022.98],[441954.13,2142028.06]]]]}},{"type":"Feature","properties":{"building":"yes","height":6,"heightSource":"default"},"geometry":{"type":"MultiPolygon","coordinates":[[[[441929.66,2142168.97],[441939.79,2142169.23],[441940.03,2142160.06],[441929.88,2142159.82],[441929.66,2142168.97]]]]}},{"type":"Feature","properties":{"building":"yes","height":6,"heightSource":"default"},"geometry":{"type":"MultiPolygon","coordinates":[[[[441922.23,2142137.5],[441932.23,2142139.28],[441933.68,2142131.3],[441923.67,2142129.51],[441922.23,2142137.5]]]]}},{"type":"Feature","properties":{"building":"yes","height":6,"heightSource":"default"},"geometry":{"type":"MultiPolygon","coordinates":[[[[441930.54,2142116.19],[441941.82,2142120.5],[441944.4,2142113.84],[441933.11,2142109.54],[441930.54,2142116.19]]]]}},{"type":"Feature","properties":{"building":"yes","height":6,"heightSource":"default"},"geometry":{"type":"MultiPolygon","coordinates":[[[[441953.97,2142108.84],[441962.64,2142112.37],[441966.87,2142102.15],[441958.2,2142098.6],[441953.97,2142108.84]]]]}},{"type":"Feature","properties":{"building":"yes","height":6,"heightSource":"default"},"geometry":{"type":"MultiPolygon","coordinates":[[[[442000.97,2142009.92],[442007.82,2142013.47],[442009.96,2142009.38],[442003.11,2142005.84],[442000.97,2142009.92]]]]}},{"type":"Feature","properties":{"building":"yes","height":6,"heightSource":"default"},"geometry":{"type":"MultiPolygon","coordinates":[[[[442003.78,2142005.21],[442013.44,2142010.15],[442017.43,2142002.45],[442007.77,2141997.5],[442003.78,2142005.21]]]]}},{"type":"Feature","properties":{"building":"yes","height":6,"heightSource":"default"},"geometry":{"type":"MultiPolygon","coordinates":[[[[441897.42,2141998.84],[441908.12,2141996.29],[441903.41,2141976.71],[441892.72,2141979.26],[441897.42,2141998.84]]]]}},{"type":"Feature","properties":{"building":"yes","height":6,"heightSource":"default"},"geometry":{"type":"MultiPolygon","coordinates":[[[[441946.58,2141914.81],[441957.68,2141914.67],[441957.32,2141888.07],[441946.23,2141888.22],[441946.58,2141914.81]]]]}},{"type":"Feature","properties":{"building":"yes","height":6,"heightSource":"default"},"geometry":{"type":"MultiPolygon","coordinates":[[[[442101.24,2141872.25],[442107.38,2141875.06],[442114.29,2141860.13],[442108.16,2141857.32],[442101.24,2141872.25]]]]}},{"type":"Feature","properties":{"building":"yes","height":6,"heightSource":"default"},"geometry":{"type":"MultiPolygon","coordinates":[[[[442029.12,2141825.09],[442036.45,2141827.59],[442040.68,2141815.32],[442033.34,2141812.83],[442029.12,2141825.09]]]]}},{"type":"Feature","properties":{"building":"yes","height":6,"heightSource":"default"},"geometry":{"type":"MultiPolygon","coordinates":[[[[442080.2,2141897.86],[442087.53,2141900.93],[442090.26,2141894.45],[442082.93,2141891.39],[442080.2,2141897.86]]]]}},{"type":"Feature","properties":{"building":"yes","height":6,"heightSource":"default"},"geometry":{"type":"MultiPolygon","coordinates":[[[[442077.69,2141861.62],[442085.44,2141865.66],[442089.74,2141857.49],[442081.98,2141853.45],[442077.69,2141861.62]]]]}},{"type":"Feature","properties":{"building":"yes","height":6,"heightSource":"default"},"geometry":{"type":"MultiPolygon","coordinates":[[[[442102.39,2141834.94],[442111.56,2141839.11],[442115.06,2141831.48],[442113.7,2141830.85],[442114.87,2141828.29],[442112.08,2141827.02],[442110.9,2141829.58],[442105.9,2141827.3],[442102.39,2141834.94]]]]}},{"type":"Feature","properties":{"building":"yes","height":6,"heightSource":"default"},"geometry":{"type":"MultiPolygon","coordinates":[[[[441179.03,2142014.17],[441184.46,2142014.36],[441184.8,2142004.92],[441179.38,2142004.73],[441179.03,2142014.17]]]]}},{"type":"Feature","properties":{"building":"yes","height":6,"heightSource":"default"},"geometry":{"type":"MultiPolygon","coordinates":[[[[441153.96,2142012.08],[441163.82,2142012.47],[441164.24,2142001.94],[441154.38,2142001.55],[441153.96,2142012.08]]]]}},{"type":"Feature","properties":{"building":"yes","height":6,"heightSource":"default"},"geometry":{"type":"MultiPolygon","coordinates":[[[[441166.71,2142011.69],[441177.2,2142011.87],[441177.39,2142000.58],[441166.9,2142000.41],[441166.71,2142011.69]]]]}},{"type":"Feature","properties":{"building":"yes","height":6,"heightSource":"default"},"geometry":{"type":"MultiPolygon","coordinates":[[[[441154.53,2141970.99],[441169.88,2141971.78],[441170.57,2141958.78],[441155.21,2141957.99],[441154.53,2141970.99]]]]}},{"type":"Feature","properties":{"building":"yes","height":6,"heightSource":"default"},"geometry":{"type":"MultiPolygon","coordinates":[[[[441150.97,2141999.42],[441161.25,2141999.95],[441162.42,2141977.4],[441152.13,2141976.88],[441150.97,2141999.42]]]]}},{"type":"Feature","properties":{"building":"yes","height":6,"heightSource":"default"},"geometry":{"type":"MultiPolygon","coordinates":[[[[441266.25,2142153.05],[441271.39,2142155.87],[441274.9,2142149.57],[441269.75,2142146.74],[441266.25,2142153.05]]]]}},{"type":"Feature","properties":{"building":"yes","height":6,"heightSource":"default"},"geometry":{"type":"MultiPolygon","coordinates":[[[[441251.73,2142150.16],[441262.02,2142154.89],[441268.23,2142141.54],[441257.93,2142136.82],[441251.73,2142150.16]]]]}},{"type":"Feature","properties":{"building":"yes","height":6,"heightSource":"default"},"geometry":{"type":"MultiPolygon","coordinates":[[[[441197.15,2142128.64],[441202.29,2142123.66],[441198.05,2142119.34],[441192.92,2142124.3],[441197.15,2142128.64]]]]}},{"type":"Feature","properties":{"building":"yes","height":6,"heightSource":"default"},"geometry":{"type":"MultiPolygon","coordinates":[[[[441180.54,2142128.27],[441190.67,2142128.52],[441190.82,2142122.49],[441180.69,2142122.25],[441180.54,2142128.27]]]]}},{"type":"Feature","properties":{"building":"yes","height":6,"heightSource":"default"},"geometry":{"type":"MultiPolygon","coordinates":[[[[441162.77,2142168.51],[441173.8,2142168.86],[441174.32,2142153.03],[441163.29,2142152.68],[441162.77,2142168.51]]]]}},{"type":"Feature","properties":{"building":"yes","height":6,"heightSource":"default"},"geometry":{"type":"MultiPolygon","coordinates":[[[[441049.02,2142095.51],[441057.27,2142091.17],[441054.3,2142085.58],[441046.05,2142089.92],[441049.02,2142095.51]]]]}},{"type":"Feature","properties":{"building":"yes","height":6,"heightSource":"default"},"geometry":{"type":"MultiPolygon","coordinates":[[[[441083.65,2142089.52],[441091.25,2142085.02],[441086.4,2142076.94],[441078.8,2142081.45],[441083.65,2142089.52]]]]}},{"type":"Feature","properties":{"building":"yes","height":6,"heightSource":"default"},"geometry":{"type":"MultiPolygon","coordinates":[[[[441084.61,2142122.98],[441090.81,2142124.5],[441092.76,2142116.65],[441086.56,2142115.13],[441084.61,2142122.98]]]]}},{"type":"Feature","properties":{"building":"yes","height":6,"heightSource":"default"},"geometry":{"type":"MultiPolygon","coordinates":[[[[441087.76,2142185.13],[441094.24,2142184.83],[441093.96,2142178.76],[441087.48,2142179.06],[441087.76,2142185.13]]]]}},{"type":"Feature","properties":{"building":"yes","height":6,"heightSource":"default"},"geometry":{"type":"MultiPolygon","coordinates":[[[[441099.3,2142181.03],[441110.57,2142181.14],[441110.72,2142165.65],[441099.45,2142165.54],[441099.3,2142181.03]]]]}},{"type":"Feature","properties":{"building":"yes","height":6,"heightSource":"default"},"geometry":{"type":"MultiPolygon","coordinates":[[[[441026.47,2142198.49],[441033.12,2142202.3],[441045.46,2142181.05],[441038.8,2142177.23],[441026.47,2142198.49]]]]}},{"type":"Feature","properties":{"building":"yes","height":6,"heightSource":"default"},"geometry":{"type":"MultiPolygon","coordinates":[[[[441046.14,2142202.97],[441054.09,2142205.4],[441055.79,2142199.92],[441047.82,2142197.49],[441046.14,2142202.97]]]]}},{"type":"Feature","properties":{"building":"yes","height":6,"heightSource":"default"},"geometry":{"type":"MultiPolygon","coordinates":[[[[441039.63,2142217.63],[441049.85,2142220.88],[441054.11,2142207.68],[441043.89,2142204.43],[441039.63,2142217.63]]]]}},{"type":"Feature","properties":{"building":"yes","height":6,"heightSource":"default"},"geometry":{"type":"MultiPolygon","coordinates":[[[[441037.63,2142228.42],[441046.08,2142230.34],[441048.09,2142221.58],[441039.64,2142219.66],[441037.63,2142228.42]]]]}},{"type":"Feature","properties":{"building":"yes","height":6,"heightSource":"default"},"geometry":{"type":"MultiPolygon","coordinates":[[[[441004.81,2142205.9],[441016.43,2142206.01],[441016.5,2142197.06],[441004.89,2142196.96],[441004.81,2142205.9]]]]}},{"type":"Feature","properties":{"building":"yes","height":6,"heightSource":"default"},"geometry":{"type":"MultiPolygon","coordinates":[[[[440974.09,2142202.51],[440987.26,2142202.4],[440987.2,2142195.17],[440974.03,2142195.28],[440974.09,2142202.51]]]]}},{"type":"Feature","properties":{"building":"yes","height":6,"heightSource":"default"},"geometry":{"type":"MultiPolygon","coordinates":[[[[440930.66,2142207.62],[440972.9,2142205.39],[440972.13,2142190.95],[440929.89,2142193.19],[440930.66,2142207.62]]]]}},{"type":"Feature","properties":{"building":"yes","height":6,"heightSource":"default"},"geometry":{"type":"MultiPolygon","coordinates":[[[[441053.15,2142261.89],[441060.48,2142261.73],[441060.24,2142251.34],[441052.92,2142251.5],[441053.15,2142261.89]]]]}},{"type":"Feature","properties":{"building":"yes","height":6,"heightSource":"default"},"geometry":{"type":"MultiPolygon","coordinates":[[[[440975.71,2142246.18],[440989.72,2142246.21],[440989.74,2142237.83],[440975.73,2142237.8],[440975.71,2142246.18]]]]}},{"type":"Feature","properties":{"building":"yes","height":6,"heightSource":"default"},"geometry":{"type":"MultiPolygon","coordinates":[[[[440956.91,2142248.49],[440972.62,2142247.59],[440971.84,2142233.97],[440956.13,2142234.87],[440956.91,2142248.49]]]]}},{"type":"Feature","properties":{"building":"yes","height":6,"heightSource":"default"},"geometry":{"type":"MultiPolygon","coordinates":[[[[440909.62,2142233.17],[440914.05,2142232.8],[440913.43,2142225.36],[440908.99,2142225.72],[440909.62,2142233.17]]]]}},{"type":"Feature","properties":{"building":"yes","height":6,"heightSource":"default"},"geometry":{"type":"MultiPolygon","coordinates":[[[[440915.18,2142233.99],[440925.18,2142233.54],[440924.83,2142225.97],[440914.83,2142226.43],[440915.18,2142233.99]]]]}},{"type":"Feature","properties":{"building":"yes","height":6,"heightSource":"default"},"geometry":{"type":"MultiPolygon","coordinates":[[[[440917.26,2142247],[440926.42,2142246.34],[440925.58,2142234.88],[440916.43,2142235.54],[440917.26,2142247]]]]}},{"type":"Feature","properties":{"building":"yes","height":6,"heightSource":"default"},"geometry":{"type":"MultiPolygon","coordinates":[[[[440893.78,2142277.32],[440908.56,2142275.94],[440907.94,2142269.37],[440904.58,2142269.68],[440904.24,2142266.09],[440892.82,2142267.15],[440893.78,2142277.32]]]]}},{"type":"Feature","properties":{"building":"yes","height":6,"heightSource":"default"},"geometry":{"type":"MultiPolygon","coordinates":[[[[440896.53,2142282.07],[440906.88,2142281.19],[440906.56,2142277.3],[440896.2,2142278.17],[440896.53,2142282.07]]]]}},{"type":"Feature","properties":{"building":"yes","height":6,"heightSource":"default"},"geometry":{"type":"MultiPolygon","coordinates":[[[[440928.1,2142288.48],[440935.92,2142287.83],[440935.44,2142282.15],[440927.62,2142282.81],[440928.1,2142288.48]]]]}},{"type":"Feature","properties":{"building":"yes","height":6,"heightSource":"default"},"geometry":{"type":"MultiPolygon","coordinates":[[[[440938.04,2142289.7],[440943.11,2142289.41],[440942.69,2142282.24],[440937.62,2142282.54],[440938.04,2142289.7]]]]}},{"type":"Feature","properties":{"building":"yes","height":6,"heightSource":"default"},"geometry":{"type":"MultiPolygon","coordinates":[[[[440945.71,2142288.35],[440952.97,2142287.84],[440952.22,2142277.46],[440944.96,2142277.97],[440945.71,2142288.35]]]]}},{"type":"Feature","properties":{"building":"yes","height":6,"heightSource":"default"},"geometry":{"type":"MultiPolygon","coordinates":[[[[440958.32,2142289.29],[440969.01,2142288.27],[440967.98,2142277.51],[440957.28,2142278.53],[440958.32,2142289.29]]]]}},{"type":"Feature","properties":{"building":"yes","height":6,"heightSource":"default"},"geometry":{"type":"MultiPolygon","coordinates":[[[[440979.95,2142292.72],[441001.06,2142290.55],[440999.88,2142279.14],[440978.76,2142281.31],[440979.95,2142292.72]]]]}},{"type":"Feature","properties":{"building":"yes","height":6,"heightSource":"default"},"geometry":{"type":"MultiPolygon","coordinates":[[[[441073.24,2142331.75],[441079.51,2142332.09],[441079.71,2142328.31],[441073.44,2142327.99],[441073.24,2142331.75]]]]}},{"type":"Feature","properties":{"building":"yes","height":6,"heightSource":"default"},"geometry":{"type":"MultiPolygon","coordinates":[[[[441065.16,2142338.57],[441070.07,2142339.05],[441070.75,2142332.04],[441065.85,2142331.57],[441065.16,2142338.57]]]]}},{"type":"Feature","properties":{"building":"yes","height":6,"heightSource":"default"},"geometry":{"type":"MultiPolygon","coordinates":[[[[441072.15,2142340.93],[441077.98,2142341.12],[441078.14,2142336.55],[441072.3,2142336.36],[441072.15,2142340.93]]]]}},{"type":"Feature","properties":{"building":"yes","height":6,"heightSource":"default"},"geometry":{"type":"MultiPolygon","coordinates":[[[[441056.89,2142349.87],[441066.33,2142350.54],[441067.01,2142341.1],[441057.57,2142340.44],[441056.89,2142349.87]]]]}},{"type":"Feature","properties":{"building":"yes","height":6,"heightSource":"default"},"geometry":{"type":"MultiPolygon","coordinates":[[[[441090.66,2142340.38],[441100.06,2142329.56],[441094.32,2142324.64],[441084.93,2142335.46],[441090.66,2142340.38]]]]}},{"type":"Feature","properties":{"building":"yes","height":6,"heightSource":"default"},"geometry":{"type":"MultiPolygon","coordinates":[[[[441063.25,2141877.2],[441070.49,2141877.25],[441070.54,2141870.27],[441063.29,2141870.22],[441063.25,2141877.2]]]]}},{"type":"Feature","properties":{"building":"yes","height":6,"heightSource":"default"},"geometry":{"type":"MultiPolygon","coordinates":[[[[441055.14,2141873.17],[441060.55,2141873.3],[441060.72,2141865.85],[441055.3,2141865.72],[441055.14,2141873.17]]]]}},{"type":"Feature","properties":{"building":"yes","height":6,"heightSource":"default"},"geometry":{"type":"MultiPolygon","coordinates":[[[[441061.86,2141864.61],[441066.43,2141864.52],[441066.18,2141851.64],[441061.61,2141851.73],[441061.86,2141864.61]]]]}},{"type":"Feature","properties":{"building":"yes","height":6,"heightSource":"default"},"geometry":{"type":"MultiPolygon","coordinates":[[[[441051.91,2141856.52],[441058.81,2141856.29],[441058.61,2141850.32],[441051.7,2141850.55],[441051.91,2141856.52]]]]}},{"type":"Feature","properties":{"building":"yes","height":6,"heightSource":"default"},"geometry":{"type":"MultiPolygon","coordinates":[[[[441052.13,2141860.93],[441060.09,2141860.97],[441060.12,2141857.63],[441052.15,2141857.58],[441052.13,2141860.93]]]]}},{"type":"Feature","properties":{"building":"yes","height":6,"heightSource":"default"},"geometry":{"type":"MultiPolygon","coordinates":[[[[441043.62,2141861.44],[441050.58,2141861.21],[441050.34,2141853.69],[441043.36,2141853.92],[441043.62,2141861.44]]]]}},{"type":"Feature","properties":{"building":"yes","height":6,"heightSource":"default"},"geometry":{"type":"MultiPolygon","coordinates":[[[[441033.4,2141861.13],[441042.21,2141861.03],[441042.06,2141848.07],[441033.25,2141848.18],[441033.4,2141861.13]]]]}},{"type":"Feature","properties":{"building":"yes","height":6,"heightSource":"default"},"geometry":{"type":"MultiPolygon","coordinates":[[[[441032.84,2141842.37],[441037.78,2141842.5],[441037.97,2141834.99],[441033.04,2141834.87],[441032.84,2141842.37]]]]}},{"type":"Feature","properties":{"building":"yes","height":6,"heightSource":"default"},"geometry":{"type":"MultiPolygon","coordinates":[[[[441042.59,2141847.52],[441049.34,2141847.43],[441049.27,2141842.3],[441042.52,2141842.39],[441042.59,2141847.52]]]]}},{"type":"Feature","properties":{"building":"yes","height":6,"heightSource":"default"},"geometry":{"type":"MultiPolygon","coordinates":[[[[441039.04,2141840.88],[441049.39,2141840.84],[441049.37,2141833.08],[441039.01,2141833.11],[441039.04,2141840.88]]]]}},{"type":"Feature","properties":{"building":"yes","height":6,"heightSource":"default"},"geometry":{"type":"MultiPolygon","coordinates":[[[[441058.2,2141843.55],[441066.31,2141843.39],[441066.16,2141836.21],[441058.05,2141836.38],[441058.2,2141843.55]]]]}},{"type":"Feature","properties":{"building":"yes","height":6,"heightSource":"default"},"geometry":{"type":"MultiPolygon","coordinates":[[[[441069.59,2141835.26],[441077.05,2141835.23],[441077.02,2141828.86],[441069.57,2141828.88],[441069.59,2141835.26]]]]}},{"type":"Feature","properties":{"building":"yes","height":6,"heightSource":"default"},"geometry":{"type":"MultiPolygon","coordinates":[[[[441070.59,2141840.08],[441077.84,2141840.2],[441077.89,2141836.86],[441070.64,2141836.74],[441070.59,2141840.08]]]]}},{"type":"Feature","properties":{"building":"yes","height":6,"heightSource":"default"},"geometry":{"type":"MultiPolygon","coordinates":[[[[441087.9,2141838.48],[441097.84,2141838.81],[441098.11,2141830.54],[441088.17,2141830.23],[441087.9,2141838.48]]]]}},{"type":"Feature","properties":{"building":"yes","height":6,"heightSource":"default"},"geometry":{"type":"MultiPolygon","coordinates":[[[[441080.44,2141839.7],[441086.37,2141839.89],[441086.66,2141830.72],[441080.75,2141830.53],[441080.44,2141839.7]]]]}},{"type":"Feature","properties":{"building":"yes","height":6,"heightSource":"default"},"geometry":{"type":"MultiPolygon","coordinates":[[[[441083.18,2141856.91],[441089.23,2141856.81],[441089.18,2141853.16],[441083.12,2141853.26],[441083.18,2141856.91]]]]}},{"type":"Feature","properties":{"building":"yes","height":6,"heightSource":"default"},"geometry":{"type":"MultiPolygon","coordinates":[[[[441081.05,2141852.08],[441088.37,2141851.93],[441088.12,2141840.94],[441080.8,2141841.11],[441081.05,2141852.08]]]]}},{"type":"Feature","properties":{"building":"yes","height":6,"heightSource":"default"},"geometry":{"type":"MultiPolygon","coordinates":[[[[441067.61,2141855.84],[441075.21,2141855.89],[441075.24,2141851.69],[441067.64,2141851.65],[441067.61,2141855.84]]]]}},{"type":"Feature","properties":{"building":"yes","height":6,"heightSource":"default"},"geometry":{"type":"MultiPolygon","coordinates":[[[[441067.71,2141863.47],[441075.52,2141863.51],[441075.56,2141857.01],[441067.75,2141856.97],[441067.71,2141863.47]]]]}},{"type":"Feature","properties":{"building":"yes","height":6,"heightSource":"default"},"geometry":{"type":"MultiPolygon","coordinates":[[[[441067.52,2141869.42],[441075.19,2141869.46],[441075.22,2141864.43],[441067.54,2141864.39],[441067.52,2141869.42]]]]}},{"type":"Feature","properties":{"building":"yes","height":6,"heightSource":"default"},"geometry":{"type":"MultiPolygon","coordinates":[[[[441104.48,2141869.72],[441112.72,2141866.96],[441109.85,2141858.49],[441101.61,2141861.25],[441104.48,2141869.72]]]]}},{"type":"Feature","properties":{"building":"yes","height":6,"heightSource":"default"},"geometry":{"type":"MultiPolygon","coordinates":[[[[441106.33,2141870.98],[441108.67,2141876.91],[441114.64,2141874.58],[441112.3,2141868.65],[441106.33,2141870.98]]]]}},{"type":"Feature","properties":{"building":"yes","height":6,"heightSource":"default"},"geometry":{"type":"MultiPolygon","coordinates":[[[[441020.02,2141880],[441029.8,2141879.76],[441029.55,2141869.75],[441019.76,2141869.99],[441020.02,2141880]]]]}},{"type":"Feature","properties":{"building":"yes","height":6,"heightSource":"default"},"geometry":{"type":"MultiPolygon","coordinates":[[[[441007.61,2141879.62],[441016.63,2141879.53],[441016.52,2141869.52],[441007.51,2141869.62],[441007.61,2141879.62]]]]}},{"type":"Feature","properties":{"building":"yes","height":6,"heightSource":"default"},"geometry":{"type":"MultiPolygon","coordinates":[[[[440978.99,2141889.58],[440992.16,2141892.21],[440994.45,2141880.87],[440981.27,2141878.26],[440978.99,2141889.58]]]]}},{"type":"Feature","properties":{"building":"yes","height":6,"heightSource":"default"},"geometry":{"type":"MultiPolygon","coordinates":[[[[440991.27,2141898.78],[440997.47,2141900.4],[441000.53,2141888.77],[440994.33,2141887.16],[440991.27,2141898.78]]]]}},{"type":"Feature","properties":{"building":"yes","height":6,"heightSource":"default"},"geometry":{"type":"MultiPolygon","coordinates":[[[[440993.23,2141916.56],[440997.81,2141918.08],[440999.72,2141912.42],[440995.13,2141910.9],[440993.23,2141916.56]]]]}},{"type":"Feature","properties":{"building":"yes","height":6,"heightSource":"default"},"geometry":{"type":"MultiPolygon","coordinates":[[[[440980.82,2141912.33],[440992.39,2141916.14],[440994.5,2141909.81],[440982.94,2141905.99],[440980.82,2141912.33]]]]}},{"type":"Feature","properties":{"building":"yes","height":6,"heightSource":"default"},"geometry":{"type":"MultiPolygon","coordinates":[[[[440981.19,2141919.54],[440988.04,2141922.18],[440989.98,2141917.2],[440983.14,2141914.57],[440981.19,2141919.54]]]]}},{"type":"Feature","properties":{"building":"yes","height":6,"heightSource":"default"},"geometry":{"type":"MultiPolygon","coordinates":[[[[440991.07,2141923.92],[440997.34,2141925.3],[440998.66,2141919.38],[440992.4,2141918],[440991.07,2141923.92]]]]}},{"type":"Feature","properties":{"building":"yes","height":6,"heightSource":"default"},"geometry":{"type":"MultiPolygon","coordinates":[[[[441003.95,2141920.8],[441011.42,2141922.6],[441014.13,2141911.46],[441006.66,2141909.66],[441003.95,2141920.8]]]]}},{"type":"Feature","properties":{"building":"yes","height":6,"heightSource":"default"},"geometry":{"type":"MultiPolygon","coordinates":[[[[441015.79,2141924.61],[441023.54,2141925.28],[441025.01,2141908.52],[441017.27,2141907.85],[441015.79,2141924.61]]]]}},{"type":"Feature","properties":{"building":"yes","height":6,"heightSource":"default"},"geometry":{"type":"MultiPolygon","coordinates":[[[[441020.52,2141905.06],[441028.9,2141905.67],[441029.71,2141894.55],[441021.32,2141893.95],[441020.52,2141905.06]]]]}},{"type":"Feature","properties":{"building":"yes","height":6,"heightSource":"default"},"geometry":{"type":"MultiPolygon","coordinates":[[[[441045.98,2141895.74],[441055.56,2141896.27],[441055.96,2141889.08],[441046.38,2141888.55],[441045.98,2141895.74]]]]}},{"type":"Feature","properties":{"building":"yes","height":6,"heightSource":"default"},"geometry":{"type":"MultiPolygon","coordinates":[[[[441101.92,2141906.03],[441096.53,2141892.63],[441091.85,2141894.51],[441097.24,2141907.89],[441101.92,2141906.03]]]]}},{"type":"Feature","properties":{"building":"yes","height":6,"heightSource":"default"},"geometry":{"type":"MultiPolygon","coordinates":[[[[441100.28,2141899.27],[441114.99,2141894.32],[441112.21,2141886.16],[441097.51,2141891.11],[441100.28,2141899.27]]]]}},{"type":"Feature","properties":{"building":"yes","height":6,"heightSource":"default"},"geometry":{"type":"MultiPolygon","coordinates":[[[[441102.42,2141905.85],[441116.14,2141900.9],[441114.19,2141895.55],[441100.47,2141900.5],[441102.42,2141905.85]]]]}},{"type":"Feature","properties":{"building":"yes","height":6,"heightSource":"default"},"geometry":{"type":"MultiPolygon","coordinates":[[[[441112.02,2141914.64],[441121.39,2141911.69],[441122.26,2141914.42],[441129.5,2141912.13],[441125.83,2141900.62],[441109.22,2141905.85],[441112.02,2141914.64]]]]}},{"type":"Feature","properties":{"building":"yes","height":6,"heightSource":"default"},"geometry":{"type":"MultiPolygon","coordinates":[[[[441107.84,2141925.36],[441118.39,2141922.8],[441117.22,2141918.03],[441106.67,2141920.59],[441107.84,2141925.36]]]]}},{"type":"Feature","properties":{"building":"yes","height":6,"heightSource":"default"},"geometry":{"type":"MultiPolygon","coordinates":[[[[441094.46,2141925.96],[441098.68,2141925.88],[441098.47,2141915.21],[441094.24,2141915.29],[441094.46,2141925.96]]]]}},{"type":"Feature","properties":{"building":"yes","height":6,"heightSource":"default"},"geometry":{"type":"MultiPolygon","coordinates":[[[[441085.8,2141926.41],[441090.02,2141926.39],[441089.99,2141919.19],[441085.77,2141919.2],[441085.8,2141926.41]]]]}},{"type":"Feature","properties":{"building":"yes","height":6,"heightSource":"default"},"geometry":{"type":"MultiPolygon","coordinates":[[[[441078.54,2141928.11],[441082.14,2141928.1],[441082.11,2141921.45],[441078.52,2141921.46],[441078.54,2141928.11]]]]}},{"type":"Feature","properties":{"building":"yes","height":6,"heightSource":"default"},"geometry":{"type":"MultiPolygon","coordinates":[[[[441068.81,2141923.03],[441072.97,2141923.16],[441073.25,2141914.26],[441069.09,2141914.13],[441068.81,2141923.03]]]]}},{"type":"Feature","properties":{"building":"yes","height":6,"heightSource":"default"},"geometry":{"type":"MultiPolygon","coordinates":[[[[441060.65,2141924.32],[441066.84,2141924.38],[441066.92,2141915.85],[441060.72,2141915.8],[441060.65,2141924.32]]]]}},{"type":"Feature","properties":{"building":"yes","height":6,"heightSource":"default"},"geometry":{"type":"MultiPolygon","coordinates":[[[[441053.63,2141929.67],[441059.4,2141927.9],[441056.98,2141920.13],[441051.22,2141921.89],[441053.63,2141929.67]]]]}},{"type":"Feature","properties":{"building":"yes","height":6,"heightSource":"default"},"geometry":{"type":"MultiPolygon","coordinates":[[[[441039.8,2141942.59],[441047.19,2141942.5],[441047.09,2141935.13],[441039.7,2141935.22],[441039.8,2141942.59]]]]}},{"type":"Feature","properties":{"building":"yes","height":6,"heightSource":"default"},"geometry":{"type":"MultiPolygon","coordinates":[[[[441049.18,2141947.46],[441058.12,2141947.29],[441058,2141941.31],[441049.07,2141941.49],[441049.18,2141947.46]]]]}},{"type":"Feature","properties":{"building":"yes","height":6,"heightSource":"default"},"geometry":{"type":"MultiPolygon","coordinates":[[[[441049.62,2141954.45],[441058.35,2141954.36],[441058.29,2141948.46],[441049.55,2141948.56],[441049.62,2141954.45]]]]}},{"type":"Feature","properties":{"building":"yes","height":6,"heightSource":"default"},"geometry":{"type":"MultiPolygon","coordinates":[[[[441037.95,2141960.1],[441044.78,2141960],[441044.67,2141951.3],[441037.83,2141951.39],[441037.95,2141960.1]]]]}},{"type":"Feature","properties":{"building":"yes","height":6,"heightSource":"default"},"geometry":{"type":"MultiPolygon","coordinates":[[[[441126.81,2141955.68],[441138.42,2141955.64],[441138.38,2141941.5],[441126.76,2141941.53],[441126.81,2141955.68]]]]}},{"type":"Feature","properties":{"building":"yes","height":6,"heightSource":"default"},"geometry":{"type":"MultiPolygon","coordinates":[[[[441113.02,2141959.02],[441125.83,2141958.98],[441125.8,2141950.92],[441112.99,2141950.96],[441113.02,2141959.02]]]]}},{"type":"Feature","properties":{"building":"yes","height":6,"heightSource":"default"},"geometry":{"type":"MultiPolygon","coordinates":[[[[441102.31,2141957.86],[441107.52,2141957.49],[441107.08,2141951.32],[441101.87,2141951.68],[441102.31,2141957.86]]]]}},{"type":"Feature","properties":{"building":"yes","height":6,"heightSource":"default"},"geometry":{"type":"MultiPolygon","coordinates":[[[[441089.42,2141960.07],[441093.79,2141959.99],[441093.63,2141951.65],[441089.27,2141951.73],[441089.42,2141960.07]]]]}},{"type":"Feature","properties":{"building":"yes","height":6,"heightSource":"default"},"geometry":{"type":"MultiPolygon","coordinates":[[[[441082.04,2141963.1],[441087.6,2141962.95],[441087.39,2141955.64],[441081.84,2141955.8],[441082.04,2141963.1]]]]}},{"type":"Feature","properties":{"building":"yes","height":6,"heightSource":"default"},"geometry":{"type":"MultiPolygon","coordinates":[[[[441125.8,2141971.44],[441133.62,2141971.33],[441133.52,2141963],[441125.7,2141963.09],[441125.8,2141971.44]]]]}},{"type":"Feature","properties":{"building":"yes","height":6,"heightSource":"default"},"geometry":{"type":"MultiPolygon","coordinates":[[[[441112.69,2141986.53],[441114.16,2141986.49],[441114.24,2141990.37],[441122.27,2141990.22],[441122.18,2141986.33],[441125.42,2141986.27],[441125.49,2141989.67],[441129.23,2141989.6],[441128.99,2141977.78],[441112.51,2141978.12],[441112.69,2141986.53]]]]}},{"type":"Feature","properties":{"building":"yes","height":6,"heightSource":"default"},"geometry":{"type":"MultiPolygon","coordinates":[[[[441104.98,2141977.1],[441119.2,2141976.7],[441119.11,2141973.49],[441121.93,2141973.42],[441121.82,2141969.64],[441119.01,2141969.71],[441118.88,2141965.45],[441104.66,2141965.85],[441104.98,2141977.1]]]]}},{"type":"Feature","properties":{"building":"yes","height":6,"heightSource":"default"},"geometry":{"type":"MultiPolygon","coordinates":[[[[441086.58,2141993.96],[441095.88,2141993.79],[441095.74,2141986.12],[441086.44,2141986.29],[441086.58,2141993.96]]]]}},{"type":"Feature","properties":{"building":"yes","height":6,"heightSource":"default"},"geometry":{"type":"MultiPolygon","coordinates":[[[[441075.31,2141994.06],[441085.1,2141993.76],[441084.75,2141983],[441074.96,2141983.31],[441075.31,2141994.06]]]]}},{"type":"Feature","properties":{"building":"yes","height":6,"heightSource":"default"},"geometry":{"type":"MultiPolygon","coordinates":[[[[441063.57,2141998.52],[441070.61,2141998.28],[441070.33,2141989.96],[441063.29,2141990.2],[441063.57,2141998.52]]]]}},{"type":"Feature","properties":{"building":"yes","height":6,"heightSource":"default"},"geometry":{"type":"MultiPolygon","coordinates":[[[[441004.46,2141946.56],[441016.78,2141946.58],[441016.8,2141937.35],[441004.48,2141937.33],[441004.46,2141946.56]]]]}},{"type":"Feature","properties":{"building":"yes","height":6,"heightSource":"default"},"geometry":{"type":"MultiPolygon","coordinates":[[[[440995.33,2141954.01],[441000.04,2141954.06],[441000.12,2141947.99],[440995.4,2141947.94],[440995.33,2141954.01]]]]}},{"type":"Feature","properties":{"building":"yes","height":6,"heightSource":"default"},"geometry":{"type":"MultiPolygon","coordinates":[[[[440980.26,2141953.64],[440993.77,2141954.29],[440994.12,2141947.41],[440980.59,2141946.76],[440980.26,2141953.64]]]]}},{"type":"Feature","properties":{"building":"yes","height":6,"heightSource":"default"},"geometry":{"type":"MultiPolygon","coordinates":[[[[440982.25,2141958.95],[440993.79,2141959.33],[440993.91,2141955.62],[440982.37,2141955.24],[440982.25,2141958.95]]]]}},{"type":"Feature","properties":{"building":"yes","height":6,"heightSource":"default"},"geometry":{"type":"MultiPolygon","coordinates":[[[[440936.29,2141969.67],[440946.08,2141969.92],[440946.24,2141963.73],[440936.45,2141963.49],[440936.29,2141969.67]]]]}},{"type":"Feature","properties":{"building":"yes","height":6,"heightSource":"default"},"geometry":{"type":"MultiPolygon","coordinates":[[[[440936.53,2141977.65],[440944.77,2141977.83],[440944.9,2141971.87],[440936.67,2141971.69],[440936.53,2141977.65]]]]}},{"type":"Feature","properties":{"building":"yes","height":6,"heightSource":"default"},"geometry":{"type":"MultiPolygon","coordinates":[[[[440934.29,2141984.73],[440942.18,2141984.91],[440942.31,2141979.79],[440934.43,2141979.61],[440934.29,2141984.73]]]]}},{"type":"Feature","properties":{"building":"yes","height":6,"heightSource":"default"},"geometry":{"type":"MultiPolygon","coordinates":[[[[440934.81,2141992.43],[440941.16,2141992.54],[440941.25,2141987.87],[440934.9,2141987.76],[440934.81,2141992.43]]]]}},{"type":"Feature","properties":{"building":"yes","height":6,"heightSource":"default"},"geometry":{"type":"MultiPolygon","coordinates":[[[[440908.76,2142011.55],[440917.56,2142011.52],[440917.54,2142006.34],[440908.74,2142006.37],[440908.76,2142011.55]]]]}},{"type":"Feature","properties":{"building":"yes","height":6,"heightSource":"default"},"geometry":{"type":"MultiPolygon","coordinates":[[[[440911.13,2142005.03],[440919.29,2142005.15],[440919.38,2141999.14],[440911.22,2141999.02],[440911.13,2142005.03]]]]}},{"type":"Feature","properties":{"building":"yes","height":6,"heightSource":"default"},"geometry":{"type":"MultiPolygon","coordinates":[[[[440913.77,2141996.27],[440921.31,2141996.25],[440921.29,2141989.32],[440913.75,2141989.34],[440913.77,2141996.27]]]]}},{"type":"Feature","properties":{"building":"yes","height":6,"heightSource":"default"},"geometry":{"type":"MultiPolygon","coordinates":[[[[440913.82,2141988.02],[440921.7,2141987.99],[440921.68,2141981.89],[440913.8,2141981.92],[440913.82,2141988.02]]]]}},{"type":"Feature","properties":{"building":"yes","height":6,"heightSource":"default"},"geometry":{"type":"MultiPolygon","coordinates":[[[[440911.89,2141980.24],[440920.13,2141980.43],[440920.27,2141974.27],[440912.03,2141974.09],[440911.89,2141980.24]]]]}},{"type":"Feature","properties":{"building":"yes","height":6,"heightSource":"default"},"geometry":{"type":"MultiPolygon","coordinates":[[[[440918.97,2141971.48],[440927.35,2141971.87],[440928.2,2141954.06],[440919.82,2141953.67],[440918.97,2141971.48]]]]}},{"type":"Feature","properties":{"building":"yes","height":6,"heightSource":"default"},"geometry":{"type":"MultiPolygon","coordinates":[[[[440890.93,2141965.05],[440897.05,2141965.18],[440897.17,2141959.02],[440899.82,2141959.07],[440899.91,2141954.79],[440891.14,2141954.62],[440890.93,2141965.05]]]]}},{"type":"Feature","properties":{"building":"yes","height":6,"heightSource":"default"},"geometry":{"type":"MultiPolygon","coordinates":[[[[440864.97,2141952.19],[440871.73,2141952.1],[440871.62,2141944.26],[440864.86,2141944.34],[440864.97,2141952.19]]]]}},{"type":"Feature","properties":{"building":"yes","height":6,"heightSource":"default"},"geometry":{"type":"MultiPolygon","coordinates":[[[[440863.17,2141960.59],[440868.44,2141960.79],[440868.68,2141954.77],[440863.39,2141954.57],[440863.17,2141960.59]]]]}},{"type":"Feature","properties":{"building":"yes","height":6,"heightSource":"default"},"geometry":{"type":"MultiPolygon","coordinates":[[[[440873.27,2141971.21],[440878.69,2141971.05],[440878.46,2141963.13],[440873.04,2141963.3],[440873.27,2141971.21]]]]}},{"type":"Feature","properties":{"building":"yes","height":6,"heightSource":"default"},"geometry":{"type":"MultiPolygon","coordinates":[[[[440875.84,2141981.49],[440880.77,2141981.47],[440880.75,2141977.34],[440875.83,2141977.35],[440875.84,2141981.49]]]]}},{"type":"Feature","properties":{"building":"yes","height":6,"heightSource":"default"},"geometry":{"type":"MultiPolygon","coordinates":[[[[440874.74,2141987.58],[440881.28,2141987.56],[440881.26,2141982.38],[440874.72,2141982.4],[440874.74,2141987.58]]]]}},{"type":"Feature","properties":{"building":"yes","height":6,"heightSource":"default"},"geometry":{"type":"MultiPolygon","coordinates":[[[[440874.63,2141998.99],[440881.67,2141998.97],[440881.64,2141988.96],[440874.59,2141988.99],[440874.63,2141998.99]]]]}},{"type":"Feature","properties":{"building":"yes","height":6,"heightSource":"default"},"geometry":{"type":"MultiPolygon","coordinates":[[[[440892.96,2142003.83],[440901.55,2142003.74],[440901.42,2141992.46],[440892.83,2141992.56],[440892.96,2142003.83]]]]}},{"type":"Feature","properties":{"building":"yes","height":6,"heightSource":"default"},"geometry":{"type":"MultiPolygon","coordinates":[[[[440892.7,2142012.16],[440901.79,2142012.06],[440901.71,2142005.12],[440892.63,2142005.22],[440892.7,2142012.16]]]]}},{"type":"Feature","properties":{"building":"yes","height":6,"heightSource":"default"},"geometry":{"type":"MultiPolygon","coordinates":[[[[440901.18,2142024.1],[440909.78,2142023.79],[440909.43,2142014],[440904.18,2142014.2],[440904.34,2142018.43],[440900.99,2142018.56],[440901.18,2142024.1]]]]}},{"type":"Feature","properties":{"building":"yes","height":6,"heightSource":"default"},"geometry":{"type":"MultiPolygon","coordinates":[[[[440884.21,2142022.62],[440890.55,2142022.67],[440890.62,2142014.3],[440884.28,2142014.24],[440884.21,2142022.62]]]]}},{"type":"Feature","properties":{"building":"yes","height":6,"heightSource":"default"},"geometry":{"type":"MultiPolygon","coordinates":[[[[440874.86,2142024.05],[440881.89,2142024.24],[440882.15,2142014.39],[440875.12,2142014.2],[440874.86,2142024.05]]]]}},{"type":"Feature","properties":{"building":"yes","height":6,"heightSource":"default"},"geometry":{"type":"MultiPolygon","coordinates":[[[[440930.19,2142020.99],[440942.37,2142020.82],[440942.21,2142010.14],[440930.03,2142010.33],[440930.19,2142020.99]]]]}},{"type":"Feature","properties":{"building":"yes","height":6,"heightSource":"default"},"geometry":{"type":"MultiPolygon","coordinates":[[[[440952.64,2142016.45],[440959.75,2142016.49],[440959.81,2142009.01],[440952.69,2142008.97],[440952.64,2142016.45]]]]}},{"type":"Feature","properties":{"building":"yes","height":6,"heightSource":"default"},"geometry":{"type":"MultiPolygon","coordinates":[[[[440962.08,2142015.29],[440967.71,2142015.35],[440967.78,2142007.1],[440962.16,2142007.05],[440962.08,2142015.29]]]]}},{"type":"Feature","properties":{"building":"yes","height":6,"heightSource":"default"},"geometry":{"type":"MultiPolygon","coordinates":[[[[440971.87,2142016.73],[440981.79,2142016.63],[440981.71,2142008.5],[440971.78,2142008.6],[440971.87,2142016.73]]]]}},{"type":"Feature","properties":{"building":"yes","height":6,"heightSource":"default"},"geometry":{"type":"MultiPolygon","coordinates":[[[[440983.06,2142015.72],[440990.24,2142015.7],[440990.22,2142007.93],[440983.04,2142007.95],[440983.06,2142015.72]]]]}},{"type":"Feature","properties":{"building":"yes","height":6,"heightSource":"default"},"geometry":{"type":"MultiPolygon","coordinates":[[[[441007.5,2142015.85],[441017.36,2142015.61],[441017.16,2142007.48],[441007.3,2142007.72],[441007.5,2142015.85]]]]}},{"type":"Feature","properties":{"building":"yes","height":6,"heightSource":"default"},"geometry":{"type":"MultiPolygon","coordinates":[[[[441056.93,2142015.19],[441067.78,2142015.24],[441067.82,2142002.09],[441056.97,2142002.06],[441056.93,2142015.19]]]]}},{"type":"Feature","properties":{"building":"yes","height":6,"heightSource":"default"},"geometry":{"type":"MultiPolygon","coordinates":[[[[441074.75,2142013.32],[441085.66,2142012.86],[441085.2,2142002.08],[441074.29,2142002.53],[441074.75,2142013.32]]]]}},{"type":"Feature","properties":{"building":"yes","height":6,"heightSource":"default"},"geometry":{"type":"MultiPolygon","coordinates":[[[[441096.06,2142009.26],[441106.98,2142009.01],[441106.76,2141999.62],[441095.85,2141999.86],[441096.06,2142009.26]]]]}},{"type":"Feature","properties":{"building":"yes","height":6,"heightSource":"default"},"geometry":{"type":"MultiPolygon","coordinates":[[[[441125.68,2142019.87],[441131.88,2142019.58],[441131.58,2142013.62],[441125.39,2142013.92],[441125.68,2142019.87]]]]}},{"type":"Feature","properties":{"building":"yes","height":6,"heightSource":"default"},"geometry":{"type":"MultiPolygon","coordinates":[[[[441109.65,2142028.68],[441120.71,2142027.66],[441120.07,2142020.8],[441117.16,2142021.06],[441116.8,2142017.22],[441108.65,2142017.98],[441109.65,2142028.68]]]]}},{"type":"Feature","properties":{"building":"yes","height":6,"heightSource":"default"},"geometry":{"type":"MultiPolygon","coordinates":[[[[441089.03,2142034.31],[441097.22,2142033.39],[441096.94,2142030.84],[441100.36,2142030.46],[441099.31,2142021.24],[441087.7,2142022.54],[441089.03,2142034.31]]]]}},{"type":"Feature","properties":{"building":"yes","height":6,"heightSource":"default"},"geometry":{"type":"MultiPolygon","coordinates":[[[[441072.91,2142035.09],[441084.74,2142034],[441083.87,2142024.68],[441072.05,2142025.77],[441072.91,2142035.09]]]]}},{"type":"Feature","properties":{"building":"yes","height":6,"heightSource":"default"},"geometry":{"type":"MultiPolygon","coordinates":[[[[441062.19,2142031.28],[441066.42,2142030.99],[441065.97,2142024.61],[441061.75,2142024.92],[441062.19,2142031.28]]]]}},{"type":"Feature","properties":{"building":"yes","height":6,"heightSource":"default"},"geometry":{"type":"MultiPolygon","coordinates":[[[[441062.23,2142041.71],[441067.43,2142041.06],[441066.31,2142032.12],[441061.1,2142032.76],[441062.23,2142041.71]]]]}},{"type":"Feature","properties":{"building":"yes","height":6,"heightSource":"default"},"geometry":{"type":"MultiPolygon","coordinates":[[[[441008.63,2142044.95],[441014.24,2142044.88],[441014.2,2142040.98],[441008.58,2142041.06],[441008.63,2142044.95]]]]}},{"type":"Feature","properties":{"building":"yes","height":6,"heightSource":"default"},"geometry":{"type":"MultiPolygon","coordinates":[[[[441008.33,2142054.2],[441013.12,2142054.27],[441013.22,2142045.51],[441008.43,2142045.46],[441008.33,2142054.2]]]]}},{"type":"Feature","properties":{"building":"yes","height":6,"heightSource":"default"},"geometry":{"type":"MultiPolygon","coordinates":[[[[441014.17,2142054.47],[441020.59,2142054.73],[441021.1,2142042.08],[441014.69,2142041.82],[441014.17,2142054.47]]]]}},{"type":"Feature","properties":{"building":"yes","height":6,"heightSource":"default"},"geometry":{"type":"MultiPolygon","coordinates":[[[[441035.32,2141886.39],[441042.85,2141886.09],[441042.62,2141880.33],[441035.08,2141880.63],[441035.32,2141886.39]]]]}},{"type":"Feature","properties":{"building":"yes","height":6,"heightSource":"default"},"geometry":{"type":"MultiPolygon","coordinates":[[[[441021.19,2141852.31],[441023.24,2141852.3],[441023.24,2141853.43],[441025.35,2141853.43],[441025.33,2141847.15],[441021.17,2141847.17],[441021.19,2141852.31]]]]}},{"type":"Feature","properties":{"building":"yes","height":6,"heightSource":"default"},"geometry":{"type":"MultiPolygon","coordinates":[[[[441026.28,2141857.52],[441031.92,2141857.42],[441031.76,2141847.75],[441026.12,2141847.85],[441026.28,2141857.52]]]]}},{"type":"Feature","properties":{"building":"yes","height":6,"heightSource":"default"},"geometry":{"type":"MultiPolygon","coordinates":[[[[441023.14,2141846.25],[441031.52,2141846.3],[441031.57,2141837.48],[441023.19,2141837.44],[441023.14,2141846.25]]]]}},{"type":"Feature","properties":{"building":"yes","height":6,"heightSource":"default"},"geometry":{"type":"MultiPolygon","coordinates":[[[[441023.25,2141836.59],[441031.7,2141836.56],[441031.68,2141829.85],[441023.23,2141829.87],[441023.25,2141836.59]]]]}},{"type":"Feature","properties":{"building":"yes","height":6,"heightSource":"default"},"geometry":{"type":"MultiPolygon","coordinates":[[[[441012.19,2141835.15],[441019.8,2141835],[441019.66,2141829.02],[441012.06,2141829.18],[441012.19,2141835.15]]]]}},{"type":"Feature","properties":{"building":"yes","height":6,"heightSource":"default"},"geometry":{"type":"MultiPolygon","coordinates":[[[[441012.51,2141843.49],[441019.9,2141843.4],[441019.8,2141836.31],[441012.41,2141836.42],[441012.51,2141843.49]]]]}},{"type":"Feature","properties":{"building":"yes","height":6,"heightSource":"default"},"geometry":{"type":"MultiPolygon","coordinates":[[[[441012.4,2141857],[441020.36,2141856.91],[441020.25,2141847.79],[441012.29,2141847.88],[441012.4,2141857]]]]}},{"type":"Feature","properties":{"building":"yes","height":6,"heightSource":"default"},"geometry":{"type":"MultiPolygon","coordinates":[[[[440994.03,2141835.57],[441002.83,2141835.47],[441002.76,2141829.43],[440993.96,2141829.54],[440994.03,2141835.57]]]]}},{"type":"Feature","properties":{"building":"yes","height":6,"heightSource":"default"},"geometry":{"type":"MultiPolygon","coordinates":[[[[440993.13,2141842.29],[441001.51,2141842.19],[441001.46,2141837.64],[440993.08,2141837.73],[440993.13,2141842.29]]]]}},{"type":"Feature","properties":{"building":"yes","height":6,"heightSource":"default"},"geometry":{"type":"MultiPolygon","coordinates":[[[[440982.44,2141847.01],[440990.47,2141846.92],[440990.27,2141830.18],[440982.24,2141830.28],[440982.44,2141847.01]]]]}},{"type":"Feature","properties":{"building":"yes","height":6,"heightSource":"default"},"geometry":{"type":"MultiPolygon","coordinates":[[[[440985.84,2141852.81],[440991.41,2141852.8],[440991.39,2141848.52],[440985.83,2141848.54],[440985.84,2141852.81]]]]}},{"type":"Feature","properties":{"building":"yes","height":6,"heightSource":"default"},"geometry":{"type":"MultiPolygon","coordinates":[[[[440994.16,2141857.33],[441001.07,2141857.46],[441001.24,2141847.35],[440994.34,2141847.23],[440994.16,2141857.33]]]]}},{"type":"Feature","properties":{"building":"yes","height":6,"heightSource":"default"},"geometry":{"type":"MultiPolygon","coordinates":[[[[440937.86,2141780.25],[440946.55,2141778.91],[440945.4,2141771.43],[440936.7,2141772.76],[440937.86,2141780.25]]]]}},{"type":"Feature","properties":{"building":"yes","height":6,"heightSource":"default"},"geometry":{"type":"MultiPolygon","coordinates":[[[[440930.67,2141746.14],[440941.27,2141746.06],[440941.24,2141741.58],[440930.64,2141741.65],[440930.67,2141746.14]]]]}},{"type":"Feature","properties":{"building":"yes","height":6,"heightSource":"default"},"geometry":{"type":"MultiPolygon","coordinates":[[[[440930.49,2141754.64],[440941.05,2141754.51],[440940.94,2141746.56],[440930.38,2141746.7],[440930.49,2141754.64]]]]}},{"type":"Feature","properties":{"building":"yes","height":6,"heightSource":"default"},"geometry":{"type":"MultiPolygon","coordinates":[[[[440921.44,2141747.32],[440928.52,2141747.27],[440928.49,2141743.13],[440921.41,2141743.18],[440921.44,2141747.32]]]]}},{"type":"Feature","properties":{"building":"yes","height":6,"heightSource":"default"},"geometry":{"type":"MultiPolygon","coordinates":[[[[440916.12,2141755.22],[440920.7,2141755.27],[440920.83,2141743.96],[440916.26,2141743.91],[440916.12,2141755.22]]]]}},{"type":"Feature","properties":{"building":"yes","height":6,"heightSource":"default"},"geometry":{"type":"MultiPolygon","coordinates":[[[[440921.3,2141755.58],[440928.49,2141755.63],[440928.54,2141748.09],[440921.35,2141748.04],[440921.3,2141755.58]]]]}},{"type":"Feature","properties":{"building":"yes","height":6,"heightSource":"default"},"geometry":{"type":"MultiPolygon","coordinates":[[[[440911.41,2141756.11],[440915.56,2141756.16],[440915.61,2141752.82],[440911.45,2141752.77],[440911.41,2141756.11]]]]}},{"type":"Feature","properties":{"building":"yes","height":6,"heightSource":"default"},"geometry":{"type":"MultiPolygon","coordinates":[[[[440908.02,2141752.19],[440913.75,2141752.11],[440913.63,2141743.93],[440907.89,2141744.02],[440908.02,2141752.19]]]]}},{"type":"Feature","properties":{"building":"yes","height":6,"heightSource":"default"},"geometry":{"type":"MultiPolygon","coordinates":[[[[440890.92,2141758.41],[440898.42,2141758.25],[440898.17,2141747.02],[440890.67,2141747.19],[440890.92,2141758.41]]]]}},{"type":"Feature","properties":{"building":"yes","height":6,"heightSource":"default"},"geometry":{"type":"MultiPolygon","coordinates":[[[[440917.27,2141761.93],[440921.11,2141761.96],[440921.16,2141756.59],[440917.32,2141756.55],[440917.27,2141761.93]]]]}},{"type":"Feature","properties":{"building":"yes","height":6,"heightSource":"default"},"geometry":{"type":"MultiPolygon","coordinates":[[[[440910.7,2141767.66],[440916.76,2141767.64],[440916.73,2141757.06],[440910.67,2141757.08],[440910.7,2141767.66]]]]}},{"type":"Feature","properties":{"building":"yes","height":6,"heightSource":"default"},"geometry":{"type":"MultiPolygon","coordinates":[[[[440901.91,2141768.25],[440909.93,2141768.08],[440909.72,2141757.81],[440905.57,2141757.9],[440905.61,2141760],[440901.73,2141760.08],[440901.91,2141768.25]]]]}},{"type":"Feature","properties":{"building":"yes","height":6,"heightSource":"default"},"geometry":{"type":"MultiPolygon","coordinates":[[[[440875.52,2141776.03],[440879.89,2141776.02],[440879.85,2141764.4],[440875.48,2141764.41],[440875.52,2141776.03]]]]}},{"type":"Feature","properties":{"building":"yes","height":6,"heightSource":"default"},"geometry":{"type":"MultiPolygon","coordinates":[[[[440881.08,2141776.29],[440899.61,2141776.23],[440899.57,2141763.07],[440881.04,2141763.13],[440881.08,2141776.29]]]]}},{"type":"Feature","properties":{"building":"yes","height":6,"heightSource":"default"},"geometry":{"type":"MultiPolygon","coordinates":[[[[440942.78,2141749.68],[440951.23,2141749.36],[440950.98,2141742.62],[440942.54,2141742.93],[440942.78,2141749.68]]]]}},{"type":"Feature","properties":{"building":"yes","height":6,"heightSource":"default"},"geometry":{"type":"MultiPolygon","coordinates":[[[[440943.35,2141754.95],[440951.65,2141754.65],[440951.49,2141750.47],[440943.18,2141750.78],[440943.35,2141754.95]]]]}},{"type":"Feature","properties":{"building":"yes","height":6,"heightSource":"default"},"geometry":{"type":"MultiPolygon","coordinates":[[[[440935.01,2141769.89],[440949.93,2141767.75],[440948.8,2141759.97],[440933.87,2141762.12],[440935.01,2141769.89]]]]}},{"type":"Feature","properties":{"building":"yes","height":6,"heightSource":"default"},"geometry":{"type":"MultiPolygon","coordinates":[[[[440951.32,2141805.12],[440961.73,2141802.91],[440959.57,2141792.78],[440949.15,2141794.98],[440951.32,2141805.12]]]]}},{"type":"Feature","properties":{"building":"yes","height":6,"heightSource":"default"},"geometry":{"type":"MultiPolygon","coordinates":[[[[440948.43,2141782.09],[440956.52,2141780.67],[440954.55,2141769.57],[440946.44,2141770.99],[440948.43,2141782.09]]]]}},{"type":"Feature","properties":{"building":"yes","height":6,"heightSource":"default"},"geometry":{"type":"MultiPolygon","coordinates":[[[[440924.73,2141792.75],[440938.32,2141791.15],[440936.36,2141774.61],[440922.78,2141776.2],[440924.73,2141792.75]]]]}},{"type":"Feature","properties":{"building":"yes","height":6,"heightSource":"default"},"geometry":{"type":"MultiPolygon","coordinates":[[[[440918.54,2141773.51],[440925.16,2141773.14],[440924.55,2141762.41],[440917.93,2141762.77],[440918.54,2141773.51]]]]}},{"type":"Feature","properties":{"building":"yes","height":6,"heightSource":"default"},"geometry":{"type":"MultiPolygon","coordinates":[[[[440905.32,2141779.43],[440917.79,2141778.76],[440917.27,2141769.4],[440904.81,2141770.07],[440905.32,2141779.43]]]]}},{"type":"Feature","properties":{"building":"yes","height":6,"heightSource":"default"},"geometry":{"type":"MultiPolygon","coordinates":[[[[440894.65,2141789.21],[440903.8,2141787.63],[440902.47,2141780],[440893.33,2141781.56],[440894.65,2141789.21]]]]}},{"type":"Feature","properties":{"building":"yes","height":6,"heightSource":"default"},"geometry":{"type":"MultiPolygon","coordinates":[[[[440909.4,2141799.45],[440915.52,2141798.93],[440914.69,2141789.02],[440908.57,2141789.54],[440909.4,2141799.45]]]]}},{"type":"Feature","properties":{"building":"yes","height":6,"heightSource":"default"},"geometry":{"type":"MultiPolygon","coordinates":[[[[440895.26,2141805.02],[440905.9,2141803.93],[440904.73,2141792.57],[440894.09,2141793.64],[440895.26,2141805.02]]]]}},{"type":"Feature","properties":{"building":"yes","height":6,"heightSource":"default"},"geometry":{"type":"MultiPolygon","coordinates":[[[[440913.26,2141815.88],[440918.46,2141815.31],[440917.76,2141808.98],[440912.55,2141809.56],[440913.26,2141815.88]]]]}},{"type":"Feature","properties":{"building":"yes","height":6,"heightSource":"default"},"geometry":{"type":"MultiPolygon","coordinates":[[[[440928.92,2141805.26],[440940.89,2141804.1],[440940.17,2141796.74],[440928.2,2141797.89],[440928.92,2141805.26]]]]}},{"type":"Feature","properties":{"building":"yes","height":6,"heightSource":"default"},"geometry":{"type":"MultiPolygon","coordinates":[[[[440922.62,2141816.13],[440928.33,2141815.76],[440927.6,2141804.56],[440921.89,2141804.93],[440922.62,2141816.13]]]]}},{"type":"Feature","properties":{"building":"yes","height":6,"heightSource":"default"},"geometry":{"type":"MultiPolygon","coordinates":[[[[440954.81,2141817.43],[440963.54,2141815.3],[440961.48,2141806.97],[440952.75,2141809.1],[440954.81,2141817.43]]]]}},{"type":"Feature","properties":{"building":"yes","height":6,"heightSource":"default"},"geometry":{"type":"MultiPolygon","coordinates":[[[[440943.77,2141821.73],[440952.91,2141818.55],[440950.08,2141810.49],[440940.93,2141813.66],[440943.77,2141821.73]]]]}},{"type":"Feature","properties":{"building":"yes","height":6,"heightSource":"default"},"geometry":{"type":"MultiPolygon","coordinates":[[[[440919.48,2141824.05],[440928.5,2141823.89],[440928.37,2141817.56],[440919.36,2141817.72],[440919.48,2141824.05]]]]}},{"type":"Feature","properties":{"building":"yes","height":6,"heightSource":"default"},"geometry":{"type":"MultiPolygon","coordinates":[[[[440909.3,2141833.4],[440916.13,2141833.38],[440916.11,2141826.86],[440909.28,2141826.88],[440909.3,2141833.4]]]]}},{"type":"Feature","properties":{"building":"yes","height":6,"heightSource":"default"},"geometry":{"type":"MultiPolygon","coordinates":[[[[440918.25,2141833.92],[440927.82,2141833.97],[440927.85,2141825.72],[440918.28,2141825.68],[440918.25,2141833.92]]]]}},{"type":"Feature","properties":{"building":"yes","height":6,"heightSource":"default"},"geometry":{"type":"MultiPolygon","coordinates":[[[[440962.75,2141836.23],[440969.73,2141836],[440969.38,2141825.55],[440962.41,2141825.78],[440962.75,2141836.23]]]]}},{"type":"Feature","properties":{"building":"yes","height":6,"heightSource":"default"},"geometry":{"type":"MultiPolygon","coordinates":[[[[440945.99,2141835.66],[440956.7,2141835.48],[440956.56,2141827.17],[440945.86,2141827.35],[440945.99,2141835.66]]]]}},{"type":"Feature","properties":{"building":"yes","height":6,"heightSource":"default"},"geometry":{"type":"MultiPolygon","coordinates":[[[[440958.96,2141858.92],[440972.27,2141857.55],[440970.93,2141844.81],[440957.63,2141846.18],[440958.96,2141858.92]]]]}},{"type":"Feature","properties":{"building":"yes","height":6,"heightSource":"default"},"geometry":{"type":"MultiPolygon","coordinates":[[[[440916.95,2141848.81],[440927.06,2141849.99],[440928.22,2141840.37],[440918.1,2141839.18],[440916.95,2141848.81]]]]}},{"type":"Feature","properties":{"building":"yes","height":6,"heightSource":"default"},"geometry":{"type":"MultiPolygon","coordinates":[[[[440907.44,2141847.19],[440915.26,2141848.53],[440916.66,2141840.47],[440908.84,2141839.13],[440907.44,2141847.19]]]]}},{"type":"Feature","properties":{"building":"yes","height":6,"heightSource":"default"},"geometry":{"type":"MultiPolygon","coordinates":[[[[440887.92,2141874.91],[440891.45,2141874.85],[440891.38,2141870.24],[440887.86,2141870.28],[440887.92,2141874.91]]]]}},{"type":"Feature","properties":{"building":"yes","height":6,"heightSource":"default"},"geometry":{"type":"MultiPolygon","coordinates":[[[[440892,2141875.32],[440895.74,2141875.3],[440895.72,2141868.86],[440891.98,2141868.88],[440892,2141875.32]]]]}},{"type":"Feature","properties":{"building":"yes","height":6,"heightSource":"default"},"geometry":{"type":"MultiPolygon","coordinates":[[[[440896.55,2141875.22],[440903.31,2141875.28],[440903.36,2141869.13],[440896.59,2141869.08],[440896.55,2141875.22]]]]}},{"type":"Feature","properties":{"building":"yes","height":6,"heightSource":"default"},"geometry":{"type":"MultiPolygon","coordinates":[[[[440892.67,2141881.79],[440902.41,2141881.86],[440902.46,2141876.54],[440892.7,2141876.47],[440892.67,2141881.79]]]]}},{"type":"Feature","properties":{"building":"yes","height":6,"heightSource":"default"},"geometry":{"type":"MultiPolygon","coordinates":[[[[440880.18,2141889.42],[440893.95,2141889.59],[440894.04,2141882.65],[440880.28,2141882.48],[440880.18,2141889.42]]]]}},{"type":"Feature","properties":{"building":"yes","height":6,"heightSource":"default"},"geometry":{"type":"MultiPolygon","coordinates":[[[[440894.73,2141890.63],[440902.48,2141890.75],[440902.58,2141883.42],[440894.84,2141883.3],[440894.73,2141890.63]]]]}},{"type":"Feature","properties":{"building":"yes","height":6,"heightSource":"default"},"geometry":{"type":"MultiPolygon","coordinates":[[[[440902.87,2141891.51],[440908.47,2141891.61],[440908.69,2141877.44],[440903.09,2141877.35],[440902.87,2141891.51]]]]}},{"type":"Feature","properties":{"building":"yes","height":6,"heightSource":"default"},"geometry":{"type":"MultiPolygon","coordinates":[[[[440910.01,2141875.74],[440920.99,2141875.92],[440921.17,2141864.29],[440910.19,2141864.11],[440910.01,2141875.74]]]]}},{"type":"Feature","properties":{"building":"yes","height":6,"heightSource":"default"},"geometry":{"type":"MultiPolygon","coordinates":[[[[440909,2141892.19],[440919.21,2141892.45],[440919.57,2141877.93],[440909.35,2141877.67],[440909,2141892.19]]]]}},{"type":"Feature","properties":{"building":"yes","height":6,"heightSource":"default"},"geometry":{"type":"MultiPolygon","coordinates":[[[[440958.47,2141902.61],[440968.9,2141904.18],[440970.37,2141894.54],[440959.95,2141892.96],[440958.47,2141902.61]]]]}},{"type":"Feature","properties":{"building":"yes","height":6,"heightSource":"default"},"geometry":{"type":"MultiPolygon","coordinates":[[[[440945.08,2141923.09],[440950.93,2141923.98],[440951.95,2141917.37],[440946.11,2141916.48],[440945.08,2141923.09]]]]}},{"type":"Feature","properties":{"building":"yes","height":6,"heightSource":"default"},"geometry":{"type":"MultiPolygon","coordinates":[[[[440952.55,2141925.59],[440961.15,2141927.23],[440962.33,2141921.18],[440953.73,2141919.53],[440952.55,2141925.59]]]]}},{"type":"Feature","properties":{"building":"yes","height":6,"heightSource":"default"},"geometry":{"type":"MultiPolygon","coordinates":[[[[440740.74,2141713.54],[440749.25,2141712.61],[440748.22,2141703.18],[440739.69,2141704.13],[440740.74,2141713.54]]]]}},{"type":"Feature","properties":{"building":"yes","height":6,"heightSource":"default"},"geometry":{"type":"MultiPolygon","coordinates":[[[[440851.36,2141775.2],[440856.79,2141774.48],[440855.42,2141764.28],[440849.99,2141765],[440851.36,2141775.2]]]]}},{"type":"Feature","properties":{"building":"yes","height":6,"heightSource":"default"},"geometry":{"type":"MultiPolygon","coordinates":[[[[440849.21,2141763.45],[440854.91,2141762.38],[440852.74,2141750.9],[440847.03,2141751.97],[440849.21,2141763.45]]]]}},{"type":"Feature","properties":{"building":"yes","height":6,"heightSource":"default"},"geometry":{"type":"MultiPolygon","coordinates":[[[[440847.67,2141746.3],[440865.28,2141743.23],[440858.67,2141705.81],[440841.07,2141708.88],[440847.67,2141746.3]]]]}},{"type":"Feature","properties":{"building":"yes","height":6,"heightSource":"default"},"geometry":{"type":"MultiPolygon","coordinates":[[[[440798.44,2141697.11],[440825.26,2141696.26],[440825.05,2141689.51],[440798.22,2141690.37],[440798.44,2141697.11]]]]}},{"type":"Feature","properties":{"building":"yes","height":6,"heightSource":"default"},"geometry":{"type":"MultiPolygon","coordinates":[[[[440788.43,2141716.33],[440796.52,2141715.32],[440794.37,2141698.2],[440786.27,2141699.2],[440788.43,2141716.33]]]]}},{"type":"Feature","properties":{"building":"yes","height":6,"heightSource":"default"},"geometry":{"type":"MultiPolygon","coordinates":[[[[440801.38,2141781.18],[440808.07,2141780.17],[440804.91,2141759.32],[440798.22,2141760.33],[440801.38,2141781.18]]]]}},{"type":"Feature","properties":{"building":"yes","height":6,"heightSource":"default"},"geometry":{"type":"MultiPolygon","coordinates":[[[[440807.24,2141806.77],[440812.94,2141805.49],[440807.5,2141781.51],[440801.79,2141782.79],[440807.24,2141806.77]]]]}},{"type":"Feature","properties":{"building":"yes","height":6,"heightSource":"default"},"geometry":{"type":"MultiPolygon","coordinates":[[[[440810.66,2141774.35],[440819.18,2141773.27],[440817.29,2141758.54],[440808.78,2141759.62],[440810.66,2141774.35]]]]}},{"type":"Feature","properties":{"building":"yes","height":6,"heightSource":"default"},"geometry":{"type":"MultiPolygon","coordinates":[[[[440812.59,2141782.61],[440819.77,2141781.18],[440818.46,2141774.67],[440811.28,2141776.1],[440812.59,2141782.61]]]]}},{"type":"Feature","properties":{"building":"yes","height":6,"heightSource":"default"},"geometry":{"type":"MultiPolygon","coordinates":[[[[440814.82,2141795.13],[440822.97,2141793.78],[440821.13,2141782.82],[440812.96,2141784.17],[440814.82,2141795.13]]]]}},{"type":"Feature","properties":{"building":"yes","height":6,"heightSource":"default"},"geometry":{"type":"MultiPolygon","coordinates":[[[[440818.69,2141818.71],[440826.43,2141817.49],[440822.99,2141795.79],[440815.24,2141797],[440818.69,2141818.71]]]]}},{"type":"Feature","properties":{"building":"yes","height":6,"heightSource":"default"},"geometry":{"type":"MultiPolygon","coordinates":[[[[440809.74,2141816.7],[440815.36,2141815.36],[440813.18,2141806.32],[440807.55,2141807.68],[440809.74,2141816.7]]]]}},{"type":"Feature","properties":{"building":"yes","height":6,"heightSource":"default"},"geometry":{"type":"MultiPolygon","coordinates":[[[[440787.64,2141776.04],[440796.01,2141774.27],[440793.25,2141761.43],[440784.87,2141763.2],[440787.64,2141776.04]]]]}},{"type":"Feature","properties":{"building":"yes","height":6,"heightSource":"default"},"geometry":{"type":"MultiPolygon","coordinates":[[[[440786.69,2141789.77],[440797.25,2141787.63],[440794.93,2141776.27],[440784.37,2141778.41],[440786.69,2141789.77]]]]}},{"type":"Feature","properties":{"building":"yes","height":6,"heightSource":"default"},"geometry":{"type":"MultiPolygon","coordinates":[[[[440793.14,2141801.08],[440799.54,2141799.73],[440797.36,2141789.51],[440790.96,2141790.87],[440793.14,2141801.08]]]]}},{"type":"Feature","properties":{"building":"yes","height":6,"heightSource":"default"},"geometry":{"type":"MultiPolygon","coordinates":[[[[440795.57,2141812.9],[440802.68,2141811.34],[440800.29,2141800.59],[440793.18,2141802.15],[440795.57,2141812.9]]]]}},{"type":"Feature","properties":{"building":"yes","height":6,"heightSource":"default"},"geometry":{"type":"MultiPolygon","coordinates":[[[[440797.45,2141825.36],[440805.18,2141823.72],[440802.91,2141813.11],[440795.18,2141814.75],[440797.45,2141825.36]]]]}},{"type":"Feature","properties":{"building":"yes","height":6,"heightSource":"default"},"geometry":{"type":"MultiPolygon","coordinates":[[[[440827.69,2141791.51],[440833.88,2141790.65],[440832.59,2141781.48],[440826.4,2141782.35],[440827.69,2141791.51]]]]}},{"type":"Feature","properties":{"building":"yes","height":6,"heightSource":"default"},"geometry":{"type":"MultiPolygon","coordinates":[[[[440826.25,2141780.25],[440832.16,2141779.67],[440831.3,2141771.01],[440825.38,2141771.59],[440826.25,2141780.25]]]]}},{"type":"Feature","properties":{"building":"yes","height":6,"heightSource":"default"},"geometry":{"type":"MultiPolygon","coordinates":[[[[440825.71,2141767.44],[440831.41,2141766.79],[440830.15,2141755.84],[440824.45,2141756.48],[440825.71,2141767.44]]]]}},{"type":"Feature","properties":{"building":"yes","height":6,"heightSource":"default"},"geometry":{"type":"MultiPolygon","coordinates":[[[[440834.2,2141758.95],[440838.7,2141758.16],[440837.7,2141752.44],[440833.19,2141753.23],[440834.2,2141758.95]]]]}},{"type":"Feature","properties":{"building":"yes","height":6,"heightSource":"default"},"geometry":{"type":"MultiPolygon","coordinates":[[[[440835.21,2141764.82],[440840.83,2141764.17],[440840.28,2141759.43],[440834.65,2141760.08],[440835.21,2141764.82]]]]}},{"type":"Feature","properties":{"building":"yes","height":6,"heightSource":"default"},"geometry":{"type":"MultiPolygon","coordinates":[[[[440836.73,2141777.97],[440842.85,2141777.4],[440841.88,2141767.27],[440835.75,2141767.84],[440836.73,2141777.97]]]]}},{"type":"Feature","properties":{"building":"yes","height":6,"heightSource":"default"},"geometry":{"type":"MultiPolygon","coordinates":[[[[440839.02,2141792.53],[440845.58,2141792.3],[440845.14,2141780.1],[440838.6,2141780.34],[440839.02,2141792.53]]]]}},{"type":"Feature","properties":{"building":"yes","height":6,"heightSource":"default"},"geometry":{"type":"MultiPolygon","coordinates":[[[[440841.54,2141807.36],[440847.38,2141807],[440846.66,2141795.57],[440840.81,2141795.94],[440841.54,2141807.36]]]]}},{"type":"Feature","properties":{"building":"yes","height":6,"heightSource":"default"},"geometry":{"type":"MultiPolygon","coordinates":[[[[440844.47,2141820.31],[440854.04,2141818.45],[440852.1,2141808.52],[440842.53,2141810.38],[440844.47,2141820.31]]]]}},{"type":"Feature","properties":{"building":"yes","height":6,"heightSource":"default"},"geometry":{"type":"MultiPolygon","coordinates":[[[[440773.94,2141875.83],[440788.65,2141871.51],[440784.06,2141856.09],[440769.37,2141860.41],[440773.94,2141875.83]]]]}},{"type":"Feature","properties":{"building":"yes","height":6,"heightSource":"default"},"geometry":{"type":"MultiPolygon","coordinates":[[[[440777.65,2141889.61],[440780.5,2141888.84],[440784.34,2141902.67],[440791.1,2141900.81],[440787.25,2141886.98],[440788.98,2141886.5],[440785.58,2141874.31],[440774.26,2141877.43],[440777.65,2141889.61]]]]}},{"type":"Feature","properties":{"building":"yes","height":6,"heightSource":"default"},"geometry":{"type":"MultiPolygon","coordinates":[[[[440792.88,2141916.79],[440802.59,2141914.11],[440800,2141904.85],[440790.29,2141907.54],[440792.88,2141916.79]]]]}},{"type":"Feature","properties":{"building":"yes","height":6,"heightSource":"default"},"geometry":{"type":"MultiPolygon","coordinates":[[[[440793.44,2141937.16],[440807.05,2141933.01],[440801.85,2141916.17],[440788.24,2141920.32],[440793.44,2141937.16]]]]}},{"type":"Feature","properties":{"building":"yes","height":6,"heightSource":"default"},"geometry":{"type":"MultiPolygon","coordinates":[[[[440839.04,2141883.68],[440848.47,2141881.9],[440846.39,2141870.97],[440836.95,2141872.75],[440839.04,2141883.68]]]]}},{"type":"Feature","properties":{"building":"yes","height":6,"heightSource":"default"},"geometry":{"type":"MultiPolygon","coordinates":[[[[440845.01,2141898.71],[440859.01,2141896.7],[440857.09,2141883.41],[440843.08,2141885.41],[440845.01,2141898.71]]]]}},{"type":"Feature","properties":{"building":"yes","height":6,"heightSource":"default"},"geometry":{"type":"MultiPolygon","coordinates":[[[[440828.65,2141916.47],[440843.36,2141912.5],[440841.42,2141905.4],[440826.72,2141909.37],[440828.65,2141916.47]]]]}},{"type":"Feature","properties":{"building":"yes","height":6,"heightSource":"default"},"geometry":{"type":"MultiPolygon","coordinates":[[[[440852.73,2141910.93],[440869.19,2141907.45],[440867.84,2141901.12],[440851.37,2141904.61],[440852.73,2141910.93]]]]}},{"type":"Feature","properties":{"building":"yes","height":6,"heightSource":"default"},"geometry":{"type":"MultiPolygon","coordinates":[[[[440856.12,2141918.76],[440870.63,2141915.36],[440868.95,2141908.32],[440854.46,2141911.73],[440856.12,2141918.76]]]]}},{"type":"Feature","properties":{"building":"yes","height":6,"heightSource":"default"},"geometry":{"type":"MultiPolygon","coordinates":[[[[441012.41,2141696.91],[441033.47,2141686.76],[441025.33,2141670.08],[441004.28,2141680.23],[441012.41,2141696.91]]]]}},{"type":"Feature","properties":{"building":"yes","height":6,"heightSource":"default"},"geometry":{"type":"MultiPolygon","coordinates":[[[[440998.61,2141698.04],[441008.78,2141692.35],[441001.07,2141678.69],[440990.89,2141684.38],[440998.61,2141698.04]]]]}},{"type":"Feature","properties":{"building":"yes","height":6,"heightSource":"default"},"geometry":{"type":"MultiPolygon","coordinates":[[[[440988.02,2141698.84],[440991.33,2141705.08],[440998.51,2141701.3],[440995.19,2141695.07],[440988.02,2141698.84]]]]}},{"type":"Feature","properties":{"building":"yes","height":6,"heightSource":"default"},"geometry":{"type":"MultiPolygon","coordinates":[[[[440980.06,2141701.42],[440994.13,2141695.29],[440988.87,2141683.36],[440978.6,2141687.85],[440979.54,2141689.99],[440975.75,2141691.64],[440980.06,2141701.42]]]]}},{"type":"Feature","properties":{"building":"yes","height":6,"heightSource":"default"},"geometry":{"type":"MultiPolygon","coordinates":[[[[441049.24,2141730.6],[441064.73,2141726.63],[441062.44,2141717.84],[441046.97,2141721.81],[441049.24,2141730.6]]]]}},{"type":"Feature","properties":{"building":"yes","height":6,"heightSource":"default"},"geometry":{"type":"MultiPolygon","coordinates":[[[[441018.2,2141711.23],[441026.12,2141714.01],[441029.19,2141705.31],[441021.27,2141702.55],[441018.2,2141711.23]]]]}},{"type":"Feature","properties":{"building":"yes","height":6,"heightSource":"default"},"geometry":{"type":"MultiPolygon","coordinates":[[[[441007.14,2141711.77],[441012.76,2141709.44],[441009.43,2141701.47],[441003.81,2141703.8],[441007.14,2141711.77]]]]}},{"type":"Feature","properties":{"building":"yes","height":6,"heightSource":"default"},"geometry":{"type":"MultiPolygon","coordinates":[[[[440994.55,2141713.77],[441001.08,2141712.76],[440999.77,2141704.22],[440993.23,2141705.23],[440994.55,2141713.77]]]]}},{"type":"Feature","properties":{"building":"yes","height":6,"heightSource":"default"},"geometry":{"type":"MultiPolygon","coordinates":[[[[440970.12,2141718.25],[440981.97,2141721.43],[440982.97,2141717.72],[440971.13,2141714.54],[440970.12,2141718.25]]]]}},{"type":"Feature","properties":{"building":"yes","height":6,"heightSource":"default"},"geometry":{"type":"MultiPolygon","coordinates":[[[[440973.56,2141714.04],[440988.36,2141718.4],[440991.76,2141706.99],[440976.96,2141702.64],[440973.56,2141714.04]]]]}},{"type":"Feature","properties":{"building":"yes","height":6,"heightSource":"default"},"geometry":{"type":"MultiPolygon","coordinates":[[[[441000.51,2141731.24],[441005.17,2141731.09],[441005.05,2141727.72],[441000.4,2141727.87],[441000.51,2141731.24]]]]}},{"type":"Feature","properties":{"building":"yes","height":6,"heightSource":"default"},"geometry":{"type":"MultiPolygon","coordinates":[[[[441007.82,2141726.12],[441015.28,2141725.88],[441014.91,2141714.09],[441007.45,2141714.32],[441007.82,2141726.12]]]]}},{"type":"Feature","properties":{"building":"yes","height":6,"heightSource":"default"},"geometry":{"type":"MultiPolygon","coordinates":[[[[441011.53,2141739.81],[441017.51,2141739.87],[441017.59,2141730.86],[441011.6,2141730.82],[441011.53,2141739.81]]]]}},{"type":"Feature","properties":{"building":"yes","height":6,"heightSource":"default"},"geometry":{"type":"MultiPolygon","coordinates":[[[[440994.98,2141741.63],[441005.9,2141741.66],[441005.94,2141732.15],[440995.01,2141732.12],[440994.98,2141741.63]]]]}},{"type":"Feature","properties":{"building":"yes","height":6,"heightSource":"default"},"geometry":{"type":"MultiPolygon","coordinates":[[[[440982.16,2141738.16],[440992.23,2141738.27],[440992.34,2141727.87],[440982.27,2141727.77],[440982.16,2141738.16]]]]}},{"type":"Feature","properties":{"building":"yes","height":6,"heightSource":"default"},"geometry":{"type":"MultiPolygon","coordinates":[[[[440965.32,2141737.17],[440975.96,2141737.63],[440976.53,2141724.55],[440965.89,2141724.09],[440965.32,2141737.17]]]]}},{"type":"Feature","properties":{"building":"yes","height":6,"heightSource":"default"},"geometry":{"type":"MultiPolygon","coordinates":[[[[440958.45,2141746.36],[440970.14,2141745.9],[440969.87,2141739.25],[440958.19,2141739.71],[440958.45,2141746.36]]]]}},{"type":"Feature","properties":{"building":"yes","height":6,"heightSource":"default"},"geometry":{"type":"MultiPolygon","coordinates":[[[[441060.22,2141747.57],[441071.34,2141746.35],[441071.05,2141743.73],[441059.93,2141744.96],[441060.22,2141747.57]]]]}},{"type":"Feature","properties":{"building":"yes","height":6,"heightSource":"default"},"geometry":{"type":"MultiPolygon","coordinates":[[[[441061.41,2141744.13],[441069.01,2141743.27],[441067.74,2141732.28],[441060.14,2141733.15],[441061.41,2141744.13]]]]}},{"type":"Feature","properties":{"building":"yes","height":6,"heightSource":"default"},"geometry":{"type":"MultiPolygon","coordinates":[[[[441055.98,2141744.99],[441060.21,2141744.43],[441058.79,2141734.14],[441054.57,2141734.72],[441055.98,2141744.99]]]]}},{"type":"Feature","properties":{"building":"yes","height":6,"heightSource":"default"},"geometry":{"type":"MultiPolygon","coordinates":[[[[441045.19,2141739.92],[441049.48,2141739.48],[441049.13,2141736.04],[441044.84,2141736.48],[441045.19,2141739.92]]]]}},{"type":"Feature","properties":{"building":"yes","height":6,"heightSource":"default"},"geometry":{"type":"MultiPolygon","coordinates":[[[[441046.41,2141747.97],[441054.44,2141747.66],[441054.17,2141740.65],[441046.15,2141740.95],[441046.41,2141747.97]]]]}},{"type":"Feature","properties":{"building":"yes","height":6,"heightSource":"default"},"geometry":{"type":"MultiPolygon","coordinates":[[[[441050.89,2141758.24],[441059.12,2141757.59],[441058.55,2141750.51],[441050.32,2141751.16],[441050.89,2141758.24]]]]}},{"type":"Feature","properties":{"building":"yes","height":6,"heightSource":"default"},"geometry":{"type":"MultiPolygon","coordinates":[[[[441040.4,2141759.09],[441047.54,2141758.47],[441047.11,2141753.61],[441039.97,2141754.23],[441040.4,2141759.09]]]]}},{"type":"Feature","properties":{"building":"yes","height":6,"heightSource":"default"},"geometry":{"type":"MultiPolygon","coordinates":[[[[441036.16,2141758.78],[441039.62,2141758.41],[441039.01,2141752.73],[441035.57,2141753.08],[441036.16,2141758.78]]]]}},{"type":"Feature","properties":{"building":"yes","height":6,"heightSource":"default"},"geometry":{"type":"MultiPolygon","coordinates":[[[[441025.04,2141757.84],[441035.6,2141756.89],[441035.23,2141752.88],[441024.68,2141753.84],[441025.04,2141757.84]]]]}},{"type":"Feature","properties":{"building":"yes","height":6,"heightSource":"default"},"geometry":{"type":"MultiPolygon","coordinates":[[[[441010.38,2141754.95],[441032.55,2141751.86],[441031.58,2141744.95],[441009.41,2141748.03],[441010.38,2141754.95]]]]}},{"type":"Feature","properties":{"building":"yes","height":6,"heightSource":"default"},"geometry":{"type":"MultiPolygon","coordinates":[[[[440995.06,2141764.79],[441006.75,2141764.41],[441006.41,2141754.19],[440994.72,2141754.58],[440995.06,2141764.79]]]]}},{"type":"Feature","properties":{"building":"yes","height":6,"heightSource":"default"},"geometry":{"type":"MultiPolygon","coordinates":[[[[441018.73,2141769.34],[441028.88,2141769.16],[441028.76,2141762.5],[441018.63,2141762.68],[441018.73,2141769.34]]]]}},{"type":"Feature","properties":{"building":"yes","height":6,"heightSource":"default"},"geometry":{"type":"MultiPolygon","coordinates":[[[[441030.36,2141770.42],[441040.72,2141770.04],[441040.38,2141761.27],[441030.03,2141761.65],[441030.36,2141770.42]]]]}},{"type":"Feature","properties":{"building":"yes","height":6,"heightSource":"default"},"geometry":{"type":"MultiPolygon","coordinates":[[[[441045.65,2141771.48],[441055.64,2141770.75],[441054.86,2141760.26],[441044.87,2141760.99],[441045.65,2141771.48]]]]}},{"type":"Feature","properties":{"building":"yes","height":6,"heightSource":"default"},"geometry":{"type":"MultiPolygon","coordinates":[[[[441058.32,2141771.31],[441065.62,2141770.2],[441064.32,2141761.74],[441057.02,2141762.85],[441058.32,2141771.31]]]]}},{"type":"Feature","properties":{"building":"yes","height":6,"heightSource":"default"},"geometry":{"type":"MultiPolygon","coordinates":[[[[441068.68,2141771.49],[441077.34,2141768.08],[441073.51,2141758.44],[441064.85,2141761.84],[441068.68,2141771.49]]]]}},{"type":"Feature","properties":{"building":"yes","height":6,"heightSource":"default"},"geometry":{"type":"MultiPolygon","coordinates":[[[[441070.51,2141782.15],[441080.08,2141779.82],[441078.72,2141774.32],[441069.15,2141776.66],[441070.51,2141782.15]]]]}},{"type":"Feature","properties":{"building":"yes","height":6,"heightSource":"default"},"geometry":{"type":"MultiPolygon","coordinates":[[[[441063.31,2141790.62],[441070.84,2141788.49],[441067.73,2141777.6],[441062.79,2141779],[441063.7,2141782.2],[441061.12,2141782.93],[441063.31,2141790.62]]]]}},{"type":"Feature","properties":{"building":"yes","height":6,"heightSource":"default"},"geometry":{"type":"MultiPolygon","coordinates":[[[[441067.99,2141799.14],[441085.44,2141794.74],[441084.36,2141790.48],[441074.16,2141793.05],[441073.17,2141789.17],[441065.92,2141790.99],[441067.99,2141799.14]]]]}},{"type":"Feature","properties":{"building":"yes","height":6,"heightSource":"default"},"geometry":{"type":"MultiPolygon","coordinates":[[[[441075.15,2141791.06],[441084.02,2141789.09],[441081.94,2141779.92],[441073.07,2141781.9],[441075.15,2141791.06]]]]}},{"type":"Feature","properties":{"building":"yes","height":6,"heightSource":"default"},"geometry":{"type":"MultiPolygon","coordinates":[[[[441052.94,2141782.11],[441057.52,2141782],[441057.35,2141774.87],[441052.77,2141774.97],[441052.94,2141782.11]]]]}},{"type":"Feature","properties":{"building":"yes","height":6,"heightSource":"default"},"geometry":{"type":"MultiPolygon","coordinates":[[[[441054.74,2141797.92],[441061.58,2141796.84],[441059.93,2141786.55],[441053.09,2141787.64],[441054.74,2141797.92]]]]}},{"type":"Feature","properties":{"building":"yes","height":6,"heightSource":"default"},"geometry":{"type":"MultiPolygon","coordinates":[[[[441069.3,2141810.55],[441085.34,2141807.34],[441083.37,2141797.57],[441067.32,2141800.77],[441069.3,2141810.55]]]]}},{"type":"Feature","properties":{"building":"yes","height":6,"heightSource":"default"},"geometry":{"type":"MultiPolygon","coordinates":[[[[441079.25,2141819.68],[441091.64,2141818.31],[441090.53,2141808.35],[441078.14,2141809.73],[441079.25,2141819.68]]]]}},{"type":"Feature","properties":{"building":"yes","height":6,"heightSource":"default"},"geometry":{"type":"MultiPolygon","coordinates":[[[[441069.33,2141820.55],[441077.14,2141820.53],[441077.12,2141814.09],[441069.31,2141814.11],[441069.33,2141820.55]]]]}},{"type":"Feature","properties":{"building":"yes","height":6,"heightSource":"default"},"geometry":{"type":"MultiPolygon","coordinates":[[[[441045.09,2141816.78],[441050.16,2141816.73],[441050.1,2141811.68],[441045.04,2141811.73],[441045.09,2141816.78]]]]}},{"type":"Feature","properties":{"building":"yes","height":6,"heightSource":"default"},"geometry":{"type":"MultiPolygon","coordinates":[[[[441055.45,2141819.62],[441063.4,2141819.52],[441063.23,2141804.46],[441055.27,2141804.56],[441055.45,2141819.62]]]]}},{"type":"Feature","properties":{"building":"yes","height":6,"heightSource":"default"},"geometry":{"type":"MultiPolygon","coordinates":[[[[441043.44,2141795.92],[441051.25,2141795.77],[441051.01,2141784.46],[441043.19,2141784.63],[441043.44,2141795.92]]]]}},{"type":"Feature","properties":{"building":"yes","height":6,"heightSource":"default"},"geometry":{"type":"MultiPolygon","coordinates":[[[[441044.84,2141804.19],[441051.46,2141804.16],[441051.43,2141796.74],[441044.82,2141796.76],[441044.82,2141799.35],[441041.94,2141799.36],[441041.95,2141802.24],[441044.83,2141802.23],[441044.84,2141804.19]]]]}},{"type":"Feature","properties":{"building":"yes","height":6,"heightSource":"default"},"geometry":{"type":"MultiPolygon","coordinates":[[[[441044.57,2141809.58],[441052.53,2141809.41],[441052.45,2141805.27],[441044.49,2141805.44],[441044.57,2141809.58]]]]}},{"type":"Feature","properties":{"building":"yes","height":6,"heightSource":"default"},"geometry":{"type":"MultiPolygon","coordinates":[[[[441036.4,2141809.6],[441043.24,2141809.44],[441043.08,2141803.33],[441036.26,2141803.48],[441036.4,2141809.6]]]]}},{"type":"Feature","properties":{"building":"yes","height":6,"heightSource":"default"},"geometry":{"type":"MultiPolygon","coordinates":[[[[441031.5,2141816.76],[441035.38,2141816.74],[441035.34,2141804.77],[441031.46,2141804.78],[441031.5,2141816.76]]]]}},{"type":"Feature","properties":{"building":"yes","height":6,"heightSource":"default"},"geometry":{"type":"MultiPolygon","coordinates":[[[[441036.65,2141819.82],[441044.61,2141819.58],[441044.34,2141810.62],[441036.38,2141810.85],[441036.65,2141819.82]]]]}},{"type":"Feature","properties":{"building":"yes","height":6,"heightSource":"default"},"geometry":{"type":"MultiPolygon","coordinates":[[[[441034.83,2141800.43],[441041.03,2141800.48],[441041.06,2141795.89],[441034.87,2141795.83],[441034.83,2141800.43]]]]}},{"type":"Feature","properties":{"building":"yes","height":6,"heightSource":"default"},"geometry":{"type":"MultiPolygon","coordinates":[[[[441028.72,2141786.59],[441042.31,2141786.48],[441042.25,2141778.41],[441028.66,2141778.53],[441028.72,2141786.59]]]]}},{"type":"Feature","properties":{"building":"yes","height":6,"heightSource":"default"},"geometry":{"type":"MultiPolygon","coordinates":[[[[441008.14,2141779.03],[441014.41,2141778.94],[441014.33,2141773.52],[441008.06,2141773.62],[441008.14,2141779.03]]]]}},{"type":"Feature","properties":{"building":"yes","height":6,"heightSource":"default"},"geometry":{"type":"MultiPolygon","coordinates":[[[[441015.61,2141782.08],[441022.93,2141781.99],[441022.84,2141774.86],[441026.3,2141774.81],[441026.25,2141770.57],[441015.46,2141770.72],[441015.61,2141782.08]]]]}},{"type":"Feature","properties":{"building":"yes","height":6,"heightSource":"default"},"geometry":{"type":"MultiPolygon","coordinates":[[[[441015.51,2141794.54],[441026.85,2141794.58],[441026.88,2141784.87],[441015.54,2141784.84],[441015.51,2141794.54]]]]}},{"type":"Feature","properties":{"building":"yes","height":6,"heightSource":"default"},"geometry":{"type":"MultiPolygon","coordinates":[[[[441009.18,2141794.77],[441014.1,2141794.84],[441014.14,2141791.07],[441009.22,2141791.02],[441009.18,2141794.77]]]]}},{"type":"Feature","properties":{"building":"yes","height":6,"heightSource":"default"},"geometry":{"type":"MultiPolygon","coordinates":[[[[441018.85,2141803.71],[441027.16,2141803.47],[441026.95,2141796.2],[441018.64,2141796.44],[441018.85,2141803.71]]]]}},{"type":"Feature","properties":{"building":"yes","height":6,"heightSource":"default"},"geometry":{"type":"MultiPolygon","coordinates":[[[[441009.62,2141803.74],[441017.65,2141803.64],[441017.56,2141796.54],[441009.54,2141796.64],[441009.62,2141803.74]]]]}},{"type":"Feature","properties":{"building":"yes","height":6,"heightSource":"default"},"geometry":{"type":"MultiPolygon","coordinates":[[[[441010.43,2141812.62],[441017.12,2141812.47],[441016.98,2141806.81],[441010.29,2141806.97],[441010.43,2141812.62]]]]}},{"type":"Feature","properties":{"building":"yes","height":6,"heightSource":"default"},"geometry":{"type":"MultiPolygon","coordinates":[[[[441020.77,2141810.49],[441027.18,2141810.4],[441027.1,2141804.57],[441020.69,2141804.66],[441020.77,2141810.49]]]]}},{"type":"Feature","properties":{"building":"yes","height":6,"heightSource":"default"},"geometry":{"type":"MultiPolygon","coordinates":[[[[441019.04,2141819.6],[441028.34,2141819.63],[441028.38,2141811.6],[441019.08,2141811.56],[441019.04,2141819.6]]]]}},{"type":"Feature","properties":{"building":"yes","height":6,"heightSource":"default"},"geometry":{"type":"MultiPolygon","coordinates":[[[[441001.76,2141809.08],[441006.12,2141809.07],[441006.11,2141804.52],[441001.74,2141804.54],[441001.76,2141809.08]]]]}},{"type":"Feature","properties":{"building":"yes","height":6,"heightSource":"default"},"geometry":{"type":"MultiPolygon","coordinates":[[[[441005.1,2141820.69],[441009.61,2141820.74],[441009.67,2141816.35],[441005.16,2141816.3],[441005.1,2141820.69]]]]}},{"type":"Feature","properties":{"building":"yes","height":6,"heightSource":"default"},"geometry":{"type":"MultiPolygon","coordinates":[[[[441000.52,2141819.93],[441004.05,2141819.86],[441003.87,2141812.21],[441000.35,2141812.3],[441000.52,2141819.93]]]]}},{"type":"Feature","properties":{"building":"yes","height":6,"heightSource":"default"},"geometry":{"type":"MultiPolygon","coordinates":[[[[440998.12,2141794.89],[441008.26,2141794.78],[441008.19,2141787.77],[440998.04,2141787.88],[440998.12,2141794.89]]]]}},{"type":"Feature","properties":{"building":"yes","height":6,"heightSource":"default"},"geometry":{"type":"MultiPolygon","coordinates":[[[[440999.84,2141803.56],[441008.35,2141803.32],[441008.15,2141795.93],[440999.62,2141796.17],[440999.84,2141803.56]]]]}},{"type":"Feature","properties":{"building":"yes","height":6,"heightSource":"default"},"geometry":{"type":"MultiPolygon","coordinates":[[[[440998.99,2141783.54],[441006.66,2141783.43],[441006.49,2141771.8],[440998.82,2141771.92],[440998.99,2141783.54]]]]}},{"type":"Feature","properties":{"building":"yes","height":6,"heightSource":"default"},"geometry":{"type":"MultiPolygon","coordinates":[[[[440984.13,2141759.43],[440990.68,2141759.41],[440990.67,2141756.06],[440984.12,2141756.08],[440984.13,2141759.43]]]]}},{"type":"Feature","properties":{"building":"yes","height":6,"heightSource":"default"},"geometry":{"type":"MultiPolygon","coordinates":[[[[440982.4,2141769.88],[440993.95,2141769.77],[440993.87,2141760.38],[440982.32,2141760.48],[440982.4,2141769.88]]]]}},{"type":"Feature","properties":{"building":"yes","height":6,"heightSource":"default"},"geometry":{"type":"MultiPolygon","coordinates":[[[[440961.13,2141768.33],[440980.96,2141767.37],[440980.69,2141761.8],[440976.81,2141761.99],[440976.6,2141757.91],[440971.78,2141758.15],[440971.69,2141756.3],[440960.56,2141756.84],[440961.13,2141768.33]]]]}},{"type":"Feature","properties":{"building":"yes","height":6,"heightSource":"default"},"geometry":{"type":"MultiPolygon","coordinates":[[[[440983.43,2141782.82],[440994.84,2141782.23],[440994.29,2141771.98],[440982.89,2141772.57],[440983.43,2141782.82]]]]}},{"type":"Feature","properties":{"building":"yes","height":6,"heightSource":"default"},"geometry":{"type":"MultiPolygon","coordinates":[[[[440969.7,2141780.91],[440980.74,2141780.45],[440980.25,2141768.55],[440969.19,2141769.01],[440969.7,2141780.91]]]]}},{"type":"Feature","properties":{"building":"yes","height":6,"heightSource":"default"},"geometry":{"type":"MultiPolygon","coordinates":[[[[440969.06,2141801.07],[440983.84,2141799.21],[440982.58,2141789.36],[440967.8,2141791.22],[440969.06,2141801.07]]]]}},{"type":"Feature","properties":{"building":"yes","height":6,"heightSource":"default"},"geometry":{"type":"MultiPolygon","coordinates":[[[[440985.09,2141795.27],[440995.86,2141795.11],[440995.7,2141785.06],[440984.93,2141785.24],[440985.09,2141795.27]]]]}},{"type":"Feature","properties":{"building":"yes","height":6,"heightSource":"default"},"geometry":{"type":"MultiPolygon","coordinates":[[[[440987.23,2141801.85],[440997.65,2141801.82],[440997.63,2141796.22],[440987.21,2141796.25],[440987.23,2141801.85]]]]}},{"type":"Feature","properties":{"building":"yes","height":6,"heightSource":"default"},"geometry":{"type":"MultiPolygon","coordinates":[[[[440987.11,2141810.18],[440998.59,2141810.07],[440998.52,2141803.2],[440987.04,2141803.31],[440987.11,2141810.18]]]]}},{"type":"Feature","properties":{"building":"yes","height":6,"heightSource":"default"},"geometry":{"type":"MultiPolygon","coordinates":[[[[440989.61,2141820.32],[440998.97,2141819.99],[440998.67,2141811.62],[440989.31,2141811.95],[440989.61,2141820.32]]]]}},{"type":"Feature","properties":{"building":"yes","height":6,"heightSource":"default"},"geometry":{"type":"MultiPolygon","coordinates":[[[[440972.76,2141814.84],[440977.25,2141814.69],[440977.34,2141817.02],[440982.9,2141816.83],[440982.82,2141814.49],[440985.79,2141814.38],[440985.38,2141803.32],[440972.36,2141803.78],[440972.76,2141814.84]]]]}},{"type":"Feature","properties":{"building":"yes","height":6,"heightSource":"default"},"geometry":{"type":"MultiPolygon","coordinates":[[[[440885.35,2141722.24],[440897.8,2141721.28],[440897.19,2141713.26],[440884.73,2141714.21],[440885.35,2141722.24]]]]}},{"type":"Feature","properties":{"building":"yes","height":6,"heightSource":"default"},"geometry":{"type":"MultiPolygon","coordinates":[[[[440882.5,2141713.64],[440891.94,2141713.11],[440891.68,2141708.65],[440902.47,2141708.05],[440902.13,2141702],[440881.92,2141703.12],[440882.5,2141713.64]]]]}},{"type":"Feature","properties":{"building":"yes","height":6,"heightSource":"default"},"geometry":{"type":"MultiPolygon","coordinates":[[[[440878.17,2141721.6],[440882.46,2141720.89],[440880.98,2141712.01],[440876.69,2141712.71],[440878.17,2141721.6]]]]}},{"type":"Feature","properties":{"building":"yes","height":6,"heightSource":"default"},"geometry":{"type":"MultiPolygon","coordinates":[[[[440866.6,2141717.54],[440876.03,2141716.18],[440875.41,2141711.95],[440880.61,2141711.2],[440879.74,2141705.25],[440865.12,2141707.36],[440866.6,2141717.54]]]]}},{"type":"Feature","properties":{"building":"yes","height":6,"heightSource":"default"},"geometry":{"type":"MultiPolygon","coordinates":[[[[440865.43,2141703.75],[440881.27,2141702.79],[440880.41,2141688.8],[440864.57,2141689.76],[440865.43,2141703.75]]]]}},{"type":"Feature","properties":{"building":"yes","height":6,"heightSource":"default"},"geometry":{"type":"MultiPolygon","coordinates":[[[[440882.6,2141700.62],[440901.4,2141700.49],[440901.3,2141687.1],[440882.51,2141687.23],[440882.6,2141700.62]]]]}},{"type":"Feature","properties":{"building":"yes","height":6,"heightSource":"default"},"geometry":{"type":"MultiPolygon","coordinates":[[[[440904.77,2141695.58],[440923.71,2141696.15],[440923.94,2141688.62],[440904.99,2141688.05],[440904.77,2141695.58]]]]}},{"type":"Feature","properties":{"building":"yes","height":6,"heightSource":"default"},"geometry":{"type":"MultiPolygon","coordinates":[[[[440904.22,2141721.47],[440922.6,2141721.77],[440922.99,2141697.18],[440904.61,2141696.88],[440904.22,2141721.47]]]]}},{"type":"Feature","properties":{"building":"yes","height":6,"heightSource":"default"},"geometry":{"type":"MultiPolygon","coordinates":[[[[440933.09,2141698.92],[440935.91,2141698.92],[440935.9,2141703.29],[440943.01,2141703.31],[440943.02,2141698.94],[440945.34,2141698.94],[440945.36,2141690.21],[440933.1,2141690.17],[440933.09,2141698.92]]]]}},{"type":"Feature","properties":{"building":"yes","height":6,"heightSource":"default"},"geometry":{"type":"MultiPolygon","coordinates":[[[[440950.35,2141703.97],[440964.58,2141703.72],[440964.38,2141692.2],[440950.15,2141692.45],[440950.35,2141703.97]]]]}},{"type":"Feature","properties":{"building":"yes","height":6,"heightSource":"default"},"geometry":{"type":"MultiPolygon","coordinates":[[[[440951.51,2141712.43],[440962.57,2141712.33],[440962.5,2141704.75],[440951.44,2141704.85],[440951.51,2141712.43]]]]}},{"type":"Feature","properties":{"building":"yes","height":6,"heightSource":"default"},"geometry":{"type":"MultiPolygon","coordinates":[[[[440951.68,2141721.19],[440955.69,2141721.03],[440955.53,2141716.68],[440951.52,2141716.84],[440951.68,2141721.19]]]]}},{"type":"Feature","properties":{"building":"yes","height":6,"heightSource":"default"},"geometry":{"type":"MultiPolygon","coordinates":[[[[440942.28,2141722.22],[440948.84,2141722.14],[440948.7,2141713.26],[440942.16,2141713.35],[440942.28,2141722.22]]]]}},{"type":"Feature","properties":{"building":"yes","height":6,"heightSource":"default"},"geometry":{"type":"MultiPolygon","coordinates":[[[[440928.87,2141722.31],[440941.63,2141722.08],[440941.49,2141714.2],[440928.73,2141714.43],[440928.87,2141722.31]]]]}},{"type":"Feature","properties":{"building":"yes","height":6,"heightSource":"default"},"geometry":{"type":"MultiPolygon","coordinates":[[[[440939.46,2141732.77],[440948.54,2141732.46],[440948.23,2141723.13],[440939.15,2141723.44],[440939.46,2141732.77]]]]}},{"type":"Feature","properties":{"building":"yes","height":6,"heightSource":"default"},"geometry":{"type":"MultiPolygon","coordinates":[[[[440914.06,2141737.69],[440925.75,2141737.16],[440925.12,2141723.41],[440913.43,2141723.93],[440914.06,2141737.69]]]]}},{"type":"Feature","properties":{"building":"yes","height":6,"heightSource":"default"},"geometry":{"type":"MultiPolygon","coordinates":[[[[440904.62,2141739.12],[440912.51,2141738.68],[440911.88,2141727.56],[440903.99,2141728],[440904.62,2141739.12]]]]}},{"type":"Feature","properties":{"building":"yes","height":6,"heightSource":"default"},"geometry":{"type":"MultiPolygon","coordinates":[[[[440889.27,2141739.87],[440897.72,2141739],[440896.05,2141722.93],[440887.6,2141723.8],[440889.27,2141739.87]]]]}},{"type":"Feature","properties":{"building":"yes","height":6,"heightSource":"default"},"geometry":{"type":"MultiPolygon","coordinates":[[[[440873.65,2141741.46],[440886.04,2141740.16],[440884.33,2141724.07],[440871.94,2141725.37],[440873.65,2141741.46]]]]}},{"type":"Feature","properties":{"building":"yes","height":6,"heightSource":"default"},"geometry":{"type":"MultiPolygon","coordinates":[[[[441142.87,2141523.99],[441151.83,2141526.11],[441155.22,2141511.89],[441146.28,2141509.77],[441142.87,2141523.99]]]]}},{"type":"Feature","properties":{"building":"yes","height":6,"heightSource":"default"},"geometry":{"type":"MultiPolygon","coordinates":[[[[441151.26,2141549.38],[441164.65,2141552.06],[441165.87,2141546.09],[441152.48,2141543.4],[441151.26,2141549.38]]]]}},{"type":"Feature","properties":{"building":"yes","height":6,"heightSource":"default"},"geometry":{"type":"MultiPolygon","coordinates":[[[[441134.19,2141537.47],[441145.74,2141540.93],[441149.3,2141529.16],[441137.75,2141525.7],[441134.19,2141537.47]]]]}},{"type":"Feature","properties":{"building":"yes","height":6,"heightSource":"default"},"geometry":{"type":"MultiPolygon","coordinates":[[[[441121.11,2141588.53],[441127.27,2141590.86],[441130.55,2141582.24],[441124.39,2141579.91],[441121.11,2141588.53]]]]}},{"type":"Feature","properties":{"building":"yes","height":6,"heightSource":"default"},"geometry":{"type":"MultiPolygon","coordinates":[[[[441108.64,2141653.19],[441115.49,2141648.54],[441109.05,2141639.18],[441102.21,2141643.83],[441108.64,2141653.19]]]]}},{"type":"Feature","properties":{"building":"yes","height":6,"heightSource":"default"},"geometry":{"type":"MultiPolygon","coordinates":[[[[441112.11,2141660.6],[441118.77,2141657.35],[441115.8,2141651.33],[441109.14,2141654.59],[441112.11,2141660.6]]]]}},{"type":"Feature","properties":{"building":"yes","height":6,"heightSource":"default"},"geometry":{"type":"MultiPolygon","coordinates":[[[[441114.53,2141668.36],[441121.41,2141666.22],[441119.36,2141659.66],[441112.47,2141661.79],[441114.53,2141668.36]]]]}},{"type":"Feature","properties":{"building":"yes","height":6,"heightSource":"default"},"geometry":{"type":"MultiPolygon","coordinates":[[[[441117.52,2141677.52],[441124.07,2141675.39],[441121.65,2141668.05],[441115.1,2141670.18],[441117.52,2141677.52]]]]}},{"type":"Feature","properties":{"building":"yes","height":6,"heightSource":"default"},"geometry":{"type":"MultiPolygon","coordinates":[[[[441106.84,2141617.43],[441114.49,2141610.27],[441108.6,2141604.04],[441100.95,2141611.21],[441106.84,2141617.43]]]]}},{"type":"Feature","properties":{"building":"yes","height":6,"heightSource":"default"},"geometry":{"type":"MultiPolygon","coordinates":[[[[441097.66,2141630.97],[441107.69,2141620.92],[441100.91,2141614.23],[441090.87,2141624.26],[441097.66,2141630.97]]]]}},{"type":"Feature","properties":{"building":"yes","height":6,"heightSource":"default"},"geometry":{"type":"MultiPolygon","coordinates":[[[[441081.9,2141640.26],[441089.01,2141634.14],[441083.1,2141627.38],[441076,2141633.48],[441081.9,2141640.26]]]]}},{"type":"Feature","properties":{"building":"yes","height":6,"heightSource":"default"},"geometry":{"type":"MultiPolygon","coordinates":[[[[441090.07,2141658.71],[441096.96,2141654.13],[441087.77,2141640.44],[441080.87,2141645.02],[441090.07,2141658.71]]]]}},{"type":"Feature","properties":{"building":"yes","height":6,"heightSource":"default"},"geometry":{"type":"MultiPolygon","coordinates":[[[[441060.52,2141667.35],[441065.09,2141665.23],[441061.98,2141658.58],[441057.41,2141660.69],[441060.52,2141667.35]]]]}},{"type":"Feature","properties":{"building":"yes","height":6,"heightSource":"default"},"geometry":{"type":"MultiPolygon","coordinates":[[[[441076.32,2141677.09],[441087.02,2141673.63],[441084.1,2141664.73],[441073.4,2141668.2],[441076.32,2141677.09]]]]}},{"type":"Feature","properties":{"building":"yes","height":6,"heightSource":"default"},"geometry":{"type":"MultiPolygon","coordinates":[[[[441062.4,2141682.61],[441074.92,2141678.36],[441071.97,2141669.76],[441059.46,2141674.01],[441062.4,2141682.61]]]]}},{"type":"Feature","properties":{"building":"yes","height":6,"heightSource":"default"},"geometry":{"type":"MultiPolygon","coordinates":[[[[441081.6,2141695.21],[441084.7,2141694.67],[441083.95,2141690.41],[441080.85,2141690.96],[441081.6,2141695.21]]]]}},{"type":"Feature","properties":{"building":"yes","height":6,"heightSource":"default"},"geometry":{"type":"MultiPolygon","coordinates":[[[[441083.06,2141701.5],[441090.1,2141700.4],[441089.22,2141694.9],[441082.18,2141696.01],[441083.06,2141701.5]]]]}},{"type":"Feature","properties":{"building":"yes","height":6,"heightSource":"default"},"geometry":{"type":"MultiPolygon","coordinates":[[[[441077.33,2141702.43],[441082.32,2141701.41],[441079.98,2141690.19],[441074.98,2141691.22],[441077.33,2141702.43]]]]}},{"type":"Feature","properties":{"building":"yes","height":6,"heightSource":"default"},"geometry":{"type":"MultiPolygon","coordinates":[[[[441069.51,2141703.93],[441076.76,2141702.3],[441074.57,2141692.66],[441067.31,2141694.3],[441069.51,2141703.93]]]]}},{"type":"Feature","properties":{"building":"yes","height":6,"heightSource":"default"},"geometry":{"type":"MultiPolygon","coordinates":[[[[441104.72,2141680.37],[441111.29,2141676.08],[441098.06,2141656.03],[441091.48,2141660.31],[441104.72,2141680.37]]]]}},{"type":"Feature","properties":{"building":"yes","height":6,"heightSource":"default"},"geometry":{"type":"MultiPolygon","coordinates":[[[[441124.23,2141704.45],[441134.03,2141700.62],[441125.01,2141677.83],[441115.22,2141681.66],[441124.23,2141704.45]]]]}},{"type":"Feature","properties":{"building":"yes","height":6,"heightSource":"default"},"geometry":{"type":"MultiPolygon","coordinates":[[[[441107.41,2141708.35],[441118.02,2141704.37],[441109.7,2141682.55],[441099.1,2141686.55],[441107.41,2141708.35]]]]}},{"type":"Feature","properties":{"building":"yes","height":6,"heightSource":"default"},"geometry":{"type":"MultiPolygon","coordinates":[[[[441093.2,2141711.97],[441096.4,2141711.79],[441095.95,2141704.43],[441092.75,2141704.63],[441093.2,2141711.97]]]]}},{"type":"Feature","properties":{"building":"yes","height":6,"heightSource":"default"},"geometry":{"type":"MultiPolygon","coordinates":[[[[441091.48,2141703.58],[441097.82,2141702.86],[441097.22,2141697.69],[441090.88,2141698.41],[441091.48,2141703.58]]]]}},{"type":"Feature","properties":{"building":"yes","height":6,"heightSource":"default"},"geometry":{"type":"MultiPolygon","coordinates":[[[[441075.25,2141714.34],[441089.96,2141712.68],[441088.77,2141702.23],[441074.06,2141703.89],[441075.25,2141714.34]]]]}},{"type":"Feature","properties":{"building":"yes","height":6,"heightSource":"default"},"geometry":{"type":"MultiPolygon","coordinates":[[[[441083.18,2141749.81],[441091.27,2141747.47],[441090.63,2141745.25],[441094.71,2141744.07],[441093.28,2141739.21],[441089.2,2141740.39],[441088.77,2141738.91],[441080.68,2141741.25],[441083.18,2141749.81]]]]}},{"type":"Feature","properties":{"building":"yes","height":6,"heightSource":"default"},"geometry":{"type":"MultiPolygon","coordinates":[[[[441096.32,2141762.22],[441103.78,2141760.87],[441102.47,2141753.71],[441095.01,2141755.06],[441096.32,2141762.22]]]]}},{"type":"Feature","properties":{"building":"yes","height":6,"heightSource":"default"},"geometry":{"type":"MultiPolygon","coordinates":[[[[441085.55,2141764.57],[441094.84,2141761.95],[441091.09,2141748.83],[441081.8,2141751.45],[441085.55,2141764.57]]]]}},{"type":"Feature","properties":{"building":"yes","height":6,"heightSource":"default"},"geometry":{"type":"MultiPolygon","coordinates":[[[[441096,2141773.42],[441105.15,2141771.65],[441103.55,2141763.48],[441094.4,2141765.26],[441096,2141773.42]]]]}},{"type":"Feature","properties":{"building":"yes","height":6,"heightSource":"default"},"geometry":{"type":"MultiPolygon","coordinates":[[[[441088.9,2141776.18],[441095.24,2141774.69],[441093.25,2141766.36],[441086.92,2141767.85],[441088.9,2141776.18]]]]}},{"type":"Feature","properties":{"building":"yes","height":6,"heightSource":"default"},"geometry":{"type":"MultiPolygon","coordinates":[[[[441112.33,2141793.81],[441118.61,2141794.84],[441119.64,2141788.63],[441113.37,2141787.61],[441112.33,2141793.81]]]]}},{"type":"Feature","properties":{"building":"yes","height":6,"heightSource":"default"},"geometry":{"type":"MultiPolygon","coordinates":[[[[441113.65,2141786.25],[441119.93,2141787.42],[441121.08,2141781.25],[441114.81,2141780.09],[441113.65,2141786.25]]]]}},{"type":"Feature","properties":{"building":"yes","height":6,"heightSource":"default"},"geometry":{"type":"MultiPolygon","coordinates":[[[[441120.59,2141773.91],[441129.19,2141776.47],[441132.19,2141766.5],[441123.59,2141763.94],[441120.59,2141773.91]]]]}},{"type":"Feature","properties":{"building":"yes","height":6,"heightSource":"default"},"geometry":{"type":"MultiPolygon","coordinates":[[[[441100.9,2141784.47],[441110.11,2141782.83],[441108.47,2141773.65],[441099.25,2141775.28],[441100.9,2141784.47]]]]}},{"type":"Feature","properties":{"building":"yes","height":6,"heightSource":"default"},"geometry":{"type":"MultiPolygon","coordinates":[[[[441092.6,2141787.16],[441100.33,2141785.32],[441098.21,2141776.46],[441090.46,2141778.3],[441092.6,2141787.16]]]]}},{"type":"Feature","properties":{"building":"yes","height":6,"heightSource":"default"},"geometry":{"type":"MultiPolygon","coordinates":[[[[441097.78,2141801.77],[441109.04,2141799.08],[441106,2141786.48],[441094.74,2141789.19],[441097.78,2141801.77]]]]}},{"type":"Feature","properties":{"building":"yes","height":6,"heightSource":"default"},"geometry":{"type":"MultiPolygon","coordinates":[[[[441094.53,2141535.77],[441102.39,2141538.24],[441103.44,2141534.97],[441100.76,2141534.12],[441101.91,2141530.47],[441096.74,2141528.83],[441094.53,2141535.77]]]]}},{"type":"Feature","properties":{"building":"yes","height":6,"heightSource":"default"},"geometry":{"type":"MultiPolygon","coordinates":[[[[441096.95,2141522.67],[441102.59,2141524.61],[441103.2,2141522.86],[441106.48,2141523.99],[441107.73,2141520.4],[441098.81,2141517.33],[441096.95,2141522.67]]]]}},{"type":"Feature","properties":{"building":"yes","height":6,"heightSource":"default"},"geometry":{"type":"MultiPolygon","coordinates":[[[[441101.64,2141532.74],[441112.14,2141535.37],[441114.38,2141526.52],[441103.86,2141523.9],[441101.64,2141532.74]]]]}},{"type":"Feature","properties":{"building":"yes","height":6,"heightSource":"default"},"geometry":{"type":"MultiPolygon","coordinates":[[[[441103.08,2141543.86],[441111.25,2141545.45],[441112.89,2141537.11],[441104.71,2141535.54],[441103.08,2141543.86]]]]}},{"type":"Feature","properties":{"building":"yes","height":6,"heightSource":"default"},"geometry":{"type":"MultiPolygon","coordinates":[[[[441086.51,2141561.63],[441100.26,2141563.76],[441101.43,2141556.22],[441087.7,2141554.09],[441086.51,2141561.63]]]]}},{"type":"Feature","properties":{"building":"yes","height":6,"heightSource":"default"},"geometry":{"type":"MultiPolygon","coordinates":[[[[441079.22,2141570.06],[441094.52,2141575.67],[441097.52,2141567.62],[441082.22,2141561.99],[441079.22,2141570.06]]]]}},{"type":"Feature","properties":{"building":"yes","height":6,"heightSource":"default"},"geometry":{"type":"MultiPolygon","coordinates":[[[[441070.1,2141559.23],[441079.12,2141561.93],[441080.89,2141556.1],[441075.82,2141554.59],[441077.23,2141549.9],[441073.28,2141548.72],[441070.1,2141559.23]]]]}},{"type":"Feature","properties":{"building":"yes","height":6,"heightSource":"default"},"geometry":{"type":"MultiPolygon","coordinates":[[[[441064.15,2141570.11],[441075.35,2141573.29],[441078.41,2141562.66],[441067.2,2141559.47],[441064.15,2141570.11]]]]}},{"type":"Feature","properties":{"building":"yes","height":6,"heightSource":"default"},"geometry":{"type":"MultiPolygon","coordinates":[[[[440983,2141541.03],[440989.82,2141541.08],[440989.89,2141532.36],[440983.05,2141532.3],[440983,2141541.03]]]]}},{"type":"Feature","properties":{"building":"yes","height":6,"heightSource":"default"},"geometry":{"type":"MultiPolygon","coordinates":[[[[440967.09,2141544.24],[440974.06,2141544.01],[440973.85,2141537.66],[440966.88,2141537.89],[440967.09,2141544.24]]]]}},{"type":"Feature","properties":{"building":"yes","height":6,"heightSource":"default"},"geometry":{"type":"MultiPolygon","coordinates":[[[[440958,2141543.98],[440964.97,2141543.47],[440964.23,2141533.44],[440957.26,2141533.95],[440958,2141543.98]]]]}},{"type":"Feature","properties":{"building":"yes","height":6,"heightSource":"default"},"geometry":{"type":"MultiPolygon","coordinates":[[[[440944.68,2141538.08],[440955.24,2141537.76],[440955.04,2141531.19],[440944.48,2141531.51],[440944.68,2141538.08]]]]}},{"type":"Feature","properties":{"building":"yes","height":6,"heightSource":"default"},"geometry":{"type":"MultiPolygon","coordinates":[[[[440945.04,2141554.15],[440950.46,2141553.94],[440950.19,2141546.97],[440956.96,2141546.72],[440956.73,2141540.68],[440944.55,2141541.14],[440945.04,2141554.15]]]]}},{"type":"Feature","properties":{"building":"yes","height":6,"heightSource":"default"},"geometry":{"type":"MultiPolygon","coordinates":[[[[440930.63,2141549.89],[440939.87,2141547.49],[440936.23,2141533.64],[440926.99,2141536.04],[440930.63,2141549.89]]]]}},{"type":"Feature","properties":{"building":"yes","height":6,"heightSource":"default"},"geometry":{"type":"MultiPolygon","coordinates":[[[[440916.25,2141544.61],[440922.86,2141542.35],[440920.83,2141536.49],[440914.21,2141538.75],[440916.25,2141544.61]]]]}},{"type":"Feature","properties":{"building":"yes","height":6,"heightSource":"default"},"geometry":{"type":"MultiPolygon","coordinates":[[[[440913.85,2141560.91],[440922.7,2141557.88],[440921.68,2141554.97],[440928.1,2141552.76],[440924.73,2141543.04],[440909.46,2141548.27],[440913.85,2141560.91]]]]}},{"type":"Feature","properties":{"building":"yes","height":6,"heightSource":"default"},"geometry":{"type":"MultiPolygon","coordinates":[[[[440882.85,2141561.17],[440890.92,2141559.55],[440887.77,2141544.09],[440879.7,2141545.71],[440882.85,2141561.17]]]]}},{"type":"Feature","properties":{"building":"yes","height":6,"heightSource":"default"},"geometry":{"type":"MultiPolygon","coordinates":[[[[440855.1,2141558.6],[440861.5,2141557.98],[440860.48,2141547.62],[440854.08,2141548.25],[440855.1,2141558.6]]]]}},{"type":"Feature","properties":{"building":"yes","height":6,"heightSource":"default"},"geometry":{"type":"MultiPolygon","coordinates":[[[[440847.7,2141558],[440854.24,2141557.2],[440853.45,2141550.72],[440846.9,2141551.51],[440847.7,2141558]]]]}},{"type":"Feature","properties":{"building":"yes","height":6,"heightSource":"default"},"geometry":{"type":"MultiPolygon","coordinates":[[[[440839.04,2141559.29],[440845.94,2141558.28],[440844.96,2141551.6],[440838.06,2141552.6],[440839.04,2141559.29]]]]}},{"type":"Feature","properties":{"building":"yes","height":6,"heightSource":"default"},"geometry":{"type":"MultiPolygon","coordinates":[[[[440852.66,2141567.01],[440860.26,2141565.8],[440859.41,2141560.57],[440851.81,2141561.78],[440852.66,2141567.01]]]]}},{"type":"Feature","properties":{"building":"yes","height":6,"heightSource":"default"},"geometry":{"type":"MultiPolygon","coordinates":[[[[440843.79,2141568.37],[440851.53,2141567.01],[440850.49,2141561.16],[440842.75,2141562.52],[440843.79,2141568.37]]]]}},{"type":"Feature","properties":{"building":"yes","height":6,"heightSource":"default"},"geometry":{"type":"MultiPolygon","coordinates":[[[[440835.41,2141569.73],[440842.24,2141568.16],[440841.03,2141562.95],[440834.21,2141564.51],[440835.41,2141569.73]]]]}},{"type":"Feature","properties":{"building":"yes","height":6,"heightSource":"default"},"geometry":{"type":"MultiPolygon","coordinates":[[[[440841.4,2141613.39],[440848.63,2141610.39],[440849.19,2141611.73],[440853.7,2141609.85],[440849.56,2141599.96],[440846.61,2141601.19],[440845.31,2141598.09],[440836.51,2141601.74],[440841.4,2141613.39]]]]}},{"type":"Feature","properties":{"building":"yes","height":6,"heightSource":"default"},"geometry":{"type":"MultiPolygon","coordinates":[[[[441034.45,2141617.52],[441041.27,2141613.58],[441035.68,2141604],[441028.85,2141607.94],[441034.45,2141617.52]]]]}},{"type":"Feature","properties":{"building":"yes","height":6,"heightSource":"default"},"geometry":{"type":"MultiPolygon","coordinates":[[[[441068.12,2141599.14],[441077.93,2141605.82],[441081.64,2141600.45],[441071.83,2141593.75],[441068.12,2141599.14]]]]}},{"type":"Feature","properties":{"building":"yes","height":6,"heightSource":"default"},"geometry":{"type":"MultiPolygon","coordinates":[[[[441061.89,2141612.95],[441071.37,2141603.68],[441066.74,2141599.01],[441057.27,2141608.28],[441061.89,2141612.95]]]]}},{"type":"Feature","properties":{"building":"yes","height":6,"heightSource":"default"},"geometry":{"type":"MultiPolygon","coordinates":[[[[441069.03,2141621.74],[441076.69,2141613.11],[441069.2,2141606.55],[441061.54,2141615.2],[441069.03,2141621.74]]]]}},{"type":"Feature","properties":{"building":"yes","height":6,"heightSource":"default"},"geometry":{"type":"MultiPolygon","coordinates":[[[[441044.25,2141621.9],[441054.63,2141634.75],[441061.66,2141629.13],[441051.28,2141616.28],[441044.25,2141621.9]]]]}},{"type":"Feature","properties":{"building":"yes","height":6,"heightSource":"default"},"geometry":{"type":"MultiPolygon","coordinates":[[[[441040.75,2141631.99],[441047.09,2141629.52],[441044.73,2141623.55],[441038.4,2141626.02],[441040.75,2141631.99]]]]}},{"type":"Feature","properties":{"building":"yes","height":6,"heightSource":"default"},"geometry":{"type":"MultiPolygon","coordinates":[[[[441031.93,2141627.04],[441037.22,2141622.67],[441030.37,2141614.49],[441025.08,2141618.88],[441031.93,2141627.04]]]]}},{"type":"Feature","properties":{"building":"yes","height":6,"heightSource":"default"},"geometry":{"type":"MultiPolygon","coordinates":[[[[441032.85,2141647.41],[441042.49,2141642.55],[441034.97,2141627.86],[441025.34,2141632.74],[441032.85,2141647.41]]]]}},{"type":"Feature","properties":{"building":"yes","height":6,"heightSource":"default"},"geometry":{"type":"MultiPolygon","coordinates":[[[[441019.94,2141638.92],[441025.35,2141636.73],[441023.13,2141631.3],[441018.5,2141633.16],[441020.28,2141637.52],[441019.49,2141637.83],[441019.94,2141638.92]]]]}},{"type":"Feature","properties":{"building":"yes","height":6,"heightSource":"default"},"geometry":{"type":"MultiPolygon","coordinates":[[[[441020.34,2141654.88],[441029.97,2141650.43],[441024.55,2141638.82],[441014.92,2141643.25],[441020.34,2141654.88]]]]}},{"type":"Feature","properties":{"building":"yes","height":6,"heightSource":"default"},"geometry":{"type":"MultiPolygon","coordinates":[[[[441001.29,2141643.32],[441006.99,2141641.41],[441004.27,2141633.4],[440998.58,2141635.31],[441001.29,2141643.32]]]]}},{"type":"Feature","properties":{"building":"yes","height":6,"heightSource":"default"},"geometry":{"type":"MultiPolygon","coordinates":[[[[440927.5,2141586.15],[440936.87,2141585.91],[440936.73,2141580.22],[440927.36,2141580.46],[440927.5,2141586.15]]]]}},{"type":"Feature","properties":{"building":"yes","height":6,"heightSource":"default"},"geometry":{"type":"MultiPolygon","coordinates":[[[[440932.27,2141597.41],[440933.82,2141597.44],[440933.78,2141599.63],[440940.81,2141599.74],[440940.86,2141597.55],[440943.04,2141597.59],[440943.21,2141587.09],[440932.43,2141586.91],[440932.27,2141597.41]]]]}},{"type":"Feature","properties":{"building":"yes","height":6,"heightSource":"default"},"geometry":{"type":"MultiPolygon","coordinates":[[[[440920.09,2141598.15],[440930.51,2141598.33],[440930.68,2141588.01],[440920.26,2141587.84],[440920.09,2141598.15]]]]}},{"type":"Feature","properties":{"building":"yes","height":6,"heightSource":"default"},"geometry":{"type":"MultiPolygon","coordinates":[[[[440922.72,2141607.59],[440928.14,2141607.57],[440928.12,2141601.83],[440922.7,2141601.85],[440922.72,2141607.59]]]]}},{"type":"Feature","properties":{"building":"yes","height":6,"heightSource":"default"},"geometry":{"type":"MultiPolygon","coordinates":[[[[440930.62,2141610.15],[440944.28,2141610.88],[440944.59,2141605.05],[440930.92,2141604.32],[440930.62,2141610.15]]]]}},{"type":"Feature","properties":{"building":"yes","height":6,"heightSource":"default"},"geometry":{"type":"MultiPolygon","coordinates":[[[[440951.34,2141617.16],[440959.59,2141618.04],[440960.27,2141611.68],[440952.03,2141610.8],[440951.34,2141617.16]]]]}},{"type":"Feature","properties":{"building":"yes","height":6,"heightSource":"default"},"geometry":{"type":"MultiPolygon","coordinates":[[[[440951.32,2141633.68],[440960.19,2141632.74],[440959.09,2141622.35],[440954.66,2141622.81],[440955.24,2141628.3],[440950.8,2141628.77],[440951.32,2141633.68]]]]}},{"type":"Feature","properties":{"building":"yes","height":6,"heightSource":"default"},"geometry":{"type":"MultiPolygon","coordinates":[[[[440933.21,2141627.93],[440940.64,2141627.31],[440940.16,2141621.67],[440932.74,2141622.28],[440933.21,2141627.93]]]]}},{"type":"Feature","properties":{"building":"yes","height":6,"heightSource":"default"},"geometry":{"type":"MultiPolygon","coordinates":[[[[440914.39,2141645.29],[440922.2,2141644.7],[440921.31,2141632.89],[440913.5,2141633.47],[440914.39,2141645.29]]]]}},{"type":"Feature","properties":{"building":"yes","height":6,"heightSource":"default"},"geometry":{"type":"MultiPolygon","coordinates":[[[[440927.93,2141647.69],[440943.27,2141646.67],[440942.01,2141627.85],[440926.67,2141628.86],[440927.93,2141647.69]]]]}},{"type":"Feature","properties":{"building":"yes","height":6,"heightSource":"default"},"geometry":{"type":"MultiPolygon","coordinates":[[[[440945.2,2141645.04],[440952.13,2141644.67],[440951.91,2141640.51],[440944.97,2141640.87],[440945.2,2141645.04]]]]}},{"type":"Feature","properties":{"building":"yes","height":6,"heightSource":"default"},"geometry":{"type":"MultiPolygon","coordinates":[[[[440954,2141653.9],[440961.66,2141652.97],[440959.93,2141638.91],[440952.26,2141639.84],[440954,2141653.9]]]]}},{"type":"Feature","properties":{"building":"yes","height":6,"heightSource":"default"},"geometry":{"type":"MultiPolygon","coordinates":[[[[440954.37,2141659.15],[440965.27,2141656.66],[440964.4,2141652.88],[440953.49,2141655.36],[440954.37,2141659.15]]]]}},{"type":"Feature","properties":{"building":"yes","height":6,"heightSource":"default"},"geometry":{"type":"MultiPolygon","coordinates":[[[[440979.36,2141654.8],[440986.84,2141653.66],[440985.04,2141642.04],[440977.55,2141643.19],[440979.36,2141654.8]]]]}},{"type":"Feature","properties":{"building":"yes","height":6,"heightSource":"default"},"geometry":{"type":"MultiPolygon","coordinates":[[[[440971.01,2141664.28],[440976.45,2141663.18],[440975.76,2141659.75],[440970.3,2141660.85],[440971.01,2141664.28]]]]}},{"type":"Feature","properties":{"building":"yes","height":6,"heightSource":"default"},"geometry":{"type":"MultiPolygon","coordinates":[[[[440972.73,2141675.47],[440982.53,2141673.28],[440980.17,2141662.85],[440970.37,2141665.06],[440972.73,2141675.47]]]]}},{"type":"Feature","properties":{"building":"yes","height":6,"heightSource":"default"},"geometry":{"type":"MultiPolygon","coordinates":[[[[440960.2,2141678.39],[440968.54,2141676.25],[440963.9,2141658.35],[440955.57,2141660.48],[440960.2,2141678.39]]]]}},{"type":"Feature","properties":{"building":"yes","height":6,"heightSource":"default"},"geometry":{"type":"MultiPolygon","coordinates":[[[[440938.54,2141667.46],[440945.52,2141667.65],[440945.83,2141656.49],[440938.85,2141656.31],[440938.54,2141667.46]]]]}},{"type":"Feature","properties":{"building":"yes","height":6,"heightSource":"default"},"geometry":{"type":"MultiPolygon","coordinates":[[[[440938.16,2141678.74],[440948.86,2141678.14],[440948.46,2141671.01],[440937.76,2141671.6],[440938.16,2141678.74]]]]}},{"type":"Feature","properties":{"building":"yes","height":6,"heightSource":"default"},"geometry":{"type":"MultiPolygon","coordinates":[[[[440928.68,2141664.14],[440936.29,2141664.04],[440936.13,2141651.76],[440928.53,2141651.85],[440928.68,2141664.14]]]]}},{"type":"Feature","properties":{"building":"yes","height":6,"heightSource":"default"},"geometry":{"type":"MultiPolygon","coordinates":[[[[440929.49,2141675.27],[440937.37,2141674.96],[440937.01,2141665.62],[440929.12,2141665.93],[440929.49,2141675.27]]]]}},{"type":"Feature","properties":{"building":"yes","height":6,"heightSource":"default"},"geometry":{"type":"MultiPolygon","coordinates":[[[[440914.44,2141661.39],[440920.15,2141661.43],[440920.21,2141654.73],[440914.51,2141654.68],[440914.44,2141661.39]]]]}},{"type":"Feature","properties":{"building":"yes","height":6,"heightSource":"default"},"geometry":{"type":"MultiPolygon","coordinates":[[[[440916.18,2141675.02],[440924.7,2141675.14],[440924.86,2141663.06],[440916.34,2141662.95],[440916.18,2141675.02]]]]}},{"type":"Feature","properties":{"building":"yes","height":6,"heightSource":"default"},"geometry":{"type":"MultiPolygon","coordinates":[[[[440903.08,2141673.95],[440911.46,2141674.07],[440911.69,2141657.33],[440903.31,2141657.22],[440903.08,2141673.95]]]]}},{"type":"Feature","properties":{"building":"yes","height":6,"heightSource":"default"},"geometry":{"type":"MultiPolygon","coordinates":[[[[440891.65,2141647.6],[440903.62,2141647.56],[440903.57,2141629.77],[440891.59,2141629.81],[440891.65,2141647.6]]]]}},{"type":"Feature","properties":{"building":"yes","height":6,"heightSource":"default"},"geometry":{"type":"MultiPolygon","coordinates":[[[[440889.04,2141667.91],[440901.86,2141668.56],[440902.64,2141653.54],[440889.82,2141652.87],[440889.04,2141667.91]]]]}},{"type":"Feature","properties":{"building":"yes","height":6,"heightSource":"default"},"geometry":{"type":"MultiPolygon","coordinates":[[[[440865.97,2141674.98],[440874.84,2141674.82],[440874.51,2141657.69],[440865.64,2141657.86],[440865.97,2141674.98]]]]}},{"type":"Feature","properties":{"building":"yes","height":6,"heightSource":"default"},"geometry":{"type":"MultiPolygon","coordinates":[[[[440817.33,2141532.61],[440825.15,2141532.45],[440824.99,2141525.34],[440817.18,2141525.5],[440817.33,2141532.61]]]]}},{"type":"Feature","properties":{"building":"yes","height":6,"heightSource":"default"},"geometry":{"type":"MultiPolygon","coordinates":[[[[440813.57,2141543.96],[440826.67,2141543.37],[440826.33,2141536.09],[440813.23,2141536.68],[440813.57,2141543.96]]]]}},{"type":"Feature","properties":{"building":"yes","height":6,"heightSource":"default"},"geometry":{"type":"MultiPolygon","coordinates":[[[[440759.11,2141538.06],[440765.09,2141539.36],[440767.25,2141529.7],[440761.27,2141528.39],[440759.11,2141538.06]]]]}},{"type":"Feature","properties":{"building":"yes","height":6,"heightSource":"default"},"geometry":{"type":"MultiPolygon","coordinates":[[[[440750.32,2141540.74],[440757.15,2141542.33],[440758.66,2141535.89],[440751.83,2141534.3],[440750.32,2141540.74]]]]}},{"type":"Feature","properties":{"building":"yes","height":6,"heightSource":"default"},"geometry":{"type":"MultiPolygon","coordinates":[[[[440750.8,2141518.49],[440756.43,2141519.71],[440758.04,2141512.36],[440752.42,2141511.14],[440750.8,2141518.49]]]]}},{"type":"Feature","properties":{"building":"yes","height":6,"heightSource":"default"},"geometry":{"type":"MultiPolygon","coordinates":[[[[440741.83,2141530.2],[440755.15,2141533.1],[440756.7,2141526.07],[440759.61,2141526.7],[440760.74,2141521.58],[440744.5,2141518.05],[440741.83,2141530.2]]]]}},{"type":"Feature","properties":{"building":"yes","height":6,"heightSource":"default"},"geometry":{"type":"MultiPolygon","coordinates":[[[[440921.66,2141478.97],[440927.59,2141478.95],[440927.57,2141474.61],[440921.65,2141474.63],[440921.66,2141478.97]]]]}},{"type":"Feature","properties":{"building":"yes","height":6,"heightSource":"default"},"geometry":{"type":"MultiPolygon","coordinates":[[[[440890.53,2141474.97],[440897.85,2141474.67],[440897.53,2141467.01],[440890.2,2141467.32],[440890.53,2141474.97]]]]}},{"type":"Feature","properties":{"building":"yes","height":6,"heightSource":"default"},"geometry":{"type":"MultiPolygon","coordinates":[[[[440877.46,2141485.79],[440887.32,2141485.21],[440886.88,2141477.82],[440877.02,2141478.41],[440877.46,2141485.79]]]]}},{"type":"Feature","properties":{"building":"yes","height":6,"heightSource":"default"},"geometry":{"type":"MultiPolygon","coordinates":[[[[440914.15,2141506.68],[440920.77,2141506.72],[440920.81,2141502.75],[440914.18,2141502.69],[440914.15,2141506.68]]]]}},{"type":"Feature","properties":{"building":"yes","height":6,"heightSource":"default"},"geometry":{"type":"MultiPolygon","coordinates":[[[[440938.15,2141524.24],[440947.31,2141523.79],[440946.91,2141515.85],[440937.76,2141516.3],[440938.15,2141524.24]]]]}},{"type":"Feature","properties":{"building":"yes","height":6,"heightSource":"default"},"geometry":{"type":"MultiPolygon","coordinates":[[[[440927.51,2141520.5],[440935.74,2141520.05],[440934.94,2141505.38],[440926.7,2141505.83],[440927.51,2141520.5]]]]}},{"type":"Feature","properties":{"building":"yes","height":6,"heightSource":"default"},"geometry":{"type":"MultiPolygon","coordinates":[[[[440904.27,2141502.23],[440910.96,2141502.07],[440910.8,2141495.18],[440904.11,2141495.35],[440904.27,2141502.23]]]]}},{"type":"Feature","properties":{"building":"yes","height":6,"heightSource":"default"},"geometry":{"type":"MultiPolygon","coordinates":[[[[440894.09,2141508.91],[440900.07,2141508.75],[440899.74,2141496.36],[440893.75,2141496.52],[440894.09,2141508.91]]]]}},{"type":"Feature","properties":{"building":"yes","height":6,"heightSource":"default"},"geometry":{"type":"MultiPolygon","coordinates":[[[[440878.2,2141517.57],[440892.99,2141516.97],[440891.93,2141491.48],[440877.14,2141492.08],[440878.2,2141517.57]]]]}},{"type":"Feature","properties":{"building":"yes","height":6,"heightSource":"default"},"geometry":{"type":"MultiPolygon","coordinates":[[[[440897.3,2141520.24],[440905.03,2141519.52],[440904.24,2141511.1],[440896.5,2141511.84],[440897.3,2141520.24]]]]}},{"type":"Feature","properties":{"building":"yes","height":6,"heightSource":"default"},"geometry":{"type":"MultiPolygon","coordinates":[[[[440898.74,2141532.21],[440910.35,2141530.64],[440909.12,2141521.62],[440897.5,2141523.2],[440898.74,2141532.21]]]]}},{"type":"Feature","properties":{"building":"yes","height":6,"heightSource":"default"},"geometry":{"type":"MultiPolygon","coordinates":[[[[440884.59,2141534.64],[440896.14,2141532.92],[440894.56,2141522.45],[440883.01,2141524.17],[440884.59,2141534.64]]]]}},{"type":"Feature","properties":{"building":"yes","height":6,"heightSource":"default"},"geometry":{"type":"MultiPolygon","coordinates":[[[[440867.29,2141539.45],[440873.7,2141539.15],[440873.22,2141529.27],[440866.82,2141529.57],[440867.29,2141539.45]]]]}},{"type":"Feature","properties":{"building":"yes","height":6,"heightSource":"default"},"geometry":{"type":"MultiPolygon","coordinates":[[[[440857.43,2141540.75],[440866.37,2141540.23],[440865.82,2141530.92],[440856.89,2141531.44],[440857.43,2141540.75]]]]}},{"type":"Feature","properties":{"building":"yes","height":6,"heightSource":"default"},"geometry":{"type":"MultiPolygon","coordinates":[[[[440840.45,2141516.51],[440852.7,2141516.68],[440853.09,2141489.87],[440840.83,2141489.7],[440840.45,2141516.51]]]]}},{"type":"Feature","properties":{"building":"yes","height":6,"heightSource":"default"},"geometry":{"type":"MultiPolygon","coordinates":[[[[440846.34,2141531.19],[440854.45,2141531.49],[440854.96,2141517.69],[440846.87,2141517.4],[440846.34,2141531.19]]]]}},{"type":"Feature","properties":{"building":"yes","height":6,"heightSource":"default"},"geometry":{"type":"MultiPolygon","coordinates":[[[[440839.3,2141530.24],[440844.65,2141530.64],[440845.53,2141519.18],[440840.17,2141518.78],[440839.3,2141530.24]]]]}}]}