{"type":"FeatureCollection","name":"p15-subset","crs":{"type":"name","properties":{"name":"urn:ogc:def:crs:EPSG::32647"}},"features":[{"type":"Feature","properties":{"building":"yes","height":6,"heightSource":"default"},"geometry":{"type":"MultiPolygon","coordinates":[[[[657430.38,1610740.94],[657434.39,1610783.38],[657495.21,1610777.7],[657491.19,1610735.26],[657430.38,1610740.94]]]]}},{"type":"Feature","properties":{"building":"yes","height":6,"heightSource":"default"},"geometry":{"type":"MultiPolygon","coordinates":[[[[655449.6,1614472.62],[655445.58,1614514.1],[655427.04,1614512.67],[655431.66,1614471.23],[655449.6,1614472.62]]]]}},{"type":"Feature","properties":{"building":"yes","height":6,"heightSource":"default"},"geometry":{"type":"MultiPolygon","coordinates":[[[[656239.35,1617864.76],[656247.87,1617864.75],[656247.82,1617825.49],[656239.3,1617825.5],[656239.35,1617864.76]]]]}},{"type":"Feature","properties":{"building":"yes","height":6,"heightSource":"default"},"geometry":{"type":"MultiPolygon","coordinates":[[[[656310.72,1617877.47],[656319.88,1617877.35],[656318.58,1617780.74],[656309.95,1617780.85],[656310.21,1617799.41],[656303.38,1617799.51],[656304.18,1617859.06],[656310.47,1617858.97],[656310.72,1617877.47]]]]}},{"type":"Feature","properties":{"building":"yes","height":6,"heightSource":"default"},"geometry":{"type":"MultiPolygon","coordinates":[[[[656509.8,1615051.18],[656519.9,1615050.59],[656517.72,1615014.14],[656507.62,1615014.72],[656509.8,1615051.18]]]]}},{"type":"Feature","properties":{"building":"roof","height":6,"heightSource":"default"},"geometry":{"type":"MultiPolygon","coordinates":[[[[659315.27,1613219.94],[659324.01,1613225.11],[659331.65,1613212.33],[659322.93,1613207.16],[659315.27,1613219.94]]]]}},{"type":"Feature","properties":{"building":"service","height":6,"heightSource":"default"},"geometry":{"type":"MultiPolygon","coordinates":[[[[657003.96,1612502.53],[657070.29,1612523.34],[657115.38,1612522.2],[657155.94,1612506.09],[657154.42,1612430.26],[657096.61,1612430.46],[657096.64,1612425.3],[656993.37,1612460.49],[656995.71,1612480.66],[657003.96,1612502.53]]]]}},{"type":"Feature","properties":{"building":"yes","height":6,"heightSource":"default"},"geometry":{"type":"MultiPolygon","coordinates":[[[[656677.03,1613904.22],[656747.71,1613903.56],[656747.63,1613894.53],[656814.45,1613893.89],[656814.33,1613880.83],[656747.75,1613881.45],[656747.51,1613855.6],[656676.58,1613856.27],[656677.03,1613904.22]]]]}},{"type":"Feature","properties":{"building":"yes","height":6,"heightSource":"default"},"geometry":{"type":"MultiPolygon","coordinates":[[[[657241.13,1613817.88],[657236.59,1613832.03],[657259.74,1613839.37],[657264.28,1613825.22],[657241.13,1613817.88]]]]}},{"type":"Feature","properties":{"building":"yes","height":6,"heightSource":"default"},"geometry":{"type":"MultiPolygon","coordinates":[[[[656173.33,1613743.47],[656195.28,1613788.34],[656221.1,1613775.87],[656190.7,1613713.73],[656175.35,1613721.14],[656183.8,1613738.41],[656173.33,1613743.47]]]]}},{"type":"Feature","properties":{"building":"yes","height":6,"heightSource":"default"},"geometry":{"type":"MultiPolygon","coordinates":[[[[655096.4,1613442.98],[655137.05,1613452.89],[655146.05,1613416.44],[655105.4,1613406.52],[655096.4,1613442.98]]]]}},{"type":"Feature","properties":{"building":"hospital","height":6,"heightSource":"default"},"geometry":{"type":"MultiPolygon","coordinates":[[[[655308.7,1613506.14],[655384.09,1613529.51],[655389.13,1613513.46],[655313.75,1613490.09],[655308.7,1613506.14]]]]}},{"type":"Feature","properties":{"building":"yes","height":6,"heightSource":"default"},"geometry":{"type":"MultiPolygon","coordinates":[[[[656294.92,1613796.89],[656323.86,1613784.72],[656314.88,1613763.77],[656302.67,1613736.53],[656274.79,1613749.82],[656294.92,1613796.89]]]]}},{"type":"Feature","properties":{"building":"yes","height":6,"heightSource":"default"},"geometry":{"type":"MultiPolygon","coordinates":[[[[656530.64,1607507.25],[656555.22,1607602.96],[656617.85,1607587.09],[656592.98,1607490.26],[656575.99,1607494.57],[656569.56,1607469.54],[656539.43,1607477.18],[656546.14,1607503.31],[656530.64,1607507.25]]]]}},{"type":"Feature","properties":{"building":"yes","height":6,"heightSource":"default"},"geometry":{"type":"MultiPolygon","coordinates":[[[[660534.8,1611699.7],[660553.01,1611699.54],[660551.33,1611646.39],[660532.54,1611647.13],[660532.47,1611658.62],[660521.19,1611659.97],[660512.2,1611663.37],[660503.2,1611670.2],[660498.17,1611678.48],[660520.97,1611693.87],[660529.36,1611690.19],[660533.71,1611689.93],[660534.8,1611699.7]]]]}},{"type":"Feature","properties":{"building":"yes","height":6,"heightSource":"default"},"geometry":{"type":"MultiPolygon","coordinates":[[[[661490.47,1609577.66],[661485.38,1609592.33],[661516.49,1609602.98],[661521.57,1609588.31],[661490.47,1609577.66]]]]}},{"type":"Feature","properties":{"building":"yes","height":6,"heightSource":"default"},"geometry":{"type":"MultiPolygon","coordinates":[[[[661388.22,1609974.08],[661393.74,1609960.14],[661359.34,1609946.73],[661353.84,1609960.67],[661388.22,1609974.08]]]]}},{"type":"Feature","properties":{"building":"roof","height":6,"heightSource":"default"},"geometry":{"type":"MultiPolygon","coordinates":[[[[660429.23,1611781.95],[660450.51,1611795.16],[660454.14,1611789.4],[660432.86,1611776.19],[660429.23,1611781.95]]]]}},{"type":"Feature","properties":{"building":"yes","height":6,"heightSource":"default"},"geometry":{"type":"MultiPolygon","coordinates":[[[[661518.24,1609618.12],[661522.14,1609607.75],[661528.5,1609610.12],[661524.61,1609620.48],[661518.24,1609618.12]]]]}},{"type":"Feature","properties":{"building":"roof","height":6,"heightSource":"default"},"geometry":{"type":"MultiPolygon","coordinates":[[[[661470.21,1609623.94],[661476.48,1609604.2],[661485.45,1609607.01],[661504.12,1609612.88],[661497.84,1609632.62],[661478.42,1609626.52],[661470.21,1609623.94]]]]}},{"type":"Feature","properties":{"building":"roof","height":6,"heightSource":"default"},"geometry":{"type":"MultiPolygon","coordinates":[[[[661329.98,1609993.75],[661339.28,1609997.08],[661348.24,1610000.29],[661352.53,1609988.48],[661362.35,1609992],[661366.49,1609980.61],[661341.61,1609971.68],[661338.42,1609970.54],[661329.98,1609993.75]]]]}},{"type":"Feature","properties":{"building":"yes","height":6,"heightSource":"default"},"geometry":{"type":"MultiPolygon","coordinates":[[[[660488.6,1611691.93],[660486.17,1611702.53],[660486.74,1611712.89],[660488.42,1611719.5],[660479.16,1611721.74],[660469.3,1611725.98],[660462.6,1611733.7],[660458.21,1611742.85],[660469.45,1611748.68],[660481.73,1611726.93],[660489.8,1611731],[660476.29,1611753.88],[660528.69,1611784.08],[660540.57,1611788.2],[660555.43,1611763],[660527.78,1611747.32],[660531.63,1611741.9],[660540.5,1611747.41],[660555.45,1611722.81],[660517.74,1611698.73],[660513.95,1611705.31],[660488.6,1611691.93]]]]}},{"type":"Feature","properties":{"building":"yes","height":6,"heightSource":"default"},"geometry":{"type":"MultiPolygon","coordinates":[[[[655879.01,1613381.74],[655896.62,1613383.38],[655903.06,1613383.98],[655904.16,1613372.4],[655880.11,1613370.14],[655879.01,1613381.74]]]]}},{"type":"Feature","properties":{"building":"yes","height":6,"heightSource":"default"},"geometry":{"type":"MultiPolygon","coordinates":[[[[652138.4,1618634.73],[652119.38,1618689.82],[652173,1618708.11],[652192.03,1618653.02],[652138.4,1618634.73]]]]}},{"type":"Feature","properties":{"building":"yes","height":6,"heightSource":"default"},"geometry":{"type":"MultiPolygon","coordinates":[[[[658140.25,1615717.28],[658162.41,1615720.22],[658166.43,1615690.33],[658144.26,1615687.39],[658140.25,1615717.28]]]]}},{"type":"Feature","properties":{"building":"industrial","height":6,"heightSource":"default"},"geometry":{"type":"MultiPolygon","coordinates":[[[[658894.16,1618518.79],[658920,1618425.29],[659009.44,1618449.61],[658983.61,1618543.77],[658894.16,1618518.79]]]]}},{"type":"Feature","properties":{"building":"hotel","height":6.4,"heightSource":"inferred"},"geometry":{"type":"MultiPolygon","coordinates":[[[[656968.84,1613177.63],[656983.25,1613161.49],[656974.71,1613153.95],[656967.59,1613161.93],[656964.35,1613159.07],[656957.06,1613167.24],[656968.84,1613177.63]]]]}},{"type":"Feature","properties":{"building":"yes","height":6,"heightSource":"default"},"geometry":{"type":"MultiPolygon","coordinates":[[[[654600.9,1614651.41],[654600.94,1614621.41],[654592.28,1614621.4],[654592.23,1614651.4],[654600.9,1614651.41]]]]}},{"type":"Feature","properties":{"building":"yes","height":6,"heightSource":"default"},"geometry":{"type":"MultiPolygon","coordinates":[[[[654611.17,1614649.61],[654620.94,1614649.89],[654622.04,1614610.99],[654612.29,1614610.7],[654611.17,1614649.61]]]]}},{"type":"Feature","properties":{"building":"school","height":12.8,"heightSource":"inferred"},"geometry":{"type":"MultiPolygon","coordinates":[[[[655470.78,1614435.66],[655511.22,1614438.94],[655513,1614417.23],[655472.56,1614413.97],[655470.78,1614435.66]]]]}},{"type":"Feature","properties":{"building":"school","height":6,"heightSource":"default"},"geometry":{"type":"MultiPolygon","coordinates":[[[[655558.34,1614481.88],[655619.7,1614489.45],[655621,1614479.07],[655559.63,1614471.5],[655558.34,1614481.88]]]]}},{"type":"Feature","properties":{"building":"school","height":6,"heightSource":"default"},"geometry":{"type":"MultiPolygon","coordinates":[[[[655546.92,1614437.87],[655609.14,1614446.17],[655610.82,1614433.72],[655548.59,1614425.42],[655546.92,1614437.87]]]]}},{"type":"Feature","properties":{"building":"roof","height":6,"heightSource":"default"},"geometry":{"type":"MultiPolygon","coordinates":[[[[655472.59,1614478.2],[655536.69,1614487.23],[655541.69,1614452.2],[655477.59,1614443.17],[655472.59,1614478.2]]]]}},{"type":"Feature","properties":{"building":"yes","height":6,"heightSource":"default"},"geometry":{"type":"MultiPolygon","coordinates":[[[[655221.39,1614504.29],[655220.11,1614519.62],[655281.92,1614524.74],[655283.2,1614509.43],[655221.39,1614504.29]]]]}},{"type":"Feature","properties":{"building":"yes","height":6,"heightSource":"default"},"geometry":{"type":"MultiPolygon","coordinates":[[[[655254.82,1614484.19],[655279.75,1614485.28],[655280.61,1614465.55],[655255.7,1614464.47],[655254.82,1614484.19]]]]}},{"type":"Feature","properties":{"building":"yes","height":6,"heightSource":"default"},"geometry":{"type":"MultiPolygon","coordinates":[[[[655532.3,1613737.51],[655535.07,1613725.06],[655460.62,1613708.64],[655457.84,1613721.09],[655532.3,1613737.51]]]]}},{"type":"Feature","properties":{"building":"retail","height":6,"heightSource":"default"},"geometry":{"type":"MultiPolygon","coordinates":[[[[655130.76,1613530.21],[655134.03,1613470.21],[655115.57,1613469.21],[655112.3,1613529.21],[655130.76,1613530.21]]]]}},{"type":"Feature","properties":{"building":"yes","height":6,"heightSource":"default"},"geometry":{"type":"MultiPolygon","coordinates":[[[[656483.46,1612296],[656487.31,1612259.42],[656472.43,1612257.87],[656468.59,1612294.46],[656483.46,1612296]]]]}},{"type":"Feature","properties":{"building":"office","height":6,"heightSource":"default"},"geometry":{"type":"MultiPolygon","coordinates":[[[[656625.56,1612300.26],[656623.65,1612314.73],[656646.61,1612317.72],[656652.84,1612270.52],[656629.88,1612267.53],[656627.61,1612284.69],[656622.26,1612284.25],[656621.49,1612292.15],[656621.01,1612299.9],[656625.56,1612300.26]]]]}},{"type":"Feature","properties":{"building":"roof","height":6,"heightSource":"default"},"geometry":{"type":"MultiPolygon","coordinates":[[[[656745.58,1613013.43],[656755.79,1613018.01],[656760.75,1612998.19],[656750.66,1612983.12],[656735.39,1612961.29],[656705.03,1612948.24],[656687.79,1612968.96],[656674.89,1612972.62],[656664.91,1612975.44],[656672.43,1613025.52],[656745.58,1613013.43]]]]}},{"type":"Feature","properties":{"building":"retail","height":6,"heightSource":"default"},"geometry":{"type":"MultiPolygon","coordinates":[[[[657314.26,1612371.13],[657245.68,1612391.78],[657253.62,1612417.85],[657267.44,1612470.33],[657283.01,1612474.73],[657363.78,1612451.99],[657343.05,1612379.25],[657314.26,1612371.13]]]]}},{"type":"Feature","properties":{"building":"retail","height":6,"heightSource":"default"},"geometry":{"type":"MultiPolygon","coordinates":[[[[657471.48,1612123.41],[657473.83,1612122.55],[657483.87,1612149.73],[657551.39,1612125.12],[657552.24,1612127.43],[657591.95,1612112.95],[657582.01,1612086.07],[657577.15,1612087.84],[657543.37,1611996.34],[657557.68,1611991.12],[657547.54,1611963.68],[657497.89,1611981.79],[657500.88,1611989.89],[657444.07,1612010.6],[657443.58,1612009.26],[657431.03,1612013.84],[657471.48,1612123.41]]]]}},{"type":"Feature","properties":{"building":"yes","height":6,"heightSource":"default"},"geometry":{"type":"MultiPolygon","coordinates":[[[[651481.24,1615192.73],[651510.8,1615195.78],[651514.8,1615157.62],[651485.23,1615154.57],[651481.24,1615192.73]]]]}},{"type":"Feature","properties":{"building":"yes","height":6,"heightSource":"default"},"geometry":{"type":"MultiPolygon","coordinates":[[[[651804.2,1615256.2],[651809.82,1615223.34],[651726.97,1615209.33],[651721.35,1615242.19],[651804.2,1615256.2]]]]}},{"type":"Feature","properties":{"building":"yes","height":6,"heightSource":"default"},"geometry":{"type":"MultiPolygon","coordinates":[[[[651720.82,1615094.28],[651746.53,1615096.17],[651747.69,1615080.54],[651721.98,1615078.66],[651720.82,1615094.28]]]]}},{"type":"Feature","properties":{"building":"yes","height":6,"heightSource":"default"},"geometry":{"type":"MultiPolygon","coordinates":[[[[651717.76,1615122.12],[651735.28,1615123.1],[651736.58,1615100.43],[651719.06,1615099.44],[651717.76,1615122.12]]]]}},{"type":"Feature","properties":{"building":"yes","height":6,"heightSource":"default"},"geometry":{"type":"MultiPolygon","coordinates":[[[[651652.4,1615083.53],[651687.35,1615087.76],[651689.12,1615073.28],[651654.18,1615069.03],[651652.4,1615083.53]]]]}},{"type":"Feature","properties":{"building":"yes","height":6,"heightSource":"default"},"geometry":{"type":"MultiPolygon","coordinates":[[[[651553.97,1615206.67],[651591.14,1615210.19],[651597.31,1615145.62],[651560.15,1615142.11],[651553.97,1615206.67]]]]}},{"type":"Feature","properties":{"building":"yes","height":6,"heightSource":"default"},"geometry":{"type":"MultiPolygon","coordinates":[[[[651601.63,1615209.56],[651636.22,1615211.95],[651640.67,1615148.52],[651606.07,1615146.12],[651601.63,1615209.56]]]]}},{"type":"Feature","properties":{"building":"roof","height":6,"heightSource":"default"},"geometry":{"type":"MultiPolygon","coordinates":[[[[652036.64,1615144.78],[652043.92,1615146.33],[652049.57,1615120.23],[652042.29,1615118.68],[652036.64,1615144.78]]]]}},{"type":"Feature","properties":{"building":"apartments","height":6,"heightSource":"default"},"geometry":{"type":"MultiPolygon","coordinates":[[[[653370.67,1614959.56],[653399.2,1614947.96],[653394.66,1614936.93],[653366.14,1614948.52],[653370.67,1614959.56]]]]}},{"type":"Feature","properties":{"building":"apartments","height":6,"heightSource":"default"},"geometry":{"type":"MultiPolygon","coordinates":[[[[653333.44,1614976.41],[653356.18,1614966.36],[653350.38,1614953.39],[653327.62,1614963.44],[653333.44,1614976.41]]]]}},{"type":"Feature","properties":{"building":"house","height":6,"heightSource":"default"},"geometry":{"type":"MultiPolygon","coordinates":[[[[653302.51,1614999.18],[653325.18,1614979.37],[653316.2,1614969.23],[653293.54,1614989.05],[653302.51,1614999.18]]]]}},{"type":"Feature","properties":{"building":"house","height":6,"heightSource":"default"},"geometry":{"type":"MultiPolygon","coordinates":[[[[653277.8,1615023.16],[653299.74,1615003.05],[653291.13,1614993.76],[653269.18,1615013.86],[653277.8,1615023.16]]]]}},{"type":"Feature","properties":{"building":"apartments","height":6,"heightSource":"default"},"geometry":{"type":"MultiPolygon","coordinates":[[[[656791.37,1614129.49],[656804.29,1614108.85],[656810.86,1614110.44],[656818.25,1614086.8],[656771.92,1614079.41],[656756.39,1614108.88],[656791.37,1614129.49]]]]}},{"type":"Feature","properties":{"building":"apartments","height":6,"heightSource":"default"},"geometry":{"type":"MultiPolygon","coordinates":[[[[656738.44,1614114.5],[656762.03,1614079.21],[656703.2,1614061.03],[656688.77,1614085.04],[656738.44,1614114.5]]]]}},{"type":"Feature","properties":{"building":"yes","height":6,"heightSource":"default"},"geometry":{"type":"MultiPolygon","coordinates":[[[[656696.51,1614140.94],[656703.19,1614127.96],[656680.29,1614116.33],[656673.61,1614129.31],[656696.51,1614140.94]]]]}},{"type":"Feature","properties":{"building":"apartments","height":6,"heightSource":"default"},"geometry":{"type":"MultiPolygon","coordinates":[[[[656687.6,1614156.4],[656694.24,1614143.62],[656670.2,1614131.26],[656663.54,1614144.04],[656687.6,1614156.4]]]]}},{"type":"Feature","properties":{"building":"yes","height":6,"heightSource":"default"},"geometry":{"type":"MultiPolygon","coordinates":[[[[656715.81,1614172.65],[656723.12,1614159.68],[656697.77,1614145.59],[656690.47,1614158.57],[656715.81,1614172.65]]]]}},{"type":"Feature","properties":{"building":"apartments","height":6,"heightSource":"default"},"geometry":{"type":"MultiPolygon","coordinates":[[[[656724.58,1614156.49],[656731.7,1614143.87],[656707.94,1614130.65],[656700.82,1614143.27],[656724.58,1614156.49]]]]}},{"type":"Feature","properties":{"building":"yes","height":6,"heightSource":"default"},"geometry":{"type":"MultiPolygon","coordinates":[[[[656800.17,1614198.62],[656807.47,1614185.64],[656786,1614173.73],[656778.72,1614186.7],[656800.17,1614198.62]]]]}},{"type":"Feature","properties":{"building":"apartments","height":6,"heightSource":"default"},"geometry":{"type":"MultiPolygon","coordinates":[[[[656791.4,1614214.64],[656798.2,1614201.99],[656776.02,1614190.22],[656769.23,1614202.87],[656791.4,1614214.64]]]]}},{"type":"Feature","properties":{"building":"yes","height":6,"heightSource":"default"},"geometry":{"type":"MultiPolygon","coordinates":[[[[656765.77,1614200.25],[656772.64,1614187.98],[656748.45,1614174.62],[656741.58,1614186.89],[656765.77,1614200.25]]]]}},{"type":"Feature","properties":{"building":"apartments","height":6,"heightSource":"default"},"geometry":{"type":"MultiPolygon","coordinates":[[[[656774.98,1614184.53],[656782.85,1614170.57],[656756.49,1614155.9],[656748.63,1614169.85],[656774.98,1614184.53]]]]}},{"type":"Feature","properties":{"building":"retail","height":6,"heightSource":"default"},"geometry":{"type":"MultiPolygon","coordinates":[[[[656732.81,1614292.95],[656762.84,1614228.96],[656683.11,1614192],[656672.54,1614214.54],[656682.49,1614219.15],[656663.03,1614260.6],[656732.81,1614292.95]]]]}},{"type":"Feature","properties":{"building":"yes","height":6,"heightSource":"default"},"geometry":{"type":"MultiPolygon","coordinates":[[[[657143.77,1613096.18],[657144.52,1613068.9],[657133.24,1613068.6],[657132.49,1613095.87],[657143.77,1613096.18]]]]}},{"type":"Feature","properties":{"building":"temple","height":6,"heightSource":"default"},"geometry":{"type":"MultiPolygon","coordinates":[[[[657488.25,1614579.22],[657525.55,1614575.59],[657523.54,1614555.14],[657486.24,1614558.78],[657488.25,1614579.22]]]]}},{"type":"Feature","properties":{"building":"roof","height":6,"heightSource":"default"},"geometry":{"type":"MultiPolygon","coordinates":[[[[656358.01,1613989.92],[656373.06,1614041.19],[656382.77,1614038.38],[656367.73,1613987.1],[656358.01,1613989.92]]]]}},{"type":"Feature","properties":{"building":"roof","height":6,"heightSource":"default"},"geometry":{"type":"MultiPolygon","coordinates":[[[[657091.88,1612564.9],[657100.36,1612561.49],[657089.61,1612530.91],[657081.78,1612534.98],[657091.88,1612564.9]]]]}},{"type":"Feature","properties":{"building":"roof","height":6,"heightSource":"default"},"geometry":{"type":"MultiPolygon","coordinates":[[[[657107.02,1612559.39],[657117,1612556.16],[657108.36,1612530.53],[657099.21,1612533.94],[657107.02,1612559.39]]]]}},{"type":"Feature","properties":{"building":"roof","height":6,"heightSource":"default"},"geometry":{"type":"MultiPolygon","coordinates":[[[[657124.64,1612554.89],[657133.29,1612551.97],[657126.46,1612530.32],[657116.97,1612533.23],[657124.64,1612554.89]]]]}},{"type":"Feature","properties":{"building":"yes","height":6,"heightSource":"default"},"geometry":{"type":"MultiPolygon","coordinates":[[[[655592.51,1612870.13],[655591.25,1612857.04],[655678.27,1612844.72],[655680.09,1612858.37],[655592.51,1612870.13]]]]}},{"type":"Feature","properties":{"building":"yes","height":6,"heightSource":"default"},"geometry":{"type":"MultiPolygon","coordinates":[[[[655726.32,1612829.15],[655739.48,1612827.23],[655729.04,1612763.84],[655716.02,1612765.77],[655726.32,1612829.15]]]]}},{"type":"Feature","properties":{"building":"yes","height":6,"heightSource":"default"},"geometry":{"type":"MultiPolygon","coordinates":[[[[655706.17,1612852.92],[655732.13,1612849.49],[655730.11,1612835.83],[655703.77,1612840.4],[655706.17,1612852.92]]]]}},{"type":"Feature","properties":{"building":"yes","height":6,"heightSource":"default"},"geometry":{"type":"MultiPolygon","coordinates":[[[[655721.77,1612884.94],[655750.82,1612880.23],[655748.71,1612867.26],[655720.44,1612871],[655721.77,1612884.94]]]]}},{"type":"Feature","properties":{"building":"yes","height":6,"heightSource":"default"},"geometry":{"type":"MultiPolygon","coordinates":[[[[655642.9,1612882.71],[655645.15,1612896.24],[655719.75,1612885.01],[655718.84,1612871.14],[655642.9,1612882.71]]]]}},{"type":"Feature","properties":{"building":"yes","height":6,"heightSource":"default"},"geometry":{"type":"MultiPolygon","coordinates":[[[[655581.23,1612906.54],[655579.67,1612894.12],[655642.51,1612884.65],[655644.38,1612897.01],[655581.23,1612906.54]]]]}},{"type":"Feature","properties":{"building":"yes","height":6,"heightSource":"default"},"geometry":{"type":"MultiPolygon","coordinates":[[[[655589.53,1612841.95],[655603.61,1612844.05],[655617.78,1612775.86],[655603.7,1612774.64],[655589.53,1612841.95]]]]}},{"type":"Feature","properties":{"building":"yes","height":6,"heightSource":"default"},"geometry":{"type":"MultiPolygon","coordinates":[[[[654957.48,1614505.36],[654951.47,1614464.42],[654965.6,1614462.36],[654971.63,1614503.32],[654957.48,1614505.36]]]]}},{"type":"Feature","properties":{"building":"yes","height":6,"heightSource":"default"},"geometry":{"type":"MultiPolygon","coordinates":[[[[654950.43,1614457.59],[654944.42,1614416.65],[654958.56,1614414.6],[654964.58,1614455.54],[654950.43,1614457.59]]]]}},{"type":"Feature","properties":{"building":"yes","height":6,"heightSource":"default"},"geometry":{"type":"MultiPolygon","coordinates":[[[[654943.73,1614410.33],[654937.72,1614369.38],[654951.86,1614367.33],[654957.88,1614408.27],[654943.73,1614410.33]]]]}},{"type":"Feature","properties":{"building":"yes","height":6,"heightSource":"default"},"geometry":{"type":"MultiPolygon","coordinates":[[[[654936.16,1614359.56],[654930.15,1614318.62],[654944.29,1614316.58],[654950.31,1614357.52],[654936.16,1614359.56]]]]}},{"type":"Feature","properties":{"building":"yes","height":6,"heightSource":"default"},"geometry":{"type":"MultiPolygon","coordinates":[[[[654964.78,1614356.68],[654959.87,1614320.56],[654973.74,1614318.7],[654978.65,1614354.82],[654964.78,1614356.68]]]]}},{"type":"Feature","properties":{"building":"yes","height":6,"heightSource":"default"},"geometry":{"type":"MultiPolygon","coordinates":[[[[654984.02,1614492.22],[654979.52,1614459.61],[654993.2,1614457.75],[654997.71,1614490.35],[654984.02,1614492.22]]]]}},{"type":"Feature","properties":{"building":"yes","height":6,"heightSource":"default"},"geometry":{"type":"MultiPolygon","coordinates":[[[[654978.72,1614452.99],[654972.7,1614412.04],[654986.84,1614409.99],[654992.86,1614450.93],[654978.72,1614452.99]]]]}},{"type":"Feature","properties":{"building":"yes","height":6,"heightSource":"default"},"geometry":{"type":"MultiPolygon","coordinates":[[[[654971.8,1614404.41],[654965.79,1614363.47],[654979.92,1614361.41],[654985.94,1614402.35],[654971.8,1614404.41]]]]}},{"type":"Feature","properties":{"building":"yes","height":6,"heightSource":"default"},"geometry":{"type":"MultiPolygon","coordinates":[[[[655178.5,1614713.28],[655160.24,1614714.41],[655153.48,1614605.3],[655131.05,1614606.67],[655128.07,1614558.64],[655127.52,1614549.72],[655126.43,1614532.13],[655167.08,1614529.65],[655178.5,1614713.28]]]]}},{"type":"Feature","properties":{"building":"yes","height":6,"heightSource":"default"},"geometry":{"type":"MultiPolygon","coordinates":[[[[655128.07,1614558.64],[655080.31,1614561.46],[655079.78,1614552.52],[655127.52,1614549.72],[655128.07,1614558.64]]]]}},{"type":"Feature","properties":{"building":"yes","height":6,"heightSource":"default"},"geometry":{"type":"MultiPolygon","coordinates":[[[[656703.79,1615060.34],[656700.62,1615035.96],[656747.36,1615029.95],[656750.54,1615054.34],[656703.79,1615060.34]]]]}},{"type":"Feature","properties":{"building":"yes","height":6,"heightSource":"default"},"geometry":{"type":"MultiPolygon","coordinates":[[[[656439.97,1613329.19],[656456.07,1613348.35],[656484.84,1613325.08],[656469.04,1613305.92],[656439.97,1613329.19]]]]}},{"type":"Feature","properties":{"building":"yes","height":6,"heightSource":"default"},"geometry":{"type":"MultiPolygon","coordinates":[[[[656989.01,1614095.3],[657016.23,1614089.19],[657014.57,1614048.84],[656985.49,1614045.61],[656989.01,1614095.3]]]]}},{"type":"Feature","properties":{"building":"school","height":6,"heightSource":"default"},"geometry":{"type":"MultiPolygon","coordinates":[[[[655233.41,1609198.02],[655236.18,1609214.39],[655318.61,1609198.15],[655316.24,1609182.59],[655233.41,1609198.02]]]]}},{"type":"Feature","properties":{"building":"school","height":6,"heightSource":"default"},"geometry":{"type":"MultiPolygon","coordinates":[[[[655227.84,1609166.89],[655233.43,1609194.74],[655241.65,1609193.73],[655235.76,1609165.28],[655227.84,1609166.89]]]]}},{"type":"Feature","properties":{"building":"school","height":6,"heightSource":"default"},"geometry":{"type":"MultiPolygon","coordinates":[[[[655202.09,1609177.91],[655203.13,1609182.48],[655201.33,1609182.89],[655202.56,1609189.6],[655212.28,1609188.13],[655209.96,1609176.36],[655202.09,1609177.91]]]]}},{"type":"Feature","properties":{"building":"school","height":6,"heightSource":"default"},"geometry":{"type":"MultiPolygon","coordinates":[[[[655291.82,1609134.42],[655293.29,1609141.71],[655299.36,1609140.74],[655298.39,1609133.21],[655291.82,1609134.42]]]]}},{"type":"Feature","properties":{"building":"school","height":6,"heightSource":"default"},"geometry":{"type":"MultiPolygon","coordinates":[[[[655216.3,1609107.37],[655221.67,1609135.24],[655265.88,1609126.73],[655260.25,1609099.87],[655216.3,1609107.37]]]]}},{"type":"Feature","properties":{"building":"school","height":6,"heightSource":"default"},"geometry":{"type":"MultiPolygon","coordinates":[[[[655221.93,1609053.25],[655224.89,1609063.8],[655236.52,1609060.86],[655234.07,1609049.8],[655221.93,1609053.25]]]]}},{"type":"Feature","properties":{"building":"school","height":6,"heightSource":"default"},"geometry":{"type":"MultiPolygon","coordinates":[[[[655197.11,1609149.12],[655198.32,1609157.4],[655204.38,1609156.69],[655203.17,1609148.41],[655197.11,1609149.12]]]]}},{"type":"Feature","properties":{"building":"school","height":6,"heightSource":"default"},"geometry":{"type":"MultiPolygon","coordinates":[[[[655320.32,1609256.46],[655322.27,1609268.51],[655330.6,1609267.06],[655328.41,1609255.26],[655320.32,1609256.46]]]]}},{"type":"Feature","properties":{"building":"school","height":6,"heightSource":"default"},"geometry":{"type":"MultiPolygon","coordinates":[[[[655243.64,1609291.17],[655246.79,1609305.77],[655282.87,1609299.37],[655280.11,1609284.39],[655243.64,1609291.17]]]]}},{"type":"Feature","properties":{"building":"school","height":6,"heightSource":"default"},"geometry":{"type":"MultiPolygon","coordinates":[[[[655238.97,1609268.31],[655241.79,1609282.35],[655257.04,1609279.33],[655254.21,1609265.29],[655238.97,1609268.31]]]]}},{"type":"Feature","properties":{"building":"school","height":6,"heightSource":"default"},"geometry":{"type":"MultiPolygon","coordinates":[[[[655234.16,1609283.63],[655235.69,1609291.65],[655240.84,1609291.02],[655239.77,1609282.78],[655234.16,1609283.63]]]]}},{"type":"Feature","properties":{"building":"school","height":6,"heightSource":"default"},"geometry":{"type":"MultiPolygon","coordinates":[[[[655227.33,1609230.63],[655229.29,1609239.94],[655228.04,1609240.25],[655230.09,1609248.94],[655235.9,1609247.61],[655234.21,1609239.1],[655233.28,1609239.37],[655231.32,1609229.85],[655227.33,1609230.63]]]]}},{"type":"Feature","properties":{"building":"school","height":6,"heightSource":"default"},"geometry":{"type":"MultiPolygon","coordinates":[[[[658793.74,1612489.46],[658819.32,1612486.26],[658813.6,1612442.49],[658788,1612445.69],[658793.74,1612489.46]]]]}},{"type":"Feature","properties":{"building":"school","height":6,"heightSource":"default"},"geometry":{"type":"MultiPolygon","coordinates":[[[[658729.71,1612328.33],[658731.85,1612347.03],[658746.52,1612346.01],[658744.4,1612326.56],[658729.71,1612328.33]]]]}},{"type":"Feature","properties":{"building":"school","height":6,"heightSource":"default"},"geometry":{"type":"MultiPolygon","coordinates":[[[[658710.26,1612536.72],[658710.39,1612537.98],[658714.21,1612575.25],[658714.71,1612580.07],[658741.42,1612578.23],[658737.65,1612534.2],[658721.46,1612535.69],[658710.26,1612536.72]]]]}},{"type":"Feature","properties":{"building":"school","height":6,"heightSource":"default"},"geometry":{"type":"MultiPolygon","coordinates":[[[[658704.31,1612576.38],[658714.21,1612575.25],[658710.39,1612537.98],[658701.26,1612538.7],[658700.04,1612539.23],[658700.25,1612541.1],[658702.32,1612559.12],[658704.31,1612576.38]]]]}},{"type":"Feature","properties":{"building":"school","height":6,"heightSource":"default"},"geometry":{"type":"MultiPolygon","coordinates":[[[[658702.32,1612559.12],[658697.04,1612560.58],[658695.03,1612556.06],[658692.04,1612543.32],[658700.25,1612541.1],[658702.32,1612559.12]]]]}},{"type":"Feature","properties":{"building":"school","height":6,"heightSource":"default"},"geometry":{"type":"MultiPolygon","coordinates":[[[[658675.68,1612652.06],[658716.34,1612637.58],[658689.49,1612565.71],[658649.28,1612581.72],[658675.68,1612652.06]]]]}},{"type":"Feature","properties":{"building":"school","height":6,"heightSource":"default"},"geometry":{"type":"MultiPolygon","coordinates":[[[[658765.61,1612646.59],[658779.15,1612645.1],[658769.91,1612556.22],[658755.31,1612557.71],[658765.61,1612646.59]]]]}},{"type":"Feature","properties":{"building":"school","height":6,"heightSource":"default"},"geometry":{"type":"MultiPolygon","coordinates":[[[[658797.96,1612647.59],[658870.68,1612639.36],[658869.17,1612625.39],[658796.2,1612632.55],[658796.41,1612634.01],[658792.45,1612634.38],[658793.72,1612645.78],[658797.68,1612645.33],[658797.96,1612647.59]]]]}},{"type":"Feature","properties":{"building":"school","height":6,"heightSource":"default"},"geometry":{"type":"MultiPolygon","coordinates":[[[[658791.46,1612606.7],[658865.11,1612598.68],[658863.82,1612584.7],[658789.89,1612592.44],[658791.46,1612606.7]]]]}},{"type":"Feature","properties":{"building":"school","height":6,"heightSource":"default"},"geometry":{"type":"MultiPolygon","coordinates":[[[[658797.06,1612567.69],[658853.58,1612561.64],[658852.33,1612547.74],[658795.28,1612553.51],[658797.06,1612567.69]]]]}},{"type":"Feature","properties":{"building":"school","height":6,"heightSource":"default"},"geometry":{"type":"MultiPolygon","coordinates":[[[[658874.9,1612624.34],[658888.41,1612622.52],[658879.85,1612556.31],[658866.65,1612557.83],[658874.9,1612624.34]]]]}},{"type":"Feature","properties":{"building":"school","height":6,"heightSource":"default"},"geometry":{"type":"MultiPolygon","coordinates":[[[[658707.27,1612685.4],[658788.45,1612678.22],[658787.01,1612662.56],[658705.67,1612669.74],[658707.27,1612685.4]]]]}},{"type":"Feature","properties":{"building":"school","height":6,"heightSource":"default"},"geometry":{"type":"MultiPolygon","coordinates":[[[[658799.36,1612670.26],[658804.65,1612669.77],[658805.07,1612674.31],[658813.08,1612673.5],[658812.58,1612669.03],[658821.15,1612668.17],[658819.81,1612654.91],[658797.86,1612657.39],[658799.36,1612670.26]]]]}},{"type":"Feature","properties":{"building":"school","height":6,"heightSource":"default"},"geometry":{"type":"MultiPolygon","coordinates":[[[[658822.3,1612670.47],[658857.2,1612666.79],[658855.65,1612652.03],[658820.88,1612655.84],[658822.3,1612670.47]]]]}},{"type":"Feature","properties":{"building":"school","height":6,"heightSource":"default"},"geometry":{"type":"MultiPolygon","coordinates":[[[[658857.87,1612668.09],[658880.81,1612665.44],[658878.68,1612646.95],[658855.74,1612649.41],[658857.87,1612668.09]]]]}},{"type":"Feature","properties":{"building":"school","height":6,"heightSource":"default"},"geometry":{"type":"MultiPolygon","coordinates":[[[[658857.07,1612677.41],[658873.98,1612675.65],[658873.29,1612667.63],[658856.18,1612669.57],[658857.07,1612677.41]]]]}},{"type":"Feature","properties":{"building":"school","height":6,"heightSource":"default"},"geometry":{"type":"MultiPolygon","coordinates":[[[[658840.76,1612674.13],[658855.98,1612672.64],[658855.55,1612667.57],[658840.26,1612669.26],[658840.76,1612674.13]]]]}},{"type":"Feature","properties":{"building":"school","height":6,"heightSource":"default"},"geometry":{"type":"MultiPolygon","coordinates":[[[[658875.25,1612677.09],[658883.23,1612676.13],[658882.52,1612668.83],[658874.4,1612669.78],[658875.25,1612677.09]]]]}},{"type":"Feature","properties":{"building":"school","height":6,"heightSource":"default"},"geometry":{"type":"MultiPolygon","coordinates":[[[[658821.5,1612682.4],[658833.41,1612682.86],[658833.69,1612676.82],[658821.79,1612676.37],[658821.5,1612682.4]]]]}},{"type":"Feature","properties":{"building":"school","height":6,"heightSource":"default"},"geometry":{"type":"MultiPolygon","coordinates":[[[[658848.83,1612521.02],[658874.48,1612538.37],[658878.07,1612533.17],[658852.08,1612515.65],[658848.83,1612521.02]]]]}},{"type":"Feature","properties":{"building":"school","height":6,"heightSource":"default"},"geometry":{"type":"MultiPolygon","coordinates":[[[[658889.98,1612638.76],[658907.38,1612636.8],[658906.69,1612630.4],[658889.09,1612632.54],[658889.98,1612638.76]]]]}},{"type":"Feature","properties":{"building":"school","height":6,"heightSource":"default"},"geometry":{"type":"MultiPolygon","coordinates":[[[[658907.74,1612618.3],[658920.22,1612616.55],[658919.82,1612612.32],[658918.12,1612612.45],[658917.32,1612605.26],[658906.11,1612606.46],[658907.74,1612618.3]]]]}},{"type":"Feature","properties":{"building":"school","height":6,"heightSource":"default"},"geometry":{"type":"MultiPolygon","coordinates":[[[[658888.24,1612610],[658900.85,1612608.68],[658900.73,1612606],[658909.24,1612605.07],[658908.45,1612596.19],[658905.62,1612596.45],[658904.94,1612591.66],[658886.07,1612593.37],[658888.24,1612610]]]]}},{"type":"Feature","properties":{"building":"school","height":6,"heightSource":"default"},"geometry":{"type":"MultiPolygon","coordinates":[[[[658843.93,1612787.47],[658869.47,1612787.55],[658869.27,1612782.18],[658875.1,1612782.15],[658874.85,1612773.79],[658868.79,1612773.92],[658868.74,1612771.72],[658842.32,1612772],[658843.93,1612787.47]]]]}},{"type":"Feature","properties":{"building":"construction","height":6,"heightSource":"default"},"geometry":{"type":"MultiPolygon","coordinates":[[[[658806.58,1612718.87],[658875.7,1612712.72],[658874.62,1612698.64],[658804.93,1612705.08],[658806.58,1612718.87]]]]}},{"type":"Feature","properties":{"building":"school","height":6,"heightSource":"default"},"geometry":{"type":"MultiPolygon","coordinates":[[[[658911.58,1612594.49],[658920.79,1612593.67],[658919.97,1612583.82],[658910.4,1612584.63],[658911.58,1612594.49]]]]}},{"type":"Feature","properties":{"building":"school","height":6,"heightSource":"default"},"geometry":{"type":"MultiPolygon","coordinates":[[[[658921.26,1612597.2],[658934.84,1612595.88],[658934.13,1612583.74],[658931.29,1612584.07],[658931.12,1612581.78],[658920.05,1612582.73],[658921.26,1612597.2]]]]}},{"type":"Feature","properties":{"building":"school","height":6,"heightSource":"default"},"geometry":{"type":"MultiPolygon","coordinates":[[[[658888.13,1612581.04],[658898.6,1612579.96],[658897.73,1612569.78],[658887.04,1612570.87],[658888.13,1612581.04]]]]}},{"type":"Feature","properties":{"building":"school","height":6,"heightSource":"default"},"geometry":{"type":"MultiPolygon","coordinates":[[[[658903.71,1612579.76],[658914.42,1612578.68],[658913.54,1612569.2],[658902.85,1612570.28],[658903.71,1612579.76]]]]}},{"type":"Feature","properties":{"building":"school","height":6,"heightSource":"default"},"geometry":{"type":"MultiPolygon","coordinates":[[[[658915.91,1612578.53],[658926.3,1612577.67],[658925.5,1612568.1],[658914.94,1612569.06],[658915.91,1612578.53]]]]}},{"type":"Feature","properties":{"building":"school","height":6,"heightSource":"default"},"geometry":{"type":"MultiPolygon","coordinates":[[[[658894.07,1612569.16],[658905.12,1612567.95],[658904.04,1612559.1],[658892.98,1612560.31],[658894.07,1612569.16]]]]}},{"type":"Feature","properties":{"building":"school","height":6,"heightSource":"default"},"geometry":{"type":"MultiPolygon","coordinates":[[[[658884.84,1612556.61],[658895.75,1612556.39],[658895.69,1612547.45],[658884.7,1612547.52],[658884.84,1612556.61]]]]}},{"type":"Feature","properties":{"building":"school","height":6,"heightSource":"default"},"geometry":{"type":"MultiPolygon","coordinates":[[[[658875.93,1612538.8],[658885.53,1612538.46],[658885.72,1612546.84],[658876.26,1612547.24],[658875.93,1612538.8]]]]}},{"type":"Feature","properties":{"building":"yes","height":6,"heightSource":"default"},"geometry":{"type":"MultiPolygon","coordinates":[[[[656748.16,1613767.12],[656767.69,1613771.63],[656770.28,1613760.68],[656751.08,1613756.17],[656748.16,1613767.12]]]]}},{"type":"Feature","properties":{"building":"yes","height":6,"heightSource":"default"},"geometry":{"type":"MultiPolygon","coordinates":[[[[656235.33,1613984.48],[656247.01,1613981.11],[656246.89,1613966.31],[656240.62,1613967.98],[656240.8,1613972.92],[656232.79,1613974.8],[656235.33,1613984.48]]]]}},{"type":"Feature","properties":{"building":"yes","height":6,"heightSource":"default"},"geometry":{"type":"MultiPolygon","coordinates":[[[[656635.22,1613376.33],[656639.29,1613365.78],[656654.95,1613371.74],[656652.92,1613377.02],[656655.95,1613378.17],[656653.43,1613384.7],[656650.66,1613383.64],[656647.08,1613392.92],[656633.94,1613387.93],[656638.01,1613377.39],[656635.22,1613376.33]]]]}},{"type":"Feature","properties":{"building":"hospital","height":22.4,"heightSource":"inferred"},"geometry":{"type":"MultiPolygon","coordinates":[[[[656423.85,1612951.31],[656421.71,1612945.93],[656404.55,1612900.41],[656417.32,1612895.59],[656434.89,1612888.96],[656446.87,1612884.43],[656448.65,1612889.49],[656450.08,1612889],[656466.96,1612935.94],[656423.85,1612951.31]]]]}},{"type":"Feature","properties":{"building":"hospital","height":6,"heightSource":"default"},"geometry":{"type":"MultiPolygon","coordinates":[[[[656367.81,1612921.33],[656373.69,1612919.27],[656389.92,1612913.57],[656404.47,1612908.48],[656408.54,1612919.94],[656371.88,1612932.81],[656367.81,1612921.33]]]]}},{"type":"Feature","properties":{"building":"hospital","height":6,"heightSource":"default"},"geometry":{"type":"MultiPolygon","coordinates":[[[[656494.64,1612875.2],[656498.99,1612887.17],[656457.55,1612902.01],[656453.34,1612890.19],[656494.64,1612875.2]]]]}},{"type":"Feature","properties":{"building":"hospital","height":6,"heightSource":"default"},"geometry":{"type":"MultiPolygon","coordinates":[[[[656506.39,1612929.34],[656514.64,1612954.93],[656453.25,1612977.98],[656449.6,1612968.36],[656444.91,1612954.91],[656444.33,1612953.23],[656468.15,1612944.48],[656466.02,1612938.07],[656479.1,1612933.6],[656481.12,1612939.42],[656506.39,1612929.34]]]]}},{"type":"Feature","properties":{"building":"hospital","height":6,"heightSource":"default"},"geometry":{"type":"MultiPolygon","coordinates":[[[[656442.96,1612979.2],[656406.24,1612992.11],[656399.98,1612975.75],[656428.74,1612965.79],[656437.2,1612962.86],[656442.96,1612979.2]]]]}},{"type":"Feature","properties":{"building":"hospital","height":6,"heightSource":"default"},"geometry":{"type":"MultiPolygon","coordinates":[[[[656483.35,1612994.48],[656445.81,1613007.06],[656438.77,1612986.36],[656476.32,1612973.78],[656483.35,1612994.48]]]]}},{"type":"Feature","properties":{"building":"hospital","height":6,"heightSource":"default"},"geometry":{"type":"MultiPolygon","coordinates":[[[[656523.97,1612956.09],[656524.19,1612964.84],[656515.24,1612965.07],[656515.01,1612956.32],[656523.97,1612956.09]]]]}},{"type":"Feature","properties":{"building":"hospital","height":6,"heightSource":"default"},"geometry":{"type":"MultiPolygon","coordinates":[[[[656486.09,1612983.27],[656486.3,1612971.79],[656524.89,1612973.12],[656524.5,1612984.6],[656486.09,1612983.27]]]]}},{"type":"Feature","properties":{"building":"hospital","height":6,"heightSource":"default"},"geometry":{"type":"MultiPolygon","coordinates":[[[[656489.53,1612989.11],[656526.57,1612991.3],[656525.94,1613001.74],[656516.56,1613001.19],[656516.24,1613006.34],[656481.39,1613004.28],[656481.75,1612998.13],[656488.96,1612998.56],[656489.53,1612989.11]]]]}},{"type":"Feature","properties":{"building":"hospital","height":16,"heightSource":"inferred"},"geometry":{"type":"MultiPolygon","coordinates":[[[[656334.59,1612927.49],[656348.15,1612968.65],[656338.38,1612971.83],[656329.4,1612974.76],[656315.85,1612933.6],[656334.59,1612927.49]]]]}},{"type":"Feature","properties":{"building":"hospital","height":16,"heightSource":"inferred"},"geometry":{"type":"MultiPolygon","coordinates":[[[[656343.78,1612923.02],[656359.26,1612965.04],[656370.13,1612961.19],[656379.53,1612957.85],[656363.48,1612915.67],[656343.78,1612923.02]]]]}},{"type":"Feature","properties":{"building":"hospital","height":6,"heightSource":"default"},"geometry":{"type":"MultiPolygon","coordinates":[[[[656375.03,1612939.72],[656381.85,1612958.14],[656415.74,1612945.72],[656409.07,1612927.45],[656375.03,1612939.72]]]]}},{"type":"Feature","properties":{"building":"hospital","height":6,"heightSource":"default"},"geometry":{"type":"MultiPolygon","coordinates":[[[[656465.64,1612925.67],[656504.52,1612911.68],[656499.19,1612897.39],[656502.32,1612896.25],[656499.53,1612888.78],[656486.33,1612893.59],[656489.01,1612900.72],[656460.62,1612911.57],[656465.64,1612925.67]]]]}},{"type":"Feature","properties":{"building":"hospital","height":6,"heightSource":"default"},"geometry":{"type":"MultiPolygon","coordinates":[[[[656514.93,1612845.72],[656538.12,1612838.65],[656539.34,1612842.57],[656545.93,1612840.56],[656555.57,1612871.73],[656525.78,1612880.82],[656514.93,1612845.72]]]]}},{"type":"Feature","properties":{"building":"yes","height":6,"heightSource":"default"},"geometry":{"type":"MultiPolygon","coordinates":[[[[656445.29,1613027.76],[656443.98,1613008.46],[656477.1,1613006.63],[656478.38,1613029.39],[656462.82,1613030.25],[656462.65,1613027.1],[656445.29,1613027.76]]]]}},{"type":"Feature","properties":{"building":"hospital","height":6,"heightSource":"default"},"geometry":{"type":"MultiPolygon","coordinates":[[[[656393.64,1613049.88],[656423.58,1613041.53],[656428.32,1613058.27],[656398.37,1613066.62],[656393.64,1613049.88]]]]}},{"type":"Feature","properties":{"building":"hospital","height":6,"heightSource":"default"},"geometry":{"type":"MultiPolygon","coordinates":[[[[656424.82,1613036.76],[656418.01,1613039.31],[656413.15,1613026.53],[656419.96,1613023.97],[656424.82,1613036.76]]]]}},{"type":"Feature","properties":{"building":"hospital","height":6,"heightSource":"default"},"geometry":{"type":"MultiPolygon","coordinates":[[[[656446.36,1613042.08],[656431.3,1613047.49],[656422.23,1613022.5],[656437.28,1613017.11],[656446.36,1613042.08]]]]}},{"type":"Feature","properties":{"building":"hospital","height":6,"heightSource":"default"},"geometry":{"type":"MultiPolygon","coordinates":[[[[656421.03,1612950.32],[656425.18,1612962.26],[656399.38,1612971.54],[656394.71,1612959.97],[656407.93,1612955.12],[656421.03,1612950.32]]]]}},{"type":"Feature","properties":{"building":"hospital","height":6,"heightSource":"default"},"geometry":{"type":"MultiPolygon","coordinates":[[[[656471.96,1612878.85],[656471.56,1612877.82],[656469.34,1612871.95],[656467.75,1612867.76],[656471.79,1612866.32],[656470.05,1612861.67],[656466.38,1612851.82],[656495.32,1612840.57],[656497.85,1612848],[656507.9,1612844.43],[656514.64,1612863.31],[656471.96,1612878.85]]]]}},{"type":"Feature","properties":{"building":"hospital","height":6,"heightSource":"default"},"geometry":{"type":"MultiPolygon","coordinates":[[[[656442.08,1613004.33],[656429.91,1613008.68],[656421.73,1612988.35],[656432.38,1612984.64],[656434.4,1612990.15],[656436.51,1612989.34],[656442.08,1613004.33]]]]}},{"type":"Feature","properties":{"building":"hospital","height":6,"heightSource":"default"},"geometry":{"type":"MultiPolygon","coordinates":[[[[656527.97,1613011.82],[656527.63,1613022.15],[656494.43,1613021.07],[656494.76,1613010.75],[656527.97,1613011.82]]]]}},{"type":"Feature","properties":{"building":"hospital","height":6,"heightSource":"default"},"geometry":{"type":"MultiPolygon","coordinates":[[[[656528.32,1613025.65],[656528.12,1613033.69],[656502.7,1613033.06],[656502.91,1613025.02],[656528.32,1613025.65]]]]}},{"type":"Feature","properties":{"building":"hospital","height":6,"heightSource":"default"},"geometry":{"type":"MultiPolygon","coordinates":[[[[656545.37,1612901.88],[656546.07,1612889.27],[656551.37,1612889.57],[656552.05,1612877.25],[656562.72,1612877.84],[656561.67,1612896.74],[656552.33,1612896.22],[656552,1612902.24],[656545.37,1612901.88]]]]}},{"type":"Feature","properties":{"building":"hospital","height":6,"heightSource":"default"},"geometry":{"type":"MultiPolygon","coordinates":[[[[656533.13,1612905.26],[656561.85,1612905.48],[656561.73,1612921.28],[656552.52,1612921.1],[656552.17,1612927.95],[656532.95,1612928.03],[656533.13,1612905.26]]]]}},{"type":"Feature","properties":{"building":"hospital","height":25.6,"heightSource":"inferred"},"geometry":{"type":"MultiPolygon","coordinates":[[[[656365,1612970.66],[656369.77,1612983.46],[656380.09,1612979.62],[656387.54,1613000.38],[656377.98,1613004.08],[656379.8,1613009.12],[656360.13,1613017.05],[656360.07,1613016.9],[656345.49,1612977.92],[656353.76,1612974.85],[656365,1612970.66]]]]}},{"type":"Feature","properties":{"building":"hospital","height":6,"heightSource":"default"},"geometry":{"type":"MultiPolygon","coordinates":[[[[656537.03,1613008.85],[656547.3,1613008.63],[656547.9,1613035.9],[656537.63,1613036.12],[656537.03,1613008.85]]]]}},{"type":"Feature","properties":{"building":"hospital","height":6,"heightSource":"default"},"geometry":{"type":"MultiPolygon","coordinates":[[[[656566.12,1613007.73],[656566.44,1613035.73],[656556.61,1613035.83],[656556.31,1613007.84],[656566.12,1613007.73]]]]}},{"type":"Feature","properties":{"building":"hospital","height":6,"heightSource":"default"},"geometry":{"type":"MultiPolygon","coordinates":[[[[656530.49,1613048.9],[656530.77,1613039.43],[656568.32,1613040.56],[656568.03,1613050.03],[656530.49,1613048.9]]]]}},{"type":"Feature","properties":{"building":"hospital","height":6,"heightSource":"default"},"geometry":{"type":"MultiPolygon","coordinates":[[[[656528.93,1613047.3],[656502.67,1613046.17],[656503.01,1613038.44],[656529.26,1613039.56],[656528.93,1613047.3]]]]}},{"type":"Feature","properties":{"building":"hospital","height":6,"heightSource":"default"},"geometry":{"type":"MultiPolygon","coordinates":[[[[656475.28,1613044.74],[656475.5,1613038.13],[656501.77,1613038.99],[656501.56,1613045.58],[656475.28,1613044.74]]]]}},{"type":"Feature","properties":{"building":"hospital","height":6,"heightSource":"default"},"geometry":{"type":"MultiPolygon","coordinates":[[[[656569.2,1612994.12],[656568.64,1613005.45],[656536.17,1613003.83],[656536.74,1612992.5],[656569.2,1612994.12]]]]}},{"type":"Feature","properties":{"building":"hospital","height":6,"heightSource":"default"},"geometry":{"type":"MultiPolygon","coordinates":[[[[656569.9,1612976.25],[656569.32,1612992.32],[656566.44,1612992.21],[656566.58,1612987.91],[656536.44,1612986.83],[656536.87,1612975.08],[656569.9,1612976.25]]]]}},{"type":"Feature","properties":{"building":"house","height":6,"heightSource":"default"},"geometry":{"type":"MultiPolygon","coordinates":[[[[656543.4,1612950.15],[656543.59,1612946.28],[656537.81,1612946.01],[656538.2,1612937.7],[656553.03,1612938.38],[656552.46,1612950.57],[656543.4,1612950.15]]]]}},{"type":"Feature","properties":{"building":"hospital","height":6,"heightSource":"default"},"geometry":{"type":"MultiPolygon","coordinates":[[[[656554.71,1612936],[656566.84,1612936.39],[656566.51,1612946.72],[656554.38,1612946.33],[656554.71,1612936]]]]}},{"type":"Feature","properties":{"building":"hospital","height":6,"heightSource":"default"},"geometry":{"type":"MultiPolygon","coordinates":[[[[656573.71,1612960.16],[656567.07,1612959.89],[656567.57,1612947.84],[656574.21,1612948.12],[656573.71,1612960.16]]]]}},{"type":"Feature","properties":{"building":"house","height":6,"heightSource":"default"},"geometry":{"type":"MultiPolygon","coordinates":[[[[656535.49,1612953.38],[656538.11,1612953.32],[656538.11,1612950.63],[656552.53,1612950.98],[656552.15,1612962.56],[656547.56,1612962.48],[656547.42,1612965.76],[656535.17,1612965.43],[656535.49,1612953.38]]]]}},{"type":"Feature","properties":{"building":"hospital","height":6,"heightSource":"default"},"geometry":{"type":"MultiPolygon","coordinates":[[[[656566.22,1612958.2],[656566.49,1612965.95],[656554.36,1612966.06],[656554.19,1612955.11],[656563.43,1612955.08],[656563.46,1612958.24],[656566.22,1612958.2]]]]}},{"type":"Feature","properties":{"building":"yes","height":6,"heightSource":"default"},"geometry":{"type":"MultiPolygon","coordinates":[[[[656651.69,1613344.23],[656666.04,1613349.56],[656659.99,1613365.6],[656645.64,1613360.25],[656651.69,1613344.23]]]]}},{"type":"Feature","properties":{"building":"roof","height":6,"heightSource":"default"},"geometry":{"type":"MultiPolygon","coordinates":[[[[656663.33,1613358.22],[656674.02,1613361.42],[656680.44,1613345.16],[656664.43,1613338.79],[656661.13,1613346.79],[656666.82,1613349.08],[656663.33,1613358.22]]]]}},{"type":"Feature","properties":{"building":"yes","height":6,"heightSource":"default"},"geometry":{"type":"MultiPolygon","coordinates":[[[[656739.87,1613522.78],[656733.48,1613540.82],[656693.54,1613527],[656700.52,1613507.96],[656739.87,1613522.78]]]]}},{"type":"Feature","properties":{"building":"yes","height":6,"heightSource":"default"},"geometry":{"type":"MultiPolygon","coordinates":[[[[656469.63,1613302.24],[656492.6,1613285.66],[656497.93,1613292.95],[656494.82,1613295.2],[656501.94,1613304.92],[656482.08,1613319.26],[656469.63,1613302.24]]]]}},{"type":"Feature","properties":{"building":"yes","height":6,"heightSource":"default"},"geometry":{"type":"MultiPolygon","coordinates":[[[[656458.33,1613357.8],[656477.17,1613340.82],[656486.89,1613351.47],[656468.04,1613368.46],[656458.33,1613357.8]]]]}},{"type":"Feature","properties":{"building":"yes","height":6,"heightSource":"default"},"geometry":{"type":"MultiPolygon","coordinates":[[[[656550.66,1613376.63],[656545.01,1613387.97],[656526.86,1613379.02],[656526.4,1613379.95],[656518.6,1613376.1],[656520.27,1613372.75],[656511.21,1613368.28],[656517.37,1613355.9],[656514.92,1613354.71],[656518.28,1613348],[656544.69,1613361.01],[656539.61,1613371.19],[656550.66,1613376.63]]]]}},{"type":"Feature","properties":{"building":"yes","height":6,"heightSource":"default"},"geometry":{"type":"MultiPolygon","coordinates":[[[[656569.23,1613420.8],[656551.93,1613413.47],[656568.09,1613376.75],[656584.92,1613383.63],[656578.29,1613400],[656581.24,1613400.8],[656578.58,1613407.43],[656575.51,1613406.32],[656569.23,1613420.8]]]]}},{"type":"Feature","properties":{"building":"yes","height":6,"heightSource":"default"},"geometry":{"type":"MultiPolygon","coordinates":[[[[656510.66,1613443.28],[656520.36,1613423.35],[656562.26,1613444.03],[656552.92,1613463.02],[656510.66,1613443.28]]]]}},{"type":"Feature","properties":{"building":"yes","height":6,"heightSource":"default"},"geometry":{"type":"MultiPolygon","coordinates":[[[[656397.06,1613281.23],[656406.65,1613275.35],[656413.34,1613286.14],[656399.77,1613294.44],[656395.15,1613286.97],[656399.12,1613284.54],[656397.06,1613281.23]]]]}},{"type":"Feature","properties":{"building":"yes","height":6,"heightSource":"default"},"geometry":{"type":"MultiPolygon","coordinates":[[[[656408.46,1613270.69],[656393.49,1613278.96],[656386.77,1613266.93],[656404.71,1613257.03],[656408.38,1613263.59],[656405.4,1613265.23],[656408.46,1613270.69]]]]}},{"type":"Feature","properties":{"building":"yes","height":6,"heightSource":"default"},"geometry":{"type":"MultiPolygon","coordinates":[[[[656364.6,1613215.31],[656353.22,1613220.54],[656349.21,1613211.94],[656360.6,1613206.71],[656364.6,1613215.31]]]]}},{"type":"Feature","properties":{"building":"yes","height":6,"heightSource":"default"},"geometry":{"type":"MultiPolygon","coordinates":[[[[656334.64,1613162.49],[656339.1,1613170.03],[656325.7,1613177.84],[656321.24,1613170.3],[656334.64,1613162.49]]]]}},{"type":"Feature","properties":{"building":"yes","height":6,"heightSource":"default"},"geometry":{"type":"MultiPolygon","coordinates":[[[[656362,1613169.43],[656353.15,1613174.98],[656347.69,1613166.4],[656356.54,1613160.84],[656362,1613169.43]]]]}},{"type":"Feature","properties":{"building":"yes","height":6,"heightSource":"default"},"geometry":{"type":"MultiPolygon","coordinates":[[[[656422.21,1613250.19],[656429.86,1613266.47],[656422.15,1613270.21],[656414.31,1613254.12],[656422.21,1613250.19]]]]}},{"type":"Feature","properties":{"building":"yes","height":6,"heightSource":"default"},"geometry":{"type":"MultiPolygon","coordinates":[[[[656466.54,1613097.37],[656472.93,1613112.81],[656459.61,1613118.24],[656453.23,1613102.8],[656466.54,1613097.37]]]]}},{"type":"Feature","properties":{"building":"yes","height":6,"heightSource":"default"},"geometry":{"type":"MultiPolygon","coordinates":[[[[656432.64,1613126.83],[656414.26,1613136.43],[656405.13,1613119.16],[656412.12,1613115.51],[656411.65,1613114.61],[656423.04,1613108.66],[656432.64,1613126.83]]]]}},{"type":"Feature","properties":{"building":"yes","height":6,"heightSource":"default"},"geometry":{"type":"MultiPolygon","coordinates":[[[[657096.89,1614021.65],[657093.19,1614035.34],[657046.21,1614022.8],[657049.91,1614009.11],[657096.89,1614021.65]]]]}},{"type":"Feature","properties":{"building":"yes","height":6,"heightSource":"default"},"geometry":{"type":"MultiPolygon","coordinates":[[[[657073.37,1613960.04],[657082.83,1613919.06],[657080.26,1613918.48],[657083.59,1613903.99],[657130.89,1613914.77],[657122.94,1613949.2],[657114.32,1613984.05],[657064.84,1613972.77],[657068.05,1613958.84],[657073.37,1613960.04]]]]}},{"type":"Feature","properties":{"building":"yes","height":6,"heightSource":"default"},"geometry":{"type":"MultiPolygon","coordinates":[[[[657178.33,1614132.44],[657194.9,1614135.76],[657192.77,1614146.26],[657189.99,1614145.71],[657188.92,1614150.96],[657175.13,1614148.18],[657178.33,1614132.44]]]]}},{"type":"Feature","properties":{"building":"yes","height":6,"heightSource":"default"},"geometry":{"type":"MultiPolygon","coordinates":[[[[657196.07,1614088.03],[657189.93,1614087.2],[657192.07,1614071.5],[657197.65,1614072.25],[657198.47,1614066.22],[657208.52,1614067.57],[657205.61,1614088.84],[657201.81,1614088.33],[657201.32,1614091.9],[657195.64,1614091.14],[657196.07,1614088.03]]]]}},{"type":"Feature","properties":{"building":"yes","height":6,"heightSource":"default"},"geometry":{"type":"MultiPolygon","coordinates":[[[[657161.35,1614056.31],[657167.58,1614033.22],[657183.25,1614037.4],[657181.15,1614045.18],[657186.82,1614046.69],[657184.07,1614056.89],[657187.85,1614057.89],[657185.53,1614066.49],[657170.14,1614062.38],[657171.08,1614058.89],[657161.35,1614056.31]]]]}},{"type":"Feature","properties":{"building":"yes","height":6,"heightSource":"default"},"geometry":{"type":"MultiPolygon","coordinates":[[[[657192.27,1614015.11],[657197.49,1613991.21],[657207.44,1613993.36],[657208.54,1613988.31],[657224.57,1613991.78],[657223.28,1613997.65],[657238.49,1614000.93],[657233.44,1614023.99],[657192.27,1614015.11]]]]}},{"type":"Feature","properties":{"building":"yes","height":6,"heightSource":"default"},"geometry":{"type":"MultiPolygon","coordinates":[[[[657118.81,1614010.55],[657121.9,1614000],[657130.97,1614002.62],[657127.89,1614013.18],[657118.81,1614010.55]]]]}},{"type":"Feature","properties":{"building":"yes","height":6,"heightSource":"default"},"geometry":{"type":"MultiPolygon","coordinates":[[[[657112.73,1614009.34],[657116.15,1613997.24],[657121.46,1613998.72],[657118.04,1614010.82],[657112.73,1614009.34]]]]}},{"type":"Feature","properties":{"building":"yes","height":6,"heightSource":"default"},"geometry":{"type":"MultiPolygon","coordinates":[[[[657116.15,1614040.62],[657118.07,1614033.74],[657113.03,1614031.98],[657115.24,1614024.81],[657132.25,1614029.96],[657133.14,1614026.8],[657139.2,1614028.42],[657134.75,1614046.19],[657116.15,1614040.62]]]]}},{"type":"Feature","properties":{"building":"yes","height":6,"heightSource":"default"},"geometry":{"type":"MultiPolygon","coordinates":[[[[657139.24,1613993.25],[657183.74,1614004.68],[657178.38,1614025.27],[657131.61,1614013.25],[657135.57,1613998.06],[657137.84,1613998.64],[657139.24,1613993.25]]]]}},{"type":"Feature","properties":{"building":"yes","height":6,"heightSource":"default"},"geometry":{"type":"MultiPolygon","coordinates":[[[[657134.73,1613935.94],[657141.25,1613904.7],[657190.25,1613914.8],[657188.41,1613923.63],[657220.14,1613930.17],[657217.98,1613940.47],[657179.88,1613932.61],[657177.35,1613944.74],[657134.73,1613935.94]]]]}},{"type":"Feature","properties":{"building":"yes","height":6,"heightSource":"default"},"geometry":{"type":"MultiPolygon","coordinates":[[[[657094.87,1613857.11],[657148.61,1613868.42],[657143.39,1613892.91],[657135.63,1613891.28],[657132.46,1613906.14],[657086.49,1613896.47],[657094.87,1613857.11]]]]}},{"type":"Feature","properties":{"building":"yes","height":6,"heightSource":"default"},"geometry":{"type":"MultiPolygon","coordinates":[[[[656988.14,1614036.15],[657029.72,1614041.84],[657034.42,1614009.37],[656992.56,1614003.64],[656988.14,1614036.15]]]]}},{"type":"Feature","properties":{"building":"yes","height":6,"heightSource":"default"},"geometry":{"type":"MultiPolygon","coordinates":[[[[657163.01,1613965.39],[657159.75,1613978.58],[657185.43,1613984.77],[657188.69,1613971.87],[657163.01,1613965.39]]]]}},{"type":"Feature","properties":{"building":"yes","height":6,"heightSource":"default"},"geometry":{"type":"MultiPolygon","coordinates":[[[[657128.01,1613970.63],[657143.88,1613974.46],[657152.47,1613941.2],[657136.31,1613937.66],[657128.01,1613970.63]]]]}},{"type":"Feature","properties":{"building":"yes","height":6,"heightSource":"default"},"geometry":{"type":"MultiPolygon","coordinates":[[[[657225.59,1613985.6],[657230.33,1613966.68],[657222.55,1613964.63],[657226.1,1613951.15],[657235.33,1613953.5],[657240.06,1613937.17],[657263.15,1613941.62],[657248.73,1613991.17],[657225.59,1613985.6]]]]}},{"type":"Feature","properties":{"building":"yes","height":6,"heightSource":"default"},"geometry":{"type":"MultiPolygon","coordinates":[[[[657044.19,1613865.28],[657044.75,1613855.25],[657060.32,1613856.1],[657059.76,1613866.12],[657044.19,1613865.28]]]]}},{"type":"Feature","properties":{"building":"yes","height":6,"heightSource":"default"},"geometry":{"type":"MultiPolygon","coordinates":[[[[657214.63,1613807.03],[657227.9,1613809.87],[657224.25,1613826.74],[657210.97,1613823.89],[657214.63,1613807.03]]]]}},{"type":"Feature","properties":{"building":"yes","height":6,"heightSource":"default"},"geometry":{"type":"MultiPolygon","coordinates":[[[[657230.61,1613859.32],[657240.52,1613861.56],[657238.27,1613871.41],[657228.36,1613869.16],[657230.61,1613859.32]]]]}},{"type":"Feature","properties":{"building":"yes","height":6,"heightSource":"default"},"geometry":{"type":"MultiPolygon","coordinates":[[[[657265.01,1613922.11],[657260.58,1613938.45],[657267.79,1613939.93],[657272.51,1613923.59],[657265.01,1613922.11]]]]}},{"type":"Feature","properties":{"building":"yes","height":6,"heightSource":"default"},"geometry":{"type":"MultiPolygon","coordinates":[[[[657079.31,1613896.85],[657075.69,1613911.55],[657063.86,1613908.28],[657067.19,1613894.15],[657079.31,1613896.85]]]]}},{"type":"Feature","properties":{"building":"yes","height":6,"heightSource":"default"},"geometry":{"type":"MultiPolygon","coordinates":[[[[657179.36,1613847.4],[657142.22,1613841.18],[657140.18,1613853.21],[657119.65,1613849.77],[657122.02,1613835.79],[657139,1613838.63],[657140,1613832.76],[657180.68,1613839.57],[657179.36,1613847.4]]]]}},{"type":"Feature","properties":{"building":"yes","height":6,"heightSource":"default"},"geometry":{"type":"MultiPolygon","coordinates":[[[[657180.1,1613779.83],[657171.64,1613782.8],[657160.64,1613751.9],[657166.18,1613749.95],[657167.9,1613754.79],[657170.82,1613753.77],[657180.1,1613779.83]]]]}},{"type":"Feature","properties":{"building":"yes","height":6,"heightSource":"default"},"geometry":{"type":"MultiPolygon","coordinates":[[[[657153.72,1613749.55],[657157.44,1613749.18],[657158.42,1613758.54],[657145.55,1613759.87],[657144.11,1613745.95],[657153.26,1613745.01],[657153.72,1613749.55]]]]}},{"type":"Feature","properties":{"building":"yes","height":6,"heightSource":"default"},"geometry":{"type":"MultiPolygon","coordinates":[[[[657149.97,1613732.84],[657151.66,1613743.19],[657141.82,1613744.77],[657140.13,1613734.43],[657149.97,1613732.84]]]]}},{"type":"Feature","properties":{"building":"yes","height":6,"heightSource":"default"},"geometry":{"type":"MultiPolygon","coordinates":[[[[657201.6,1613735.5],[657200.11,1613757.52],[657176.51,1613755.95],[657177.99,1613733.93],[657201.6,1613735.5]]]]}},{"type":"Feature","properties":{"building":"yes","height":6,"heightSource":"default"},"geometry":{"type":"MultiPolygon","coordinates":[[[[656974.18,1613901.22],[656958.36,1613898.75],[656963.32,1613867.33],[656979.13,1613869.79],[656974.18,1613901.22]]]]}},{"type":"Feature","properties":{"building":"yes","height":6,"heightSource":"default"},"geometry":{"type":"MultiPolygon","coordinates":[[[[656925.08,1613887.96],[656925,1613879.64],[656933.95,1613879.56],[656934.03,1613887.89],[656925.08,1613887.96]]]]}},{"type":"Feature","properties":{"building":"yes","height":6,"heightSource":"default"},"geometry":{"type":"MultiPolygon","coordinates":[[[[656920.69,1613865.62],[656922.43,1613859.99],[656918.57,1613858.8],[656921.82,1613848.29],[656939.18,1613853.59],[656937.19,1613860.01],[656935.71,1613859.55],[656932.71,1613869.28],[656920.69,1613865.62]]]]}},{"type":"Feature","properties":{"building":"yes","height":6,"heightSource":"default"},"geometry":{"type":"MultiPolygon","coordinates":[[[[656941.64,1613880.02],[656941.48,1613887.47],[656936.57,1613887.36],[656936.73,1613879.91],[656941.64,1613880.02]]]]}},{"type":"Feature","properties":{"building":"yes","height":6,"heightSource":"default"},"geometry":{"type":"MultiPolygon","coordinates":[[[[656948.95,1613891.38],[656949.51,1613883.5],[656958.14,1613884.09],[656957.58,1613891.99],[656948.95,1613891.38]]]]}},{"type":"Feature","properties":{"building":"yes","height":6,"heightSource":"default"},"geometry":{"type":"MultiPolygon","coordinates":[[[[656943.26,1613880.79],[656943.59,1613868.28],[656954.85,1613868.58],[656954.51,1613881.09],[656943.26,1613880.79]]]]}},{"type":"Feature","properties":{"building":"yes","height":6,"heightSource":"default"},"geometry":{"type":"MultiPolygon","coordinates":[[[[656750.39,1613752.86],[656745.95,1613753.02],[656745.48,1613740.57],[656749.92,1613740.4],[656750.39,1613752.86]]]]}},{"type":"Feature","properties":{"building":"yes","height":6,"heightSource":"default"},"geometry":{"type":"MultiPolygon","coordinates":[[[[656766.61,1613753.26],[656752.47,1613753.64],[656751.71,1613726.96],[656765.86,1613726.58],[656766.61,1613753.26]]]]}},{"type":"Feature","properties":{"building":"yes","height":6,"heightSource":"default"},"geometry":{"type":"MultiPolygon","coordinates":[[[[656804.43,1613774.92],[656800.72,1613794.03],[656790.11,1613792.01],[656793.83,1613772.88],[656804.43,1613774.92]]]]}},{"type":"Feature","properties":{"building":"yes","height":6,"heightSource":"default"},"geometry":{"type":"MultiPolygon","coordinates":[[[[656792.24,1613772.66],[656789.71,1613788.2],[656778.43,1613786.39],[656780.96,1613770.85],[656792.24,1613772.66]]]]}},{"type":"Feature","properties":{"building":"yes","height":6,"heightSource":"default"},"geometry":{"type":"MultiPolygon","coordinates":[[[[656782.82,1613747.47],[656791.19,1613747.79],[656790.65,1613761.85],[656782.28,1613761.53],[656782.82,1613747.47]]]]}},{"type":"Feature","properties":{"building":"no","height":6,"heightSource":"default"},"geometry":{"type":"MultiPolygon","coordinates":[[[[657005.69,1613773.76],[656933.3,1613762.88],[656939.36,1613711],[657011.43,1613696.47],[657017.41,1613699.38],[657005.69,1613773.76]]]]}},{"type":"Feature","properties":{"building":"yes","height":6,"heightSource":"default"},"geometry":{"type":"MultiPolygon","coordinates":[[[[656718.22,1613491.41],[656738.32,1613445],[656755.92,1613450.94],[656735.9,1613497.7],[656718.22,1613491.41]]]]}},{"type":"Feature","properties":{"building":"yes","height":6,"heightSource":"default"},"geometry":{"type":"MultiPolygon","coordinates":[[[[656750.93,1613471.02],[656768.43,1613476.88],[656772.8,1613463.43],[656755.96,1613457.78],[656750.93,1613471.02]]]]}},{"type":"Feature","properties":{"building":"yes","height":6,"heightSource":"default"},"geometry":{"type":"MultiPolygon","coordinates":[[[[656539.57,1612198.3],[656544.59,1612160.21],[656526.7,1612155],[656516.73,1612187.89],[656539.57,1612198.3]]]]}},{"type":"Feature","properties":{"building":"yes","height":6,"heightSource":"default"},"geometry":{"type":"MultiPolygon","coordinates":[[[[656304.43,1612478.75],[656282.6,1612478.63],[656284.44,1612435.15],[656322.96,1612436.07],[656322.21,1612466.29],[656304.83,1612466.52],[656304.43,1612478.75]]]]}},{"type":"Feature","properties":{"building":"transportation","height":10,"heightSource":"tag"},"geometry":{"type":"MultiPolygon","coordinates":[[[[659872.55,1612391.93],[659882.7,1612380.03],[659859.81,1612364.64],[659850.52,1612377.42],[659872.55,1612391.93]]]]}},{"type":"Feature","properties":{"building":"yes","height":6,"heightSource":"default"},"geometry":{"type":"MultiPolygon","coordinates":[[[[656159.14,1609200.44],[656117.65,1609196.87],[656115.05,1609137.8],[656154.87,1609140.03],[656159.14,1609200.44]]]]}},{"type":"Feature","properties":{"building":"yes","height":6,"heightSource":"default"},"geometry":{"type":"MultiPolygon","coordinates":[[[[658325.35,1613914.55],[658291.67,1613872.97],[658362.39,1613808.79],[658407.32,1613871.11],[658325.35,1613914.55]]]]}},{"type":"Feature","properties":{"building":"commercial","height":6,"heightSource":"default"},"geometry":{"type":"MultiPolygon","coordinates":[[[[655488.11,1613802.66],[655490.96,1613785.13],[655459.53,1613778.04],[655456.12,1613795.25],[655488.11,1613802.66]]]]}},{"type":"Feature","properties":{"building":"yes","height":6,"heightSource":"default"},"geometry":{"type":"MultiPolygon","coordinates":[[[[657439.24,1612421.18],[657434.53,1612410.27],[657468.32,1612398.87],[657472.64,1612411.03],[657439.24,1612421.18]]]]}},{"type":"Feature","properties":{"building":"no","height":6,"heightSource":"default"},"geometry":{"type":"MultiPolygon","coordinates":[[[[656402.82,1612492.06],[656500.19,1612491.24],[656504.36,1612461.9],[656508.67,1612431.56],[656492.32,1612431.06],[656404.88,1612428.4],[656402.82,1612492.06]]]]}},{"type":"Feature","properties":{"building":"yes","height":6,"heightSource":"default"},"geometry":{"type":"MultiPolygon","coordinates":[[[[656449.95,1613374.66],[656441.65,1613381.03],[656416.83,1613350.14],[656423.33,1613345.13],[656449.95,1613374.66]]]]}},{"type":"Feature","properties":{"building":"yes","height":6,"heightSource":"default"},"geometry":{"type":"MultiPolygon","coordinates":[[[[651181.35,1615018.29],[651214.63,1615037.34],[651221.61,1615026.32],[651221.7,1615012.86],[651182.01,1615008.74],[651181.35,1615018.29]]]]}},{"type":"Feature","properties":{"building":"yes","height":6,"heightSource":"default"},"geometry":{"type":"MultiPolygon","coordinates":[[[[651876.21,1614879.24],[651874.19,1614900.37],[651901.37,1614902.68],[651903.92,1614882.09],[651876.21,1614879.24]]]]}},{"type":"Feature","properties":{"building":"yes","height":6,"heightSource":"default"},"geometry":{"type":"MultiPolygon","coordinates":[[[[651861.87,1614803.7],[651906.56,1614804.25],[651906.38,1614790.34],[651861.96,1614789.8],[651861.87,1614803.7]]]]}},{"type":"Feature","properties":{"building":"yes","height":6,"heightSource":"default"},"geometry":{"type":"MultiPolygon","coordinates":[[[[651910.06,1614805.34],[651940.48,1614805],[651940.29,1614792.68],[651909.86,1614793.04],[651910.06,1614805.34]]]]}},{"type":"Feature","properties":{"building":"yes","height":6,"heightSource":"default"},"geometry":{"type":"MultiPolygon","coordinates":[[[[651883.61,1614727.59],[651933.41,1614729.24],[651934.07,1614709.97],[651884,1614708.33],[651883.61,1614727.59]]]]}},{"type":"Feature","properties":{"building":"yes","height":6,"heightSource":"default"},"geometry":{"type":"MultiPolygon","coordinates":[[[[651886.51,1614695.22],[651931.46,1614696.31],[651932.1,1614680.79],[651919.99,1614680.19],[651920.02,1614675.1],[651899.03,1614674.17],[651898.72,1614679.79],[651886.61,1614679.45],[651886.51,1614695.22]]]]}},{"type":"Feature","properties":{"building":"yes","height":6,"heightSource":"default"},"geometry":{"type":"MultiPolygon","coordinates":[[[[651901.62,1614516.43],[651901.16,1614530.72],[651950.2,1614532.13],[651950.67,1614517.84],[651901.62,1614516.43]]]]}},{"type":"Feature","properties":{"building":"yes","height":6,"heightSource":"default"},"geometry":{"type":"MultiPolygon","coordinates":[[[[651950.8,1614659.32],[651950.27,1614679.39],[651963.25,1614679.88],[651963.58,1614660.02],[651950.8,1614659.32]]]]}},{"type":"Feature","properties":{"building":"yes","height":6,"heightSource":"default"},"geometry":{"type":"MultiPolygon","coordinates":[[[[651951.53,1614643.15],[651951.03,1614657.9],[651960.08,1614658.36],[651960.58,1614643.83],[651951.53,1614643.15]]]]}},{"type":"Feature","properties":{"building":"yes","height":6,"heightSource":"default"},"geometry":{"type":"MultiPolygon","coordinates":[[[[651908.42,1614883.38],[651906.24,1614902.23],[651944.95,1614905.79],[651947.64,1614886.44],[651908.42,1614883.38]]]]}},{"type":"Feature","properties":{"building":"yes","height":6,"heightSource":"default"},"geometry":{"type":"MultiPolygon","coordinates":[[[[656955.3,1613745.76],[656952.79,1613764.18],[657003.64,1613771.26],[657006.36,1613752.24],[656987.41,1613750.13],[656988.23,1613745.77],[656972.69,1613743.89],[656972.26,1613747.85],[656955.3,1613745.76]]]]}},{"type":"Feature","properties":{"building":"yes","height":6,"heightSource":"default"},"geometry":{"type":"MultiPolygon","coordinates":[[[[656938.15,1613744.07],[656936.05,1613761.5],[656948.01,1613762.57],[656950.2,1613743.15],[656944.02,1613742.51],[656943.74,1613744.7],[656938.15,1613744.07]]]]}},{"type":"Feature","properties":{"building":"yes","height":6,"heightSource":"default"},"geometry":{"type":"MultiPolygon","coordinates":[[[[656661.21,1613736.68],[656653.06,1613762.73],[656706.83,1613776.95],[656715.02,1613743.3],[656661.21,1613736.68]]]]}},{"type":"Feature","properties":{"building":"yes","height":6,"heightSource":"default"},"geometry":{"type":"MultiPolygon","coordinates":[[[[656508.86,1613821.57],[656509.24,1613862.08],[656524.84,1613861.86],[656524.85,1613859.44],[656525.02,1613833.06],[656525.1,1613821.68],[656508.86,1613821.57]]]]}},{"type":"Feature","properties":{"building":"yes","height":6,"heightSource":"default"},"geometry":{"type":"MultiPolygon","coordinates":[[[[656438.5,1613862.48],[656495.99,1613845.99],[656489.88,1613825.37],[656445.39,1613838.72],[656448.32,1613848.9],[656436.32,1613852.06],[656438.5,1613862.48]]]]}},{"type":"Feature","properties":{"building":"yes","height":6,"heightSource":"default"},"geometry":{"type":"MultiPolygon","coordinates":[[[[656446.65,1613874.92],[656447.46,1613874.72],[656468.12,1613869.37],[656493.38,1613862.83],[656489.73,1613849.42],[656442.99,1613863.01],[656446.65,1613874.92]]]]}},{"type":"Feature","properties":{"building":"yes","height":6,"heightSource":"default"},"geometry":{"type":"MultiPolygon","coordinates":[[[[656372.85,1613807.78],[656373.82,1613807.37],[656386.88,1613801.85],[656399.52,1613796.52],[656391.54,1613775.86],[656389.95,1613776.76],[656365.48,1613790.6],[656365.28,1613790.71],[656372.85,1613807.78]]]]}},{"type":"Feature","properties":{"building":"yes","height":6,"heightSource":"default"},"geometry":{"type":"MultiPolygon","coordinates":[[[[656355.69,1613773.23],[656378.92,1613762.28],[656370.42,1613744.46],[656347.18,1613755.42],[656355.69,1613773.23]]]]}},{"type":"Feature","properties":{"building":"yes","height":6,"heightSource":"default"},"geometry":{"type":"MultiPolygon","coordinates":[[[[656334.66,1613730.28],[656342.54,1613746.4],[656366.05,1613735.05],[656358.17,1613718.94],[656334.66,1613730.28]]]]}},{"type":"Feature","properties":{"building":"yes","height":6,"heightSource":"default"},"geometry":{"type":"MultiPolygon","coordinates":[[[[656362.12,1613633.33],[656363.64,1613640.08],[656361.3,1613640.58],[656366.62,1613664.71],[656386.2,1613660.69],[656385.19,1613656.54],[656387.8,1613656.04],[656384.53,1613637.1],[656381.13,1613637.6],[656379.62,1613629.81],[656362.12,1613633.33]]]]}},{"type":"Feature","properties":{"building":"yes","height":6,"heightSource":"default"},"geometry":{"type":"MultiPolygon","coordinates":[[[[656356.51,1613614.11],[656358.77,1613627.08],[656389.32,1613621.58],[656387.58,1613608.34],[656356.51,1613614.11]]]]}},{"type":"Feature","properties":{"building":"yes","height":6,"heightSource":"default"},"geometry":{"type":"MultiPolygon","coordinates":[[[[656146.6,1613445.63],[656145.76,1613462.84],[656178.45,1613464.99],[656179.53,1613448.02],[656146.6,1613445.63]]]]}},{"type":"Feature","properties":{"building":"yes","height":6,"heightSource":"default"},"geometry":{"type":"MultiPolygon","coordinates":[[[[656277.9,1613699.06],[656284.01,1613712.16],[656307.4,1613701.39],[656301.3,1613688.29],[656277.9,1613699.06]]]]}},{"type":"Feature","properties":{"building":"yes","height":6,"heightSource":"default"},"geometry":{"type":"MultiPolygon","coordinates":[[[[656308.76,1613702.32],[656293.04,1613709.45],[656300.88,1613726.5],[656316.59,1613719.38],[656308.76,1613702.32]]]]}},{"type":"Feature","properties":{"building":"roof","height":6,"heightSource":"default"},"geometry":{"type":"MultiPolygon","coordinates":[[[[656273.03,1613689.68],[656276.68,1613697.96],[656296.04,1613689.53],[656292.38,1613681.25],[656290.87,1613682.02],[656277.68,1613687.56],[656273.03,1613689.68]]]]}},{"type":"Feature","properties":{"building":"yes","height":6,"heightSource":"default"},"geometry":{"type":"MultiPolygon","coordinates":[[[[656273.4,1613677.52],[656277.68,1613687.56],[656290.87,1613682.02],[656286.6,1613671.98],[656273.4,1613677.52]]]]}},{"type":"Feature","properties":{"building":"yes","height":6,"heightSource":"default"},"geometry":{"type":"MultiPolygon","coordinates":[[[[656404.27,1612677.3],[656414.18,1612677.64],[656414.67,1612664.71],[656409.45,1612664.68],[656409.46,1612663.4],[656404.49,1612663.36],[656404.27,1612677.3]]]]}},{"type":"Feature","properties":{"building":"apartments","height":6,"heightSource":"default"},"geometry":{"type":"MultiPolygon","coordinates":[[[[655590.33,1614284.35],[655588.89,1614305.55],[655633.74,1614308.43],[655635.19,1614287.66],[655623.85,1614286.82],[655600.94,1614285.14],[655590.33,1614284.35]]]]}},{"type":"Feature","properties":{"building":"school","height":6,"heightSource":"default"},"geometry":{"type":"MultiPolygon","coordinates":[[[[655532.79,1614500.79],[655531.5,1614511.83],[655614.24,1614521.63],[655615.93,1614510.27],[655600.11,1614508.51],[655600.68,1614504.61],[655587.52,1614503.32],[655587.14,1614506.94],[655564.38,1614504.55],[655564.86,1614500.17],[655550.26,1614498.64],[655549.82,1614502.68],[655532.79,1614500.79]]]]}},{"type":"Feature","properties":{"building":"school","height":6,"heightSource":"default"},"geometry":{"type":"MultiPolygon","coordinates":[[[[655588.67,1614534.37],[655590.25,1614551.04],[655664.16,1614541.96],[655662.49,1614525.68],[655588.67,1614534.37]]]]}},{"type":"Feature","properties":{"building":"yes","height":6,"heightSource":"default"},"geometry":{"type":"MultiPolygon","coordinates":[[[[656671.56,1613046.65],[656695.74,1613042.96],[656694.34,1613031.76],[656682.04,1613033.52],[656681.8,1613031.51],[656671.65,1613032.9],[656672,1613035.11],[656669.79,1613035.46],[656671.56,1613046.65]]]]}},{"type":"Feature","properties":{"building":"school","height":6,"heightSource":"default"},"geometry":{"type":"MultiPolygon","coordinates":[[[[655552,1614459.17],[655617.57,1614468.9],[655619.48,1614454.42],[655553.92,1614444.42],[655552,1614459.17]]]]}},{"type":"Feature","properties":{"building":"yes","height":6,"heightSource":"default"},"geometry":{"type":"MultiPolygon","coordinates":[[[[655840.82,1615290.91],[655869.6,1615307.81],[655875.55,1615298.65],[655846.21,1615282.03],[655840.82,1615290.91]]]]}},{"type":"Feature","properties":{"building":"yes","height":6,"heightSource":"default"},"geometry":{"type":"MultiPolygon","coordinates":[[[[655861.58,1615271.14],[655880.31,1615281.23],[655885.18,1615271.92],[655871.43,1615265.18],[655869.94,1615268.29],[655864.75,1615265.56],[655861.58,1615271.14]]]]}},{"type":"Feature","properties":{"building":"mosque","height":6,"heightSource":"default"},"geometry":{"type":"MultiPolygon","coordinates":[[[[657065.83,1613846.58],[657067.12,1613828.16],[657085.16,1613829.11],[657084.56,1613847.23],[657065.83,1613846.58]]]]}},{"type":"Feature","properties":{"building":"yes","height":6,"heightSource":"default"},"geometry":{"type":"MultiPolygon","coordinates":[[[[657199.15,1616355.63],[657204.21,1616344.16],[657208.53,1616345.71],[657210.54,1616343.67],[657212.31,1616344.23],[657212.09,1616346.47],[657216.96,1616349.03],[657211.04,1616360.24],[657207.14,1616358.58],[657205.56,1616360.82],[657203.98,1616359.93],[657204.2,1616357.47],[657199.15,1616355.63]]]]}},{"type":"Feature","properties":{"building":"yes","height":6,"heightSource":"default"},"geometry":{"type":"MultiPolygon","coordinates":[[[[656009.87,1612657.8],[656030.93,1612660.29],[656043.26,1612659.51],[656066.05,1612658.08],[656064.83,1612641.56],[656042.61,1612642.5],[656030.93,1612643],[656006.39,1612644.04],[656009.87,1612657.8]]]]}},{"type":"Feature","properties":{"building":"church","height":6,"heightSource":"default"},"geometry":{"type":"MultiPolygon","coordinates":[[[[656043.26,1612659.51],[656042.61,1612642.5],[656030.93,1612643],[656030.93,1612660.29],[656043.26,1612659.51]]]]}},{"type":"Feature","properties":{"building":"warehouse","height":6,"heightSource":"default"},"geometry":{"type":"MultiPolygon","coordinates":[[[[656001.5,1610652.01],[656023.19,1610629.33],[656126.58,1610567.8],[656217.57,1610534.83],[656265.68,1610655.42],[656151.74,1610728.15],[656119.58,1610747.74],[656099.01,1610734.22],[656111.01,1610712.28],[656101.48,1610706.5],[656087.31,1610724.2],[656053.95,1610705.13],[656064.43,1610686.21],[656042.13,1610657.25],[656023.46,1610672.09],[656001.5,1610652.01]]]]}},{"type":"Feature","properties":{"building":"dormitory","height":6,"heightSource":"default"},"geometry":{"type":"MultiPolygon","coordinates":[[[[656290.29,1612893.38],[656287.71,1612891.2],[656284.88,1612881.99],[656285.18,1612878.55],[656283.02,1612877.1],[656279.78,1612865.74],[656280.44,1612864.24],[656277.63,1612862.99],[656274.79,1612852.93],[656275.54,1612848.91],[656289.59,1612843.83],[656292.47,1612845.43],[656296.88,1612856.08],[656295.51,1612858.93],[656298.59,1612860.41],[656302.13,1612870.62],[656300.95,1612872.97],[656304,1612874.5],[656307.4,1612884.01],[656305.64,1612889.02],[656290.29,1612893.38]]]]}},{"type":"Feature","properties":{"building":"dormitory","height":6,"heightSource":"default"},"geometry":{"type":"MultiPolygon","coordinates":[[[[656306.42,1612867.64],[656299.49,1612849.23],[656310.95,1612844.96],[656312.49,1612849.04],[656316.59,1612847.52],[656315.02,1612843.36],[656324.92,1612839.68],[656332.22,1612859.03],[656322.93,1612862.49],[656321.26,1612858.07],[656315.52,1612860.2],[656316.85,1612863.75],[656306.42,1612867.64]]]]}},{"type":"Feature","properties":{"building":"house","height":6,"heightSource":"default"},"geometry":{"type":"MultiPolygon","coordinates":[[[[656143.03,1612923.38],[656166.95,1612911],[656165.82,1612908.49],[656178.98,1612900.8],[656185.86,1612911],[656181.8,1612914.6],[656186.9,1612924.66],[656179.05,1612930],[656181.29,1612933.53],[656178.14,1612935.51],[656178.63,1612937.26],[656169.76,1612942.47],[656166.65,1612936.69],[656164.88,1612937.43],[656160.26,1612931.14],[656152.67,1612934.97],[656150.04,1612931.07],[656146.12,1612932.68],[656141.77,1612924.51],[656143.03,1612923.38]]]]}},{"type":"Feature","properties":{"building":"yes","height":6,"heightSource":"default"},"geometry":{"type":"MultiPolygon","coordinates":[[[[656485.03,1612828.33],[656493.72,1612827.74],[656491.1,1612784.37],[656481.92,1612784.78],[656485.03,1612828.33]]]]}},{"type":"Feature","properties":{"building":"residential","height":6,"heightSource":"default"},"geometry":{"type":"MultiPolygon","coordinates":[[[[656494.14,1612813.03],[656508,1612811.01],[656503.32,1612790.78],[656492.83,1612792.83],[656494.14,1612813.03]]]]}},{"type":"Feature","properties":{"building":"yes","height":6,"heightSource":"default"},"geometry":{"type":"MultiPolygon","coordinates":[[[[656577.96,1612898.64],[656581.7,1612882.69],[656606.96,1612897.18],[656599.93,1612909.32],[656577.96,1612898.64]]]]}},{"type":"Feature","properties":{"building":"yes","height":6,"heightSource":"default"},"geometry":{"type":"MultiPolygon","coordinates":[[[[656668.46,1612951.13],[656675.85,1612934.51],[656702.86,1612946.43],[656684.7,1612968.45],[656676.32,1612965.01],[656670.16,1612962.48],[656673.94,1612953.49],[656668.46,1612951.13]]]]}},{"type":"Feature","properties":{"building":"yes","height":6,"heightSource":"default"},"geometry":{"type":"MultiPolygon","coordinates":[[[[656808.02,1613020.19],[656827.05,1613029.73],[656853.83,1613006.22],[656846.64,1612996.19],[656842.19,1612998.94],[656838.22,1612995.39],[656808.02,1613020.19]]]]}},{"type":"Feature","properties":{"building":"yes","height":6,"heightSource":"default"},"geometry":{"type":"MultiPolygon","coordinates":[[[[656828.7,1612957.4],[656828.53,1612959.6],[656830.3,1612961.38],[656833.26,1612960.96],[656833.86,1612958.75],[656832.4,1612956.1],[656828.7,1612957.4]]]]}},{"type":"Feature","properties":{"building":"retail","height":6,"heightSource":"default"},"geometry":{"type":"MultiPolygon","coordinates":[[[[656478.33,1612735.82],[656495.26,1612736.89],[656489.58,1612711.69],[656474.38,1612714.3],[656478.33,1612735.82]]]]}},{"type":"Feature","properties":{"building":"retail","height":6,"heightSource":"default"},"geometry":{"type":"MultiPolygon","coordinates":[[[[656473.44,1612708.88],[656489.63,1612705.3],[656483.19,1612674.88],[656483.26,1612663.65],[656464.18,1612664.3],[656464.87,1612677.47],[656473.44,1612708.88]]]]}},{"type":"Feature","properties":{"building":"house","height":6,"heightSource":"default"},"geometry":{"type":"MultiPolygon","coordinates":[[[[656427.11,1612677.95],[656437.54,1612678.79],[656438.52,1612665.97],[656427.84,1612665],[656427.11,1612677.95]]]]}},{"type":"Feature","properties":{"building":"house","height":6,"heightSource":"default"},"geometry":{"type":"MultiPolygon","coordinates":[[[[656415.51,1612677.35],[656415.98,1612664.53],[656426.79,1612665.24],[656425.94,1612678.06],[656415.51,1612677.35]]]]}},{"type":"Feature","properties":{"building":"house","height":6,"heightSource":"default"},"geometry":{"type":"MultiPolygon","coordinates":[[[[656392.45,1612676.3],[656392.39,1612663.73],[656403.09,1612663.68],[656402.74,1612676.88],[656392.45,1612676.3]]]]}},{"type":"Feature","properties":{"building":"house","height":6,"heightSource":"default"},"geometry":{"type":"MultiPolygon","coordinates":[[[[656380.58,1612676.61],[656380.67,1612663.79],[656391.09,1612663.72],[656390.87,1612676.81],[656380.58,1612676.61]]]]}},{"type":"Feature","properties":{"building":"house","height":6,"heightSource":"default"},"geometry":{"type":"MultiPolygon","coordinates":[[[[656368.45,1612676.4],[656378.36,1612676.6],[656378.71,1612663.78],[656368.02,1612663.57],[656368.45,1612676.4]]]]}},{"type":"Feature","properties":{"building":"house","height":6,"heightSource":"default"},"geometry":{"type":"MultiPolygon","coordinates":[[[[656355.69,1612675.68],[656355.9,1612663.5],[656366.33,1612663.56],[656366.25,1612676],[656355.69,1612675.68]]]]}},{"type":"Feature","properties":{"building":"yes","height":6,"heightSource":"default"},"geometry":{"type":"MultiPolygon","coordinates":[[[[656411.75,1612633.42],[656409.67,1612631.98],[656409.59,1612624.85],[656412.08,1612622.8],[656417.43,1612622.31],[656419.89,1612624.26],[656420.23,1612631.66],[656417.88,1612633.46],[656411.75,1612633.42]]]]}},{"type":"Feature","properties":{"building":"house","height":6,"heightSource":"default"},"geometry":{"type":"MultiPolygon","coordinates":[[[[656393.04,1612645.21],[656402.81,1612645.28],[656403.15,1612632.98],[656392.59,1612633.03],[656393.04,1612645.21]]]]}},{"type":"Feature","properties":{"building":"house","height":6,"heightSource":"default"},"geometry":{"type":"MultiPolygon","coordinates":[[[[656381.17,1612644.87],[656391.47,1612645.07],[656391.29,1612632.38],[656381.13,1612632.31],[656381.17,1612644.87]]]]}},{"type":"Feature","properties":{"building":"house","height":6,"heightSource":"default"},"geometry":{"type":"MultiPolygon","coordinates":[[[[656369.18,1612644.93],[656379.61,1612644.99],[656379.69,1612632.04],[656368.74,1612631.97],[656369.18,1612644.93]]]]}},{"type":"Feature","properties":{"building":"house","height":6,"heightSource":"default"},"geometry":{"type":"MultiPolygon","coordinates":[[[[656356.54,1612644.21],[656367.35,1612644.53],[656367.83,1612631.96],[656357.02,1612631.51],[656356.54,1612644.21]]]]}},{"type":"Feature","properties":{"building":"retail","height":6,"heightSource":"default"},"geometry":{"type":"MultiPolygon","coordinates":[[[[656465.56,1612649.32],[656479.88,1612649.41],[656482.68,1612608.59],[656466.97,1612607.79],[656465.56,1612649.32]]]]}},{"type":"Feature","properties":{"building":"retail","height":6,"heightSource":"default"},"geometry":{"type":"MultiPolygon","coordinates":[[[[656470.55,1612591.53],[656486.02,1612591.63],[656490.21,1612549.2],[656466.89,1612549.52],[656467.03,1612563.05],[656455.25,1612563.44],[656455.4,1612577.89],[656467.4,1612578.66],[656470.55,1612591.53]]]]}},{"type":"Feature","properties":{"building":"commercial","height":6,"heightSource":"default"},"geometry":{"type":"MultiPolygon","coordinates":[[[[656534.2,1612634.71],[656535.22,1612608.38],[656554.11,1612608.5],[656552.8,1612635.39],[656534.2,1612634.71]]]]}},{"type":"Feature","properties":{"building":"retail","height":6,"heightSource":"default"},"geometry":{"type":"MultiPolygon","coordinates":[[[[656493.91,1612410.01],[656492.32,1612431.06],[656508.67,1612431.56],[656512.05,1612407.23],[656494.14,1612408.36],[656493.91,1612410.01]]]]}},{"type":"Feature","properties":{"building":"retail","height":6,"heightSource":"default"},"geometry":{"type":"MultiPolygon","coordinates":[[[[656498.79,1612080.87],[656500.38,1612064.37],[656529.77,1612069.63],[656547.72,1612089.51],[656546.13,1612104.49],[656533.66,1612103.95],[656533.88,1612094.48],[656522.62,1612082.98],[656498.79,1612080.87]]]]}},{"type":"Feature","properties":{"building":"yes","height":6,"heightSource":"default"},"geometry":{"type":"MultiPolygon","coordinates":[[[[654884.08,1614938.89],[654887.96,1614922.91],[654915.63,1614928.54],[654911.86,1614944.64],[654884.08,1614938.89]]]]}},{"type":"Feature","properties":{"building":"yes","height":6,"heightSource":"default"},"geometry":{"type":"MultiPolygon","coordinates":[[[[654949.01,1614932.5],[654950.98,1614920.57],[654957.97,1614920.93],[654962.92,1614921.18],[654963.3,1614918.93],[654969.9,1614919.6],[654969.77,1614922.1],[654976.81,1614922.94],[654975.63,1614932.92],[654957.22,1614930.64],[654956.7,1614933.07],[654949.01,1614932.5]]]]}},{"type":"Feature","properties":{"building":"yes","height":6,"heightSource":"default"},"geometry":{"type":"MultiPolygon","coordinates":[[[[654821.57,1614864.72],[654826.77,1614810.65],[654845.08,1614813.09],[654840.06,1614866.44],[654821.57,1614864.72]]]]}},{"type":"Feature","properties":{"building":"yes","height":6,"heightSource":"default"},"geometry":{"type":"MultiPolygon","coordinates":[[[[653673.95,1619362.14],[653670.97,1619359.78],[653670.35,1619356.08],[653672.8,1619353.73],[653676.79,1619353.28],[653679.13,1619355.24],[653679.49,1619358.97],[653677.99,1619361.69],[653673.95,1619362.14]]]]}},{"type":"Feature","properties":{"building":"yes","height":6,"heightSource":"default"},"geometry":{"type":"MultiPolygon","coordinates":[[[[653683.66,1619362.84],[653684.38,1619351.69],[653705.78,1619352.94],[653705.07,1619363.8],[653683.66,1619362.84]]]]}},{"type":"Feature","properties":{"building":"yes","height":6,"heightSource":"default"},"geometry":{"type":"MultiPolygon","coordinates":[[[[653734.6,1619221.45],[653735.35,1619202.78],[653778.37,1619204.15],[653779.04,1619196.9],[653787.82,1619197.21],[653788.14,1619204.22],[653796.05,1619205.49],[653795.18,1619225.39],[653789.61,1619225.23],[653789.56,1619228.89],[653743.01,1619226.49],[653743.1,1619221.93],[653734.6,1619221.45]]]]}},{"type":"Feature","properties":{"building":"yes","height":28.8,"heightSource":"inferred"},"geometry":{"type":"MultiPolygon","coordinates":[[[[655673.76,1610597.51],[655672.86,1610591.74],[655678.67,1610590.53],[655679.65,1610596.38],[655673.76,1610597.51]]]]}},{"type":"Feature","properties":{"building":"yes","height":6,"heightSource":"default"},"geometry":{"type":"MultiPolygon","coordinates":[[[[656632.93,1611866.67],[656636.71,1611838.05],[656661.92,1611841.01],[656658.91,1611869.95],[656632.93,1611866.67]]]]}},{"type":"Feature","properties":{"building":"yes","height":6,"heightSource":"default"},"geometry":{"type":"MultiPolygon","coordinates":[[[[656624.74,1611923.6],[656624.77,1611918.14],[656617.51,1611916.4],[656618.3,1611910.04],[656646.05,1611912.24],[656644.91,1611924.38],[656624.74,1611923.6]]]]}},{"type":"Feature","properties":{"building":"yes","height":6,"heightSource":"default"},"geometry":{"type":"MultiPolygon","coordinates":[[[[656616.46,1611975.39],[656617.31,1611960.65],[656631.39,1611961.64],[656629.94,1611975.77],[656616.46,1611975.39]]]]}},{"type":"Feature","properties":{"building":"yes","height":6,"heightSource":"default"},"geometry":{"type":"MultiPolygon","coordinates":[[[[656636.46,1611974.31],[656637.37,1611950.99],[656678.86,1611952.46],[656677.27,1611963.29],[656650.46,1611963.27],[656650.08,1611975.76],[656636.46,1611974.31]]]]}},{"type":"Feature","properties":{"building":"house","height":6,"heightSource":"default"},"geometry":{"type":"MultiPolygon","coordinates":[[[[656486.8,1611953.33],[656489.14,1611941.68],[656483.72,1611940.01],[656486.2,1611929.24],[656503.98,1611933.87],[656502.65,1611943.89],[656507.57,1611945.05],[656525.15,1611940.15],[656529.23,1611955.49],[656519.08,1611962.33],[656507.84,1611962],[656504.21,1611957.08],[656486.8,1611953.33]]]]}},{"type":"Feature","properties":{"building":"yes","height":6,"heightSource":"default"},"geometry":{"type":"MultiPolygon","coordinates":[[[[656518.71,1611351.17],[656520.81,1611333.76],[656528.99,1611334.72],[656532.19,1611335.1],[656531.9,1611337.76],[656530.92,1611346.68],[656530.72,1611348.53],[656530.27,1611352.6],[656518.71,1611351.17]]]]}},{"type":"Feature","properties":{"building":"house","height":6,"heightSource":"default"},"geometry":{"type":"MultiPolygon","coordinates":[[[[656530.92,1611346.68],[656542.87,1611348.1],[656543.91,1611339.39],[656531.9,1611337.76],[656530.92,1611346.68]]]]}},{"type":"Feature","properties":{"building":"house","height":6,"heightSource":"default"},"geometry":{"type":"MultiPolygon","coordinates":[[[[656529.97,1611357.81],[656530.72,1611348.53],[656542.85,1611349.8],[656541.99,1611358.78],[656529.97,1611357.81]]]]}},{"type":"Feature","properties":{"building":"house","height":6,"heightSource":"default"},"geometry":{"type":"MultiPolygon","coordinates":[[[[656528.99,1611334.72],[656528.59,1611319.26],[656540.79,1611318.71],[656541.32,1611335.51],[656528.99,1611334.72]]]]}},{"type":"Feature","properties":{"building":"yes","height":6,"heightSource":"default"},"geometry":{"type":"MultiPolygon","coordinates":[[[[656562.53,1611300.97],[656563.02,1611289.94],[656585.5,1611289.94],[656584.74,1611300.97],[656562.53,1611300.97]]]]}},{"type":"Feature","properties":{"building":"yes","height":6,"heightSource":"default"},"geometry":{"type":"MultiPolygon","coordinates":[[[[656558.62,1611262.32],[656558.17,1611244.25],[656588.44,1611242.93],[656589.15,1611261.83],[656558.62,1611262.32]]]]}},{"type":"Feature","properties":{"building":"yes","height":6,"heightSource":"default"},"geometry":{"type":"MultiPolygon","coordinates":[[[[656541.11,1611199.6],[656538.84,1611185.11],[656558.29,1611181.78],[656560.83,1611196.83],[656541.11,1611199.6]]]]}},{"type":"Feature","properties":{"building":"yes","height":6,"heightSource":"default"},"geometry":{"type":"MultiPolygon","coordinates":[[[[656559.2,1611312.57],[656559.85,1611306.09],[656592.3,1611307.5],[656591.81,1611314.59],[656559.2,1611312.57]]]]}},{"type":"Feature","properties":{"building":"school","height":6,"heightSource":"default"},"geometry":{"type":"MultiPolygon","coordinates":[[[[656673.76,1611209.06],[656669.61,1611194.86],[656701.33,1611187.89],[656713.11,1611233.3],[656696.31,1611236.63],[656688.66,1611207.28],[656673.76,1611209.06]]]]}},{"type":"Feature","properties":{"building":"school","height":6,"heightSource":"default"},"geometry":{"type":"MultiPolygon","coordinates":[[[[656716.28,1611226.94],[656709.4,1611198.85],[656723.23,1611195.51],[656730.72,1611223.76],[656716.28,1611226.94]]]]}},{"type":"Feature","properties":{"building":"school","height":6,"heightSource":"default"},"geometry":{"type":"MultiPolygon","coordinates":[[[[656744.07,1611220.57],[656735.97,1611187.96],[656749.79,1611184.31],[656758.99,1611216.15],[656744.07,1611220.57]]]]}},{"type":"Feature","properties":{"building":"school","height":6,"heightSource":"default"},"geometry":{"type":"MultiPolygon","coordinates":[[[[656706.62,1611267.69],[656699.42,1611240.39],[656713.87,1611236.58],[656720.58,1611265.76],[656706.62,1611267.69]]]]}},{"type":"Feature","properties":{"building":"school","height":6,"heightSource":"default"},"geometry":{"type":"MultiPolygon","coordinates":[[[[656703.3,1611321.41],[656699.94,1611307.83],[656709.41,1611305.95],[656716.57,1611304.52],[656709.24,1611273.15],[656723.69,1611269.83],[656734.68,1611315.22],[656711.86,1611319.73],[656703.3,1611321.41]]]]}},{"type":"Feature","properties":{"building":"school","height":6,"heightSource":"default"},"geometry":{"type":"MultiPolygon","coordinates":[[[[656702.63,1611354.47],[656699.1,1611337.49],[656714.76,1611334.29],[656732.97,1611330.57],[656736.92,1611347.75],[656702.63,1611354.47]]]]}},{"type":"Feature","properties":{"building":"school","height":6,"heightSource":"default"},"geometry":{"type":"MultiPolygon","coordinates":[[[[656665.79,1611279.46],[656661.73,1611263.1],[656658.98,1611251.97],[656695.18,1611243.11],[656701.98,1611270.6],[656699,1611271.33],[656665.79,1611279.46]]]]}},{"type":"Feature","properties":{"building":"retail","height":6,"heightSource":"default"},"geometry":{"type":"MultiPolygon","coordinates":[[[[656605.15,1612115.27],[656600.03,1612091.51],[656613.29,1612078.99],[656622.69,1612076.93],[656628.72,1612112.48],[656611.19,1612114.56],[656605.15,1612115.27]]]]}},{"type":"Feature","properties":{"building":"retail","height":6,"heightSource":"default"},"geometry":{"type":"MultiPolygon","coordinates":[[[[656609.59,1612142.64],[656611.19,1612114.56],[656628.7,1612116.41],[656626.22,1612144.05],[656609.59,1612142.64]]]]}},{"type":"Feature","properties":{"building":"church","height":6,"heightSource":"default"},"geometry":{"type":"MultiPolygon","coordinates":[[[[656224.89,1612123.58],[656228.48,1612094.87],[656239.38,1612096.35],[656235.8,1612124.63],[656224.89,1612123.58]]]]}},{"type":"Feature","properties":{"building":"retail","height":6,"heightSource":"default"},"geometry":{"type":"MultiPolygon","coordinates":[[[[656447.46,1613874.72],[656454.2,1613897.39],[656473.93,1613893.53],[656468.12,1613869.37],[656447.46,1613874.72]]]]}},{"type":"Feature","properties":{"building":"retail","height":6,"heightSource":"default"},"geometry":{"type":"MultiPolygon","coordinates":[[[[656472.42,1613738.73],[656447.62,1613798.72],[656463.87,1613804.33],[656487.53,1613744.16],[656472.42,1613738.73]]]]}},{"type":"Feature","properties":{"building":"retail","height":6,"heightSource":"default"},"geometry":{"type":"MultiPolygon","coordinates":[[[[656440.88,1613835.56],[656437.19,1613828.89],[656447.25,1613800.55],[656463.26,1613806.22],[656454,1613826.3],[656451.69,1613826.83],[656451.19,1613832.01],[656440.88,1613835.56]]]]}},{"type":"Feature","properties":{"building":"yes","height":6,"heightSource":"default"},"geometry":{"type":"MultiPolygon","coordinates":[[[[656415.34,1613966.65],[656430.46,1613941.88],[656465.8,1613969.85],[656452.06,1613989.78],[656450.1,1613988.54],[656415.34,1613966.65]]]]}},{"type":"Feature","properties":{"building":"retail","height":6,"heightSource":"default"},"geometry":{"type":"MultiPolygon","coordinates":[[[[656400.26,1613990.82],[656415.34,1613966.65],[656450.1,1613988.54],[656450.06,1613988.59],[656436.92,1614013.27],[656423.77,1614005.74],[656422.37,1614008.48],[656421.81,1614009.59],[656409.5,1614002.33],[656411.6,1613999.03],[656400.26,1613990.82]]]]}},{"type":"Feature","properties":{"building":"retail","height":6,"heightSource":"default"},"geometry":{"type":"MultiPolygon","coordinates":[[[[656422.37,1614008.48],[656420.44,1614012.97],[656425.51,1614015.73],[656430.22,1614044.93],[656454.11,1614041.98],[656450.06,1613988.59],[656436.92,1614013.27],[656423.77,1614005.74],[656422.37,1614008.48]]]]}},{"type":"Feature","properties":{"building":"retail","height":6,"heightSource":"default"},"geometry":{"type":"MultiPolygon","coordinates":[[[[656461.19,1613910.69],[656468.25,1613931.62],[656484.25,1613944.89],[656495.1,1613936.87],[656481.54,1613924.17],[656480.52,1613921.63],[656474.83,1613907.58],[656461.19,1613910.69]]]]}},{"type":"Feature","properties":{"building":"retail","height":6,"heightSource":"default"},"geometry":{"type":"MultiPolygon","coordinates":[[[[656474.83,1613907.58],[656480.52,1613921.63],[656535.66,1613928.65],[656535.57,1613912.85],[656535.57,1613912.67],[656474.83,1613907.58]]]]}},{"type":"Feature","properties":{"building":"retail","height":6,"heightSource":"default"},"geometry":{"type":"MultiPolygon","coordinates":[[[[656535.06,1613961.15],[656535.88,1613961.17],[656549.59,1613961.51],[656552.22,1613913.71],[656535.57,1613912.85],[656535.66,1613928.65],[656535.06,1613961.15]]]]}},{"type":"Feature","properties":{"building":"yes","height":6,"heightSource":"default"},"geometry":{"type":"MultiPolygon","coordinates":[[[[656567.85,1613986.81],[656570.38,1613946.75],[656615.02,1613950.99],[656611.74,1613990.29],[656567.85,1613986.81]]]]}},{"type":"Feature","properties":{"building":"yes","height":6,"heightSource":"default"},"geometry":{"type":"MultiPolygon","coordinates":[[[[656566.94,1613939.42],[656568.85,1613907.76],[656618.38,1613910.92],[656615.85,1613942.67],[656566.94,1613939.42]]]]}},{"type":"Feature","properties":{"building":"yes","height":6,"heightSource":"default"},"geometry":{"type":"MultiPolygon","coordinates":[[[[656526.15,1613887.37],[656529.41,1613859.71],[656581.27,1613862.04],[656618.52,1613863.97],[656616.54,1613900.67],[656562.45,1613897.44],[656562.09,1613890.03],[656526.15,1613887.37]]]]}},{"type":"Feature","properties":{"building":"yes","height":6,"heightSource":"default"},"geometry":{"type":"MultiPolygon","coordinates":[[[[656480.27,1613949.51],[656499.49,1613936.23],[656509.04,1613947.07],[656507.84,1613948.39],[656496.4,1613961.11],[656494.69,1613963],[656480.27,1613949.51]]]]}},{"type":"Feature","properties":{"building":"retail","height":6,"heightSource":"default"},"geometry":{"type":"MultiPolygon","coordinates":[[[[656496.4,1613961.11],[656507.84,1613948.39],[656515.88,1613956.53],[656507.03,1613971.51],[656496.4,1613961.11]]]]}},{"type":"Feature","properties":{"building":"retail","height":6,"heightSource":"default"},"geometry":{"type":"MultiPolygon","coordinates":[[[[656507.03,1613971.51],[656518.24,1613980.88],[656518.42,1613980.55],[656525.77,1613967.91],[656523.21,1613966.08],[656525.63,1613961.91],[656515.88,1613956.53],[656507.03,1613971.51]]]]}},{"type":"Feature","properties":{"building":"yes","height":6,"heightSource":"default"},"geometry":{"type":"MultiPolygon","coordinates":[[[[656518.42,1613980.55],[656525.28,1613985.35],[656532.56,1613972.64],[656525.77,1613967.91],[656518.42,1613980.55]]]]}},{"type":"Feature","properties":{"building":"retail","height":6,"heightSource":"default"},"geometry":{"type":"MultiPolygon","coordinates":[[[[656525.28,1613985.35],[656532.56,1613972.64],[656535.87,1613975.02],[656539.16,1613977.47],[656532.18,1613989.68],[656525.28,1613985.35]]]]}},{"type":"Feature","properties":{"building":"retail","height":6,"heightSource":"default"},"geometry":{"type":"MultiPolygon","coordinates":[[[[656532.18,1613989.68],[656539.16,1613977.47],[656545.73,1613981.55],[656544.25,1613983.88],[656547.71,1613986.36],[656541.15,1613996.38],[656531.61,1613990.67],[656532.18,1613989.68]]]]}},{"type":"Feature","properties":{"building":"retail","height":6,"heightSource":"default"},"geometry":{"type":"MultiPolygon","coordinates":[[[[656535.87,1613975.02],[656535.88,1613961.17],[656549.59,1613961.51],[656549.48,1613983.88],[656545.73,1613981.55],[656539.16,1613977.47],[656535.87,1613975.02]]]]}},{"type":"Feature","properties":{"building":"yes","height":6,"heightSource":"default"},"geometry":{"type":"MultiPolygon","coordinates":[[[[656524.85,1613859.44],[656525.02,1613833.06],[656545.76,1613833.91],[656554.18,1613834.16],[656553.3,1613828.7],[656582.57,1613831.06],[656581.27,1613862.04],[656524.85,1613859.44]]]]}},{"type":"Feature","properties":{"building":"retail","height":6,"heightSource":"default"},"geometry":{"type":"MultiPolygon","coordinates":[[[[656365.48,1613790.6],[656357.6,1613774.96],[656381.62,1613763.35],[656389.95,1613776.76],[656365.48,1613790.6]]]]}},{"type":"Feature","properties":{"building":"retail","height":6,"heightSource":"default"},"geometry":{"type":"MultiPolygon","coordinates":[[[[656373.82,1613807.37],[656380.66,1613824.23],[656385.24,1613830.24],[656394.93,1613826.41],[656392.64,1613819.43],[656386.88,1613801.85],[656373.82,1613807.37]]]]}},{"type":"Feature","properties":{"building":"retail","height":6,"heightSource":"default"},"geometry":{"type":"MultiPolygon","coordinates":[[[[656392.64,1613819.43],[656394.93,1613826.41],[656395.05,1613829.47],[656400.07,1613832.98],[656443.06,1613746.56],[656424.35,1613738.23],[656393.76,1613812.34],[656392.64,1613819.43]]]]}},{"type":"Feature","properties":{"building":"yes","height":6,"heightSource":"default"},"geometry":{"type":"MultiPolygon","coordinates":[[[[656385.96,1613762.62],[656394.81,1613736.78],[656412.28,1613742.33],[656405.31,1613758.7],[656397.45,1613760.74],[656394.2,1613766.29],[656385.96,1613762.62]]]]}},{"type":"Feature","properties":{"building":"retail","height":6,"heightSource":"default"},"geometry":{"type":"MultiPolygon","coordinates":[[[[656354.29,1613958.76],[656352.06,1613950.41],[656345.51,1613922.81],[656406.54,1613944.33],[656354.29,1613958.76]]]]}},{"type":"Feature","properties":{"building":"yes","height":6,"heightSource":"default"},"geometry":{"type":"MultiPolygon","coordinates":[[[[656530.3,1612686.57],[656530.78,1612667.62],[656543.01,1612667.47],[656564.67,1612667.19],[656584.34,1612666.92],[656585.15,1612650.05],[656607.33,1612651.23],[656604.91,1612677.74],[656562.26,1612677.99],[656560.99,1612686.59],[656530.3,1612686.57]]]]}},{"type":"Feature","properties":{"building":"yes","height":6,"heightSource":"default"},"geometry":{"type":"MultiPolygon","coordinates":[[[[656170.68,1612877.46],[656167.27,1612868.53],[656185.83,1612859.17],[656188.96,1612866.37],[656170.68,1612877.46]]]]}},{"type":"Feature","properties":{"building":"yes","height":6,"heightSource":"default"},"geometry":{"type":"MultiPolygon","coordinates":[[[[656178.12,1612891],[656174.7,1612882.36],[656193.55,1612871.86],[656197.25,1612880.78],[656178.12,1612891]]]]}},{"type":"Feature","properties":{"building":"yes","height":6,"heightSource":"default"},"geometry":{"type":"MultiPolygon","coordinates":[[[[656187.85,1612905.71],[656182.71,1612895.91],[656200.7,1612884.54],[656206.4,1612896.35],[656187.85,1612905.71]]]]}},{"type":"Feature","properties":{"building":"residential","height":6,"heightSource":"default"},"geometry":{"type":"MultiPolygon","coordinates":[[[[656208.57,1612928.85],[656203.07,1612919.31],[656213.52,1612914.2],[656218.37,1612924],[656208.57,1612928.85]]]]}},{"type":"Feature","properties":{"building":"residential","height":6,"heightSource":"default"},"geometry":{"type":"MultiPolygon","coordinates":[[[[656219.69,1612922.5],[656215.07,1612911.67],[656225.32,1612907.71],[656229.31,1612917.9],[656219.69,1612922.5]]]]}},{"type":"Feature","properties":{"building":"residential","height":6,"heightSource":"default"},"geometry":{"type":"MultiPolygon","coordinates":[[[[656231.65,1612916.65],[656228.74,1612904.98],[656241.55,1612902.32],[656243.18,1612913.55],[656231.65,1612916.65]]]]}},{"type":"Feature","properties":{"building":"residential","height":6,"heightSource":"default"},"geometry":{"type":"MultiPolygon","coordinates":[[[[656222.83,1612898.8],[656218.21,1612887.34],[656226.11,1612883.59],[656231.16,1612895.05],[656222.83,1612898.8]]]]}},{"type":"Feature","properties":{"building":"residential","height":6,"heightSource":"default"},"geometry":{"type":"MultiPolygon","coordinates":[[[[656228.24,1612885.08],[656224.7,1612871.09],[656238.15,1612867.79],[656241.47,1612881.77],[656228.24,1612885.08]]]]}},{"type":"Feature","properties":{"building":"residential","height":6,"heightSource":"default"},"geometry":{"type":"MultiPolygon","coordinates":[[[[656189.9,1612982.64],[656209.85,1612961.6],[656217.92,1612967.57],[656198.37,1612990.96],[656189.9,1612982.64]]]]}},{"type":"Feature","properties":{"building":"yes","height":6,"heightSource":"default"},"geometry":{"type":"MultiPolygon","coordinates":[[[[656662.75,1612967.46],[656665.35,1612960.48],[656676.32,1612965.01],[656674.89,1612972.62],[656662.75,1612967.46]]]]}},{"type":"Feature","properties":{"building":"retail","height":6,"heightSource":"default"},"geometry":{"type":"MultiPolygon","coordinates":[[[[656595.9,1612826.67],[656602.53,1612821.63],[656615.86,1612836.53],[656628.02,1612834.92],[656630.49,1612847.84],[656621.07,1612849.75],[656618.33,1612850.31],[656595.9,1612826.67]]]]}},{"type":"Feature","properties":{"building":"residential","height":6,"heightSource":"default"},"geometry":{"type":"MultiPolygon","coordinates":[[[[656589.13,1612817.73],[656581.1,1612808.36],[656637.57,1612806.82],[656645.19,1612847.1],[656637.08,1612849.79],[656637.64,1612861.65],[656632.74,1612862.47],[656621.08,1612853.5],[656621.07,1612849.75],[656630.49,1612847.84],[656628.02,1612834.92],[656626.85,1612816.7],[656589.13,1612817.73]]]]}},{"type":"Feature","properties":{"building":"yes","height":6,"heightSource":"default"},"geometry":{"type":"MultiPolygon","coordinates":[[[[656546.78,1612745.27],[656547.7,1612734.27],[656552.84,1612734.67],[656569.85,1612736.31],[656569.9,1612761.29],[656558.6,1612761.22],[656559.12,1612747.25],[656546.78,1612745.27]]]]}},{"type":"Feature","properties":{"building":"house","height":6,"heightSource":"default"},"geometry":{"type":"MultiPolygon","coordinates":[[[[656552.84,1612734.67],[656553.4,1612724.09],[656561.59,1612724.25],[656581.42,1612725.17],[656580.92,1612737.23],[656569.85,1612736.31],[656552.84,1612734.67]]]]}},{"type":"Feature","properties":{"building":"yes","height":6,"heightSource":"default"},"geometry":{"type":"MultiPolygon","coordinates":[[[[656561.59,1612724.25],[656562.12,1612711.91],[656595.56,1612711.91],[656595.28,1612725.05],[656561.59,1612724.25]]]]}},{"type":"Feature","properties":{"building":"yes","height":6,"heightSource":"default"},"geometry":{"type":"MultiPolygon","coordinates":[[[[656548.36,1612723.75],[656547.7,1612734.27],[656552.84,1612734.67],[656553.4,1612724.09],[656548.36,1612723.75]]]]}},{"type":"Feature","properties":{"building":"no","height":6,"heightSource":"default"},"geometry":{"type":"MultiPolygon","coordinates":[[[[656534.54,1612710.92],[656529.14,1612694.84],[656528.37,1612667.08],[656528.3,1612647.64],[656607.71,1612649.65],[656602.37,1612710.79],[656587.18,1612710.81],[656567.42,1612710.85],[656534.54,1612710.92]]]]}},{"type":"Feature","properties":{"building":"yes","height":6,"heightSource":"default"},"geometry":{"type":"MultiPolygon","coordinates":[[[[656567.42,1612710.85],[656567.3,1612699.42],[656587.62,1612700.11],[656587.18,1612710.81],[656567.42,1612710.85]]]]}},{"type":"Feature","properties":{"building":"yes","height":6,"heightSource":"default"},"geometry":{"type":"MultiPolygon","coordinates":[[[[656543.01,1612667.47],[656543.86,1612649.81],[656564.95,1612650.13],[656564.67,1612667.19],[656543.01,1612667.47]]]]}},{"type":"Feature","properties":{"building":"industrial","height":6,"heightSource":"default"},"geometry":{"type":"MultiPolygon","coordinates":[[[[656554.68,1612589.59],[656554.7,1612569.07],[656588.97,1612569.49],[656589.06,1612590.02],[656566.61,1612589.74],[656554.68,1612589.59]]]]}},{"type":"Feature","properties":{"building":"garages","height":6,"heightSource":"default"},"geometry":{"type":"MultiPolygon","coordinates":[[[[656530.69,1612587.5],[656533.74,1612567.21],[656549.19,1612567.85],[656546.48,1612588.46],[656530.69,1612587.5]]]]}},{"type":"Feature","properties":{"building":"house","height":6,"heightSource":"default"},"geometry":{"type":"MultiPolygon","coordinates":[[[[656539.36,1612566.09],[656539.73,1612552.98],[656558.86,1612553.11],[656558.77,1612566.5],[656539.36,1612566.09]]]]}},{"type":"Feature","properties":{"building":"residential","height":6,"heightSource":"default"},"geometry":{"type":"MultiPolygon","coordinates":[[[[656536.06,1612548.99],[656542.27,1612503.97],[656552.94,1612504.62],[656548.35,1612550.1],[656536.06,1612548.99]]]]}},{"type":"Feature","properties":{"building":"yes","height":6,"heightSource":"default"},"geometry":{"type":"MultiPolygon","coordinates":[[[[656543.17,1612501.9],[656543.99,1612490.14],[656561.17,1612491.27],[656560.65,1612503.05],[656543.17,1612501.9]]]]}},{"type":"Feature","properties":{"building":"house","height":6,"heightSource":"default"},"geometry":{"type":"MultiPolygon","coordinates":[[[[656566.64,1612516.34],[656567.65,1612497.64],[656582.91,1612497.89],[656582.35,1612516.88],[656566.64,1612516.34]]]]}},{"type":"Feature","properties":{"building":"yes","height":6,"heightSource":"default"},"geometry":{"type":"MultiPolygon","coordinates":[[[[656545.27,1612474.82],[656546.36,1612467.33],[656557.32,1612468.57],[656556.09,1612475.63],[656545.27,1612474.82]]]]}},{"type":"Feature","properties":{"building":"yes","height":6,"heightSource":"default"},"geometry":{"type":"MultiPolygon","coordinates":[[[[656561.97,1612437.23],[656562.91,1612427.37],[656581.68,1612428.77],[656579.73,1612438.82],[656561.97,1612437.23]]]]}},{"type":"Feature","properties":{"building":"retail","height":6,"heightSource":"default"},"geometry":{"type":"MultiPolygon","coordinates":[[[[656553.74,1612425.11],[656553.5,1612416.71],[656609.54,1612413.83],[656610.21,1612422.52],[656553.74,1612425.11]]]]}},{"type":"Feature","properties":{"building":"house","height":6,"heightSource":"default"},"geometry":{"type":"MultiPolygon","coordinates":[[[[656576.68,1612406.11],[656577.82,1612391.24],[656589.07,1612392.06],[656587.95,1612406.78],[656576.68,1612406.11]]]]}},{"type":"Feature","properties":{"building":"office","height":6,"heightSource":"default"},"geometry":{"type":"MultiPolygon","coordinates":[[[[656560.09,1612381.12],[656560.03,1612368.75],[656580.78,1612367.85],[656581.14,1612380.51],[656560.09,1612381.12]]]]}},{"type":"Feature","properties":{"building":"house","height":6,"heightSource":"default"},"geometry":{"type":"MultiPolygon","coordinates":[[[[656580.82,1612362.4],[656581.48,1612350.92],[656592.14,1612351.57],[656591.63,1612363.05],[656580.82,1612362.4]]]]}},{"type":"Feature","properties":{"building":"yes","height":6,"heightSource":"default"},"geometry":{"type":"MultiPolygon","coordinates":[[[[656563.51,1612358.02],[656563.41,1612348.89],[656578.98,1612348.25],[656579.07,1612357.53],[656563.51,1612358.02]]]]}},{"type":"Feature","properties":{"building":"yes","height":6,"heightSource":"default"},"geometry":{"type":"MultiPolygon","coordinates":[[[[656597.17,1612354.12],[656597.24,1612343.66],[656609.09,1612343],[656608.87,1612353.89],[656597.17,1612354.12]]]]}},{"type":"Feature","properties":{"building":"yes","height":6,"heightSource":"default"},"geometry":{"type":"MultiPolygon","coordinates":[[[[656609.55,1612364.5],[656610.59,1612342.26],[656624.51,1612342.35],[656623.63,1612365.33],[656609.55,1612364.5]]]]}},{"type":"Feature","properties":{"building":"yes","height":6,"heightSource":"default"},"geometry":{"type":"MultiPolygon","coordinates":[[[[656563.92,1612339.18],[656566.58,1612316.66],[656602.44,1612317.33],[656600.82,1612339.86],[656563.92,1612339.18]]]]}},{"type":"Feature","properties":{"building":"yes","height":6,"heightSource":"default"},"geometry":{"type":"MultiPolygon","coordinates":[[[[656573.49,1612256.33],[656575.65,1612242.94],[656604.53,1612245.93],[656603.12,1612258.43],[656573.49,1612256.33]]]]}},{"type":"Feature","properties":{"building":"yes","height":6,"heightSource":"default"},"geometry":{"type":"MultiPolygon","coordinates":[[[[656500.14,1612337.44],[656504.89,1612314.13],[656525.54,1612316.54],[656521.84,1612342.49],[656506.83,1612341.35],[656507.03,1612337.84],[656500.14,1612337.44]]]]}},{"type":"Feature","properties":{"building":"yes","height":6,"heightSource":"default"},"geometry":{"type":"MultiPolygon","coordinates":[[[[656498.35,1612397.46],[656504.6,1612359.59],[656518.72,1612360.73],[656513.17,1612399.14],[656498.35,1612397.46]]]]}},{"type":"Feature","properties":{"building":"hotel","height":6,"heightSource":"default"},"geometry":{"type":"MultiPolygon","coordinates":[[[[656422.67,1612489.23],[656421.96,1612471.18],[656455.27,1612469.25],[656456.15,1612488.28],[656422.67,1612489.23]]]]}},{"type":"Feature","properties":{"building":"hotel","height":6,"heightSource":"default"},"geometry":{"type":"MultiPolygon","coordinates":[[[[656421.5,1612463.56],[656421.55,1612456.12],[656455.71,1612453.69],[656455.49,1612460.81],[656421.5,1612463.56]]]]}},{"type":"Feature","properties":{"building":"hotel","height":6,"heightSource":"default"},"geometry":{"type":"MultiPolygon","coordinates":[[[[656424.43,1612448.19],[656424.81,1612441.08],[656430.15,1612440.62],[656430.1,1612447.57],[656424.43,1612448.19]]]]}},{"type":"Feature","properties":{"building":"hotel","height":6,"heightSource":"default"},"geometry":{"type":"MultiPolygon","coordinates":[[[[656432.76,1612447.04],[656432.67,1612441.35],[656437.85,1612440.82],[656437.81,1612446.52],[656432.76,1612447.04]]]]}},{"type":"Feature","properties":{"building":"hotel","height":6,"heightSource":"default"},"geometry":{"type":"MultiPolygon","coordinates":[[[[656440.28,1612446.54],[656440.31,1612441.29],[656445.26,1612440.54],[656445.23,1612446.46],[656440.28,1612446.54]]]]}},{"type":"Feature","properties":{"building":"hotel","height":6,"heightSource":"default"},"geometry":{"type":"MultiPolygon","coordinates":[[[[656448.71,1612446.04],[656448.74,1612440.56],[656453.01,1612440.03],[656452.98,1612445.61],[656448.71,1612446.04]]]]}},{"type":"Feature","properties":{"building":"hotel","height":6,"heightSource":"default"},"geometry":{"type":"MultiPolygon","coordinates":[[[[656413.26,1612439.44],[656412.52,1612431.4],[656453.41,1612431.11],[656454.04,1612438.59],[656413.26,1612439.44]]]]}},{"type":"Feature","properties":{"building":"hotel","height":6,"heightSource":"default"},"geometry":{"type":"MultiPolygon","coordinates":[[[[656466.81,1612461.33],[656466.86,1612454.07],[656494.49,1612452.8],[656494.65,1612445.88],[656501.74,1612445.37],[656501.53,1612459.21],[656466.81,1612461.33]]]]}},{"type":"Feature","properties":{"building":"hotel","height":6,"heightSource":"default"},"geometry":{"type":"MultiPolygon","coordinates":[[[[656466.45,1612446.37],[656465.98,1612433.19],[656498.9,1612432.39],[656499.82,1612444.68],[656466.45,1612446.37]]]]}},{"type":"Feature","properties":{"building":"office","height":6,"heightSource":"default"},"geometry":{"type":"MultiPolygon","coordinates":[[[[656484.5,1612487.57],[656483.73,1612468.02],[656497.1,1612467.21],[656497.98,1612487.65],[656484.5,1612487.57]]]]}},{"type":"Feature","properties":{"building":"yes","height":6,"heightSource":"default"},"geometry":{"type":"MultiPolygon","coordinates":[[[[656589.52,1612647.91],[656590.2,1612628.48],[656593.19,1612628.47],[656605.85,1612628.39],[656605.34,1612648.2],[656589.52,1612647.91]]]]}},{"type":"Feature","properties":{"building":"yes","height":6,"heightSource":"default"},"geometry":{"type":"MultiPolygon","coordinates":[[[[656593.19,1612628.47],[656593.46,1612612.21],[656606.14,1612611.92],[656605.85,1612628.39],[656593.19,1612628.47]]]]}},{"type":"Feature","properties":{"building":"college","height":6,"heightSource":"default"},"geometry":{"type":"MultiPolygon","coordinates":[[[[656587.08,1613143.55],[656576.45,1613112.92],[656596.68,1613104.49],[656608.04,1613136.84],[656587.08,1613143.55]]]]}},{"type":"Feature","properties":{"building":"college","height":6,"heightSource":"default"},"geometry":{"type":"MultiPolygon","coordinates":[[[[656587.04,1613149.91],[656596.37,1613189.47],[656616.65,1613184.28],[656607.01,1613144.41],[656587.04,1613149.91]]]]}},{"type":"Feature","properties":{"building":"college","height":6,"heightSource":"default"},"geometry":{"type":"MultiPolygon","coordinates":[[[[656605.13,1613090.85],[656602.77,1613075.68],[656731.86,1613053.51],[656735.24,1613069.23],[656605.13,1613090.85]]]]}},{"type":"Feature","properties":{"building":"college","height":6,"heightSource":"default"},"geometry":{"type":"MultiPolygon","coordinates":[[[[656623.79,1613178.17],[656620.17,1613161.91],[656630.77,1613158.84],[656634.94,1613175.84],[656623.79,1613178.17]]]]}},{"type":"Feature","properties":{"building":"college","height":6,"heightSource":"default"},"geometry":{"type":"MultiPolygon","coordinates":[[[[656635.67,1613178.25],[656634.94,1613175.84],[656632.45,1613159.41],[656676.89,1613149.36],[656679.05,1613157.49],[656685.57,1613156.61],[656687.26,1613166.19],[656635.67,1613178.25]]]]}},{"type":"Feature","properties":{"building":"hospital","height":3.2,"heightSource":"inferred"},"geometry":{"type":"MultiPolygon","coordinates":[[[[656295.9,1612924.48],[656294.52,1612920.09],[656312.32,1612914.43],[656313.69,1612919.14],[656295.9,1612924.48]]]]}},{"type":"Feature","properties":{"building":"yes","height":6,"heightSource":"default"},"geometry":{"type":"MultiPolygon","coordinates":[[[[656791.13,1613044.72],[656790.33,1613042.47],[656800.3,1613023.16],[656816.67,1613031.22],[656815.41,1613034.48],[656791.13,1613044.72]]]]}},{"type":"Feature","properties":{"building":"yes","height":6,"heightSource":"default"},"geometry":{"type":"MultiPolygon","coordinates":[[[[657980.45,1610664.66],[657986.08,1610653.45],[657996.03,1610650.74],[658007.12,1610656.34],[658010.43,1610667.22],[658004.79,1610677.64],[657994.05,1610681.13],[657982.57,1610675.53],[657980.45,1610664.66]]]]}},{"type":"Feature","properties":{"building":"yes","height":6,"heightSource":"default"},"geometry":{"type":"MultiPolygon","coordinates":[[[[658072.72,1610712.63],[658068.6,1610704.7],[658073.98,1610701.59],[658075.8,1610696.66],[658073.06,1610688.95],[658080.45,1610685.04],[658085.56,1610691.79],[658100.11,1610684.97],[658105.9,1610696.15],[658092.4,1610705.89],[658093.53,1610714.49],[658088.24,1610716.55],[658084.63,1610713.76],[658080.65,1610710.97],[658077.07,1610710.8],[658072.72,1610712.63]]]]}},{"type":"Feature","properties":{"building":"yes","height":6,"heightSource":"default"},"geometry":{"type":"MultiPolygon","coordinates":[[[[658226.1,1610830.57],[658227.32,1610832.59],[658231.79,1610840.03],[658237.91,1610836.37],[658232.56,1610826.92],[658226.1,1610830.57]]]]}},{"type":"Feature","properties":{"building":"roof","height":6,"heightSource":"default"},"geometry":{"type":"MultiPolygon","coordinates":[[[[658160.88,1610788.03],[658149.07,1610744.36],[658169.64,1610738.34],[658182,1610782.86],[658160.88,1610788.03]]]]}},{"type":"Feature","properties":{"building":"yes","height":6,"heightSource":"default"},"geometry":{"type":"MultiPolygon","coordinates":[[[[658119.82,1610827.06],[658117.77,1610812.31],[658138.23,1610808.66],[658140.77,1610823.92],[658119.82,1610827.06]]]]}},{"type":"Feature","properties":{"building":"yes","height":6,"heightSource":"default"},"geometry":{"type":"MultiPolygon","coordinates":[[[[657969.6,1610851.27],[657966.52,1610835.21],[657984.03,1610831.89],[657983.53,1610827.79],[657991.77,1610826.12],[657994.7,1610838.72],[657988.51,1610840.09],[657989.89,1610846.4],[657992.58,1610848.14],[657989.72,1610850.33],[657987.19,1610848.89],[657969.6,1610851.27]]]]}},{"type":"Feature","properties":{"building":"yes","height":6,"heightSource":"default"},"geometry":{"type":"MultiPolygon","coordinates":[[[[658000.83,1610844.73],[657996.82,1610827.88],[658012.36,1610823.58],[658017.16,1610841.54],[658000.83,1610844.73]]]]}},{"type":"Feature","properties":{"building":"office","height":6,"heightSource":"default"},"geometry":{"type":"MultiPolygon","coordinates":[[[[657661.71,1610841.98],[657661.2,1610810.56],[657681.45,1610809.81],[657681.6,1610841.57],[657661.71,1610841.98]]]]}},{"type":"Feature","properties":{"building":"yes","height":6,"heightSource":"default"},"geometry":{"type":"MultiPolygon","coordinates":[[[[658013.9,1611471.89],[658014.55,1611461.33],[658037.99,1611462.49],[658037.34,1611473.35],[658013.9,1611471.89]]]]}},{"type":"Feature","properties":{"building":"yes","height":6,"heightSource":"default"},"geometry":{"type":"MultiPolygon","coordinates":[[[[658015.12,1611439.63],[658020.55,1611411.59],[658054.16,1611416.57],[658053.25,1611421.92],[658055.73,1611421.94],[658053,1611439.58],[658050.96,1611438.41],[658050.04,1611445.5],[658015.12,1611439.63]]]]}},{"type":"Feature","properties":{"building":"yes","height":6,"heightSource":"default"},"geometry":{"type":"MultiPolygon","coordinates":[[[[658017.8,1611385.94],[658023.98,1611354.14],[658055.4,1611359.56],[658049.38,1611391.36],[658017.8,1611385.94]]]]}},{"type":"Feature","properties":{"building":"industrial","height":6,"heightSource":"default"},"geometry":{"type":"MultiPolygon","coordinates":[[[[656813.79,1612196.36],[656806.07,1612155.09],[656888.59,1612139.08],[656897.09,1612137.44],[656907.35,1612135.45],[656904.28,1612116.72],[656927.28,1612112.42],[656927.26,1612115.27],[656930.77,1612114.98],[656932.93,1612127.05],[656929.73,1612127.66],[656933.43,1612149.56],[656901.77,1612159.51],[656857,1612176.03],[656813.79,1612196.36]]]]}},{"type":"Feature","properties":{"building":"retail","height":6,"heightSource":"default"},"geometry":{"type":"MultiPolygon","coordinates":[[[[656853.49,1612125.94],[656855.7,1612106.11],[656896.1,1612110.65],[656893.89,1612130.17],[656889.61,1612129.72],[656853.49,1612125.94]]]]}},{"type":"Feature","properties":{"building":"yes","height":6,"heightSource":"default"},"geometry":{"type":"MultiPolygon","coordinates":[[[[656888.59,1612139.08],[656889.61,1612129.72],[656893.89,1612130.17],[656896.1,1612110.65],[656908.68,1612111.94],[656908.09,1612114.28],[656902.67,1612116.56],[656897.09,1612137.44],[656888.59,1612139.08]]]]}},{"type":"Feature","properties":{"building":"retail","height":6,"heightSource":"default"},"geometry":{"type":"MultiPolygon","coordinates":[[[[656632.1,1612097.52],[656632.19,1612084.95],[656671.57,1612086.28],[656671.12,1612099.57],[656632.1,1612097.52]]]]}},{"type":"Feature","properties":{"building":"yes","height":6,"heightSource":"default"},"geometry":{"type":"MultiPolygon","coordinates":[[[[657451.63,1612470.87],[657439.42,1612441.54],[657451,1612434.73],[657466.33,1612430.52],[657464.91,1612426.79],[657479.94,1612420.86],[657479.68,1612418.27],[657498.18,1612412.66],[657507.78,1612445.99],[657501.41,1612448.82],[657506.5,1612465.2],[657500.42,1612468.32],[657496.68,1612467.43],[657491.31,1612450.19],[657474.83,1612454.39],[657477.36,1612464.15],[657451.63,1612470.87]]]]}},{"type":"Feature","properties":{"building":"yes","height":6,"heightSource":"default"},"geometry":{"type":"MultiPolygon","coordinates":[[[[657379.81,1612500.73],[657439.75,1612479.11],[657427.54,1612447.38],[657373.51,1612483.42],[657379.81,1612500.73]]]]}},{"type":"Feature","properties":{"building":"retail","height":6,"heightSource":"default"},"geometry":{"type":"MultiPolygon","coordinates":[[[[657279.95,1612521.06],[657281.08,1612506.06],[657311.15,1612497.61],[657313.74,1612511],[657279.95,1612521.06]]]]}},{"type":"Feature","properties":{"building":"yes","height":6,"heightSource":"default"},"geometry":{"type":"MultiPolygon","coordinates":[[[[657173.42,1612563.1],[657170.61,1612506.69],[657188.11,1612505.49],[657190.41,1612561.89],[657173.42,1612563.1]]]]}},{"type":"Feature","properties":{"building":"yes","height":6,"heightSource":"default"},"geometry":{"type":"MultiPolygon","coordinates":[[[[657210.94,1612544.11],[657207.63,1612522.74],[657224.36,1612519.16],[657228.21,1612540.53],[657210.94,1612544.11]]]]}},{"type":"Feature","properties":{"building":"yes","height":6,"heightSource":"default"},"geometry":{"type":"MultiPolygon","coordinates":[[[[656093.93,1613159.22],[656110.59,1613142.33],[656119.48,1613150.32],[656102.06,1613166.66],[656093.93,1613159.22]]]]}},{"type":"Feature","properties":{"building":"retail","height":6,"heightSource":"default"},"geometry":{"type":"MultiPolygon","coordinates":[[[[656139.44,1613485.74],[656139.52,1613472.88],[656192.42,1613475.26],[656195.63,1613478.21],[656197.92,1613489.03],[656139.44,1613485.74]]]]}},{"type":"Feature","properties":{"building":"yes","height":6,"heightSource":"default"},"geometry":{"type":"MultiPolygon","coordinates":[[[[655851.31,1613353.66],[655851.53,1613350.72],[655854.51,1613347.41],[655859.05,1613347.44],[655862.38,1613350.79],[655862.16,1613354.7],[655859.38,1613357.24],[655854.06,1613357.21],[655851.31,1613353.66]]]]}},{"type":"Feature","properties":{"building":"school","height":6,"heightSource":"default"},"geometry":{"type":"MultiPolygon","coordinates":[[[[655878.79,1613441.5],[655880.29,1613422.1],[655961.58,1613426.14],[655960.67,1613445.55],[655878.79,1613441.5]]]]}},{"type":"Feature","properties":{"building":"school","height":6,"heightSource":"default"},"geometry":{"type":"MultiPolygon","coordinates":[[[[655937.32,1613422.86],[655938.39,1613409.32],[655975.69,1613410.54],[655975.01,1613424.66],[655937.32,1613422.86]]]]}},{"type":"Feature","properties":{"building":"construction","height":6,"heightSource":"default"},"geometry":{"type":"MultiPolygon","coordinates":[[[[655867.28,1613326.69],[655870.33,1613312.98],[655919.01,1613322.32],[655916.17,1613335.44],[655867.28,1613326.69]]]]}},{"type":"Feature","properties":{"building":"yes","height":6,"heightSource":"default"},"geometry":{"type":"MultiPolygon","coordinates":[[[[657128.11,1613824.8],[657135.86,1613789.07],[657190.8,1613800.03],[657185.43,1613835],[657128.11,1613824.8]]]]}},{"type":"Feature","properties":{"building":"yes","height":6,"heightSource":"default"},"geometry":{"type":"MultiPolygon","coordinates":[[[[657203.47,1613773.45],[657213.36,1613720.66],[657249.84,1613726.02],[657240.67,1613779.53],[657203.47,1613773.45]]]]}},{"type":"Feature","properties":{"building":"school","height":6,"heightSource":"default"},"geometry":{"type":"MultiPolygon","coordinates":[[[[657493.4,1614632.92],[657502.85,1614632.09],[657502.63,1614624.28],[657518.35,1614622.48],[657518.61,1614625.19],[657527.27,1614624.7],[657527.29,1614622.01],[657543.84,1614620.5],[657543.78,1614629.93],[657556.25,1614628.92],[657555.32,1614603.88],[657542.58,1614605.14],[657542.56,1614608.91],[657502.15,1614612.16],[657501.92,1614607.03],[657491.45,1614608.06],[657493.4,1614632.92]]]]}},{"type":"Feature","properties":{"building":"school","height":6,"heightSource":"default"},"geometry":{"type":"MultiPolygon","coordinates":[[[[657505.28,1614665.42],[657504.09,1614639.76],[657544.35,1614636.14],[657546.39,1614662.31],[657505.28,1614665.42]]]]}},{"type":"Feature","properties":{"building":"yes","height":6,"heightSource":"default"},"geometry":{"type":"MultiPolygon","coordinates":[[[[657212.06,1616314.08],[657221.73,1616294.41],[657250.56,1616306.83],[657240.63,1616326.75],[657212.06,1616314.08]]]]}},{"type":"Feature","properties":{"building":"yes","height":6,"heightSource":"default"},"geometry":{"type":"MultiPolygon","coordinates":[[[[657188.24,1616372.3],[657191.91,1616364.74],[657210.21,1616374.24],[657206.52,1616381.26],[657188.24,1616372.3]]]]}},{"type":"Feature","properties":{"building":"ruins","height":6,"heightSource":"default"},"geometry":{"type":"MultiPolygon","coordinates":[[[[657187.78,1616385.48],[657190.54,1616380.62],[657203.05,1616385.93],[657200.83,1616390.97],[657187.78,1616385.48]]]]}},{"type":"Feature","properties":{"building":"yes","height":6,"heightSource":"default"},"geometry":{"type":"MultiPolygon","coordinates":[[[[657181.62,1616381.82],[657183.28,1616378.58],[657186.73,1616379.69],[657185.26,1616382.93],[657181.62,1616381.82]]]]}},{"type":"Feature","properties":{"building":"yes","height":6,"heightSource":"default"},"geometry":{"type":"MultiPolygon","coordinates":[[[[657209.35,1616365.75],[657218.93,1616345.22],[657228.35,1616349.44],[657218.24,1616369.06],[657209.35,1616365.75]]]]}},{"type":"Feature","properties":{"building":"yes","height":6,"heightSource":"default"},"geometry":{"type":"MultiPolygon","coordinates":[[[[657285.88,1616333.3],[657292.82,1616317.56],[657298.76,1616319.57],[657296.96,1616325.92],[657339,1616343.07],[657342.58,1616336.3],[657352.03,1616340.09],[657344.87,1616356.49],[657319.99,1616347.12],[657318.44,1616349.3],[657310.51,1616346.4],[657312.08,1616343.12],[657285.88,1616333.3]]]]}},{"type":"Feature","properties":{"building":"yes","height":6,"heightSource":"default"},"geometry":{"type":"MultiPolygon","coordinates":[[[[657468.98,1616392.55],[657471.12,1616387.77],[657476.25,1616389.56],[657474.13,1616394.66],[657468.98,1616392.55]]]]}},{"type":"Feature","properties":{"building":"house","height":6,"heightSource":"default"},"geometry":{"type":"MultiPolygon","coordinates":[[[[657393.56,1616365.5],[657398.17,1616355.46],[657406.33,1616358.86],[657402.23,1616369.04],[657393.56,1616365.5]]]]}},{"type":"Feature","properties":{"building":"house","height":6,"heightSource":"default"},"geometry":{"type":"MultiPolygon","coordinates":[[[[657406.51,1616370.23],[657409.96,1616361.21],[657423.18,1616365.42],[657419.74,1616374.57],[657406.51,1616370.23]]]]}},{"type":"Feature","properties":{"building":"yes","height":6,"heightSource":"default"},"geometry":{"type":"MultiPolygon","coordinates":[[[[657194.4,1616343.47],[657196.54,1616338.49],[657200.38,1616339.79],[657198.37,1616344.89],[657194.4,1616343.47]]]]}},{"type":"Feature","properties":{"building":"yes","height":6,"heightSource":"default"},"geometry":{"type":"MultiPolygon","coordinates":[[[[657190.14,1616353.2],[657191.79,1616349.96],[657194.94,1616350.91],[657193.63,1616354.15],[657190.14,1616353.2]]]]}},{"type":"Feature","properties":{"building":"commercial","height":6,"heightSource":"default"},"geometry":{"type":"MultiPolygon","coordinates":[[[[655574.52,1613822.46],[655579.61,1613795.69],[655588.47,1613797.22],[655583.74,1613824.35],[655574.52,1613822.46]]]]}},{"type":"Feature","properties":{"building":"commercial","height":6,"heightSource":"default"},"geometry":{"type":"MultiPolygon","coordinates":[[[[655584.85,1613824.12],[655588.43,1613803.83],[655599.01,1613805.73],[655595.3,1613826.14],[655584.85,1613824.12]]]]}},{"type":"Feature","properties":{"building":"commercial","height":6,"heightSource":"default"},"geometry":{"type":"MultiPolygon","coordinates":[[[[655596.9,1613827],[655598.43,1613818.33],[655614.05,1613820.63],[655612.65,1613829.68],[655596.9,1613827]]]]}},{"type":"Feature","properties":{"building":"commercial","height":6,"heightSource":"default"},"geometry":{"type":"MultiPolygon","coordinates":[[[[655553.07,1614327.29],[655557.28,1614305.5],[655574.92,1614308.56],[655571.39,1614330.32],[655553.07,1614327.29]]]]}},{"type":"Feature","properties":{"building":"commercial","height":6,"heightSource":"default"},"geometry":{"type":"MultiPolygon","coordinates":[[[[655535.3,1614368.5],[655542.11,1614336.95],[655562.79,1614340.64],[655556.33,1614373.41],[655535.3,1614368.5]]]]}},{"type":"Feature","properties":{"building":"yes","height":6,"heightSource":"default"},"geometry":{"type":"MultiPolygon","coordinates":[[[[655573.62,1614330.38],[655577.83,1614308.38],[655618.41,1614313.92],[655615.32,1614336.27],[655573.62,1614330.38]]]]}},{"type":"Feature","properties":{"building":"yes","height":6,"heightSource":"default"},"geometry":{"type":"MultiPolygon","coordinates":[[[[655621.43,1614336.08],[655624.49,1614317.33],[655647,1614319.61],[655644.49,1614339.15],[655621.43,1614336.08]]]]}},{"type":"Feature","properties":{"building":"commercial","height":6,"heightSource":"default"},"geometry":{"type":"MultiPolygon","coordinates":[[[[655559.65,1614304.66],[655564.61,1614270.18],[655579.42,1614271.74],[655575.35,1614307.02],[655559.65,1614304.66]]]]}},{"type":"Feature","properties":{"building":"commercial","height":6,"heightSource":"default"},"geometry":{"type":"MultiPolygon","coordinates":[[[[655481.14,1614312.23],[655486.8,1614314.61],[655493.92,1614309.02],[655519.32,1614253.76],[655504.45,1614251.56],[655481.94,1614299.08],[655481.14,1614312.23]]]]}},{"type":"Feature","properties":{"building":"roof","height":6,"heightSource":"default"},"geometry":{"type":"MultiPolygon","coordinates":[[[[655600.94,1614285.14],[655601.23,1614280.56],[655624.02,1614282.4],[655623.85,1614286.82],[655600.94,1614285.14]]]]}},{"type":"Feature","properties":{"building":"commercial","height":6,"heightSource":"default"},"geometry":{"type":"MultiPolygon","coordinates":[[[[655571.98,1614257.37],[655572.99,1614243.62],[655592.26,1614246],[655591.15,1614259.19],[655571.98,1614257.37]]]]}},{"type":"Feature","properties":{"building":"commercial","height":6,"heightSource":"default"},"geometry":{"type":"MultiPolygon","coordinates":[[[[655573.05,1614233.25],[655574.96,1614201.12],[655596.96,1614202.28],[655595.73,1614234.51],[655573.05,1614233.25]]]]}},{"type":"Feature","properties":{"building":"commercial","height":6,"heightSource":"default"},"geometry":{"type":"MultiPolygon","coordinates":[[[[655595.73,1614234.51],[655596.96,1614202.28],[655619.64,1614203.77],[655617.51,1614236.58],[655595.73,1614234.51]]]]}},{"type":"Feature","properties":{"building":"yes","height":6,"heightSource":"default"},"geometry":{"type":"MultiPolygon","coordinates":[[[[655592.9,1614136.7],[655594.18,1614125.11],[655599.3,1614125.68],[655600.09,1614122.32],[655606.09,1614122.9],[655605.23,1614137.98],[655592.9,1614136.7]]]]}},{"type":"Feature","properties":{"building":"yes","height":6,"heightSource":"default"},"geometry":{"type":"MultiPolygon","coordinates":[[[[655593.89,1614118.38],[655595.06,1614107.1],[655592.44,1614107.08],[655593.45,1614101.89],[655607.2,1614102.52],[655606.62,1614108.48],[655608.04,1614108.27],[655606.64,1614121.82],[655600.42,1614121.24],[655600.44,1614118.75],[655593.89,1614118.38]]]]}},{"type":"Feature","properties":{"building":"office","height":6,"heightSource":"default"},"geometry":{"type":"MultiPolygon","coordinates":[[[[655713.45,1613823.44],[655715.2,1613815.73],[655738.28,1613819.83],[655736.72,1613828.29],[655713.45,1613823.44]]]]}},{"type":"Feature","properties":{"building":"roof","height":6,"heightSource":"default"},"geometry":{"type":"MultiPolygon","coordinates":[[[[655715.2,1613815.73],[655716.38,1613810.72],[655739.21,1613815.05],[655738.28,1613819.83],[655715.2,1613815.73]]]]}},{"type":"Feature","properties":{"building":"yes","height":6,"heightSource":"default"},"geometry":{"type":"MultiPolygon","coordinates":[[[[655714.08,1613775.02],[655714.86,1613769.17],[655723.95,1613746.62],[655746.35,1613750.22],[655739.96,1613780.11],[655714.08,1613775.02]]]]}},{"type":"Feature","properties":{"building":"yes","height":6,"heightSource":"default"},"geometry":{"type":"MultiPolygon","coordinates":[[[[655705.78,1613755.2],[655710.11,1613737.43],[655722.94,1613739.92],[655718.51,1613757.68],[655705.78,1613755.2]]]]}},{"type":"Feature","properties":{"building":"dormitory","height":6,"heightSource":"default"},"geometry":{"type":"MultiPolygon","coordinates":[[[[655740.11,1613716.77],[655746.89,1613690.24],[655765.98,1613694.43],[655758.86,1613721.41],[655740.11,1613716.77]]]]}},{"type":"Feature","properties":{"building":"yes","height":6,"heightSource":"default"},"geometry":{"type":"MultiPolygon","coordinates":[[[[655570.06,1613698.38],[655586.59,1613701.93],[655587.81,1613699.09],[655644.74,1613714.86],[655657.06,1613694.46],[655580.02,1613669.28],[655570.06,1613698.38]]]]}},{"type":"Feature","properties":{"building":"yes","height":6,"heightSource":"default"},"geometry":{"type":"MultiPolygon","coordinates":[[[[655600.89,1613725.2],[655603.97,1613713.1],[655633.73,1613719.88],[655631.1,1613730.62],[655600.89,1613725.2]]]]}},{"type":"Feature","properties":{"building":"hospital","height":6,"heightSource":"default"},"geometry":{"type":"MultiPolygon","coordinates":[[[[656383.2,1613046.3],[656388.59,1613049.43],[656407.59,1613025.45],[656401.62,1613021],[656383.2,1613046.3]]]]}},{"type":"Feature","properties":{"building":"roof","height":6,"heightSource":"default"},"geometry":{"type":"MultiPolygon","coordinates":[[[[656417.32,1612895.59],[656414.95,1612888.01],[656432.41,1612881.43],[656434.89,1612888.96],[656417.32,1612895.59]]]]}},{"type":"Feature","properties":{"building":"roof","height":6,"heightSource":"default"},"geometry":{"type":"MultiPolygon","coordinates":[[[[656470.05,1612861.67],[656456.25,1612866.63],[656452.95,1612856.59],[656466.38,1612851.82],[656470.05,1612861.67]]]]}},{"type":"Feature","properties":{"building":"roof","height":6,"heightSource":"default"},"geometry":{"type":"MultiPolygon","coordinates":[[[[656373.69,1612919.27],[656370.49,1612910.14],[656386.07,1612903.36],[656389.92,1612913.57],[656373.69,1612919.27]]]]}},{"type":"Feature","properties":{"building":"yes","height":6,"heightSource":"default"},"geometry":{"type":"MultiPolygon","coordinates":[[[[658743.01,1609815.7],[658768.39,1609818.41],[658769.74,1609806.88],[658744.24,1609803.92],[658743.01,1609815.7]]]]}},{"type":"Feature","properties":{"building":"yes","height":6,"heightSource":"default"},"geometry":{"type":"MultiPolygon","coordinates":[[[[658747.97,1609758.42],[658749.73,1609743.59],[658779.44,1609746.71],[658778.07,1609761.53],[658747.97,1609758.42]]]]}},{"type":"Feature","properties":{"building":"yes","height":6,"heightSource":"default"},"geometry":{"type":"MultiPolygon","coordinates":[[[[655781.03,1612773.44],[655779.11,1612752.09],[655810.05,1612748.87],[655812.67,1612769.89],[655781.03,1612773.44]]]]}},{"type":"Feature","properties":{"building":"yes","height":6,"heightSource":"default"},"geometry":{"type":"MultiPolygon","coordinates":[[[[655793.88,1612810.54],[655792.5,1612800.32],[655816.88,1612796.9],[655818.46,1612807.32],[655793.88,1612810.54]]]]}},{"type":"Feature","properties":{"building":"yes","height":6,"heightSource":"default"},"geometry":{"type":"MultiPolygon","coordinates":[[[[654307.41,1607871.24],[654336.01,1607842.88],[654342.07,1607848.92],[654350.32,1607840.74],[654357.82,1607848.21],[654350.87,1607855.1],[654356.16,1607860.38],[654326.26,1607890.01],[654307.41,1607871.24]]]]}},{"type":"Feature","properties":{"building":"yes","height":6,"heightSource":"default"},"geometry":{"type":"MultiPolygon","coordinates":[[[[654238.98,1607747.46],[654249,1607740.81],[654253.62,1607747.67],[654243.6,1607754.34],[654238.98,1607747.46]]]]}},{"type":"Feature","properties":{"building":"yes","height":6,"heightSource":"default"},"geometry":{"type":"MultiPolygon","coordinates":[[[[654225.92,1607766.16],[654235.94,1607759.51],[654240.56,1607766.38],[654230.54,1607773.04],[654225.92,1607766.16]]]]}},{"type":"Feature","properties":{"building":"yes","height":6,"heightSource":"default"},"geometry":{"type":"MultiPolygon","coordinates":[[[[654212.32,1607783.15],[654222.34,1607776.49],[654226.96,1607783.36],[654216.94,1607790.02],[654212.32,1607783.15]]]]}},{"type":"Feature","properties":{"building":"yes","height":6,"heightSource":"default"},"geometry":{"type":"MultiPolygon","coordinates":[[[[654191.29,1607779.52],[654202.01,1607774.01],[654205.83,1607781.35],[654195.13,1607786.87],[654191.29,1607779.52]]]]}},{"type":"Feature","properties":{"building":"yes","height":6,"heightSource":"default"},"geometry":{"type":"MultiPolygon","coordinates":[[[[654179.16,1607797.49],[654189.87,1607791.98],[654193.69,1607799.32],[654182.99,1607804.83],[654179.16,1607797.49]]]]}},{"type":"Feature","properties":{"building":"yes","height":6,"heightSource":"default"},"geometry":{"type":"MultiPolygon","coordinates":[[[[654166.55,1607814.47],[654177.25,1607808.96],[654181.08,1607816.3],[654170.37,1607821.82],[654166.55,1607814.47]]]]}},{"type":"Feature","properties":{"building":"yes","height":6,"heightSource":"default"},"geometry":{"type":"MultiPolygon","coordinates":[[[[654213.63,1607851.96],[654228.12,1607837.74],[654247.32,1607857.05],[654232.82,1607871.28],[654213.63,1607851.96]]]]}},{"type":"Feature","properties":{"building":"yes","height":6,"heightSource":"default"},"geometry":{"type":"MultiPolygon","coordinates":[[[[654253.03,1607728.08],[654263.91,1607722.89],[654267.5,1607730.35],[654256.63,1607735.52],[654253.03,1607728.08]]]]}},{"type":"Feature","properties":{"building":"yes","height":6,"heightSource":"default"},"geometry":{"type":"MultiPolygon","coordinates":[[[[654266.13,1607710.35],[654277,1607705.17],[654280.6,1607712.63],[654269.73,1607717.8],[654266.13,1607710.35]]]]}},{"type":"Feature","properties":{"building":"yes","height":6,"heightSource":"default"},"geometry":{"type":"MultiPolygon","coordinates":[[[[654244.86,1607706.86],[654255.73,1607701.69],[654259.33,1607709.13],[654248.45,1607714.32],[654244.86,1607706.86]]]]}},{"type":"Feature","properties":{"building":"yes","height":6,"heightSource":"default"},"geometry":{"type":"MultiPolygon","coordinates":[[[[654229.67,1607725.61],[654240.55,1607720.42],[654244.14,1607727.88],[654233.27,1607733.06],[654229.67,1607725.61]]]]}},{"type":"Feature","properties":{"building":"yes","height":6,"heightSource":"default"},"geometry":{"type":"MultiPolygon","coordinates":[[[[654217.37,1607742.56],[654228.24,1607737.38],[654231.84,1607744.83],[654220.96,1607750.01],[654217.37,1607742.56]]]]}},{"type":"Feature","properties":{"building":"yes","height":6,"heightSource":"default"},"geometry":{"type":"MultiPolygon","coordinates":[[[[654203.74,1607761.83],[654214.62,1607756.65],[654218.21,1607764.1],[654207.34,1607769.28],[654203.74,1607761.83]]]]}},{"type":"Feature","properties":{"building":"yes","height":6,"heightSource":"default"},"geometry":{"type":"MultiPolygon","coordinates":[[[[654256.91,1607689.66],[654267.78,1607684.47],[654271.38,1607691.93],[654260.5,1607697.1],[654256.91,1607689.66]]]]}},{"type":"Feature","properties":{"building":"yes","height":6,"heightSource":"default"},"geometry":{"type":"MultiPolygon","coordinates":[[[[654272.87,1607670.39],[654283.74,1607665.22],[654287.34,1607672.66],[654276.46,1607677.85],[654272.87,1607670.39]]]]}},{"type":"Feature","properties":{"building":"yes","height":6,"heightSource":"default"},"geometry":{"type":"MultiPolygon","coordinates":[[[[654285.7,1607654.22],[654296.57,1607649.04],[654300.17,1607656.49],[654289.29,1607661.68],[654285.7,1607654.22]]]]}},{"type":"Feature","properties":{"building":"yes","height":6,"heightSource":"default"},"geometry":{"type":"MultiPolygon","coordinates":[[[[654301.2,1607667.22],[654312.06,1607662.04],[654315.67,1607669.49],[654304.8,1607674.68],[654301.2,1607667.22]]]]}},{"type":"Feature","properties":{"building":"yes","height":6,"heightSource":"default"},"geometry":{"type":"MultiPolygon","coordinates":[[[[654294.58,1607686.79],[654305.45,1607681.61],[654309.05,1607689.06],[654298.17,1607694.24],[654294.58,1607686.79]]]]}},{"type":"Feature","properties":{"building":"yes","height":6,"heightSource":"default"},"geometry":{"type":"MultiPolygon","coordinates":[[[[654278.95,1607693.92],[654289.82,1607688.73],[654293.42,1607696.19],[654282.56,1607701.37],[654278.95,1607693.92]]]]}},{"type":"Feature","properties":{"building":"yes","height":6,"heightSource":"default"},"geometry":{"type":"MultiPolygon","coordinates":[[[[654313.58,1607678.91],[654324.46,1607673.73],[654328.05,1607681.18],[654317.18,1607686.36],[654313.58,1607678.91]]]]}},{"type":"Feature","properties":{"building":"yes","height":6,"heightSource":"default"},"geometry":{"type":"MultiPolygon","coordinates":[[[[654325.37,1607691.93],[654335.59,1607685.57],[654340.01,1607692.57],[654329.79,1607698.93],[654325.37,1607691.93]]]]}},{"type":"Feature","properties":{"building":"yes","height":6,"heightSource":"default"},"geometry":{"type":"MultiPolygon","coordinates":[[[[654381.21,1607756.64],[654389.95,1607764.9],[654384.22,1607770.89],[654375.48,1607762.63],[654381.21,1607756.64]]]]}},{"type":"Feature","properties":{"building":"yes","height":6,"heightSource":"default"},"geometry":{"type":"MultiPolygon","coordinates":[[[[654445.58,1607769.47],[654453.5,1607778.51],[654447.23,1607783.94],[654439.31,1607774.89],[654445.58,1607769.47]]]]}},{"type":"Feature","properties":{"building":"retail","height":9.6,"heightSource":"inferred"},"geometry":{"type":"MultiPolygon","coordinates":[[[[656237.31,1613704.39],[656244.05,1613701.59],[656239.24,1613690.2],[656232.5,1613693],[656237.31,1613704.39]]]]}},{"type":"Feature","properties":{"building":"retail","height":9.6,"heightSource":"inferred"},"geometry":{"type":"MultiPolygon","coordinates":[[[[656239.24,1613690.2],[656244.05,1613701.59],[656245.36,1613704.46],[656253.58,1613700.98],[656247.45,1613686.73],[656239.24,1613690.2]]]]}},{"type":"Feature","properties":{"building":"yes","height":9.6,"heightSource":"inferred"},"geometry":{"type":"MultiPolygon","coordinates":[[[[656253.58,1613700.98],[656256.58,1613699.72],[656250.42,1613685.46],[656247.45,1613686.73],[656253.58,1613700.98]]]]}},{"type":"Feature","properties":{"building":"yes","height":9.6,"heightSource":"inferred"},"geometry":{"type":"MultiPolygon","coordinates":[[[[656256.58,1613699.72],[656261.57,1613697.59],[656255.4,1613683.36],[656250.42,1613685.46],[656256.58,1613699.72]]]]}},{"type":"Feature","properties":{"building":"apartments","height":6,"heightSource":"default"},"geometry":{"type":"MultiPolygon","coordinates":[[[[656257.96,1614064.99],[656294.17,1614059.67],[656292.66,1614049.58],[656256.45,1614054.88],[656257.96,1614064.99]]]]}},{"type":"Feature","properties":{"building":"yes","height":6,"heightSource":"default"},"geometry":{"type":"MultiPolygon","coordinates":[[[[656042.04,1613923.49],[656041.09,1613930.49],[656038.92,1613930.2],[656037.99,1613937.12],[656077.58,1613942.38],[656078.48,1613935.69],[656075.62,1613935.31],[656076.6,1613928.08],[656042.04,1613923.49]]]]}},{"type":"Feature","properties":{"building":"yes","height":6,"heightSource":"default"},"geometry":{"type":"MultiPolygon","coordinates":[[[[656186.66,1613684.05],[656211.34,1613674.25],[656185.72,1613610.56],[656165.31,1613618.66],[656183.13,1613662.92],[656178.84,1613664.62],[656186.66,1613684.05]]]]}},{"type":"Feature","properties":{"building":"retail","height":6,"heightSource":"default"},"geometry":{"type":"MultiPolygon","coordinates":[[[[656193.51,1613711.34],[656199.76,1613725.42],[656201.06,1613724.84],[656207.51,1613722.01],[656201.27,1613707.93],[656193.51,1613711.34]]]]}},{"type":"Feature","properties":{"building":"retail","height":6,"heightSource":"default"},"geometry":{"type":"MultiPolygon","coordinates":[[[[656252.3,1613738.57],[656264.39,1613733.38],[656260.51,1613724.43],[656248.42,1613729.62],[656252.3,1613738.57]]]]}},{"type":"Feature","properties":{"building":"retail","height":6,"heightSource":"default"},"geometry":{"type":"MultiPolygon","coordinates":[[[[656255.77,1613748.09],[656264.66,1613744.56],[656261.47,1613736.65],[656252.58,1613740.18],[656255.77,1613748.09]]]]}},{"type":"Feature","properties":{"building":"retail","height":6,"heightSource":"default"},"geometry":{"type":"MultiPolygon","coordinates":[[[[656317.82,1613763.4],[656333.57,1613756.83],[656329.97,1613748.22],[656314.15,1613754.83],[656317.82,1613763.4]]]]}},{"type":"Feature","properties":{"building":"retail","height":6,"heightSource":"default"},"geometry":{"type":"MultiPolygon","coordinates":[[[[656311.24,1613748.73],[656327.19,1613741.71],[656321.19,1613728.26],[656305.24,1613735.28],[656311.24,1613748.73]]]]}},{"type":"Feature","properties":{"building":"retail","height":6,"heightSource":"default"},"geometry":{"type":"MultiPolygon","coordinates":[[[[656315.66,1613690.15],[656330.39,1613673.03],[656309.62,1613666.26],[656306.25,1613670.67],[656315.66,1613690.15]]]]}},{"type":"Feature","properties":{"building":"retail","height":6,"heightSource":"default"},"geometry":{"type":"MultiPolygon","coordinates":[[[[656315.66,1613690.15],[656321.63,1613701.88],[656329.84,1613693.04],[656344.5,1613677.23],[656330.39,1613673.03],[656315.66,1613690.15]]]]}},{"type":"Feature","properties":{"building":"commercial","height":6,"heightSource":"default"},"geometry":{"type":"MultiPolygon","coordinates":[[[[656353.4,1613678.39],[656354.56,1613694.97],[656365.69,1613695.52],[656364.98,1613681.31],[656353.4,1613678.39]]]]}},{"type":"Feature","properties":{"building":"yes","height":6,"heightSource":"default"},"geometry":{"type":"MultiPolygon","coordinates":[[[[656216.6,1613952.65],[656216.06,1613972.19],[656231.68,1613969.11],[656232.21,1613952.75],[656216.6,1613952.65]]]]}},{"type":"Feature","properties":{"building":"yes","height":6,"heightSource":"default"},"geometry":{"type":"MultiPolygon","coordinates":[[[[656231.68,1613969.11],[656240.62,1613967.98],[656246.89,1613966.31],[656246.76,1613952.84],[656232.21,1613952.75],[656231.68,1613969.11]]]]}},{"type":"Feature","properties":{"building":"yes","height":6,"heightSource":"default"},"geometry":{"type":"MultiPolygon","coordinates":[[[[656257.64,1613955.89],[656258.49,1613961.7],[656256.48,1613962.79],[656258.17,1613976.31],[656263.18,1613976.9],[656282.38,1613973.26],[656279.93,1613955.3],[656257.64,1613955.89]]]]}},{"type":"Feature","properties":{"building":"commercial","height":6,"heightSource":"default"},"geometry":{"type":"MultiPolygon","coordinates":[[[[656330.39,1613926.35],[656336.94,1613953.96],[656352.06,1613950.41],[656345.51,1613922.81],[656330.39,1613926.35]]]]}},{"type":"Feature","properties":{"building":"yes","height":6,"heightSource":"default"},"geometry":{"type":"MultiPolygon","coordinates":[[[[656311.24,1613748.73],[656314.15,1613754.83],[656329.97,1613748.22],[656327.19,1613741.71],[656311.24,1613748.73]]]]}},{"type":"Feature","properties":{"building":"yes","height":6,"heightSource":"default"},"geometry":{"type":"MultiPolygon","coordinates":[[[[656253.18,1613705.91],[656255.79,1613711.67],[656266.57,1613706.82],[656263.95,1613701.08],[656253.18,1613705.91]]]]}},{"type":"Feature","properties":{"building":"yes","height":6,"heightSource":"default"},"geometry":{"type":"MultiPolygon","coordinates":[[[[656255.79,1613711.67],[656262.17,1613725.34],[656273.14,1613719.83],[656266.57,1613706.82],[656255.79,1613711.67]]]]}},{"type":"Feature","properties":{"building":"yes","height":6,"heightSource":"default"},"geometry":{"type":"MultiPolygon","coordinates":[[[[656265.37,1613699.09],[656269.68,1613708.91],[656278.46,1613705.11],[656274.16,1613695.29],[656265.37,1613699.09]]]]}},{"type":"Feature","properties":{"building":"yes","height":6,"heightSource":"default"},"geometry":{"type":"MultiPolygon","coordinates":[[[[656188.18,1613702.66],[656198.96,1613698.07],[656194.91,1613684.63],[656184.56,1613688.51],[656188.18,1613702.66]]]]}},{"type":"Feature","properties":{"building":"yes","height":6,"heightSource":"default"},"geometry":{"type":"MultiPolygon","coordinates":[[[[656208.4,1613677.93],[656212.42,1613687.16],[656210.8,1613687.86],[656212.51,1613691.76],[656219.43,1613688.78],[656213.69,1613675.65],[656208.4,1613677.93]]]]}},{"type":"Feature","properties":{"building":"yes","height":6,"heightSource":"default"},"geometry":{"type":"MultiPolygon","coordinates":[[[[656212.51,1613691.76],[656198.96,1613698.07],[656194.91,1613684.63],[656208.4,1613677.93],[656212.42,1613687.16],[656210.8,1613687.86],[656212.51,1613691.76]]]]}},{"type":"Feature","properties":{"building":"yes","height":6,"heightSource":"default"},"geometry":{"type":"MultiPolygon","coordinates":[[[[656101.79,1613784.34],[656100.67,1613803.76],[656118.37,1613804.76],[656119.48,1613785.34],[656101.79,1613784.34]]]]}},{"type":"Feature","properties":{"building":"yes","height":6,"heightSource":"default"},"geometry":{"type":"MultiPolygon","coordinates":[[[[656121.3,1613837.7],[656120.01,1613852.32],[656129.72,1613853.15],[656130.99,1613838.55],[656121.3,1613837.7]]]]}},{"type":"Feature","properties":{"building":"yes","height":6,"heightSource":"default"},"geometry":{"type":"MultiPolygon","coordinates":[[[[656124.02,1613837.01],[656141.55,1613836.26],[656140.92,1613821.89],[656123.39,1613822.65],[656124.02,1613837.01]]]]}},{"type":"Feature","properties":{"building":"yes","height":6,"heightSource":"default"},"geometry":{"type":"MultiPolygon","coordinates":[[[[656130.99,1613838.55],[656129.72,1613853.15],[656142.62,1613853.96],[656142.71,1613839.72],[656130.99,1613838.55]]]]}},{"type":"Feature","properties":{"building":"yes","height":6,"heightSource":"default"},"geometry":{"type":"MultiPolygon","coordinates":[[[[656142.62,1613853.96],[656152.53,1613855.12],[656153.02,1613838.32],[656142.72,1613837.52],[656142.71,1613839.72],[656142.62,1613853.96]]]]}},{"type":"Feature","properties":{"building":"yes","height":6,"heightSource":"default"},"geometry":{"type":"MultiPolygon","coordinates":[[[[656152.53,1613855.12],[656152.52,1613858.04],[656163.36,1613858.66],[656167.17,1613823.74],[656153.7,1613823.34],[656141.72,1613823.28],[656142.72,1613837.52],[656153.02,1613838.32],[656152.53,1613855.12]]]]}},{"type":"Feature","properties":{"building":"yes","height":6,"heightSource":"default"},"geometry":{"type":"MultiPolygon","coordinates":[[[[656125.1,1613808.69],[656125.02,1613820.71],[656139.65,1613820.79],[656139.68,1613816.97],[656139.72,1613808.77],[656137.81,1613808.76],[656130.74,1613808.73],[656125.1,1613808.69]]]]}},{"type":"Feature","properties":{"building":"yes","height":6,"heightSource":"default"},"geometry":{"type":"MultiPolygon","coordinates":[[[[656139.72,1613808.77],[656143.46,1613808.85],[656153.99,1613809.12],[656153.68,1613821.17],[656143.55,1613820.88],[656143.66,1613817.09],[656139.68,1613816.97],[656139.72,1613808.77]]]]}},{"type":"Feature","properties":{"building":"yes","height":6,"heightSource":"default"},"geometry":{"type":"MultiPolygon","coordinates":[[[[656125.1,1613808.69],[656130.74,1613808.73],[656130.96,1613795.53],[656125.18,1613795.44],[656125.1,1613808.69]]]]}},{"type":"Feature","properties":{"building":"yes","height":6,"heightSource":"default"},"geometry":{"type":"MultiPolygon","coordinates":[[[[656130.74,1613808.73],[656137.81,1613808.76],[656138.09,1613795.66],[656130.96,1613795.53],[656130.74,1613808.73]]]]}},{"type":"Feature","properties":{"building":"yes","height":6,"heightSource":"default"},"geometry":{"type":"MultiPolygon","coordinates":[[[[656137.81,1613808.76],[656139.72,1613808.77],[656143.46,1613808.85],[656143.73,1613795.81],[656138.09,1613795.66],[656137.81,1613808.76]]]]}},{"type":"Feature","properties":{"building":"yes","height":6,"heightSource":"default"},"geometry":{"type":"MultiPolygon","coordinates":[[[[656143.46,1613808.85],[656153.99,1613809.12],[656154.26,1613795.98],[656143.73,1613795.81],[656143.46,1613808.85]]]]}},{"type":"Feature","properties":{"building":"yes","height":6,"heightSource":"default"},"geometry":{"type":"MultiPolygon","coordinates":[[[[656167.17,1613823.74],[656167.99,1613796.12],[656154.26,1613795.98],[656153.99,1613809.12],[656153.7,1613823.34],[656167.17,1613823.74]]]]}},{"type":"Feature","properties":{"building":"yes","height":6,"heightSource":"default"},"geometry":{"type":"MultiPolygon","coordinates":[[[[656127.51,1613751.83],[656146.57,1613751.6],[656146.41,1613739.08],[656127.35,1613739.3],[656127.51,1613751.83]]]]}},{"type":"Feature","properties":{"building":"yes","height":6,"heightSource":"default"},"geometry":{"type":"MultiPolygon","coordinates":[[[[656104.12,1613736.89],[656118.48,1613736.98],[656118.34,1613721.53],[656102.82,1613720.27],[656104.12,1613736.89]]]]}},{"type":"Feature","properties":{"building":"yes","height":6,"heightSource":"default"},"geometry":{"type":"MultiPolygon","coordinates":[[[[656127.64,1613774.92],[656159.63,1613774.92],[656169.51,1613774.92],[656169.51,1613766.38],[656127.64,1613766.37],[656127.64,1613774.92]]]]}},{"type":"Feature","properties":{"building":"yes","height":6,"heightSource":"default"},"geometry":{"type":"MultiPolygon","coordinates":[[[[656127.64,1613774.92],[656127.83,1613788.41],[656159.54,1613788.19],[656159.63,1613774.92],[656127.64,1613774.92]]]]}},{"type":"Feature","properties":{"building":"yes","height":6,"heightSource":"default"},"geometry":{"type":"MultiPolygon","coordinates":[[[[656159.54,1613788.19],[656169.41,1613788.05],[656169.51,1613774.92],[656159.63,1613774.92],[656159.54,1613788.19]]]]}},{"type":"Feature","properties":{"building":"yes","height":6,"heightSource":"default"},"geometry":{"type":"MultiPolygon","coordinates":[[[[656104.51,1613748.83],[656117.29,1613748.72],[656117.2,1613739.01],[656104.42,1613739.11],[656104.51,1613748.83]]]]}},{"type":"Feature","properties":{"building":"yes","height":6,"heightSource":"default"},"geometry":{"type":"MultiPolygon","coordinates":[[[[656104.51,1613748.83],[656104.6,1613758.45],[656117.32,1613758.45],[656117.29,1613748.72],[656104.51,1613748.83]]]]}},{"type":"Feature","properties":{"building":"yes","height":6,"heightSource":"default"},"geometry":{"type":"MultiPolygon","coordinates":[[[[656095.25,1613744.11],[656095.69,1613754.54],[656097.87,1613754.45],[656097.96,1613756.42],[656103.46,1613756.2],[656102.95,1613743.79],[656095.25,1613744.11]]]]}},{"type":"Feature","properties":{"building":"yes","height":6,"heightSource":"default"},"geometry":{"type":"MultiPolygon","coordinates":[[[[655653.16,1614140.14],[655664.61,1614139.66],[655665.04,1614149.53],[655759.15,1614145.63],[655758.75,1614136.12],[655764.55,1614135.88],[655763.06,1614100.58],[655757.45,1614100.81],[655757.3,1614097.28],[655656.81,1614101.48],[655656.97,1614105.17],[655651.69,1614105.39],[655653.16,1614140.14]]]]}},{"type":"Feature","properties":{"building":"yes","height":6,"heightSource":"default"},"geometry":{"type":"MultiPolygon","coordinates":[[[[655751.64,1614197.08],[655768.01,1614194.72],[655771.26,1614191.52],[655806.41,1614177.81],[655803.29,1614156.42],[655746.89,1614164.53],[655751.64,1614197.08]]]]}},{"type":"Feature","properties":{"building":"yes","height":6,"heightSource":"default"},"geometry":{"type":"MultiPolygon","coordinates":[[[[655833.11,1614160.27],[655835.77,1614185.15],[655845.76,1614184.09],[655843.1,1614159.22],[655833.11,1614160.27]]]]}},{"type":"Feature","properties":{"building":"yes","height":6,"heightSource":"default"},"geometry":{"type":"MultiPolygon","coordinates":[[[[655654.57,1614241.69],[655694.41,1614233.72],[655696.12,1614233.38],[655690.51,1614205.67],[655688.78,1614206.03],[655648.96,1614213.98],[655654.57,1614241.69]]]]}},{"type":"Feature","properties":{"building":"yes","height":6,"heightSource":"default"},"geometry":{"type":"MultiPolygon","coordinates":[[[[655687.97,1614199.23],[655702.46,1614197.12],[655698.55,1614170.6],[655684.05,1614172.72],[655687.97,1614199.23]]]]}},{"type":"Feature","properties":{"building":"yes","height":6,"heightSource":"default"},"geometry":{"type":"MultiPolygon","coordinates":[[[[655584.19,1614137.49],[655584.51,1614148.06],[655594.69,1614148.97],[655617.17,1614151.21],[655617.24,1614140.06],[655584.19,1614137.49]]]]}},{"type":"Feature","properties":{"building":"yes","height":6,"heightSource":"default"},"geometry":{"type":"MultiPolygon","coordinates":[[[[655578.43,1614162],[655591.32,1614163.96],[655594.69,1614148.97],[655581.48,1614147.98],[655578.43,1614162]]]]}},{"type":"Feature","properties":{"building":"yes","height":6,"heightSource":"default"},"geometry":{"type":"MultiPolygon","coordinates":[[[[655591.32,1614163.96],[655609.84,1614167.31],[655611.17,1614160.94],[655592.84,1614157.64],[655591.32,1614163.96]]]]}},{"type":"Feature","properties":{"building":"yes","height":6,"heightSource":"default"},"geometry":{"type":"MultiPolygon","coordinates":[[[[656141.89,1613714.5],[656155.1,1613713.72],[656153.91,1613706.3],[656152.72,1613698.86],[656139.36,1613701.08],[656141.89,1613714.5]]]]}},{"type":"Feature","properties":{"building":"yes","height":6,"heightSource":"default"},"geometry":{"type":"MultiPolygon","coordinates":[[[[656155.1,1613713.72],[656165.54,1613713.07],[656167.72,1613712.37],[656166.17,1613705],[656154.56,1613706.23],[656153.91,1613706.3],[656155.1,1613713.72]]]]}},{"type":"Feature","properties":{"building":"yes","height":6,"heightSource":"default"},"geometry":{"type":"MultiPolygon","coordinates":[[[[656167.72,1613712.37],[656182.99,1613706.54],[656181.72,1613700.34],[656168.29,1613704.37],[656166.17,1613705],[656167.72,1613712.37]]]]}},{"type":"Feature","properties":{"building":"yes","height":6,"heightSource":"default"},"geometry":{"type":"MultiPolygon","coordinates":[[[[656166.53,1613695.2],[656168.29,1613704.37],[656181.72,1613700.34],[656179.61,1613690.09],[656166.53,1613695.2]]]]}},{"type":"Feature","properties":{"building":"yes","height":6,"heightSource":"default"},"geometry":{"type":"MultiPolygon","coordinates":[[[[656166.53,1613695.2],[656165.6,1613691.04],[656179.04,1613687.71],[656179.61,1613690.09],[656166.53,1613695.2]]]]}},{"type":"Feature","properties":{"building":"yes","height":6,"heightSource":"default"},"geometry":{"type":"MultiPolygon","coordinates":[[[[656165.6,1613691.04],[656163.14,1613679.07],[656175.82,1613675.66],[656179.04,1613687.71],[656165.6,1613691.04]]]]}},{"type":"Feature","properties":{"building":"yes","height":6,"heightSource":"default"},"geometry":{"type":"MultiPolygon","coordinates":[[[[656163.14,1613679.07],[656161.13,1613671.67],[656173.81,1613668.26],[656175.82,1613675.66],[656163.14,1613679.07]]]]}},{"type":"Feature","properties":{"building":"yes","height":6,"heightSource":"default"},"geometry":{"type":"MultiPolygon","coordinates":[[[[656161.13,1613671.67],[656159.99,1613667.4],[656172.63,1613663.86],[656173.81,1613668.26],[656161.13,1613671.67]]]]}},{"type":"Feature","properties":{"building":"yes","height":6,"heightSource":"default"},"geometry":{"type":"MultiPolygon","coordinates":[[[[656159.99,1613667.4],[656156.88,1613656.5],[656169.53,1613652.93],[656172.63,1613663.86],[656159.99,1613667.4]]]]}},{"type":"Feature","properties":{"building":"yes","height":6,"heightSource":"default"},"geometry":{"type":"MultiPolygon","coordinates":[[[[656156.88,1613656.5],[656154.65,1613648.73],[656167.21,1613644.95],[656169.53,1613652.93],[656156.88,1613656.5]]]]}},{"type":"Feature","properties":{"building":"yes","height":6,"heightSource":"default"},"geometry":{"type":"MultiPolygon","coordinates":[[[[656154.65,1613648.73],[656153.44,1613644.78],[656166.02,1613640.81],[656167.21,1613644.95],[656154.65,1613648.73]]]]}},{"type":"Feature","properties":{"building":"yes","height":6,"heightSource":"default"},"geometry":{"type":"MultiPolygon","coordinates":[[[[656153.44,1613644.78],[656150.18,1613634.37],[656162.54,1613630.35],[656166.02,1613640.81],[656153.44,1613644.78]]]]}},{"type":"Feature","properties":{"building":"yes","height":6,"heightSource":"default"},"geometry":{"type":"MultiPolygon","coordinates":[[[[656150.18,1613634.37],[656146.96,1613623.17],[656152.63,1613621.8],[656159.71,1613621.85],[656162.54,1613630.35],[656150.18,1613634.37]]]]}},{"type":"Feature","properties":{"building":"yes","height":6,"heightSource":"default"},"geometry":{"type":"MultiPolygon","coordinates":[[[[656146.96,1613623.17],[656142.8,1613608.76],[656158.94,1613619.03],[656159.71,1613621.85],[656152.63,1613621.8],[656146.96,1613623.17]]]]}},{"type":"Feature","properties":{"building":"yes","height":6,"heightSource":"default"},"geometry":{"type":"MultiPolygon","coordinates":[[[[656142.8,1613608.76],[656140.95,1613603.91],[656149.63,1613599.75],[656150.75,1613603.39],[656151.17,1613604.76],[656159.76,1613613.72],[656158.94,1613619.03],[656142.8,1613608.76]]]]}},{"type":"Feature","properties":{"building":"yes","height":6,"heightSource":"default"},"geometry":{"type":"MultiPolygon","coordinates":[[[[656159.76,1613613.72],[656165.73,1613610.59],[656159.63,1613598.85],[656150.75,1613603.39],[656151.17,1613604.76],[656159.76,1613613.72]]]]}},{"type":"Feature","properties":{"building":"yes","height":6,"heightSource":"default"},"geometry":{"type":"MultiPolygon","coordinates":[[[[656165.73,1613610.59],[656173.97,1613606.28],[656167.77,1613594.75],[656163.99,1613596.52],[656162.44,1613594.14],[656158.42,1613596.07],[656165.73,1613610.59]]]]}},{"type":"Feature","properties":{"building":"yes","height":6,"heightSource":"default"},"geometry":{"type":"MultiPolygon","coordinates":[[[[656167.77,1613594.75],[656172.94,1613592.01],[656179.13,1613603.54],[656173.97,1613606.28],[656167.77,1613594.75]]]]}},{"type":"Feature","properties":{"building":"yes","height":6,"heightSource":"default"},"geometry":{"type":"MultiPolygon","coordinates":[[[[656179.13,1613603.54],[656183.98,1613600.93],[656177.91,1613589.38],[656172.94,1613592.01],[656179.13,1613603.54]]]]}},{"type":"Feature","properties":{"building":"yes","height":6,"heightSource":"default"},"geometry":{"type":"MultiPolygon","coordinates":[[[[656139.36,1613701.08],[656152.72,1613698.86],[656152.85,1613696.03],[656153.68,1613695.89],[656162.8,1613694.39],[656162.68,1613687.49],[656161.67,1613682.53],[656136.44,1613687.74],[656139.36,1613701.08]]]]}},{"type":"Feature","properties":{"building":"yes","height":6,"heightSource":"default"},"geometry":{"type":"MultiPolygon","coordinates":[[[[656154.56,1613706.23],[656153.68,1613695.89],[656164.5,1613694.18],[656166.17,1613705],[656154.56,1613706.23]]]]}},{"type":"Feature","properties":{"building":"yes","height":6,"heightSource":"default"},"geometry":{"type":"MultiPolygon","coordinates":[[[[656118.82,1613702.27],[656125.71,1613701.41],[656131.48,1613700.59],[656129.58,1613686.51],[656116.91,1613688.19],[656118.82,1613702.27]]]]}},{"type":"Feature","properties":{"building":"yes","height":6,"heightSource":"default"},"geometry":{"type":"MultiPolygon","coordinates":[[[[656125.71,1613701.41],[656126.36,1613713.47],[656133.8,1613713.08],[656133.15,1613701.02],[656125.71,1613701.41]]]]}},{"type":"Feature","properties":{"building":"yes","height":6,"heightSource":"default"},"geometry":{"type":"MultiPolygon","coordinates":[[[[656118.15,1613713.4],[656124.78,1613713.34],[656124.69,1613702.96],[656118.07,1613703.02],[656118.15,1613713.4]]]]}},{"type":"Feature","properties":{"building":"roof","height":6,"heightSource":"default"},"geometry":{"type":"MultiPolygon","coordinates":[[[[656075.05,1613722.37],[656075.44,1613738.82],[656081.83,1613738.67],[656081.43,1613722.23],[656075.05,1613722.37]]]]}},{"type":"Feature","properties":{"building":"yes","height":6,"heightSource":"default"},"geometry":{"type":"MultiPolygon","coordinates":[[[[656090.75,1613700.02],[656090.32,1613712.21],[656095.87,1613712.41],[656096.31,1613700.22],[656090.75,1613700.02]]]]}},{"type":"Feature","properties":{"building":"yes","height":6,"heightSource":"default"},"geometry":{"type":"MultiPolygon","coordinates":[[[[656095.87,1613712.41],[656103.54,1613712.69],[656103.89,1613702.39],[656103.96,1613700.49],[656096.31,1613700.22],[656095.87,1613712.41]]]]}},{"type":"Feature","properties":{"building":"yes","height":6,"heightSource":"default"},"geometry":{"type":"MultiPolygon","coordinates":[[[[656103.54,1613712.69],[656112.34,1613712.93],[656112.64,1613699.2],[656108.36,1613699.11],[656108.28,1613702.48],[656103.89,1613702.39],[656103.54,1613712.69]]]]}},{"type":"Feature","properties":{"building":"yes","height":6,"heightSource":"default"},"geometry":{"type":"MultiPolygon","coordinates":[[[[656112.34,1613712.93],[656116.76,1613713],[656117.08,1613699.33],[656112.64,1613699.2],[656112.34,1613712.93]]]]}},{"type":"Feature","properties":{"building":"yes","height":6,"heightSource":"default"},"geometry":{"type":"MultiPolygon","coordinates":[[[[656091.47,1613688.83],[656091.38,1613698.57],[656103.96,1613698.69],[656104.04,1613688.95],[656091.47,1613688.83]]]]}},{"type":"Feature","properties":{"building":"yes","height":6,"heightSource":"default"},"geometry":{"type":"MultiPolygon","coordinates":[[[[656076.91,1613687.87],[656076.62,1613698.9],[656088.57,1613699.21],[656088.86,1613688.18],[656076.91,1613687.87]]]]}},{"type":"Feature","properties":{"building":"yes","height":6,"heightSource":"default"},"geometry":{"type":"MultiPolygon","coordinates":[[[[656064.76,1613698.06],[656074.63,1613698.47],[656075.13,1613686.87],[656065.25,1613686.46],[656064.76,1613698.06]]]]}},{"type":"Feature","properties":{"building":"yes","height":6,"heightSource":"default"},"geometry":{"type":"MultiPolygon","coordinates":[[[[656075.83,1613700.02],[656075.77,1613709.29],[656080.96,1613709.32],[656081.02,1613700.04],[656075.83,1613700.02]]]]}},{"type":"Feature","properties":{"building":"yes","height":6,"heightSource":"default"},"geometry":{"type":"MultiPolygon","coordinates":[[[[656081.97,1613718.66],[656082.18,1613728.69],[656088.26,1613728.58],[656088.06,1613718.54],[656081.97,1613718.66]]]]}},{"type":"Feature","properties":{"building":"yes","height":6,"heightSource":"default"},"geometry":{"type":"MultiPolygon","coordinates":[[[[656088.43,1613718.76],[656088.66,1613728.88],[656096.72,1613728.71],[656096.51,1613718.59],[656088.43,1613718.76]]]]}},{"type":"Feature","properties":{"building":"yes","height":6,"heightSource":"default"},"geometry":{"type":"MultiPolygon","coordinates":[[[[656082.33,1613729.7],[656082.55,1613737.76],[656088.68,1613737.59],[656088.46,1613729.53],[656082.33,1613729.7]]]]}},{"type":"Feature","properties":{"building":"yes","height":6,"heightSource":"default"},"geometry":{"type":"MultiPolygon","coordinates":[[[[656095.95,1613729.54],[656095.98,1613730.47],[656096.35,1613741.16],[656102.39,1613740.95],[656103.14,1613740.92],[656102.74,1613729.3],[656095.95,1613729.54]]]]}},{"type":"Feature","properties":{"building":"yes","height":6,"heightSource":"default"},"geometry":{"type":"MultiPolygon","coordinates":[[[[656095.98,1613730.47],[656089.39,1613730.77],[656089.98,1613743.71],[656102.48,1613743.15],[656102.39,1613740.95],[656096.35,1613741.16],[656095.98,1613730.47]]]]}},{"type":"Feature","properties":{"building":"yes","height":6,"heightSource":"default"},"geometry":{"type":"MultiPolygon","coordinates":[[[[656306.58,1613872.92],[656321.37,1613867.18],[656315.67,1613852.06],[656312.07,1613842.76],[656310.86,1613839.54],[656295.6,1613845.24],[656306.58,1613872.92]]]]}},{"type":"Feature","properties":{"building":"yes","height":6,"heightSource":"default"},"geometry":{"type":"MultiPolygon","coordinates":[[[[656321.37,1613867.18],[656337.77,1613861.06],[656332.07,1613845.95],[656315.67,1613852.06],[656321.37,1613867.18]]]]}},{"type":"Feature","properties":{"building":"yes","height":6,"heightSource":"default"},"geometry":{"type":"MultiPolygon","coordinates":[[[[656295.6,1613845.24],[656310.86,1613839.54],[656309.45,1613835.99],[656308.36,1613832.91],[656293.06,1613838.59],[656295.6,1613845.24]]]]}},{"type":"Feature","properties":{"building":"yes","height":6,"heightSource":"default"},"geometry":{"type":"MultiPolygon","coordinates":[[[[656293.06,1613838.59],[656308.36,1613832.91],[656306.12,1613826.81],[656290.73,1613832.74],[656293.06,1613838.59]]]]}},{"type":"Feature","properties":{"building":"yes","height":6,"heightSource":"default"},"geometry":{"type":"MultiPolygon","coordinates":[[[[656315.67,1613852.06],[656332.07,1613845.95],[656328.55,1613836.42],[656312.07,1613842.76],[656315.67,1613852.06]]]]}},{"type":"Feature","properties":{"building":"yes","height":6,"heightSource":"default"},"geometry":{"type":"MultiPolygon","coordinates":[[[[656328.55,1613836.42],[656325.86,1613829.58],[656309.45,1613835.99],[656310.86,1613839.54],[656312.07,1613842.76],[656328.55,1613836.42]]]]}},{"type":"Feature","properties":{"building":"yes","height":6,"heightSource":"default"},"geometry":{"type":"MultiPolygon","coordinates":[[[[656308.36,1613832.91],[656324.52,1613826.71],[656325.86,1613829.58],[656309.45,1613835.99],[656308.36,1613832.91]]]]}},{"type":"Feature","properties":{"building":"yes","height":6,"heightSource":"default"},"geometry":{"type":"MultiPolygon","coordinates":[[[[656286.28,1613822.01],[656301.43,1613815.82],[656298.52,1613809.01],[656283.5,1613815.28],[656286.28,1613822.01]]]]}},{"type":"Feature","properties":{"building":"yes","height":6,"heightSource":"default"},"geometry":{"type":"MultiPolygon","coordinates":[[[[656286.28,1613822.01],[656290.73,1613832.74],[656306.12,1613826.81],[656301.43,1613815.82],[656286.28,1613822.01]]]]}},{"type":"Feature","properties":{"building":"yes","height":6,"heightSource":"default"},"geometry":{"type":"MultiPolygon","coordinates":[[[[656324.52,1613826.71],[656314.36,1613802.33],[656298.52,1613809.01],[656301.43,1613815.82],[656306.12,1613826.81],[656308.36,1613832.91],[656324.52,1613826.71]]]]}},{"type":"Feature","properties":{"building":"yes","height":3.2,"heightSource":"inferred"},"geometry":{"type":"MultiPolygon","coordinates":[[[[656343.19,1613858.87],[656355.63,1613853.86],[656351.47,1613843.67],[656339.03,1613848.68],[656343.19,1613858.87]]]]}},{"type":"Feature","properties":{"building":"yes","height":6,"heightSource":"default"},"geometry":{"type":"MultiPolygon","coordinates":[[[[656300.81,1613918.79],[656303.32,1613938.03],[656310.21,1613937.15],[656310.71,1613941.07],[656318.16,1613940.11],[656315.14,1613916.94],[656300.81,1613918.79]]]]}},{"type":"Feature","properties":{"building":"yes","height":6,"heightSource":"default"},"geometry":{"type":"MultiPolygon","coordinates":[[[[656303.32,1613938.03],[656291.39,1613939.46],[656289.08,1613920.36],[656300.81,1613918.79],[656303.32,1613938.03]]]]}},{"type":"Feature","properties":{"building":"yes","height":6,"heightSource":"default"},"geometry":{"type":"MultiPolygon","coordinates":[[[[656291.39,1613939.46],[656278.77,1613940.96],[656276.66,1613921.8],[656289.08,1613920.36],[656291.39,1613939.46]]]]}},{"type":"Feature","properties":{"building":"yes","height":6,"heightSource":"default"},"geometry":{"type":"MultiPolygon","coordinates":[[[[656258.51,1613857.93],[656258.99,1613877.52],[656273.25,1613877.19],[656272.77,1613857.59],[656258.51,1613857.93]]]]}},{"type":"Feature","properties":{"building":"yes","height":6,"heightSource":"default"},"geometry":{"type":"MultiPolygon","coordinates":[[[[656272.77,1613857.59],[656272.37,1613842.58],[656255.67,1613842.97],[656256.02,1613858.03],[656258.51,1613857.93],[656272.77,1613857.59]]]]}},{"type":"Feature","properties":{"building":"yes","height":6,"heightSource":"default"},"geometry":{"type":"MultiPolygon","coordinates":[[[[656255.67,1613842.97],[656272.37,1613842.58],[656272.17,1613836.4],[656255.58,1613836.82],[656255.67,1613842.97]]]]}},{"type":"Feature","properties":{"building":"yes","height":6,"heightSource":"default"},"geometry":{"type":"MultiPolygon","coordinates":[[[[656255.58,1613836.82],[656255.46,1613833.22],[656272.08,1613832.86],[656272.17,1613836.4],[656255.58,1613836.82]]]]}},{"type":"Feature","properties":{"building":"yes","height":6,"heightSource":"default"},"geometry":{"type":"MultiPolygon","coordinates":[[[[656255.46,1613833.22],[656255.39,1613829.51],[656272.03,1613829.04],[656272.08,1613832.86],[656255.46,1613833.22]]]]}},{"type":"Feature","properties":{"building":"yes","height":6,"heightSource":"default"},"geometry":{"type":"MultiPolygon","coordinates":[[[[656255.39,1613829.51],[656255.03,1613814.92],[656271.75,1613814.7],[656272.03,1613829.04],[656255.39,1613829.51]]]]}},{"type":"Feature","properties":{"building":"yes","height":6,"heightSource":"default"},"geometry":{"type":"MultiPolygon","coordinates":[[[[656282.6,1613860.37],[656284.97,1613870.25],[656290.91,1613868.84],[656288.52,1613858.96],[656282.6,1613860.37]]]]}},{"type":"Feature","properties":{"building":"yes","height":6,"heightSource":"default"},"geometry":{"type":"MultiPolygon","coordinates":[[[[656339.03,1613848.68],[656351.47,1613843.67],[656352.83,1613843.08],[656350.92,1613838.32],[656348.42,1613832.27],[656334.45,1613838.06],[656339.03,1613848.68]]]]}},{"type":"Feature","properties":{"building":"yes","height":6,"heightSource":"default"},"geometry":{"type":"MultiPolygon","coordinates":[[[[656334.45,1613838.06],[656348.42,1613832.27],[656346.68,1613827.86],[656332.63,1613833.75],[656334.45,1613838.06]]]]}},{"type":"Feature","properties":{"building":"yes","height":6,"heightSource":"default"},"geometry":{"type":"MultiPolygon","coordinates":[[[[656332.63,1613833.75],[656346.68,1613827.86],[656344.17,1613821.78],[656330.01,1613827.68],[656332.63,1613833.75]]]]}},{"type":"Feature","properties":{"building":"yes","height":6,"heightSource":"default"},"geometry":{"type":"MultiPolygon","coordinates":[[[[656330.01,1613827.68],[656344.17,1613821.78],[656341.69,1613815.63],[656339.44,1613810.46],[656339.06,1613809.57],[656324.81,1613815.56],[656330.01,1613827.68]]]]}},{"type":"Feature","properties":{"building":"yes","height":6,"heightSource":"default"},"geometry":{"type":"MultiPolygon","coordinates":[[[[656324.81,1613815.56],[656339.06,1613809.57],[656336.85,1613804.13],[656322.47,1613810.17],[656324.81,1613815.56]]]]}},{"type":"Feature","properties":{"building":"yes","height":6,"heightSource":"default"},"geometry":{"type":"MultiPolygon","coordinates":[[[[656322.47,1613810.17],[656336.85,1613804.13],[656334.05,1613797.08],[656319.44,1613803.15],[656322.47,1613810.17]]]]}},{"type":"Feature","properties":{"building":"yes","height":6,"heightSource":"default"},"geometry":{"type":"MultiPolygon","coordinates":[[[[656355.63,1613853.86],[656367.62,1613849.12],[656370.81,1613842.08],[656368.77,1613836.9],[656352.83,1613843.08],[656351.47,1613843.67],[656355.63,1613853.86]]]]}},{"type":"Feature","properties":{"building":"yes","height":6,"heightSource":"default"},"geometry":{"type":"MultiPolygon","coordinates":[[[[656352.83,1613843.08],[656368.77,1613836.9],[656367.05,1613831.94],[656350.92,1613838.32],[656352.83,1613843.08]]]]}},{"type":"Feature","properties":{"building":"yes","height":6,"heightSource":"default"},"geometry":{"type":"MultiPolygon","coordinates":[[[[656350.92,1613838.32],[656367.05,1613831.94],[656362.82,1613821.46],[656346.68,1613827.86],[656348.42,1613832.27],[656350.92,1613838.32]]]]}},{"type":"Feature","properties":{"building":"yes","height":6,"heightSource":"default"},"geometry":{"type":"MultiPolygon","coordinates":[[[[656346.68,1613827.86],[656362.82,1613821.46],[656360.38,1613815.22],[656344.17,1613821.78],[656346.68,1613827.86]]]]}},{"type":"Feature","properties":{"building":"yes","height":6,"heightSource":"default"},"geometry":{"type":"MultiPolygon","coordinates":[[[[656344.17,1613821.78],[656360.38,1613815.22],[656357.94,1613808.99],[656341.69,1613815.63],[656344.17,1613821.78]]]]}},{"type":"Feature","properties":{"building":"yes","height":6,"heightSource":"default"},"geometry":{"type":"MultiPolygon","coordinates":[[[[656341.69,1613815.63],[656357.94,1613808.99],[656355.82,1613803.83],[656339.44,1613810.46],[656341.69,1613815.63]]]]}},{"type":"Feature","properties":{"building":"yes","height":6,"heightSource":"default"},"geometry":{"type":"MultiPolygon","coordinates":[[[[656336.85,1613804.13],[656339.06,1613809.57],[656339.44,1613810.46],[656355.82,1613803.83],[656353.26,1613797.58],[656336.85,1613804.13]]]]}},{"type":"Feature","properties":{"building":"yes","height":6,"heightSource":"default"},"geometry":{"type":"MultiPolygon","coordinates":[[[[656336.85,1613804.13],[656353.26,1613797.58],[656350.55,1613790.54],[656334.05,1613797.08],[656336.85,1613804.13]]]]}},{"type":"Feature","properties":{"building":"yes","height":6,"heightSource":"default"},"geometry":{"type":"MultiPolygon","coordinates":[[[[656619.36,1614256.32],[656626.38,1614259.06],[656630.76,1614248],[656635.06,1614249.69],[656641.65,1614233.06],[656646.09,1614170.4],[656634.1,1614169.56],[656629.82,1614229.96],[656619.36,1614256.32]]]]}},{"type":"Feature","properties":{"building":"yes","height":6,"heightSource":"default"},"geometry":{"type":"MultiPolygon","coordinates":[[[[656613.71,1614264.27],[656597.58,1614297.3],[656605.8,1614301.26],[656621.91,1614268.23],[656613.71,1614264.27]]]]}},{"type":"Feature","properties":{"building":"yes","height":6,"heightSource":"default"},"geometry":{"type":"MultiPolygon","coordinates":[[[[656611.64,1614303.02],[656628.65,1614309.34],[656641.62,1614274.8],[656624.6,1614268.49],[656611.64,1614303.02]]]]}},{"type":"Feature","properties":{"building":"yes","height":6,"heightSource":"default"},"geometry":{"type":"MultiPolygon","coordinates":[[[[656642.04,1614290.28],[656725.36,1614321.08],[656730.44,1614307.5],[656647.12,1614276.7],[656642.04,1614290.28]]]]}},{"type":"Feature","properties":{"building":"yes","height":6,"heightSource":"default"},"geometry":{"type":"MultiPolygon","coordinates":[[[[656634.16,1614310.36],[656699.1,1614334.35],[656705.05,1614318.44],[656640.1,1614294.47],[656634.16,1614310.36]]]]}},{"type":"Feature","properties":{"building":"yes","height":6,"heightSource":"default"},"geometry":{"type":"MultiPolygon","coordinates":[[[[656590.63,1614316.72],[656682.69,1614348.33],[656687.26,1614335.19],[656595.19,1614303.59],[656590.63,1614316.72]]]]}},{"type":"Feature","properties":{"building":"yes","height":6,"heightSource":"default"},"geometry":{"type":"MultiPolygon","coordinates":[[[[656726.97,1614334.19],[656726.47,1614335.86],[656723.52,1614345.96],[656723.09,1614347.42],[656738.3,1614351.82],[656742.18,1614338.58],[656726.97,1614334.19]]]]}},{"type":"Feature","properties":{"building":"roof","height":6,"heightSource":"default"},"geometry":{"type":"MultiPolygon","coordinates":[[[[656705.21,1614340.9],[656723.52,1614345.96],[656726.47,1614335.86],[656713.52,1614332.27],[656712.36,1614336.46],[656706.87,1614334.94],[656705.21,1614340.9]]]]}},{"type":"Feature","properties":{"building":"yes","height":6,"heightSource":"default"},"geometry":{"type":"MultiPolygon","coordinates":[[[[656754.69,1614335.78],[656750.76,1614353.82],[656773.93,1614358.8],[656777.56,1614342.12],[656777.85,1614340.75],[656754.69,1614335.78]]]]}},{"type":"Feature","properties":{"building":"yes","height":6,"heightSource":"default"},"geometry":{"type":"MultiPolygon","coordinates":[[[[656773.93,1614358.8],[656783.26,1614360.73],[656786.75,1614344.02],[656777.56,1614342.12],[656773.93,1614358.8]]]]}},{"type":"Feature","properties":{"building":"yes","height":6,"heightSource":"default"},"geometry":{"type":"MultiPolygon","coordinates":[[[[656317.82,1613763.4],[656327.89,1613787.34],[656343.7,1613780.76],[656333.57,1613756.83],[656317.82,1613763.4]]]]}},{"type":"Feature","properties":{"building":"yes","height":6,"heightSource":"default"},"geometry":{"type":"MultiPolygon","coordinates":[[[[656278.15,1613803.14],[656292.93,1613797.08],[656290.11,1613790.33],[656275.34,1613796.4],[656278.15,1613803.14]]]]}},{"type":"Feature","properties":{"building":"yes","height":6,"heightSource":"default"},"geometry":{"type":"MultiPolygon","coordinates":[[[[656290.11,1613790.33],[656287.46,1613784.06],[656272.8,1613790.15],[656275.34,1613796.4],[656290.11,1613790.33]]]]}},{"type":"Feature","properties":{"building":"yes","height":6,"heightSource":"default"},"geometry":{"type":"MultiPolygon","coordinates":[[[[656272.8,1613790.15],[656270.56,1613784.53],[656284.97,1613778.31],[656287.46,1613784.06],[656272.8,1613790.15]]]]}},{"type":"Feature","properties":{"building":"yes","height":6,"heightSource":"default"},"geometry":{"type":"MultiPolygon","coordinates":[[[[656270.56,1613784.53],[656268.28,1613778.85],[656282.31,1613772.61],[656284.97,1613778.31],[656270.56,1613784.53]]]]}},{"type":"Feature","properties":{"building":"yes","height":6,"heightSource":"default"},"geometry":{"type":"MultiPolygon","coordinates":[[[[656268.28,1613778.85],[656265.4,1613771.77],[656279.05,1613765.97],[656282.31,1613772.61],[656268.28,1613778.85]]]]}},{"type":"Feature","properties":{"building":"yes","height":6,"heightSource":"default"},"geometry":{"type":"MultiPolygon","coordinates":[[[[656265.4,1613771.77],[656258.94,1613756.33],[656272.61,1613750.74],[656279.05,1613765.97],[656265.4,1613771.77]]]]}},{"type":"Feature","properties":{"building":"yes","height":6,"heightSource":"default"},"geometry":{"type":"MultiPolygon","coordinates":[[[[656342.54,1613746.4],[656347.18,1613755.42],[656370.42,1613744.46],[656366.05,1613735.05],[656342.54,1613746.4]]]]}},{"type":"Feature","properties":{"building":"yes","height":6,"heightSource":"default"},"geometry":{"type":"MultiPolygon","coordinates":[[[[656248.42,1613729.62],[656260.51,1613724.43],[656257.32,1613717.02],[656245.16,1613722.18],[656248.42,1613729.62]]]]}},{"type":"Feature","properties":{"building":"yes","height":6,"heightSource":"default"},"geometry":{"type":"MultiPolygon","coordinates":[[[[656257.32,1613717.02],[656254.18,1613709.51],[656241.88,1613714.64],[656245.16,1613722.18],[656257.32,1613717.02]]]]}},{"type":"Feature","properties":{"building":"yes","height":6,"heightSource":"default"},"geometry":{"type":"MultiPolygon","coordinates":[[[[656241.88,1613714.64],[656238.91,1613707.82],[656251.45,1613702.85],[656254.18,1613709.51],[656241.88,1613714.64]]]]}},{"type":"Feature","properties":{"building":"yes","height":6,"heightSource":"default"},"geometry":{"type":"MultiPolygon","coordinates":[[[[656207.51,1613722.01],[656213.62,1613719.33],[656215.02,1613718.72],[656212.18,1613712.4],[656208.84,1613704.67],[656201.27,1613707.93],[656207.51,1613722.01]]]]}},{"type":"Feature","properties":{"building":"yes","height":6,"heightSource":"default"},"geometry":{"type":"MultiPolygon","coordinates":[[[[656225.32,1613706.79],[656221.99,1613699.07],[656208.84,1613704.67],[656212.18,1613712.4],[656225.32,1613706.79]]]]}},{"type":"Feature","properties":{"building":"yes","height":6,"heightSource":"default"},"geometry":{"type":"MultiPolygon","coordinates":[[[[656201.06,1613724.84],[656203.7,1613730.73],[656216.24,1613725.19],[656213.62,1613719.33],[656207.51,1613722.01],[656201.06,1613724.84]]]]}},{"type":"Feature","properties":{"building":"yes","height":6,"heightSource":"default"},"geometry":{"type":"MultiPolygon","coordinates":[[[[656203.7,1613730.73],[656206.32,1613736.55],[656218.83,1613731.01],[656216.24,1613725.19],[656203.7,1613730.73]]]]}},{"type":"Feature","properties":{"building":"yes","height":6,"heightSource":"default"},"geometry":{"type":"MultiPolygon","coordinates":[[[[656321.63,1613701.88],[656326.79,1613713.25],[656337.4,1613708.89],[656329.84,1613693.04],[656321.63,1613701.88]]]]}},{"type":"Feature","properties":{"building":"yes","height":6,"heightSource":"default"},"geometry":{"type":"MultiPolygon","coordinates":[[[[660471.94,1611783.05],[660478.86,1611772.47],[660452.22,1611755.27],[660445.3,1611765.84],[660471.94,1611783.05]]]]}},{"type":"Feature","properties":{"building":"yes","height":6,"heightSource":"default"},"geometry":{"type":"MultiPolygon","coordinates":[[[[660484.99,1611785.53],[660489.61,1611779.05],[660483,1611774.4],[660478.38,1611780.89],[660484.99,1611785.53]]]]}},{"type":"Feature","properties":{"building":"yes","height":6,"heightSource":"default"},"geometry":{"type":"MultiPolygon","coordinates":[[[[657257.56,1613806.84],[657297.82,1613814.8],[657302.22,1613792.86],[657261.95,1613784.9],[657257.56,1613806.84]]]]}},{"type":"Feature","properties":{"building":"yes","height":6,"heightSource":"default"},"geometry":{"type":"MultiPolygon","coordinates":[[[[657225.48,1613842.52],[657224.84,1613843.39],[657223.85,1613843.82],[657222.77,1613843.69],[657221.95,1613843.07],[657221.52,1613842.14],[657221.62,1613841.11],[657222.2,1613840.26],[657223.12,1613839.8],[657224.21,1613839.86],[657225.11,1613840.47],[657225.58,1613841.43],[657225.48,1613842.52]]]]}},{"type":"Feature","properties":{"building":"yes","height":6,"heightSource":"default"},"geometry":{"type":"MultiPolygon","coordinates":[[[[655583.1,1610560.59],[655577.52,1610560.98],[655576.69,1610548.72],[655582.49,1610548.32],[655582.35,1610546.28],[655592.92,1610545.58],[655593.1,1610548.1],[655599.39,1610547.69],[655600.13,1610558.56],[655594.8,1610558.92],[655595,1610561.82],[655583.24,1610562.61],[655583.1,1610560.59]]]]}},{"type":"Feature","properties":{"building":"yes","height":6,"heightSource":"default"},"geometry":{"type":"MultiPolygon","coordinates":[[[[655587.94,1610523.41],[655585.26,1610505.3],[655620.26,1610500.18],[655622.93,1610518.3],[655587.94,1610523.41]]]]}},{"type":"Feature","properties":{"building":"yes","height":6,"heightSource":"default"},"geometry":{"type":"MultiPolygon","coordinates":[[[[656684.2,1611433.3],[656699.15,1611435.13],[656703.17,1611402.32],[656688.22,1611400.5],[656684.2,1611433.3]]]]}}]}