{"type":"FeatureCollection","name":"p30-subset","crs":{"type":"name","properties":{"name":"urn:ogc:def:crs:EPSG::32648"}},"features":[{"type":"Feature","properties":{"building":"roof","height":6,"heightSource":"default"},"geometry":{"type":"MultiPolygon","coordinates":[[[[209876.47,1673307.44],[209908.84,1673287.65],[209903.66,1673279.28],[209871.29,1673299.06],[209876.47,1673307.44]]]]}},{"type":"Feature","properties":{"building":"yes","height":6,"heightSource":"default"},"geometry":{"type":"MultiPolygon","coordinates":[[[[198947.79,1676870.42],[198949.23,1676856.81],[198971.03,1676859.08],[198971.81,1676851.57],[198966.55,1676851.03],[198968.51,1676832.5],[198987.69,1676834.5],[198985.7,1676853.2],[198977.9,1676852.73],[198976.53,1676857.62],[198997.56,1676859.81],[198995.91,1676875.43],[198947.79,1676870.42]]]]}},{"type":"Feature","properties":{"building":"yes","height":6,"heightSource":"default"},"geometry":{"type":"MultiPolygon","coordinates":[[[[200757.92,1681730.02],[200760.24,1681721.35],[200769.37,1681723.75],[200767.05,1681732.44],[200757.92,1681730.02]]]]}},{"type":"Feature","properties":{"building":"yes","height":6,"heightSource":"default"},"geometry":{"type":"MultiPolygon","coordinates":[[[[200726.13,1681731.55],[200728.45,1681722.87],[200737.57,1681725.28],[200735.24,1681733.97],[200726.13,1681731.55]]]]}},{"type":"Feature","properties":{"building":"yes","height":6,"heightSource":"default"},"geometry":{"type":"MultiPolygon","coordinates":[[[[200698.5,1682047.13],[200698.76,1682037.96],[200711.73,1682038.33],[200711.47,1682047.49],[200698.5,1682047.13]]]]}},{"type":"Feature","properties":{"building":"yes","height":6,"heightSource":"default"},"geometry":{"type":"MultiPolygon","coordinates":[[[[200638.99,1682070.84],[200645.73,1682069.25],[200647.23,1682075.51],[200640.49,1682077.1],[200638.99,1682070.84]]]]}},{"type":"Feature","properties":{"building":"yes","height":6,"heightSource":"default"},"geometry":{"type":"MultiPolygon","coordinates":[[[[200306.8,1682472.11],[200315.63,1682474.8],[200313.49,1682481.72],[200304.67,1682479.04],[200306.8,1682472.11]]]]}},{"type":"Feature","properties":{"building":"yes","height":6,"heightSource":"default"},"geometry":{"type":"MultiPolygon","coordinates":[[[[200195.3,1682478.45],[200204.23,1682478.7],[200204.09,1682483.57],[200195.16,1682483.32],[200195.3,1682478.45]]]]}},{"type":"Feature","properties":{"building":"yes","height":6,"heightSource":"default"},"geometry":{"type":"MultiPolygon","coordinates":[[[[200182.37,1682480.43],[200186.5,1682480.08],[200186.86,1682484.22],[200182.74,1682484.58],[200182.37,1682480.43]]]]}},{"type":"Feature","properties":{"building":"yes","height":6,"heightSource":"default"},"geometry":{"type":"MultiPolygon","coordinates":[[[[200169.4,1682479.59],[200173.53,1682479.24],[200173.89,1682483.38],[200169.77,1682483.74],[200169.4,1682479.59]]]]}},{"type":"Feature","properties":{"building":"yes","height":6,"heightSource":"default"},"geometry":{"type":"MultiPolygon","coordinates":[[[[200130.03,1682511.26],[200138.96,1682511.51],[200138.82,1682516.37],[200129.89,1682516.12],[200130.03,1682511.26]]]]}},{"type":"Feature","properties":{"building":"yes","height":6,"heightSource":"default"},"geometry":{"type":"MultiPolygon","coordinates":[[[[200261.27,1682600.7],[200256,1682613.7],[200244.75,1682609.2],[200250.03,1682596.2],[200261.27,1682600.7]]]]}},{"type":"Feature","properties":{"building":"yes","height":6,"heightSource":"default"},"geometry":{"type":"MultiPolygon","coordinates":[[[[200303.15,1682600.14],[200297.88,1682613.14],[200286.63,1682608.63],[200291.9,1682595.63],[200303.15,1682600.14]]]]}},{"type":"Feature","properties":{"building":"yes","height":6,"heightSource":"default"},"geometry":{"type":"MultiPolygon","coordinates":[[[[200317.99,1682565.74],[200312.71,1682578.74],[200301.47,1682574.24],[200306.73,1682561.24],[200317.99,1682565.74]]]]}},{"type":"Feature","properties":{"building":"yes","height":6,"heightSource":"default"},"geometry":{"type":"MultiPolygon","coordinates":[[[[200227.13,1682595.75],[200227.02,1682596.31],[200222.31,1682595.39],[200224.75,1682583],[200238.88,1682585.74],[200236.55,1682597.58],[200227.13,1682595.75]]]]}},{"type":"Feature","properties":{"building":"yes","height":6,"heightSource":"default"},"geometry":{"type":"MultiPolygon","coordinates":[[[[200223.74,1682614.01],[200222.83,1682618.7],[200226.15,1682619.33],[200224.54,1682627.6],[200211.23,1682625.03],[200213.75,1682612.09],[200223.74,1682614.01]]]]}},{"type":"Feature","properties":{"building":"yes","height":6,"heightSource":"default"},"geometry":{"type":"MultiPolygon","coordinates":[[[[200218.82,1682602.93],[200229.25,1682605.46],[200227.69,1682611.81],[200217.26,1682609.29],[200218.82,1682602.93]]]]}},{"type":"Feature","properties":{"building":"yes","height":6,"heightSource":"default"},"geometry":{"type":"MultiPolygon","coordinates":[[[[200335.35,1682628.84],[200329.15,1682626.77],[200331.97,1682618.44],[200344.88,1682622.74],[200340.67,1682635.18],[200333.96,1682632.94],[200335.35,1682628.84]]]]}},{"type":"Feature","properties":{"building":"yes","height":6,"heightSource":"default"},"geometry":{"type":"MultiPolygon","coordinates":[[[[200246.3,1682636.67],[200250.25,1682635.23],[200252.53,1682641.46],[200248.58,1682642.88],[200246.3,1682636.67]]]]}},{"type":"Feature","properties":{"building":"yes","height":6,"heightSource":"default"},"geometry":{"type":"MultiPolygon","coordinates":[[[[200233.04,1682633.23],[200242.26,1682632.96],[200242.59,1682644.55],[200233.37,1682644.82],[200233.04,1682633.23]]]]}},{"type":"Feature","properties":{"building":"yes","height":6,"heightSource":"default"},"geometry":{"type":"MultiPolygon","coordinates":[[[[200228.64,1682638.11],[200230.68,1682645.91],[200222.02,1682648.16],[200219.97,1682640.36],[200228.64,1682638.11]]]]}},{"type":"Feature","properties":{"building":"yes","height":6,"heightSource":"default"},"geometry":{"type":"MultiPolygon","coordinates":[[[[200222.57,1682648.15],[200228.54,1682647.41],[200229.2,1682652.63],[200223.23,1682653.37],[200222.57,1682648.15]]]]}},{"type":"Feature","properties":{"building":"yes","height":6,"heightSource":"default"},"geometry":{"type":"MultiPolygon","coordinates":[[[[200210.77,1682630.4],[200216.25,1682630.45],[200216.19,1682635.75],[200210.71,1682635.68],[200210.77,1682630.4]]]]}},{"type":"Feature","properties":{"building":"yes","height":6,"heightSource":"default"},"geometry":{"type":"MultiPolygon","coordinates":[[[[200193.27,1682635.94],[200193.99,1682627.98],[200203.42,1682628.82],[200202.7,1682636.77],[200193.27,1682635.94]]]]}},{"type":"Feature","properties":{"building":"yes","height":6,"heightSource":"default"},"geometry":{"type":"MultiPolygon","coordinates":[[[[200179.29,1682662.35],[200181.48,1682670.24],[200173.02,1682672.56],[200170.83,1682664.67],[200179.29,1682662.35]]]]}},{"type":"Feature","properties":{"building":"yes","height":6,"heightSource":"default"},"geometry":{"type":"MultiPolygon","coordinates":[[[[200177.76,1682656.65],[200179.24,1682661.05],[200169.34,1682664.34],[200167.86,1682659.93],[200177.76,1682656.65]]]]}},{"type":"Feature","properties":{"building":"yes","height":6,"heightSource":"default"},"geometry":{"type":"MultiPolygon","coordinates":[[[[200226.69,1682655.6],[200228.03,1682663.71],[200220.99,1682664.85],[200219.65,1682656.74],[200226.69,1682655.6]]]]}},{"type":"Feature","properties":{"building":"yes","height":6,"heightSource":"default"},"geometry":{"type":"MultiPolygon","coordinates":[[[[200311.52,1682871.77],[200318.93,1682870.88],[200320.08,1682880.36],[200312.68,1682881.26],[200311.52,1682871.77]]]]}},{"type":"Feature","properties":{"building":"yes","height":6,"heightSource":"default"},"geometry":{"type":"MultiPolygon","coordinates":[[[[200341.4,1682869.19],[200341.68,1682874.33],[200334.92,1682874.71],[200334.64,1682869.56],[200341.4,1682869.19]]]]}},{"type":"Feature","properties":{"building":"yes","height":6,"heightSource":"default"},"geometry":{"type":"MultiPolygon","coordinates":[[[[200331.28,1682861.86],[200332.01,1682870.26],[200325.27,1682870.84],[200324.54,1682862.45],[200331.28,1682861.86]]]]}},{"type":"Feature","properties":{"building":"yes","height":6,"heightSource":"default"},"geometry":{"type":"MultiPolygon","coordinates":[[[[200345.08,1682846.35],[200337.38,1682847.2],[200335.91,1682834.16],[200343.62,1682833.31],[200345.08,1682846.35]]]]}},{"type":"Feature","properties":{"building":"yes","height":6,"heightSource":"default"},"geometry":{"type":"MultiPolygon","coordinates":[[[[200307.42,1682822.44],[200317.64,1682821.88],[200318.25,1682833.32],[200304.3,1682834.07],[200304.17,1682831.78],[200307.92,1682831.58],[200307.42,1682822.44]]]]}},{"type":"Feature","properties":{"building":"yes","height":6,"heightSource":"default"},"geometry":{"type":"MultiPolygon","coordinates":[[[[200300.14,1682843.3],[200301.56,1682837.05],[200309.5,1682838.81],[200308.08,1682845.07],[200300.14,1682843.3]]]]}},{"type":"Feature","properties":{"building":"yes","height":6,"heightSource":"default"},"geometry":{"type":"MultiPolygon","coordinates":[[[[200329.64,1682825.67],[200329.94,1682820.53],[200335.4,1682820.85],[200335.1,1682825.99],[200329.64,1682825.67]]]]}},{"type":"Feature","properties":{"building":"yes","height":6,"heightSource":"default"},"geometry":{"type":"MultiPolygon","coordinates":[[[[200303.73,1682782.38],[200303.64,1682788.11],[200297.16,1682788.01],[200297.26,1682782.28],[200303.73,1682782.38]]]]}},{"type":"Feature","properties":{"building":"yes","height":6,"heightSource":"default"},"geometry":{"type":"MultiPolygon","coordinates":[[[[200325.29,1682784.05],[200332.67,1682782],[200335.24,1682791.22],[200327.86,1682793.25],[200325.29,1682784.05]]]]}},{"type":"Feature","properties":{"building":"yes","height":6,"heightSource":"default"},"geometry":{"type":"MultiPolygon","coordinates":[[[[200295.38,1682778.16],[200295.28,1682783.9],[200288.8,1682783.79],[200288.89,1682778.06],[200295.38,1682778.16]]]]}},{"type":"Feature","properties":{"building":"yes","height":6,"heightSource":"default"},"geometry":{"type":"MultiPolygon","coordinates":[[[[200292.82,1682769.34],[200292.72,1682775.07],[200286.25,1682774.97],[200286.34,1682769.23],[200292.82,1682769.34]]]]}},{"type":"Feature","properties":{"building":"yes","height":6,"heightSource":"default"},"geometry":{"type":"MultiPolygon","coordinates":[[[[200291.22,1682761.53],[200291.13,1682767.25],[200284.64,1682767.15],[200284.74,1682761.42],[200291.22,1682761.53]]]]}},{"type":"Feature","properties":{"building":"yes","height":6,"heightSource":"default"},"geometry":{"type":"MultiPolygon","coordinates":[[[[200282.04,1682757.6],[200282.2,1682748.44],[200292.87,1682748.63],[200292.71,1682757.79],[200282.04,1682757.6]]]]}},{"type":"Feature","properties":{"building":"yes","height":6,"heightSource":"default"},"geometry":{"type":"MultiPolygon","coordinates":[[[[200319.2,1682749.97],[200318.94,1682757.98],[200305.97,1682757.56],[200306.25,1682749.54],[200319.2,1682749.97]]]]}},{"type":"Feature","properties":{"building":"yes","height":6,"heightSource":"default"},"geometry":{"type":"MultiPolygon","coordinates":[[[[200302.08,1682752.72],[200302,1682758.44],[200295.51,1682758.34],[200295.61,1682752.61],[200302.08,1682752.72]]]]}},{"type":"Feature","properties":{"building":"yes","height":6,"heightSource":"default"},"geometry":{"type":"MultiPolygon","coordinates":[[[[200424.7,1682756.05],[200431.22,1682762.05],[200423.83,1682769.98],[200417.31,1682763.97],[200424.7,1682756.05]]]]}},{"type":"Feature","properties":{"building":"yes","height":6,"heightSource":"default"},"geometry":{"type":"MultiPolygon","coordinates":[[[[200387.4,1682767.06],[200395.46,1682766.65],[200396.2,1682781.24],[200388.15,1682781.65],[200387.4,1682767.06]]]]}},{"type":"Feature","properties":{"building":"yes","height":6,"heightSource":"default"},"geometry":{"type":"MultiPolygon","coordinates":[[[[200363.77,1682757.86],[200371.83,1682757.46],[200372.57,1682772.05],[200364.51,1682772.46],[200363.77,1682757.86]]]]}},{"type":"Feature","properties":{"building":"yes","height":6,"heightSource":"default"},"geometry":{"type":"MultiPolygon","coordinates":[[[[200320.16,1682680.86],[200320.35,1682672.84],[200333.48,1682673.16],[200333.28,1682681.18],[200320.16,1682680.86]]]]}},{"type":"Feature","properties":{"building":"yes","height":6,"heightSource":"default"},"geometry":{"type":"MultiPolygon","coordinates":[[[[200320.15,1682663.78],[200319.37,1682670.56],[200308.57,1682669.35],[200309.34,1682662.56],[200320.15,1682663.78]]]]}},{"type":"Feature","properties":{"building":"yes","height":6,"heightSource":"default"},"geometry":{"type":"MultiPolygon","coordinates":[[[[200308.85,1682686.09],[200320.21,1682689.42],[200317.03,1682700.19],[200305.65,1682696.86],[200308.85,1682686.09]]]]}},{"type":"Feature","properties":{"building":"yes","height":6,"heightSource":"default"},"geometry":{"type":"MultiPolygon","coordinates":[[[[200309.17,1682715.76],[200307.26,1682725.98],[200294.18,1682723.58],[200296.1,1682713.35],[200309.17,1682715.76]]]]}},{"type":"Feature","properties":{"building":"yes","height":6,"heightSource":"default"},"geometry":{"type":"MultiPolygon","coordinates":[[[[200315.78,1682719.7],[200326.16,1682719.8],[200326.08,1682728.39],[200315.7,1682728.29],[200315.78,1682719.7]]]]}},{"type":"Feature","properties":{"building":"yes","height":6,"heightSource":"default"},"geometry":{"type":"MultiPolygon","coordinates":[[[[203970.12,1679109.32],[203973.97,1679109.71],[203973.5,1679114.24],[203969.65,1679113.85],[203970.12,1679109.32]]]]}},{"type":"Feature","properties":{"building":"yes","height":6,"heightSource":"default"},"geometry":{"type":"MultiPolygon","coordinates":[[[[203954.71,1679259.14],[203958.55,1679259.53],[203958.08,1679264.07],[203954.24,1679263.67],[203954.71,1679259.14]]]]}},{"type":"Feature","properties":{"building":"yes","height":6,"heightSource":"default"},"geometry":{"type":"MultiPolygon","coordinates":[[[[203972.08,1679251.39],[203977.58,1679254.13],[203979.13,1679251.07],[203991.71,1679257.34],[203986.65,1679267.35],[203968.58,1679258.33],[203972.08,1679251.39]]]]}},{"type":"Feature","properties":{"building":"yes","height":6,"heightSource":"default"},"geometry":{"type":"MultiPolygon","coordinates":[[[[203964.2,1679228.96],[203963.95,1679230.94],[203949.19,1679229.2],[203950.78,1679215.8],[203971.67,1679218.25],[203970.3,1679229.67],[203964.2,1679228.96]]]]}},{"type":"Feature","properties":{"building":"yes","height":6,"heightSource":"default"},"geometry":{"type":"MultiPolygon","coordinates":[[[[203953.25,1679197.38],[203976.26,1679202.48],[203972.89,1679217.45],[203949.89,1679212.35],[203953.25,1679197.38]]]]}},{"type":"Feature","properties":{"building":"yes","height":6,"heightSource":"default"},"geometry":{"type":"MultiPolygon","coordinates":[[[[203979.88,1679187.14],[203976.89,1679201.69],[203954.8,1679197.21],[203957.14,1679185.81],[203965.42,1679187.49],[203966.07,1679184.35],[203979.88,1679187.14]]]]}},{"type":"Feature","properties":{"building":"yes","height":6,"heightSource":"default"},"geometry":{"type":"MultiPolygon","coordinates":[[[[203991.16,1679171.61],[204016.02,1679176.62],[204011.65,1679198.04],[203986.78,1679193.02],[203991.16,1679171.61]]]]}},{"type":"Feature","properties":{"building":"yes","height":6,"heightSource":"default"},"geometry":{"type":"MultiPolygon","coordinates":[[[[203984.17,1679212.18],[203988.02,1679212.57],[203987.55,1679217.1],[203983.7,1679216.72],[203984.17,1679212.18]]]]}},{"type":"Feature","properties":{"building":"yes","height":6,"heightSource":"default"},"geometry":{"type":"MultiPolygon","coordinates":[[[[203852.79,1679064.94],[203849.22,1679064.52],[203848.09,1679074.12],[203827.35,1679071.71],[203830.36,1679046.3],[203839.61,1679047.37],[203839.87,1679045.12],[203854.93,1679046.86],[203852.79,1679064.94]]]]}},{"type":"Feature","properties":{"building":"yes","height":6,"heightSource":"default"},"geometry":{"type":"MultiPolygon","coordinates":[[[[203875.5,1679013.63],[203896.55,1679013.93],[203896.39,1679025.1],[203875.34,1679024.8],[203875.5,1679013.63]]]]}},{"type":"Feature","properties":{"building":"yes","height":6,"heightSource":"default"},"geometry":{"type":"MultiPolygon","coordinates":[[[[203895.71,1678973.69],[203898.2,1678962.96],[203910.1,1678965.68],[203907.62,1678976.4],[203895.71,1678973.69]]]]}},{"type":"Feature","properties":{"building":"yes","height":6,"heightSource":"default"},"geometry":{"type":"MultiPolygon","coordinates":[[[[203878,1678957.96],[203872.1,1678974.11],[203857.49,1678968.84],[203857.68,1678968.33],[203844.49,1678963.58],[203844.58,1678963.32],[203837.12,1678960.64],[203845.95,1678936.43],[203864.47,1678943.11],[203861.25,1678951.93],[203878,1678957.96]]]]}},{"type":"Feature","properties":{"building":"yes","height":6,"heightSource":"default"},"geometry":{"type":"MultiPolygon","coordinates":[[[[203891.13,1678959.75],[203892.79,1678953.02],[203898.91,1678954.5],[203897.26,1678961.24],[203891.13,1678959.75]]]]}},{"type":"Feature","properties":{"building":"yes","height":6,"heightSource":"default"},"geometry":{"type":"MultiPolygon","coordinates":[[[[203864.23,1678982.44],[203862.58,1678990.39],[203854.85,1678988.82],[203856.51,1678980.87],[203864.23,1678982.44]]]]}},{"type":"Feature","properties":{"building":"yes","height":6,"heightSource":"default"},"geometry":{"type":"MultiPolygon","coordinates":[[[[203829.32,1678981.7],[203831.91,1678970.74],[203843.36,1678973.42],[203840.75,1678984.38],[203829.32,1678981.7]]]]}},{"type":"Feature","properties":{"building":"yes","height":6,"heightSource":"default"},"geometry":{"type":"MultiPolygon","coordinates":[[[[203837.36,1678905.23],[203831.76,1678917.55],[203805.07,1678905.59],[203810.67,1678893.27],[203837.36,1678905.23]]]]}},{"type":"Feature","properties":{"building":"yes","height":6,"heightSource":"default"},"geometry":{"type":"MultiPolygon","coordinates":[[[[203808.81,1678910.51],[203806.86,1678916.76],[203799.26,1678914.41],[203801.21,1678908.16],[203808.81,1678910.51]]]]}},{"type":"Feature","properties":{"building":"yes","height":6,"heightSource":"default"},"geometry":{"type":"MultiPolygon","coordinates":[[[[203847.03,1678924.52],[203845.07,1678930.77],[203837.48,1678928.43],[203839.43,1678922.18],[203847.03,1678924.52]]]]}},{"type":"Feature","properties":{"building":"yes","height":6,"heightSource":"default"},"geometry":{"type":"MultiPolygon","coordinates":[[[[203829.48,1678921.78],[203827.52,1678928.03],[203819.92,1678925.67],[203821.89,1678919.43],[203829.48,1678921.78]]]]}},{"type":"Feature","properties":{"building":"yes","height":6,"heightSource":"default"},"geometry":{"type":"MultiPolygon","coordinates":[[[[203770.59,1678958.43],[203765.08,1678975.03],[203757.67,1678972.61],[203763.19,1678956],[203770.59,1678958.43]]]]}},{"type":"Feature","properties":{"building":"yes","height":6,"heightSource":"default"},"geometry":{"type":"MultiPolygon","coordinates":[[[[203756.58,1678964.55],[203755.01,1678969.48],[203748.59,1678967.47],[203750.16,1678962.53],[203756.58,1678964.55]]]]}},{"type":"Feature","properties":{"building":"yes","height":6,"heightSource":"default"},"geometry":{"type":"MultiPolygon","coordinates":[[[[204103.94,1679173.24],[204093.03,1679170.45],[204095.61,1679160.54],[204106.52,1679163.33],[204103.94,1679173.24]]]]}},{"type":"Feature","properties":{"building":"yes","height":6,"heightSource":"default"},"geometry":{"type":"MultiPolygon","coordinates":[[[[204094.28,1679214.98],[204083.37,1679212.19],[204085.95,1679202.28],[204096.86,1679205.07],[204094.28,1679214.98]]]]}},{"type":"Feature","properties":{"building":"yes","height":6,"heightSource":"default"},"geometry":{"type":"MultiPolygon","coordinates":[[[[204075.45,1679210.55],[204064.54,1679207.76],[204067.12,1679197.85],[204078.02,1679200.64],[204075.45,1679210.55]]]]}},{"type":"Feature","properties":{"building":"yes","height":6,"heightSource":"default"},"geometry":{"type":"MultiPolygon","coordinates":[[[[204080.83,1679189.47],[204083.48,1679183.87],[204088.65,1679186.28],[204086,1679191.88],[204080.83,1679189.47]]]]}},{"type":"Feature","properties":{"building":"yes","height":6,"heightSource":"default"},"geometry":{"type":"MultiPolygon","coordinates":[[[[204075.11,1679182.35],[204081.66,1679184.59],[204079.28,1679191.47],[204086.22,1679193.84],[204084.63,1679198.44],[204077.96,1679196.16],[204078.83,1679193.6],[204072.03,1679191.29],[204075.11,1679182.35]]]]}},{"type":"Feature","properties":{"building":"yes","height":6,"heightSource":"default"},"geometry":{"type":"MultiPolygon","coordinates":[[[[204093.3,1679156.83],[204097.31,1679145.71],[204111.3,1679150.69],[204107.29,1679161.82],[204093.3,1679156.83]]]]}},{"type":"Feature","properties":{"building":"yes","height":6,"heightSource":"default"},"geometry":{"type":"MultiPolygon","coordinates":[[[[204124.61,1679148.3],[204124.23,1679160.03],[204112.87,1679159.68],[204113.25,1679147.93],[204124.61,1679148.3]]]]}},{"type":"Feature","properties":{"building":"yes","height":6,"heightSource":"default"},"geometry":{"type":"MultiPolygon","coordinates":[[[[204126.95,1679157.66],[204126.65,1679151.36],[204135.71,1679150.94],[204136.01,1679157.24],[204126.95,1679157.66]]]]}},{"type":"Feature","properties":{"building":"yes","height":6,"heightSource":"default"},"geometry":{"type":"MultiPolygon","coordinates":[[[[204139.87,1679139.78],[204136.44,1679150.21],[204123.46,1679146],[204126.89,1679135.57],[204139.87,1679139.78]]]]}},{"type":"Feature","properties":{"building":"yes","height":6,"heightSource":"default"},"geometry":{"type":"MultiPolygon","coordinates":[[[[204104.4,1679130.88],[204106.75,1679131.61],[204108.18,1679127.04],[204116.45,1679129.58],[204112.05,1679143.64],[204101.43,1679140.38],[204104.4,1679130.88]]]]}},{"type":"Feature","properties":{"building":"yes","height":6,"heightSource":"default"},"geometry":{"type":"MultiPolygon","coordinates":[[[[204133.29,1679126.72],[204129.9,1679131.96],[204120.87,1679126.21],[204124.25,1679120.96],[204133.29,1679126.72]]]]}},{"type":"Feature","properties":{"building":"yes","height":6,"heightSource":"default"},"geometry":{"type":"MultiPolygon","coordinates":[[[[204160.47,1679111.35],[204164.56,1679113.91],[204160.3,1679120.62],[204156.2,1679118.06],[204160.47,1679111.35]]]]}},{"type":"Feature","properties":{"building":"yes","height":6,"heightSource":"default"},"geometry":{"type":"MultiPolygon","coordinates":[[[[204151.09,1679083.68],[204162.74,1679090.29],[204158.66,1679097.37],[204147.02,1679090.75],[204151.09,1679083.68]]]]}},{"type":"Feature","properties":{"building":"yes","height":6,"heightSource":"default"},"geometry":{"type":"MultiPolygon","coordinates":[[[[204167.47,1679083.82],[204175.21,1679088.14],[204169.7,1679097.88],[204161.97,1679093.56],[204167.47,1679083.82]]]]}},{"type":"Feature","properties":{"building":"yes","height":6,"heightSource":"default"},"geometry":{"type":"MultiPolygon","coordinates":[[[[204152.03,1679063.54],[204165.22,1679052.92],[204174.28,1679064.04],[204161.09,1679074.66],[204152.03,1679063.54]]]]}},{"type":"Feature","properties":{"building":"yes","height":6,"heightSource":"default"},"geometry":{"type":"MultiPolygon","coordinates":[[[[204027.31,1679355.13],[204026.02,1679353.01],[204018.9,1679357.29],[204011.56,1679345.25],[204024.42,1679337.51],[204033.06,1679351.67],[204027.31,1679355.13]]]]}},{"type":"Feature","properties":{"building":"yes","height":6,"heightSource":"default"},"geometry":{"type":"MultiPolygon","coordinates":[[[[204034.16,1679364.85],[204044.41,1679358.73],[204048.38,1679365.3],[204038.13,1679371.42],[204034.16,1679364.85]]]]}},{"type":"Feature","properties":{"building":"yes","height":6,"heightSource":"default"},"geometry":{"type":"MultiPolygon","coordinates":[[[[204059.43,1679370.46],[204045.91,1679385.69],[204038.7,1679379.36],[204052.22,1679364.14],[204059.43,1679370.46]]]]}},{"type":"Feature","properties":{"building":"yes","height":6,"heightSource":"default"},"geometry":{"type":"MultiPolygon","coordinates":[[[[204043.1,1679385.8],[204044.33,1679387.57],[204051.04,1679382.99],[204057.29,1679392.02],[204046.62,1679399.31],[204039.14,1679388.5],[204043.1,1679385.8]]]]}},{"type":"Feature","properties":{"building":"yes","height":6,"heightSource":"default"},"geometry":{"type":"MultiPolygon","coordinates":[[[[204068.2,1679390.99],[204061.02,1679393.76],[204055.69,1679380.12],[204062.86,1679377.35],[204068.2,1679390.99]]]]}},{"type":"Feature","properties":{"building":"yes","height":6,"heightSource":"default"},"geometry":{"type":"MultiPolygon","coordinates":[[[[204072.22,1679367.1],[204081.14,1679384.51],[204072.62,1679388.83],[204060,1679364.21],[204083.29,1679352.43],[204088.5,1679362.62],[204081.59,1679366.12],[204080.07,1679363.13],[204072.22,1679367.1]]]]}},{"type":"Feature","properties":{"building":"yes","height":6,"heightSource":"default"},"geometry":{"type":"MultiPolygon","coordinates":[[[[204091.04,1679362.5],[204096.35,1679375.99],[204087.67,1679379.36],[204082.37,1679365.87],[204091.04,1679362.5]]]]}},{"type":"Feature","properties":{"building":"yes","height":6,"heightSource":"default"},"geometry":{"type":"MultiPolygon","coordinates":[[[[204104.12,1679362.25],[204106.78,1679368.84],[204097.54,1679372.53],[204091.37,1679357.25],[204102.61,1679352.77],[204106.12,1679361.45],[204104.12,1679362.25]]]]}},{"type":"Feature","properties":{"building":"yes","height":6,"heightSource":"default"},"geometry":{"type":"MultiPolygon","coordinates":[[[[204133.37,1679321.34],[204140.26,1679316],[204147.68,1679325.47],[204140.79,1679330.81],[204133.37,1679321.34]]]]}},{"type":"Feature","properties":{"building":"yes","height":6,"heightSource":"default"},"geometry":{"type":"MultiPolygon","coordinates":[[[[204160.41,1679318.79],[204153.28,1679325.76],[204140.58,1679312.92],[204147.7,1679305.95],[204160.41,1679318.79]]]]}},{"type":"Feature","properties":{"building":"yes","height":6,"heightSource":"default"},"geometry":{"type":"MultiPolygon","coordinates":[[[[204146.48,1679299.53],[204139.81,1679306.83],[204123.91,1679292.44],[204130.58,1679285.15],[204146.48,1679299.53]]]]}},{"type":"Feature","properties":{"building":"yes","height":6,"heightSource":"default"},"geometry":{"type":"MultiPolygon","coordinates":[[[[204131.31,1679251.28],[204137.3,1679258.61],[204120.8,1679271.93],[204114.81,1679264.61],[204131.31,1679251.28]]]]}},{"type":"Feature","properties":{"building":"yes","height":6,"heightSource":"default"},"geometry":{"type":"MultiPolygon","coordinates":[[[[204098.6,1679261.07],[204104.73,1679254.03],[204111.42,1679259.78],[204105.28,1679266.82],[204098.6,1679261.07]]]]}},{"type":"Feature","properties":{"building":"yes","height":6,"heightSource":"default"},"geometry":{"type":"MultiPolygon","coordinates":[[[[204192.86,1679290.42],[204184.92,1679295.36],[204182.96,1679292.24],[204179.2,1679294.58],[204172.66,1679284.2],[204184.37,1679276.92],[204192.86,1679290.42]]]]}},{"type":"Feature","properties":{"building":"yes","height":6,"heightSource":"default"},"geometry":{"type":"MultiPolygon","coordinates":[[[[204187.47,1679304.53],[204183.02,1679305.98],[204180.7,1679298.98],[204185.14,1679297.52],[204187.47,1679304.53]]]]}},{"type":"Feature","properties":{"building":"yes","height":6,"heightSource":"default"},"geometry":{"type":"MultiPolygon","coordinates":[[[[204242.5,1679297.19],[204248.99,1679295],[204250.58,1679299.64],[204244.09,1679301.84],[204242.5,1679297.19]]]]}},{"type":"Feature","properties":{"building":"yes","height":6,"heightSource":"default"},"geometry":{"type":"MultiPolygon","coordinates":[[[[204221.03,1679307.75],[204227.52,1679305.56],[204229.11,1679310.2],[204222.63,1679312.39],[204221.03,1679307.75]]]]}},{"type":"Feature","properties":{"building":"yes","height":6,"heightSource":"default"},"geometry":{"type":"MultiPolygon","coordinates":[[[[204059.12,1679409.95],[204076.18,1679402.24],[204080.88,1679412.51],[204063.82,1679420.22],[204059.12,1679409.95]]]]}},{"type":"Feature","properties":{"building":"yes","height":6,"heightSource":"default"},"geometry":{"type":"MultiPolygon","coordinates":[[[[204071.72,1679419.51],[204084.11,1679412.12],[204090.27,1679422.29],[204077.88,1679429.69],[204071.72,1679419.51]]]]}},{"type":"Feature","properties":{"building":"yes","height":6,"heightSource":"default"},"geometry":{"type":"MultiPolygon","coordinates":[[[[204106.15,1679393.97],[204108.82,1679392.64],[204105.17,1679385.35],[204113.3,1679381.32],[204118.75,1679392.18],[204107.94,1679397.53],[204106.15,1679393.97]]]]}},{"type":"Feature","properties":{"building":"yes","height":6,"heightSource":"default"},"geometry":{"type":"MultiPolygon","coordinates":[[[[204119.35,1679421.15],[204113.88,1679421.15],[204113.88,1679415.71],[204119.35,1679415.7],[204119.35,1679421.15]]]]}},{"type":"Feature","properties":{"building":"yes","height":6,"heightSource":"default"},"geometry":{"type":"MultiPolygon","coordinates":[[[[204115.49,1679442.91],[204095.97,1679457.51],[204081.01,1679437.75],[204098.77,1679424.47],[204106.6,1679434.81],[204108.36,1679433.49],[204115.49,1679442.91]]]]}},{"type":"Feature","properties":{"building":"yes","height":6,"heightSource":"default"},"geometry":{"type":"MultiPolygon","coordinates":[[[[204128.59,1679439.77],[204129.72,1679447.35],[204120.82,1679448.66],[204119.69,1679441.07],[204128.59,1679439.77]]]]}},{"type":"Feature","properties":{"building":"yes","height":6,"heightSource":"default"},"geometry":{"type":"MultiPolygon","coordinates":[[[[204131.91,1679437.71],[204117.65,1679439.29],[204117.2,1679435.32],[204120.78,1679434.93],[204120.4,1679431.52],[204131.08,1679430.35],[204131.91,1679437.71]]]]}},{"type":"Feature","properties":{"building":"yes","height":6,"heightSource":"default"},"geometry":{"type":"MultiPolygon","coordinates":[[[[204163.04,1679387.11],[204157.55,1679414.01],[204121.08,1679406.68],[204126.58,1679379.77],[204163.04,1679387.11]]]]}},{"type":"Feature","properties":{"building":"yes","height":6,"heightSource":"default"},"geometry":{"type":"MultiPolygon","coordinates":[[[[204189.59,1679398.23],[204177.22,1679452.31],[204169.84,1679450.65],[204167.64,1679460.27],[204153.41,1679457.07],[204155.84,1679446.47],[204152.01,1679445.6],[204164.16,1679392.49],[204189.59,1679398.23]]]]}},{"type":"Feature","properties":{"building":"yes","height":6,"heightSource":"default"},"geometry":{"type":"MultiPolygon","coordinates":[[[[204137.9,1679472.08],[204126.69,1679479.13],[204118.23,1679465.84],[204129.43,1679458.78],[204137.9,1679472.08]]]]}},{"type":"Feature","properties":{"building":"yes","height":6,"heightSource":"default"},"geometry":{"type":"MultiPolygon","coordinates":[[[[204136.89,1679480.05],[204145.94,1679489.1],[204137.21,1679497.73],[204128.16,1679488.7],[204136.89,1679480.05]]]]}},{"type":"Feature","properties":{"building":"yes","height":6,"heightSource":"default"},"geometry":{"type":"MultiPolygon","coordinates":[[[[204168.13,1679484.18],[204153.31,1679507.16],[204142.24,1679500.13],[204157.06,1679477.13],[204168.13,1679484.18]]]]}},{"type":"Feature","properties":{"building":"yes","height":6,"heightSource":"default"},"geometry":{"type":"MultiPolygon","coordinates":[[[[204168.5,1679501.27],[204182.22,1679510.97],[204198.63,1679488.08],[204184.91,1679478.37],[204168.5,1679501.27]]]]}},{"type":"Feature","properties":{"building":"yes","height":6,"heightSource":"default"},"geometry":{"type":"MultiPolygon","coordinates":[[[[204206.6,1679525.79],[204196.72,1679522.04],[204199.78,1679514.09],[204209.66,1679517.84],[204206.6,1679525.79]]]]}},{"type":"Feature","properties":{"building":"yes","height":6,"heightSource":"default"},"geometry":{"type":"MultiPolygon","coordinates":[[[[204197.99,1679527.65],[204208.71,1679535.89],[204202.76,1679543.53],[204192.04,1679535.29],[204197.99,1679527.65]]]]}},{"type":"Feature","properties":{"building":"yes","height":6,"heightSource":"default"},"geometry":{"type":"MultiPolygon","coordinates":[[[[204179.49,1679542.78],[204189.02,1679532.64],[204201.65,1679544.36],[204186.16,1679560.85],[204180.52,1679555.63],[204186.49,1679549.28],[204179.49,1679542.78]]]]}},{"type":"Feature","properties":{"building":"yes","height":6,"heightSource":"default"},"geometry":{"type":"MultiPolygon","coordinates":[[[[204108,1679614.67],[204096.94,1679601.62],[204106.85,1679593.33],[204117.9,1679606.4],[204108,1679614.67]]]]}},{"type":"Feature","properties":{"building":"yes","height":6,"heightSource":"default"},"geometry":{"type":"MultiPolygon","coordinates":[[[[204100.53,1679613.38],[204108.52,1679622.08],[204098.41,1679631.23],[204090.42,1679622.53],[204100.53,1679613.38]]]]}},{"type":"Feature","properties":{"building":"yes","height":6,"heightSource":"default"},"geometry":{"type":"MultiPolygon","coordinates":[[[[204264.69,1679631.44],[204277.64,1679646.56],[204270.37,1679652.71],[204257.42,1679637.59],[204264.69,1679631.44]]]]}},{"type":"Feature","properties":{"building":"yes","height":6,"heightSource":"default"},"geometry":{"type":"MultiPolygon","coordinates":[[[[204276.75,1679663.57],[204289.37,1679653.47],[204315.84,1679686.1],[204303.23,1679696.2],[204276.75,1679663.57]]]]}},{"type":"Feature","properties":{"building":"yes","height":6,"heightSource":"default"},"geometry":{"type":"MultiPolygon","coordinates":[[[[204307.53,1679698.09],[204332.89,1679677.88],[204342.12,1679689.34],[204316.77,1679709.54],[204307.53,1679698.09]]]]}},{"type":"Feature","properties":{"building":"yes","height":6,"heightSource":"default"},"geometry":{"type":"MultiPolygon","coordinates":[[[[204364.37,1679678.45],[204359.79,1679681.95],[204364.02,1679687.4],[204354.69,1679694.54],[204302.85,1679627.59],[204316.38,1679617.23],[204324.96,1679628.32],[204320.95,1679631.4],[204323.9,1679635.22],[204328.29,1679631.85],[204364.37,1679678.45]]]]}},{"type":"Feature","properties":{"building":"yes","height":6,"heightSource":"default"},"geometry":{"type":"MultiPolygon","coordinates":[[[[204349.1,1679606.96],[204334.48,1679621.27],[204341.05,1679627.89],[204335.71,1679633.12],[204318.63,1679615.88],[204338.58,1679596.35],[204349.1,1679606.96]]]]}},{"type":"Feature","properties":{"building":"yes","height":6,"heightSource":"default"},"geometry":{"type":"MultiPolygon","coordinates":[[[[204356.33,1679577.85],[204373.71,1679593.81],[204368.31,1679599.61],[204361.63,1679593.47],[204350.4,1679605.55],[204339.71,1679595.72],[204356.33,1679577.85]]]]}},{"type":"Feature","properties":{"building":"yes","height":6,"heightSource":"default"},"geometry":{"type":"MultiPolygon","coordinates":[[[[204349.51,1679642.99],[204358.99,1679635.6],[204368.04,1679647.06],[204358.55,1679654.46],[204349.51,1679642.99]]]]}},{"type":"Feature","properties":{"building":"yes","height":6,"heightSource":"default"},"geometry":{"type":"MultiPolygon","coordinates":[[[[204380.5,1679645.34],[204384.11,1679649.96],[204402.13,1679636.09],[204405,1679639.77],[204400.53,1679643.22],[204406.72,1679651.17],[204375,1679675.61],[204359.01,1679655.12],[204365.19,1679650.36],[204368.49,1679654.58],[204380.5,1679645.34]]]]}},{"type":"Feature","properties":{"building":"yes","height":6,"heightSource":"default"},"geometry":{"type":"MultiPolygon","coordinates":[[[[204400.75,1679629.14],[204407.81,1679623.94],[204419.92,1679640.2],[204412.85,1679645.39],[204400.75,1679629.14]]]]}},{"type":"Feature","properties":{"building":"yes","height":6,"heightSource":"default"},"geometry":{"type":"MultiPolygon","coordinates":[[[[204432.32,1679633.06],[204425.23,1679639.57],[204412,1679625.32],[204419.09,1679618.82],[204432.32,1679633.06]]]]}},{"type":"Feature","properties":{"building":"yes","height":6,"heightSource":"default"},"geometry":{"type":"MultiPolygon","coordinates":[[[[204400.15,1679595.86],[204412.11,1679580.63],[204420.34,1679587.02],[204424.17,1679582.15],[204431.55,1679587.88],[204428.77,1679591.4],[204432.75,1679594.49],[204426.98,1679601.83],[204412.89,1679590.89],[204405.64,1679600.13],[204400.15,1679595.86]]]]}},{"type":"Feature","properties":{"building":"yes","height":6,"heightSource":"default"},"geometry":{"type":"MultiPolygon","coordinates":[[[[204416.29,1679561.5],[204429.12,1679577.16],[204418.96,1679585.39],[204406.12,1679569.72],[204416.29,1679561.5]]]]}},{"type":"Feature","properties":{"building":"yes","height":6,"heightSource":"default"},"geometry":{"type":"MultiPolygon","coordinates":[[[[204402.13,1679558.81],[204390.84,1679570.27],[204382.46,1679562.13],[204383.61,1679560.96],[204378.49,1679556],[204392.93,1679541.33],[204410.21,1679558.15],[204405.93,1679562.5],[204402.13,1679558.81]]]]}},{"type":"Feature","properties":{"building":"yes","height":6,"heightSource":"default"},"geometry":{"type":"MultiPolygon","coordinates":[[[[204451.03,1679554.89],[204454.28,1679534.53],[204460.02,1679535.43],[204460.91,1679529.85],[204454.33,1679528.81],[204455.92,1679518.87],[204470.36,1679521.14],[204469.02,1679529.51],[204463.28,1679528.61],[204461.99,1679536.7],[204473.35,1679538.48],[204470.24,1679557.92],[204451.03,1679554.89]]]]}},{"type":"Feature","properties":{"building":"yes","height":6,"heightSource":"default"},"geometry":{"type":"MultiPolygon","coordinates":[[[[204479.28,1679504.03],[204476.42,1679515.51],[204459.63,1679511.37],[204462.49,1679499.9],[204479.28,1679504.03]]]]}},{"type":"Feature","properties":{"building":"yes","height":6,"heightSource":"default"},"geometry":{"type":"MultiPolygon","coordinates":[[[[204433.11,1679485.3],[204449.24,1679485.8],[204448.22,1679519],[204432.09,1679518.52],[204433.11,1679485.3]]]]}},{"type":"Feature","properties":{"building":"yes","height":6,"heightSource":"default"},"geometry":{"type":"MultiPolygon","coordinates":[[[[204406.66,1679518.64],[204409.92,1679526.88],[204401.87,1679530.01],[204398.62,1679521.77],[204406.66,1679518.64]]]]}},{"type":"Feature","properties":{"building":"yes","height":6,"heightSource":"default"},"geometry":{"type":"MultiPolygon","coordinates":[[[[204411.5,1679484.07],[204411.84,1679494.96],[204398.29,1679495.39],[204397.94,1679484.51],[204411.5,1679484.07]]]]}},{"type":"Feature","properties":{"building":"yes","height":6,"heightSource":"default"},"geometry":{"type":"MultiPolygon","coordinates":[[[[204361.39,1679495.01],[204360.9,1679467.39],[204385.57,1679466.96],[204386.29,1679507.46],[204379.5,1679507.59],[204379.27,1679494.7],[204361.39,1679495.01]]]]}},{"type":"Feature","properties":{"building":"yes","height":6,"heightSource":"default"},"geometry":{"type":"MultiPolygon","coordinates":[[[[204448.29,1679474.16],[204445.7,1679474.05],[204445.26,1679484.92],[204429.73,1679484.31],[204430.05,1679476.02],[204438.69,1679476.35],[204439.25,1679462.34],[204448.75,1679462.72],[204448.29,1679474.16]]]]}},{"type":"Feature","properties":{"building":"yes","height":6,"heightSource":"default"},"geometry":{"type":"MultiPolygon","coordinates":[[[[204460.66,1679495.44],[204480.02,1679497.9],[204483.84,1679468.32],[204464.48,1679465.86],[204460.66,1679495.44]]]]}},{"type":"Feature","properties":{"building":"yes","height":6,"heightSource":"default"},"geometry":{"type":"MultiPolygon","coordinates":[[[[204396.06,1679625.51],[204391.01,1679631.04],[204385.07,1679625.68],[204390.12,1679620.14],[204396.06,1679625.51]]]]}},{"type":"Feature","properties":{"building":"yes","height":6,"heightSource":"default"},"geometry":{"type":"MultiPolygon","coordinates":[[[[204450.36,1679591.97],[204458.67,1679594.8],[204462.02,1679585.11],[204453.72,1679582.28],[204450.36,1679591.97]]]]}},{"type":"Feature","properties":{"building":"yes","height":6,"heightSource":"default"},"geometry":{"type":"MultiPolygon","coordinates":[[[[204449.05,1679580.15],[204462.31,1679584.71],[204464.64,1679577.96],[204454.64,1679573.99],[204451.54,1679573],[204449.05,1679580.15]]]]}},{"type":"Feature","properties":{"building":"yes","height":6,"heightSource":"default"},"geometry":{"type":"MultiPolygon","coordinates":[[[[204454.64,1679573.99],[204464.64,1679577.96],[204466.04,1679578.51],[204468.82,1679571.58],[204460.17,1679568.28],[204457.41,1679567.13],[204454.64,1679573.99]]]]}},{"type":"Feature","properties":{"building":"yes","height":6,"heightSource":"default"},"geometry":{"type":"MultiPolygon","coordinates":[[[[204460.17,1679568.28],[204457.41,1679567.13],[204443.03,1679561.19],[204447.14,1679551.36],[204464.29,1679558.45],[204460.17,1679568.28]]]]}},{"type":"Feature","properties":{"building":"yes","height":6,"heightSource":"default"},"geometry":{"type":"MultiPolygon","coordinates":[[[[204147.21,1679361.66],[204142.12,1679378.59],[204133.81,1679376.12],[204138.9,1679359.19],[204147.21,1679361.66]]]]}},{"type":"Feature","properties":{"building":"yes","height":6,"heightSource":"default"},"geometry":{"type":"MultiPolygon","coordinates":[[[[204148.1,1679360.98],[204156.87,1679362.9],[204152.92,1679380.9],[204144.13,1679378.99],[204148.1,1679360.98]]]]}},{"type":"Feature","properties":{"building":"yes","height":6,"heightSource":"default"},"geometry":{"type":"MultiPolygon","coordinates":[[[[204155.09,1679380.09],[204159.3,1679364.21],[204166.95,1679366.21],[204162.75,1679382.09],[204155.09,1679380.09]]]]}},{"type":"Feature","properties":{"building":"yes","height":6,"heightSource":"default"},"geometry":{"type":"MultiPolygon","coordinates":[[[[204171.33,1679367.62],[204180.61,1679369.44],[204177.35,1679385.79],[204168.08,1679383.97],[204171.33,1679367.62]]]]}},{"type":"Feature","properties":{"building":"yes","height":6,"heightSource":"default"},"geometry":{"type":"MultiPolygon","coordinates":[[[[204197.72,1679372.44],[204201.57,1679375.29],[204198.96,1679378.75],[204195.12,1679375.89],[204197.72,1679372.44]]]]}},{"type":"Feature","properties":{"building":"yes","height":6,"heightSource":"default"},"geometry":{"type":"MultiPolygon","coordinates":[[[[204193.29,1679381.86],[204201.88,1679382.57],[204201.1,1679391.95],[204192.52,1679391.25],[204193.29,1679381.86]]]]}},{"type":"Feature","properties":{"building":"yes","height":6,"heightSource":"default"},"geometry":{"type":"MultiPolygon","coordinates":[[[[204201.79,1679391.55],[204204.59,1679371.63],[204213.06,1679372.81],[204210.26,1679392.73],[204201.79,1679391.55]]]]}},{"type":"Feature","properties":{"building":"yes","height":6,"heightSource":"default"},"geometry":{"type":"MultiPolygon","coordinates":[[[[204224.24,1679386.82],[204220.67,1679397.33],[204209.59,1679393.6],[204212.63,1679384.64],[204213.28,1679384.85],[204216.41,1679375.64],[204227.11,1679379.22],[204226.42,1679381.27],[204230.66,1679382.7],[204228.74,1679388.34],[204224.24,1679386.82]]]]}},{"type":"Feature","properties":{"building":"yes","height":6,"heightSource":"default"},"geometry":{"type":"MultiPolygon","coordinates":[[[[204233.39,1679385.41],[204243.93,1679387],[204242.28,1679397.91],[204231.72,1679396.32],[204233.39,1679385.41]]]]}},{"type":"Feature","properties":{"building":"yes","height":6,"heightSource":"default"},"geometry":{"type":"MultiPolygon","coordinates":[[[[204253.48,1679384.54],[204250.98,1679397.92],[204243.18,1679396.49],[204245.69,1679383.11],[204253.48,1679384.54]]]]}},{"type":"Feature","properties":{"building":"yes","height":6,"heightSource":"default"},"geometry":{"type":"MultiPolygon","coordinates":[[[[204271.62,1679384.31],[204268.94,1679397.62],[204260.36,1679395.92],[204263.03,1679382.61],[204271.62,1679384.31]]]]}},{"type":"Feature","properties":{"building":"yes","height":6,"heightSource":"default"},"geometry":{"type":"MultiPolygon","coordinates":[[[[204278.5,1679411.43],[204283.29,1679397.8],[204291.74,1679400.74],[204286.94,1679414.37],[204278.5,1679411.43]]]]}},{"type":"Feature","properties":{"building":"yes","height":6,"heightSource":"default"},"geometry":{"type":"MultiPolygon","coordinates":[[[[204293.85,1679391.02],[204300.35,1679393.12],[204297.4,1679402.16],[204290.9,1679400.06],[204293.85,1679391.02]]]]}},{"type":"Feature","properties":{"building":"yes","height":6,"heightSource":"default"},"geometry":{"type":"MultiPolygon","coordinates":[[[[204298.14,1679403.42],[204296.94,1679412.13],[204289.87,1679411.16],[204291.07,1679402.46],[204298.14,1679403.42]]]]}},{"type":"Feature","properties":{"building":"yes","height":6,"heightSource":"default"},"geometry":{"type":"MultiPolygon","coordinates":[[[[204299.15,1679404.88],[204307.44,1679406.54],[204303.94,1679423.73],[204295.65,1679422.07],[204299.15,1679404.88]]]]}},{"type":"Feature","properties":{"building":"yes","height":6,"heightSource":"default"},"geometry":{"type":"MultiPolygon","coordinates":[[[[204334.58,1679404.9],[204330.73,1679420.84],[204321.77,1679418.7],[204323.2,1679412.75],[204316.95,1679411.27],[204316.16,1679414.5],[204308.28,1679412.62],[204311.48,1679399.39],[204334.58,1679404.9]]]]}},{"type":"Feature","properties":{"building":"yes","height":6,"heightSource":"default"},"geometry":{"type":"MultiPolygon","coordinates":[[[[204318.19,1679418.98],[204315.96,1679429.96],[204307.39,1679428.25],[204309.62,1679417.26],[204318.19,1679418.98]]]]}},{"type":"Feature","properties":{"building":"yes","height":6,"heightSource":"default"},"geometry":{"type":"MultiPolygon","coordinates":[[[[204328.04,1679423.18],[204323.6,1679433.34],[204315.98,1679430.06],[204320.43,1679419.89],[204328.04,1679423.18]]]]}},{"type":"Feature","properties":{"building":"yes","height":6,"heightSource":"default"},"geometry":{"type":"MultiPolygon","coordinates":[[[[204327.4,1679438.65],[204330.76,1679426.42],[204342.12,1679429.49],[204338.77,1679441.72],[204327.4,1679438.65]]]]}},{"type":"Feature","properties":{"building":"yes","height":6,"heightSource":"default"},"geometry":{"type":"MultiPolygon","coordinates":[[[[204332.95,1679421.11],[204334.22,1679408.17],[204341.48,1679408.88],[204340.97,1679414.15],[204338.55,1679413.92],[204337.79,1679421.58],[204332.95,1679421.11]]]]}},{"type":"Feature","properties":{"building":"yes","height":6,"heightSource":"default"},"geometry":{"type":"MultiPolygon","coordinates":[[[[204338.62,1679414.43],[204346.82,1679414.09],[204347.19,1679423.13],[204338.99,1679423.48],[204338.62,1679414.43]]]]}},{"type":"Feature","properties":{"building":"yes","height":6,"heightSource":"default"},"geometry":{"type":"MultiPolygon","coordinates":[[[[204360.96,1679433.64],[204360.05,1679447.03],[204346.71,1679446.14],[204347.61,1679432.74],[204360.96,1679433.64]]]]}},{"type":"Feature","properties":{"building":"yes","height":6,"heightSource":"default"},"geometry":{"type":"MultiPolygon","coordinates":[[[[204310.82,1679458.37],[204319.17,1679442.49],[204326.37,1679446.23],[204318.02,1679462.11],[204310.82,1679458.37]]]]}},{"type":"Feature","properties":{"building":"yes","height":6,"heightSource":"default"},"geometry":{"type":"MultiPolygon","coordinates":[[[[204384.82,1679455.17],[204374.88,1679455.1],[204374.97,1679443.75],[204384.91,1679443.82],[204384.82,1679455.17]]]]}},{"type":"Feature","properties":{"building":"yes","height":6,"heightSource":"default"},"geometry":{"type":"MultiPolygon","coordinates":[[[[204380.72,1679413.64],[204379.43,1679429],[204347.1,1679426.32],[204348.36,1679411.26],[204363.81,1679412.54],[204363.84,1679412.25],[204380.72,1679413.64]]]]}},{"type":"Feature","properties":{"building":"yes","height":6,"heightSource":"default"},"geometry":{"type":"MultiPolygon","coordinates":[[[[204405.58,1679435.57],[204406.28,1679452.46],[204395.91,1679452.87],[204395.22,1679435.98],[204405.58,1679435.57]]]]}},{"type":"Feature","properties":{"building":"yes","height":6,"heightSource":"default"},"geometry":{"type":"MultiPolygon","coordinates":[[[[204406.52,1679426.96],[204388.64,1679426.78],[204388.72,1679418.47],[204406.6,1679418.66],[204406.52,1679426.96]]]]}},{"type":"Feature","properties":{"building":"yes","height":6,"heightSource":"default"},"geometry":{"type":"MultiPolygon","coordinates":[[[[204430.26,1679428.48],[204406.9,1679428.19],[204407.03,1679418.44],[204430.39,1679418.73],[204430.26,1679428.48]]]]}},{"type":"Feature","properties":{"building":"yes","height":6,"heightSource":"default"},"geometry":{"type":"MultiPolygon","coordinates":[[[[204417.39,1679431.87],[204428.64,1679431.87],[204428.65,1679450.96],[204417.4,1679450.96],[204417.39,1679431.87]]]]}},{"type":"Feature","properties":{"building":"yes","height":6,"heightSource":"default"},"geometry":{"type":"MultiPolygon","coordinates":[[[[204450.03,1679429.28],[204469.32,1679429.95],[204468.94,1679440.82],[204449.65,1679440.16],[204450.03,1679429.28]]]]}},{"type":"Feature","properties":{"building":"yes","height":6,"heightSource":"default"},"geometry":{"type":"MultiPolygon","coordinates":[[[[204461.5,1679406.05],[204480.79,1679406.7],[204480.41,1679417.58],[204461.12,1679416.92],[204461.5,1679406.05]]]]}},{"type":"Feature","properties":{"building":"yes","height":6,"heightSource":"default"},"geometry":{"type":"MultiPolygon","coordinates":[[[[204468.59,1679368.88],[204469.59,1679401.24],[204453.45,1679401.74],[204452.45,1679369.37],[204468.59,1679368.88]]]]}},{"type":"Feature","properties":{"building":"yes","height":6,"heightSource":"default"},"geometry":{"type":"MultiPolygon","coordinates":[[[[204415.24,1679359.26],[204473.65,1679356.04],[204474.32,1679368.06],[204450.73,1679369.35],[204452.38,1679399.1],[204425.33,1679400.58],[204424.31,1679382.29],[204416.54,1679382.71],[204415.24,1679359.26]]]]}},{"type":"Feature","properties":{"building":"yes","height":6,"heightSource":"default"},"geometry":{"type":"MultiPolygon","coordinates":[[[[204388.5,1679382.38],[204390.39,1679374.54],[204402.77,1679377.5],[204400.59,1679386.52],[204406.03,1679387.81],[204404.42,1679394.46],[204392.19,1679391.54],[204394.08,1679383.71],[204388.5,1679382.38]]]]}},{"type":"Feature","properties":{"building":"yes","height":6,"heightSource":"default"},"geometry":{"type":"MultiPolygon","coordinates":[[[[204433.15,1679412.55],[204438.78,1679412.45],[204438.91,1679420.09],[204433.29,1679420.18],[204433.15,1679412.55]]]]}},{"type":"Feature","properties":{"building":"yes","height":6,"heightSource":"default"},"geometry":{"type":"MultiPolygon","coordinates":[[[[204353.69,1679304.42],[204389.17,1679314.95],[204376.79,1679356.11],[204341.31,1679345.57],[204353.69,1679304.42]]]]}},{"type":"Feature","properties":{"building":"yes","height":6,"heightSource":"default"},"geometry":{"type":"MultiPolygon","coordinates":[[[[204384.35,1679359.23],[204373.17,1679400.52],[204361.64,1679397.44],[204360.93,1679400.09],[204353.16,1679398.02],[204362.74,1679362.59],[204291.45,1679343.54],[204291.31,1679344.07],[204276.3,1679340.06],[204280.62,1679324.08],[204277.14,1679323.15],[204281.39,1679307.42],[204286.75,1679308.86],[204287.98,1679304.33],[204346.68,1679320.02],[204339.32,1679347.19],[204384.35,1679359.23]]]]}},{"type":"Feature","properties":{"building":"yes","height":6,"heightSource":"default"},"geometry":{"type":"MultiPolygon","coordinates":[[[[204277.55,1679277.16],[204286.69,1679258.51],[204307.77,1679268.72],[204298.63,1679287.36],[204277.55,1679277.16]]]]}},{"type":"Feature","properties":{"building":"yes","height":6,"heightSource":"default"},"geometry":{"type":"MultiPolygon","coordinates":[[[[204246.29,1679338.48],[204237.37,1679312.11],[204253.5,1679306.71],[204261.52,1679330.4],[204272.18,1679326.82],[204275.02,1679335.2],[204261.23,1679339.81],[204259.3,1679334.12],[204246.29,1679338.48]]]]}},{"type":"Feature","properties":{"building":"yes","height":6,"heightSource":"default"},"geometry":{"type":"MultiPolygon","coordinates":[[[[204237.69,1679339.26],[204243.85,1679339.77],[204242.49,1679355.81],[204236.34,1679355.3],[204237.69,1679339.26]]]]}},{"type":"Feature","properties":{"building":"yes","height":6,"heightSource":"default"},"geometry":{"type":"MultiPolygon","coordinates":[[[[204240.5,1679369.73],[204244.5,1679353.57],[204252.64,1679355.56],[204248.64,1679371.72],[204240.5,1679369.73]]]]}},{"type":"Feature","properties":{"building":"yes","height":6,"heightSource":"default"},"geometry":{"type":"MultiPolygon","coordinates":[[[[204245.2,1679353.65],[204246.06,1679346.88],[204255.13,1679348.01],[204254.28,1679354.77],[204245.2,1679353.65]]]]}},{"type":"Feature","properties":{"building":"yes","height":6,"heightSource":"default"},"geometry":{"type":"MultiPolygon","coordinates":[[[[204255.49,1679354.43],[204257.8,1679342.09],[204264.75,1679343.38],[204262.45,1679355.71],[204255.49,1679354.43]]]]}},{"type":"Feature","properties":{"building":"yes","height":6,"heightSource":"default"},"geometry":{"type":"MultiPolygon","coordinates":[[[[204271.14,1679354.57],[204272.75,1679345.83],[204279.86,1679347.12],[204278.25,1679355.86],[204271.14,1679354.57]]]]}},{"type":"Feature","properties":{"building":"yes","height":6,"heightSource":"default"},"geometry":{"type":"MultiPolygon","coordinates":[[[[204284.63,1679348.07],[204291.64,1679349.86],[204289.73,1679357.21],[204282.73,1679355.4],[204284.63,1679348.07]]]]}},{"type":"Feature","properties":{"building":"yes","height":6,"heightSource":"default"},"geometry":{"type":"MultiPolygon","coordinates":[[[[204286.52,1679378.56],[204276.2,1679376.38],[204278.5,1679365.72],[204281.25,1679366.29],[204282.74,1679359.35],[204290.31,1679360.96],[204286.52,1679378.56]]]]}},{"type":"Feature","properties":{"building":"yes","height":6,"heightSource":"default"},"geometry":{"type":"MultiPolygon","coordinates":[[[[204316.25,1679374.98],[204315.71,1679383.83],[204305.52,1679383.22],[204306.07,1679374.37],[204316.25,1679374.98]]]]}},{"type":"Feature","properties":{"building":"yes","height":6,"heightSource":"default"},"geometry":{"type":"MultiPolygon","coordinates":[[[[204329.84,1679396.12],[204331.44,1679381.24],[204341.97,1679382.35],[204340.38,1679397.24],[204329.84,1679396.12]]]]}},{"type":"Feature","properties":{"building":"yes","height":6,"heightSource":"default"},"geometry":{"type":"MultiPolygon","coordinates":[[[[204229.23,1679357.9],[204235.4,1679359.54],[204232.91,1679368.87],[204226.74,1679367.24],[204229.23,1679357.9]]]]}},{"type":"Feature","properties":{"building":"yes","height":6,"heightSource":"default"},"geometry":{"type":"MultiPolygon","coordinates":[[[[204228.11,1679357.66],[204226.19,1679367.28],[204217.61,1679365.6],[204219.53,1679355.97],[204228.11,1679357.66]]]]}},{"type":"Feature","properties":{"building":"yes","height":6,"heightSource":"default"},"geometry":{"type":"MultiPolygon","coordinates":[[[[204206.7,1679363.52],[204206.85,1679352.07],[204217.82,1679352.22],[204217.65,1679363.68],[204206.7,1679363.52]]]]}},{"type":"Feature","properties":{"building":"yes","height":6,"heightSource":"default"},"geometry":{"type":"MultiPolygon","coordinates":[[[[204207.9,1679350.58],[204209.25,1679334.08],[204218.98,1679334.86],[204217.63,1679351.37],[204207.9,1679350.58]]]]}},{"type":"Feature","properties":{"building":"yes","height":6,"heightSource":"default"},"geometry":{"type":"MultiPolygon","coordinates":[[[[204222.49,1679354.33],[204223.83,1679337.84],[204233.56,1679338.62],[204232.22,1679355.12],[204222.49,1679354.33]]]]}},{"type":"Feature","properties":{"building":"yes","height":6,"heightSource":"default"},"geometry":{"type":"MultiPolygon","coordinates":[[[[204210.34,1679323.49],[204219.1,1679322.85],[204219.71,1679331.12],[204210.95,1679331.76],[204210.34,1679323.49]]]]}},{"type":"Feature","properties":{"building":"yes","height":6,"heightSource":"default"},"geometry":{"type":"MultiPolygon","coordinates":[[[[204225.44,1679325.86],[204234.2,1679325.23],[204234.81,1679333.5],[204226.05,1679334.13],[204225.44,1679325.86]]]]}},{"type":"Feature","properties":{"building":"yes","height":6,"heightSource":"default"},"geometry":{"type":"MultiPolygon","coordinates":[[[[204204.28,1679310.44],[204215.5,1679309.91],[204215.96,1679319.64],[204204.73,1679320.17],[204204.28,1679310.44]]]]}},{"type":"Feature","properties":{"building":"yes","height":6,"heightSource":"default"},"geometry":{"type":"MultiPolygon","coordinates":[[[[204194.82,1679328.71],[204194.05,1679311.13],[204203.41,1679310.72],[204204.18,1679328.31],[204194.82,1679328.71]]]]}},{"type":"Feature","properties":{"building":"yes","height":6,"heightSource":"default"},"geometry":{"type":"MultiPolygon","coordinates":[[[[204193.35,1679315.84],[204192.73,1679332.84],[204183.23,1679332.49],[204183.85,1679315.5],[204193.35,1679315.84]]]]}},{"type":"Feature","properties":{"building":"yes","height":6,"heightSource":"default"},"geometry":{"type":"MultiPolygon","coordinates":[[[[204195.48,1679342.14],[204192.71,1679354.38],[204182.3,1679352.06],[204185.07,1679339.82],[204195.48,1679342.14]]]]}},{"type":"Feature","properties":{"building":"yes","height":6,"heightSource":"default"},"geometry":{"type":"MultiPolygon","coordinates":[[[[204181.03,1679348.75],[204173.12,1679348.5],[204173.4,1679340.03],[204181.33,1679340.3],[204181.03,1679348.75]]]]}},{"type":"Feature","properties":{"building":"yes","height":6,"heightSource":"default"},"geometry":{"type":"MultiPolygon","coordinates":[[[[204157.96,1679354.08],[204162.1,1679328.71],[204169.11,1679329.84],[204164.97,1679355.21],[204157.96,1679354.08]]]]}},{"type":"Feature","properties":{"building":"yes","height":6,"heightSource":"default"},"geometry":{"type":"MultiPolygon","coordinates":[[[[204153.63,1679339.89],[204157.37,1679340.01],[204157.15,1679347.17],[204153.41,1679347.05],[204153.63,1679339.89]]]]}},{"type":"Feature","properties":{"building":"yes","height":6,"heightSource":"default"},"geometry":{"type":"MultiPolygon","coordinates":[[[[204223.76,1679282.22],[204230.25,1679280.02],[204231.84,1679284.66],[204225.35,1679286.86],[204223.76,1679282.22]]]]}},{"type":"Feature","properties":{"building":"yes","height":6,"heightSource":"default"},"geometry":{"type":"MultiPolygon","coordinates":[[[[204341.32,1679734.47],[204364.67,1679715.62],[204375.22,1679728.53],[204366.27,1679735.75],[204370.97,1679741.51],[204380.8,1679733.58],[204399.34,1679756.24],[204375.12,1679775.8],[204341.32,1679734.47]]]]}},{"type":"Feature","properties":{"building":"yes","height":6,"heightSource":"default"},"geometry":{"type":"MultiPolygon","coordinates":[[[[204405.78,1679810.01],[204419.43,1679802.62],[204424.06,1679811.08],[204410.41,1679818.47],[204405.78,1679810.01]]]]}},{"type":"Feature","properties":{"building":"yes","height":6,"heightSource":"default"},"geometry":{"type":"MultiPolygon","coordinates":[[[[204412.68,1679786.41],[204420.01,1679793.19],[204408.49,1679805.47],[204401.17,1679798.69],[204412.68,1679786.41]]]]}},{"type":"Feature","properties":{"building":"yes","height":6,"heightSource":"default"},"geometry":{"type":"MultiPolygon","coordinates":[[[[204428.35,1679791.25],[204432.74,1679797.4],[204423.84,1679803.68],[204419.44,1679797.53],[204428.35,1679791.25]]]]}},{"type":"Feature","properties":{"building":"yes","height":6,"heightSource":"default"},"geometry":{"type":"MultiPolygon","coordinates":[[[[204392.98,1679832.94],[204403.42,1679825.23],[204418.69,1679845.68],[204408.26,1679853.39],[204392.98,1679832.94]]]]}},{"type":"Feature","properties":{"building":"yes","height":6,"heightSource":"default"},"geometry":{"type":"MultiPolygon","coordinates":[[[[204418.83,1679846.28],[204428.24,1679854.36],[204421.38,1679862.26],[204411.97,1679854.17],[204418.83,1679846.28]]]]}},{"type":"Feature","properties":{"building":"yes","height":6,"heightSource":"default"},"geometry":{"type":"MultiPolygon","coordinates":[[[[204425.9,1679873.17],[204430.13,1679870.6],[204427.04,1679865.54],[204424.28,1679867.21],[204420.84,1679861.6],[204430.8,1679855.56],[204440.74,1679871.78],[204429.3,1679878.71],[204425.9,1679873.17]]]]}},{"type":"Feature","properties":{"building":"yes","height":6,"heightSource":"default"},"geometry":{"type":"MultiPolygon","coordinates":[[[[204510.28,1679950.5],[204502.77,1679956.79],[204470.61,1679918.79],[204469.31,1679919.88],[204435,1679879.34],[204443.81,1679871.97],[204510.28,1679950.5]]]]}},{"type":"Feature","properties":{"building":"yes","height":6,"heightSource":"default"},"geometry":{"type":"MultiPolygon","coordinates":[[[[204795.18,1680101.7],[204796.37,1680086.03],[204859.11,1680090.74],[204857.92,1680106.4],[204795.18,1680101.7]]]]}},{"type":"Feature","properties":{"building":"yes","height":6,"heightSource":"default"},"geometry":{"type":"MultiPolygon","coordinates":[[[[204858.24,1680082.83],[204843.25,1680082.8],[204843.25,1680079.93],[204837.77,1680079.92],[204837.78,1680075.9],[204833.45,1680075.9],[204833.44,1680080.49],[204810.2,1680080.43],[204810.25,1680058.65],[204842.26,1680058.73],[204842.35,1680018.6],[204829.27,1680018.57],[204829.3,1680004.24],[204854.1,1680004.3],[204854.07,1680018.91],[204858.39,1680018.93],[204858.24,1680082.83]]]]}},{"type":"Feature","properties":{"building":"yes","height":6,"heightSource":"default"},"geometry":{"type":"MultiPolygon","coordinates":[[[[204796.71,1680065.84],[204809.37,1680065.13],[204810.11,1680078.29],[204797.45,1680078.99],[204796.71,1680065.84]]]]}},{"type":"Feature","properties":{"building":"yes","height":6,"heightSource":"default"},"geometry":{"type":"MultiPolygon","coordinates":[[[[204813.8,1680030.86],[204818.08,1680031.31],[204817.39,1680037.67],[204801.73,1680035.97],[204802.54,1680028.62],[204805.09,1680028.9],[204805.56,1680024.65],[204814.38,1680025.6],[204813.8,1680030.86]]]]}},{"type":"Feature","properties":{"building":"yes","height":6,"heightSource":"default"},"geometry":{"type":"MultiPolygon","coordinates":[[[[204842.54,1680020.49],[204841.42,1680026.58],[204825.55,1680023.7],[204826.67,1680017.62],[204842.54,1680020.49]]]]}},{"type":"Feature","properties":{"building":"yes","height":6,"heightSource":"default"},"geometry":{"type":"MultiPolygon","coordinates":[[[[204810.8,1679994.95],[204826.46,1679999.89],[204822.09,1680013.52],[204806.45,1680008.57],[204810.8,1679994.95]]]]}},{"type":"Feature","properties":{"building":"yes","height":6,"heightSource":"default"},"geometry":{"type":"MultiPolygon","coordinates":[[[[204805.99,1680010.63],[204810.09,1680011.55],[204808.59,1680018.07],[204804.49,1680017.14],[204805.99,1680010.63]]]]}},{"type":"Feature","properties":{"building":"yes","height":6,"heightSource":"default"},"geometry":{"type":"MultiPolygon","coordinates":[[[[204806.65,1679996.04],[204797.69,1680030],[204785.05,1680026.71],[204794,1679992.76],[204806.65,1679996.04]]]]}},{"type":"Feature","properties":{"building":"yes","height":6,"heightSource":"default"},"geometry":{"type":"MultiPolygon","coordinates":[[[[204776.44,1680057.17],[204782.2,1680035.86],[204791.85,1680038.43],[204793.87,1680030.98],[204800.95,1680032.86],[204798.57,1680041.65],[204796.42,1680041.08],[204795.06,1680046.14],[204793.99,1680045.86],[204793.34,1680048.26],[204798.71,1680049.68],[204797.7,1680053.42],[204796.09,1680052.98],[204795.7,1680054.43],[204791.84,1680053.4],[204789.85,1680060.75],[204776.44,1680057.17]]]]}},{"type":"Feature","properties":{"building":"yes","height":6,"heightSource":"default"},"geometry":{"type":"MultiPolygon","coordinates":[[[[204795.23,1680074.53],[204761.05,1680069.49],[204762.88,1680057.18],[204797.08,1680062.22],[204795.23,1680074.53]]]]}},{"type":"Feature","properties":{"building":"yes","height":6,"heightSource":"default"},"geometry":{"type":"MultiPolygon","coordinates":[[[[204754.76,1680097.84],[204753.94,1680071.36],[204766.33,1680070.99],[204767.15,1680097.46],[204754.76,1680097.84]]]]}},{"type":"Feature","properties":{"building":"yes","height":6,"heightSource":"default"},"geometry":{"type":"MultiPolygon","coordinates":[[[[204774.06,1680103.11],[204773.23,1680076.65],[204785.63,1680076.26],[204786.46,1680102.74],[204774.06,1680103.11]]]]}},{"type":"Feature","properties":{"building":"yes","height":6,"heightSource":"default"},"geometry":{"type":"MultiPolygon","coordinates":[[[[204742.21,1680066.41],[204753.63,1680068.43],[204748.46,1680097.26],[204737.03,1680095.23],[204742.21,1680066.41]]]]}},{"type":"Feature","properties":{"building":"yes","height":6,"heightSource":"default"},"geometry":{"type":"MultiPolygon","coordinates":[[[[204754.24,1680043.45],[204751.28,1680063.2],[204738.33,1680061.28],[204740.11,1680049.37],[204742.94,1680049.79],[204744.11,1680041.95],[204754.24,1680043.45]]]]}},{"type":"Feature","properties":{"building":"yes","height":6,"heightSource":"default"},"geometry":{"type":"MultiPolygon","coordinates":[[[[204739.12,1680050.18],[204737.66,1680065.5],[204731.66,1680064.93],[204729.32,1680089.46],[204719.21,1680088.5],[204721.59,1680063.7],[204722.56,1680063.8],[204724,1680048.75],[204739.12,1680050.18]]]]}},{"type":"Feature","properties":{"building":"yes","height":6,"heightSource":"default"},"geometry":{"type":"MultiPolygon","coordinates":[[[[204730.42,1680048.02],[204731.19,1680042.12],[204723.26,1680041.09],[204724.96,1680028.14],[204736.57,1680029.65],[204734.1,1680048.5],[204730.42,1680048.02]]]]}},{"type":"Feature","properties":{"building":"yes","height":6,"heightSource":"default"},"geometry":{"type":"MultiPolygon","coordinates":[[[[204723.88,1680024.41],[204696.75,1680019.84],[204698.6,1680009],[204715.94,1680011.92],[204716.46,1680008.86],[204763.46,1680016.79],[204760.56,1680033.74],[204723.36,1680027.48],[204723.88,1680024.41]]]]}},{"type":"Feature","properties":{"building":"yes","height":6,"heightSource":"default"},"geometry":{"type":"MultiPolygon","coordinates":[[[[204787.66,1679999.47],[204781.43,1680024.82],[204773.02,1680022.79],[204779.25,1679997.44],[204787.66,1679999.47]]]]}},{"type":"Feature","properties":{"building":"yes","height":6,"heightSource":"default"},"geometry":{"type":"MultiPolygon","coordinates":[[[[204737.6,1679977.76],[204738.84,1679973.06],[204767.34,1679980.52],[204766.1,1679985.2],[204737.6,1679977.76]]]]}},{"type":"Feature","properties":{"building":"yes","height":6,"heightSource":"default"},"geometry":{"type":"MultiPolygon","coordinates":[[[[204721.31,1679964.22],[204730.06,1679969.77],[204704.56,1680009.43],[204699.48,1680006.22],[204693.38,1680015.71],[204689.73,1680013.38],[204721.31,1679964.22]]]]}},{"type":"Feature","properties":{"building":"yes","height":6,"heightSource":"default"},"geometry":{"type":"MultiPolygon","coordinates":[[[[204710.45,1679950.19],[204724.36,1679959.85],[204715.23,1679972.83],[204701.34,1679963.18],[204710.45,1679950.19]]]]}},{"type":"Feature","properties":{"building":"yes","height":6,"heightSource":"default"},"geometry":{"type":"MultiPolygon","coordinates":[[[[204675.27,1679972.81],[204679.59,1679977.31],[204681.36,1679975.63],[204685.65,1679980.09],[204677.6,1679987.72],[204669,1679978.75],[204675.27,1679972.81]]]]}},{"type":"Feature","properties":{"building":"yes","height":6,"heightSource":"default"},"geometry":{"type":"MultiPolygon","coordinates":[[[[204634.71,1679993.41],[204667.52,1679970.38],[204671.69,1679976.25],[204653.5,1679989],[204657.35,1679994.4],[204660.65,1679992.09],[204664.62,1679997.69],[204650.06,1680007.9],[204642.93,1679997.87],[204639.56,1680000.24],[204634.71,1679993.41]]]]}},{"type":"Feature","properties":{"building":"yes","height":6,"heightSource":"default"},"geometry":{"type":"MultiPolygon","coordinates":[[[[204589.65,1680012.19],[204620.97,1679981.73],[204644.66,1680005.8],[204613.35,1680036.26],[204589.65,1680012.19]]]]}},{"type":"Feature","properties":{"building":"yes","height":6,"heightSource":"default"},"geometry":{"type":"MultiPolygon","coordinates":[[[[204640.1,1680021.86],[204648.9,1680012.39],[204656.89,1680019.74],[204648.08,1680029.2],[204640.1,1680021.86]]]]}},{"type":"Feature","properties":{"building":"yes","height":6,"heightSource":"default"},"geometry":{"type":"MultiPolygon","coordinates":[[[[204665.53,1680025.76],[204671.46,1680018.95],[204678.31,1680024.84],[204672.38,1680031.65],[204665.53,1680025.76]]]]}},{"type":"Feature","properties":{"building":"yes","height":6,"heightSource":"default"},"geometry":{"type":"MultiPolygon","coordinates":[[[[204640.54,1679951.57],[204647.61,1679941.55],[204672.44,1679958.86],[204665.37,1679968.87],[204655.67,1679962.12],[204646.53,1679975.07],[204638.6,1679969.54],[204647.74,1679956.59],[204640.54,1679951.57]]]]}},{"type":"Feature","properties":{"building":"yes","height":6,"heightSource":"default"},"geometry":{"type":"MultiPolygon","coordinates":[[[[204615.66,1679897.39],[204644.03,1679919.78],[204652.1,1679909.69],[204623.72,1679887.3],[204615.66,1679897.39]]]]}},{"type":"Feature","properties":{"building":"yes","height":6,"heightSource":"default"},"geometry":{"type":"MultiPolygon","coordinates":[[[[204592.13,1679984.19],[204577.46,1679969.04],[204579.33,1679967.25],[204568.77,1679956.36],[204581.96,1679943.75],[204599.89,1679962.26],[204603.16,1679959.13],[204621.45,1679978],[204584.7,1680013.16],[204573.71,1680001.82],[204592.13,1679984.19]]]]}},{"type":"Feature","properties":{"building":"yes","height":6,"heightSource":"default"},"geometry":{"type":"MultiPolygon","coordinates":[[[[204610.07,1679943.31],[204621.76,1679965.11],[204616.25,1679968.03],[204604.56,1679946.24],[204610.07,1679943.31]]]]}},{"type":"Feature","properties":{"building":"yes","height":6,"heightSource":"default"},"geometry":{"type":"MultiPolygon","coordinates":[[[[204597.1,1679934.32],[204600.18,1679926.37],[204608.18,1679929.44],[204605.1,1679937.39],[204597.1,1679934.32]]]]}},{"type":"Feature","properties":{"building":"yes","height":6,"heightSource":"default"},"geometry":{"type":"MultiPolygon","coordinates":[[[[204576.63,1679931.51],[204582.8,1679926.3],[204591.57,1679936.59],[204585.41,1679941.79],[204576.63,1679931.51]]]]}},{"type":"Feature","properties":{"building":"yes","height":6,"heightSource":"default"},"geometry":{"type":"MultiPolygon","coordinates":[[[[204569.73,1679939.24],[204577.23,1679936.52],[204580.72,1679946.02],[204573.2,1679948.74],[204569.73,1679939.24]]]]}},{"type":"Feature","properties":{"building":"yes","height":6,"heightSource":"default"},"geometry":{"type":"MultiPolygon","coordinates":[[[[204574.02,1679948.91],[204564.87,1679955.7],[204560.68,1679950.13],[204569.83,1679943.33],[204574.02,1679948.91]]]]}},{"type":"Feature","properties":{"building":"yes","height":6,"heightSource":"default"},"geometry":{"type":"MultiPolygon","coordinates":[[[[204540.2,1679956.96],[204552.13,1679946.87],[204555.64,1679950.95],[204558.34,1679948.67],[204563.61,1679954.82],[204548.98,1679967.2],[204540.2,1679956.96]]]]}},{"type":"Feature","properties":{"building":"yes","height":6,"heightSource":"default"},"geometry":{"type":"MultiPolygon","coordinates":[[[[204532.41,1679940.18],[204540.78,1679950.65],[204534.06,1679955.96],[204525.69,1679945.49],[204532.41,1679940.18]]]]}},{"type":"Feature","properties":{"building":"yes","height":6,"heightSource":"default"},"geometry":{"type":"MultiPolygon","coordinates":[[[[204540.44,1679929.78],[204527.14,1679944.79],[204520.23,1679938.74],[204533.53,1679923.74],[204540.44,1679929.78]]]]}},{"type":"Feature","properties":{"building":"yes","height":6,"heightSource":"default"},"geometry":{"type":"MultiPolygon","coordinates":[[[[204540.07,1679934.05],[204547.61,1679940.81],[204540.9,1679948.21],[204533.35,1679941.45],[204540.07,1679934.05]]]]}},{"type":"Feature","properties":{"building":"yes","height":6,"heightSource":"default"},"geometry":{"type":"MultiPolygon","coordinates":[[[[204565.06,1679928.42],[204553.84,1679935.84],[204549.91,1679929.95],[204561.13,1679922.54],[204565.06,1679928.42]]]]}},{"type":"Feature","properties":{"building":"yes","height":6,"heightSource":"default"},"geometry":{"type":"MultiPolygon","coordinates":[[[[204540,1679920.23],[204555.44,1679908.12],[204560.39,1679914.37],[204544.96,1679926.48],[204540,1679920.23]]]]}},{"type":"Feature","properties":{"building":"yes","height":6,"heightSource":"default"},"geometry":{"type":"MultiPolygon","coordinates":[[[[204566.3,1679896.71],[204569.02,1679892.46],[204579.41,1679899.03],[204572.79,1679909.34],[204563.02,1679903.17],[204560.43,1679907.21],[204555.33,1679903.99],[204561.82,1679893.88],[204566.3,1679896.71]]]]}},{"type":"Feature","properties":{"building":"yes","height":6,"heightSource":"default"},"geometry":{"type":"MultiPolygon","coordinates":[[[[204601.56,1679890.52],[204608.1,1679895.73],[204598.35,1679907.83],[204591.81,1679902.62],[204601.56,1679890.52]]]]}},{"type":"Feature","properties":{"building":"yes","height":6,"heightSource":"default"},"geometry":{"type":"MultiPolygon","coordinates":[[[[204611.34,1679893.14],[204603.85,1679887.18],[204611.09,1679878.19],[204618.58,1679884.14],[204611.34,1679893.14]]]]}},{"type":"Feature","properties":{"building":"yes","height":6,"heightSource":"default"},"geometry":{"type":"MultiPolygon","coordinates":[[[[204610.41,1679877.9],[204598.17,1679893.66],[204594.77,1679891.04],[204590.29,1679896.8],[204585.63,1679893.23],[204602.36,1679871.72],[204610.41,1679877.9]]]]}},{"type":"Feature","properties":{"building":"yes","height":6,"heightSource":"default"},"geometry":{"type":"MultiPolygon","coordinates":[[[[204564.87,1679885.8],[204568.96,1679874.74],[204589.96,1679882.39],[204585.88,1679893.46],[204564.87,1679885.8]]]]}},{"type":"Feature","properties":{"building":"yes","height":6,"heightSource":"default"},"geometry":{"type":"MultiPolygon","coordinates":[[[[204602.09,1679869.57],[204593.02,1679883.74],[204545.75,1679853.89],[204548.08,1679850.25],[204538.09,1679843.94],[204544.82,1679833.41],[204602.09,1679869.57]]]]}},{"type":"Feature","properties":{"building":"yes","height":6,"heightSource":"default"},"geometry":{"type":"MultiPolygon","coordinates":[[[[204541.99,1679862.05],[204546.82,1679854.66],[204559.29,1679862.71],[204554.46,1679870.1],[204541.99,1679862.05]]]]}},{"type":"Feature","properties":{"building":"yes","height":6,"heightSource":"default"},"geometry":{"type":"MultiPolygon","coordinates":[[[[204546.77,1679853.23],[204540.55,1679860.25],[204531.87,1679852.66],[204538.09,1679845.63],[204546.77,1679853.23]]]]}},{"type":"Feature","properties":{"building":"yes","height":6,"heightSource":"default"},"geometry":{"type":"MultiPolygon","coordinates":[[[[204527.51,1679850.18],[204541.06,1679860.99],[204535.9,1679867.37],[204522.36,1679856.57],[204527.51,1679850.18]]]]}},{"type":"Feature","properties":{"building":"yes","height":6,"heightSource":"default"},"geometry":{"type":"MultiPolygon","coordinates":[[[[204528.99,1679876.66],[204516.41,1679867.44],[204523.09,1679858.43],[204537.08,1679868.69],[204536.96,1679868.88],[204546.57,1679875.93],[204537.15,1679888.62],[204526.12,1679880.53],[204528.99,1679876.66]]]]}},{"type":"Feature","properties":{"building":"yes","height":6,"heightSource":"default"},"geometry":{"type":"MultiPolygon","coordinates":[[[[204528,1679877.47],[204523.6,1679882.77],[204510.49,1679871.99],[204514.88,1679866.7],[204528,1679877.47]]]]}},{"type":"Feature","properties":{"building":"yes","height":6,"heightSource":"default"},"geometry":{"type":"MultiPolygon","coordinates":[[[[204506.81,1679873.75],[204520.8,1679886.15],[204516.13,1679891.35],[204513.1,1679888.68],[204510.98,1679891.05],[204500.01,1679881.35],[204506.81,1679873.75]]]]}},{"type":"Feature","properties":{"building":"yes","height":6,"heightSource":"default"},"geometry":{"type":"MultiPolygon","coordinates":[[[[204484.62,1679897.31],[204501.85,1679883.32],[204509.85,1679893.04],[204514.74,1679889.07],[204537.49,1679916.73],[204515.36,1679934.7],[204484.62,1679897.31]]]]}},{"type":"Feature","properties":{"building":"yes","height":6,"heightSource":"default"},"geometry":{"type":"MultiPolygon","coordinates":[[[[204482.51,1679851.83],[204485.39,1679855.16],[204492.24,1679849.29],[204505.65,1679864.75],[204476.87,1679889.39],[204460.59,1679870.61],[204482.51,1679851.83]]]]}},{"type":"Feature","properties":{"building":"yes","height":6,"heightSource":"default"},"geometry":{"type":"MultiPolygon","coordinates":[[[[204527.81,1679816.48],[204539.27,1679826.29],[204508.71,1679861.55],[204497.24,1679851.74],[204527.81,1679816.48]]]]}},{"type":"Feature","properties":{"building":"yes","height":6,"heightSource":"default"},"geometry":{"type":"MultiPolygon","coordinates":[[[[204512.38,1679829.9],[204495.54,1679850.02],[204487.27,1679843.19],[204504.12,1679823.07],[204512.38,1679829.9]]]]}},{"type":"Feature","properties":{"building":"yes","height":6,"heightSource":"default"},"geometry":{"type":"MultiPolygon","coordinates":[[[[204506.2,1679820.12],[204515.26,1679807.75],[204526.27,1679815.72],[204517.21,1679828.09],[204506.2,1679820.12]]]]}},{"type":"Feature","properties":{"building":"yes","height":6,"heightSource":"default"},"geometry":{"type":"MultiPolygon","coordinates":[[[[204493.11,1679792.8],[204509.62,1679804.97],[204509.54,1679805.1],[204513.66,1679808.13],[204509.01,1679814.36],[204504.96,1679811.37],[204486.59,1679835.98],[204470,1679823.75],[204493.11,1679792.8]]]]}},{"type":"Feature","properties":{"building":"yes","height":6,"heightSource":"default"},"geometry":{"type":"MultiPolygon","coordinates":[[[[204445.76,1679854.05],[204466.49,1679834.65],[204476.11,1679844.81],[204455.37,1679864.2],[204445.76,1679854.05]]]]}},{"type":"Feature","properties":{"building":"yes","height":6,"heightSource":"default"},"geometry":{"type":"MultiPolygon","coordinates":[[[[204417.15,1679823.25],[204435.23,1679808.29],[204444.83,1679819.76],[204446.8,1679818.13],[204450.95,1679823.1],[204445.54,1679827.57],[204457.15,1679841.43],[204442.5,1679853.53],[204417.15,1679823.25]]]]}},{"type":"Feature","properties":{"building":"yes","height":6,"heightSource":"default"},"geometry":{"type":"MultiPolygon","coordinates":[[[[204423.28,1679762.18],[204430.93,1679749.31],[204437.17,1679752.98],[204429.53,1679765.84],[204423.28,1679762.18]]]]}},{"type":"Feature","properties":{"building":"yes","height":6,"heightSource":"default"},"geometry":{"type":"MultiPolygon","coordinates":[[[[204431.54,1679770.91],[204439.18,1679758.05],[204445.42,1679761.7],[204437.77,1679774.56],[204431.54,1679770.91]]]]}},{"type":"Feature","properties":{"building":"yes","height":6,"heightSource":"default"},"geometry":{"type":"MultiPolygon","coordinates":[[[[204440.97,1679774.73],[204448.62,1679761.87],[204454.85,1679765.53],[204447.2,1679778.4],[204440.97,1679774.73]]]]}},{"type":"Feature","properties":{"building":"yes","height":6,"heightSource":"default"},"geometry":{"type":"MultiPolygon","coordinates":[[[[204448.62,1679780.02],[204456.27,1679767.15],[204462.51,1679770.82],[204454.85,1679783.68],[204448.62,1679780.02]]]]}},{"type":"Feature","properties":{"building":"yes","height":6,"heightSource":"default"},"geometry":{"type":"MultiPolygon","coordinates":[[[[204453.7,1679781.75],[204461.34,1679768.88],[204467.58,1679772.55],[204459.94,1679785.41],[204453.7,1679781.75]]]]}},{"type":"Feature","properties":{"building":"yes","height":6,"heightSource":"default"},"geometry":{"type":"MultiPolygon","coordinates":[[[[204458.08,1679785.65],[204465.73,1679772.78],[204471.97,1679776.44],[204464.31,1679789.3],[204458.08,1679785.65]]]]}},{"type":"Feature","properties":{"building":"yes","height":6,"heightSource":"default"},"geometry":{"type":"MultiPolygon","coordinates":[[[[204466.79,1679788.77],[204474.43,1679775.89],[204480.66,1679779.56],[204473.02,1679792.42],[204466.79,1679788.77]]]]}},{"type":"Feature","properties":{"building":"yes","height":6,"heightSource":"default"},"geometry":{"type":"MultiPolygon","coordinates":[[[[204473.87,1679792.8],[204481.52,1679779.94],[204487.76,1679783.59],[204480.11,1679796.46],[204473.87,1679792.8]]]]}},{"type":"Feature","properties":{"building":"yes","height":6,"heightSource":"default"},"geometry":{"type":"MultiPolygon","coordinates":[[[[204479.02,1679800.28],[204486.67,1679787.4],[204492.91,1679791.07],[204485.26,1679803.93],[204479.02,1679800.28]]]]}},{"type":"Feature","properties":{"building":"yes","height":6,"heightSource":"default"},"geometry":{"type":"MultiPolygon","coordinates":[[[[204606.5,1679712.62],[204623.98,1679725.35],[204599.87,1679758.07],[204582.39,1679745.35],[204606.5,1679712.62]]]]}},{"type":"Feature","properties":{"building":"yes","height":6,"heightSource":"default"},"geometry":{"type":"MultiPolygon","coordinates":[[[[204575.64,1679756.82],[204592.42,1679769.36],[204567.85,1679801.81],[204551.06,1679789.26],[204575.64,1679756.82]]]]}},{"type":"Feature","properties":{"building":"yes","height":6,"heightSource":"default"},"geometry":{"type":"MultiPolygon","coordinates":[[[[204560.7,1679798.06],[204553.51,1679815.23],[204541.28,1679810.18],[204548.47,1679793.01],[204560.7,1679798.06]]]]}},{"type":"Feature","properties":{"building":"yes","height":6,"heightSource":"default"},"geometry":{"type":"MultiPolygon","coordinates":[[[[204531.85,1679780.72],[204549.68,1679788.45],[204541.69,1679806.65],[204523.86,1679798.93],[204531.85,1679780.72]]]]}},{"type":"Feature","properties":{"building":"yes","height":6,"heightSource":"default"},"geometry":{"type":"MultiPolygon","coordinates":[[[[204511.05,1679743.18],[204522.13,1679749.86],[204519.09,1679754.86],[204521.6,1679756.37],[204517.93,1679762.4],[204527.97,1679768.46],[204524.66,1679773.86],[204531.15,1679777.76],[204520.87,1679794.61],[204513.97,1679790.45],[204515.11,1679788.58],[204500.89,1679780],[204502.53,1679777.3],[204493.54,1679771.88],[204511.05,1679743.18]]]]}},{"type":"Feature","properties":{"building":"yes","height":6,"heightSource":"default"},"geometry":{"type":"MultiPolygon","coordinates":[[[[204507.13,1679744.46],[204487.97,1679772.92],[204467.74,1679759.48],[204478.18,1679743.97],[204472.25,1679740.03],[204469.21,1679744.55],[204463.87,1679741],[204471.86,1679729.15],[204497.82,1679746.4],[204501.6,1679740.78],[204507.13,1679744.46]]]]}},{"type":"Feature","properties":{"building":"yes","height":6,"heightSource":"default"},"geometry":{"type":"MultiPolygon","coordinates":[[[[204451.37,1679744.68],[204462.53,1679727.3],[204468.96,1679731.37],[204457.8,1679748.75],[204451.37,1679744.68]]]]}},{"type":"Feature","properties":{"building":"yes","height":6,"heightSource":"default"},"geometry":{"type":"MultiPolygon","coordinates":[[[[204456.36,1679731.04],[204449.02,1679742.68],[204440.32,1679737.26],[204447.66,1679725.62],[204456.36,1679731.04]]]]}},{"type":"Feature","properties":{"building":"yes","height":6,"heightSource":"default"},"geometry":{"type":"MultiPolygon","coordinates":[[[[204462.35,1679700.67],[204469.32,1679704.56],[204458.07,1679724.48],[204451.1,1679720.59],[204462.35,1679700.67]]]]}},{"type":"Feature","properties":{"building":"yes","height":6,"heightSource":"default"},"geometry":{"type":"MultiPolygon","coordinates":[[[[204498.99,1679638.32],[204514.88,1679622.35],[204526.12,1679633.42],[204521.65,1679637.91],[204537.12,1679653.13],[204527,1679663.29],[204518.6,1679655.02],[204517.29,1679656.33],[204498.99,1679638.32]]]]}},{"type":"Feature","properties":{"building":"yes","height":6,"heightSource":"default"},"geometry":{"type":"MultiPolygon","coordinates":[[[[205999.88,1681286.67],[205994.43,1681287.05],[205994.01,1681281.05],[205999.47,1681280.68],[205999.88,1681286.67]]]]}},{"type":"Feature","properties":{"building":"yes","height":6,"heightSource":"default"},"geometry":{"type":"MultiPolygon","coordinates":[[[[206012.07,1681267.82],[206006.61,1681268.19],[206006.19,1681262.2],[206011.65,1681261.82],[206012.07,1681267.82]]]]}},{"type":"Feature","properties":{"building":"yes","height":6,"heightSource":"default"},"geometry":{"type":"MultiPolygon","coordinates":[[[[205942.25,1681250.49],[205936.8,1681250.86],[205936.37,1681244.88],[205941.83,1681244.49],[205942.25,1681250.49]]]]}},{"type":"Feature","properties":{"building":"yes","height":6,"heightSource":"default"},"geometry":{"type":"MultiPolygon","coordinates":[[[[205968.86,1681210.11],[205963.4,1681210.49],[205962.97,1681204.49],[205968.43,1681204.12],[205968.86,1681210.11]]]]}},{"type":"Feature","properties":{"building":"yes","height":6,"heightSource":"default"},"geometry":{"type":"MultiPolygon","coordinates":[[[[205965.7,1681113.79],[205960.24,1681114.17],[205959.82,1681108.18],[205965.28,1681107.79],[205965.7,1681113.79]]]]}},{"type":"Feature","properties":{"building":"yes","height":6,"heightSource":"default"},"geometry":{"type":"MultiPolygon","coordinates":[[[[205842.98,1681189.39],[205835.33,1681183.59],[205827.87,1681193.3],[205835.52,1681199.09],[205842.98,1681189.39]]]]}},{"type":"Feature","properties":{"building":"yes","height":6,"heightSource":"default"},"geometry":{"type":"MultiPolygon","coordinates":[[[[205882.31,1681029.22],[205876.85,1681029.6],[205876.42,1681023.6],[205881.88,1681023.22],[205882.31,1681029.22]]]]}},{"type":"Feature","properties":{"building":"yes","height":6,"heightSource":"default"},"geometry":{"type":"MultiPolygon","coordinates":[[[[205884.72,1681039.96],[205879.26,1681040.34],[205878.84,1681034.34],[205884.3,1681033.96],[205884.72,1681039.96]]]]}},{"type":"Feature","properties":{"building":"yes","height":6,"heightSource":"default"},"geometry":{"type":"MultiPolygon","coordinates":[[[[205873.41,1681041.5],[205854.64,1681044.04],[205852.56,1681028.69],[205867.79,1681026.64],[205869.16,1681036.63],[205872.67,1681036.16],[205873.41,1681041.5]]]]}},{"type":"Feature","properties":{"building":"yes","height":6,"heightSource":"default"},"geometry":{"type":"MultiPolygon","coordinates":[[[[206553.35,1681314.47],[206545.82,1681313.51],[206546.74,1681306.47],[206554.27,1681307.44],[206553.35,1681314.47]]]]}},{"type":"Feature","properties":{"building":"yes","height":6,"heightSource":"default"},"geometry":{"type":"MultiPolygon","coordinates":[[[[206673.78,1681164.39],[206678.35,1681164.82],[206678.67,1681161.4],[206688.95,1681162.36],[206687.86,1681174],[206673,1681172.61],[206673.78,1681164.39]]]]}},{"type":"Feature","properties":{"building":"yes","height":6,"heightSource":"default"},"geometry":{"type":"MultiPolygon","coordinates":[[[[206664.82,1681154.7],[206664.53,1681166.44],[206656.75,1681166.25],[206657.04,1681154.51],[206664.82,1681154.7]]]]}},{"type":"Feature","properties":{"building":"yes","height":6,"heightSource":"default"},"geometry":{"type":"MultiPolygon","coordinates":[[[[206678.06,1681144.05],[206678.24,1681135.86],[206685.16,1681136.01],[206684.98,1681144.19],[206678.06,1681144.05]]]]}},{"type":"Feature","properties":{"building":"yes","height":6,"heightSource":"default"},"geometry":{"type":"MultiPolygon","coordinates":[[[[206633.68,1681169.16],[206628.22,1681169.55],[206627.8,1681163.55],[206633.26,1681163.18],[206633.68,1681169.16]]]]}},{"type":"Feature","properties":{"building":"yes","height":6,"heightSource":"default"},"geometry":{"type":"MultiPolygon","coordinates":[[[[205479.31,1681342.2],[205486.87,1681351.43],[205479.08,1681357.72],[205471.52,1681348.5],[205479.31,1681342.2]]]]}},{"type":"Feature","properties":{"building":"yes","height":6,"heightSource":"default"},"geometry":{"type":"MultiPolygon","coordinates":[[[[205415.24,1681454.8],[205406.73,1681459.13],[205401.91,1681449.77],[205410.41,1681445.43],[205415.24,1681454.8]]]]}},{"type":"Feature","properties":{"building":"yes","height":6,"heightSource":"default"},"geometry":{"type":"MultiPolygon","coordinates":[[[[205382.92,1681462.04],[205394.38,1681475.69],[205382.26,1681485.74],[205370.8,1681472.09],[205382.92,1681462.04]]]]}},{"type":"Feature","properties":{"building":"yes","height":6,"heightSource":"default"},"geometry":{"type":"MultiPolygon","coordinates":[[[[205333.19,1681489.7],[205346.82,1681474.95],[205357.87,1681485.03],[205344.23,1681499.78],[205333.19,1681489.7]]]]}},{"type":"Feature","properties":{"building":"yes","height":6,"heightSource":"default"},"geometry":{"type":"MultiPolygon","coordinates":[[[[205328.99,1681497.13],[205337.36,1681506.03],[205330.43,1681512.47],[205322.06,1681503.57],[205328.99,1681497.13]]]]}},{"type":"Feature","properties":{"building":"yes","height":6,"heightSource":"default"},"geometry":{"type":"MultiPolygon","coordinates":[[[[205355.07,1681456.47],[205344.39,1681464.57],[205335.4,1681452.85],[205346.09,1681444.77],[205355.07,1681456.47]]]]}},{"type":"Feature","properties":{"building":"yes","height":6,"heightSource":"default"},"geometry":{"type":"MultiPolygon","coordinates":[[[[205391.42,1681414.08],[205380.17,1681421],[205373.09,1681409.64],[205384.35,1681402.71],[205391.42,1681414.08]]]]}},{"type":"Feature","properties":{"building":"yes","height":6,"heightSource":"default"},"geometry":{"type":"MultiPolygon","coordinates":[[[[205450.75,1681364.7],[205457.05,1681372.27],[205446.31,1681381.09],[205440.01,1681373.52],[205450.75,1681364.7]]]]}},{"type":"Feature","properties":{"building":"yes","height":6,"heightSource":"default"},"geometry":{"type":"MultiPolygon","coordinates":[[[[205411.96,1681337.34],[205417.84,1681332.87],[205410.39,1681323.2],[205420.7,1681315.37],[205435.73,1681334.91],[205419.55,1681347.2],[205411.96,1681337.34]]]]}},{"type":"Feature","properties":{"building":"yes","height":6,"heightSource":"default"},"geometry":{"type":"MultiPolygon","coordinates":[[[[205363.9,1681382.66],[205367.88,1681391],[205358.64,1681395.35],[205354.66,1681387.01],[205363.9,1681382.66]]]]}},{"type":"Feature","properties":{"building":"yes","height":6,"heightSource":"default"},"geometry":{"type":"MultiPolygon","coordinates":[[[[205335.26,1681365.93],[205342.76,1681359.65],[205349.08,1681367.1],[205341.58,1681373.38],[205335.26,1681365.93]]]]}},{"type":"Feature","properties":{"building":"yes","height":6,"heightSource":"default"},"geometry":{"type":"MultiPolygon","coordinates":[[[[205326.92,1681430.67],[205334.42,1681424.39],[205340.74,1681431.84],[205333.24,1681438.12],[205326.92,1681430.67]]]]}},{"type":"Feature","properties":{"building":"yes","height":6,"heightSource":"default"},"geometry":{"type":"MultiPolygon","coordinates":[[[[205320.47,1681403.57],[205327.97,1681397.28],[205334.29,1681404.74],[205326.79,1681411.02],[205320.47,1681403.57]]]]}},{"type":"Feature","properties":{"building":"yes","height":6,"heightSource":"default"},"geometry":{"type":"MultiPolygon","coordinates":[[[[205299.9,1681383.19],[205306.08,1681377.64],[205313.42,1681385.68],[205307.24,1681391.25],[205299.9,1681383.19]]]]}},{"type":"Feature","properties":{"building":"yes","height":6,"heightSource":"default"},"geometry":{"type":"MultiPolygon","coordinates":[[[[205276.5,1681379.83],[205268.81,1681387.29],[205256.7,1681374.96],[205264.39,1681367.49],[205276.5,1681379.83]]]]}},{"type":"Feature","properties":{"building":"yes","height":6,"heightSource":"default"},"geometry":{"type":"MultiPolygon","coordinates":[[[[205291.48,1681363.92],[205284.22,1681369.02],[205276.26,1681357.84],[205283.53,1681352.74],[205291.48,1681363.92]]]]}},{"type":"Feature","properties":{"building":"yes","height":6,"heightSource":"default"},"geometry":{"type":"MultiPolygon","coordinates":[[[[205270.09,1681364.9],[205274.23,1681360.84],[205278.68,1681365.32],[205274.53,1681369.38],[205270.09,1681364.9]]]]}},{"type":"Feature","properties":{"building":"yes","height":6,"heightSource":"default"},"geometry":{"type":"MultiPolygon","coordinates":[[[[205303.18,1681329.25],[205310.76,1681322.71],[205321.37,1681334.84],[205313.81,1681341.38],[205303.18,1681329.25]]]]}},{"type":"Feature","properties":{"building":"yes","height":6,"heightSource":"default"},"geometry":{"type":"MultiPolygon","coordinates":[[[[205243.73,1681310.88],[205250.08,1681318.98],[205255.16,1681315.06],[205260.39,1681321.71],[205256.39,1681324.81],[205262.33,1681332.36],[205252.72,1681339.8],[205247.07,1681332.6],[205244.35,1681334.7],[205232.5,1681319.58],[205243.73,1681310.88]]]]}},{"type":"Feature","properties":{"building":"yes","height":6,"heightSource":"default"},"geometry":{"type":"MultiPolygon","coordinates":[[[[205237.02,1681296.99],[205240.45,1681301.83],[205235.77,1681305.09],[205232.35,1681300.25],[205237.02,1681296.99]]]]}},{"type":"Feature","properties":{"building":"yes","height":6,"heightSource":"default"},"geometry":{"type":"MultiPolygon","coordinates":[[[[205295.68,1681308.18],[205300.67,1681303.56],[205312.45,1681316.09],[205307.46,1681320.72],[205295.68,1681308.18]]]]}},{"type":"Feature","properties":{"building":"yes","height":6,"heightSource":"default"},"geometry":{"type":"MultiPolygon","coordinates":[[[[205309.22,1681286.64],[205313.38,1681293.33],[205304.46,1681298.81],[205300.3,1681292.12],[205309.22,1681286.64]]]]}},{"type":"Feature","properties":{"building":"yes","height":6,"heightSource":"default"},"geometry":{"type":"MultiPolygon","coordinates":[[[[205361.24,1681296.53],[205345.64,1681280.41],[205353.59,1681272.82],[205369.19,1681288.93],[205361.24,1681296.53]]]]}},{"type":"Feature","properties":{"building":"yes","height":6,"heightSource":"default"},"geometry":{"type":"MultiPolygon","coordinates":[[[[205387.96,1681205.46],[205392.66,1681211.27],[205384.16,1681218.05],[205379.46,1681212.24],[205387.96,1681205.46]]]]}},{"type":"Feature","properties":{"building":"yes","height":6,"heightSource":"default"},"geometry":{"type":"MultiPolygon","coordinates":[[[[205377.22,1681191.84],[205381.19,1681188.13],[205385.7,1681192.92],[205381.73,1681196.62],[205377.22,1681191.84]]]]}},{"type":"Feature","properties":{"building":"yes","height":6,"heightSource":"default"},"geometry":{"type":"MultiPolygon","coordinates":[[[[205404.17,1681180.69],[205408.57,1681173.81],[205416.52,1681178.83],[205412.11,1681185.71],[205404.17,1681180.69]]]]}},{"type":"Feature","properties":{"building":"yes","height":6,"heightSource":"default"},"geometry":{"type":"MultiPolygon","coordinates":[[[[205432.17,1681184.93],[205437.3,1681186.21],[205436.19,1681190.62],[205431.05,1681189.34],[205432.17,1681184.93]]]]}},{"type":"Feature","properties":{"building":"yes","height":6,"heightSource":"default"},"geometry":{"type":"MultiPolygon","coordinates":[[[[205335,1681109.47],[205338.96,1681103.08],[205343.19,1681105.66],[205339.22,1681112.06],[205335,1681109.47]]]]}},{"type":"Feature","properties":{"building":"yes","height":6,"heightSource":"default"},"geometry":{"type":"MultiPolygon","coordinates":[[[[205476.91,1681221.96],[205484.42,1681215.69],[205490.74,1681223.14],[205483.23,1681229.41],[205476.91,1681221.96]]]]}},{"type":"Feature","properties":{"building":"yes","height":6,"heightSource":"default"},"geometry":{"type":"MultiPolygon","coordinates":[[[[205307.11,1681262.91],[205299.84,1681253.66],[205271.7,1681275.49],[205278.98,1681284.76],[205307.11,1681262.91]]]]}},{"type":"Feature","properties":{"building":"yes","height":6,"heightSource":"default"},"geometry":{"type":"MultiPolygon","coordinates":[[[[205208.13,1681206.87],[205213.08,1681207.94],[205210.15,1681221.31],[205205.2,1681220.24],[205208.13,1681206.87]]]]}},{"type":"Feature","properties":{"building":"yes","height":6,"heightSource":"default"},"geometry":{"type":"MultiPolygon","coordinates":[[[[205207.17,1681203.41],[205198.47,1681201.56],[205205.55,1681168.92],[205214.24,1681170.79],[205207.17,1681203.41]]]]}},{"type":"Feature","properties":{"building":"yes","height":6,"heightSource":"default"},"geometry":{"type":"MultiPolygon","coordinates":[[[[205160.63,1681173.89],[205166.99,1681169.81],[205173.22,1681179.38],[205166.86,1681183.47],[205160.63,1681173.89]]]]}},{"type":"Feature","properties":{"building":"yes","height":6,"heightSource":"default"},"geometry":{"type":"MultiPolygon","coordinates":[[[[205202.41,1681155.65],[205219.94,1681161.12],[205217.8,1681167.87],[205200.28,1681162.4],[205202.41,1681155.65]]]]}},{"type":"Feature","properties":{"building":"yes","height":6,"heightSource":"default"},"geometry":{"type":"MultiPolygon","coordinates":[[[[205189.84,1681159.38],[205190.74,1681153.67],[205201.3,1681155.33],[205200.4,1681161.05],[205189.84,1681159.38]]]]}},{"type":"Feature","properties":{"building":"yes","height":6,"heightSource":"default"},"geometry":{"type":"MultiPolygon","coordinates":[[[[205222.93,1681171.53],[205223.85,1681165.83],[205234.4,1681167.49],[205233.5,1681173.2],[205222.93,1681171.53]]]]}},{"type":"Feature","properties":{"building":"yes","height":6,"heightSource":"default"},"geometry":{"type":"MultiPolygon","coordinates":[[[[205172.3,1681160.39],[205173.21,1681154.69],[205183.77,1681156.35],[205182.86,1681162.07],[205172.3,1681160.39]]]]}},{"type":"Feature","properties":{"building":"yes","height":6,"heightSource":"default"},"geometry":{"type":"MultiPolygon","coordinates":[[[[205194.44,1681150.01],[205197.04,1681139.81],[205227.3,1681147.41],[205227.57,1681146.33],[205232.43,1681147.56],[205229.56,1681158.83],[205194.44,1681150.01]]]]}},{"type":"Feature","properties":{"building":"yes","height":6,"heightSource":"default"},"geometry":{"type":"MultiPolygon","coordinates":[[[[205233.9,1681079.4],[205239.28,1681088.51],[205236.26,1681090.28],[205240.01,1681096.61],[205206.98,1681115.92],[205197.84,1681100.46],[205233.9,1681079.4]]]]}},{"type":"Feature","properties":{"building":"yes","height":6,"heightSource":"default"},"geometry":{"type":"MultiPolygon","coordinates":[[[[205257.75,1681080.74],[205257.08,1681090.14],[205253.07,1681089.86],[205253.73,1681080.46],[205257.75,1681080.74]]]]}},{"type":"Feature","properties":{"building":"yes","height":6,"heightSource":"default"},"geometry":{"type":"MultiPolygon","coordinates":[[[[205129.54,1681200.92],[205134.42,1681210.97],[205118.09,1681218.8],[205113.2,1681208.75],[205129.54,1681200.92]]]]}},{"type":"Feature","properties":{"building":"yes","height":6,"heightSource":"default"},"geometry":{"type":"MultiPolygon","coordinates":[[[[205173.16,1681188.45],[205179.53,1681184.38],[205185.74,1681193.95],[205179.39,1681198.03],[205173.16,1681188.45]]]]}},{"type":"Feature","properties":{"building":"yes","height":6,"heightSource":"default"},"geometry":{"type":"MultiPolygon","coordinates":[[[[205137.13,1680984.36],[205147.33,1680989.83],[205142.89,1680998],[205132.69,1680992.52],[205137.13,1680984.36]]]]}},{"type":"Feature","properties":{"building":"yes","height":6,"heightSource":"default"},"geometry":{"type":"MultiPolygon","coordinates":[[[[205142.1,1680983.55],[205147.15,1680973.93],[205154.8,1680977.9],[205149.75,1680987.52],[205142.1,1680983.55]]]]}},{"type":"Feature","properties":{"building":"yes","height":6,"heightSource":"default"},"geometry":{"type":"MultiPolygon","coordinates":[[[[205194.38,1680995.11],[205197.53,1680978.69],[205210.86,1680981.22],[205207.7,1680997.65],[205194.38,1680995.11]]]]}},{"type":"Feature","properties":{"building":"yes","height":6,"heightSource":"default"},"geometry":{"type":"MultiPolygon","coordinates":[[[[205215.58,1680996.6],[205219.01,1680987.96],[205228.2,1680991.56],[205224.77,1681000.2],[205215.58,1680996.6]]]]}},{"type":"Feature","properties":{"building":"yes","height":6,"heightSource":"default"},"geometry":{"type":"MultiPolygon","coordinates":[[[[205222.03,1680984.32],[205224.32,1680970.4],[205237.11,1680972.47],[205234.82,1680986.4],[205222.03,1680984.32]]]]}},{"type":"Feature","properties":{"building":"yes","height":6,"heightSource":"default"},"geometry":{"type":"MultiPolygon","coordinates":[[[[205156.44,1680967.1],[205150.38,1680965.83],[205153.36,1680951.59],[205159.43,1680952.85],[205156.44,1680967.1]]]]}},{"type":"Feature","properties":{"building":"yes","height":6,"heightSource":"default"},"geometry":{"type":"MultiPolygon","coordinates":[[[[205179.8,1680943.74],[205180.06,1680955.48],[205174.29,1680955.61],[205174.36,1680958.9],[205164.38,1680959.12],[205164.08,1680945.52],[205168.12,1680945.43],[205167.96,1680938.26],[205175.35,1680938.1],[205175.47,1680943.84],[205179.8,1680943.74]]]]}},{"type":"Feature","properties":{"building":"yes","height":6,"heightSource":"default"},"geometry":{"type":"MultiPolygon","coordinates":[[[[205212.93,1680957.95],[205213.07,1680947.91],[205222.57,1680948.04],[205222.44,1680958.06],[205212.93,1680957.95]]]]}},{"type":"Feature","properties":{"building":"yes","height":6,"heightSource":"default"},"geometry":{"type":"MultiPolygon","coordinates":[[[[205267.4,1680937.19],[205269.21,1680934.35],[205279.6,1680940.91],[205277.78,1680943.75],[205267.4,1680937.19]]]]}},{"type":"Feature","properties":{"building":"yes","height":6,"heightSource":"default"},"geometry":{"type":"MultiPolygon","coordinates":[[[[205275.12,1680925.55],[205284.96,1680931.93],[205279.46,1680940.3],[205269.63,1680933.93],[205275.12,1680925.55]]]]}},{"type":"Feature","properties":{"building":"yes","height":6,"heightSource":"default"},"geometry":{"type":"MultiPolygon","coordinates":[[[[205274.46,1680923.66],[205272.11,1680927.53],[205267.83,1680924.97],[205270.16,1680921.1],[205274.46,1680923.66]]]]}},{"type":"Feature","properties":{"building":"yes","height":6,"heightSource":"default"},"geometry":{"type":"MultiPolygon","coordinates":[[[[205251.91,1680925.69],[205243.26,1680926.02],[205242.79,1680913.42],[205251.43,1680913.09],[205251.91,1680925.69]]]]}},{"type":"Feature","properties":{"building":"yes","height":6,"heightSource":"default"},"geometry":{"type":"MultiPolygon","coordinates":[[[[205238.95,1680916.54],[205236.91,1680928.49],[205229.64,1680927.27],[205229.17,1680930.04],[205219.93,1680928.48],[205222.46,1680913.76],[205238.95,1680916.54]]]]}},{"type":"Feature","properties":{"building":"yes","height":6,"heightSource":"default"},"geometry":{"type":"MultiPolygon","coordinates":[[[[205201.38,1680931.73],[205201.76,1680908.52],[205214.44,1680908.73],[205214.06,1680931.93],[205201.38,1680931.73]]]]}},{"type":"Feature","properties":{"building":"yes","height":6,"heightSource":"default"},"geometry":{"type":"MultiPolygon","coordinates":[[[[205195.1,1680926.08],[205183.75,1680925.86],[205184.01,1680912.82],[205195.36,1680913.03],[205195.1,1680926.08]]]]}},{"type":"Feature","properties":{"building":"yes","height":6,"heightSource":"default"},"geometry":{"type":"MultiPolygon","coordinates":[[[[205168.16,1680908.46],[205175.18,1680909.17],[205173.39,1680926.73],[205166.37,1680926.02],[205168.16,1680908.46]]]]}},{"type":"Feature","properties":{"building":"yes","height":6,"heightSource":"default"},"geometry":{"type":"MultiPolygon","coordinates":[[[[205144.57,1680928.39],[205162.55,1680928.68],[205162.35,1680940.71],[205144.36,1680940.42],[205144.57,1680928.39]]]]}},{"type":"Feature","properties":{"building":"yes","height":6,"heightSource":"default"},"geometry":{"type":"MultiPolygon","coordinates":[[[[205155.19,1680927.03],[205143.43,1680925.68],[205145.29,1680909.72],[205151.08,1680910.38],[205150.49,1680915.47],[205156.46,1680916.16],[205155.19,1680927.03]]]]}},{"type":"Feature","properties":{"building":"yes","height":6,"heightSource":"default"},"geometry":{"type":"MultiPolygon","coordinates":[[[[205148.33,1680908.92],[205150,1680899.78],[205156.97,1680901.04],[205155.31,1680910.17],[205148.33,1680908.92]]]]}},{"type":"Feature","properties":{"building":"yes","height":6,"heightSource":"default"},"geometry":{"type":"MultiPolygon","coordinates":[[[[205221.48,1680896.62],[205232.71,1680897.04],[205232.39,1680905.62],[205221.15,1680905.2],[205221.48,1680896.62]]]]}},{"type":"Feature","properties":{"building":"yes","height":6,"heightSource":"default"},"geometry":{"type":"MultiPolygon","coordinates":[[[[205218.69,1680885.4],[205223.96,1680871.87],[205239.34,1680877.78],[205234.07,1680891.31],[205218.69,1680885.4]]]]}},{"type":"Feature","properties":{"building":"yes","height":6,"heightSource":"default"},"geometry":{"type":"MultiPolygon","coordinates":[[[[205187.56,1680860.15],[205197.02,1680863.81],[205192.2,1680876.07],[205182.74,1680872.4],[205187.56,1680860.15]]]]}},{"type":"Feature","properties":{"building":"yes","height":6,"heightSource":"default"},"geometry":{"type":"MultiPolygon","coordinates":[[[[205147.91,1680852.93],[205157.37,1680856.59],[205152.55,1680868.86],[205143.08,1680865.18],[205147.91,1680852.93]]]]}},{"type":"Feature","properties":{"building":"yes","height":6,"heightSource":"default"},"geometry":{"type":"MultiPolygon","coordinates":[[[[205181.52,1680845.54],[205190.42,1680829.47],[205197.8,1680833.51],[205188.9,1680849.58],[205181.52,1680845.54]]]]}},{"type":"Feature","properties":{"building":"yes","height":6,"heightSource":"default"},"geometry":{"type":"MultiPolygon","coordinates":[[[[205595.64,1680749.51],[205611.62,1680743.14],[205614.39,1680749.99],[205598.4,1680756.36],[205595.64,1680749.51]]]]}},{"type":"Feature","properties":{"building":"yes","height":6,"heightSource":"default"},"geometry":{"type":"MultiPolygon","coordinates":[[[[205598.17,1680729.69],[205614.16,1680723.32],[205616.92,1680730.17],[205600.94,1680736.54],[205598.17,1680729.69]]]]}},{"type":"Feature","properties":{"building":"yes","height":6,"heightSource":"default"},"geometry":{"type":"MultiPolygon","coordinates":[[[[205567.13,1680818.48],[205571.67,1680808.19],[205586.59,1680814.69],[205582.05,1680824.97],[205567.13,1680818.48]]]]}},{"type":"Feature","properties":{"building":"yes","height":6,"heightSource":"default"},"geometry":{"type":"MultiPolygon","coordinates":[[[[205538.26,1680799.19],[205539.44,1680786.71],[205552.28,1680787.9],[205551.12,1680800.38],[205538.26,1680799.19]]]]}},{"type":"Feature","properties":{"building":"yes","height":6,"heightSource":"default"},"geometry":{"type":"MultiPolygon","coordinates":[[[[205541.92,1680760.93],[205552.14,1680761.07],[205551.93,1680776.65],[205541.71,1680776.52],[205541.92,1680760.93]]]]}},{"type":"Feature","properties":{"building":"yes","height":6,"heightSource":"default"},"geometry":{"type":"MultiPolygon","coordinates":[[[[205535.05,1680761.37],[205533.77,1680770.54],[205523.89,1680769.19],[205525.16,1680760.03],[205535.05,1680761.37]]]]}},{"type":"Feature","properties":{"building":"yes","height":6,"heightSource":"default"},"geometry":{"type":"MultiPolygon","coordinates":[[[[205571.13,1680768.08],[205569.86,1680777.24],[205559.97,1680775.89],[205561.25,1680766.73],[205571.13,1680768.08]]]]}},{"type":"Feature","properties":{"building":"yes","height":6,"heightSource":"default"},"geometry":{"type":"MultiPolygon","coordinates":[[[[205530.89,1680828.59],[205543.5,1680830.28],[205541.51,1680844.89],[205528.91,1680843.2],[205530.89,1680828.59]]]]}},{"type":"Feature","properties":{"building":"yes","height":6,"heightSource":"default"},"geometry":{"type":"MultiPolygon","coordinates":[[[[205528.42,1680853.01],[205530.69,1680843.85],[205541.26,1680846.45],[205538.98,1680855.6],[205528.42,1680853.01]]]]}},{"type":"Feature","properties":{"building":"yes","height":6,"heightSource":"default"},"geometry":{"type":"MultiPolygon","coordinates":[[[[205529.98,1680818.54],[205529.95,1680828.86],[205523.6,1680828.84],[205523.62,1680822.08],[205526.23,1680822.09],[205526.24,1680818.54],[205529.98,1680818.54]]]]}},{"type":"Feature","properties":{"building":"yes","height":6,"heightSource":"default"},"geometry":{"type":"MultiPolygon","coordinates":[[[[205423.91,1680873.07],[205425.19,1680866.75],[205435.42,1680868.78],[205434.14,1680875.11],[205423.91,1680873.07]]]]}},{"type":"Feature","properties":{"building":"yes","height":6,"heightSource":"default"},"geometry":{"type":"MultiPolygon","coordinates":[[[[205410.26,1680846.4],[205412.11,1680837.94],[205428.59,1680841.5],[205425.96,1680853.51],[205415.25,1680851.19],[205416.02,1680847.65],[205410.26,1680846.4]]]]}},{"type":"Feature","properties":{"building":"yes","height":6,"heightSource":"default"},"geometry":{"type":"MultiPolygon","coordinates":[[[[205448.89,1680836.18],[205451.05,1680826.66],[205462.16,1680829.15],[205460,1680838.67],[205448.89,1680836.18]]]]}},{"type":"Feature","properties":{"building":"yes","height":6,"heightSource":"default"},"geometry":{"type":"MultiPolygon","coordinates":[[[[205435.01,1680803.25],[205451.45,1680807.68],[205448.21,1680819.54],[205431.78,1680815.1],[205435.01,1680803.25]]]]}},{"type":"Feature","properties":{"building":"yes","height":6,"heightSource":"default"},"geometry":{"type":"MultiPolygon","coordinates":[[[[205453.46,1680808.27],[205460.7,1680810.48],[205460.49,1680811.15],[205469.01,1680813.74],[205465.28,1680825.86],[205449.52,1680821.07],[205453.46,1680808.27]]]]}},{"type":"Feature","properties":{"building":"yes","height":6,"heightSource":"default"},"geometry":{"type":"MultiPolygon","coordinates":[[[[205484.06,1680816.1],[205480.48,1680829.86],[205466.2,1680826.2],[205469.78,1680812.43],[205484.06,1680816.1]]]]}},{"type":"Feature","properties":{"building":"yes","height":6,"heightSource":"default"},"geometry":{"type":"MultiPolygon","coordinates":[[[[205495.92,1680818.05],[205508.98,1680818.98],[205507.91,1680833.69],[205494.84,1680832.76],[205495.92,1680818.05]]]]}},{"type":"Feature","properties":{"building":"yes","height":6,"heightSource":"default"},"geometry":{"type":"MultiPolygon","coordinates":[[[[205467.89,1680843.15],[205476.43,1680844.66],[205475.29,1680851.03],[205478.19,1680851.55],[205477.13,1680857.53],[205462.34,1680854.93],[205463.41,1680848.94],[205466.76,1680849.53],[205467.89,1680843.15]]]]}},{"type":"Feature","properties":{"building":"yes","height":6,"heightSource":"default"},"geometry":{"type":"MultiPolygon","coordinates":[[[[205514.87,1680800.78],[205522.36,1680800.51],[205522.71,1680809.67],[205515.21,1680809.95],[205514.87,1680800.78]]]]}},{"type":"Feature","properties":{"building":"yes","height":6,"heightSource":"default"},"geometry":{"type":"MultiPolygon","coordinates":[[[[205509.21,1680801.08],[205495.08,1680800.71],[205495.22,1680795.38],[205509.35,1680795.75],[205509.21,1680801.08]]]]}},{"type":"Feature","properties":{"building":"yes","height":6,"heightSource":"default"},"geometry":{"type":"MultiPolygon","coordinates":[[[[205474.94,1680793.59],[205488.91,1680796.02],[205486.7,1680808.5],[205472.74,1680806.07],[205474.94,1680793.59]]]]}},{"type":"Feature","properties":{"building":"yes","height":6,"heightSource":"default"},"geometry":{"type":"MultiPolygon","coordinates":[[[[205453.78,1680788.55],[205462.28,1680789.64],[205460.94,1680799.93],[205452.44,1680798.85],[205453.78,1680788.55]]]]}},{"type":"Feature","properties":{"building":"yes","height":6,"heightSource":"default"},"geometry":{"type":"MultiPolygon","coordinates":[[[[205449.16,1680792.64],[205447.16,1680797.68],[205439.11,1680794.51],[205441.11,1680789.48],[205449.16,1680792.64]]]]}},{"type":"Feature","properties":{"building":"yes","height":6,"heightSource":"default"},"geometry":{"type":"MultiPolygon","coordinates":[[[[205453.62,1680780.57],[205450.3,1680791.88],[205439.45,1680788.74],[205442.77,1680777.43],[205453.62,1680780.57]]]]}},{"type":"Feature","properties":{"building":"yes","height":6,"heightSource":"default"},"geometry":{"type":"MultiPolygon","coordinates":[[[[205444.12,1680774.31],[205446.91,1680768.14],[205458.36,1680773.24],[205455.58,1680779.41],[205444.12,1680774.31]]]]}},{"type":"Feature","properties":{"building":"yes","height":6,"heightSource":"default"},"geometry":{"type":"MultiPolygon","coordinates":[[[[205398.15,1680811.65],[205396.05,1680819.98],[205363.04,1680811.78],[205365.14,1680803.45],[205398.15,1680811.65]]]]}},{"type":"Feature","properties":{"building":"yes","height":6,"heightSource":"default"},"geometry":{"type":"MultiPolygon","coordinates":[[[[205397.93,1680793.44],[205401.16,1680784.62],[205414.34,1680789.4],[205411.1,1680798.21],[205397.93,1680793.44]]]]}},{"type":"Feature","properties":{"building":"yes","height":6,"heightSource":"default"},"geometry":{"type":"MultiPolygon","coordinates":[[[[205363.53,1680793.89],[205363.81,1680784.15],[205393.77,1680784.98],[205393.49,1680794.71],[205363.53,1680793.89]]]]}},{"type":"Feature","properties":{"building":"yes","height":6,"heightSource":"default"},"geometry":{"type":"MultiPolygon","coordinates":[[[[205327.15,1680771.43],[205339.52,1680772.04],[205338.91,1680784.04],[205326.55,1680783.43],[205327.15,1680771.43]]]]}},{"type":"Feature","properties":{"building":"yes","height":6,"heightSource":"default"},"geometry":{"type":"MultiPolygon","coordinates":[[[[205324.55,1680832.13],[205321.84,1680831.44],[205323.56,1680824.73],[205326.26,1680825.42],[205324.55,1680832.13]]]]}},{"type":"Feature","properties":{"building":"yes","height":6,"heightSource":"default"},"geometry":{"type":"MultiPolygon","coordinates":[[[[205432.9,1680718.28],[205445.79,1680722.18],[205443.16,1680730.8],[205430.27,1680726.91],[205432.9,1680718.28]]]]}},{"type":"Feature","properties":{"building":"yes","height":6,"heightSource":"default"},"geometry":{"type":"MultiPolygon","coordinates":[[[[205416.45,1680721.78],[205402.22,1680720.28],[205403.85,1680705],[205418.09,1680706.5],[205416.45,1680721.78]]]]}},{"type":"Feature","properties":{"building":"yes","height":6,"heightSource":"default"},"geometry":{"type":"MultiPolygon","coordinates":[[[[205395.43,1680731.78],[205396.76,1680721.65],[205419.24,1680724.57],[205417.54,1680737.51],[205404.96,1680735.88],[205405.33,1680733.06],[205395.43,1680731.78]]]]}},{"type":"Feature","properties":{"building":"yes","height":6,"heightSource":"default"},"geometry":{"type":"MultiPolygon","coordinates":[[[[205413.78,1680741.34],[205426,1680742.77],[205425.33,1680748.41],[205430.72,1680749.04],[205429.58,1680758.63],[205411.97,1680756.57],[205413.78,1680741.34]]]]}},{"type":"Feature","properties":{"building":"yes","height":6,"heightSource":"default"},"geometry":{"type":"MultiPolygon","coordinates":[[[[205399.37,1680752.27],[205401.52,1680745.52],[205410.4,1680748.32],[205408.23,1680755.07],[205399.37,1680752.27]]]]}},{"type":"Feature","properties":{"building":"yes","height":6,"heightSource":"default"},"geometry":{"type":"MultiPolygon","coordinates":[[[[205426.07,1680717.54],[205423.92,1680725.42],[205417.23,1680723.62],[205419.37,1680715.74],[205426.07,1680717.54]]]]}},{"type":"Feature","properties":{"building":"yes","height":6,"heightSource":"default"},"geometry":{"type":"MultiPolygon","coordinates":[[[[205406.91,1680701.67],[205403.78,1680710.25],[205395.15,1680707.14],[205398.28,1680698.57],[205406.91,1680701.67]]]]}},{"type":"Feature","properties":{"building":"yes","height":6,"heightSource":"default"},"geometry":{"type":"MultiPolygon","coordinates":[[[[205401.24,1680711.93],[205398.11,1680720.5],[205389.48,1680717.4],[205392.61,1680708.82],[205401.24,1680711.93]]]]}},{"type":"Feature","properties":{"building":"yes","height":6,"heightSource":"default"},"geometry":{"type":"MultiPolygon","coordinates":[[[[205390.5,1680706.88],[205387.38,1680715.46],[205378.75,1680712.35],[205381.87,1680703.78],[205390.5,1680706.88]]]]}},{"type":"Feature","properties":{"building":"yes","height":6,"heightSource":"default"},"geometry":{"type":"MultiPolygon","coordinates":[[[[205397.69,1680693.92],[205394.57,1680702.5],[205385.94,1680699.4],[205389.06,1680690.82],[205397.69,1680693.92]]]]}},{"type":"Feature","properties":{"building":"yes","height":6,"heightSource":"default"},"geometry":{"type":"MultiPolygon","coordinates":[[[[205375.9,1680686.72],[205378.33,1680681.59],[205386.54,1680685.44],[205384.11,1680690.56],[205375.9,1680686.72]]]]}},{"type":"Feature","properties":{"building":"yes","height":6,"heightSource":"default"},"geometry":{"type":"MultiPolygon","coordinates":[[[[205349.48,1680703.82],[205352.65,1680703.87],[205352.74,1680698.13],[205363.56,1680698.29],[205363.37,1680711.18],[205349.37,1680710.97],[205349.48,1680703.82]]]]}},{"type":"Feature","properties":{"building":"yes","height":6,"heightSource":"default"},"geometry":{"type":"MultiPolygon","coordinates":[[[[205382.03,1680673.48],[205391.19,1680676.74],[205388.21,1680684.97],[205379.05,1680681.71],[205382.03,1680673.48]]]]}},{"type":"Feature","properties":{"building":"yes","height":6,"heightSource":"default"},"geometry":{"type":"MultiPolygon","coordinates":[[[[205489.35,1680738.9],[205493.85,1680739.59],[205492.5,1680748.25],[205488,1680747.56],[205489.35,1680738.9]]]]}},{"type":"Feature","properties":{"building":"yes","height":6,"heightSource":"default"},"geometry":{"type":"MultiPolygon","coordinates":[[[[205467.19,1680754.55],[205483.59,1680755.31],[205483.04,1680766.74],[205466.66,1680765.99],[205467.19,1680754.55]]]]}},{"type":"Feature","properties":{"building":"yes","height":6,"heightSource":"default"},"geometry":{"type":"MultiPolygon","coordinates":[[[[205481.76,1680742.96],[205482.48,1680738.22],[205487.99,1680739.03],[205487.26,1680743.79],[205481.76,1680742.96]]]]}},{"type":"Feature","properties":{"building":"yes","height":6,"heightSource":"default"},"geometry":{"type":"MultiPolygon","coordinates":[[[[205480.55,1680701.83],[205495.84,1680701.92],[205495.73,1680719.97],[205480.45,1680719.88],[205480.55,1680701.83]]]]}},{"type":"Feature","properties":{"building":"yes","height":6,"heightSource":"default"},"geometry":{"type":"MultiPolygon","coordinates":[[[[205481.81,1680699.39],[205481.96,1680691.37],[205497.52,1680691.66],[205497.38,1680699.68],[205481.81,1680699.39]]]]}},{"type":"Feature","properties":{"building":"yes","height":6,"heightSource":"default"},"geometry":{"type":"MultiPolygon","coordinates":[[[[205485.06,1680690.29],[205485.95,1680680.93],[205497.78,1680682.04],[205496.9,1680691.4],[205485.06,1680690.29]]]]}},{"type":"Feature","properties":{"building":"yes","height":6,"heightSource":"default"},"geometry":{"type":"MultiPolygon","coordinates":[[[[205432.3,1680833.1],[205434.45,1680823.58],[205445.56,1680826.07],[205443.41,1680835.59],[205432.3,1680833.1]]]]}},{"type":"Feature","properties":{"building":"yes","height":6,"heightSource":"default"},"geometry":{"type":"MultiPolygon","coordinates":[[[[205420.58,1680825.57],[205422.74,1680816.06],[205433.85,1680818.54],[205431.69,1680828.06],[205420.58,1680825.57]]]]}},{"type":"Feature","properties":{"building":"yes","height":6,"heightSource":"default"},"geometry":{"type":"MultiPolygon","coordinates":[[[[205195.77,1680651.8],[205205.26,1680644.51],[205212.51,1680653.86],[205203.02,1680661.14],[205195.77,1680651.8]]]]}},{"type":"Feature","properties":{"building":"yes","height":6,"heightSource":"default"},"geometry":{"type":"MultiPolygon","coordinates":[[[[205221.82,1680724.79],[205231.32,1680717.51],[205238.57,1680726.86],[205229.08,1680734.14],[205221.82,1680724.79]]]]}},{"type":"Feature","properties":{"building":"yes","height":6,"heightSource":"default"},"geometry":{"type":"MultiPolygon","coordinates":[[[[205288.97,1680692.57],[205296.9,1680692.96],[205296.56,1680699.66],[205288.63,1680699.28],[205288.97,1680692.57]]]]}},{"type":"Feature","properties":{"building":"yes","height":6,"heightSource":"default"},"geometry":{"type":"MultiPolygon","coordinates":[[[[205266.09,1680720.77],[205274.01,1680721.15],[205273.68,1680727.85],[205265.76,1680727.46],[205266.09,1680720.77]]]]}},{"type":"Feature","properties":{"building":"yes","height":6,"heightSource":"default"},"geometry":{"type":"MultiPolygon","coordinates":[[[[205305.55,1680700.59],[205314.4,1680702.02],[205312.48,1680713.73],[205303.63,1680712.29],[205305.55,1680700.59]]]]}},{"type":"Feature","properties":{"building":"yes","height":6,"heightSource":"default"},"geometry":{"type":"MultiPolygon","coordinates":[[[[205304.95,1680736.1],[205291.02,1680733.62],[205292.87,1680723.36],[205306.8,1680725.85],[205304.95,1680736.1]]]]}},{"type":"Feature","properties":{"building":"yes","height":6,"heightSource":"default"},"geometry":{"type":"MultiPolygon","coordinates":[[[[205338.93,1680655.75],[205345.62,1680661.5],[205338.29,1680669.94],[205331.59,1680664.19],[205338.93,1680655.75]]]]}},{"type":"Feature","properties":{"building":"yes","height":6,"heightSource":"default"},"geometry":{"type":"MultiPolygon","coordinates":[[[[205323.76,1680685.46],[205320.18,1680692.87],[205310.62,1680688.32],[205314.21,1680680.91],[205323.76,1680685.46]]]]}},{"type":"Feature","properties":{"building":"yes","height":6,"heightSource":"default"},"geometry":{"type":"MultiPolygon","coordinates":[[[[205443.43,1680706.94],[205447.05,1680696.8],[205458.01,1680700.66],[205454.39,1680710.81],[205443.43,1680706.94]]]]}},{"type":"Feature","properties":{"building":"yes","height":6,"heightSource":"default"},"geometry":{"type":"MultiPolygon","coordinates":[[[[205438.93,1680687.9],[205446.44,1680691.42],[205438.77,1680707.6],[205431.26,1680704.1],[205438.93,1680687.9]]]]}},{"type":"Feature","properties":{"building":"yes","height":6,"heightSource":"default"},"geometry":{"type":"MultiPolygon","coordinates":[[[[205431,1680683.01],[205438.51,1680686.51],[205430.84,1680702.71],[205423.33,1680699.19],[205431,1680683.01]]]]}},{"type":"Feature","properties":{"building":"yes","height":6,"heightSource":"default"},"geometry":{"type":"MultiPolygon","coordinates":[[[[205458.61,1680690.9],[205456.73,1680695.57],[205447.44,1680691.88],[205449.31,1680687.21],[205458.61,1680690.9]]]]}},{"type":"Feature","properties":{"building":"yes","height":6,"heightSource":"default"},"geometry":{"type":"MultiPolygon","coordinates":[[[[205417.69,1680670.26],[205425.2,1680673.77],[205417.53,1680689.96],[205410.02,1680686.45],[205417.69,1680670.26]]]]}},{"type":"Feature","properties":{"building":"yes","height":6,"heightSource":"default"},"geometry":{"type":"MultiPolygon","coordinates":[[[[205412.99,1680667.05],[205410.75,1680674.5],[205404.43,1680672.62],[205406.67,1680665.17],[205412.99,1680667.05]]]]}},{"type":"Feature","properties":{"building":"yes","height":6,"heightSource":"default"},"geometry":{"type":"MultiPolygon","coordinates":[[[[205423.71,1680658.77],[205418.07,1680667.61],[205403.58,1680658.49],[205409.21,1680649.65],[205423.71,1680658.77]]]]}},{"type":"Feature","properties":{"building":"yes","height":6,"heightSource":"default"},"geometry":{"type":"MultiPolygon","coordinates":[[[[205465.67,1680659.07],[205463.14,1680666.16],[205452.18,1680662.28],[205454.72,1680655.19],[205465.67,1680659.07]]]]}},{"type":"Feature","properties":{"building":"yes","height":6,"heightSource":"default"},"geometry":{"type":"MultiPolygon","coordinates":[[[[205414.53,1680639.41],[205419.07,1680639.91],[205419.35,1680637.49],[205430.15,1680638.68],[205429.06,1680648.45],[205413.7,1680646.76],[205414.53,1680639.41]]]]}},{"type":"Feature","properties":{"building":"yes","height":6,"heightSource":"default"},"geometry":{"type":"MultiPolygon","coordinates":[[[[205410.59,1680638.29],[205405.97,1680650.54],[205393.13,1680645.77],[205397.75,1680633.51],[205410.59,1680638.29]]]]}},{"type":"Feature","properties":{"building":"yes","height":6,"heightSource":"default"},"geometry":{"type":"MultiPolygon","coordinates":[[[[205446.19,1680632.53],[205447.77,1680619.56],[205457.82,1680620.76],[205456.24,1680633.73],[205446.19,1680632.53]]]]}},{"type":"Feature","properties":{"building":"yes","height":6,"heightSource":"default"},"geometry":{"type":"MultiPolygon","coordinates":[[[[205465.34,1680602.83],[205483.97,1680606.26],[205480.56,1680624.5],[205451.48,1680619.13],[205453.61,1680607.8],[205464.04,1680609.73],[205465.34,1680602.83]]]]}},{"type":"Feature","properties":{"building":"yes","height":6,"heightSource":"default"},"geometry":{"type":"MultiPolygon","coordinates":[[[[205421.35,1680604.61],[205420.78,1680590.3],[205427.69,1680590.03],[205427.9,1680595.18],[205430.21,1680595.09],[205430.56,1680604.25],[205421.35,1680604.61]]]]}},{"type":"Feature","properties":{"building":"yes","height":6,"heightSource":"default"},"geometry":{"type":"MultiPolygon","coordinates":[[[[205399.13,1680598.73],[205406.04,1680598.46],[205406.63,1680613.47],[205399.72,1680613.74],[205399.13,1680598.73]]]]}},{"type":"Feature","properties":{"building":"yes","height":6,"heightSource":"default"},"geometry":{"type":"MultiPolygon","coordinates":[[[[205496.6,1680577.77],[205494.45,1680586.38],[205488.77,1680584.99],[205490.91,1680576.37],[205496.6,1680577.77]]]]}},{"type":"Feature","properties":{"building":"yes","height":6,"heightSource":"default"},"geometry":{"type":"MultiPolygon","coordinates":[[[[205478.71,1680583.57],[205484.01,1680584.52],[205482.84,1680590.89],[205477.55,1680589.93],[205478.71,1680583.57]]]]}},{"type":"Feature","properties":{"building":"yes","height":6,"heightSource":"default"},"geometry":{"type":"MultiPolygon","coordinates":[[[[205462.21,1680576.96],[205465.23,1680567.02],[205475.23,1680570.02],[205472.22,1680579.96],[205462.21,1680576.96]]]]}},{"type":"Feature","properties":{"building":"yes","height":6,"heightSource":"default"},"geometry":{"type":"MultiPolygon","coordinates":[[[[205486.63,1680571.91],[205484.49,1680580.53],[205478.8,1680579.14],[205480.94,1680570.52],[205486.63,1680571.91]]]]}},{"type":"Feature","properties":{"building":"yes","height":6,"heightSource":"default"},"geometry":{"type":"MultiPolygon","coordinates":[[[[205458.95,1680524.23],[205458.33,1680530.75],[205454.04,1680530.35],[205454.66,1680523.83],[205458.95,1680524.23]]]]}},{"type":"Feature","properties":{"building":"yes","height":6,"heightSource":"default"},"geometry":{"type":"MultiPolygon","coordinates":[[[[205449.31,1680582.08],[205448.69,1680588.59],[205444.4,1680588.19],[205445.02,1680581.68],[205449.31,1680582.08]]]]}},{"type":"Feature","properties":{"building":"yes","height":6,"heightSource":"default"},"geometry":{"type":"MultiPolygon","coordinates":[[[[205450.84,1680572.81],[205450.22,1680579.34],[205445.93,1680578.94],[205446.55,1680572.41],[205450.84,1680572.81]]]]}},{"type":"Feature","properties":{"building":"yes","height":6,"heightSource":"default"},"geometry":{"type":"MultiPolygon","coordinates":[[[[205458.24,1680565.34],[205457.62,1680571.87],[205453.33,1680571.47],[205453.95,1680564.94],[205458.24,1680565.34]]]]}},{"type":"Feature","properties":{"building":"yes","height":6,"heightSource":"default"},"geometry":{"type":"MultiPolygon","coordinates":[[[[205448.87,1680542],[205458.93,1680543.69],[205456.16,1680559.93],[205446.09,1680558.23],[205448.87,1680542]]]]}},{"type":"Feature","properties":{"building":"yes","height":6,"heightSource":"default"},"geometry":{"type":"MultiPolygon","coordinates":[[[[205463,1680550.67],[205460.01,1680549.95],[205462.37,1680540.23],[205469.98,1680542.05],[205467.92,1680550.54],[205473.22,1680551.81],[205470.29,1680563.84],[205460.37,1680561.46],[205463,1680550.67]]]]}},{"type":"Feature","properties":{"building":"yes","height":6,"heightSource":"default"},"geometry":{"type":"MultiPolygon","coordinates":[[[[205474.94,1680552.97],[205473.26,1680552.72],[205474.46,1680544.78],[205486.28,1680546.55],[205483.07,1680567.63],[205472.95,1680566.11],[205474.94,1680552.97]]]]}},{"type":"Feature","properties":{"building":"yes","height":6,"heightSource":"default"},"geometry":{"type":"MultiPolygon","coordinates":[[[[205490.3,1680567.2],[205487.61,1680566.48],[205490.92,1680554.35],[205504.58,1680558.01],[205500.38,1680573.45],[205489.39,1680570.5],[205490.3,1680567.2]]]]}},{"type":"Feature","properties":{"building":"yes","height":6,"heightSource":"default"},"geometry":{"type":"MultiPolygon","coordinates":[[[[205490.61,1680553.04],[205494.19,1680539.71],[205510.29,1680543.97],[205506.71,1680557.3],[205490.61,1680553.04]]]]}},{"type":"Feature","properties":{"building":"yes","height":6,"heightSource":"default"},"geometry":{"type":"MultiPolygon","coordinates":[[[[205469.17,1680540.68],[205470.06,1680532.01],[205480.32,1680533.04],[205479.43,1680541.71],[205469.17,1680540.68]]]]}},{"type":"Feature","properties":{"building":"yes","height":6,"heightSource":"default"},"geometry":{"type":"MultiPolygon","coordinates":[[[[205491.47,1680536.57],[205489.49,1680544.95],[205479.28,1680542.57],[205481.27,1680534.18],[205491.47,1680536.57]]]]}},{"type":"Feature","properties":{"building":"yes","height":6,"heightSource":"default"},"geometry":{"type":"MultiPolygon","coordinates":[[[[205511.89,1680518.7],[205522.67,1680522.39],[205518.99,1680533],[205508.21,1680529.31],[205511.89,1680518.7]]]]}},{"type":"Feature","properties":{"building":"yes","height":6,"heightSource":"default"},"geometry":{"type":"MultiPolygon","coordinates":[[[[205507.45,1680531.92],[205517.79,1680535.11],[205514.67,1680545.11],[205504.32,1680541.92],[205507.45,1680531.92]]]]}},{"type":"Feature","properties":{"building":"yes","height":6,"heightSource":"default"},"geometry":{"type":"MultiPolygon","coordinates":[[[[205513.39,1680517.79],[205515.9,1680506.93],[205525.45,1680509.11],[205522.95,1680519.97],[205513.39,1680517.79]]]]}},{"type":"Feature","properties":{"building":"yes","height":6,"heightSource":"default"},"geometry":{"type":"MultiPolygon","coordinates":[[[[205506.68,1680514.02],[205508.3,1680504.85],[205513.6,1680505.78],[205512,1680514.94],[205506.68,1680514.02]]]]}},{"type":"Feature","properties":{"building":"yes","height":6,"heightSource":"default"},"geometry":{"type":"MultiPolygon","coordinates":[[[[205531.68,1680526.21],[205537.76,1680516.7],[205556.19,1680528.35],[205550.1,1680537.86],[205531.68,1680526.21]]]]}},{"type":"Feature","properties":{"building":"yes","height":6,"heightSource":"default"},"geometry":{"type":"MultiPolygon","coordinates":[[[[205481.91,1680513.67],[205488.01,1680504.15],[205506.43,1680515.82],[205500.34,1680525.33],[205481.91,1680513.67]]]]}},{"type":"Feature","properties":{"building":"yes","height":6,"heightSource":"default"},"geometry":{"type":"MultiPolygon","coordinates":[[[[205479.37,1680530.11],[205482.64,1680521.13],[205488.23,1680523.14],[205484.94,1680532.12],[205479.37,1680530.11]]]]}},{"type":"Feature","properties":{"building":"yes","height":6,"heightSource":"default"},"geometry":{"type":"MultiPolygon","coordinates":[[[[205467.12,1680499.26],[205477.94,1680503.64],[205473.68,1680514.01],[205462.86,1680509.62],[205467.12,1680499.26]]]]}},{"type":"Feature","properties":{"building":"yes","height":6,"heightSource":"default"},"geometry":{"type":"MultiPolygon","coordinates":[[[[205468.65,1680490.72],[205462.72,1680500.75],[205457.07,1680497.46],[205463,1680487.43],[205468.65,1680490.72]]]]}},{"type":"Feature","properties":{"building":"yes","height":6,"heightSource":"default"},"geometry":{"type":"MultiPolygon","coordinates":[[[[205435.63,1680518.39],[205428.86,1680518.66],[205428.53,1680510.48],[205425.07,1680510.62],[205424.58,1680498.31],[205439.69,1680497.7],[205440.15,1680509.03],[205435.25,1680509.23],[205435.63,1680518.39]]]]}},{"type":"Feature","properties":{"building":"yes","height":6,"heightSource":"default"},"geometry":{"type":"MultiPolygon","coordinates":[[[[205411.29,1680488.91],[205394.87,1680489.42],[205394.65,1680482.55],[205411.08,1680482.03],[205411.29,1680488.91]]]]}},{"type":"Feature","properties":{"building":"yes","height":6,"heightSource":"default"},"geometry":{"type":"MultiPolygon","coordinates":[[[[205406.36,1680458.04],[205409.96,1680458.07],[205409.99,1680454.63],[205431.76,1680454.82],[205431.63,1680470],[205406.25,1680469.79],[205406.36,1680458.04]]]]}},{"type":"Feature","properties":{"building":"yes","height":6,"heightSource":"default"},"geometry":{"type":"MultiPolygon","coordinates":[[[[205464.78,1680449.67],[205468.94,1680408],[205495.18,1680410.58],[205492.59,1680436.49],[205488.31,1680436.07],[205486.73,1680451.83],[205464.78,1680449.67]]]]}},{"type":"Feature","properties":{"building":"yes","height":6,"heightSource":"default"},"geometry":{"type":"MultiPolygon","coordinates":[[[[205524.84,1680484.08],[205528.98,1680460.2],[205540.02,1680462.09],[205535.88,1680485.97],[205524.84,1680484.08]]]]}},{"type":"Feature","properties":{"building":"yes","height":6,"heightSource":"default"},"geometry":{"type":"MultiPolygon","coordinates":[[[[205437.83,1680478.09],[205441.97,1680454.19],[205453.01,1680456.08],[205448.88,1680479.97],[205437.83,1680478.09]]]]}},{"type":"Feature","properties":{"building":"yes","height":6,"heightSource":"default"},"geometry":{"type":"MultiPolygon","coordinates":[[[[205518.04,1680497.03],[205520.55,1680486.17],[205530.11,1680488.36],[205527.6,1680499.21],[205518.04,1680497.03]]]]}},{"type":"Feature","properties":{"building":"yes","height":6,"heightSource":"default"},"geometry":{"type":"MultiPolygon","coordinates":[[[[205422.64,1680579.56],[205422.02,1680586.09],[205417.74,1680585.69],[205418.35,1680579.16],[205422.64,1680579.56]]]]}},{"type":"Feature","properties":{"building":"yes","height":6,"heightSource":"default"},"geometry":{"type":"MultiPolygon","coordinates":[[[[205520.58,1680657.26],[205528.31,1680640.34],[205538.3,1680644.85],[205530.56,1680661.76],[205520.58,1680657.26]]]]}},{"type":"Feature","properties":{"building":"yes","height":6,"heightSource":"default"},"geometry":{"type":"MultiPolygon","coordinates":[[[[205507.96,1680600.9],[205523.28,1680606.07],[205522.33,1680608.89],[205528.5,1680610.97],[205524.87,1680621.56],[205503.37,1680614.3],[205507.96,1680600.9]]]]}},{"type":"Feature","properties":{"building":"yes","height":6,"heightSource":"default"},"geometry":{"type":"MultiPolygon","coordinates":[[[[205533.27,1680595.43],[205535.7,1680590.31],[205542.73,1680593.62],[205540.29,1680598.73],[205533.27,1680595.43]]]]}},{"type":"Feature","properties":{"building":"yes","height":6,"heightSource":"default"},"geometry":{"type":"MultiPolygon","coordinates":[[[[205523.45,1680586.08],[205527.51,1680586.74],[205526.78,1680591.2],[205512.92,1680588.95],[205514.46,1680579.49],[205524.28,1680581.07],[205523.45,1680586.08]]]]}},{"type":"Feature","properties":{"building":"yes","height":6,"heightSource":"default"},"geometry":{"type":"MultiPolygon","coordinates":[[[[205540.33,1680588.19],[205530.03,1680586.74],[205531.17,1680578.78],[205541.45,1680580.23],[205540.33,1680588.19]]]]}},{"type":"Feature","properties":{"building":"yes","height":6,"heightSource":"default"},"geometry":{"type":"MultiPolygon","coordinates":[[[[205579.23,1680549.53],[205571.29,1680559.82],[205574.51,1680562.28],[205570.51,1680567.46],[205563.42,1680562.04],[205567.7,1680556.51],[205549.65,1680542.73],[205557.32,1680532.8],[205579.23,1680549.53]]]]}},{"type":"Feature","properties":{"building":"yes","height":6,"heightSource":"default"},"geometry":{"type":"MultiPolygon","coordinates":[[[[205566.55,1680557.07],[205560.56,1680565.21],[205554.8,1680561.02],[205560.78,1680552.88],[205566.55,1680557.07]]]]}},{"type":"Feature","properties":{"building":"yes","height":6,"heightSource":"default"},"geometry":{"type":"MultiPolygon","coordinates":[[[[205582.1,1680549.06],[205589.65,1680549.85],[205588.73,1680558.35],[205581.18,1680557.54],[205582.1,1680549.06]]]]}},{"type":"Feature","properties":{"building":"yes","height":6,"heightSource":"default"},"geometry":{"type":"MultiPolygon","coordinates":[[[[205594.92,1680545.5],[205593.17,1680550.63],[205581.32,1680546.66],[205585.06,1680535.64],[205595.63,1680539.18],[205593.63,1680545.08],[205594.92,1680545.5]]]]}},{"type":"Feature","properties":{"building":"yes","height":6,"heightSource":"default"},"geometry":{"type":"MultiPolygon","coordinates":[[[[205610.32,1680551.62],[205606.41,1680562.17],[205594.53,1680557.82],[205598.44,1680547.27],[205610.32,1680551.62]]]]}},{"type":"Feature","properties":{"building":"yes","height":6,"heightSource":"default"},"geometry":{"type":"MultiPolygon","coordinates":[[[[205598.16,1680571.72],[205598.89,1680568.03],[205604.43,1680569.11],[205603.7,1680572.8],[205598.16,1680571.72]]]]}},{"type":"Feature","properties":{"building":"yes","height":6,"heightSource":"default"},"geometry":{"type":"MultiPolygon","coordinates":[[[[205881.59,1680735.44],[205881.33,1680739.14],[205875.88,1680738.77],[205876.14,1680735.06],[205881.59,1680735.44]]]]}},{"type":"Feature","properties":{"building":"yes","height":6,"heightSource":"default"},"geometry":{"type":"MultiPolygon","coordinates":[[[[205860.07,1680735.1],[205865.55,1680735.25],[205865.35,1680742.41],[205859.87,1680742.26],[205860.07,1680735.1]]]]}},{"type":"Feature","properties":{"building":"yes","height":6,"heightSource":"default"},"geometry":{"type":"MultiPolygon","coordinates":[[[[205875.08,1680761.1],[205880.55,1680761.26],[205880.35,1680768.42],[205874.88,1680768.26],[205875.08,1680761.1]]]]}},{"type":"Feature","properties":{"building":"yes","height":6,"heightSource":"default"},"geometry":{"type":"MultiPolygon","coordinates":[[[[205875.84,1680774.69],[205881.31,1680774.84],[205881.1,1680782],[205875.63,1680781.84],[205875.84,1680774.69]]]]}},{"type":"Feature","properties":{"building":"yes","height":6,"heightSource":"default"},"geometry":{"type":"MultiPolygon","coordinates":[[[[205865.01,1680767.37],[205870.49,1680767.52],[205870.28,1680774.68],[205864.8,1680774.53],[205865.01,1680767.37]]]]}},{"type":"Feature","properties":{"building":"yes","height":6,"heightSource":"default"},"geometry":{"type":"MultiPolygon","coordinates":[[[[205905.25,1680774.32],[205910.72,1680774.47],[205910.51,1680781.63],[205905.03,1680781.48],[205905.25,1680774.32]]]]}},{"type":"Feature","properties":{"building":"yes","height":6,"heightSource":"default"},"geometry":{"type":"MultiPolygon","coordinates":[[[[205786.71,1680657.14],[205771.73,1680656.78],[205772.01,1680645.89],[205786.98,1680646.27],[205786.71,1680657.14]]]]}},{"type":"Feature","properties":{"building":"yes","height":6,"heightSource":"default"},"geometry":{"type":"MultiPolygon","coordinates":[[[[205899.73,1680560.25],[205884.74,1680559.89],[205885.02,1680549],[205900,1680549.38],[205899.73,1680560.25]]]]}},{"type":"Feature","properties":{"building":"yes","height":6,"heightSource":"default"},"geometry":{"type":"MultiPolygon","coordinates":[[[[205668.62,1680633.73],[205668.43,1680630.76],[205674.6,1680630.39],[205675.17,1680639.64],[205662.23,1680640.42],[205661.85,1680634.14],[205668.62,1680633.73]]]]}},{"type":"Feature","properties":{"building":"yes","height":6,"heightSource":"default"},"geometry":{"type":"MultiPolygon","coordinates":[[[[205778.04,1680564.38],[205781.79,1680564.45],[205781.68,1680570.93],[205768.12,1680570.69],[205768.42,1680554.64],[205778.21,1680554.82],[205778.04,1680564.38]]]]}},{"type":"Feature","properties":{"building":"yes","height":6,"heightSource":"default"},"geometry":{"type":"MultiPolygon","coordinates":[[[[205793.75,1680557.86],[205798.2,1680557.53],[205798.65,1680563.52],[205794.19,1680563.86],[205793.75,1680557.86]]]]}},{"type":"Feature","properties":{"building":"yes","height":6,"heightSource":"default"},"geometry":{"type":"MultiPolygon","coordinates":[[[[205769.48,1680533.08],[205773.93,1680532.76],[205774.38,1680538.75],[205769.93,1680539.08],[205769.48,1680533.08]]]]}},{"type":"Feature","properties":{"building":"yes","height":6,"heightSource":"default"},"geometry":{"type":"MultiPolygon","coordinates":[[[[205835.19,1680527.71],[205839.65,1680527.38],[205840.09,1680533.37],[205835.64,1680533.7],[205835.19,1680527.71]]]]}},{"type":"Feature","properties":{"building":"yes","height":6,"heightSource":"default"},"geometry":{"type":"MultiPolygon","coordinates":[[[[205810.3,1680500.31],[205827.96,1680497.21],[205830.07,1680509.08],[205812.4,1680512.18],[205810.3,1680500.31]]]]}},{"type":"Feature","properties":{"building":"yes","height":6,"heightSource":"default"},"geometry":{"type":"MultiPolygon","coordinates":[[[[205639.36,1680515.02],[205635.43,1680526.55],[205628.99,1680524.38],[205632.92,1680512.86],[205639.36,1680515.02]]]]}},{"type":"Feature","properties":{"building":"yes","height":6,"heightSource":"default"},"geometry":{"type":"MultiPolygon","coordinates":[[[[205619.82,1680504.04],[205629.35,1680506.57],[205624.61,1680524.17],[205615.08,1680521.64],[205619.82,1680504.04]]]]}},{"type":"Feature","properties":{"building":"yes","height":6,"heightSource":"default"},"geometry":{"type":"MultiPolygon","coordinates":[[[[205645.61,1680495.01],[205646.24,1680504.73],[205637.03,1680505.32],[205636.41,1680495.61],[205645.61,1680495.01]]]]}},{"type":"Feature","properties":{"building":"yes","height":6,"heightSource":"default"},"geometry":{"type":"MultiPolygon","coordinates":[[[[205630.63,1680501.62],[205621.56,1680500.48],[205622.53,1680492.88],[205631.6,1680494.03],[205630.63,1680501.62]]]]}},{"type":"Feature","properties":{"building":"yes","height":6,"heightSource":"default"},"geometry":{"type":"MultiPolygon","coordinates":[[[[205624.25,1680492.71],[205624.5,1680486.24],[205629.24,1680486.43],[205629.61,1680476.99],[205636.81,1680477.25],[205636.19,1680493.17],[205624.25,1680492.71]]]]}},{"type":"Feature","properties":{"building":"yes","height":6,"heightSource":"default"},"geometry":{"type":"MultiPolygon","coordinates":[[[[205646.18,1680477.67],[205646.59,1680492.09],[205637.51,1680492.35],[205637.1,1680477.92],[205646.18,1680477.67]]]]}},{"type":"Feature","properties":{"building":"yes","height":6,"heightSource":"default"},"geometry":{"type":"MultiPolygon","coordinates":[[[[205689.36,1680468.19],[205688.54,1680474.27],[205673.83,1680472.33],[205674.64,1680466.25],[205689.36,1680468.19]]]]}},{"type":"Feature","properties":{"building":"yes","height":6,"heightSource":"default"},"geometry":{"type":"MultiPolygon","coordinates":[[[[205714.02,1680473.1],[205713.92,1680470.8],[205719.67,1680470.53],[205719.92,1680475.69],[205722.22,1680475.58],[205722.64,1680484.74],[205706.95,1680485.46],[205706.39,1680473.45],[205714.02,1680473.1]]]]}},{"type":"Feature","properties":{"building":"yes","height":6,"heightSource":"default"},"geometry":{"type":"MultiPolygon","coordinates":[[[[205721.07,1680441.74],[205731.05,1680442.73],[205729.37,1680459.45],[205719.39,1680458.46],[205721.07,1680441.74]]]]}},{"type":"Feature","properties":{"building":"yes","height":6,"heightSource":"default"},"geometry":{"type":"MultiPolygon","coordinates":[[[[205678.72,1680448.16],[205690.11,1680448.3],[205689.99,1680458.33],[205678.6,1680458.19],[205678.72,1680448.16]]]]}},{"type":"Feature","properties":{"building":"yes","height":6,"heightSource":"default"},"geometry":{"type":"MultiPolygon","coordinates":[[[[205700.47,1680444.93],[205711.86,1680445.07],[205711.74,1680455.1],[205700.35,1680454.96],[205700.47,1680444.93]]]]}},{"type":"Feature","properties":{"building":"yes","height":6,"heightSource":"default"},"geometry":{"type":"MultiPolygon","coordinates":[[[[205696.33,1680433.75],[205699.77,1680433.41],[205700.65,1680442.22],[205687.63,1680443.5],[205686.12,1680428.25],[205695.69,1680427.32],[205696.33,1680433.75]]]]}},{"type":"Feature","properties":{"building":"yes","height":6,"heightSource":"default"},"geometry":{"type":"MultiPolygon","coordinates":[[[[205681.46,1680434.18],[205681.14,1680442.95],[205671.36,1680442.6],[205671.67,1680433.83],[205681.46,1680434.18]]]]}},{"type":"Feature","properties":{"building":"yes","height":6,"heightSource":"default"},"geometry":{"type":"MultiPolygon","coordinates":[[[[205702.59,1680436.46],[205709.78,1680436.08],[205710.05,1680440.94],[205702.85,1680441.32],[205702.59,1680436.46]]]]}},{"type":"Feature","properties":{"building":"yes","height":6,"heightSource":"default"},"geometry":{"type":"MultiPolygon","coordinates":[[[[205780.33,1680419.9],[205767.65,1680420.37],[205767.17,1680407.31],[205779.85,1680406.84],[205780.33,1680419.9]]]]}},{"type":"Feature","properties":{"building":"yes","height":6,"heightSource":"default"},"geometry":{"type":"MultiPolygon","coordinates":[[[[205729.38,1680429.73],[205716.71,1680430.19],[205716.23,1680417.13],[205728.91,1680416.66],[205729.38,1680429.73]]]]}},{"type":"Feature","properties":{"building":"yes","height":6,"heightSource":"default"},"geometry":{"type":"MultiPolygon","coordinates":[[[[205729.2,1680388.49],[205734.38,1680388.15],[205734.77,1680394.15],[205729.6,1680394.49],[205729.2,1680388.49]]]]}},{"type":"Feature","properties":{"building":"yes","height":6,"heightSource":"default"},"geometry":{"type":"MultiPolygon","coordinates":[[[[205746.36,1680384.55],[205751.53,1680384.21],[205751.92,1680390.2],[205746.76,1680390.54],[205746.36,1680384.55]]]]}},{"type":"Feature","properties":{"building":"yes","height":6,"heightSource":"default"},"geometry":{"type":"MultiPolygon","coordinates":[[[[205761.29,1680380.16],[205771.95,1680379.69],[205772.6,1680394],[205761.95,1680394.47],[205761.29,1680380.16]]]]}},{"type":"Feature","properties":{"building":"yes","height":6,"heightSource":"default"},"geometry":{"type":"MultiPolygon","coordinates":[[[[205707,1680393.32],[205712.17,1680392.99],[205712.57,1680398.99],[205707.39,1680399.32],[205707,1680393.32]]]]}},{"type":"Feature","properties":{"building":"yes","height":6,"heightSource":"default"},"geometry":{"type":"MultiPolygon","coordinates":[[[[205704.34,1680405.74],[205709.51,1680405.39],[205709.91,1680411.39],[205704.73,1680411.73],[205704.34,1680405.74]]]]}},{"type":"Feature","properties":{"building":"yes","height":6,"heightSource":"default"},"geometry":{"type":"MultiPolygon","coordinates":[[[[205704.81,1680416.12],[205709.99,1680415.78],[205710.38,1680421.77],[205705.21,1680422.11],[205704.81,1680416.12]]]]}},{"type":"Feature","properties":{"building":"yes","height":6,"heightSource":"default"},"geometry":{"type":"MultiPolygon","coordinates":[[[[205681.4,1680403.69],[205686.58,1680403.35],[205686.97,1680409.34],[205681.79,1680409.68],[205681.4,1680403.69]]]]}},{"type":"Feature","properties":{"building":"yes","height":6,"heightSource":"default"},"geometry":{"type":"MultiPolygon","coordinates":[[[[205690.64,1680400.42],[205695.82,1680400.07],[205696.21,1680406.08],[205691.03,1680406.41],[205690.64,1680400.42]]]]}},{"type":"Feature","properties":{"building":"yes","height":6,"heightSource":"default"},"geometry":{"type":"MultiPolygon","coordinates":[[[[205652.06,1680404.02],[205666.48,1680404.21],[205666.22,1680423.4],[205656.13,1680423.27],[205656.18,1680419.84],[205651.85,1680419.78],[205652.06,1680404.02]]]]}},{"type":"Feature","properties":{"building":"yes","height":6,"heightSource":"default"},"geometry":{"type":"MultiPolygon","coordinates":[[[[205648.33,1680426.58],[205663.01,1680426],[205663.32,1680433.44],[205648.62,1680434.02],[205648.33,1680426.58]]]]}},{"type":"Feature","properties":{"building":"yes","height":6,"heightSource":"default"},"geometry":{"type":"MultiPolygon","coordinates":[[[[205630.43,1680410.37],[205621.51,1680410.84],[205621.24,1680405.69],[205630.16,1680405.23],[205630.43,1680410.37]]]]}},{"type":"Feature","properties":{"building":"yes","height":6,"heightSource":"default"},"geometry":{"type":"MultiPolygon","coordinates":[[[[205616.82,1680417.67],[205627.92,1680417.34],[205628.52,1680437.1],[205617.43,1680437.43],[205616.82,1680417.67]]]]}},{"type":"Feature","properties":{"building":"yes","height":6,"heightSource":"default"},"geometry":{"type":"MultiPolygon","coordinates":[[[[205619.99,1680455.22],[205622.65,1680439.84],[205633.55,1680441.69],[205630.9,1680457.07],[205619.99,1680455.22]]]]}},{"type":"Feature","properties":{"building":"yes","height":6,"heightSource":"default"},"geometry":{"type":"MultiPolygon","coordinates":[[[[205639.81,1680449.85],[205644.98,1680449.51],[205645.38,1680455.51],[205640.21,1680455.85],[205639.81,1680449.85]]]]}},{"type":"Feature","properties":{"building":"yes","height":6,"heightSource":"default"},"geometry":{"type":"MultiPolygon","coordinates":[[[[205613.87,1680497.65],[205613.6,1680505.85],[205602.66,1680505.5],[205602.93,1680497.31],[205613.87,1680497.65]]]]}},{"type":"Feature","properties":{"building":"yes","height":6,"heightSource":"default"},"geometry":{"type":"MultiPolygon","coordinates":[[[[205584.85,1680504.37],[205590.81,1680505.83],[205588.25,1680516.06],[205582.29,1680514.59],[205584.85,1680504.37]]]]}},{"type":"Feature","properties":{"building":"yes","height":6,"heightSource":"default"},"geometry":{"type":"MultiPolygon","coordinates":[[[[205578.73,1680503.57],[205579.9,1680493.11],[205591,1680494.34],[205589.83,1680504.79],[205578.73,1680503.57]]]]}},{"type":"Feature","properties":{"building":"yes","height":6,"heightSource":"default"},"geometry":{"type":"MultiPolygon","coordinates":[[[[205600.22,1680477.36],[205599.88,1680492.07],[205586.91,1680491.76],[205587.26,1680477.05],[205600.22,1680477.36]]]]}},{"type":"Feature","properties":{"building":"yes","height":6,"heightSource":"default"},"geometry":{"type":"MultiPolygon","coordinates":[[[[205612.01,1680475.07],[205612.84,1680468.59],[205619.07,1680469.38],[205618.25,1680475.86],[205612.01,1680475.07]]]]}},{"type":"Feature","properties":{"building":"yes","height":6,"heightSource":"default"},"geometry":{"type":"MultiPolygon","coordinates":[[[[205594.68,1680462.48],[205608.28,1680465.41],[205606.18,1680474.96],[205592.59,1680472.03],[205594.68,1680462.48]]]]}},{"type":"Feature","properties":{"building":"yes","height":6,"heightSource":"default"},"geometry":{"type":"MultiPolygon","coordinates":[[[[205574.21,1680468.58],[205574.49,1680452.25],[205584.87,1680452.42],[205584.59,1680468.75],[205574.21,1680468.58]]]]}},{"type":"Feature","properties":{"building":"yes","height":6,"heightSource":"default"},"geometry":{"type":"MultiPolygon","coordinates":[[[[205564.59,1680449.47],[205562.71,1680466.73],[205549.33,1680465.29],[205551.21,1680448.04],[205564.59,1680449.47]]]]}},{"type":"Feature","properties":{"building":"yes","height":6,"heightSource":"default"},"geometry":{"type":"MultiPolygon","coordinates":[[[[205559.37,1680486.42],[205559.07,1680492.52],[205552.88,1680492.22],[205553.18,1680486.11],[205559.37,1680486.42]]]]}},{"type":"Feature","properties":{"building":"yes","height":6,"heightSource":"default"},"geometry":{"type":"MultiPolygon","coordinates":[[[[205560.61,1680476.95],[205560.3,1680483.05],[205554.13,1680482.74],[205554.43,1680476.64],[205560.61,1680476.95]]]]}},{"type":"Feature","properties":{"building":"yes","height":6,"heightSource":"default"},"geometry":{"type":"MultiPolygon","coordinates":[[[[205560.41,1680468.83],[205560.11,1680474.94],[205553.93,1680474.64],[205554.24,1680468.53],[205560.41,1680468.83]]]]}},{"type":"Feature","properties":{"building":"yes","height":6,"heightSource":"default"},"geometry":{"type":"MultiPolygon","coordinates":[[[[205570.31,1680486.18],[205571.48,1680475.72],[205582.57,1680476.95],[205581.4,1680487.4],[205570.31,1680486.18]]]]}},{"type":"Feature","properties":{"building":"yes","height":6,"heightSource":"default"},"geometry":{"type":"MultiPolygon","coordinates":[[[[205558.56,1680430.35],[205564.03,1680430.13],[205564.29,1680436.43],[205558.81,1680436.65],[205558.56,1680430.35]]]]}},{"type":"Feature","properties":{"building":"yes","height":6,"heightSource":"default"},"geometry":{"type":"MultiPolygon","coordinates":[[[[205566.63,1680429.55],[205572.1,1680429.33],[205572.37,1680435.63],[205566.89,1680435.85],[205566.63,1680429.55]]]]}},{"type":"Feature","properties":{"building":"yes","height":6,"heightSource":"default"},"geometry":{"type":"MultiPolygon","coordinates":[[[[205592.26,1680417.06],[205597.73,1680416.84],[205598,1680423.14],[205592.53,1680423.36],[205592.26,1680417.06]]]]}},{"type":"Feature","properties":{"building":"yes","height":6,"heightSource":"default"},"geometry":{"type":"MultiPolygon","coordinates":[[[[205572.19,1680404.73],[205577.66,1680404.51],[205577.93,1680410.81],[205572.45,1680411.03],[205572.19,1680404.73]]]]}},{"type":"Feature","properties":{"building":"yes","height":6,"heightSource":"default"},"geometry":{"type":"MultiPolygon","coordinates":[[[[205559.16,1680405.13],[205564.64,1680404.91],[205564.9,1680411.2],[205559.42,1680411.43],[205559.16,1680405.13]]]]}},{"type":"Feature","properties":{"building":"yes","height":6,"heightSource":"default"},"geometry":{"type":"MultiPolygon","coordinates":[[[[205563.05,1680415.35],[205568.52,1680415.12],[205568.78,1680421.42],[205563.31,1680421.64],[205563.05,1680415.35]]]]}},{"type":"Feature","properties":{"building":"yes","height":6,"heightSource":"default"},"geometry":{"type":"MultiPolygon","coordinates":[[[[205747.86,1680407.95],[205757.96,1680408.1],[205757.69,1680424.72],[205747.6,1680424.56],[205747.86,1680407.95]]]]}},{"type":"Feature","properties":{"building":"yes","height":6,"heightSource":"default"},"geometry":{"type":"MultiPolygon","coordinates":[[[[205756.47,1680437.45],[205772.67,1680439.32],[205771.25,1680451.46],[205755.06,1680449.59],[205756.47,1680437.45]]]]}},{"type":"Feature","properties":{"building":"yes","height":6,"heightSource":"default"},"geometry":{"type":"MultiPolygon","coordinates":[[[[205795.06,1680438.95],[205793.44,1680448.99],[205785.72,1680447.77],[205787.34,1680437.73],[205795.06,1680438.95]]]]}},{"type":"Feature","properties":{"building":"yes","height":6,"heightSource":"default"},"geometry":{"type":"MultiPolygon","coordinates":[[[[205791.31,1680427.91],[205801.97,1680428.04],[205801.85,1680437.21],[205791.19,1680437.08],[205791.31,1680427.91]]]]}},{"type":"Feature","properties":{"building":"yes","height":6,"heightSource":"default"},"geometry":{"type":"MultiPolygon","coordinates":[[[[205793.27,1680478.05],[205798.3,1680478.26],[205798.02,1680484.94],[205792.97,1680484.74],[205793.27,1680478.05]]]]}},{"type":"Feature","properties":{"building":"yes","height":6,"heightSource":"default"},"geometry":{"type":"MultiPolygon","coordinates":[[[[205743.1,1680508.78],[205742.64,1680498.87],[205763.8,1680497.89],[205764.26,1680507.79],[205743.1,1680508.78]]]]}},{"type":"Feature","properties":{"building":"yes","height":6,"heightSource":"default"},"geometry":{"type":"MultiPolygon","coordinates":[[[[205753.54,1680497.71],[205745.76,1680498.01],[205745.5,1680491.54],[205753.29,1680491.24],[205753.54,1680497.71]]]]}},{"type":"Feature","properties":{"building":"yes","height":6,"heightSource":"default"},"geometry":{"type":"MultiPolygon","coordinates":[[[[205783.48,1680458.49],[205792.12,1680458.76],[205791.64,1680474.22],[205783,1680473.95],[205783.48,1680458.49]]]]}},{"type":"Feature","properties":{"building":"yes","height":6,"heightSource":"default"},"geometry":{"type":"MultiPolygon","coordinates":[[[[205803.75,1680402.94],[205804.41,1680412.75],[205794.93,1680413.38],[205794.27,1680403.57],[205803.75,1680402.94]]]]}},{"type":"Feature","properties":{"building":"yes","height":6,"heightSource":"default"},"geometry":{"type":"MultiPolygon","coordinates":[[[[205803.09,1680387.59],[205805.05,1680397.74],[205796.54,1680399.35],[205794.59,1680389.2],[205803.09,1680387.59]]]]}},{"type":"Feature","properties":{"building":"yes","height":6,"heightSource":"default"},"geometry":{"type":"MultiPolygon","coordinates":[[[[205803.55,1680368.1],[205805.49,1680378.24],[205796.99,1680379.85],[205795.04,1680369.71],[205803.55,1680368.1]]]]}},{"type":"Feature","properties":{"building":"yes","height":6,"heightSource":"default"},"geometry":{"type":"MultiPolygon","coordinates":[[[[205603.3,1680426.69],[205603.46,1680417.13],[205612.11,1680417.27],[205611.82,1680434.17],[205601,1680433.99],[205601.13,1680426.65],[205603.3,1680426.69]]]]}},{"type":"Feature","properties":{"building":"yes","height":6,"heightSource":"default"},"geometry":{"type":"MultiPolygon","coordinates":[[[[205597.87,1680405.7],[205597.63,1680415.03],[205589.99,1680414.84],[205590.24,1680405.49],[205597.87,1680405.7]]]]}},{"type":"Feature","properties":{"building":"yes","height":6,"heightSource":"default"},"geometry":{"type":"MultiPolygon","coordinates":[[[[205581.97,1680418.9],[205587.44,1680418.67],[205587.71,1680424.97],[205582.24,1680425.19],[205581.97,1680418.9]]]]}},{"type":"Feature","properties":{"building":"yes","height":6,"heightSource":"default"},"geometry":{"type":"MultiPolygon","coordinates":[[[[205578.91,1680429.6],[205584.39,1680429.37],[205584.65,1680435.67],[205579.18,1680435.9],[205578.91,1680429.6]]]]}},{"type":"Feature","properties":{"building":"yes","height":6,"heightSource":"default"},"geometry":{"type":"MultiPolygon","coordinates":[[[[205580.54,1680440.25],[205586.01,1680440.03],[205586.28,1680446.33],[205580.8,1680446.55],[205580.54,1680440.25]]]]}},{"type":"Feature","properties":{"building":"yes","height":6,"heightSource":"default"},"geometry":{"type":"MultiPolygon","coordinates":[[[[205525,1680382.67],[205520.23,1680382.55],[205520.42,1680375.32],[205508.23,1680375.02],[205508.33,1680370.96],[205506.56,1680370.92],[205507.28,1680342.03],[205533.56,1680342.68],[205532.8,1680372.93],[205529.25,1680372.85],[205529.17,1680375.91],[205525.17,1680375.81],[205525,1680382.67]]]]}},{"type":"Feature","properties":{"building":"yes","height":6,"heightSource":"default"},"geometry":{"type":"MultiPolygon","coordinates":[[[[205413.11,1680439.92],[205411.27,1680447.29],[205399.49,1680444.37],[205401.34,1680437],[205413.11,1680439.92]]]]}},{"type":"Feature","properties":{"building":"yes","height":6,"heightSource":"default"},"geometry":{"type":"MultiPolygon","coordinates":[[[[205384.93,1680444.32],[205384.73,1680438.02],[205391.36,1680437.82],[205391.56,1680444.12],[205384.93,1680444.32]]]]}},{"type":"Feature","properties":{"building":"yes","height":6,"heightSource":"default"},"geometry":{"type":"MultiPolygon","coordinates":[[[[205389.83,1680403.9],[205396.44,1680404.2],[205396.13,1680411.06],[205389.52,1680410.77],[205389.83,1680403.9]]]]}},{"type":"Feature","properties":{"building":"yes","height":6,"heightSource":"default"},"geometry":{"type":"MultiPolygon","coordinates":[[[[205297.35,1680403.63],[205324.89,1680394.8],[205328.02,1680404.45],[205332.75,1680402.94],[205336.55,1680414.67],[205332.74,1680415.89],[205336.2,1680426.57],[205307.74,1680435.69],[205297.35,1680403.63]]]]}},{"type":"Feature","properties":{"building":"yes","height":6,"heightSource":"default"},"geometry":{"type":"MultiPolygon","coordinates":[[[[205456.3,1680231.59],[205470.96,1680234.19],[205468.72,1680246.66],[205454.06,1680244.07],[205456.3,1680231.59]]]]}},{"type":"Feature","properties":{"building":"yes","height":6,"heightSource":"default"},"geometry":{"type":"MultiPolygon","coordinates":[[[[205446.84,1680303.58],[205464.1,1680304.17],[205463.34,1680326.2],[205446.06,1680325.6],[205446.84,1680303.58]]]]}},{"type":"Feature","properties":{"building":"yes","height":6,"heightSource":"default"},"geometry":{"type":"MultiPolygon","coordinates":[[[[205429.96,1680368.29],[205430.72,1680357.75],[205435.3,1680358.07],[205436.52,1680341.1],[205433.94,1680340.91],[205434.64,1680331.12],[205457.14,1680332.71],[205455.3,1680358.34],[205454.3,1680358.28],[205453.46,1680369.96],[205429.96,1680368.29]]]]}},{"type":"Feature","properties":{"building":"yes","height":6,"heightSource":"default"},"geometry":{"type":"MultiPolygon","coordinates":[[[[205490.06,1680352.92],[205490.36,1680339.75],[205496.98,1680339.9],[205496.69,1680353.07],[205490.06,1680352.92]]]]}},{"type":"Feature","properties":{"building":"yes","height":6,"heightSource":"default"},"geometry":{"type":"MultiPolygon","coordinates":[[[[205504.17,1680333.51],[205504.29,1680324.51],[205514.1,1680324.64],[205513.97,1680333.63],[205504.17,1680333.51]]]]}},{"type":"Feature","properties":{"building":"yes","height":6,"heightSource":"default"},"geometry":{"type":"MultiPolygon","coordinates":[[[[205474.35,1680330.29],[205476.47,1680316.77],[205495.58,1680319.72],[205493.46,1680333.24],[205474.35,1680330.29]]]]}},{"type":"Feature","properties":{"building":"yes","height":6,"heightSource":"default"},"geometry":{"type":"MultiPolygon","coordinates":[[[[205517.23,1680310.72],[205495.93,1680309.95],[205496.31,1680299.66],[205517.61,1680300.42],[205517.23,1680310.72]]]]}},{"type":"Feature","properties":{"building":"yes","height":6,"heightSource":"default"},"geometry":{"type":"MultiPolygon","coordinates":[[[[205484.66,1680284.71],[205483.35,1680302.67],[205463,1680301.21],[205463.13,1680299.38],[205452.53,1680298.62],[205452.98,1680292.47],[205437.5,1680291.36],[205438.22,1680281.4],[205484.66,1680284.71]]]]}},{"type":"Feature","properties":{"building":"yes","height":6,"heightSource":"default"},"geometry":{"type":"MultiPolygon","coordinates":[[[[205495.17,1680240.57],[205495.36,1680216.5],[205510.65,1680216.63],[205510.45,1680240.69],[205495.17,1680240.57]]]]}},{"type":"Feature","properties":{"building":"yes","height":6,"heightSource":"default"},"geometry":{"type":"MultiPolygon","coordinates":[[[[205482.18,1680203.19],[205490.83,1680203.3],[205490.34,1680241.58],[205481.68,1680241.46],[205482.18,1680203.19]]]]}},{"type":"Feature","properties":{"building":"yes","height":6,"heightSource":"default"},"geometry":{"type":"MultiPolygon","coordinates":[[[[205454.03,1680219.22],[205467.78,1680216.88],[205469.46,1680226.63],[205455.71,1680228.98],[205454.03,1680219.22]]]]}},{"type":"Feature","properties":{"building":"yes","height":6,"heightSource":"default"},"geometry":{"type":"MultiPolygon","coordinates":[[[[205455.43,1680205.99],[205465.4,1680207.02],[205464.45,1680216.08],[205454.48,1680215.05],[205455.43,1680205.99]]]]}},{"type":"Feature","properties":{"building":"yes","height":6,"heightSource":"default"},"geometry":{"type":"MultiPolygon","coordinates":[[[[205913,1680536.48],[205912.54,1680532.22],[205918.1,1680531.62],[205920.26,1680551.48],[205905.99,1680553.01],[205904.29,1680537.42],[205913,1680536.48]]]]}},{"type":"Feature","properties":{"building":"yes","height":6,"heightSource":"default"},"geometry":{"type":"MultiPolygon","coordinates":[[[[205922.7,1680505.34],[205926.67,1680516.95],[205917.58,1680520.02],[205913.62,1680508.41],[205922.7,1680505.34]]]]}},{"type":"Feature","properties":{"building":"yes","height":6,"heightSource":"default"},"geometry":{"type":"MultiPolygon","coordinates":[[[[205885.33,1680493.62],[205893.67,1680491.33],[205896.78,1680502.55],[205888.44,1680504.84],[205885.33,1680493.62]]]]}},{"type":"Feature","properties":{"building":"yes","height":6,"heightSource":"default"},"geometry":{"type":"MultiPolygon","coordinates":[[[[205885.54,1680504.68],[205882.39,1680504.88],[205882.57,1680507.74],[205877.11,1680508.09],[205876.01,1680491.24],[205884.63,1680490.68],[205885.54,1680504.68]]]]}},{"type":"Feature","properties":{"building":"yes","height":6,"heightSource":"default"},"geometry":{"type":"MultiPolygon","coordinates":[[[[205916.09,1680485.5],[205914,1680489.94],[205907.06,1680486.7],[205909.16,1680482.27],[205916.09,1680485.5]]]]}},{"type":"Feature","properties":{"building":"yes","height":6,"heightSource":"default"},"geometry":{"type":"MultiPolygon","coordinates":[[[[205954.82,1680504.1],[205942.06,1680506.68],[205939.38,1680493.6],[205946.32,1680492.2],[205945.63,1680488.89],[205951.47,1680487.71],[205954.82,1680504.1]]]]}},{"type":"Feature","properties":{"building":"yes","height":6,"heightSource":"default"},"geometry":{"type":"MultiPolygon","coordinates":[[[[205993.66,1680488.7],[206006.89,1680498.58],[205998.38,1680509.83],[205990.62,1680504.05],[205986.23,1680509.85],[205980.76,1680505.77],[205993.66,1680488.7]]]]}},{"type":"Feature","properties":{"building":"yes","height":6,"heightSource":"default"},"geometry":{"type":"MultiPolygon","coordinates":[[[[205961.21,1680505.14],[205963.84,1680494.95],[205977.86,1680498.52],[205975.24,1680508.7],[205961.21,1680505.14]]]]}},{"type":"Feature","properties":{"building":"yes","height":6,"heightSource":"default"},"geometry":{"type":"MultiPolygon","coordinates":[[[[205999.21,1680481.18],[206004.09,1680473.88],[206011.62,1680478.86],[206006.76,1680486.16],[205999.21,1680481.18]]]]}},{"type":"Feature","properties":{"building":"yes","height":6,"heightSource":"default"},"geometry":{"type":"MultiPolygon","coordinates":[[[[205969.21,1680482.48],[205974.09,1680475.18],[205981.63,1680480.15],[205976.76,1680487.44],[205969.21,1680482.48]]]]}},{"type":"Feature","properties":{"building":"yes","height":6,"heightSource":"default"},"geometry":{"type":"MultiPolygon","coordinates":[[[[205977.95,1680475.35],[205982.83,1680468.05],[205990.36,1680473.02],[205985.5,1680480.33],[205977.95,1680475.35]]]]}},{"type":"Feature","properties":{"building":"yes","height":6,"heightSource":"default"},"geometry":{"type":"MultiPolygon","coordinates":[[[[205987.27,1680468.37],[205992.15,1680461.06],[205999.7,1680466.04],[205994.82,1680473.34],[205987.27,1680468.37]]]]}},{"type":"Feature","properties":{"building":"yes","height":6,"heightSource":"default"},"geometry":{"type":"MultiPolygon","coordinates":[[[[206015.91,1680453.36],[206025.17,1680456.48],[206022.59,1680464.05],[206013.32,1680460.92],[206015.91,1680453.36]]]]}},{"type":"Feature","properties":{"building":"yes","height":6,"heightSource":"default"},"geometry":{"type":"MultiPolygon","coordinates":[[[[206028.07,1680437.75],[206032.93,1680430.46],[206040.48,1680435.42],[206035.6,1680442.73],[206028.07,1680437.75]]]]}},{"type":"Feature","properties":{"building":"yes","height":6,"heightSource":"default"},"geometry":{"type":"MultiPolygon","coordinates":[[[[206021.17,1680427.03],[206026.03,1680419.72],[206033.58,1680424.7],[206028.7,1680432],[206021.17,1680427.03]]]]}},{"type":"Feature","properties":{"building":"yes","height":6,"heightSource":"default"},"geometry":{"type":"MultiPolygon","coordinates":[[[[206037.23,1680406.95],[206042.11,1680399.65],[206049.65,1680404.62],[206044.78,1680411.93],[206037.23,1680406.95]]]]}},{"type":"Feature","properties":{"building":"yes","height":6,"heightSource":"default"},"geometry":{"type":"MultiPolygon","coordinates":[[[[206099.26,1680385.57],[206092.89,1680403.28],[206083.98,1680400.12],[206090.35,1680382.41],[206099.26,1680385.57]]]]}},{"type":"Feature","properties":{"building":"yes","height":6,"heightSource":"default"},"geometry":{"type":"MultiPolygon","coordinates":[[[[206075.35,1680380.65],[206086.62,1680383.62],[206082.98,1680397.23],[206071.71,1680394.26],[206075.35,1680380.65]]]]}},{"type":"Feature","properties":{"building":"yes","height":6,"heightSource":"default"},"geometry":{"type":"MultiPolygon","coordinates":[[[[206054.02,1680371.75],[206064.71,1680374.65],[206061.79,1680385.28],[206051.1,1680382.38],[206054.02,1680371.75]]]]}},{"type":"Feature","properties":{"building":"yes","height":6,"heightSource":"default"},"geometry":{"type":"MultiPolygon","coordinates":[[[[206059.11,1680347.6],[206067.37,1680348.5],[206065.81,1680362.64],[206057.55,1680361.74],[206059.11,1680347.6]]]]}},{"type":"Feature","properties":{"building":"yes","height":6,"heightSource":"default"},"geometry":{"type":"MultiPolygon","coordinates":[[[[205099.76,1681812.45],[205122.09,1681816.35],[205120.11,1681827.58],[205072.11,1681819.2],[205074.16,1681807.55],[205094.54,1681811.11],[205095.18,1681807.51],[205100.48,1681808.43],[205099.76,1681812.45]]]]}},{"type":"Feature","properties":{"building":"yes","height":6,"heightSource":"default"},"geometry":{"type":"MultiPolygon","coordinates":[[[[205111.12,1681856.38],[205091.5,1681853.19],[205092.93,1681844.55],[205112.54,1681847.75],[205111.12,1681856.38]]]]}},{"type":"Feature","properties":{"building":"yes","height":6,"heightSource":"default"},"geometry":{"type":"MultiPolygon","coordinates":[[[[205089.29,1681842.67],[205088.46,1681852.33],[205078.17,1681851.46],[205077.6,1681857.99],[205065.88,1681857],[205067.28,1681840.79],[205089.29,1681842.67]]]]}},{"type":"Feature","properties":{"building":"yes","height":6,"heightSource":"default"},"geometry":{"type":"MultiPolygon","coordinates":[[[[204994.62,1681807.07],[204991.79,1681820.48],[204988.61,1681819.82],[204987.61,1681824.61],[204977.01,1681822.4],[204980.84,1681804.2],[204994.62,1681807.07]]]]}},{"type":"Feature","properties":{"building":"yes","height":6,"heightSource":"default"},"geometry":{"type":"MultiPolygon","coordinates":[[[[204977.15,1681803.86],[204973.73,1681819.41],[204958.35,1681816.06],[204961.79,1681800.52],[204977.15,1681803.86]]]]}},{"type":"Feature","properties":{"building":"yes","height":6,"heightSource":"default"},"geometry":{"type":"MultiPolygon","coordinates":[[[[204966.84,1681800.27],[204968.77,1681789.92],[204979.07,1681791.82],[204977.12,1681802.18],[204966.84,1681800.27]]]]}},{"type":"Feature","properties":{"building":"yes","height":6,"heightSource":"default"},"geometry":{"type":"MultiPolygon","coordinates":[[[[204997.38,1681885.59],[204995,1681898.6],[204969.65,1681894.04],[204970.13,1681891.42],[204960.93,1681889.76],[204962.77,1681879.65],[204976.43,1681882.11],[204977.21,1681877.82],[204985.29,1681879.27],[204984.56,1681883.29],[204997.38,1681885.59]]]]}},{"type":"Feature","properties":{"building":"yes","height":6,"heightSource":"default"},"geometry":{"type":"MultiPolygon","coordinates":[[[[205049.37,1682013.74],[205051.32,1682005.18],[205061.83,1682007.55],[205059.87,1682016.1],[205049.37,1682013.74]]]]}},{"type":"Feature","properties":{"building":"yes","height":6,"heightSource":"default"},"geometry":{"type":"MultiPolygon","coordinates":[[[[205047.97,1682037.64],[205054.94,1682039.27],[205053.34,1682046.03],[205046.36,1682044.42],[205047.97,1682037.64]]]]}},{"type":"Feature","properties":{"building":"yes","height":6,"heightSource":"default"},"geometry":{"type":"MultiPolygon","coordinates":[[[[205029.41,1682046.54],[205044.39,1682051.08],[205041.55,1682060.36],[205026.57,1682055.83],[205029.41,1682046.54]]]]}},{"type":"Feature","properties":{"building":"yes","height":6,"heightSource":"default"},"geometry":{"type":"MultiPolygon","coordinates":[[[[205003.4,1682053.63],[205008.27,1682038.96],[205023.29,1682043.89],[205013.71,1682072.71],[205006.46,1682070.33],[205004.58,1682075.99],[204996.04,1682073.19],[204997.23,1682069.58],[204993.61,1682068.39],[204999,1682052.18],[205003.4,1682053.63]]]]}},{"type":"Feature","properties":{"building":"yes","height":6,"heightSource":"default"},"geometry":{"type":"MultiPolygon","coordinates":[[[[205103.16,1682066.31],[205104.33,1682062.86],[205116.45,1682066.92],[205113.4,1682075.89],[205099.12,1682071.09],[205101,1682065.59],[205103.16,1682066.31]]]]}},{"type":"Feature","properties":{"building":"yes","height":6,"heightSource":"default"},"geometry":{"type":"MultiPolygon","coordinates":[[[[205091.73,1682087.2],[205094.6,1682081.49],[205103.47,1682085.88],[205101.07,1682090.67],[205097.47,1682088.9],[205097.02,1682089.81],[205091.73,1682087.2]]]]}},{"type":"Feature","properties":{"building":"yes","height":6,"heightSource":"default"},"geometry":{"type":"MultiPolygon","coordinates":[[[[205830.93,1680476.07],[205831.55,1680488.2],[205823.2,1680488.61],[205823.01,1680484.9],[205820.13,1680485.04],[205819.7,1680476.63],[205830.93,1680476.07]]]]}},{"type":"Feature","properties":{"building":"yes","height":6,"heightSource":"default"},"geometry":{"type":"MultiPolygon","coordinates":[[[[205836.36,1680454.44],[205845.57,1680454.02],[205846.49,1680473.47],[205837.28,1680473.91],[205836.36,1680454.44]]]]}},{"type":"Feature","properties":{"building":"yes","height":6,"heightSource":"default"},"geometry":{"type":"MultiPolygon","coordinates":[[[[205821.41,1680453.65],[205821.6,1680448.1],[205833.42,1680448.49],[205832.98,1680461.07],[205817.73,1680460.57],[205817.96,1680453.53],[205821.41,1680453.65]]]]}},{"type":"Feature","properties":{"building":"yes","height":6,"heightSource":"default"},"geometry":{"type":"MultiPolygon","coordinates":[[[[205829.73,1680437.2],[205818.78,1680436.78],[205819.11,1680428.48],[205830.04,1680428.9],[205829.73,1680437.2]]]]}},{"type":"Feature","properties":{"building":"yes","height":6,"heightSource":"default"},"geometry":{"type":"MultiPolygon","coordinates":[[[[205885.09,1680462.7],[205885.82,1680467.48],[205877.05,1680468.77],[205876.34,1680464.01],[205885.09,1680462.7]]]]}},{"type":"Feature","properties":{"building":"yes","height":6,"heightSource":"default"},"geometry":{"type":"MultiPolygon","coordinates":[[[[205845.2,1680439.57],[205845.91,1680444.35],[205837.15,1680445.64],[205836.44,1680440.87],[205845.2,1680439.57]]]]}},{"type":"Feature","properties":{"building":"yes","height":6,"heightSource":"default"},"geometry":{"type":"MultiPolygon","coordinates":[[[[205847.48,1680430.21],[205848.19,1680434.98],[205839.44,1680436.29],[205838.71,1680431.51],[205847.48,1680430.21]]]]}},{"type":"Feature","properties":{"building":"yes","height":6,"heightSource":"default"},"geometry":{"type":"MultiPolygon","coordinates":[[[[205851.22,1680421.02],[205851.94,1680425.79],[205843.18,1680427.1],[205842.47,1680422.32],[205851.22,1680421.02]]]]}},{"type":"Feature","properties":{"building":"yes","height":6,"heightSource":"default"},"geometry":{"type":"MultiPolygon","coordinates":[[[[205829.18,1680410.93],[205840.12,1680411.34],[205839.68,1680422.79],[205828.74,1680422.36],[205829.18,1680410.93]]]]}},{"type":"Feature","properties":{"building":"yes","height":6,"heightSource":"default"},"geometry":{"type":"MultiPolygon","coordinates":[[[[205835.35,1680394.87],[205846.13,1680396.65],[205844.34,1680407.39],[205833.56,1680405.62],[205835.35,1680394.87]]]]}},{"type":"Feature","properties":{"building":"yes","height":6,"heightSource":"default"},"geometry":{"type":"MultiPolygon","coordinates":[[[[205830.49,1680392.81],[205817.49,1680394.73],[205815.99,1680384.6],[205828.99,1680382.69],[205830.49,1680392.81]]]]}},{"type":"Feature","properties":{"building":"yes","height":6,"heightSource":"default"},"geometry":{"type":"MultiPolygon","coordinates":[[[[205827.58,1680358.69],[205828.28,1680373.45],[205818.5,1680373.92],[205817.79,1680359.16],[205827.58,1680358.69]]]]}},{"type":"Feature","properties":{"building":"yes","height":6,"heightSource":"default"},"geometry":{"type":"MultiPolygon","coordinates":[[[[205833.17,1680367.54],[205842.65,1680366.96],[205843.32,1680377.83],[205833.83,1680378.39],[205833.17,1680367.54]]]]}},{"type":"Feature","properties":{"building":"yes","height":6,"heightSource":"default"},"geometry":{"type":"MultiPolygon","coordinates":[[[[205866.8,1680437.72],[205866.76,1680447.46],[205848.74,1680447.39],[205848.78,1680437.66],[205866.8,1680437.72]]]]}},{"type":"Feature","properties":{"building":"yes","height":6,"heightSource":"default"},"geometry":{"type":"MultiPolygon","coordinates":[[[[205862.82,1680434.89],[205864.47,1680425.04],[205873.58,1680426.55],[205871.91,1680436.39],[205862.82,1680434.89]]]]}},{"type":"Feature","properties":{"building":"yes","height":6,"heightSource":"default"},"geometry":{"type":"MultiPolygon","coordinates":[[[[205875,1680414.03],[205874.63,1680423.76],[205864.56,1680423.37],[205864.92,1680413.66],[205875,1680414.03]]]]}},{"type":"Feature","properties":{"building":"yes","height":6,"heightSource":"default"},"geometry":{"type":"MultiPolygon","coordinates":[[[[205867.02,1680401.11],[205866.22,1680409.03],[205855.23,1680407.95],[205856.03,1680400.02],[205867.02,1680401.11]]]]}},{"type":"Feature","properties":{"building":"yes","height":6,"heightSource":"default"},"geometry":{"type":"MultiPolygon","coordinates":[[[[205857.44,1680396.5],[205857.72,1680386.76],[205872.56,1680387.17],[205872.28,1680396.91],[205857.44,1680396.5]]]]}},{"type":"Feature","properties":{"building":"yes","height":6,"heightSource":"default"},"geometry":{"type":"MultiPolygon","coordinates":[[[[205844.27,1680393.57],[205845.99,1680384.15],[205856.29,1680386.02],[205854.57,1680395.43],[205844.27,1680393.57]]]]}},{"type":"Feature","properties":{"building":"yes","height":6,"heightSource":"default"},"geometry":{"type":"MultiPolygon","coordinates":[[[[205849.48,1680380.53],[205849.76,1680370.79],[205864.59,1680371.21],[205864.32,1680380.94],[205849.48,1680380.53]]]]}},{"type":"Feature","properties":{"building":"yes","height":6,"heightSource":"default"},"geometry":{"type":"MultiPolygon","coordinates":[[[[205848.84,1680366.3],[205849.12,1680356.56],[205863.94,1680356.97],[205863.66,1680366.71],[205848.84,1680366.3]]]]}},{"type":"Feature","properties":{"building":"yes","height":6,"heightSource":"default"},"geometry":{"type":"MultiPolygon","coordinates":[[[[205873.65,1680380.98],[205876.53,1680369.58],[205885.04,1680371.7],[205882.16,1680383.1],[205873.65,1680380.98]]]]}},{"type":"Feature","properties":{"building":"yes","height":6,"heightSource":"default"},"geometry":{"type":"MultiPolygon","coordinates":[[[[205901.7,1680377.83],[205900.27,1680377.69],[205899.23,1680388.3],[205886.52,1680387.08],[205887.95,1680372.5],[205902.08,1680373.86],[205901.7,1680377.83]]]]}},{"type":"Feature","properties":{"building":"yes","height":6,"heightSource":"default"},"geometry":{"type":"MultiPolygon","coordinates":[[[[205916.65,1680374.91],[205914.7,1680391.68],[205902.91,1680390.33],[205904.86,1680373.55],[205916.65,1680374.91]]]]}},{"type":"Feature","properties":{"building":"yes","height":6,"heightSource":"default"},"geometry":{"type":"MultiPolygon","coordinates":[[[[205885.06,1680398.41],[205885.34,1680388.67],[205900.17,1680389.09],[205899.9,1680398.82],[205885.06,1680398.41]]]]}},{"type":"Feature","properties":{"building":"yes","height":6,"heightSource":"default"},"geometry":{"type":"MultiPolygon","coordinates":[[[[205884.26,1680409.27],[205884.54,1680399.55],[205899.36,1680399.96],[205899.09,1680409.69],[205884.26,1680409.27]]]]}},{"type":"Feature","properties":{"building":"yes","height":6,"heightSource":"default"},"geometry":{"type":"MultiPolygon","coordinates":[[[[205881.57,1680433.38],[205881.84,1680424.63],[205902.72,1680425.28],[205902.35,1680436.9],[205894.01,1680436.64],[205894.1,1680433.77],[205881.57,1680433.38]]]]}},{"type":"Feature","properties":{"building":"yes","height":6,"heightSource":"default"},"geometry":{"type":"MultiPolygon","coordinates":[[[[205894.67,1680437.06],[205894.57,1680445.37],[205878.71,1680445.19],[205878.8,1680436.88],[205894.67,1680437.06]]]]}},{"type":"Feature","properties":{"building":"yes","height":6,"heightSource":"default"},"geometry":{"type":"MultiPolygon","coordinates":[[[[205903.26,1680438.39],[205911.47,1680438.63],[205911.23,1680447.22],[205903.02,1680446.99],[205903.26,1680438.39]]]]}},{"type":"Feature","properties":{"building":"yes","height":6,"heightSource":"default"},"geometry":{"type":"MultiPolygon","coordinates":[[[[205909.69,1680424.68],[205914.3,1680424.73],[205914.23,1680430.47],[205909.62,1680430.41],[205909.69,1680424.68]]]]}},{"type":"Feature","properties":{"building":"yes","height":6,"heightSource":"default"},"geometry":{"type":"MultiPolygon","coordinates":[[[[205918.61,1680424.71],[205923.23,1680424.76],[205923.15,1680430.49],[205918.54,1680430.44],[205918.61,1680424.71]]]]}},{"type":"Feature","properties":{"building":"yes","height":6,"heightSource":"default"},"geometry":{"type":"MultiPolygon","coordinates":[[[[205926.3,1680421.22],[205914.91,1680421],[205915.18,1680407.26],[205926.57,1680407.47],[205926.3,1680421.22]]]]}},{"type":"Feature","properties":{"building":"yes","height":6,"heightSource":"default"},"geometry":{"type":"MultiPolygon","coordinates":[[[[205931.78,1680419.69],[205932.98,1680409.11],[205941.8,1680410.09],[205940.6,1680420.67],[205931.78,1680419.69]]]]}},{"type":"Feature","properties":{"building":"yes","height":6,"heightSource":"default"},"geometry":{"type":"MultiPolygon","coordinates":[[[[205924.68,1680396.76],[205942.73,1680399.33],[205941.31,1680409.15],[205923.27,1680406.57],[205924.68,1680396.76]]]]}},{"type":"Feature","properties":{"building":"yes","height":6,"heightSource":"default"},"geometry":{"type":"MultiPolygon","coordinates":[[[[205931.59,1680396.81],[205932.09,1680386.53],[205941.43,1680386.99],[205940.93,1680397.27],[205931.59,1680396.81]]]]}},{"type":"Feature","properties":{"building":"yes","height":6,"heightSource":"default"},"geometry":{"type":"MultiPolygon","coordinates":[[[[205930.36,1680385.8],[205930.29,1680379.77],[205937.5,1680379.68],[205937.58,1680385.71],[205930.36,1680385.8]]]]}},{"type":"Feature","properties":{"building":"yes","height":6,"heightSource":"default"},"geometry":{"type":"MultiPolygon","coordinates":[[[[205926.5,1680437.92],[205924.46,1680448.4],[205914.62,1680446.52],[205916.65,1680436.04],[205926.5,1680437.92]]]]}},{"type":"Feature","properties":{"building":"yes","height":6,"heightSource":"default"},"geometry":{"type":"MultiPolygon","coordinates":[[[[205942.17,1680448.32],[205940.14,1680458.8],[205930.3,1680456.92],[205932.33,1680446.44],[205942.17,1680448.32]]]]}},{"type":"Feature","properties":{"building":"yes","height":6,"heightSource":"default"},"geometry":{"type":"MultiPolygon","coordinates":[[[[205937.75,1680473.64],[205930.94,1680474.51],[205929.95,1680466.89],[205936.76,1680466.02],[205937.75,1680473.64]]]]}},{"type":"Feature","properties":{"building":"yes","height":6,"heightSource":"default"},"geometry":{"type":"MultiPolygon","coordinates":[[[[205937.7,1680434.94],[205937.02,1680439.3],[205932.66,1680438.63],[205933.34,1680434.28],[205937.7,1680434.94]]]]}},{"type":"Feature","properties":{"building":"yes","height":6,"heightSource":"default"},"geometry":{"type":"MultiPolygon","coordinates":[[[[206014.2,1680400.99],[206029.85,1680373.11],[206038.36,1680377.85],[206022.71,1680405.71],[206014.2,1680400.99]]]]}},{"type":"Feature","properties":{"building":"yes","height":6,"heightSource":"default"},"geometry":{"type":"MultiPolygon","coordinates":[[[[206030.43,1680366.09],[206025.1,1680378.53],[206010.29,1680372.27],[206015.62,1680359.83],[206030.43,1680366.09]]]]}},{"type":"Feature","properties":{"building":"yes","height":6,"heightSource":"default"},"geometry":{"type":"MultiPolygon","coordinates":[[[[206008.23,1680345.11],[206020.49,1680345.34],[206020.32,1680354.5],[206008.06,1680354.27],[206008.23,1680345.11]]]]}},{"type":"Feature","properties":{"building":"yes","height":6,"heightSource":"default"},"geometry":{"type":"MultiPolygon","coordinates":[[[[206006.77,1680372.49],[205991.51,1680373.11],[205990.94,1680358.78],[206006.21,1680358.18],[206006.77,1680372.49]]]]}},{"type":"Feature","properties":{"building":"yes","height":6,"heightSource":"default"},"geometry":{"type":"MultiPolygon","coordinates":[[[[206005.03,1680374.12],[206004.93,1680388.44],[205990.8,1680388.35],[205990.9,1680374.02],[206005.03,1680374.12]]]]}},{"type":"Feature","properties":{"building":"yes","height":6,"heightSource":"default"},"geometry":{"type":"MultiPolygon","coordinates":[[[[206004.25,1680401.44],[206000.66,1680401.69],[206001.1,1680407.69],[205994.35,1680408.17],[205993.11,1680391.05],[206003.45,1680390.31],[206004.25,1680401.44]]]]}},{"type":"Feature","properties":{"building":"yes","height":6,"heightSource":"default"},"geometry":{"type":"MultiPolygon","coordinates":[[[[206010.91,1680419.34],[206005.45,1680419.69],[206005.06,1680413.69],[206010.52,1680413.34],[206010.91,1680419.34]]]]}},{"type":"Feature","properties":{"building":"yes","height":6,"heightSource":"default"},"geometry":{"type":"MultiPolygon","coordinates":[[[[205987.19,1680390.69],[205981.73,1680391.04],[205981.35,1680385.05],[205986.81,1680384.69],[205987.19,1680390.69]]]]}},{"type":"Feature","properties":{"building":"yes","height":6,"heightSource":"default"},"geometry":{"type":"MultiPolygon","coordinates":[[[[206040.77,1680371.32],[206035.32,1680371.67],[206034.92,1680365.67],[206040.39,1680365.32],[206040.77,1680371.32]]]]}},{"type":"Feature","properties":{"building":"yes","height":6,"heightSource":"default"},"geometry":{"type":"MultiPolygon","coordinates":[[[[205964.03,1680360.29],[205958.57,1680360.65],[205958.17,1680354.64],[205963.64,1680354.3],[205964.03,1680360.29]]]]}},{"type":"Feature","properties":{"building":"yes","height":6,"heightSource":"default"},"geometry":{"type":"MultiPolygon","coordinates":[[[[205983.69,1680357.27],[205978.23,1680357.63],[205977.84,1680351.63],[205983.3,1680351.27],[205983.69,1680357.27]]]]}},{"type":"Feature","properties":{"building":"yes","height":6,"heightSource":"default"},"geometry":{"type":"MultiPolygon","coordinates":[[[[205984.32,1680348.79],[205978.85,1680349.14],[205978.47,1680343.14],[205983.93,1680342.79],[205984.32,1680348.79]]]]}},{"type":"Feature","properties":{"building":"yes","height":6,"heightSource":"default"},"geometry":{"type":"MultiPolygon","coordinates":[[[[205973.17,1680350.97],[205967.71,1680351.32],[205967.32,1680345.33],[205972.78,1680344.97],[205973.17,1680350.97]]]]}},{"type":"Feature","properties":{"building":"yes","height":6,"heightSource":"default"},"geometry":{"type":"MultiPolygon","coordinates":[[[[205964.79,1680351.07],[205959.33,1680351.43],[205958.94,1680345.43],[205964.4,1680345.07],[205964.79,1680351.07]]]]}},{"type":"Feature","properties":{"building":"yes","height":6,"heightSource":"default"},"geometry":{"type":"MultiPolygon","coordinates":[[[[205958.01,1680349.85],[205952.55,1680350.2],[205952.16,1680344.2],[205957.63,1680343.85],[205958.01,1680349.85]]]]}},{"type":"Feature","properties":{"building":"yes","height":6,"heightSource":"default"},"geometry":{"type":"MultiPolygon","coordinates":[[[[205948.65,1680353.47],[205943.19,1680353.82],[205942.79,1680347.83],[205948.25,1680347.47],[205948.65,1680353.47]]]]}},{"type":"Feature","properties":{"building":"yes","height":6,"heightSource":"default"},"geometry":{"type":"MultiPolygon","coordinates":[[[[205950.05,1680371.72],[205944.59,1680372.08],[205944.2,1680366.08],[205949.66,1680365.72],[205950.05,1680371.72]]]]}},{"type":"Feature","properties":{"building":"yes","height":6,"heightSource":"default"},"geometry":{"type":"MultiPolygon","coordinates":[[[[205950.17,1680381.22],[205944.71,1680381.56],[205944.32,1680375.57],[205949.78,1680375.22],[205950.17,1680381.22]]]]}},{"type":"Feature","properties":{"building":"yes","height":6,"heightSource":"default"},"geometry":{"type":"MultiPolygon","coordinates":[[[[205964.11,1680379],[205958.65,1680379.35],[205958.26,1680373.36],[205963.72,1680373],[205964.11,1680379]]]]}},{"type":"Feature","properties":{"building":"yes","height":6,"heightSource":"default"},"geometry":{"type":"MultiPolygon","coordinates":[[[[205956.03,1680390.65],[205950.56,1680390.99],[205950.17,1680385],[205955.63,1680384.64],[205956.03,1680390.65]]]]}},{"type":"Feature","properties":{"building":"yes","height":6,"heightSource":"default"},"geometry":{"type":"MultiPolygon","coordinates":[[[[205962.47,1680400.35],[205957,1680400.7],[205956.62,1680394.7],[205962.08,1680394.36],[205962.47,1680400.35]]]]}},{"type":"Feature","properties":{"building":"yes","height":6,"heightSource":"default"},"geometry":{"type":"MultiPolygon","coordinates":[[[[205964.25,1680413.78],[205958.8,1680414.12],[205958.4,1680408.12],[205963.87,1680407.78],[205964.25,1680413.78]]]]}},{"type":"Feature","properties":{"building":"yes","height":6,"heightSource":"default"},"geometry":{"type":"MultiPolygon","coordinates":[[[[205961.36,1680429.45],[205955.91,1680429.8],[205955.51,1680423.8],[205960.97,1680423.45],[205961.36,1680429.45]]]]}},{"type":"Feature","properties":{"building":"yes","height":6,"heightSource":"default"},"geometry":{"type":"MultiPolygon","coordinates":[[[[205984.21,1680432.13],[205991.73,1680435.31],[205987.55,1680445.11],[205980.02,1680441.93],[205984.21,1680432.13]]]]}},{"type":"Feature","properties":{"building":"yes","height":6,"heightSource":"default"},"geometry":{"type":"MultiPolygon","coordinates":[[[[205976.48,1680445],[205983.83,1680449.18],[205978.7,1680458.09],[205971.36,1680453.93],[205976.48,1680445]]]]}},{"type":"Feature","properties":{"building":"yes","height":6,"heightSource":"default"},"geometry":{"type":"MultiPolygon","coordinates":[[[[205959.68,1680470.67],[205954.22,1680471.03],[205953.82,1680465.03],[205959.28,1680464.68],[205959.68,1680470.67]]]]}},{"type":"Feature","properties":{"building":"yes","height":6,"heightSource":"default"},"geometry":{"type":"MultiPolygon","coordinates":[[[[205977.4,1680465.78],[205971.94,1680466.13],[205971.56,1680460.14],[205977.01,1680459.78],[205977.4,1680465.78]]]]}},{"type":"Feature","properties":{"building":"yes","height":6,"heightSource":"default"},"geometry":{"type":"MultiPolygon","coordinates":[[[[205969.28,1680463.4],[205963.83,1680463.74],[205963.44,1680457.75],[205968.9,1680457.39],[205969.28,1680463.4]]]]}},{"type":"Feature","properties":{"building":"yes","height":6,"heightSource":"default"},"geometry":{"type":"MultiPolygon","coordinates":[[[[205969.9,1680453.16],[205964.43,1680453.52],[205964.04,1680447.51],[205969.5,1680447.16],[205969.9,1680453.16]]]]}},{"type":"Feature","properties":{"building":"yes","height":6,"heightSource":"default"},"geometry":{"type":"MultiPolygon","coordinates":[[[[205961.4,1680456.05],[205955.94,1680456.39],[205955.55,1680450.39],[205961.01,1680450.04],[205961.4,1680456.05]]]]}},{"type":"Feature","properties":{"building":"yes","height":6,"heightSource":"default"},"geometry":{"type":"MultiPolygon","coordinates":[[[[205961.06,1680440.7],[205955.61,1680441.06],[205955.21,1680435.06],[205960.67,1680434.7],[205961.06,1680440.7]]]]}},{"type":"Feature","properties":{"building":"yes","height":6,"heightSource":"default"},"geometry":{"type":"MultiPolygon","coordinates":[[[[205879.29,1680357.56],[205873.83,1680357.9],[205873.44,1680351.91],[205878.9,1680351.56],[205879.29,1680357.56]]]]}},{"type":"Feature","properties":{"building":"yes","height":6,"heightSource":"default"},"geometry":{"type":"MultiPolygon","coordinates":[[[[205889.86,1680356.25],[205884.4,1680356.61],[205884.01,1680350.61],[205889.47,1680350.25],[205889.86,1680356.25]]]]}},{"type":"Feature","properties":{"building":"yes","height":6,"heightSource":"default"},"geometry":{"type":"MultiPolygon","coordinates":[[[[205901.31,1680354.21],[205895.85,1680354.56],[205895.45,1680348.56],[205900.91,1680348.21],[205901.31,1680354.21]]]]}},{"type":"Feature","properties":{"building":"yes","height":6,"heightSource":"default"},"geometry":{"type":"MultiPolygon","coordinates":[[[[205917.62,1680353.42],[205912.16,1680353.77],[205911.77,1680347.77],[205917.22,1680347.43],[205917.62,1680353.42]]]]}},{"type":"Feature","properties":{"building":"yes","height":6,"heightSource":"default"},"geometry":{"type":"MultiPolygon","coordinates":[[[[205921.5,1680369.3],[205916.03,1680369.65],[205915.64,1680363.66],[205921.1,1680363.3],[205921.5,1680369.3]]]]}},{"type":"Feature","properties":{"building":"yes","height":6,"heightSource":"default"},"geometry":{"type":"MultiPolygon","coordinates":[[[[205931.92,1680368.44],[205926.46,1680368.79],[205926.07,1680362.8],[205931.53,1680362.44],[205931.92,1680368.44]]]]}},{"type":"Feature","properties":{"building":"yes","height":6,"heightSource":"default"},"geometry":{"type":"MultiPolygon","coordinates":[[[[205932.76,1680353.23],[205927.3,1680353.58],[205926.9,1680347.58],[205932.37,1680347.24],[205932.76,1680353.23]]]]}},{"type":"Feature","properties":{"building":"yes","height":6,"heightSource":"default"},"geometry":{"type":"MultiPolygon","coordinates":[[[[206211.54,1680410.89],[206235.17,1680418.54],[206230.56,1680432.6],[206206.93,1680424.96],[206211.54,1680410.89]]]]}},{"type":"Feature","properties":{"building":"yes","height":6,"heightSource":"default"},"geometry":{"type":"MultiPolygon","coordinates":[[[[206201.21,1680411.93],[206192.66,1680441.62],[206186.68,1680439.93],[206195.23,1680410.23],[206201.21,1680411.93]]]]}},{"type":"Feature","properties":{"building":"yes","height":6,"heightSource":"default"},"geometry":{"type":"MultiPolygon","coordinates":[[[[206026.54,1680321.87],[206041.19,1680325.43],[206039.06,1680334.06],[206024.41,1680330.49],[206026.54,1680321.87]]]]}},{"type":"Feature","properties":{"building":"yes","height":6,"heightSource":"default"},"geometry":{"type":"MultiPolygon","coordinates":[[[[206013.5,1680330.74],[206016.61,1680315.18],[206024.22,1680316.68],[206021.11,1680332.23],[206013.5,1680330.74]]]]}},{"type":"Feature","properties":{"building":"yes","height":6,"heightSource":"default"},"geometry":{"type":"MultiPolygon","coordinates":[[[[205992.64,1680319.91],[206012.04,1680321.76],[206010.89,1680333.66],[205991.49,1680331.81],[205992.64,1680319.91]]]]}},{"type":"Feature","properties":{"building":"yes","height":6,"heightSource":"default"},"geometry":{"type":"MultiPolygon","coordinates":[[[[206007.18,1680308.3],[206002.8,1680317.69],[205992.4,1680312.92],[205996.78,1680303.52],[206007.18,1680308.3]]]]}},{"type":"Feature","properties":{"building":"yes","height":6,"heightSource":"default"},"geometry":{"type":"MultiPolygon","coordinates":[[[[205979.92,1680294.96],[205976.71,1680305.72],[205968.79,1680303.4],[205971.99,1680292.63],[205979.92,1680294.96]]]]}},{"type":"Feature","properties":{"building":"yes","height":6,"heightSource":"default"},"geometry":{"type":"MultiPolygon","coordinates":[[[[205943.96,1680316.04],[205949,1680301.17],[205961.38,1680305.32],[205956.35,1680320.18],[205943.96,1680316.04]]]]}},{"type":"Feature","properties":{"building":"yes","height":6,"heightSource":"default"},"geometry":{"type":"MultiPolygon","coordinates":[[[[205978.82,1680311.75],[205983.86,1680296.88],[205996.24,1680301.03],[205991.2,1680315.89],[205978.82,1680311.75]]]]}},{"type":"Feature","properties":{"building":"yes","height":6,"heightSource":"default"},"geometry":{"type":"MultiPolygon","coordinates":[[[[205922.6,1680304.64],[205931.83,1680304.79],[205931.6,1680318.82],[205922.38,1680318.67],[205922.6,1680304.64]]]]}},{"type":"Feature","properties":{"building":"yes","height":6,"heightSource":"default"},"geometry":{"type":"MultiPolygon","coordinates":[[[[205920.91,1680320.73],[205929.14,1680320.47],[205929.39,1680328.94],[205921.17,1680329.19],[205920.91,1680320.73]]]]}},{"type":"Feature","properties":{"building":"yes","height":6,"heightSource":"default"},"geometry":{"type":"MultiPolygon","coordinates":[[[[205911.76,1680332.04],[205911.22,1680321.57],[205918.42,1680321.2],[205918.96,1680331.66],[205911.76,1680332.04]]]]}},{"type":"Feature","properties":{"building":"yes","height":6,"heightSource":"default"},"geometry":{"type":"MultiPolygon","coordinates":[[[[205908.26,1680319.55],[205908.96,1680332.7],[205899.17,1680333.21],[205898.48,1680320.06],[205908.26,1680319.55]]]]}},{"type":"Feature","properties":{"building":"yes","height":6,"heightSource":"default"},"geometry":{"type":"MultiPolygon","coordinates":[[[[205925.91,1680303.06],[205927.49,1680292.42],[205940.01,1680294.27],[205938.43,1680304.9],[205925.91,1680303.06]]]]}},{"type":"Feature","properties":{"building":"yes","height":6,"heightSource":"default"},"geometry":{"type":"MultiPolygon","coordinates":[[[[205893.6,1680310.47],[205893.78,1680315.05],[205890.17,1680315.2],[205889.99,1680310.62],[205893.6,1680310.47]]]]}},{"type":"Feature","properties":{"building":"yes","height":6,"heightSource":"default"},"geometry":{"type":"MultiPolygon","coordinates":[[[[205817.53,1680342.98],[205817.3,1680350.32],[205814.42,1680350.23],[205814.65,1680342.9],[205817.53,1680342.98]]]]}},{"type":"Feature","properties":{"building":"yes","height":6,"heightSource":"default"},"geometry":{"type":"MultiPolygon","coordinates":[[[[205844.21,1680348.01],[205832.57,1680348.69],[205831.87,1680336.68],[205843.5,1680336],[205844.21,1680348.01]]]]}},{"type":"Feature","properties":{"building":"yes","height":6,"heightSource":"default"},"geometry":{"type":"MultiPolygon","coordinates":[[[[205821.39,1680329.83],[205830.88,1680329.26],[205831.54,1680340.13],[205822.05,1680340.69],[205821.39,1680329.83]]]]}},{"type":"Feature","properties":{"building":"yes","height":6,"heightSource":"default"},"geometry":{"type":"MultiPolygon","coordinates":[[[[205808.95,1680331.03],[205818.44,1680330.46],[205819.1,1680341.32],[205809.62,1680341.89],[205808.95,1680331.03]]]]}},{"type":"Feature","properties":{"building":"yes","height":6,"heightSource":"default"},"geometry":{"type":"MultiPolygon","coordinates":[[[[205815.7,1680316.24],[205825.19,1680315.67],[205825.86,1680326.53],[205816.37,1680327.1],[205815.7,1680316.24]]]]}},{"type":"Feature","properties":{"building":"yes","height":6,"heightSource":"default"},"geometry":{"type":"MultiPolygon","coordinates":[[[[205839.21,1680326.42],[205855.31,1680325.43],[205856.2,1680339.72],[205845.56,1680340.37],[205845.13,1680333.51],[205839.67,1680333.85],[205839.21,1680326.42]]]]}},{"type":"Feature","properties":{"building":"yes","height":6,"heightSource":"default"},"geometry":{"type":"MultiPolygon","coordinates":[[[[205868.68,1680338.54],[205857.04,1680339.23],[205856.33,1680327.23],[205867.97,1680326.54],[205868.68,1680338.54]]]]}},{"type":"Feature","properties":{"building":"yes","height":6,"heightSource":"default"},"geometry":{"type":"MultiPolygon","coordinates":[[[[205844.23,1680309.2],[205832.59,1680309.88],[205831.88,1680297.88],[205843.52,1680297.2],[205844.23,1680309.2]]]]}},{"type":"Feature","properties":{"building":"yes","height":6,"heightSource":"default"},"geometry":{"type":"MultiPolygon","coordinates":[[[[205825.15,1680312.65],[205811.19,1680313.16],[205810.79,1680302.75],[205824.76,1680302.22],[205825.15,1680312.65]]]]}},{"type":"Feature","properties":{"building":"yes","height":6,"heightSource":"default"},"geometry":{"type":"MultiPolygon","coordinates":[[[[205808.64,1680301.41],[205808.32,1680294.26],[205821.57,1680293.68],[205821.89,1680300.83],[205808.64,1680301.41]]]]}},{"type":"Feature","properties":{"building":"yes","height":6,"heightSource":"default"},"geometry":{"type":"MultiPolygon","coordinates":[[[[205810.49,1680292.5],[205810.18,1680285.34],[205823.43,1680284.76],[205823.74,1680291.91],[205810.49,1680292.5]]]]}},{"type":"Feature","properties":{"building":"yes","height":6,"heightSource":"default"},"geometry":{"type":"MultiPolygon","coordinates":[[[[205809.79,1680283.17],[205809.47,1680276.01],[205822.72,1680275.43],[205823.04,1680282.59],[205809.79,1680283.17]]]]}},{"type":"Feature","properties":{"building":"yes","height":6,"heightSource":"default"},"geometry":{"type":"MultiPolygon","coordinates":[[[[205816.16,1680247.36],[205815.93,1680274.87],[205806.12,1680274.79],[205806.24,1680261.33],[205804.22,1680261.31],[205804.33,1680247.26],[205816.16,1680247.36]]]]}},{"type":"Feature","properties":{"building":"yes","height":6,"heightSource":"default"},"geometry":{"type":"MultiPolygon","coordinates":[[[[205864.18,1680259.82],[205869.99,1680261.31],[205868.06,1680268.7],[205862.26,1680267.21],[205864.18,1680259.82]]]]}},{"type":"Feature","properties":{"building":"yes","height":6,"heightSource":"default"},"geometry":{"type":"MultiPolygon","coordinates":[[[[205847.36,1680268.37],[205853.17,1680269.86],[205851.24,1680277.25],[205845.44,1680275.76],[205847.36,1680268.37]]]]}},{"type":"Feature","properties":{"building":"yes","height":6,"heightSource":"default"},"geometry":{"type":"MultiPolygon","coordinates":[[[[205850.27,1680256.9],[205856.08,1680258.39],[205854.15,1680265.77],[205848.35,1680264.29],[205850.27,1680256.9]]]]}},{"type":"Feature","properties":{"building":"yes","height":6,"heightSource":"default"},"geometry":{"type":"MultiPolygon","coordinates":[[[[205836.9,1680258.46],[205842.7,1680259.96],[205840.78,1680267.35],[205834.98,1680265.86],[205836.9,1680258.46]]]]}},{"type":"Feature","properties":{"building":"yes","height":6,"heightSource":"default"},"geometry":{"type":"MultiPolygon","coordinates":[[[[205883.78,1680268.74],[205889.59,1680270.23],[205887.67,1680277.61],[205881.85,1680276.12],[205883.78,1680268.74]]]]}},{"type":"Feature","properties":{"building":"yes","height":6,"heightSource":"default"},"geometry":{"type":"MultiPolygon","coordinates":[[[[205874.35,1680265.93],[205880.15,1680267.42],[205878.24,1680274.82],[205872.42,1680273.33],[205874.35,1680265.93]]]]}},{"type":"Feature","properties":{"building":"yes","height":6,"heightSource":"default"},"geometry":{"type":"MultiPolygon","coordinates":[[[[205875.08,1680291.83],[205876.72,1680282.81],[205892.88,1680285.72],[205891.24,1680294.74],[205875.08,1680291.83]]]]}},{"type":"Feature","properties":{"building":"yes","height":6,"heightSource":"default"},"geometry":{"type":"MultiPolygon","coordinates":[[[[205880.22,1680294.47],[205879.98,1680303.34],[205862.25,1680302.87],[205862.5,1680294],[205880.22,1680294.47]]]]}},{"type":"Feature","properties":{"building":"yes","height":6,"heightSource":"default"},"geometry":{"type":"MultiPolygon","coordinates":[[[[205861.39,1680314.45],[205848.73,1680315.1],[205847.66,1680294.5],[205860.32,1680293.86],[205861.39,1680314.45]]]]}},{"type":"Feature","properties":{"building":"yes","height":6,"heightSource":"default"},"geometry":{"type":"MultiPolygon","coordinates":[[[[205597.2,1680383.1],[205602.25,1680383.19],[205602.11,1680392.36],[205597.07,1680392.28],[205597.2,1680383.1]]]]}},{"type":"Feature","properties":{"building":"yes","height":6,"heightSource":"default"},"geometry":{"type":"MultiPolygon","coordinates":[[[[205587.83,1680381.06],[205592.88,1680381.14],[205592.74,1680390.3],[205587.7,1680390.23],[205587.83,1680381.06]]]]}},{"type":"Feature","properties":{"building":"yes","height":6,"heightSource":"default"},"geometry":{"type":"MultiPolygon","coordinates":[[[[205581.38,1680380.03],[205586.41,1680380.11],[205586.28,1680389.27],[205581.24,1680389.2],[205581.38,1680380.03]]]]}},{"type":"Feature","properties":{"building":"yes","height":6,"heightSource":"default"},"geometry":{"type":"MultiPolygon","coordinates":[[[[205585.07,1680346.8],[205593.85,1680347.07],[205593.68,1680352.51],[205584.9,1680352.24],[205585.07,1680346.8]]]]}},{"type":"Feature","properties":{"building":"yes","height":6,"heightSource":"default"},"geometry":{"type":"MultiPolygon","coordinates":[[[[205596.64,1680328.04],[205589.15,1680328.3],[205588.97,1680322.97],[205596.46,1680322.71],[205596.64,1680328.04]]]]}},{"type":"Feature","properties":{"building":"yes","height":6,"heightSource":"default"},"geometry":{"type":"MultiPolygon","coordinates":[[[[205549.74,1680304.26],[205552.42,1680303.92],[205553.21,1680310.13],[205545.53,1680311.1],[205543.47,1680294.81],[205550.87,1680293.89],[205551.4,1680298.13],[205549,1680298.43],[205549.74,1680304.26]]]]}},{"type":"Feature","properties":{"building":"yes","height":6,"heightSource":"default"},"geometry":{"type":"MultiPolygon","coordinates":[[[[205552.32,1680296.92],[205560.23,1680296.34],[205560.63,1680301.78],[205552.72,1680302.34],[205552.32,1680296.92]]]]}},{"type":"Feature","properties":{"building":"yes","height":6,"heightSource":"default"},"geometry":{"type":"MultiPolygon","coordinates":[[[[205574.11,1680310.25],[205562.13,1680310.17],[205562.19,1680300.83],[205574.17,1680300.91],[205574.11,1680310.25]]]]}},{"type":"Feature","properties":{"building":"yes","height":6,"heightSource":"default"},"geometry":{"type":"MultiPolygon","coordinates":[[[[205566.32,1680323.05],[205554.35,1680322.97],[205554.41,1680313.61],[205566.38,1680313.7],[205566.32,1680323.05]]]]}},{"type":"Feature","properties":{"building":"yes","height":6,"heightSource":"default"},"geometry":{"type":"MultiPolygon","coordinates":[[[[205586.14,1680320.7],[205574.17,1680320.62],[205574.24,1680311.27],[205586.21,1680311.35],[205586.14,1680320.7]]]]}},{"type":"Feature","properties":{"building":"yes","height":6,"heightSource":"default"},"geometry":{"type":"MultiPolygon","coordinates":[[[[205584.9,1680327.84],[205574.8,1680327.85],[205574.79,1680321.37],[205584.89,1680321.35],[205584.9,1680327.84]]]]}},{"type":"Feature","properties":{"building":"yes","height":6,"heightSource":"default"},"geometry":{"type":"MultiPolygon","coordinates":[[[[205605.97,1680319.17],[205594,1680319.09],[205594.07,1680309.74],[205606.04,1680309.82],[205605.97,1680319.17]]]]}},{"type":"Feature","properties":{"building":"yes","height":6,"heightSource":"default"},"geometry":{"type":"MultiPolygon","coordinates":[[[[205606.21,1680309.35],[205594.23,1680309.27],[205594.29,1680299.92],[205606.27,1680300.01],[205606.21,1680309.35]]]]}},{"type":"Feature","properties":{"building":"yes","height":6,"heightSource":"default"},"geometry":{"type":"MultiPolygon","coordinates":[[[[205607.4,1680308.05],[205618.65,1680308.12],[205618.57,1680321.03],[205607.32,1680320.95],[205607.4,1680308.05]]]]}},{"type":"Feature","properties":{"building":"yes","height":6,"heightSource":"default"},"geometry":{"type":"MultiPolygon","coordinates":[[[[205639.09,1680319.78],[205621.68,1680319.4],[205621.88,1680309.95],[205639.31,1680310.33],[205639.09,1680319.78]]]]}},{"type":"Feature","properties":{"building":"yes","height":6,"heightSource":"default"},"geometry":{"type":"MultiPolygon","coordinates":[[[[205624.08,1680302.01],[205612.11,1680301.93],[205612.18,1680292.58],[205624.15,1680292.66],[205624.08,1680302.01]]]]}},{"type":"Feature","properties":{"building":"yes","height":6,"heightSource":"default"},"geometry":{"type":"MultiPolygon","coordinates":[[[[205589.14,1680298.1],[205583.1,1680298.46],[205582.82,1680293.89],[205588.86,1680293.53],[205589.14,1680298.1]]]]}},{"type":"Feature","properties":{"building":"yes","height":6,"heightSource":"default"},"geometry":{"type":"MultiPolygon","coordinates":[[[[205600.59,1680297.32],[205594.55,1680297.7],[205594.27,1680293.12],[205600.31,1680292.75],[205600.59,1680297.32]]]]}},{"type":"Feature","properties":{"building":"yes","height":6,"heightSource":"default"},"geometry":{"type":"MultiPolygon","coordinates":[[[[205632.33,1680288.71],[205641.83,1680289.05],[205641.51,1680297.92],[205632.01,1680297.58],[205632.33,1680288.71]]]]}},{"type":"Feature","properties":{"building":"yes","height":6,"heightSource":"default"},"geometry":{"type":"MultiPolygon","coordinates":[[[[205636.38,1680303.95],[205627.78,1680303.3],[205628.19,1680297.89],[205636.79,1680298.54],[205636.38,1680303.95]]]]}},{"type":"Feature","properties":{"building":"yes","height":6,"heightSource":"default"},"geometry":{"type":"MultiPolygon","coordinates":[[[[205646.09,1680286.71],[205646.21,1680274.09],[205654.71,1680274.18],[205654.57,1680286.79],[205646.09,1680286.71]]]]}},{"type":"Feature","properties":{"building":"yes","height":6,"heightSource":"default"},"geometry":{"type":"MultiPolygon","coordinates":[[[[205631.89,1680276.68],[205632.29,1680266.08],[205646.11,1680266.6],[205645.71,1680277.19],[205631.89,1680276.68]]]]}},{"type":"Feature","properties":{"building":"yes","height":6,"heightSource":"default"},"geometry":{"type":"MultiPolygon","coordinates":[[[[205661.18,1680257.63],[205660.07,1680271],[205651.04,1680270.26],[205652.15,1680256.9],[205661.18,1680257.63]]]]}},{"type":"Feature","properties":{"building":"yes","height":6,"heightSource":"default"},"geometry":{"type":"MultiPolygon","coordinates":[[[[205642.74,1680252.31],[205651.53,1680252.63],[205651.09,1680264.54],[205635.25,1680263.95],[205635.54,1680256.62],[205642.57,1680256.89],[205642.74,1680252.31]]]]}},{"type":"Feature","properties":{"building":"yes","height":6,"heightSource":"default"},"geometry":{"type":"MultiPolygon","coordinates":[[[[205626.72,1680260.1],[205615.19,1680259.99],[205615.29,1680249.21],[205626.83,1680249.32],[205626.72,1680260.1]]]]}},{"type":"Feature","properties":{"building":"yes","height":6,"heightSource":"default"},"geometry":{"type":"MultiPolygon","coordinates":[[[[205586.85,1680256.91],[205594.06,1680256.92],[205594.05,1680265.52],[205586.84,1680265.51],[205586.85,1680256.91]]]]}},{"type":"Feature","properties":{"building":"yes","height":6,"heightSource":"default"},"geometry":{"type":"MultiPolygon","coordinates":[[[[205581.99,1680245.73],[205585.85,1680258.88],[205573.85,1680262.37],[205569.99,1680249.23],[205581.99,1680245.73]]]]}},{"type":"Feature","properties":{"building":"yes","height":6,"heightSource":"default"},"geometry":{"type":"MultiPolygon","coordinates":[[[[205592.9,1680237.47],[205600.88,1680239.7],[205602.54,1680233.88],[205606.79,1680235.08],[205604.99,1680241.42],[205610.97,1680243.1],[205609.17,1680249.44],[205602.78,1680247.65],[205601.8,1680251.1],[205589.97,1680247.78],[205592.9,1680237.47]]]]}},{"type":"Feature","properties":{"building":"yes","height":6,"heightSource":"default"},"geometry":{"type":"MultiPolygon","coordinates":[[[[205575.36,1680223.47],[205584.99,1680223.09],[205585.5,1680235.98],[205575.87,1680236.35],[205575.36,1680223.47]]]]}},{"type":"Feature","properties":{"building":"yes","height":6,"heightSource":"default"},"geometry":{"type":"MultiPolygon","coordinates":[[[[205583.28,1680220.73],[205585.4,1680214.3],[205593.17,1680216.82],[205591.06,1680223.27],[205583.28,1680220.73]]]]}},{"type":"Feature","properties":{"building":"yes","height":6,"heightSource":"default"},"geometry":{"type":"MultiPolygon","coordinates":[[[[205605.61,1680215.71],[205603.52,1680230.7],[205594.48,1680229.46],[205596.58,1680214.48],[205605.61,1680215.71]]]]}},{"type":"Feature","properties":{"building":"yes","height":6,"heightSource":"default"},"geometry":{"type":"MultiPolygon","coordinates":[[[[205589.66,1680234.95],[205591.19,1680229.06],[205596.97,1680230.54],[205595.44,1680236.43],[205589.66,1680234.95]]]]}},{"type":"Feature","properties":{"building":"yes","height":6,"heightSource":"default"},"geometry":{"type":"MultiPolygon","coordinates":[[[[205613.36,1680233.3],[205607.03,1680233.17],[205607.38,1680216.84],[205616.89,1680217.05],[205616.65,1680228.5],[205613.47,1680228.44],[205613.36,1680233.3]]]]}},{"type":"Feature","properties":{"building":"yes","height":6,"heightSource":"default"},"geometry":{"type":"MultiPolygon","coordinates":[[[[205629.88,1680219.25],[205627.79,1680234.24],[205618.76,1680233],[205620.84,1680218.01],[205629.88,1680219.25]]]]}},{"type":"Feature","properties":{"building":"yes","height":6,"heightSource":"default"},"geometry":{"type":"MultiPolygon","coordinates":[[[[205644.16,1680221.4],[205642.07,1680236.39],[205633.03,1680235.14],[205635.11,1680220.16],[205644.16,1680221.4]]]]}},{"type":"Feature","properties":{"building":"yes","height":6,"heightSource":"default"},"geometry":{"type":"MultiPolygon","coordinates":[[[[205657.35,1680222.36],[205655.26,1680237.35],[205646.22,1680236.11],[205648.31,1680221.13],[205657.35,1680222.36]]]]}},{"type":"Feature","properties":{"building":"yes","height":6,"heightSource":"default"},"geometry":{"type":"MultiPolygon","coordinates":[[[[205571.8,1680221.82],[205569.72,1680236.8],[205560.68,1680235.56],[205562.77,1680220.58],[205571.8,1680221.82]]]]}},{"type":"Feature","properties":{"building":"yes","height":6,"heightSource":"default"},"geometry":{"type":"MultiPolygon","coordinates":[[[[205540.01,1680213.1],[205543.94,1680231.83],[205537.83,1680233.1],[205533.91,1680214.36],[205540.01,1680213.1]]]]}},{"type":"Feature","properties":{"building":"yes","height":6,"heightSource":"default"},"geometry":{"type":"MultiPolygon","coordinates":[[[[205538.49,1680240.33],[205553.6,1680238.08],[205554.95,1680247.07],[205539.84,1680249.32],[205538.49,1680240.33]]]]}},{"type":"Feature","properties":{"building":"yes","height":6,"heightSource":"default"},"geometry":{"type":"MultiPolygon","coordinates":[[[[205541.84,1680250.96],[205556.57,1680247.04],[205558.52,1680254.27],[205543.79,1680258.2],[205541.84,1680250.96]]]]}},{"type":"Feature","properties":{"building":"yes","height":6,"heightSource":"default"},"geometry":{"type":"MultiPolygon","coordinates":[[[[205538.81,1680266.05],[205556.66,1680265.13],[205557.08,1680273.43],[205539.24,1680274.35],[205538.81,1680266.05]]]]}},{"type":"Feature","properties":{"building":"yes","height":6,"heightSource":"default"},"geometry":{"type":"MultiPolygon","coordinates":[[[[205555.54,1680273.96],[205558.31,1680286.89],[205539.2,1680290.92],[205536.45,1680277.98],[205555.54,1680273.96]]]]}},{"type":"Feature","properties":{"building":"yes","height":6,"heightSource":"default"},"geometry":{"type":"MultiPolygon","coordinates":[[[[205664.93,1680247.24],[205664,1680255.44],[205654.49,1680254.38],[205655.41,1680246.18],[205664.93,1680247.24]]]]}},{"type":"Feature","properties":{"building":"yes","height":6,"heightSource":"default"},"geometry":{"type":"MultiPolygon","coordinates":[[[[205652.33,1680241.72],[205651.41,1680249.91],[205641.9,1680248.86],[205642.82,1680240.65],[205652.33,1680241.72]]]]}},{"type":"Feature","properties":{"building":"yes","height":6,"heightSource":"default"},"geometry":{"type":"MultiPolygon","coordinates":[[[[205706.63,1680241.16],[205713.83,1680242.55],[205710.51,1680259.53],[205703.31,1680258.14],[205706.63,1680241.16]]]]}},{"type":"Feature","properties":{"building":"yes","height":6,"heightSource":"default"},"geometry":{"type":"MultiPolygon","coordinates":[[[[205669.85,1680224.24],[205677.05,1680225.64],[205673.72,1680242.61],[205666.52,1680241.22],[205669.85,1680224.24]]]]}},{"type":"Feature","properties":{"building":"yes","height":6,"heightSource":"default"},"geometry":{"type":"MultiPolygon","coordinates":[[[[205693.26,1680227.78],[205691.86,1680234.94],[205688.25,1680234.25],[205684.76,1680252.15],[205676.43,1680250.55],[205681.35,1680225.48],[205693.26,1680227.78]]]]}},{"type":"Feature","properties":{"building":"yes","height":6,"heightSource":"default"},"geometry":{"type":"MultiPolygon","coordinates":[[[[205709.51,1680237.15],[205710.13,1680231.67],[205715.68,1680232.28],[205715.07,1680237.76],[205709.51,1680237.15]]]]}},{"type":"Feature","properties":{"building":"yes","height":6,"heightSource":"default"},"geometry":{"type":"MultiPolygon","coordinates":[[[[205668.36,1680262.17],[205669.8,1680254.12],[205677.88,1680255.55],[205676.45,1680263.59],[205668.36,1680262.17]]]]}},{"type":"Feature","properties":{"building":"yes","height":6,"heightSource":"default"},"geometry":{"type":"MultiPolygon","coordinates":[[[[205665.95,1680281.66],[205669.99,1680267.25],[205677.31,1680269.29],[205673.27,1680283.69],[205665.95,1680281.66]]]]}},{"type":"Feature","properties":{"building":"yes","height":6,"heightSource":"default"},"geometry":{"type":"MultiPolygon","coordinates":[[[[205627.78,1680277.04],[205619.72,1680276.67],[205620.17,1680266.96],[205628.22,1680267.32],[205627.78,1680277.04]]]]}},{"type":"Feature","properties":{"building":"yes","height":6,"heightSource":"default"},"geometry":{"type":"MultiPolygon","coordinates":[[[[205627.37,1680288.28],[205619.33,1680287.92],[205619.76,1680278.2],[205627.82,1680278.57],[205627.37,1680288.28]]]]}},{"type":"Feature","properties":{"building":"yes","height":6,"heightSource":"default"},"geometry":{"type":"MultiPolygon","coordinates":[[[[205614.32,1680287.77],[205606.28,1680287.42],[205606.71,1680277.69],[205614.77,1680278.05],[205614.32,1680287.77]]]]}},{"type":"Feature","properties":{"building":"yes","height":6,"heightSource":"default"},"geometry":{"type":"MultiPolygon","coordinates":[[[[205615.1,1680277.85],[205607.05,1680277.5],[205607.49,1680267.78],[205615.55,1680268.13],[205615.1,1680277.85]]]]}},{"type":"Feature","properties":{"building":"yes","height":6,"heightSource":"default"},"geometry":{"type":"MultiPolygon","coordinates":[[[[205590.06,1680283.16],[205582,1680282.79],[205582.45,1680273.08],[205590.5,1680273.44],[205590.06,1680283.16]]]]}},{"type":"Feature","properties":{"building":"yes","height":6,"heightSource":"default"},"geometry":{"type":"MultiPolygon","coordinates":[[[[205601.99,1680290.08],[205593.94,1680289.73],[205594.37,1680280],[205602.43,1680280.37],[205601.99,1680290.08]]]]}},{"type":"Feature","properties":{"building":"yes","height":6,"heightSource":"default"},"geometry":{"type":"MultiPolygon","coordinates":[[[[205603.21,1680279.27],[205595.15,1680278.91],[205595.59,1680269.19],[205603.64,1680269.56],[205603.21,1680279.27]]]]}},{"type":"Feature","properties":{"building":"yes","height":6,"heightSource":"default"},"geometry":{"type":"MultiPolygon","coordinates":[[[[205678.91,1680262.56],[205682.69,1680251.91],[205696.47,1680256.74],[205692.69,1680267.4],[205678.91,1680262.56]]]]}},{"type":"Feature","properties":{"building":"yes","height":6,"heightSource":"default"},"geometry":{"type":"MultiPolygon","coordinates":[[[[205704.84,1680269.24],[205703.59,1680279.56],[205691.1,1680278.06],[205692.36,1680267.73],[205704.84,1680269.24]]]]}},{"type":"Feature","properties":{"building":"yes","height":6,"heightSource":"default"},"geometry":{"type":"MultiPolygon","coordinates":[[[[205714.58,1680273.8],[205714.97,1680259.78],[205735.01,1680260.34],[205734.61,1680274.36],[205714.58,1680273.8]]]]}},{"type":"Feature","properties":{"building":"yes","height":6,"heightSource":"default"},"geometry":{"type":"MultiPolygon","coordinates":[[[[205721.99,1680277.6],[205731.25,1680279.07],[205728.51,1680296.08],[205719.25,1680294.61],[205721.99,1680277.6]]]]}},{"type":"Feature","properties":{"building":"yes","height":6,"heightSource":"default"},"geometry":{"type":"MultiPolygon","coordinates":[[[[205708.38,1680292.73],[205709.44,1680278.49],[205719.48,1680279.23],[205718.41,1680293.48],[205708.38,1680292.73]]]]}},{"type":"Feature","properties":{"building":"yes","height":6,"heightSource":"default"},"geometry":{"type":"MultiPolygon","coordinates":[[[[205673.34,1680288.57],[205677.13,1680277.91],[205690.92,1680282.76],[205687.12,1680293.41],[205673.34,1680288.57]]]]}},{"type":"Feature","properties":{"building":"yes","height":6,"heightSource":"default"},"geometry":{"type":"MultiPolygon","coordinates":[[[[205694.75,1680294.71],[205696.19,1680286.68],[205704.28,1680288.09],[205702.85,1680296.14],[205694.75,1680294.71]]]]}},{"type":"Feature","properties":{"building":"yes","height":6,"heightSource":"default"},"geometry":{"type":"MultiPolygon","coordinates":[[[[205740.63,1680242.17],[205747.65,1680242.49],[205746.95,1680258.1],[205739.92,1680257.79],[205740.63,1680242.17]]]]}},{"type":"Feature","properties":{"building":"yes","height":6,"heightSource":"default"},"geometry":{"type":"MultiPolygon","coordinates":[[[[205748.86,1680256.98],[205749.05,1680245.07],[205753.67,1680245.14],[205753.47,1680257.06],[205748.86,1680256.98]]]]}},{"type":"Feature","properties":{"building":"yes","height":6,"heightSource":"default"},"geometry":{"type":"MultiPolygon","coordinates":[[[[205747.63,1680265.54],[205755.4,1680265.18],[205755.96,1680277.49],[205748.18,1680277.84],[205747.63,1680265.54]]]]}},{"type":"Feature","properties":{"building":"yes","height":6,"heightSource":"default"},"geometry":{"type":"MultiPolygon","coordinates":[[[[205738.98,1680278.1],[205739.19,1680266.18],[205743.8,1680266.26],[205743.6,1680278.18],[205738.98,1680278.1]]]]}},{"type":"Feature","properties":{"building":"yes","height":6,"heightSource":"default"},"geometry":{"type":"MultiPolygon","coordinates":[[[[205743.88,1680295.96],[205734.66,1680295.7],[205735.06,1680282.24],[205744.28,1680282.51],[205743.88,1680295.96]]]]}},{"type":"Feature","properties":{"building":"yes","height":6,"heightSource":"default"},"geometry":{"type":"MultiPolygon","coordinates":[[[[205755.59,1680285.31],[205755.46,1680301.94],[205746.81,1680301.87],[205746.94,1680285.24],[205755.59,1680285.31]]]]}},{"type":"Feature","properties":{"building":"yes","height":6,"heightSource":"default"},"geometry":{"type":"MultiPolygon","coordinates":[[[[205765.46,1680277.72],[205775.99,1680277.95],[205775.62,1680294.28],[205765.09,1680294.03],[205765.46,1680277.72]]]]}},{"type":"Feature","properties":{"building":"yes","height":6,"heightSource":"default"},"geometry":{"type":"MultiPolygon","coordinates":[[[[205766.82,1680260.65],[205777.06,1680260.86],[205776.71,1680277.01],[205766.46,1680276.79],[205766.82,1680260.65]]]]}},{"type":"Feature","properties":{"building":"yes","height":6,"heightSource":"default"},"geometry":{"type":"MultiPolygon","coordinates":[[[[205775.83,1680242.62],[205775.44,1680254.92],[205763.33,1680254.53],[205763.74,1680242.22],[205775.83,1680242.62]]]]}},{"type":"Feature","properties":{"building":"yes","height":6,"heightSource":"default"},"geometry":{"type":"MultiPolygon","coordinates":[[[[205791.09,1680252.3],[205791.04,1680257.45],[205780.08,1680257.35],[205780.2,1680246.46],[205787.41,1680246.53],[205787.35,1680252.26],[205791.09,1680252.3]]]]}},{"type":"Feature","properties":{"building":"yes","height":6,"heightSource":"default"},"geometry":{"type":"MultiPolygon","coordinates":[[[[205791.16,1680261.75],[205799.52,1680261.72],[205799.56,1680271.46],[205791.19,1680271.49],[205791.16,1680261.75]]]]}},{"type":"Feature","properties":{"building":"yes","height":6,"heightSource":"default"},"geometry":{"type":"MultiPolygon","coordinates":[[[[205796.11,1680286.36],[205795.53,1680295.19],[205780.62,1680294.24],[205781.2,1680285.39],[205796.11,1680286.36]]]]}},{"type":"Feature","properties":{"building":"yes","height":6,"heightSource":"default"},"geometry":{"type":"MultiPolygon","coordinates":[[[[205767.9,1680307.98],[205762.13,1680307.91],[205762.21,1680302.07],[205767.97,1680302.14],[205767.9,1680307.98]]]]}},{"type":"Feature","properties":{"building":"yes","height":6,"heightSource":"default"},"geometry":{"type":"MultiPolygon","coordinates":[[[[205752.5,1680309.37],[205756.78,1680309.8],[205756.36,1680313.87],[205752.08,1680313.44],[205752.5,1680309.37]]]]}},{"type":"Feature","properties":{"building":"yes","height":6,"heightSource":"default"},"geometry":{"type":"MultiPolygon","coordinates":[[[[205716.23,1680305.77],[205716.15,1680308.05],[205721.03,1680308.24],[205720.74,1680316.52],[205708.36,1680316.09],[205708.74,1680305.5],[205716.23,1680305.77]]]]}},{"type":"Feature","properties":{"building":"yes","height":6,"heightSource":"default"},"geometry":{"type":"MultiPolygon","coordinates":[[[[205750.14,1680338.29],[205739.78,1680338.83],[205739.04,1680324.64],[205749.4,1680324.1],[205750.14,1680338.29]]]]}},{"type":"Feature","properties":{"building":"yes","height":6,"heightSource":"default"},"geometry":{"type":"MultiPolygon","coordinates":[[[[205772.11,1680314.01],[205772.62,1680325.45],[205762.98,1680325.88],[205762.47,1680314.43],[205772.11,1680314.01]]]]}},{"type":"Feature","properties":{"building":"yes","height":6,"heightSource":"default"},"geometry":{"type":"MultiPolygon","coordinates":[[[[205773.84,1680308.87],[205782.9,1680308.45],[205783.61,1680323.61],[205774.55,1680324.03],[205773.84,1680308.87]]]]}},{"type":"Feature","properties":{"building":"yes","height":6,"heightSource":"default"},"geometry":{"type":"MultiPolygon","coordinates":[[[[205785.16,1680323.71],[205787.11,1680336.74],[205777.35,1680338.19],[205775.4,1680325.16],[205785.16,1680323.71]]]]}},{"type":"Feature","properties":{"building":"yes","height":6,"heightSource":"default"},"geometry":{"type":"MultiPolygon","coordinates":[[[[205786.77,1680325.83],[205798.61,1680323.96],[205799.57,1680330.02],[205798.17,1680330.25],[205799.14,1680336.4],[205788.72,1680338.05],[205786.77,1680325.83]]]]}},{"type":"Feature","properties":{"building":"yes","height":6,"heightSource":"default"},"geometry":{"type":"MultiPolygon","coordinates":[[[[205804.97,1680351.38],[205792.63,1680352.23],[205791.84,1680341.09],[205804.2,1680340.24],[205804.97,1680351.38]]]]}},{"type":"Feature","properties":{"building":"yes","height":6,"heightSource":"default"},"geometry":{"type":"MultiPolygon","coordinates":[[[[205774.2,1680344.18],[205788.32,1680343.69],[205788.65,1680353.32],[205774.54,1680353.8],[205774.2,1680344.18]]]]}},{"type":"Feature","properties":{"building":"yes","height":6,"heightSource":"default"},"geometry":{"type":"MultiPolygon","coordinates":[[[[205753.41,1680365.79],[205737.05,1680367.7],[205735.57,1680355.25],[205751.95,1680353.33],[205753.41,1680365.79]]]]}},{"type":"Feature","properties":{"building":"yes","height":6,"heightSource":"default"},"geometry":{"type":"MultiPolygon","coordinates":[[[[205762.43,1680351.2],[205762.62,1680339.29],[205767.24,1680339.36],[205767.03,1680351.28],[205762.43,1680351.2]]]]}},{"type":"Feature","properties":{"building":"yes","height":6,"heightSource":"default"},"geometry":{"type":"MultiPolygon","coordinates":[[[[205737.63,1680348.47],[205748.47,1680347.31],[205749.08,1680352.99],[205738.23,1680354.14],[205737.63,1680348.47]]]]}},{"type":"Feature","properties":{"building":"yes","height":6,"heightSource":"default"},"geometry":{"type":"MultiPolygon","coordinates":[[[[205724.06,1680372.22],[205723.07,1680357.55],[205733.7,1680356.84],[205734.69,1680371.5],[205724.06,1680372.22]]]]}},{"type":"Feature","properties":{"building":"yes","height":6,"heightSource":"default"},"geometry":{"type":"MultiPolygon","coordinates":[[[[205708.93,1680356.53],[205710.2,1680372.5],[205700.16,1680373.29],[205698.89,1680357.33],[205708.93,1680356.53]]]]}},{"type":"Feature","properties":{"building":"yes","height":6,"heightSource":"default"},"geometry":{"type":"MultiPolygon","coordinates":[[[[205728.68,1680352.89],[205729.12,1680346.04],[205734.58,1680346.39],[205734.14,1680353.23],[205728.68,1680352.89]]]]}},{"type":"Feature","properties":{"building":"yes","height":6,"heightSource":"default"},"geometry":{"type":"MultiPolygon","coordinates":[[[[205695.56,1680373.33],[205684.32,1680373.74],[205683.8,1680359.14],[205695.03,1680358.74],[205695.56,1680373.33]]]]}},{"type":"Feature","properties":{"building":"yes","height":6,"heightSource":"default"},"geometry":{"type":"MultiPolygon","coordinates":[[[[205663.27,1680380.64],[205662.48,1680365.19],[205675.73,1680364.53],[205677.03,1680390.38],[205667.95,1680390.83],[205667.43,1680380.43],[205663.27,1680380.64]]]]}},{"type":"Feature","properties":{"building":"yes","height":6,"heightSource":"default"},"geometry":{"type":"MultiPolygon","coordinates":[[[[205639.51,1680357.46],[205648.67,1680358.18],[205646.98,1680379.41],[205637.82,1680378.7],[205639.51,1680357.46]]]]}},{"type":"Feature","properties":{"building":"yes","height":6,"heightSource":"default"},"geometry":{"type":"MultiPolygon","coordinates":[[[[205634.67,1680382.33],[205646.5,1680382.01],[205646.71,1680390.04],[205634.89,1680390.35],[205634.67,1680382.33]]]]}},{"type":"Feature","properties":{"building":"yes","height":6,"heightSource":"default"},"geometry":{"type":"MultiPolygon","coordinates":[[[[205614.91,1680383.93],[205624.7,1680384.16],[205624.82,1680378.82],[205631.3,1680378.96],[205630.97,1680393.85],[205614.69,1680393.49],[205614.91,1680383.93]]]]}},{"type":"Feature","properties":{"building":"yes","height":6,"heightSource":"default"},"geometry":{"type":"MultiPolygon","coordinates":[[[[205608.57,1680383.08],[205613.6,1680383.15],[205613.47,1680392.32],[205608.43,1680392.24],[205608.57,1680383.08]]]]}},{"type":"Feature","properties":{"building":"yes","height":6,"heightSource":"default"},"geometry":{"type":"MultiPolygon","coordinates":[[[[205630.97,1680376.59],[205614.77,1680381.18],[205612.23,1680372.3],[205628.41,1680367.71],[205630.97,1680376.59]]]]}},{"type":"Feature","properties":{"building":"yes","height":6,"heightSource":"default"},"geometry":{"type":"MultiPolygon","coordinates":[[[[205638.1,1680346.38],[205637.47,1680331.21],[205648.7,1680330.74],[205649.35,1680345.91],[205638.1,1680346.38]]]]}},{"type":"Feature","properties":{"building":"yes","height":6,"heightSource":"default"},"geometry":{"type":"MultiPolygon","coordinates":[[[[205660.94,1680333.77],[205666.02,1680334.48],[205664.29,1680346.54],[205653.43,1680345.01],[205654.36,1680338.56],[205660.14,1680339.37],[205660.94,1680333.77]]]]}},{"type":"Feature","properties":{"building":"yes","height":6,"heightSource":"default"},"geometry":{"type":"MultiPolygon","coordinates":[[[[205668.3,1680300.08],[205663.18,1680299.56],[205663.56,1680295.78],[205679.68,1680297.42],[205677.88,1680314.98],[205666.88,1680313.86],[205668.3,1680300.08]]]]}},{"type":"Feature","properties":{"building":"yes","height":6,"heightSource":"default"},"geometry":{"type":"MultiPolygon","coordinates":[[[[206383.56,1680377.68],[206386.87,1680366.5],[206395.6,1680369.05],[206392.29,1680380.23],[206383.56,1680377.68]]]]}},{"type":"Feature","properties":{"building":"yes","height":6,"heightSource":"default"},"geometry":{"type":"MultiPolygon","coordinates":[[[[206371.83,1680385.7],[206386.48,1680392.12],[206374.08,1680420.03],[206359.43,1680413.62],[206371.83,1680385.7]]]]}},{"type":"Feature","properties":{"building":"yes","height":6,"heightSource":"default"},"geometry":{"type":"MultiPolygon","coordinates":[[[[206370.84,1680421.22],[206366.54,1680438],[206351.42,1680434.17],[206355.72,1680417.39],[206370.84,1680421.22]]]]}},{"type":"Feature","properties":{"building":"yes","height":6,"heightSource":"default"},"geometry":{"type":"MultiPolygon","coordinates":[[[[206344.92,1680423],[206349.74,1680408.94],[206357.46,1680411.55],[206352.64,1680425.62],[206344.92,1680423]]]]}},{"type":"Feature","properties":{"building":"yes","height":6,"heightSource":"default"},"geometry":{"type":"MultiPolygon","coordinates":[[[[206305.89,1680420.75],[206311.3,1680400.77],[206319.88,1680403.07],[206320.81,1680399.61],[206329.93,1680402.05],[206323.58,1680425.48],[206305.89,1680420.75]]]]}},{"type":"Feature","properties":{"building":"yes","height":6,"heightSource":"default"},"geometry":{"type":"MultiPolygon","coordinates":[[[[206297.44,1680399.86],[206285.82,1680396.22],[206283.02,1680405.05],[206271.26,1680401.35],[206276.66,1680384.35],[206289.33,1680388.33],[206290.03,1680386.11],[206300.74,1680389.48],[206297.44,1680399.86]]]]}},{"type":"Feature","properties":{"building":"yes","height":6,"heightSource":"default"},"geometry":{"type":"MultiPolygon","coordinates":[[[[206252.65,1680394.23],[206255.69,1680381.66],[206270.77,1680385.25],[206267.74,1680397.82],[206252.65,1680394.23]]]]}},{"type":"Feature","properties":{"building":"yes","height":6,"heightSource":"default"},"geometry":{"type":"MultiPolygon","coordinates":[[[[206247,1680387.35],[206244.41,1680386.3],[206241.6,1680393.13],[206229.68,1680388.29],[206236.33,1680372.17],[206250.83,1680378.08],[206247,1680387.35]]]]}},{"type":"Feature","properties":{"building":"yes","height":6,"heightSource":"default"},"geometry":{"type":"MultiPolygon","coordinates":[[[[206240.89,1680371.37],[206247.22,1680355.96],[206253.5,1680358.51],[206247.17,1680373.92],[206240.89,1680371.37]]]]}},{"type":"Feature","properties":{"building":"yes","height":6,"heightSource":"default"},"geometry":{"type":"MultiPolygon","coordinates":[[[[206263.95,1680366.93],[206265.43,1680361.77],[206270.21,1680363.13],[206268.74,1680368.28],[206263.95,1680366.93]]]]}},{"type":"Feature","properties":{"building":"yes","height":6,"heightSource":"default"},"geometry":{"type":"MultiPolygon","coordinates":[[[[206264.3,1680271.72],[206286.49,1680213.46],[206299.3,1680218.27],[206284.04,1680258.31],[206288.31,1680259.92],[206280.85,1680279.5],[206274.69,1680277.19],[206270.74,1680287.55],[206257.82,1680282.68],[206259.39,1680278.57],[206256.13,1680277.34],[206259.02,1680269.73],[206264.3,1680271.72]]]]}},{"type":"Feature","properties":{"building":"yes","height":6,"heightSource":"default"},"geometry":{"type":"MultiPolygon","coordinates":[[[[206243.13,1680320.59],[206250.8,1680298.38],[206247.84,1680297.38],[206250.92,1680288.44],[206256.97,1680290.5],[206257.99,1680287.56],[206268.78,1680291.25],[206257,1680325.32],[206243.13,1680320.59]]]]}},{"type":"Feature","properties":{"building":"yes","height":6,"heightSource":"default"},"geometry":{"type":"MultiPolygon","coordinates":[[[[206183.4,1680185.32],[206188.77,1680171.56],[206277.83,1680205.87],[206272.45,1680219.64],[206183.4,1680185.32]]]]}},{"type":"Feature","properties":{"building":"yes","height":6,"heightSource":"default"},"geometry":{"type":"MultiPolygon","coordinates":[[[[206201.3,1680163.31],[206197.93,1680171.83],[206190.86,1680169.08],[206194.23,1680160.55],[206201.3,1680163.31]]]]}},{"type":"Feature","properties":{"building":"yes","height":6,"heightSource":"default"},"geometry":{"type":"MultiPolygon","coordinates":[[[[206153.76,1680169.88],[206181.75,1680182.71],[206192.21,1680160.18],[206164.22,1680147.35],[206153.76,1680169.88]]]]}},{"type":"Feature","properties":{"building":"yes","height":6,"heightSource":"default"},"geometry":{"type":"MultiPolygon","coordinates":[[[[206122.73,1680171.68],[206147.35,1680179.32],[206161.22,1680135.22],[206136.61,1680127.58],[206122.73,1680171.68]]]]}},{"type":"Feature","properties":{"building":"yes","height":6,"heightSource":"default"},"geometry":{"type":"MultiPolygon","coordinates":[[[[206089.79,1680290.33],[206088.84,1680312.65],[206077.62,1680312.17],[206077.83,1680307.02],[206071.79,1680306.77],[206072.36,1680293.33],[206080.42,1680293.67],[206080.58,1680289.95],[206089.79,1680290.33]]]]}},{"type":"Feature","properties":{"building":"yes","height":6,"heightSource":"default"},"geometry":{"type":"MultiPolygon","coordinates":[[[[206055.02,1680308.58],[206060.23,1680293.54],[206064.48,1680294.99],[206059.27,1680310.04],[206055.02,1680308.58]]]]}},{"type":"Feature","properties":{"building":"yes","height":6,"heightSource":"default"},"geometry":{"type":"MultiPolygon","coordinates":[[[[206034.53,1680299.72],[206035.73,1680295.17],[206041.38,1680296.65],[206040.18,1680301.2],[206034.53,1680299.72]]]]}},{"type":"Feature","properties":{"building":"yes","height":6,"heightSource":"default"},"geometry":{"type":"MultiPolygon","coordinates":[[[[206043.8,1680301.78],[206045,1680297.24],[206050.64,1680298.72],[206049.44,1680303.25],[206043.8,1680301.78]]]]}},{"type":"Feature","properties":{"building":"yes","height":6,"heightSource":"default"},"geometry":{"type":"MultiPolygon","coordinates":[[[[206041.71,1680279.21],[206043.33,1680265.65],[206055.39,1680267.08],[206053.77,1680280.62],[206041.71,1680279.21]]]]}},{"type":"Feature","properties":{"building":"yes","height":6,"heightSource":"default"},"geometry":{"type":"MultiPolygon","coordinates":[[[[206077.63,1680232.15],[206092.16,1680231.15],[206092.83,1680240.86],[206078.3,1680241.85],[206077.63,1680232.15]]]]}},{"type":"Feature","properties":{"building":"yes","height":6,"heightSource":"default"},"geometry":{"type":"MultiPolygon","coordinates":[[[[206096.16,1680211.54],[206075.49,1680225.31],[206069.3,1680216.13],[206089.98,1680202.36],[206096.16,1680211.54]]]]}},{"type":"Feature","properties":{"building":"yes","height":6,"heightSource":"default"},"geometry":{"type":"MultiPolygon","coordinates":[[[[206084.92,1680195.1],[206080.36,1680200.63],[206074.71,1680196.04],[206079.27,1680190.5],[206084.92,1680195.1]]]]}},{"type":"Feature","properties":{"building":"yes","height":6,"heightSource":"default"},"geometry":{"type":"MultiPolygon","coordinates":[[[[206060.7,1680227.41],[206053.62,1680227.29],[206053.74,1680220.41],[206060.83,1680220.53],[206060.7,1680227.41]]]]}},{"type":"Feature","properties":{"building":"yes","height":6,"heightSource":"default"},"geometry":{"type":"MultiPolygon","coordinates":[[[[206025.26,1680235.47],[206034.16,1680236.62],[206032.46,1680249.57],[206023.57,1680248.42],[206025.26,1680235.47]]]]}},{"type":"Feature","properties":{"building":"yes","height":6,"heightSource":"default"},"geometry":{"type":"MultiPolygon","coordinates":[[[[206027.72,1680218.94],[206036.61,1680220.09],[206034.92,1680233.04],[206026.02,1680231.89],[206027.72,1680218.94]]]]}},{"type":"Feature","properties":{"building":"yes","height":6,"heightSource":"default"},"geometry":{"type":"MultiPolygon","coordinates":[[[[206021.51,1680217.33],[206018.77,1680228.37],[206009.02,1680225.98],[206011.76,1680214.94],[206021.51,1680217.33]]]]}},{"type":"Feature","properties":{"building":"yes","height":6,"heightSource":"default"},"geometry":{"type":"MultiPolygon","coordinates":[[[[205994.68,1680221.01],[206005.11,1680223.28],[206003.11,1680232.4],[205992.68,1680230.13],[205994.68,1680221.01]]]]}},{"type":"Feature","properties":{"building":"yes","height":6,"heightSource":"default"},"geometry":{"type":"MultiPolygon","coordinates":[[[[205992.3,1680239.83],[205994.98,1680230.91],[206003.68,1680233.51],[206001,1680242.41],[205992.3,1680239.83]]]]}},{"type":"Feature","properties":{"building":"yes","height":6,"heightSource":"default"},"geometry":{"type":"MultiPolygon","coordinates":[[[[205983.72,1680203.57],[205996.28,1680204.82],[205994.87,1680218.7],[205982.33,1680217.46],[205983.72,1680203.57]]]]}},{"type":"Feature","properties":{"building":"yes","height":6,"heightSource":"default"},"geometry":{"type":"MultiPolygon","coordinates":[[[[205976.73,1680214.75],[205976.06,1680232.2],[205967.26,1680231.87],[205967.94,1680214.42],[205976.73,1680214.75]]]]}},{"type":"Feature","properties":{"building":"yes","height":6,"heightSource":"default"},"geometry":{"type":"MultiPolygon","coordinates":[[[[205973.21,1680211.91],[205975.05,1680205.43],[205981.02,1680207.09],[205979.19,1680213.57],[205973.21,1680211.91]]]]}},{"type":"Feature","properties":{"building":"yes","height":6,"heightSource":"default"},"geometry":{"type":"MultiPolygon","coordinates":[[[[205962.38,1680208.1],[205962.86,1680220.24],[205953.36,1680220.63],[205952.87,1680208.49],[205962.38,1680208.1]]]]}},{"type":"Feature","properties":{"building":"yes","height":6,"heightSource":"default"},"geometry":{"type":"MultiPolygon","coordinates":[[[[205966.61,1680192.06],[205965.99,1680182.47],[205975.64,1680181.86],[205976.09,1680188.87],[205982.98,1680188.44],[205983.67,1680199.13],[205964.53,1680200.33],[205964.3,1680196.79],[205961.14,1680196.99],[205960.85,1680192.42],[205966.61,1680192.06]]]]}},{"type":"Feature","properties":{"building":"yes","height":6,"heightSource":"default"},"geometry":{"type":"MultiPolygon","coordinates":[[[[206009.54,1680189.65],[206018.11,1680191.97],[206015.56,1680201.28],[206007,1680198.96],[206009.54,1680189.65]]]]}},{"type":"Feature","properties":{"building":"yes","height":6,"heightSource":"default"},"geometry":{"type":"MultiPolygon","coordinates":[[[[206040.17,1680188.31],[206033.74,1680197.19],[206025.01,1680190.93],[206031.44,1680182.06],[206040.17,1680188.31]]]]}},{"type":"Feature","properties":{"building":"yes","height":6,"heightSource":"default"},"geometry":{"type":"MultiPolygon","coordinates":[[[[206032.58,1680180.75],[206039.74,1680168.75],[206043.86,1680171.17],[206044.86,1680169.49],[206050.92,1680173.05],[206042.75,1680186.73],[206032.58,1680180.75]]]]}},{"type":"Feature","properties":{"building":"yes","height":6,"heightSource":"default"},"geometry":{"type":"MultiPolygon","coordinates":[[[[206001.93,1680168.36],[206009.58,1680155.26],[206022.01,1680162.41],[206014.35,1680175.52],[206001.93,1680168.36]]]]}},{"type":"Feature","properties":{"building":"yes","height":6,"heightSource":"default"},"geometry":{"type":"MultiPolygon","coordinates":[[[[205992.15,1680176],[205981.33,1680174.82],[205982.9,1680160.53],[205985.47,1680160.81],[205986.25,1680153.73],[205994.5,1680154.62],[205992.15,1680176]]]]}},{"type":"Feature","properties":{"building":"yes","height":6,"heightSource":"default"},"geometry":{"type":"MultiPolygon","coordinates":[[[[205984.26,1680144.88],[205981.85,1680155.78],[205967.31,1680152.63],[205968.2,1680148.53],[205972.6,1680149.48],[205974.1,1680142.67],[205984.26,1680144.88]]]]}},{"type":"Feature","properties":{"building":"yes","height":6,"heightSource":"default"},"geometry":{"type":"MultiPolygon","coordinates":[[[[205959.47,1680151.66],[205965.74,1680152.25],[205964.38,1680166.44],[205958.11,1680165.84],[205959.47,1680151.66]]]]}},{"type":"Feature","properties":{"building":"yes","height":6,"heightSource":"default"},"geometry":{"type":"MultiPolygon","coordinates":[[[[205955.91,1680167.29],[205965.12,1680166.93],[205965.64,1680180.1],[205956.43,1680180.46],[205955.91,1680167.29]]]]}},{"type":"Feature","properties":{"building":"yes","height":6,"heightSource":"default"},"geometry":{"type":"MultiPolygon","coordinates":[[[[205955.59,1680184.75],[205942.33,1680184.63],[205942.39,1680178.61],[205944.13,1680178.63],[205944.19,1680171.18],[205948.81,1680171.22],[205948.85,1680167.5],[205955.76,1680167.56],[205955.59,1680184.75]]]]}},{"type":"Feature","properties":{"building":"yes","height":6,"heightSource":"default"},"geometry":{"type":"MultiPolygon","coordinates":[[[[205958.62,1680151.95],[205953.61,1680164.86],[205942.87,1680160.74],[205947.89,1680147.83],[205958.62,1680151.95]]]]}},{"type":"Feature","properties":{"building":"yes","height":6,"heightSource":"default"},"geometry":{"type":"MultiPolygon","coordinates":[[[[205942.6,1680133.07],[205960.71,1680138.59],[205957.57,1680148.76],[205939.46,1680143.24],[205942.6,1680133.07]]]]}},{"type":"Feature","properties":{"building":"yes","height":6,"heightSource":"default"},"geometry":{"type":"MultiPolygon","coordinates":[[[[206039.23,1680229.92],[206044.41,1680229.6],[206044.62,1680233.02],[206039.45,1680233.35],[206039.23,1680229.92]]]]}},{"type":"Feature","properties":{"building":"yes","height":6,"heightSource":"default"},"geometry":{"type":"MultiPolygon","coordinates":[[[[206023.99,1680257.6],[206021.21,1680268.49],[206007.56,1680265.04],[206010.35,1680254.15],[206023.99,1680257.6]]]]}},{"type":"Feature","properties":{"building":"yes","height":6,"heightSource":"default"},"geometry":{"type":"MultiPolygon","coordinates":[[[[206029.57,1680274.74],[206029.45,1680280.47],[206015.04,1680280.17],[206015.16,1680274.45],[206029.57,1680274.74]]]]}},{"type":"Feature","properties":{"building":"yes","height":6,"heightSource":"default"},"geometry":{"type":"MultiPolygon","coordinates":[[[[206015.77,1680281.33],[206026.21,1680282.8],[206023.8,1680299.62],[206013.36,1680298.14],[206015.77,1680281.33]]]]}},{"type":"Feature","properties":{"building":"yes","height":6,"heightSource":"default"},"geometry":{"type":"MultiPolygon","coordinates":[[[[205991.48,1680267.21],[206000.38,1680268.36],[205998.69,1680281.3],[205989.78,1680280.14],[205991.48,1680267.21]]]]}},{"type":"Feature","properties":{"building":"yes","height":6,"heightSource":"default"},"geometry":{"type":"MultiPolygon","coordinates":[[[[205976.22,1680261.1],[205977.2,1680248.12],[205990.96,1680249.17],[205989.96,1680262.14],[205976.22,1680261.1]]]]}},{"type":"Feature","properties":{"building":"yes","height":6,"heightSource":"default"},"geometry":{"type":"MultiPolygon","coordinates":[[[[205976.19,1680273.21],[205978.88,1680264.29],[205987.58,1680266.88],[205984.89,1680275.79],[205976.19,1680273.21]]]]}},{"type":"Feature","properties":{"building":"yes","height":6,"heightSource":"default"},"geometry":{"type":"MultiPolygon","coordinates":[[[[205934.54,1680252.42],[205977.65,1680260.03],[205974.87,1680275.56],[205931.77,1680267.95],[205934.54,1680252.42]]]]}},{"type":"Feature","properties":{"building":"yes","height":6,"heightSource":"default"},"geometry":{"type":"MultiPolygon","coordinates":[[[[205925.53,1680254.08],[205931.95,1680256.08],[205928.64,1680266.64],[205917.11,1680263.06],[205922.47,1680246],[205927.57,1680247.58],[205925.53,1680254.08]]]]}},{"type":"Feature","properties":{"building":"yes","height":6,"heightSource":"default"},"geometry":{"type":"MultiPolygon","coordinates":[[[[205908.81,1680256.67],[205911.24,1680246.38],[205919.41,1680248.28],[205916.99,1680258.58],[205908.81,1680256.67]]]]}},{"type":"Feature","properties":{"building":"yes","height":6,"heightSource":"default"},"geometry":{"type":"MultiPolygon","coordinates":[[[[205934.97,1680234.3],[205933.36,1680244.05],[205923.56,1680242.46],[205925.15,1680232.71],[205934.97,1680234.3]]]]}},{"type":"Feature","properties":{"building":"yes","height":6,"heightSource":"default"},"geometry":{"type":"MultiPolygon","coordinates":[[[[205910.56,1680244.08],[205912.24,1680231.72],[205919.88,1680232.74],[205918.2,1680245.11],[205910.56,1680244.08]]]]}},{"type":"Feature","properties":{"building":"yes","height":6,"heightSource":"default"},"geometry":{"type":"MultiPolygon","coordinates":[[[[205910.42,1680223.01],[205912.09,1680210.65],[205919.73,1680211.67],[205918.06,1680224.04],[205910.42,1680223.01]]]]}},{"type":"Feature","properties":{"building":"yes","height":6,"heightSource":"default"},"geometry":{"type":"MultiPolygon","coordinates":[[[[205927.97,1680222.71],[205929.64,1680210.34],[205937.28,1680211.35],[205935.6,1680223.72],[205927.97,1680222.71]]]]}},{"type":"Feature","properties":{"building":"yes","height":6,"heightSource":"default"},"geometry":{"type":"MultiPolygon","coordinates":[[[[205964.13,1680238.08],[205961.33,1680252.11],[205949.71,1680249.83],[205952.5,1680235.8],[205964.13,1680238.08]]]]}},{"type":"Feature","properties":{"building":"yes","height":6,"heightSource":"default"},"geometry":{"type":"MultiPolygon","coordinates":[[[[205940.86,1680232.9],[205942.68,1680226.42],[205948.66,1680228.08],[205946.84,1680234.56],[205940.86,1680232.9]]]]}},{"type":"Feature","properties":{"building":"yes","height":6,"heightSource":"default"},"geometry":{"type":"MultiPolygon","coordinates":[[[[205908.2,1680217.46],[205898.11,1680217.29],[205898.37,1680201.98],[205908.46,1680202.15],[205908.2,1680217.46]]]]}},{"type":"Feature","properties":{"building":"yes","height":6,"heightSource":"default"},"geometry":{"type":"MultiPolygon","coordinates":[[[[205872.87,1680221.88],[205874.23,1680216.62],[205888.68,1680220.29],[205887.34,1680225.54],[205872.87,1680221.88]]]]}},{"type":"Feature","properties":{"building":"yes","height":6,"heightSource":"default"},"geometry":{"type":"MultiPolygon","coordinates":[[[[205886.64,1680226.63],[205895.2,1680229.65],[205892,1680238.63],[205883.43,1680235.61],[205886.64,1680226.63]]]]}},{"type":"Feature","properties":{"building":"yes","height":6,"heightSource":"default"},"geometry":{"type":"MultiPolygon","coordinates":[[[[205870.3,1680234.29],[205872.77,1680227.15],[205883.8,1680230.91],[205878.43,1680246.48],[205868.67,1680243.16],[205871.58,1680234.73],[205870.3,1680234.29]]]]}},{"type":"Feature","properties":{"building":"yes","height":6,"heightSource":"default"},"geometry":{"type":"MultiPolygon","coordinates":[[[[205893.23,1680244.49],[205890.8,1680252.49],[205881.85,1680249.81],[205884.27,1680241.81],[205893.23,1680244.49]]]]}},{"type":"Feature","properties":{"building":"yes","height":6,"heightSource":"default"},"geometry":{"type":"MultiPolygon","coordinates":[[[[205852.08,1680244.56],[205853.45,1680234.15],[205864.05,1680235.53],[205862.69,1680245.94],[205852.08,1680244.56]]]]}},{"type":"Feature","properties":{"building":"yes","height":6,"heightSource":"default"},"geometry":{"type":"MultiPolygon","coordinates":[[[[205865.1,1680228.65],[205861.65,1680228.67],[205861.61,1680223.23],[205865.07,1680223.21],[205865.1,1680228.65]]]]}},{"type":"Feature","properties":{"building":"yes","height":6,"heightSource":"default"},"geometry":{"type":"MultiPolygon","coordinates":[[[[205858.46,1680228.15],[205854.99,1680228.17],[205854.97,1680222.72],[205858.43,1680222.71],[205858.46,1680228.15]]]]}},{"type":"Feature","properties":{"building":"yes","height":6,"heightSource":"default"},"geometry":{"type":"MultiPolygon","coordinates":[[[[205827.2,1680218.64],[205837,1680218.21],[205837.69,1680233.84],[205827.89,1680234.27],[205827.2,1680218.64]]]]}},{"type":"Feature","properties":{"building":"yes","height":6,"heightSource":"default"},"geometry":{"type":"MultiPolygon","coordinates":[[[[205845.12,1680224.29],[205849.11,1680224.63],[205848.25,1680234.29],[205844.26,1680233.94],[205845.12,1680224.29]]]]}},{"type":"Feature","properties":{"building":"yes","height":6,"heightSource":"default"},"geometry":{"type":"MultiPolygon","coordinates":[[[[205811.21,1680238.92],[205811.66,1680227.76],[205822.31,1680228.18],[205821.86,1680239.34],[205811.21,1680238.92]]]]}},{"type":"Feature","properties":{"building":"yes","height":6,"heightSource":"default"},"geometry":{"type":"MultiPolygon","coordinates":[[[[205825.01,1680226.49],[205812.91,1680226.21],[205813.16,1680215.89],[205825.26,1680216.18],[205825.01,1680226.49]]]]}},{"type":"Feature","properties":{"building":"yes","height":6,"heightSource":"default"},"geometry":{"type":"MultiPolygon","coordinates":[[[[205811.13,1680225.86],[205805.66,1680225.84],[205805.67,1680216.96],[205811.16,1680216.97],[205811.13,1680225.86]]]]}},{"type":"Feature","properties":{"building":"yes","height":6,"heightSource":"default"},"geometry":{"type":"MultiPolygon","coordinates":[[[[205906.88,1680181.58],[205914.97,1680183.31],[205913.36,1680190.69],[205905.27,1680188.95],[205906.88,1680181.58]]]]}},{"type":"Feature","properties":{"building":"yes","height":6,"heightSource":"default"},"geometry":{"type":"MultiPolygon","coordinates":[[[[205934.25,1680167.12],[205933.33,1680175.6],[205915.39,1680173.7],[205916.31,1680165.2],[205934.25,1680167.12]]]]}},{"type":"Feature","properties":{"building":"yes","height":6,"heightSource":"default"},"geometry":{"type":"MultiPolygon","coordinates":[[[[205890.3,1680172.11],[205891.06,1680160.7],[205899.55,1680161.26],[205898.78,1680172.67],[205890.3,1680172.11]]]]}},{"type":"Feature","properties":{"building":"yes","height":6,"heightSource":"default"},"geometry":{"type":"MultiPolygon","coordinates":[[[[205915.56,1680162.6],[205904.41,1680161.59],[205905.01,1680155.17],[205916.14,1680156.18],[205915.56,1680162.6]]]]}},{"type":"Feature","properties":{"building":"yes","height":6,"heightSource":"default"},"geometry":{"type":"MultiPolygon","coordinates":[[[[205915.04,1680152.95],[205915.43,1680143.8],[205919.16,1680143.96],[205919.48,1680136.53],[205928.86,1680136.92],[205928.34,1680149.22],[205924.43,1680149.05],[205924.25,1680153.33],[205915.04,1680152.95]]]]}},{"type":"Feature","properties":{"building":"yes","height":6,"heightSource":"default"},"geometry":{"type":"MultiPolygon","coordinates":[[[[205927.37,1680127.55],[205934.16,1680128.94],[205932.74,1680135.79],[205925.96,1680134.41],[205927.37,1680127.55]]]]}},{"type":"Feature","properties":{"building":"yes","height":6,"heightSource":"default"},"geometry":{"type":"MultiPolygon","coordinates":[[[[205897.31,1680148.28],[205884.05,1680148.11],[205884.31,1680128.62],[205897.57,1680128.8],[205897.31,1680148.28]]]]}},{"type":"Feature","properties":{"building":"yes","height":6,"heightSource":"default"},"geometry":{"type":"MultiPolygon","coordinates":[[[[205890.48,1680165.04],[205884.14,1680164.89],[205884.29,1680158.99],[205882.27,1680158.94],[205882.47,1680151.09],[205890.83,1680151.3],[205890.48,1680165.04]]]]}},{"type":"Feature","properties":{"building":"yes","height":6,"heightSource":"default"},"geometry":{"type":"MultiPolygon","coordinates":[[[[205881.66,1680141.42],[205866.7,1680142.25],[205865.92,1680128.35],[205880.89,1680127.52],[205881.66,1680141.42]]]]}},{"type":"Feature","properties":{"building":"yes","height":6,"heightSource":"default"},"geometry":{"type":"MultiPolygon","coordinates":[[[[205881.3,1680164.55],[205866.34,1680165.39],[205865.56,1680151.49],[205880.52,1680150.66],[205881.3,1680164.55]]]]}},{"type":"Feature","properties":{"building":"yes","height":6,"heightSource":"default"},"geometry":{"type":"MultiPolygon","coordinates":[[[[205858.14,1680134.31],[205863.62,1680148.99],[205854.84,1680152.22],[205849.37,1680137.54],[205858.14,1680134.31]]]]}},{"type":"Feature","properties":{"building":"yes","height":6,"heightSource":"default"},"geometry":{"type":"MultiPolygon","coordinates":[[[[205857.04,1680156.17],[205863.37,1680156.35],[205863.03,1680168.83],[205856.69,1680168.65],[205857.04,1680156.17]]]]}},{"type":"Feature","properties":{"building":"yes","height":6,"heightSource":"default"},"geometry":{"type":"MultiPolygon","coordinates":[[[[205858.09,1680180.53],[205852.73,1680180.75],[205852.3,1680170.45],[205857.65,1680170.22],[205858.09,1680180.53]]]]}},{"type":"Feature","properties":{"building":"yes","height":6,"heightSource":"default"},"geometry":{"type":"MultiPolygon","coordinates":[[[[205869.07,1680170.48],[205878.98,1680169.92],[205879.62,1680181.35],[205869.72,1680181.91],[205869.07,1680170.48]]]]}},{"type":"Feature","properties":{"building":"yes","height":6,"heightSource":"default"},"geometry":{"type":"MultiPolygon","coordinates":[[[[205860.42,1680181.96],[205860.26,1680190.38],[205851.9,1680190.23],[205852.06,1680181.8],[205860.42,1680181.96]]]]}},{"type":"Feature","properties":{"building":"yes","height":6,"heightSource":"default"},"geometry":{"type":"MultiPolygon","coordinates":[[[[205846.89,1680184.24],[205834.8,1680184.82],[205834.38,1680175.77],[205846.47,1680175.2],[205846.89,1680184.24]]]]}},{"type":"Feature","properties":{"building":"yes","height":6,"heightSource":"default"},"geometry":{"type":"MultiPolygon","coordinates":[[[[205841.19,1680165.75],[205836.08,1680167.15],[205837.55,1680172.49],[205830.55,1680174.41],[205824.86,1680153.81],[205836.98,1680150.51],[205841.19,1680165.75]]]]}},{"type":"Feature","properties":{"building":"yes","height":6,"heightSource":"default"},"geometry":{"type":"MultiPolygon","coordinates":[[[[205824.63,1680170.91],[205806.92,1680175.86],[205802.9,1680161.63],[205820.6,1680156.69],[205824.63,1680170.91]]]]}},{"type":"Feature","properties":{"building":"yes","height":6,"heightSource":"default"},"geometry":{"type":"MultiPolygon","coordinates":[[[[205828.93,1680177.6],[205831.52,1680189.4],[205820.03,1680191.88],[205817.45,1680180.08],[205828.93,1680177.6]]]]}},{"type":"Feature","properties":{"building":"yes","height":6,"heightSource":"default"},"geometry":{"type":"MultiPolygon","coordinates":[[[[205820.49,1680196.64],[205820.36,1680208.68],[205809.4,1680208.55],[205809.54,1680196.53],[205820.49,1680196.64]]]]}},{"type":"Feature","properties":{"building":"yes","height":6,"heightSource":"default"},"geometry":{"type":"MultiPolygon","coordinates":[[[[205826.79,1680210.99],[205828.18,1680204.12],[205840.89,1680206.7],[205839.49,1680213.56],[205826.79,1680210.99]]]]}},{"type":"Feature","properties":{"building":"yes","height":6,"heightSource":"default"},"geometry":{"type":"MultiPolygon","coordinates":[[[[205836.47,1680200.27],[205837.88,1680193.4],[205850.58,1680195.98],[205849.18,1680202.84],[205836.47,1680200.27]]]]}},{"type":"Feature","properties":{"building":"yes","height":6,"heightSource":"default"},"geometry":{"type":"MultiPolygon","coordinates":[[[[205851.34,1680204.96],[205852.87,1680210.4],[205846.54,1680212.16],[205845.01,1680206.74],[205851.34,1680204.96]]]]}},{"type":"Feature","properties":{"building":"yes","height":6,"heightSource":"default"},"geometry":{"type":"MultiPolygon","coordinates":[[[[205859.89,1680202.94],[205856.3,1680203.7],[205855.17,1680198.49],[205858.76,1680197.72],[205859.89,1680202.94]]]]}},{"type":"Feature","properties":{"building":"yes","height":6,"heightSource":"default"},"geometry":{"type":"MultiPolygon","coordinates":[[[[206202.72,1680121.89],[206204.83,1680118.26],[206208.47,1680120.37],[206206.36,1680123.99],[206202.72,1680121.89]]]]}},{"type":"Feature","properties":{"building":"yes","height":6,"heightSource":"default"},"geometry":{"type":"MultiPolygon","coordinates":[[[[206193.86,1680117.75],[206195.96,1680114.13],[206199.6,1680116.24],[206197.5,1680119.85],[206193.86,1680117.75]]]]}},{"type":"Feature","properties":{"building":"yes","height":6,"heightSource":"default"},"geometry":{"type":"MultiPolygon","coordinates":[[[[206199.02,1680107.84],[206201.14,1680104.22],[206204.78,1680106.32],[206202.67,1680109.94],[206199.02,1680107.84]]]]}},{"type":"Feature","properties":{"building":"yes","height":6,"heightSource":"default"},"geometry":{"type":"MultiPolygon","coordinates":[[[[206206.87,1680111.76],[206208.97,1680108.14],[206212.63,1680110.24],[206210.51,1680113.85],[206206.87,1680111.76]]]]}},{"type":"Feature","properties":{"building":"yes","height":6,"heightSource":"default"},"geometry":{"type":"MultiPolygon","coordinates":[[[[206210.84,1680091.93],[206212.95,1680088.32],[206216.59,1680090.42],[206214.49,1680094.04],[206210.84,1680091.93]]]]}},{"type":"Feature","properties":{"building":"yes","height":6,"heightSource":"default"},"geometry":{"type":"MultiPolygon","coordinates":[[[[206252.21,1680082.88],[206244.93,1680094.15],[206237.64,1680089.51],[206244.93,1680078.23],[206252.21,1680082.88]]]]}},{"type":"Feature","properties":{"building":"yes","height":6,"heightSource":"default"},"geometry":{"type":"MultiPolygon","coordinates":[[[[206222.13,1680078.93],[206224.24,1680075.31],[206227.88,1680077.4],[206225.77,1680081.03],[206222.13,1680078.93]]]]}},{"type":"Feature","properties":{"building":"yes","height":6,"heightSource":"default"},"geometry":{"type":"MultiPolygon","coordinates":[[[[206233.99,1680074.58],[206236.1,1680070.97],[206239.74,1680073.06],[206237.63,1680076.68],[206233.99,1680074.58]]]]}},{"type":"Feature","properties":{"building":"yes","height":6,"heightSource":"default"},"geometry":{"type":"MultiPolygon","coordinates":[[[[206194.08,1680072.31],[206196.2,1680068.7],[206199.84,1680070.79],[206197.72,1680074.41],[206194.08,1680072.31]]]]}},{"type":"Feature","properties":{"building":"yes","height":6,"heightSource":"default"},"geometry":{"type":"MultiPolygon","coordinates":[[[[206178.19,1680106.72],[206180.31,1680103.1],[206183.95,1680105.19],[206181.83,1680108.82],[206178.19,1680106.72]]]]}},{"type":"Feature","properties":{"building":"yes","height":6,"heightSource":"default"},"geometry":{"type":"MultiPolygon","coordinates":[[[[206114.73,1680146.47],[206110.76,1680155.94],[206098.88,1680151.03],[206102.85,1680141.55],[206114.73,1680146.47]]]]}},{"type":"Feature","properties":{"building":"yes","height":6,"heightSource":"default"},"geometry":{"type":"MultiPolygon","coordinates":[[[[206121.72,1680112.93],[206117.76,1680122.41],[206105.87,1680117.5],[206109.84,1680108.01],[206121.72,1680112.93]]]]}},{"type":"Feature","properties":{"building":"yes","height":6,"heightSource":"default"},"geometry":{"type":"MultiPolygon","coordinates":[[[[206181.13,1680097.14],[206177.17,1680106.62],[206165.29,1680101.71],[206169.25,1680092.23],[206181.13,1680097.14]]]]}},{"type":"Feature","properties":{"building":"yes","height":6,"heightSource":"default"},"geometry":{"type":"MultiPolygon","coordinates":[[[[206182.97,1680007.23],[206194.79,1680014],[206190.08,1680022.12],[206178.26,1680015.35],[206182.97,1680007.23]]]]}},{"type":"Feature","properties":{"building":"yes","height":6,"heightSource":"default"},"geometry":{"type":"MultiPolygon","coordinates":[[[[206210.14,1680038.05],[206216.5,1680025.6],[206231.99,1680033.42],[206228.87,1680039.53],[206225.31,1680037.74],[206222.07,1680044.08],[206210.14,1680038.05]]]]}},{"type":"Feature","properties":{"building":"yes","height":6,"heightSource":"default"},"geometry":{"type":"MultiPolygon","coordinates":[[[[206259.09,1680033.38],[206260.95,1680030.18],[206266.31,1680033.27],[206258,1680047.56],[206247.7,1680041.64],[206254.15,1680030.54],[206259.09,1680033.38]]]]}},{"type":"Feature","properties":{"building":"yes","height":6,"heightSource":"default"},"geometry":{"type":"MultiPolygon","coordinates":[[[[206266.43,1680040.01],[206281.65,1680046.56],[206276.6,1680058.2],[206270.94,1680055.78],[206270.26,1680057.34],[206260.68,1680053.23],[206266.43,1680040.01]]]]}},{"type":"Feature","properties":{"building":"yes","height":6,"heightSource":"default"},"geometry":{"type":"MultiPolygon","coordinates":[[[[206286.98,1680051.69],[206294.8,1680056.32],[206287.63,1680068.3],[206279.8,1680063.67],[206286.98,1680051.69]]]]}},{"type":"Feature","properties":{"building":"yes","height":6,"heightSource":"default"},"geometry":{"type":"MultiPolygon","coordinates":[[[[206279.4,1680069.99],[206273.15,1680082.03],[206266.58,1680078.67],[206272.83,1680066.63],[206279.4,1680069.99]]]]}},{"type":"Feature","properties":{"building":"yes","height":6,"heightSource":"default"},"geometry":{"type":"MultiPolygon","coordinates":[[[[206248,1680049.77],[206250.12,1680046.14],[206253.76,1680048.24],[206251.64,1680051.86],[206248,1680049.77]]]]}},{"type":"Feature","properties":{"building":"yes","height":6,"heightSource":"default"},"geometry":{"type":"MultiPolygon","coordinates":[[[[206257.38,1680056.79],[206259.5,1680053.18],[206263.14,1680055.28],[206261.02,1680058.9],[206257.38,1680056.79]]]]}},{"type":"Feature","properties":{"building":"yes","height":6,"heightSource":"default"},"geometry":{"type":"MultiPolygon","coordinates":[[[[206168.8,1680002.51],[206170.92,1679998.9],[206174.56,1680000.99],[206172.45,1680004.61],[206168.8,1680002.51]]]]}},{"type":"Feature","properties":{"building":"yes","height":6,"heightSource":"default"},"geometry":{"type":"MultiPolygon","coordinates":[[[[206159.38,1680029.02],[206161.49,1680025.4],[206165.13,1680027.51],[206163.02,1680031.12],[206159.38,1680029.02]]]]}},{"type":"Feature","properties":{"building":"yes","height":6,"heightSource":"default"},"geometry":{"type":"MultiPolygon","coordinates":[[[[206167.21,1680033.12],[206169.33,1680029.5],[206172.97,1680031.6],[206170.85,1680035.22],[206167.21,1680033.12]]]]}},{"type":"Feature","properties":{"building":"yes","height":6,"heightSource":"default"},"geometry":{"type":"MultiPolygon","coordinates":[[[[206177.29,1680035.79],[206179.41,1680032.18],[206183.05,1680034.27],[206180.93,1680037.89],[206177.29,1680035.79]]]]}},{"type":"Feature","properties":{"building":"yes","height":6,"heightSource":"default"},"geometry":{"type":"MultiPolygon","coordinates":[[[[206186.64,1680040.25],[206188.74,1680036.62],[206192.4,1680038.73],[206190.28,1680042.34],[206186.64,1680040.25]]]]}},{"type":"Feature","properties":{"building":"yes","height":6,"heightSource":"default"},"geometry":{"type":"MultiPolygon","coordinates":[[[[206195.74,1680047.12],[206197.84,1680043.51],[206201.48,1680045.61],[206199.38,1680049.22],[206195.74,1680047.12]]]]}},{"type":"Feature","properties":{"building":"yes","height":6,"heightSource":"default"},"geometry":{"type":"MultiPolygon","coordinates":[[[[206146.2,1680047.53],[206148.31,1680043.92],[206151.95,1680046.02],[206149.84,1680049.63],[206146.2,1680047.53]]]]}},{"type":"Feature","properties":{"building":"yes","height":6,"heightSource":"default"},"geometry":{"type":"MultiPolygon","coordinates":[[[[206079.49,1680094.94],[206076.9,1680104.84],[206059.02,1680100.21],[206061.62,1680090.31],[206079.49,1680094.94]]]]}},{"type":"Feature","properties":{"building":"yes","height":6,"heightSource":"default"},"geometry":{"type":"MultiPolygon","coordinates":[[[[206053.57,1680107.95],[206065.56,1680111.76],[206058.32,1680134.29],[206046.33,1680130.49],[206053.57,1680107.95]]]]}},{"type":"Feature","properties":{"building":"yes","height":6,"heightSource":"default"},"geometry":{"type":"MultiPolygon","coordinates":[[[[206019.7,1680145.32],[206023.03,1680132.15],[206031.95,1680134.38],[206028.61,1680147.54],[206019.7,1680145.32]]]]}},{"type":"Feature","properties":{"building":"yes","height":6,"heightSource":"default"},"geometry":{"type":"MultiPolygon","coordinates":[[[[206032.56,1680117.73],[206031.88,1680130.01],[206020.67,1680129.39],[206021.35,1680117.12],[206032.56,1680117.73]]]]}},{"type":"Feature","properties":{"building":"yes","height":6,"heightSource":"default"},"geometry":{"type":"MultiPolygon","coordinates":[[[[206016.45,1680133.47],[206008.09,1680131.33],[206010.38,1680122.49],[206018.74,1680124.62],[206016.45,1680133.47]]]]}},{"type":"Feature","properties":{"building":"yes","height":6,"heightSource":"default"},"geometry":{"type":"MultiPolygon","coordinates":[[[[206019.76,1680115.31],[206018.31,1680122.16],[206007.29,1680119.85],[206008.74,1680113],[206019.76,1680115.31]]]]}},{"type":"Feature","properties":{"building":"yes","height":6,"heightSource":"default"},"geometry":{"type":"MultiPolygon","coordinates":[[[[205993.81,1680098.99],[205998.67,1680100.24],[206001.08,1680090.98],[206006.46,1680092.38],[206004.4,1680100.29],[206019.75,1680104.25],[206017.17,1680114.14],[205991.59,1680107.56],[205993.81,1680098.99]]]]}},{"type":"Feature","properties":{"building":"yes","height":6,"heightSource":"default"},"geometry":{"type":"MultiPolygon","coordinates":[[[[205988.5,1680124.99],[205990.8,1680115.24],[206001.27,1680117.67],[205998.99,1680127.43],[205988.5,1680124.99]]]]}},{"type":"Feature","properties":{"building":"yes","height":6,"heightSource":"default"},"geometry":{"type":"MultiPolygon","coordinates":[[[[205997.42,1680128.6],[205996.67,1680133.35],[205990.66,1680132.43],[205991.4,1680127.68],[205997.42,1680128.6]]]]}},{"type":"Feature","properties":{"building":"yes","height":6,"heightSource":"default"},"geometry":{"type":"MultiPolygon","coordinates":[[[[205951.65,1680111.71],[205949.92,1680119.45],[205937.48,1680116.69],[205939.22,1680108.95],[205951.65,1680111.71]]]]}},{"type":"Feature","properties":{"building":"yes","height":6,"heightSource":"default"},"geometry":{"type":"MultiPolygon","coordinates":[[[[205953.27,1680086.67],[205950.57,1680099.55],[205943.96,1680098.19],[205946.66,1680085.31],[205953.27,1680086.67]]]]}},{"type":"Feature","properties":{"building":"yes","height":6,"heightSource":"default"},"geometry":{"type":"MultiPolygon","coordinates":[[[[205937.83,1680093.36],[205936.37,1680098.85],[205927.34,1680096.49],[205928.79,1680091],[205937.83,1680093.36]]]]}},{"type":"Feature","properties":{"building":"yes","height":6,"heightSource":"default"},"geometry":{"type":"MultiPolygon","coordinates":[[[[205901.46,1680108.04],[205902.04,1680090.01],[205911.09,1680090.3],[205910.5,1680108.33],[205901.46,1680108.04]]]]}},{"type":"Feature","properties":{"building":"yes","height":6,"heightSource":"default"},"geometry":{"type":"MultiPolygon","coordinates":[[[[205913.62,1680108.59],[205914.21,1680090.56],[205923.26,1680090.85],[205922.67,1680108.88],[205913.62,1680108.59]]]]}},{"type":"Feature","properties":{"building":"yes","height":6,"heightSource":"default"},"geometry":{"type":"MultiPolygon","coordinates":[[[[206104.36,1680164.07],[206113.76,1680167.44],[206107.79,1680183.85],[206098.39,1680180.48],[206104.36,1680164.07]]]]}},{"type":"Feature","properties":{"building":"yes","height":6,"heightSource":"default"},"geometry":{"type":"MultiPolygon","coordinates":[[[[206105.56,1680160.81],[206097.98,1680171.91],[206089.95,1680166.5],[206097.52,1680155.4],[206105.56,1680160.81]]]]}},{"type":"Feature","properties":{"building":"yes","height":6,"heightSource":"default"},"geometry":{"type":"MultiPolygon","coordinates":[[[[206090.43,1680139.42],[206087.58,1680144.75],[206096.98,1680149.7],[206085.84,1680170.59],[206068.61,1680161.53],[206082.6,1680135.3],[206090.43,1680139.42]]]]}},{"type":"Feature","properties":{"building":"yes","height":6,"heightSource":"default"},"geometry":{"type":"MultiPolygon","coordinates":[[[[206080.08,1679866.22],[206078.52,1679871.78],[206073.55,1679870.4],[206075.12,1679864.83],[206080.08,1679866.22]]]]}},{"type":"Feature","properties":{"building":"yes","height":6,"heightSource":"default"},"geometry":{"type":"MultiPolygon","coordinates":[[[[206093.28,1679819.23],[206091.72,1679824.8],[206086.75,1679823.41],[206088.32,1679817.85],[206093.28,1679819.23]]]]}},{"type":"Feature","properties":{"building":"yes","height":6,"heightSource":"default"},"geometry":{"type":"MultiPolygon","coordinates":[[[[206045.52,1679813.3],[206046.47,1679808.63],[206042.87,1679807.92],[206045.31,1679795.82],[206051.01,1679796.96],[206051.14,1679796.28],[206064.97,1679799.03],[206063.29,1679807.4],[206058.69,1679806.48],[206056.87,1679815.55],[206045.52,1679813.3]]]]}},{"type":"Feature","properties":{"building":"yes","height":6,"heightSource":"default"},"geometry":{"type":"MultiPolygon","coordinates":[[[[206076.02,1679767.87],[206074.46,1679773.42],[206069.5,1679772.04],[206071.06,1679766.48],[206076.02,1679767.87]]]]}},{"type":"Feature","properties":{"building":"yes","height":6,"heightSource":"default"},"geometry":{"type":"MultiPolygon","coordinates":[[[[205919.57,1679771.15],[205932.59,1679770.11],[205933.57,1679782.25],[205920.56,1679783.29],[205919.57,1679771.15]]]]}},{"type":"Feature","properties":{"building":"yes","height":6,"heightSource":"default"},"geometry":{"type":"MultiPolygon","coordinates":[[[[205957.1,1679761.23],[205970.12,1679760.19],[205971.1,1679772.32],[205958.08,1679773.36],[205957.1,1679761.23]]]]}},{"type":"Feature","properties":{"building":"yes","height":6,"heightSource":"default"},"geometry":{"type":"MultiPolygon","coordinates":[[[[205912.28,1679777.21],[205913.36,1679782.75],[205906.67,1679784.03],[205905.6,1679778.49],[205912.28,1679777.21]]]]}},{"type":"Feature","properties":{"building":"yes","height":6,"heightSource":"default"},"geometry":{"type":"MultiPolygon","coordinates":[[[[205901.5,1679783.57],[205903.82,1679794.88],[205890.79,1679797.53],[205888.45,1679786.22],[205901.5,1679783.57]]]]}},{"type":"Feature","properties":{"building":"yes","height":6,"heightSource":"default"},"geometry":{"type":"MultiPolygon","coordinates":[[[[205952.04,1679805.46],[205944.27,1679805.85],[205943.75,1679795.71],[205951.53,1679795.32],[205952.04,1679805.46]]]]}},{"type":"Feature","properties":{"building":"yes","height":6,"heightSource":"default"},"geometry":{"type":"MultiPolygon","coordinates":[[[[205929.41,1679811.18],[205921.94,1679812.46],[205920.86,1679806.21],[205928.33,1679804.93],[205929.41,1679811.18]]]]}},{"type":"Feature","properties":{"building":"yes","height":6,"heightSource":"default"},"geometry":{"type":"MultiPolygon","coordinates":[[[[205917.87,1679821.92],[205930.88,1679820.87],[205931.86,1679833.01],[205918.85,1679834.06],[205917.87,1679821.92]]]]}},{"type":"Feature","properties":{"building":"yes","height":6,"heightSource":"default"},"geometry":{"type":"MultiPolygon","coordinates":[[[[206264.1,1679837.37],[206264.28,1679828.49],[206276.2,1679828.72],[206275.92,1679842.47],[206260.08,1679842.16],[206260.17,1679837.28],[206264.1,1679837.37]]]]}},{"type":"Feature","properties":{"building":"yes","height":6,"heightSource":"default"},"geometry":{"type":"MultiPolygon","coordinates":[[[[206316.18,1679852.98],[206318.4,1679845.19],[206322.92,1679846.47],[206320.7,1679854.26],[206316.18,1679852.98]]]]}},{"type":"Feature","properties":{"building":"yes","height":6,"heightSource":"default"},"geometry":{"type":"MultiPolygon","coordinates":[[[[206271.13,1679859.53],[206273.35,1679851.73],[206277.88,1679853],[206275.65,1679860.8],[206271.13,1679859.53]]]]}},{"type":"Feature","properties":{"building":"yes","height":6,"heightSource":"default"},"geometry":{"type":"MultiPolygon","coordinates":[[[[206262.27,1679896.28],[206267.28,1679897.78],[206265.52,1679903.54],[206260.52,1679902.04],[206262.27,1679896.28]]]]}},{"type":"Feature","properties":{"building":"yes","height":6,"heightSource":"default"},"geometry":{"type":"MultiPolygon","coordinates":[[[[206395.91,1679903.46],[206395.82,1679908.76],[206389.67,1679908.65],[206389.76,1679903.35],[206395.91,1679903.46]]]]}},{"type":"Feature","properties":{"building":"yes","height":6,"heightSource":"default"},"geometry":{"type":"MultiPolygon","coordinates":[[[[206392.76,1679979.6],[206404.57,1679979.94],[206404.24,1679990.82],[206392.43,1679990.48],[206392.76,1679979.6]]]]}},{"type":"Feature","properties":{"building":"yes","height":6,"heightSource":"default"},"geometry":{"type":"MultiPolygon","coordinates":[[[[206418.68,1679889.65],[206430.48,1679890],[206430.16,1679900.88],[206418.35,1679900.53],[206418.68,1679889.65]]]]}},{"type":"Feature","properties":{"building":"yes","height":6,"heightSource":"default"},"geometry":{"type":"MultiPolygon","coordinates":[[[[206450.78,1679831.25],[206462.59,1679831.6],[206462.27,1679842.47],[206450.45,1679842.13],[206450.78,1679831.25]]]]}},{"type":"Feature","properties":{"building":"yes","height":6,"heightSource":"default"},"geometry":{"type":"MultiPolygon","coordinates":[[[[206374.18,1679967.49],[206372.84,1679944.63],[206380.32,1679944.19],[206381.66,1679967.06],[206374.18,1679967.49]]]]}},{"type":"Feature","properties":{"building":"yes","height":6,"heightSource":"default"},"geometry":{"type":"MultiPolygon","coordinates":[[[[206383,1679984.32],[206383.49,1679970.58],[206392.81,1679970.91],[206392.49,1679979.78],[206389.33,1679979.67],[206389.15,1679984.53],[206383,1679984.32]]]]}},{"type":"Feature","properties":{"building":"yes","height":6,"heightSource":"default"},"geometry":{"type":"MultiPolygon","coordinates":[[[[206378.79,1679986.12],[206388.01,1679986.32],[206387.88,1679992.33],[206378.65,1679992.14],[206378.79,1679986.12]]]]}},{"type":"Feature","properties":{"building":"yes","height":6,"heightSource":"default"},"geometry":{"type":"MultiPolygon","coordinates":[[[[206397.99,1679993.72],[206398.34,1680000.31],[206389.99,1680000.74],[206389.64,1679994.17],[206397.99,1679993.72]]]]}},{"type":"Feature","properties":{"building":"yes","height":6,"heightSource":"default"},"geometry":{"type":"MultiPolygon","coordinates":[[[[206511.68,1679932.03],[206518.13,1679934.91],[206515.23,1679941.31],[206508.78,1679938.43],[206511.68,1679932.03]]]]}},{"type":"Feature","properties":{"building":"yes","height":6,"heightSource":"default"},"geometry":{"type":"MultiPolygon","coordinates":[[[[206481.63,1679939.28],[206490.86,1679939.03],[206491.14,1679949.35],[206481.91,1679949.6],[206481.63,1679939.28]]]]}},{"type":"Feature","properties":{"building":"yes","height":6,"heightSource":"default"},"geometry":{"type":"MultiPolygon","coordinates":[[[[206507.63,1680010.55],[206514.08,1680013.42],[206511.18,1680019.82],[206504.73,1680016.95],[206507.63,1680010.55]]]]}},{"type":"Feature","properties":{"building":"yes","height":6,"heightSource":"default"},"geometry":{"type":"MultiPolygon","coordinates":[[[[205883.81,1679827.07],[205883.01,1679831.49],[205883.57,1679831.6],[205880.53,1679848.33],[205867.44,1679846],[205871.27,1679824.83],[205883.81,1679827.07]]]]}},{"type":"Feature","properties":{"building":"yes","height":6,"heightSource":"default"},"geometry":{"type":"MultiPolygon","coordinates":[[[[205865.65,1679907.97],[205878.66,1679906.92],[205879.64,1679919.06],[205866.63,1679920.11],[205865.65,1679907.97]]]]}},{"type":"Feature","properties":{"building":"yes","height":6,"heightSource":"default"},"geometry":{"type":"MultiPolygon","coordinates":[[[[205859.3,1679925.68],[205872.31,1679924.63],[205873.29,1679936.77],[205860.28,1679937.82],[205859.3,1679925.68]]]]}},{"type":"Feature","properties":{"building":"yes","height":6,"heightSource":"default"},"geometry":{"type":"MultiPolygon","coordinates":[[[[205898.68,1680057.76],[205892.82,1680082.08],[205883.85,1680079.95],[205885.28,1680074],[205880.38,1680072.84],[205884.81,1680054.46],[205898.68,1680057.76]]]]}},{"type":"Feature","properties":{"building":"yes","height":6,"heightSource":"default"},"geometry":{"type":"MultiPolygon","coordinates":[[[[205870.38,1680100.58],[205874.44,1680083.83],[205884.49,1680086.24],[205880.43,1680102.99],[205870.38,1680100.58]]]]}},{"type":"Feature","properties":{"building":"yes","height":6,"heightSource":"default"},"geometry":{"type":"MultiPolygon","coordinates":[[[[205868.4,1680075.26],[205868.57,1680060.93],[205877.51,1680061.02],[205877.34,1680075.36],[205868.4,1680075.26]]]]}},{"type":"Feature","properties":{"building":"yes","height":6,"heightSource":"default"},"geometry":{"type":"MultiPolygon","coordinates":[[[[205868.89,1680056.25],[205859.47,1680055.32],[205861.14,1680038.87],[205870.54,1680039.82],[205868.89,1680056.25]]]]}},{"type":"Feature","properties":{"building":"yes","height":6,"heightSource":"default"},"geometry":{"type":"MultiPolygon","coordinates":[[[[205828.01,1680053.49],[205827.58,1680073.25],[205813.16,1680072.95],[205813.6,1680053.19],[205828.01,1680053.49]]]]}},{"type":"Feature","properties":{"building":"yes","height":6,"heightSource":"default"},"geometry":{"type":"MultiPolygon","coordinates":[[[[205832.79,1680090.54],[205834.34,1680081.65],[205847.76,1680083.94],[205846.21,1680092.83],[205832.79,1680090.54]]]]}},{"type":"Feature","properties":{"building":"yes","height":6,"heightSource":"default"},"geometry":{"type":"MultiPolygon","coordinates":[[[[205863.76,1680110.41],[205855.97,1680110.76],[205855.46,1680099.14],[205863.23,1680098.8],[205863.76,1680110.41]]]]}},{"type":"Feature","properties":{"building":"yes","height":6,"heightSource":"default"},"geometry":{"type":"MultiPolygon","coordinates":[[[[205852.88,1680124.95],[205842.25,1680130.3],[205837.99,1680121.94],[205848.62,1680116.59],[205852.88,1680124.95]]]]}},{"type":"Feature","properties":{"building":"yes","height":6,"heightSource":"default"},"geometry":{"type":"MultiPolygon","coordinates":[[[[205818.81,1680130.69],[205820.3,1680141.69],[205805.55,1680143.67],[205804.06,1680132.68],[205818.81,1680130.69]]]]}},{"type":"Feature","properties":{"building":"yes","height":6,"heightSource":"default"},"geometry":{"type":"MultiPolygon","coordinates":[[[[205818.2,1680127.7],[205805.84,1680131.79],[205804.11,1680126.61],[205816.46,1680122.52],[205818.2,1680127.7]]]]}},{"type":"Feature","properties":{"building":"yes","height":6,"heightSource":"default"},"geometry":{"type":"MultiPolygon","coordinates":[[[[205794.35,1680145.1],[205794.75,1680153.86],[205785.82,1680154.26],[205785.43,1680145.5],[205794.35,1680145.1]]]]}},{"type":"Feature","properties":{"building":"yes","height":6,"heightSource":"default"},"geometry":{"type":"MultiPolygon","coordinates":[[[[205795.3,1680143.91],[205782.2,1680144.37],[205781.87,1680134.92],[205794.96,1680134.47],[205795.3,1680143.91]]]]}},{"type":"Feature","properties":{"building":"yes","height":6,"heightSource":"default"},"geometry":{"type":"MultiPolygon","coordinates":[[[[205890.09,1679999.65],[205889.36,1680008.75],[205882.6,1680008.22],[205883.33,1679999.11],[205890.09,1679999.65]]]]}},{"type":"Feature","properties":{"building":"yes","height":6,"heightSource":"default"},"geometry":{"type":"MultiPolygon","coordinates":[[[[205866.92,1680002.13],[205867.77,1679993.03],[205881.31,1679994.29],[205879.95,1680008.76],[205870.13,1680007.85],[205870.63,1680002.47],[205866.92,1680002.13]]]]}},{"type":"Feature","properties":{"building":"yes","height":6,"heightSource":"default"},"geometry":{"type":"MultiPolygon","coordinates":[[[[205866.49,1679976.88],[205861.61,1679974.54],[205864.72,1679968.17],[205869.6,1679970.52],[205866.49,1679976.88]]]]}},{"type":"Feature","properties":{"building":"yes","height":6,"heightSource":"default"},"geometry":{"type":"MultiPolygon","coordinates":[[[[205896.53,1679947.94],[205897.35,1679943.51],[205902.47,1679944.45],[205901.64,1679948.88],[205896.53,1679947.94]]]]}},{"type":"Feature","properties":{"building":"yes","height":6,"heightSource":"default"},"geometry":{"type":"MultiPolygon","coordinates":[[[[205844.88,1679933.69],[205843.64,1679937.59],[205847.04,1679938.65],[205844.99,1679945.15],[205836.72,1679942.57],[205835.76,1679945.59],[205826.61,1679942.73],[205831.75,1679926.46],[205840.55,1679929.21],[205839.64,1679932.06],[205844.88,1679933.69]]]]}},{"type":"Feature","properties":{"building":"yes","height":6,"heightSource":"default"},"geometry":{"type":"MultiPolygon","coordinates":[[[[205864.69,1679948.96],[205877.7,1679947.91],[205878.68,1679960.04],[205865.67,1679961.09],[205864.69,1679948.96]]]]}},{"type":"Feature","properties":{"building":"yes","height":6,"heightSource":"default"},"geometry":{"type":"MultiPolygon","coordinates":[[[[205886.07,1679953.52],[205899.08,1679952.47],[205900.06,1679964.6],[205887.05,1679965.65],[205886.07,1679953.52]]]]}},{"type":"Feature","properties":{"building":"yes","height":6,"heightSource":"default"},"geometry":{"type":"MultiPolygon","coordinates":[[[[205826.61,1679930.13],[205824.98,1679935.32],[205821.74,1679934.31],[205820.01,1679939.77],[205811.74,1679937.2],[205815.11,1679926.55],[205826.61,1679930.13]]]]}},{"type":"Feature","properties":{"building":"yes","height":6,"heightSource":"default"},"geometry":{"type":"MultiPolygon","coordinates":[[[[205804.11,1679895.83],[205806.88,1679891.22],[205813.62,1679895.25],[205810.83,1679899.85],[205804.11,1679895.83]]]]}},{"type":"Feature","properties":{"building":"yes","height":6,"heightSource":"default"},"geometry":{"type":"MultiPolygon","coordinates":[[[[205816.24,1679875.87],[205822.62,1679866.21],[205831.82,1679872.21],[205825.45,1679881.87],[205816.24,1679875.87]]]]}},{"type":"Feature","properties":{"building":"yes","height":6,"heightSource":"default"},"geometry":{"type":"MultiPolygon","coordinates":[[[[205778.29,1679890.52],[205780.38,1679882.8],[205790.3,1679885.44],[205788.21,1679893.17],[205778.29,1679890.52]]]]}},{"type":"Feature","properties":{"building":"yes","height":6,"heightSource":"default"},"geometry":{"type":"MultiPolygon","coordinates":[[[[205770.37,1679893.61],[205770.58,1679882.44],[205777.02,1679882.56],[205776.82,1679893.73],[205770.37,1679893.61]]]]}},{"type":"Feature","properties":{"building":"yes","height":6,"heightSource":"default"},"geometry":{"type":"MultiPolygon","coordinates":[[[[205812.58,1679920.4],[205805.8,1679919.48],[205806.84,1679911.89],[205813.63,1679912.81],[205812.58,1679920.4]]]]}},{"type":"Feature","properties":{"building":"yes","height":6,"heightSource":"default"},"geometry":{"type":"MultiPolygon","coordinates":[[[[205766.84,1679917.97],[205766.33,1679908.82],[205760.58,1679909.13],[205760.13,1679901.12],[205777.11,1679900.2],[205777.91,1679914.61],[205771.58,1679914.95],[205771.73,1679917.7],[205766.84,1679917.97]]]]}},{"type":"Feature","properties":{"building":"yes","height":6,"heightSource":"default"},"geometry":{"type":"MultiPolygon","coordinates":[[[[205749.99,1679887],[205757.74,1679887.47],[205757,1679899.45],[205749.26,1679898.99],[205749.99,1679887]]]]}},{"type":"Feature","properties":{"building":"yes","height":6,"heightSource":"default"},"geometry":{"type":"MultiPolygon","coordinates":[[[[205782.61,1679849.99],[205775.79,1679849.27],[205776.6,1679841.63],[205783.43,1679842.35],[205782.61,1679849.99]]]]}},{"type":"Feature","properties":{"building":"yes","height":6,"heightSource":"default"},"geometry":{"type":"MultiPolygon","coordinates":[[[[206018.1,1679661.51],[206017.91,1679670.68],[206007.54,1679670.48],[206007.73,1679661.31],[206018.1,1679661.51]]]]}},{"type":"Feature","properties":{"building":"yes","height":6,"heightSource":"default"},"geometry":{"type":"MultiPolygon","coordinates":[[[[206067.29,1679703.88],[206067.1,1679713.05],[206056.72,1679712.85],[206056.91,1679703.68],[206067.29,1679703.88]]]]}},{"type":"Feature","properties":{"building":"yes","height":6,"heightSource":"default"},"geometry":{"type":"MultiPolygon","coordinates":[[[[205933.56,1679570.03],[205933.49,1679581.08],[205921.96,1679581.02],[205922.02,1679569.96],[205933.56,1679570.03]]]]}},{"type":"Feature","properties":{"building":"yes","height":6,"heightSource":"default"},"geometry":{"type":"MultiPolygon","coordinates":[[[[205936.61,1679622.16],[205930.2,1679617.11],[205937.65,1679607.77],[205944.59,1679613.23],[205940.48,1679618.39],[205950.3,1679626.13],[205940.85,1679637.97],[205930.5,1679629.83],[205936.61,1679622.16]]]]}},{"type":"Feature","properties":{"building":"yes","height":6,"heightSource":"default"},"geometry":{"type":"MultiPolygon","coordinates":[[[[205943.71,1679644.86],[205952.94,1679629.33],[205967.38,1679637.78],[205958.16,1679653.31],[205943.71,1679644.86]]]]}},{"type":"Feature","properties":{"building":"yes","height":6,"heightSource":"default"},"geometry":{"type":"MultiPolygon","coordinates":[[[[205878.41,1679611.26],[205877.06,1679615.71],[205869.96,1679613.57],[205871.31,1679609.12],[205878.41,1679611.26]]]]}},{"type":"Feature","properties":{"building":"yes","height":6,"heightSource":"default"},"geometry":{"type":"MultiPolygon","coordinates":[[[[205873.14,1679629.34],[205866.52,1679626.99],[205868.66,1679621.07],[205875.28,1679623.42],[205873.14,1679629.34]]]]}},{"type":"Feature","properties":{"building":"yes","height":6,"heightSource":"default"},"geometry":{"type":"MultiPolygon","coordinates":[[[[205871.28,1679643.27],[205877.3,1679636.04],[205886.61,1679643.7],[205880.58,1679650.94],[205871.28,1679643.27]]]]}},{"type":"Feature","properties":{"building":"yes","height":6,"heightSource":"default"},"geometry":{"type":"MultiPolygon","coordinates":[[[[205849.98,1679639.45],[205843.37,1679637.1],[205845.51,1679631.18],[205852.12,1679633.54],[205849.98,1679639.45]]]]}},{"type":"Feature","properties":{"building":"yes","height":6,"heightSource":"default"},"geometry":{"type":"MultiPolygon","coordinates":[[[[205854.26,1679628.06],[205847.64,1679625.7],[205849.79,1679619.78],[205856.4,1679622.14],[205854.26,1679628.06]]]]}},{"type":"Feature","properties":{"building":"yes","height":6,"heightSource":"default"},"geometry":{"type":"MultiPolygon","coordinates":[[[[205843.28,1679595.03],[205852.5,1679579.5],[205866.94,1679587.97],[205857.72,1679603.5],[205843.28,1679595.03]]]]}},{"type":"Feature","properties":{"building":"yes","height":6,"heightSource":"default"},"geometry":{"type":"MultiPolygon","coordinates":[[[[205864.42,1679567.34],[205863,1679574.67],[205854.51,1679573.03],[205855.94,1679565.71],[205864.42,1679567.34]]]]}},{"type":"Feature","properties":{"building":"yes","height":6,"heightSource":"default"},"geometry":{"type":"MultiPolygon","coordinates":[[[[205814.51,1679552.82],[205813.09,1679560.14],[205804.61,1679558.52],[205806.04,1679551.2],[205814.51,1679552.82]]]]}},{"type":"Feature","properties":{"building":"yes","height":6,"heightSource":"default"},"geometry":{"type":"MultiPolygon","coordinates":[[[[205843.72,1679648.63],[205841.29,1679656.64],[205832.44,1679653.99],[205836.25,1679641.43],[205844.42,1679643.87],[205843.04,1679648.42],[205843.72,1679648.63]]]]}},{"type":"Feature","properties":{"building":"yes","height":6,"heightSource":"default"},"geometry":{"type":"MultiPolygon","coordinates":[[[[205806.26,1679698.02],[205804.02,1679706.28],[205796.25,1679704.2],[205798.49,1679695.94],[205806.26,1679698.02]]]]}},{"type":"Feature","properties":{"building":"yes","height":6,"heightSource":"default"},"geometry":{"type":"MultiPolygon","coordinates":[[[[205818.88,1679720.82],[205816.64,1679729.08],[205808.87,1679727],[205811.12,1679718.75],[205818.88,1679720.82]]]]}},{"type":"Feature","properties":{"building":"yes","height":6,"heightSource":"default"},"geometry":{"type":"MultiPolygon","coordinates":[[[[205914.27,1679695.89],[205917.43,1679704.54],[205910.5,1679707.03],[205907.36,1679698.37],[205914.27,1679695.89]]]]}},{"type":"Feature","properties":{"building":"yes","height":6,"heightSource":"default"},"geometry":{"type":"MultiPolygon","coordinates":[[[[205926.2,1679699.8],[205930.87,1679698.75],[205932.18,1679704.49],[205927.5,1679705.54],[205926.2,1679699.8]]]]}},{"type":"Feature","properties":{"building":"yes","height":6,"heightSource":"default"},"geometry":{"type":"MultiPolygon","coordinates":[[[[205919.53,1679718.32],[205922.67,1679726.99],[205915.76,1679729.46],[205912.61,1679720.81],[205919.53,1679718.32]]]]}},{"type":"Feature","properties":{"building":"yes","height":6,"heightSource":"default"},"geometry":{"type":"MultiPolygon","coordinates":[[[[205942.2,1679708.25],[205945.34,1679716.91],[205938.42,1679719.39],[205935.28,1679710.73],[205942.2,1679708.25]]]]}},{"type":"Feature","properties":{"building":"yes","height":6,"heightSource":"default"},"geometry":{"type":"MultiPolygon","coordinates":[[[[205895.12,1679525.83],[205900.58,1679525.43],[205900.88,1679529.59],[205895.43,1679529.99],[205895.12,1679525.83]]]]}},{"type":"Feature","properties":{"building":"yes","height":6,"heightSource":"default"},"geometry":{"type":"MultiPolygon","coordinates":[[[[205912.36,1679524.53],[205917.81,1679524.13],[205918.11,1679528.29],[205912.67,1679528.69],[205912.36,1679524.53]]]]}},{"type":"Feature","properties":{"building":"yes","height":6,"heightSource":"default"},"geometry":{"type":"MultiPolygon","coordinates":[[[[205948.42,1679527.72],[205953.88,1679527.33],[205954.18,1679531.49],[205948.73,1679531.89],[205948.42,1679527.72]]]]}},{"type":"Feature","properties":{"building":"yes","height":6,"heightSource":"default"},"geometry":{"type":"MultiPolygon","coordinates":[[[[205911.92,1679500],[205917.51,1679499.57],[205918.32,1679510.13],[205912.73,1679510.55],[205911.92,1679500]]]]}},{"type":"Feature","properties":{"building":"yes","height":6,"heightSource":"default"},"geometry":{"type":"MultiPolygon","coordinates":[[[[205900.76,1679501.31],[205906.34,1679500.9],[205907.15,1679511.44],[205901.57,1679511.86],[205900.76,1679501.31]]]]}},{"type":"Feature","properties":{"building":"yes","height":6,"heightSource":"default"},"geometry":{"type":"MultiPolygon","coordinates":[[[[205936.19,1679464.63],[205931.3,1679464.94],[205930.89,1679458.37],[205935.77,1679458.06],[205936.19,1679464.63]]]]}},{"type":"Feature","properties":{"building":"yes","height":6,"heightSource":"default"},"geometry":{"type":"MultiPolygon","coordinates":[[[[205905.89,1679478.23],[205901,1679478.53],[205900.59,1679471.97],[205905.48,1679471.66],[205905.89,1679478.23]]]]}},{"type":"Feature","properties":{"building":"yes","height":6,"heightSource":"default"},"geometry":{"type":"MultiPolygon","coordinates":[[[[205901.82,1679458.84],[205896.93,1679459.15],[205896.53,1679452.57],[205901.42,1679452.27],[205901.82,1679458.84]]]]}},{"type":"Feature","properties":{"building":"yes","height":6,"heightSource":"default"},"geometry":{"type":"MultiPolygon","coordinates":[[[[205886.77,1679466.05],[205881.88,1679466.35],[205881.47,1679459.78],[205886.35,1679459.48],[205886.77,1679466.05]]]]}},{"type":"Feature","properties":{"building":"yes","height":6,"heightSource":"default"},"geometry":{"type":"MultiPolygon","coordinates":[[[[205846.16,1679499.58],[205841.27,1679499.88],[205840.86,1679493.31],[205845.75,1679493.01],[205846.16,1679499.58]]]]}},{"type":"Feature","properties":{"building":"yes","height":6,"heightSource":"default"},"geometry":{"type":"MultiPolygon","coordinates":[[[[205845.56,1679486.87],[205840.67,1679487.18],[205840.26,1679480.61],[205845.15,1679480.3],[205845.56,1679486.87]]]]}},{"type":"Feature","properties":{"building":"yes","height":6,"heightSource":"default"},"geometry":{"type":"MultiPolygon","coordinates":[[[[205846.32,1679477.22],[205841.43,1679477.52],[205841.02,1679470.95],[205845.91,1679470.65],[205846.32,1679477.22]]]]}},{"type":"Feature","properties":{"building":"yes","height":6,"heightSource":"default"},"geometry":{"type":"MultiPolygon","coordinates":[[[[205694.41,1679450.2],[205689.52,1679450.49],[205689.11,1679443.93],[205694,1679443.63],[205694.41,1679450.2]]]]}},{"type":"Feature","properties":{"building":"yes","height":6,"heightSource":"default"},"geometry":{"type":"MultiPolygon","coordinates":[[[[205695.21,1679439.65],[205690.32,1679439.95],[205689.9,1679433.38],[205694.79,1679433.07],[205695.21,1679439.65]]]]}},{"type":"Feature","properties":{"building":"yes","height":6,"heightSource":"default"},"geometry":{"type":"MultiPolygon","coordinates":[[[[205697.94,1679419.24],[205693.05,1679419.54],[205692.65,1679412.97],[205697.52,1679412.66],[205697.94,1679419.24]]]]}},{"type":"Feature","properties":{"building":"yes","height":6,"heightSource":"default"},"geometry":{"type":"MultiPolygon","coordinates":[[[[205662.41,1679435.37],[205659.88,1679444.07],[205644.23,1679439.59],[205646.74,1679430.88],[205662.41,1679435.37]]]]}},{"type":"Feature","properties":{"building":"yes","height":6,"heightSource":"default"},"geometry":{"type":"MultiPolygon","coordinates":[[[[205648.58,1679428.78],[205649.68,1679423.28],[205660.05,1679425.33],[205658.95,1679430.83],[205648.58,1679428.78]]]]}},{"type":"Feature","properties":{"building":"yes","height":6,"heightSource":"default"},"geometry":{"type":"MultiPolygon","coordinates":[[[[205643.62,1679470.4],[205644.84,1679459.37],[205650.82,1679460.03],[205649.58,1679471.06],[205643.62,1679470.4]]]]}},{"type":"Feature","properties":{"building":"yes","height":6,"heightSource":"default"},"geometry":{"type":"MultiPolygon","coordinates":[[[[205685.41,1679474.25],[205685.09,1679479.67],[205678.78,1679479.31],[205679.08,1679473.89],[205685.41,1679474.25]]]]}},{"type":"Feature","properties":{"building":"yes","height":6,"heightSource":"default"},"geometry":{"type":"MultiPolygon","coordinates":[[[[205615.25,1679442.51],[205636.78,1679449.5],[205631.72,1679464.88],[205610.18,1679457.89],[205615.25,1679442.51]]]]}},{"type":"Feature","properties":{"building":"yes","height":6,"heightSource":"default"},"geometry":{"type":"MultiPolygon","coordinates":[[[[205682.28,1679515.44],[205689.2,1679515.26],[205689.64,1679531.59],[205682.71,1679531.78],[205682.28,1679515.44]]]]}},{"type":"Feature","properties":{"building":"yes","height":6,"heightSource":"default"},"geometry":{"type":"MultiPolygon","coordinates":[[[[205673.4,1679564.95],[205674.4,1679553.76],[205681.26,1679554.37],[205680.25,1679565.55],[205673.4,1679564.95]]]]}},{"type":"Feature","properties":{"building":"yes","height":6,"heightSource":"default"},"geometry":{"type":"MultiPolygon","coordinates":[[[[205682.02,1679533.92],[205688.93,1679533.74],[205689.37,1679550.08],[205682.45,1679550.25],[205682.02,1679533.92]]]]}},{"type":"Feature","properties":{"building":"yes","height":6,"heightSource":"default"},"geometry":{"type":"MultiPolygon","coordinates":[[[[205677.92,1679541.39],[205677.22,1679546.45],[205663.38,1679544.55],[205666.56,1679521.54],[205675.32,1679522.73],[205672.83,1679540.7],[205677.92,1679541.39]]]]}},{"type":"Feature","properties":{"building":"yes","height":6,"heightSource":"default"},"geometry":{"type":"MultiPolygon","coordinates":[[[[205641.51,1679512.31],[205641.2,1679517.73],[205634.88,1679517.36],[205635.19,1679511.94],[205641.51,1679512.31]]]]}},{"type":"Feature","properties":{"building":"yes","height":6,"heightSource":"default"},"geometry":{"type":"MultiPolygon","coordinates":[[[[205639.9,1679523.69],[205639.59,1679529.11],[205633.27,1679528.75],[205633.58,1679523.32],[205639.9,1679523.69]]]]}},{"type":"Feature","properties":{"building":"yes","height":6,"heightSource":"default"},"geometry":{"type":"MultiPolygon","coordinates":[[[[205640.37,1679531.61],[205640.06,1679537.03],[205633.73,1679536.67],[205634.05,1679531.25],[205640.37,1679531.61]]]]}},{"type":"Feature","properties":{"building":"yes","height":6,"heightSource":"default"},"geometry":{"type":"MultiPolygon","coordinates":[[[[205571.61,1679555.36],[205574.34,1679544.82],[205586.9,1679548.03],[205584.17,1679558.57],[205571.61,1679555.36]]]]}},{"type":"Feature","properties":{"building":"yes","height":6,"heightSource":"default"},"geometry":{"type":"MultiPolygon","coordinates":[[[[205548.95,1679601.76],[205558.2,1679613.88],[205551.73,1679618.76],[205542.48,1679606.64],[205548.95,1679601.76]]]]}},{"type":"Feature","properties":{"building":"yes","height":6,"heightSource":"default"},"geometry":{"type":"MultiPolygon","coordinates":[[[[205645.19,1679557.97],[205654.44,1679570.09],[205647.97,1679574.97],[205638.72,1679562.85],[205645.19,1679557.97]]]]}},{"type":"Feature","properties":{"building":"yes","height":6,"heightSource":"default"},"geometry":{"type":"MultiPolygon","coordinates":[[[[205651,1679593.13],[205652,1679581.95],[205658.86,1679582.56],[205657.86,1679593.73],[205651,1679593.13]]]]}},{"type":"Feature","properties":{"building":"yes","height":6,"heightSource":"default"},"geometry":{"type":"MultiPolygon","coordinates":[[[[205695.39,1679556.5],[205695.07,1679561.92],[205688.75,1679561.56],[205689.07,1679556.14],[205695.39,1679556.5]]]]}},{"type":"Feature","properties":{"building":"yes","height":6,"heightSource":"default"},"geometry":{"type":"MultiPolygon","coordinates":[[[[205702.49,1679524.84],[205702.18,1679530.26],[205695.86,1679529.91],[205696.17,1679524.48],[205702.49,1679524.84]]]]}},{"type":"Feature","properties":{"building":"yes","height":6,"heightSource":"default"},"geometry":{"type":"MultiPolygon","coordinates":[[[[205536.37,1679611.26],[205542.6,1679618.82],[205530.56,1679628.62],[205524.33,1679621.04],[205536.37,1679611.26]]]]}},{"type":"Feature","properties":{"building":"yes","height":6,"heightSource":"default"},"geometry":{"type":"MultiPolygon","coordinates":[[[[205543.78,1679619.23],[205550,1679626.8],[205537.96,1679636.58],[205531.74,1679629.02],[205543.78,1679619.23]]]]}},{"type":"Feature","properties":{"building":"yes","height":6,"heightSource":"default"},"geometry":{"type":"MultiPolygon","coordinates":[[[[205553.3,1679630.21],[205559.53,1679637.78],[205547.49,1679647.56],[205541.26,1679640],[205553.3,1679630.21]]]]}},{"type":"Feature","properties":{"building":"yes","height":6,"heightSource":"default"},"geometry":{"type":"MultiPolygon","coordinates":[[[[205570.62,1679633.37],[205560.8,1679638.46],[205556.76,1679630.73],[205566.58,1679625.66],[205570.62,1679633.37]]]]}},{"type":"Feature","properties":{"building":"yes","height":6,"heightSource":"default"},"geometry":{"type":"MultiPolygon","coordinates":[[[[205567.3,1679652.69],[205563.28,1679644.93],[205573.95,1679639.49],[205577.96,1679647.26],[205567.3,1679652.69]]]]}},{"type":"Feature","properties":{"building":"yes","height":6,"heightSource":"default"},"geometry":{"type":"MultiPolygon","coordinates":[[[[205596.41,1679652.87],[205589.21,1679659.52],[205583.2,1679653.08],[205590.39,1679646.44],[205596.41,1679652.87]]]]}},{"type":"Feature","properties":{"building":"yes","height":6,"heightSource":"default"},"geometry":{"type":"MultiPolygon","coordinates":[[[[205611.64,1679647.37],[205613.5,1679643.37],[205619.89,1679646.29],[205618.04,1679650.29],[205611.64,1679647.37]]]]}},{"type":"Feature","properties":{"building":"yes","height":6,"heightSource":"default"},"geometry":{"type":"MultiPolygon","coordinates":[[[[205736.5,1679685.03],[205718.5,1679684.77],[205718.63,1679676.57],[205736.62,1679676.83],[205736.5,1679685.03]]]]}},{"type":"Feature","properties":{"building":"yes","height":6,"heightSource":"default"},"geometry":{"type":"MultiPolygon","coordinates":[[[[205692.7,1679741.08],[205690.46,1679749.34],[205682.69,1679747.27],[205684.93,1679739.01],[205692.7,1679741.08]]]]}},{"type":"Feature","properties":{"building":"yes","height":6,"heightSource":"default"},"geometry":{"type":"MultiPolygon","coordinates":[[[[205695.8,1679755.13],[205693.56,1679763.38],[205685.79,1679761.31],[205688.03,1679753.06],[205695.8,1679755.13]]]]}},{"type":"Feature","properties":{"building":"yes","height":6,"heightSource":"default"},"geometry":{"type":"MultiPolygon","coordinates":[[[[205695.74,1679767.94],[205693.5,1679776.2],[205685.73,1679774.12],[205687.97,1679765.87],[205695.74,1679767.94]]]]}},{"type":"Feature","properties":{"building":"yes","height":6,"heightSource":"default"},"geometry":{"type":"MultiPolygon","coordinates":[[[[205680.38,1679806.69],[205678.14,1679814.95],[205670.37,1679812.87],[205672.61,1679804.62],[205680.38,1679806.69]]]]}},{"type":"Feature","properties":{"building":"yes","height":6,"heightSource":"default"},"geometry":{"type":"MultiPolygon","coordinates":[[[[205688.2,1679828.18],[205685.96,1679836.43],[205678.19,1679834.36],[205680.43,1679826.1],[205688.2,1679828.18]]]]}},{"type":"Feature","properties":{"building":"yes","height":6,"heightSource":"default"},"geometry":{"type":"MultiPolygon","coordinates":[[[[205722.95,1679840.33],[205724.1,1679847.33],[205732.27,1679845.98],[205733.93,1679856.05],[205715.92,1679859],[205713.1,1679841.95],[205722.95,1679840.33]]]]}},{"type":"Feature","properties":{"building":"yes","height":6,"heightSource":"default"},"geometry":{"type":"MultiPolygon","coordinates":[[[[205736.24,1679876.44],[205726.73,1679876.67],[205726.4,1679863.21],[205735.91,1679862.97],[205736.24,1679876.44]]]]}},{"type":"Feature","properties":{"building":"yes","height":6,"heightSource":"default"},"geometry":{"type":"MultiPolygon","coordinates":[[[[205724.66,1679875.9],[205717.46,1679876.19],[205716.96,1679863.88],[205724.16,1679863.59],[205724.66,1679875.9]]]]}},{"type":"Feature","properties":{"building":"yes","height":6,"heightSource":"default"},"geometry":{"type":"MultiPolygon","coordinates":[[[[205704.99,1679867.85],[205710.69,1679867.19],[205711.32,1679872.58],[205705.63,1679873.24],[205704.99,1679867.85]]]]}},{"type":"Feature","properties":{"building":"yes","height":6,"heightSource":"default"},"geometry":{"type":"MultiPolygon","coordinates":[[[[205715.39,1679891.95],[205715.36,1679883.35],[205713.63,1679883.36],[205713.61,1679879.62],[205730.62,1679879.56],[205730.67,1679891.88],[205715.39,1679891.95]]]]}},{"type":"Feature","properties":{"building":"yes","height":6,"heightSource":"default"},"geometry":{"type":"MultiPolygon","coordinates":[[[[205725.23,1679901.81],[205718.45,1679900.88],[205719.49,1679893.3],[205726.28,1679894.23],[205725.23,1679901.81]]]]}},{"type":"Feature","properties":{"building":"yes","height":6,"heightSource":"default"},"geometry":{"type":"MultiPolygon","coordinates":[[[[205712.11,1679903.81],[205705.33,1679902.88],[205706.38,1679895.3],[205713.15,1679896.22],[205712.11,1679903.81]]]]}},{"type":"Feature","properties":{"building":"yes","height":6,"heightSource":"default"},"geometry":{"type":"MultiPolygon","coordinates":[[[[205697.62,1679894.52],[205697.32,1679903.96],[205686.48,1679903.62],[205686.78,1679894.18],[205697.62,1679894.52]]]]}},{"type":"Feature","properties":{"building":"yes","height":6,"heightSource":"default"},"geometry":{"type":"MultiPolygon","coordinates":[[[[205688.71,1679890.92],[205688.99,1679881.01],[205705.22,1679881.47],[205704.94,1679891.38],[205688.71,1679890.92]]]]}},{"type":"Feature","properties":{"building":"yes","height":6,"heightSource":"default"},"geometry":{"type":"MultiPolygon","coordinates":[[[[205669.02,1679886.77],[205672.77,1679886.68],[205672.9,1679892.13],[205669.16,1679892.22],[205669.02,1679886.77]]]]}},{"type":"Feature","properties":{"building":"yes","height":6,"heightSource":"default"},"geometry":{"type":"MultiPolygon","coordinates":[[[[205658.68,1679886.07],[205662.43,1679885.98],[205662.56,1679891.43],[205658.82,1679891.52],[205658.68,1679886.07]]]]}},{"type":"Feature","properties":{"building":"yes","height":6,"heightSource":"default"},"geometry":{"type":"MultiPolygon","coordinates":[[[[205648.9,1679884.89],[205652.66,1679884.8],[205652.79,1679890.24],[205649.04,1679890.33],[205648.9,1679884.89]]]]}},{"type":"Feature","properties":{"building":"yes","height":6,"heightSource":"default"},"geometry":{"type":"MultiPolygon","coordinates":[[[[205653.71,1679864.41],[205657.47,1679864.32],[205657.6,1679869.76],[205653.86,1679869.85],[205653.71,1679864.41]]]]}},{"type":"Feature","properties":{"building":"yes","height":6,"heightSource":"default"},"geometry":{"type":"MultiPolygon","coordinates":[[[[205662.94,1679866.25],[205666.68,1679866.16],[205666.82,1679871.61],[205663.07,1679871.7],[205662.94,1679866.25]]]]}},{"type":"Feature","properties":{"building":"yes","height":6,"heightSource":"default"},"geometry":{"type":"MultiPolygon","coordinates":[[[[205673.11,1679868.93],[205676.86,1679868.83],[205676.99,1679874.27],[205673.24,1679874.36],[205673.11,1679868.93]]]]}},{"type":"Feature","properties":{"building":"yes","height":6,"heightSource":"default"},"geometry":{"type":"MultiPolygon","coordinates":[[[[205622.89,1679871.85],[205625,1679864.76],[205645.71,1679870.84],[205643.59,1679877.93],[205622.89,1679871.85]]]]}},{"type":"Feature","properties":{"building":"yes","height":6,"heightSource":"default"},"geometry":{"type":"MultiPolygon","coordinates":[[[[205642.54,1679844.41],[205644.61,1679838.24],[205659.85,1679843.32],[205657.76,1679849.47],[205642.54,1679844.41]]]]}},{"type":"Feature","properties":{"building":"yes","height":6,"heightSource":"default"},"geometry":{"type":"MultiPolygon","coordinates":[[[[205632,1679827.2],[205642.08,1679829.31],[205640.94,1679834.68],[205630.85,1679832.57],[205632,1679827.2]]]]}},{"type":"Feature","properties":{"building":"yes","height":6,"heightSource":"default"},"geometry":{"type":"MultiPolygon","coordinates":[[[[205646.29,1679831.69],[205656.38,1679833.8],[205655.24,1679839.19],[205645.15,1679837.06],[205646.29,1679831.69]]]]}},{"type":"Feature","properties":{"building":"yes","height":6,"heightSource":"default"},"geometry":{"type":"MultiPolygon","coordinates":[[[[205618.96,1679821.54],[205629.04,1679823.65],[205627.9,1679829.02],[205617.81,1679826.91],[205618.96,1679821.54]]]]}},{"type":"Feature","properties":{"building":"yes","height":6,"heightSource":"default"},"geometry":{"type":"MultiPolygon","coordinates":[[[[205632.34,1679845.7],[205630.2,1679856.02],[205611.71,1679852.23],[205613.85,1679841.92],[205632.34,1679845.7]]]]}},{"type":"Feature","properties":{"building":"yes","height":6,"heightSource":"default"},"geometry":{"type":"MultiPolygon","coordinates":[[[[205618.43,1679872.01],[205590.73,1679863.62],[205593.62,1679854.22],[205621.31,1679862.61],[205618.43,1679872.01]]]]}},{"type":"Feature","properties":{"building":"yes","height":6,"heightSource":"default"},"geometry":{"type":"MultiPolygon","coordinates":[[[[205607.67,1679826.53],[205606.99,1679832.57],[205595.79,1679831.32],[205596.47,1679825.27],[205607.67,1679826.53]]]]}},{"type":"Feature","properties":{"building":"yes","height":6,"heightSource":"default"},"geometry":{"type":"MultiPolygon","coordinates":[[[[205608.7,1679842.22],[205608.01,1679848.25],[205596.81,1679846.99],[205597.5,1679840.96],[205608.7,1679842.22]]]]}},{"type":"Feature","properties":{"building":"yes","height":6,"heightSource":"default"},"geometry":{"type":"MultiPolygon","coordinates":[[[[205586.88,1679872.34],[205610.93,1679877.16],[205609.32,1679885.13],[205611.25,1679885.51],[205609.64,1679893.48],[205606.88,1679892.92],[205602.87,1679912.7],[205579.65,1679908.07],[205586.88,1679872.34]]]]}},{"type":"Feature","properties":{"building":"yes","height":6,"heightSource":"default"},"geometry":{"type":"MultiPolygon","coordinates":[[[[205658.96,1679918.34],[205664.43,1679918.11],[205664.99,1679931.27],[205659.52,1679931.51],[205658.96,1679918.34]]]]}},{"type":"Feature","properties":{"building":"yes","height":6,"heightSource":"default"},"geometry":{"type":"MultiPolygon","coordinates":[[[[205671.59,1679951.46],[205675.33,1679951.37],[205675.46,1679956.82],[205671.72,1679956.91],[205671.59,1679951.46]]]]}},{"type":"Feature","properties":{"building":"yes","height":6,"heightSource":"default"},"geometry":{"type":"MultiPolygon","coordinates":[[[[205717.26,1679964.11],[205721.61,1679964.67],[205720.84,1679970.58],[205716.48,1679970.01],[205717.26,1679964.11]]]]}},{"type":"Feature","properties":{"building":"yes","height":6,"heightSource":"default"},"geometry":{"type":"MultiPolygon","coordinates":[[[[205643.36,1679954.15],[205647.11,1679954.06],[205647.25,1679959.5],[205643.5,1679959.59],[205643.36,1679954.15]]]]}},{"type":"Feature","properties":{"building":"yes","height":6,"heightSource":"default"},"geometry":{"type":"MultiPolygon","coordinates":[[[[205644.91,1679971.74],[205645.39,1679991.33],[205635.19,1679991.58],[205634.7,1679972],[205644.91,1679971.74]]]]}},{"type":"Feature","properties":{"building":"yes","height":6,"heightSource":"default"},"geometry":{"type":"MultiPolygon","coordinates":[[[[205631.01,1679989.42],[205616.59,1679989.48],[205616.54,1679975.43],[205630.96,1679975.38],[205631.01,1679989.42]]]]}},{"type":"Feature","properties":{"building":"yes","height":6,"heightSource":"default"},"geometry":{"type":"MultiPolygon","coordinates":[[[[205637.94,1680002.69],[205647.44,1680001.28],[205649.71,1680016.34],[205640.21,1680017.75],[205637.94,1680002.69]]]]}},{"type":"Feature","properties":{"building":"yes","height":6,"heightSource":"default"},"geometry":{"type":"MultiPolygon","coordinates":[[[[205687.54,1680009.73],[205695.47,1680008.62],[205696.75,1680017.63],[205688.82,1680018.74],[205687.54,1680009.73]]]]}},{"type":"Feature","properties":{"building":"yes","height":6,"heightSource":"default"},"geometry":{"type":"MultiPolygon","coordinates":[[[[205662.09,1680006.58],[205670.02,1680005.47],[205671.3,1680014.47],[205663.37,1680015.58],[205662.09,1680006.58]]]]}},{"type":"Feature","properties":{"building":"yes","height":6,"heightSource":"default"},"geometry":{"type":"MultiPolygon","coordinates":[[[[205683.36,1679996.81],[205691.3,1679995.69],[205692.57,1680004.7],[205684.64,1680005.8],[205683.36,1679996.81]]]]}},{"type":"Feature","properties":{"building":"yes","height":6,"heightSource":"default"},"geometry":{"type":"MultiPolygon","coordinates":[[[[205669,1680026.54],[205676.94,1680025.43],[205678.21,1680034.43],[205670.28,1680035.55],[205669,1680026.54]]]]}},{"type":"Feature","properties":{"building":"yes","height":6,"heightSource":"default"},"geometry":{"type":"MultiPolygon","coordinates":[[[[205669.14,1680048.81],[205660.35,1680049.35],[205659.72,1680039.36],[205668.51,1680038.8],[205669.14,1680048.81]]]]}},{"type":"Feature","properties":{"building":"yes","height":6,"heightSource":"default"},"geometry":{"type":"MultiPolygon","coordinates":[[[[205692.15,1680053.98],[205675.42,1680057.87],[205673.04,1680047.79],[205689.77,1680043.9],[205692.15,1680053.98]]]]}},{"type":"Feature","properties":{"building":"yes","height":6,"heightSource":"default"},"geometry":{"type":"MultiPolygon","coordinates":[[[[205699.19,1680036.89],[205707.83,1680037.14],[205707.48,1680049.35],[205698.84,1680049.1],[205699.19,1680036.89]]]]}},{"type":"Feature","properties":{"building":"yes","height":6,"heightSource":"default"},"geometry":{"type":"MultiPolygon","coordinates":[[[[205689.58,1680020.5],[205697.5,1680019.38],[205698.78,1680028.39],[205690.85,1680029.51],[205689.58,1680020.5]]]]}},{"type":"Feature","properties":{"building":"yes","height":6,"heightSource":"default"},"geometry":{"type":"MultiPolygon","coordinates":[[[[205715.02,1680009.79],[205714.38,1680005.46],[205726.83,1680003.68],[205728.36,1680014.19],[205712.8,1680016.42],[205711.9,1680010.23],[205715.02,1680009.79]]]]}},{"type":"Feature","properties":{"building":"yes","height":6,"heightSource":"default"},"geometry":{"type":"MultiPolygon","coordinates":[[[[205722.65,1679978.81],[205728.25,1679996.63],[205717.97,1679999.83],[205712.37,1679982],[205722.65,1679978.81]]]]}},{"type":"Feature","properties":{"building":"yes","height":6,"heightSource":"default"},"geometry":{"type":"MultiPolygon","coordinates":[[[[205699.51,1679991.03],[205710.2,1679987.49],[205715,1680001.84],[205704.31,1680005.38],[205699.51,1679991.03]]]]}},{"type":"Feature","properties":{"building":"yes","height":6,"heightSource":"default"},"geometry":{"type":"MultiPolygon","coordinates":[[[[205628.48,1680072.19],[205623.28,1680083.86],[205615.85,1680080.6],[205621.04,1680068.92],[205628.48,1680072.19]]]]}},{"type":"Feature","properties":{"building":"yes","height":6,"heightSource":"default"},"geometry":{"type":"MultiPolygon","coordinates":[[[[205660.57,1680067.72],[205657.32,1680082.44],[205643.87,1680079.51],[205647.14,1680064.78],[205660.57,1680067.72]]]]}},{"type":"Feature","properties":{"building":"yes","height":6,"heightSource":"default"},"geometry":{"type":"MultiPolygon","coordinates":[[[[205641.49,1680085.19],[205642.93,1680081.14],[205650.99,1680083.98],[205645.6,1680099.02],[205632.2,1680094.28],[205636.13,1680083.3],[205641.49,1680085.19]]]]}},{"type":"Feature","properties":{"building":"yes","height":6,"heightSource":"default"},"geometry":{"type":"MultiPolygon","coordinates":[[[[205698.55,1680080.65],[205690.87,1680081.6],[205689.7,1680072.27],[205697.39,1680071.32],[205698.55,1680080.65]]]]}},{"type":"Feature","properties":{"building":"yes","height":6,"heightSource":"default"},"geometry":{"type":"MultiPolygon","coordinates":[[[[205709.85,1680091.01],[205702.17,1680091.96],[205701,1680082.62],[205708.69,1680081.68],[205709.85,1680091.01]]]]}},{"type":"Feature","properties":{"building":"yes","height":6,"heightSource":"default"},"geometry":{"type":"MultiPolygon","coordinates":[[[[205745.53,1680033.1],[205741.31,1680013.6],[205754.86,1680010.7],[205756.75,1680019.49],[205752.61,1680020.38],[205753.68,1680025.32],[205758.39,1680024.32],[205759.63,1680030.09],[205745.53,1680033.1]]]]}},{"type":"Feature","properties":{"building":"yes","height":6,"heightSource":"default"},"geometry":{"type":"MultiPolygon","coordinates":[[[[205716.06,1680029.57],[205714.22,1680019.75],[205727.91,1680017.22],[205730.89,1680033.14],[205721.95,1680034.8],[205720.8,1680028.69],[205716.06,1680029.57]]]]}},{"type":"Feature","properties":{"building":"yes","height":6,"heightSource":"default"},"geometry":{"type":"MultiPolygon","coordinates":[[[[205759.18,1680035.04],[205765.02,1680047.28],[205758.61,1680050.3],[205752.78,1680038.05],[205759.18,1680035.04]]]]}},{"type":"Feature","properties":{"building":"yes","height":6,"heightSource":"default"},"geometry":{"type":"MultiPolygon","coordinates":[[[[205754.96,1680077.39],[205746.15,1680077.84],[205745.7,1680069.26],[205754.5,1680068.8],[205754.96,1680077.39]]]]}},{"type":"Feature","properties":{"building":"yes","height":6,"heightSource":"default"},"geometry":{"type":"MultiPolygon","coordinates":[[[[205761.26,1680073.42],[205771.92,1680073.54],[205771.81,1680082.42],[205761.14,1680082.3],[205761.26,1680073.42]]]]}},{"type":"Feature","properties":{"building":"yes","height":6,"heightSource":"default"},"geometry":{"type":"MultiPolygon","coordinates":[[[[205789.64,1680069.01],[205791.12,1680078.14],[205782.11,1680079.58],[205780.62,1680070.45],[205789.64,1680069.01]]]]}},{"type":"Feature","properties":{"building":"yes","height":6,"heightSource":"default"},"geometry":{"type":"MultiPolygon","coordinates":[[[[205767.45,1680058.36],[205753.95,1680059.29],[205753.51,1680053.01],[205767.01,1680052.08],[205767.45,1680058.36]]]]}},{"type":"Feature","properties":{"building":"yes","height":6,"heightSource":"default"},"geometry":{"type":"MultiPolygon","coordinates":[[[[205747.12,1680037.21],[205748.03,1680042.8],[205751.97,1680042.18],[205753.07,1680048.89],[205745.47,1680050.11],[205743.46,1680037.8],[205747.12,1680037.21]]]]}},{"type":"Feature","properties":{"building":"yes","height":6,"heightSource":"default"},"geometry":{"type":"MultiPolygon","coordinates":[[[[205743.13,1680043.61],[205746.62,1680054.27],[205729.33,1680059.87],[205725.84,1680049.19],[205743.13,1680043.61]]]]}},{"type":"Feature","properties":{"building":"yes","height":6,"heightSource":"default"},"geometry":{"type":"MultiPolygon","coordinates":[[[[205754.33,1680097.43],[205745.12,1680097.03],[205745.37,1680091.31],[205754.58,1680091.71],[205754.33,1680097.43]]]]}},{"type":"Feature","properties":{"building":"yes","height":6,"heightSource":"default"},"geometry":{"type":"MultiPolygon","coordinates":[[[[205761.67,1680097.73],[205767.26,1680097.83],[205767.12,1680105.96],[205761.53,1680105.86],[205761.67,1680097.73]]]]}},{"type":"Feature","properties":{"building":"yes","height":6,"heightSource":"default"},"geometry":{"type":"MultiPolygon","coordinates":[[[[205713.93,1680053.35],[205724.59,1680053.35],[205724.59,1680060.23],[205722,1680060.24],[205722,1680068.25],[205713.92,1680068.26],[205713.93,1680053.35]]]]}},{"type":"Feature","properties":{"building":"yes","height":6,"heightSource":"default"},"geometry":{"type":"MultiPolygon","coordinates":[[[[205732.3,1679918.34],[205714.42,1679918.88],[205714.06,1679906.85],[205731.93,1679906.3],[205732.3,1679918.34]]]]}},{"type":"Feature","properties":{"building":"yes","height":6,"heightSource":"default"},"geometry":{"type":"MultiPolygon","coordinates":[[[[205736.22,1679933.88],[205736.18,1679924.02],[205745.99,1679923.99],[205746.03,1679933.84],[205736.22,1679933.88]]]]}},{"type":"Feature","properties":{"building":"yes","height":6,"heightSource":"default"},"geometry":{"type":"MultiPolygon","coordinates":[[[[205750.77,1679926.97],[205758.08,1679927.08],[205758,1679932.52],[205750.69,1679932.41],[205750.77,1679926.97]]]]}},{"type":"Feature","properties":{"building":"yes","height":6,"heightSource":"default"},"geometry":{"type":"MultiPolygon","coordinates":[[[[205743.12,1679917.87],[205750.43,1679917.98],[205750.35,1679923.43],[205743.03,1679923.32],[205743.12,1679917.87]]]]}},{"type":"Feature","properties":{"building":"yes","height":6,"heightSource":"default"},"geometry":{"type":"MultiPolygon","coordinates":[[[[205742.58,1679910.42],[205749.89,1679910.53],[205749.81,1679915.98],[205742.5,1679915.87],[205742.58,1679910.42]]]]}},{"type":"Feature","properties":{"building":"yes","height":6,"heightSource":"default"},"geometry":{"type":"MultiPolygon","coordinates":[[[[205686.07,1679942.63],[205681.75,1679942.87],[205681.29,1679934.57],[205698.27,1679933.66],[205698.93,1679945.66],[205686.27,1679946.35],[205686.07,1679942.63]]]]}},{"type":"Feature","properties":{"building":"yes","height":6,"heightSource":"default"},"geometry":{"type":"MultiPolygon","coordinates":[[[[205747.91,1679948.29],[205734.06,1679948.19],[205734.15,1679935.59],[205758.38,1679935.75],[205758.32,1679942.91],[205747.94,1679942.84],[205747.91,1679948.29]]]]}},{"type":"Feature","properties":{"building":"yes","height":6,"heightSource":"default"},"geometry":{"type":"MultiPolygon","coordinates":[[[[205603.18,1679756.54],[205594.69,1679757.76],[205593.38,1679748.76],[205601.88,1679747.55],[205603.18,1679756.54]]]]}},{"type":"Feature","properties":{"building":"yes","height":6,"heightSource":"default"},"geometry":{"type":"MultiPolygon","coordinates":[[[[205577.6,1679767.06],[205577.92,1679773.81],[205566.01,1679774.38],[205565.68,1679767.62],[205577.6,1679767.06]]]]}},{"type":"Feature","properties":{"building":"yes","height":6,"heightSource":"default"},"geometry":{"type":"MultiPolygon","coordinates":[[[[205552.56,1679766.1],[205563.03,1679765.46],[205563.65,1679775.75],[205553.2,1679776.38],[205552.56,1679766.1]]]]}},{"type":"Feature","properties":{"building":"yes","height":6,"heightSource":"default"},"geometry":{"type":"MultiPolygon","coordinates":[[[[205531.23,1679811.11],[205534.31,1679801.08],[205548.08,1679805.26],[205545,1679815.29],[205531.23,1679811.11]]]]}},{"type":"Feature","properties":{"building":"yes","height":6,"heightSource":"default"},"geometry":{"type":"MultiPolygon","coordinates":[[[[205547.06,1679797.42],[205550.14,1679787.39],[205563.91,1679791.57],[205560.83,1679801.6],[205547.06,1679797.42]]]]}},{"type":"Feature","properties":{"building":"yes","height":6,"heightSource":"default"},"geometry":{"type":"MultiPolygon","coordinates":[[[[205495.39,1679786.46],[205497.43,1679781.39],[205509.56,1679786.2],[205507.52,1679791.27],[205495.39,1679786.46]]]]}},{"type":"Feature","properties":{"building":"yes","height":6,"heightSource":"default"},"geometry":{"type":"MultiPolygon","coordinates":[[[[205486.87,1679822.37],[205496.93,1679823.5],[205495.77,1679833.68],[205485.71,1679832.54],[205486.87,1679822.37]]]]}},{"type":"Feature","properties":{"building":"yes","height":6,"heightSource":"default"},"geometry":{"type":"MultiPolygon","coordinates":[[[[205551.84,1679833.7],[205555.48,1679822.15],[205570.92,1679826.95],[205567.28,1679838.49],[205551.84,1679833.7]]]]}},{"type":"Feature","properties":{"building":"yes","height":6,"heightSource":"default"},"geometry":{"type":"MultiPolygon","coordinates":[[[[205557.52,1679821.34],[205559.31,1679811.96],[205572.09,1679814.37],[205570.28,1679823.76],[205557.52,1679821.34]]]]}},{"type":"Feature","properties":{"building":"yes","height":6,"heightSource":"default"},"geometry":{"type":"MultiPolygon","coordinates":[[[[205547.15,1679847.06],[205550.79,1679835.52],[205566.23,1679840.31],[205562.59,1679851.85],[205547.15,1679847.06]]]]}},{"type":"Feature","properties":{"building":"yes","height":6,"heightSource":"default"},"geometry":{"type":"MultiPolygon","coordinates":[[[[205521.71,1679854.4],[205520.08,1679860.66],[205508.66,1679857.72],[205510.31,1679851.45],[205521.71,1679854.4]]]]}},{"type":"Feature","properties":{"building":"yes","height":6,"heightSource":"default"},"geometry":{"type":"MultiPolygon","coordinates":[[[[205534.26,1679851.62],[205555.18,1679857.97],[205552.05,1679868.15],[205531.13,1679861.8],[205534.26,1679851.62]]]]}},{"type":"Feature","properties":{"building":"yes","height":6,"heightSource":"default"},"geometry":{"type":"MultiPolygon","coordinates":[[[[205507.57,1679867.77],[205505.7,1679877.11],[205493.8,1679874.75],[205494.63,1679870.63],[205497.39,1679871.17],[205498.44,1679865.95],[205507.57,1679867.77]]]]}},{"type":"Feature","properties":{"building":"yes","height":6,"heightSource":"default"},"geometry":{"type":"MultiPolygon","coordinates":[[[[205547.15,1679888.33],[205550.78,1679876.79],[205566.22,1679881.59],[205562.58,1679893.13],[205547.15,1679888.33]]]]}},{"type":"Feature","properties":{"building":"yes","height":6,"heightSource":"default"},"geometry":{"type":"MultiPolygon","coordinates":[[[[205468.2,1679926.97],[205469.73,1679920.47],[205475.73,1679921.86],[205474.21,1679928.37],[205468.2,1679926.97]]]]}},{"type":"Feature","properties":{"building":"yes","height":6,"heightSource":"default"},"geometry":{"type":"MultiPolygon","coordinates":[[[[205477.4,1679930.75],[205475.78,1679937.21],[205469.73,1679935.71],[205471.35,1679929.26],[205477.4,1679930.75]]]]}},{"type":"Feature","properties":{"building":"yes","height":6,"heightSource":"default"},"geometry":{"type":"MultiPolygon","coordinates":[[[[205478.3,1679937.94],[205477.06,1679949.54],[205462.25,1679947.97],[205463.49,1679936.38],[205478.3,1679937.94]]]]}},{"type":"Feature","properties":{"building":"yes","height":6,"heightSource":"default"},"geometry":{"type":"MultiPolygon","coordinates":[[[[205476.96,1679953.37],[205476.79,1679959.1],[205469.88,1679958.9],[205470.05,1679953.17],[205476.96,1679953.37]]]]}},{"type":"Feature","properties":{"building":"yes","height":6,"heightSource":"default"},"geometry":{"type":"MultiPolygon","coordinates":[[[[205589.42,1679960.27],[205598.63,1679959.81],[205599.18,1679970.69],[205589.97,1679971.13],[205589.42,1679960.27]]]]}},{"type":"Feature","properties":{"building":"yes","height":6,"heightSource":"default"},"geometry":{"type":"MultiPolygon","coordinates":[[[[205589.82,1679973.49],[205599.03,1679973.04],[205599.58,1679983.91],[205590.37,1679984.37],[205589.82,1679973.49]]]]}},{"type":"Feature","properties":{"building":"yes","height":6,"heightSource":"default"},"geometry":{"type":"MultiPolygon","coordinates":[[[[205591.64,1679987.14],[205600.85,1679986.68],[205601.4,1679997.54],[205592.18,1679998],[205591.64,1679987.14]]]]}},{"type":"Feature","properties":{"building":"yes","height":6,"heightSource":"default"},"geometry":{"type":"MultiPolygon","coordinates":[[[[205592.1,1680000.47],[205591.8,1680011.06],[205583.56,1680010.85],[205583.86,1680000.24],[205592.1,1680000.47]]]]}},{"type":"Feature","properties":{"building":"yes","height":6,"heightSource":"default"},"geometry":{"type":"MultiPolygon","coordinates":[[[[205580.95,1680025.23],[205582.23,1680014.79],[205590.46,1680015.79],[205589.18,1680026.22],[205580.95,1680025.23]]]]}},{"type":"Feature","properties":{"building":"yes","height":6,"heightSource":"default"},"geometry":{"type":"MultiPolygon","coordinates":[[[[205579.94,1680040.06],[205581.37,1680029.96],[205589.66,1680031.12],[205588.23,1680041.22],[205579.94,1680040.06]]]]}},{"type":"Feature","properties":{"building":"yes","height":6,"heightSource":"default"},"geometry":{"type":"MultiPolygon","coordinates":[[[[205586.68,1680047.14],[205585.83,1680057.19],[205577.25,1680056.47],[205578.1,1680046.42],[205586.68,1680047.14]]]]}},{"type":"Feature","properties":{"building":"yes","height":6,"heightSource":"default"},"geometry":{"type":"MultiPolygon","coordinates":[[[[205574.97,1680072.3],[205575.89,1680062.37],[205584.29,1680063.12],[205583.37,1680073.07],[205574.97,1680072.3]]]]}},{"type":"Feature","properties":{"building":"yes","height":6,"heightSource":"default"},"geometry":{"type":"MultiPolygon","coordinates":[[[[205557.88,1680072.9],[205558.84,1680041.7],[205566.32,1680041.92],[205565.37,1680073.12],[205557.88,1680072.9]]]]}},{"type":"Feature","properties":{"building":"yes","height":6,"heightSource":"default"},"geometry":{"type":"MultiPolygon","coordinates":[[[[205563.43,1680040.46],[205564.38,1680009.26],[205571.86,1680009.49],[205570.92,1680040.68],[205563.43,1680040.46]]]]}},{"type":"Feature","properties":{"building":"yes","height":6,"heightSource":"default"},"geometry":{"type":"MultiPolygon","coordinates":[[[[205572.9,1680078.49],[205581.25,1680078.69],[205581,1680089],[205572.64,1680088.79],[205572.9,1680078.49]]]]}},{"type":"Feature","properties":{"building":"yes","height":6,"heightSource":"default"},"geometry":{"type":"MultiPolygon","coordinates":[[[[205591.88,1680102.47],[205600.23,1680102.67],[205599.98,1680112.98],[205591.62,1680112.77],[205591.88,1680102.47]]]]}},{"type":"Feature","properties":{"building":"yes","height":6,"heightSource":"default"},"geometry":{"type":"MultiPolygon","coordinates":[[[[205569.98,1680107.81],[205578.34,1680108.01],[205578.08,1680118.33],[205569.73,1680118.12],[205569.98,1680107.81]]]]}},{"type":"Feature","properties":{"building":"yes","height":6,"heightSource":"default"},"geometry":{"type":"MultiPolygon","coordinates":[[[[205570.13,1680119.95],[205578.49,1680120.16],[205578.23,1680130.46],[205569.88,1680130.27],[205570.13,1680119.95]]]]}},{"type":"Feature","properties":{"building":"yes","height":6,"heightSource":"default"},"geometry":{"type":"MultiPolygon","coordinates":[[[[205570.51,1680132.46],[205578.87,1680132.67],[205578.61,1680142.97],[205570.26,1680142.77],[205570.51,1680132.46]]]]}},{"type":"Feature","properties":{"building":"yes","height":6,"heightSource":"default"},"geometry":{"type":"MultiPolygon","coordinates":[[[[205546.35,1680126.02],[205550.54,1680108.32],[205560.89,1680110.75],[205556.71,1680128.45],[205546.35,1680126.02]]]]}},{"type":"Feature","properties":{"building":"yes","height":6,"heightSource":"default"},"geometry":{"type":"MultiPolygon","coordinates":[[[[205715.6,1680110.01],[205709.41,1680112.33],[205706.25,1680104],[205712.46,1680101.68],[205715.6,1680110.01]]]]}},{"type":"Feature","properties":{"building":"yes","height":6,"heightSource":"default"},"geometry":{"type":"MultiPolygon","coordinates":[[[[205676.94,1680107.8],[205677.37,1680096.54],[205692.5,1680097.12],[205692.27,1680103.22],[205687.78,1680103.05],[205687.59,1680108.21],[205676.94,1680107.8]]]]}},{"type":"Feature","properties":{"building":"yes","height":6,"heightSource":"default"},"geometry":{"type":"MultiPolygon","coordinates":[[[[205664.86,1680130.97],[205656.23,1680130.61],[205656.54,1680123.08],[205665.17,1680123.44],[205664.86,1680130.97]]]]}},{"type":"Feature","properties":{"building":"yes","height":6,"heightSource":"default"},"geometry":{"type":"MultiPolygon","coordinates":[[[[205697.51,1680110.67],[205697.74,1680114.78],[205691.7,1680115.12],[205691.46,1680111.01],[205697.51,1680110.67]]]]}},{"type":"Feature","properties":{"building":"yes","height":6,"heightSource":"default"},"geometry":{"type":"MultiPolygon","coordinates":[[[[205694.46,1680118.26],[205698.76,1680118.56],[205698.38,1680123.98],[205694.07,1680123.68],[205694.46,1680118.26]]]]}},{"type":"Feature","properties":{"building":"yes","height":6,"heightSource":"default"},"geometry":{"type":"MultiPolygon","coordinates":[[[[205688.16,1680111.38],[205687.41,1680116.61],[205680.08,1680115.59],[205680.82,1680110.36],[205688.16,1680111.38]]]]}},{"type":"Feature","properties":{"building":"yes","height":6,"heightSource":"default"},"geometry":{"type":"MultiPolygon","coordinates":[[[[205670,1680133.37],[205670.58,1680146.26],[205659.06,1680146.77],[205658.48,1680133.88],[205670,1680133.37]]]]}},{"type":"Feature","properties":{"building":"yes","height":6,"heightSource":"default"},"geometry":{"type":"MultiPolygon","coordinates":[[[[205682.82,1680156.6],[205673.6,1680156.38],[205673.82,1680146.94],[205683.04,1680147.14],[205682.82,1680156.6]]]]}},{"type":"Feature","properties":{"building":"yes","height":6,"heightSource":"default"},"geometry":{"type":"MultiPolygon","coordinates":[[[[205683.41,1680149.19],[205682.73,1680137.46],[205690.34,1680137.02],[205691.01,1680148.75],[205683.41,1680149.19]]]]}},{"type":"Feature","properties":{"building":"yes","height":6,"heightSource":"default"},"geometry":{"type":"MultiPolygon","coordinates":[[[[205716.52,1680130.05],[205719.72,1680139.65],[205711.11,1680142.48],[205707.91,1680132.88],[205716.52,1680130.05]]]]}},{"type":"Feature","properties":{"building":"yes","height":6,"heightSource":"default"},"geometry":{"type":"MultiPolygon","coordinates":[[[[205705.63,1680125.18],[205714.37,1680122.33],[205716.34,1680128.31],[205707.6,1680131.15],[205705.63,1680125.18]]]]}},{"type":"Feature","properties":{"building":"yes","height":6,"heightSource":"default"},"geometry":{"type":"MultiPolygon","coordinates":[[[[205696.29,1680146.45],[205705.03,1680143.61],[205707,1680149.59],[205698.26,1680152.43],[205696.29,1680146.45]]]]}},{"type":"Feature","properties":{"building":"yes","height":6,"heightSource":"default"},"geometry":{"type":"MultiPolygon","coordinates":[[[[205693.14,1680138.67],[205701.88,1680135.82],[205703.85,1680141.8],[205695.11,1680144.64],[205693.14,1680138.67]]]]}},{"type":"Feature","properties":{"building":"yes","height":6,"heightSource":"default"},"geometry":{"type":"MultiPolygon","coordinates":[[[[205685.43,1680151.37],[205694.17,1680148.53],[205696.14,1680154.51],[205687.4,1680157.35],[205685.43,1680151.37]]]]}},{"type":"Feature","properties":{"building":"yes","height":6,"heightSource":"default"},"geometry":{"type":"MultiPolygon","coordinates":[[[[205664.07,1680110.63],[205649.66,1680110.22],[205649.94,1680100.59],[205654.83,1680100.73],[205654.93,1680097.19],[205664.44,1680097.46],[205664.07,1680110.63]]]]}},{"type":"Feature","properties":{"building":"yes","height":6,"heightSource":"default"},"geometry":{"type":"MultiPolygon","coordinates":[[[[205670.37,1680096.74],[205674.67,1680097.04],[205674.29,1680102.46],[205669.98,1680102.16],[205670.37,1680096.74]]]]}},{"type":"Feature","properties":{"building":"yes","height":6,"heightSource":"default"},"geometry":{"type":"MultiPolygon","coordinates":[[[[205654.11,1680122.33],[205654.31,1680132.36],[205637.87,1680132.68],[205637.68,1680122.65],[205654.11,1680122.33]]]]}},{"type":"Feature","properties":{"building":"yes","height":6,"heightSource":"default"},"geometry":{"type":"MultiPolygon","coordinates":[[[[205636.49,1680113.51],[205636.22,1680125.82],[205620.37,1680125.49],[205620.63,1680113.19],[205636.49,1680113.51]]]]}},{"type":"Feature","properties":{"building":"yes","height":6,"heightSource":"default"},"geometry":{"type":"MultiPolygon","coordinates":[[[[205639.09,1680163.67],[205628.9,1680163.39],[205629.2,1680152.51],[205639.41,1680152.79],[205639.09,1680163.67]]]]}},{"type":"Feature","properties":{"building":"yes","height":6,"heightSource":"default"},"geometry":{"type":"MultiPolygon","coordinates":[[[[205621.49,1680163.36],[205622.98,1680170.93],[205612,1680173.07],[205610.51,1680165.5],[205621.49,1680163.36]]]]}},{"type":"Feature","properties":{"building":"yes","height":6,"heightSource":"default"},"geometry":{"type":"MultiPolygon","coordinates":[[[[205636.61,1680175.63],[205641.74,1680175.03],[205642.16,1680178.71],[205637.04,1680179.31],[205636.61,1680175.63]]]]}},{"type":"Feature","properties":{"building":"yes","height":6,"heightSource":"default"},"geometry":{"type":"MultiPolygon","coordinates":[[[[205644.99,1680172.91],[205645.38,1680160.89],[205657.07,1680161.26],[205656.67,1680173.28],[205644.99,1680172.91]]]]}},{"type":"Feature","properties":{"building":"yes","height":6,"heightSource":"default"},"geometry":{"type":"MultiPolygon","coordinates":[[[[205666.37,1680163.18],[205673.45,1680163.37],[205673.15,1680174.83],[205666.06,1680174.64],[205666.37,1680163.18]]]]}},{"type":"Feature","properties":{"building":"yes","height":6,"heightSource":"default"},"geometry":{"type":"MultiPolygon","coordinates":[[[[205659.35,1680187.66],[205660.42,1680180.66],[205664.63,1680181.29],[205663.58,1680188.28],[205659.35,1680187.66]]]]}},{"type":"Feature","properties":{"building":"yes","height":6,"heightSource":"default"},"geometry":{"type":"MultiPolygon","coordinates":[[[[205678.26,1680163.78],[205688.92,1680163.9],[205688.8,1680175.07],[205678.13,1680174.95],[205678.26,1680163.78]]]]}},{"type":"Feature","properties":{"building":"yes","height":6,"heightSource":"default"},"geometry":{"type":"MultiPolygon","coordinates":[[[[205721.05,1680163.77],[205721.42,1680172.64],[205712.2,1680173.02],[205711.84,1680164.14],[205721.05,1680163.77]]]]}},{"type":"Feature","properties":{"building":"yes","height":6,"heightSource":"default"},"geometry":{"type":"MultiPolygon","coordinates":[[[[205713.53,1680152.74],[205720.96,1680151.06],[205722.99,1680159.98],[205715.57,1680161.66],[205713.53,1680152.74]]]]}},{"type":"Feature","properties":{"building":"yes","height":6,"heightSource":"default"},"geometry":{"type":"MultiPolygon","coordinates":[[[[205726.37,1680150.95],[205737.02,1680150.55],[205737.71,1680168.59],[205727.04,1680168.99],[205726.37,1680150.95]]]]}},{"type":"Feature","properties":{"building":"yes","height":6,"heightSource":"default"},"geometry":{"type":"MultiPolygon","coordinates":[[[[205692.89,1680159.11],[205703.56,1680158.71],[205704.24,1680176.75],[205693.58,1680177.15],[205692.89,1680159.11]]]]}},{"type":"Feature","properties":{"building":"yes","height":6,"heightSource":"default"},"geometry":{"type":"MultiPolygon","coordinates":[[[[205724.83,1680181.14],[205733.74,1680183.16],[205731.62,1680192.4],[205722.71,1680190.37],[205724.83,1680181.14]]]]}},{"type":"Feature","properties":{"building":"yes","height":6,"heightSource":"default"},"geometry":{"type":"MultiPolygon","coordinates":[[[[205710.63,1680181.89],[205719.53,1680183.9],[205717.41,1680193.14],[205708.5,1680191.12],[205710.63,1680181.89]]]]}},{"type":"Feature","properties":{"building":"yes","height":6,"heightSource":"default"},"geometry":{"type":"MultiPolygon","coordinates":[[[[205707.24,1680175.77],[205715.01,1680176.01],[205714.87,1680180.69],[205707.1,1680180.45],[205707.24,1680175.77]]]]}},{"type":"Feature","properties":{"building":"yes","height":6,"heightSource":"default"},"geometry":{"type":"MultiPolygon","coordinates":[[[[205730.68,1680170.39],[205740.16,1680172.74],[205738.26,1680180.27],[205728.79,1680177.92],[205730.68,1680170.39]]]]}},{"type":"Feature","properties":{"building":"yes","height":6,"heightSource":"default"},"geometry":{"type":"MultiPolygon","coordinates":[[[[205757.48,1680165.95],[205756.74,1680175.63],[205739.11,1680174.3],[205739.85,1680164.62],[205757.48,1680165.95]]]]}},{"type":"Feature","properties":{"building":"yes","height":6,"heightSource":"default"},"geometry":{"type":"MultiPolygon","coordinates":[[[[205754.38,1680163.58],[205738.72,1680162.84],[205739.24,1680151.98],[205754.89,1680152.72],[205754.38,1680163.58]]]]}},{"type":"Feature","properties":{"building":"yes","height":6,"heightSource":"default"},"geometry":{"type":"MultiPolygon","coordinates":[[[[205767.43,1680167.13],[205760.8,1680167.02],[205761.14,1680148.4],[205767.78,1680148.52],[205767.43,1680167.13]]]]}},{"type":"Feature","properties":{"building":"yes","height":6,"heightSource":"default"},"geometry":{"type":"MultiPolygon","coordinates":[[[[205786.99,1680163.19],[205795.34,1680163.25],[205795.27,1680172.71],[205786.91,1680172.65],[205786.99,1680163.19]]]]}},{"type":"Feature","properties":{"building":"yes","height":6,"heightSource":"default"},"geometry":{"type":"MultiPolygon","coordinates":[[[[205775.75,1680163.85],[205777.28,1680169.29],[205770.97,1680171.05],[205769.43,1680165.63],[205775.75,1680163.85]]]]}},{"type":"Feature","properties":{"building":"yes","height":6,"heightSource":"default"},"geometry":{"type":"MultiPolygon","coordinates":[[[[205783.61,1680157.75],[205784.7,1680170.86],[205778.84,1680171.34],[205777.75,1680158.24],[205783.61,1680157.75]]]]}},{"type":"Feature","properties":{"building":"yes","height":6,"heightSource":"default"},"geometry":{"type":"MultiPolygon","coordinates":[[[[205761.31,1680179.35],[205761.38,1680172.76],[205767.31,1680172.83],[205767.23,1680179.42],[205761.31,1680179.35]]]]}},{"type":"Feature","properties":{"building":"yes","height":6,"heightSource":"default"},"geometry":{"type":"MultiPolygon","coordinates":[[[[205768.42,1680189.1],[205759.49,1680188.9],[205759.72,1680178.88],[205768.65,1680179.08],[205768.42,1680189.1]]]]}},{"type":"Feature","properties":{"building":"yes","height":6,"heightSource":"default"},"geometry":{"type":"MultiPolygon","coordinates":[[[[205770.16,1680194.23],[205769.22,1680179.38],[205778.42,1680178.8],[205779.36,1680193.66],[205770.16,1680194.23]]]]}},{"type":"Feature","properties":{"building":"yes","height":6,"heightSource":"default"},"geometry":{"type":"MultiPolygon","coordinates":[[[[205740.19,1680183.16],[205748.24,1680185.29],[205745.9,1680193.99],[205737.85,1680191.86],[205740.19,1680183.16]]]]}},{"type":"Feature","properties":{"building":"yes","height":6,"heightSource":"default"},"geometry":{"type":"MultiPolygon","coordinates":[[[[205723.2,1680207.82],[205731.84,1680209.36],[205729.45,1680222.66],[205720.8,1680221.13],[205723.2,1680207.82]]]]}},{"type":"Feature","properties":{"building":"yes","height":6,"heightSource":"default"},"geometry":{"type":"MultiPolygon","coordinates":[[[[205762.76,1680203.7],[205755.19,1680226.32],[205747.03,1680223.63],[205749.24,1680217.05],[205738,1680213.34],[205743.36,1680197.3],[205762.76,1680203.7]]]]}},{"type":"Feature","properties":{"building":"yes","height":6,"heightSource":"default"},"geometry":{"type":"MultiPolygon","coordinates":[[[[205797.23,1680220.63],[205795.86,1680233.09],[205787.44,1680232.17],[205788.81,1680219.73],[205797.23,1680220.63]]]]}},{"type":"Feature","properties":{"building":"yes","height":6,"heightSource":"default"},"geometry":{"type":"MultiPolygon","coordinates":[[[[205768.75,1680212.92],[205767.39,1680225.36],[205758.98,1680224.46],[205760.34,1680212],[205768.75,1680212.92]]]]}},{"type":"Feature","properties":{"building":"yes","height":6,"heightSource":"default"},"geometry":{"type":"MultiPolygon","coordinates":[[[[205786.41,1680231.33],[205772.02,1680230.73],[205772.53,1680218.72],[205786.92,1680219.32],[205786.41,1680231.33]]]]}},{"type":"Feature","properties":{"building":"yes","height":6,"heightSource":"default"},"geometry":{"type":"MultiPolygon","coordinates":[[[[205785.65,1680186.52],[205795.15,1680186.04],[205795.63,1680195.77],[205786.14,1680196.24],[205785.65,1680186.52]]]]}},{"type":"Feature","properties":{"building":"yes","height":6,"heightSource":"default"},"geometry":{"type":"MultiPolygon","coordinates":[[[[205781.29,1680198.87],[205797.13,1680198.18],[205797.81,1680213.34],[205781.97,1680214.05],[205781.29,1680198.87]]]]}},{"type":"Feature","properties":{"building":"yes","height":6,"heightSource":"default"},"geometry":{"type":"MultiPolygon","coordinates":[[[[205772.23,1680199.45],[205780.01,1680199.5],[205779.94,1680211.54],[205772.15,1680211.49],[205772.23,1680199.45]]]]}},{"type":"Feature","properties":{"building":"yes","height":6,"heightSource":"default"},"geometry":{"type":"MultiPolygon","coordinates":[[[[205754.65,1680117.97],[205764.71,1680117.36],[205765.5,1680130.22],[205755.44,1680130.83],[205754.65,1680117.97]]]]}},{"type":"Feature","properties":{"building":"yes","height":6,"heightSource":"default"},"geometry":{"type":"MultiPolygon","coordinates":[[[[205748.55,1680128.36],[205750.23,1680138.42],[205743.76,1680139.49],[205742.08,1680129.43],[205748.55,1680128.36]]]]}},{"type":"Feature","properties":{"building":"yes","height":6,"heightSource":"default"},"geometry":{"type":"MultiPolygon","coordinates":[[[[205732.14,1680129.27],[205740.54,1680128.37],[205741.57,1680137.84],[205733.16,1680138.74],[205732.14,1680129.27]]]]}},{"type":"Feature","properties":{"building":"yes","height":6,"heightSource":"default"},"geometry":{"type":"MultiPolygon","coordinates":[[[[205675.67,1680208.34],[205675.24,1680212.11],[205671.42,1680211.68],[205673.15,1680196.42],[205684.94,1680197.73],[205683.64,1680209.22],[205675.67,1680208.34]]]]}},{"type":"Feature","properties":{"building":"yes","height":6,"heightSource":"default"},"geometry":{"type":"MultiPolygon","coordinates":[[[[205659.65,1680196.42],[205664.39,1680197.54],[205664.65,1680196.46],[205670.09,1680197.73],[205667,1680210.73],[205656.81,1680208.33],[205659.65,1680196.42]]]]}},{"type":"Feature","properties":{"building":"yes","height":6,"heightSource":"default"},"geometry":{"type":"MultiPolygon","coordinates":[[[[205617.28,1680200.29],[205619.03,1680184.45],[205656.31,1680188.49],[205654.56,1680204.34],[205617.28,1680200.29]]]]}},{"type":"Feature","properties":{"building":"yes","height":6,"heightSource":"default"},"geometry":{"type":"MultiPolygon","coordinates":[[[[205590.35,1680199.62],[205591.74,1680183.02],[205613.6,1680184.83],[205612.21,1680201.42],[205590.35,1680199.62]]]]}},{"type":"Feature","properties":{"building":"yes","height":6,"heightSource":"default"},"geometry":{"type":"MultiPolygon","coordinates":[[[[205694.64,1680198.33],[205703.62,1680200.47],[205700.68,1680212.63],[205691.71,1680210.49],[205694.64,1680198.33]]]]}},{"type":"Feature","properties":{"building":"yes","height":6,"heightSource":"default"},"geometry":{"type":"MultiPolygon","coordinates":[[[[205687.89,1680188.74],[205686.61,1680195.96],[205678.52,1680194.56],[205679.78,1680187.35],[205687.89,1680188.74]]]]}},{"type":"Feature","properties":{"building":"yes","height":6,"heightSource":"default"},"geometry":{"type":"MultiPolygon","coordinates":[[[[205551.11,1680144.64],[205575.04,1680145.13],[205574.83,1680154.75],[205550.91,1680154.27],[205551.11,1680144.64]]]]}},{"type":"Feature","properties":{"building":"yes","height":6,"heightSource":"default"},"geometry":{"type":"MultiPolygon","coordinates":[[[[205562.01,1680162.79],[205573.28,1680164.88],[205570.38,1680180.36],[205564.94,1680179.35],[205563.67,1680186.15],[205557.83,1680185.06],[205562.01,1680162.79]]]]}},{"type":"Feature","properties":{"building":"yes","height":6,"heightSource":"default"},"geometry":{"type":"MultiPolygon","coordinates":[[[[205536.13,1680159.25],[205542.17,1680152.07],[205547.79,1680156.73],[205541.75,1680163.92],[205536.13,1680159.25]]]]}},{"type":"Feature","properties":{"building":"yes","height":6,"heightSource":"default"},"geometry":{"type":"MultiPolygon","coordinates":[[[[205514.01,1680159.25],[205512.17,1680174.19],[205504.79,1680173.29],[205506.63,1680158.35],[205514.01,1680159.25]]]]}},{"type":"Feature","properties":{"building":"yes","height":6,"heightSource":"default"},"geometry":{"type":"MultiPolygon","coordinates":[[[[205502.87,1680157.56],[205500.1,1680172.2],[205486.75,1680169.7],[205489.54,1680155.06],[205502.87,1680157.56]]]]}},{"type":"Feature","properties":{"building":"yes","height":6,"heightSource":"default"},"geometry":{"type":"MultiPolygon","coordinates":[[[[205484.07,1680183.1],[205484.95,1680174.03],[205490.94,1680174.6],[205490.06,1680183.68],[205484.07,1680183.1]]]]}},{"type":"Feature","properties":{"building":"yes","height":6,"heightSource":"default"},"geometry":{"type":"MultiPolygon","coordinates":[[[[205517.76,1680150.3],[205516.17,1680157.79],[205511.09,1680156.73],[205512.69,1680149.23],[205517.76,1680150.3]]]]}},{"type":"Feature","properties":{"building":"yes","height":6,"heightSource":"default"},"geometry":{"type":"MultiPolygon","coordinates":[[[[205482.65,1680149.23],[205481.05,1680156.73],[205475.97,1680155.66],[205477.58,1680148.17],[205482.65,1680149.23]]]]}},{"type":"Feature","properties":{"building":"yes","height":6,"heightSource":"default"},"geometry":{"type":"MultiPolygon","coordinates":[[[[205474.26,1680169.01],[205472.66,1680176.51],[205467.59,1680175.44],[205469.19,1680167.95],[205474.26,1680169.01]]]]}},{"type":"Feature","properties":{"building":"yes","height":6,"heightSource":"default"},"geometry":{"type":"MultiPolygon","coordinates":[[[[205489.95,1680130.81],[205489.65,1680141.12],[205476.82,1680140.76],[205477.11,1680130.45],[205489.95,1680130.81]]]]}},{"type":"Feature","properties":{"building":"yes","height":6,"heightSource":"default"},"geometry":{"type":"MultiPolygon","coordinates":[[[[205469.75,1680120.43],[205478.58,1680121.33],[205477.77,1680129.15],[205468.93,1680128.24],[205469.75,1680120.43]]]]}},{"type":"Feature","properties":{"building":"yes","height":6,"heightSource":"default"},"geometry":{"type":"MultiPolygon","coordinates":[[[[205466.75,1680128.85],[205455.78,1680127.21],[205456.92,1680119.66],[205467.9,1680121.29],[205466.75,1680128.85]]]]}},{"type":"Feature","properties":{"building":"yes","height":6,"heightSource":"default"},"geometry":{"type":"MultiPolygon","coordinates":[[[[205486.08,1680369.28],[205484.49,1680376.78],[205479.41,1680375.7],[205481.02,1680368.21],[205486.08,1680369.28]]]]}},{"type":"Feature","properties":{"building":"yes","height":6,"heightSource":"default"},"geometry":{"type":"MultiPolygon","coordinates":[[[[205027.09,1682027.11],[205036.96,1682030.29],[205033.71,1682040.23],[205023.84,1682037.04],[205027.09,1682027.11]]]]}},{"type":"Feature","properties":{"building":"yes","height":6,"heightSource":"default"},"geometry":{"type":"MultiPolygon","coordinates":[[[[205106.78,1682032.03],[205102.07,1682046.17],[205093.17,1682043.25],[205097.88,1682029.1],[205106.78,1682032.03]]]]}},{"type":"Feature","properties":{"building":"yes","height":6,"heightSource":"default"},"geometry":{"type":"MultiPolygon","coordinates":[[[[205116.86,1681990.22],[205115.25,1681997.72],[205110.19,1681996.65],[205111.78,1681989.16],[205116.86,1681990.22]]]]}},{"type":"Feature","properties":{"building":"yes","height":6,"heightSource":"default"},"geometry":{"type":"MultiPolygon","coordinates":[[[[205105.29,1682129.78],[205103.7,1682137.28],[205098.62,1682136.21],[205100.22,1682128.72],[205105.29,1682129.78]]]]}},{"type":"Feature","properties":{"building":"yes","height":6,"heightSource":"default"},"geometry":{"type":"MultiPolygon","coordinates":[[[[204940.4,1682024.23],[204945.27,1682009.57],[204960.29,1682014.49],[204950.7,1682043.32],[204943.46,1682040.94],[204941.57,1682046.6],[204933.03,1682043.79],[204934.22,1682040.19],[204930.6,1682038.99],[204935.99,1682022.78],[204940.4,1682024.23]]]]}},{"type":"Feature","properties":{"building":"yes","height":6,"heightSource":"default"},"geometry":{"type":"MultiPolygon","coordinates":[[[[204992.77,1682030.4],[204999.73,1682032.02],[204998.14,1682038.79],[204991.16,1682037.17],[204992.77,1682030.4]]]]}},{"type":"Feature","properties":{"building":"yes","height":6,"heightSource":"default"},"geometry":{"type":"MultiPolygon","coordinates":[[[[204979.16,1682026.56],[204986.13,1682028.19],[204984.53,1682034.95],[204977.56,1682033.33],[204979.16,1682026.56]]]]}},{"type":"Feature","properties":{"building":"yes","height":6,"heightSource":"default"},"geometry":{"type":"MultiPolygon","coordinates":[[[[204689.44,1682058.42],[204702.64,1682060.08],[204700.71,1682075.17],[204690.23,1682073.85],[204690.91,1682068.51],[204688.19,1682068.17],[204689.44,1682058.42]]]]}},{"type":"Feature","properties":{"building":"yes","height":6,"heightSource":"default"},"geometry":{"type":"MultiPolygon","coordinates":[[[[204720.94,1682071.65],[204722.88,1682062.34],[204734.46,1682064.72],[204732.53,1682074.03],[204720.94,1682071.65]]]]}},{"type":"Feature","properties":{"building":"yes","height":6,"heightSource":"default"},"geometry":{"type":"MultiPolygon","coordinates":[[[[204747.64,1682076.85],[204748.27,1682068.19],[204760.01,1682069.03],[204759.39,1682077.69],[204747.64,1682076.85]]]]}},{"type":"Feature","properties":{"building":"yes","height":6,"heightSource":"default"},"geometry":{"type":"MultiPolygon","coordinates":[[[[204768.37,1682071.04],[204779.12,1682073.54],[204776.69,1682083.84],[204765.94,1682081.33],[204768.37,1682071.04]]]]}},{"type":"Feature","properties":{"building":"yes","height":6,"heightSource":"default"},"geometry":{"type":"MultiPolygon","coordinates":[[[[204794.16,1682073.93],[204803.12,1682075.44],[204801.75,1682083.49],[204792.79,1682082],[204794.16,1682073.93]]]]}},{"type":"Feature","properties":{"building":"yes","height":6,"heightSource":"default"},"geometry":{"type":"MultiPolygon","coordinates":[[[[204754.33,1682153.56],[204755.58,1682143.29],[204781.58,1682146.43],[204780.75,1682153.21],[204781.32,1682153.27],[204780.89,1682156.77],[204754.33,1682153.56]]]]}},{"type":"Feature","properties":{"building":"yes","height":6,"heightSource":"default"},"geometry":{"type":"MultiPolygon","coordinates":[[[[204734.61,1682156.86],[204732.16,1682166.4],[204727.58,1682165.24],[204730.03,1682155.7],[204734.61,1682156.86]]]]}},{"type":"Feature","properties":{"building":"yes","height":6,"heightSource":"default"},"geometry":{"type":"MultiPolygon","coordinates":[[[[204416.36,1681769.11],[204434.32,1681771.97],[204425.72,1681825.23],[204407.76,1681822.37],[204416.36,1681769.11]]]]}},{"type":"Feature","properties":{"building":"yes","height":6,"heightSource":"default"},"geometry":{"type":"MultiPolygon","coordinates":[[[[204415.93,1681759.57],[204421.4,1681725.55],[204444,1681729.14],[204438.52,1681763.16],[204415.93,1681759.57]]]]}},{"type":"Feature","properties":{"building":"yes","height":6,"heightSource":"default"},"geometry":{"type":"MultiPolygon","coordinates":[[[[204370.89,1681746.88],[204376.58,1681714.99],[204391.36,1681717.59],[204385.68,1681749.47],[204370.89,1681746.88]]]]}},{"type":"Feature","properties":{"building":"yes","height":6,"heightSource":"default"},"geometry":{"type":"MultiPolygon","coordinates":[[[[204368.42,1681715.22],[204363.62,1681744.77],[204343.99,1681741.61],[204344.58,1681737.99],[204354.67,1681739.61],[204355.26,1681735.98],[204351.89,1681735.45],[204352.39,1681732.37],[204358.28,1681733.33],[204360.75,1681718.16],[204355.42,1681717.31],[204354.55,1681722.6],[204352.73,1681722.31],[204353.98,1681714.61],[204349.36,1681713.87],[204350.04,1681709.69],[204361.81,1681711.58],[204361.4,1681714.09],[204368.42,1681715.22]]]]}},{"type":"Feature","properties":{"building":"yes","height":6,"heightSource":"default"},"geometry":{"type":"MultiPolygon","coordinates":[[[[204350.15,1681769.6],[204359.07,1681771.17],[204358.63,1681773.65],[204371.18,1681775.87],[204369.8,1681783.63],[204377.61,1681785.01],[204373.7,1681806.91],[204344.41,1681801.75],[204350.15,1681769.6]]]]}},{"type":"Feature","properties":{"building":"yes","height":6,"heightSource":"default"},"geometry":{"type":"MultiPolygon","coordinates":[[[[204294.4,1681794.18],[204299.87,1681760.16],[204322.47,1681763.74],[204316.99,1681797.78],[204294.4,1681794.18]]]]}},{"type":"Feature","properties":{"building":"yes","height":6,"heightSource":"default"},"geometry":{"type":"MultiPolygon","coordinates":[[[[204258.17,1681784.24],[204263.93,1681751.79],[204275.93,1681753.89],[204275,1681759.16],[204270.25,1681758.33],[204265.43,1681785.51],[204258.17,1681784.24]]]]}},{"type":"Feature","properties":{"building":"yes","height":6,"heightSource":"default"},"geometry":{"type":"MultiPolygon","coordinates":[[[[204271.97,1681731.69],[204277.45,1681697.67],[204300.05,1681701.26],[204294.58,1681735.28],[204271.97,1681731.69]]]]}},{"type":"Feature","properties":{"building":"yes","height":6,"heightSource":"default"},"geometry":{"type":"MultiPolygon","coordinates":[[[[204298.56,1681735.66],[204304.04,1681701.63],[204326.63,1681705.22],[204321.16,1681739.24],[204298.56,1681735.66]]]]}},{"type":"Feature","properties":{"building":"yes","height":6,"heightSource":"default"},"geometry":{"type":"MultiPolygon","coordinates":[[[[205051.78,1680879.33],[205051.67,1680887.34],[205040.89,1680887.2],[205040.99,1680879.17],[205051.78,1680879.33]]]]}},{"type":"Feature","properties":{"building":"yes","height":6,"heightSource":"default"},"geometry":{"type":"MultiPolygon","coordinates":[[[[205041.69,1680896.17],[205041.75,1680888.73],[205050.97,1680888.79],[205050.92,1680896.25],[205041.69,1680896.17]]]]}},{"type":"Feature","properties":{"building":"yes","height":6,"heightSource":"default"},"geometry":{"type":"MultiPolygon","coordinates":[[[[205039.55,1680895.18],[205034.35,1680895.09],[205034.64,1680879.2],[205039.82,1680879.28],[205039.55,1680895.18]]]]}},{"type":"Feature","properties":{"building":"yes","height":6,"heightSource":"default"},"geometry":{"type":"MultiPolygon","coordinates":[[[[205053.2,1680842.05],[205065.89,1680842.31],[205065.75,1680849.03],[205053.06,1680848.77],[205053.2,1680842.05]]]]}},{"type":"Feature","properties":{"building":"yes","height":6,"heightSource":"default"},"geometry":{"type":"MultiPolygon","coordinates":[[[[205039.54,1680844.27],[205048.77,1680844.05],[205048.95,1680852.08],[205039.72,1680852.28],[205039.54,1680844.27]]]]}},{"type":"Feature","properties":{"building":"yes","height":6,"heightSource":"default"},"geometry":{"type":"MultiPolygon","coordinates":[[[[205004.12,1680829.57],[205019.55,1680828.93],[205019.92,1680837.66],[205004.49,1680838.29],[205004.12,1680829.57]]]]}},{"type":"Feature","properties":{"building":"yes","height":6,"heightSource":"default"},"geometry":{"type":"MultiPolygon","coordinates":[[[[204994.14,1680806.17],[205012.85,1680805.25],[205013.35,1680815.25],[204994.64,1680816.17],[204994.14,1680806.17]]]]}},{"type":"Feature","properties":{"building":"yes","height":6,"heightSource":"default"},"geometry":{"type":"MultiPolygon","coordinates":[[[[205027.35,1680804.33],[205027.12,1680796.46],[205042.11,1680796.02],[205042.39,1680805.62],[205033.62,1680805.87],[205033.57,1680804.16],[205027.35,1680804.33]]]]}},{"type":"Feature","properties":{"building":"yes","height":6,"heightSource":"default"},"geometry":{"type":"MultiPolygon","coordinates":[[[[205038.97,1680779.66],[205036.1,1680784.53],[205030.34,1680781.19],[205033.22,1680776.31],[205038.97,1680779.66]]]]}},{"type":"Feature","properties":{"building":"yes","height":6,"heightSource":"default"},"geometry":{"type":"MultiPolygon","coordinates":[[[[205017.08,1680774.15],[205017.28,1680782.89],[205005.45,1680783.15],[205005.26,1680774.41],[205017.08,1680774.15]]]]}},{"type":"Feature","properties":{"building":"yes","height":6,"heightSource":"default"},"geometry":{"type":"MultiPolygon","coordinates":[[[[205014.93,1680770.99],[204999.66,1680771.45],[204999.27,1680758.55],[205014.54,1680758.1],[205014.93,1680770.99]]]]}},{"type":"Feature","properties":{"building":"yes","height":6,"heightSource":"default"},"geometry":{"type":"MultiPolygon","coordinates":[[[[204996.01,1680759.15],[204996.55,1680770.02],[204987.05,1680770.49],[204986.75,1680764.48],[204989.63,1680764.33],[204989.39,1680759.48],[204996.01,1680759.15]]]]}},{"type":"Feature","properties":{"building":"yes","height":6,"heightSource":"default"},"geometry":{"type":"MultiPolygon","coordinates":[[[[204988.89,1680825.71],[204982.3,1680826.77],[204981.25,1680820.34],[204987.84,1680819.27],[204988.89,1680825.71]]]]}},{"type":"Feature","properties":{"building":"yes","height":6,"heightSource":"default"},"geometry":{"type":"MultiPolygon","coordinates":[[[[204969.68,1680818.77],[204970.17,1680823.47],[204965.59,1680823.93],[204965.11,1680819.23],[204969.68,1680818.77]]]]}},{"type":"Feature","properties":{"building":"yes","height":6,"heightSource":"default"},"geometry":{"type":"MultiPolygon","coordinates":[[[[204958.42,1680807.15],[204963.24,1680806.47],[204964.21,1680813.22],[204959.39,1680813.9],[204958.42,1680807.15]]]]}},{"type":"Feature","properties":{"building":"yes","height":6,"heightSource":"default"},"geometry":{"type":"MultiPolygon","coordinates":[[[[204939.3,1680834.67],[204938.77,1680819.21],[204948.57,1680818.88],[204948.87,1680827.75],[204959.66,1680827.39],[204959.88,1680833.97],[204939.3,1680834.67]]]]}},{"type":"Feature","properties":{"building":"yes","height":6,"heightSource":"default"},"geometry":{"type":"MultiPolygon","coordinates":[[[[204940.07,1680838.35],[204952.58,1680838.55],[204952.33,1680854.72],[204939.82,1680854.53],[204940.07,1680838.35]]]]}},{"type":"Feature","properties":{"building":"yes","height":6,"heightSource":"default"},"geometry":{"type":"MultiPolygon","coordinates":[[[[204947.97,1680866.72],[204939.92,1680866.31],[204940.41,1680856.6],[204948.46,1680857],[204947.97,1680866.72]]]]}},{"type":"Feature","properties":{"building":"yes","height":6,"heightSource":"default"},"geometry":{"type":"MultiPolygon","coordinates":[[[[204932.49,1680775.87],[204929.23,1680784.84],[204916.03,1680780.1],[204919.28,1680771.13],[204932.49,1680775.87]]]]}},{"type":"Feature","properties":{"building":"yes","height":6,"heightSource":"default"},"geometry":{"type":"MultiPolygon","coordinates":[[[[204940.58,1680806.67],[204940.89,1680811.66],[204934.85,1680812.05],[204934.54,1680807.06],[204940.58,1680806.67]]]]}},{"type":"Feature","properties":{"building":"yes","height":6,"heightSource":"default"},"geometry":{"type":"MultiPolygon","coordinates":[[[[204939.26,1680795.12],[204939.58,1680800.11],[204933.54,1680800.48],[204933.22,1680795.49],[204939.26,1680795.12]]]]}},{"type":"Feature","properties":{"building":"yes","height":6,"heightSource":"default"},"geometry":{"type":"MultiPolygon","coordinates":[[[[204927.9,1680823.93],[204928.15,1680831.38],[204918.64,1680831.71],[204918.39,1680824.26],[204927.9,1680823.93]]]]}},{"type":"Feature","properties":{"building":"yes","height":6,"heightSource":"default"},"geometry":{"type":"MultiPolygon","coordinates":[[[[204892.69,1680862.62],[204894.02,1680856.02],[204899.27,1680857.06],[204897.96,1680863.66],[204892.69,1680862.62]]]]}},{"type":"Feature","properties":{"building":"yes","height":6,"heightSource":"default"},"geometry":{"type":"MultiPolygon","coordinates":[[[[204877.79,1680834.46],[204866.57,1680834.03],[204866.43,1680837.45],[204859.52,1680837.18],[204859.9,1680827.74],[204864.67,1680827.94],[204864.82,1680824.21],[204878.18,1680824.74],[204877.79,1680834.46]]]]}},{"type":"Feature","properties":{"building":"yes","height":6,"heightSource":"default"},"geometry":{"type":"MultiPolygon","coordinates":[[[[204876.24,1680748.22],[204880.71,1680733.08],[204893.14,1680736.7],[204888.68,1680751.84],[204876.24,1680748.22]]]]}},{"type":"Feature","properties":{"building":"yes","height":6,"heightSource":"default"},"geometry":{"type":"MultiPolygon","coordinates":[[[[204854.83,1680774.93],[204861.62,1680762.73],[204873.56,1680769.28],[204866.77,1680781.49],[204854.83,1680774.93]]]]}},{"type":"Feature","properties":{"building":"yes","height":6,"heightSource":"default"},"geometry":{"type":"MultiPolygon","coordinates":[[[[204863.68,1680758.31],[204870.48,1680746.1],[204882.41,1680752.66],[204875.61,1680764.87],[204863.68,1680758.31]]]]}},{"type":"Feature","properties":{"building":"yes","height":6,"heightSource":"default"},"geometry":{"type":"MultiPolygon","coordinates":[[[[204816.84,1680793.4],[204823.63,1680781.2],[204835.58,1680787.76],[204828.78,1680799.96],[204816.84,1680793.4]]]]}},{"type":"Feature","properties":{"building":"yes","height":6,"heightSource":"default"},"geometry":{"type":"MultiPolygon","coordinates":[[[[204905.6,1680730.73],[204902.13,1680737.53],[204894.84,1680733.85],[204898.3,1680727.06],[204905.6,1680730.73]]]]}},{"type":"Feature","properties":{"building":"yes","height":6,"heightSource":"default"},"geometry":{"type":"MultiPolygon","coordinates":[[[[204895.59,1680727.64],[204892.13,1680734.44],[204884.83,1680730.77],[204888.3,1680723.97],[204895.59,1680727.64]]]]}},{"type":"Feature","properties":{"building":"yes","height":6,"heightSource":"default"},"geometry":{"type":"MultiPolygon","coordinates":[[[[204859.63,1680716],[204854.88,1680726.41],[204847.03,1680722.86],[204851.78,1680712.47],[204859.63,1680716]]]]}},{"type":"Feature","properties":{"building":"yes","height":6,"heightSource":"default"},"geometry":{"type":"MultiPolygon","coordinates":[[[[204834.92,1680742.5],[204837.3,1680744.28],[204834.42,1680748.1],[204832.04,1680746.33],[204834.92,1680742.5]]]]}},{"type":"Feature","properties":{"building":"yes","height":6,"heightSource":"default"},"geometry":{"type":"MultiPolygon","coordinates":[[[[204810.87,1680744.84],[204814.84,1680745.36],[204813.77,1680753.23],[204809.82,1680752.71],[204810.87,1680744.84]]]]}},{"type":"Feature","properties":{"building":"yes","height":6,"heightSource":"default"},"geometry":{"type":"MultiPolygon","coordinates":[[[[204788.75,1680742.5],[204801.6,1680742.07],[204801.86,1680750.2],[204789.03,1680750.63],[204788.75,1680742.5]]]]}},{"type":"Feature","properties":{"building":"yes","height":6,"heightSource":"default"},"geometry":{"type":"MultiPolygon","coordinates":[[[[204789.52,1680778.66],[204794.99,1680769.95],[204803.12,1680774.97],[204797.66,1680783.7],[204789.52,1680778.66]]]]}},{"type":"Feature","properties":{"building":"yes","height":6,"heightSource":"default"},"geometry":{"type":"MultiPolygon","coordinates":[[[[204775.88,1680810.18],[204777.99,1680806.16],[204784.3,1680809.42],[204782.19,1680813.45],[204775.88,1680810.18]]]]}},{"type":"Feature","properties":{"building":"yes","height":6,"heightSource":"default"},"geometry":{"type":"MultiPolygon","coordinates":[[[[204760.66,1680839.04],[204756.5,1680845.71],[204744.73,1680838.45],[204748.88,1680831.78],[204760.66,1680839.04]]]]}},{"type":"Feature","properties":{"building":"yes","height":6,"heightSource":"default"},"geometry":{"type":"MultiPolygon","coordinates":[[[[204758.9,1680829.37],[204761.02,1680825.33],[204767.33,1680828.6],[204765.21,1680832.63],[204758.9,1680829.37]]]]}},{"type":"Feature","properties":{"building":"yes","height":6,"heightSource":"default"},"geometry":{"type":"MultiPolygon","coordinates":[[[[204774.23,1680843.18],[204776.34,1680839.15],[204782.65,1680842.41],[204780.54,1680846.45],[204774.23,1680843.18]]]]}},{"type":"Feature","properties":{"building":"yes","height":6,"heightSource":"default"},"geometry":{"type":"MultiPolygon","coordinates":[[[[204803.37,1680829.46],[204816.32,1680843.18],[204807.17,1680851.71],[204794.21,1680837.99],[204803.37,1680829.46]]]]}},{"type":"Feature","properties":{"building":"yes","height":6,"heightSource":"default"},"geometry":{"type":"MultiPolygon","coordinates":[[[[204729.45,1680863.26],[204737.08,1680849.92],[204746.81,1680855.41],[204739.2,1680868.75],[204729.45,1680863.26]]]]}},{"type":"Feature","properties":{"building":"yes","height":6,"heightSource":"default"},"geometry":{"type":"MultiPolygon","coordinates":[[[[204725.28,1680851.65],[204718.16,1680848.75],[204722.29,1680838.74],[204729.41,1680841.64],[204725.28,1680851.65]]]]}},{"type":"Feature","properties":{"building":"yes","height":6,"heightSource":"default"},"geometry":{"type":"MultiPolygon","coordinates":[[[[204724.01,1680872.89],[204726.62,1680866.89],[204731.69,1680869.07],[204729.08,1680875.08],[204724.01,1680872.89]]]]}},{"type":"Feature","properties":{"building":"yes","height":6,"heightSource":"default"},"geometry":{"type":"MultiPolygon","coordinates":[[[[204746.25,1680920.22],[204747.19,1680935.36],[204735.11,1680936.1],[204734.18,1680920.97],[204746.25,1680920.22]]]]}},{"type":"Feature","properties":{"building":"yes","height":6,"heightSource":"default"},"geometry":{"type":"MultiPolygon","coordinates":[[[[204727.89,1680922.08],[204732.21,1680921.88],[204732.61,1680930.75],[204728.29,1680930.94],[204727.89,1680922.08]]]]}},{"type":"Feature","properties":{"building":"yes","height":6,"heightSource":"default"},"geometry":{"type":"MultiPolygon","coordinates":[[[[205216.36,1680645.97],[205224.3,1680639.25],[205230.27,1680646.2],[205222.33,1680652.93],[205216.36,1680645.97]]]]}},{"type":"Feature","properties":{"building":"yes","height":6,"heightSource":"default"},"geometry":{"type":"MultiPolygon","coordinates":[[[[205220.01,1680638.53],[205215.41,1680640.57],[205213.47,1680636.25],[205218.06,1680634.2],[205220.01,1680638.53]]]]}},{"type":"Feature","properties":{"building":"yes","height":6,"heightSource":"default"},"geometry":{"type":"MultiPolygon","coordinates":[[[[205205.26,1680637.16],[205207.28,1680639.87],[205196.81,1680647.63],[205189.48,1680637.87],[205204.45,1680626.77],[205209.75,1680633.84],[205205.26,1680637.16]]]]}},{"type":"Feature","properties":{"building":"yes","height":6,"heightSource":"default"},"geometry":{"type":"MultiPolygon","coordinates":[[[[205197.55,1680610.42],[205208.35,1680618.72],[205200.61,1680628.66],[205189.81,1680620.36],[205197.55,1680610.42]]]]}},{"type":"Feature","properties":{"building":"yes","height":6,"heightSource":"default"},"geometry":{"type":"MultiPolygon","coordinates":[[[[205321.23,1680570.53],[205317.1,1680568.77],[205322.54,1680556.13],[205335.03,1680561.43],[205330.27,1680572.52],[205321.9,1680568.98],[205321.23,1680570.53]]]]}},{"type":"Feature","properties":{"building":"yes","height":6,"heightSource":"default"},"geometry":{"type":"MultiPolygon","coordinates":[[[[205297.77,1680554.49],[205286.22,1680565.51],[205271.94,1680550.7],[205283.48,1680539.7],[205297.77,1680554.49]]]]}},{"type":"Feature","properties":{"building":"yes","height":6,"heightSource":"default"},"geometry":{"type":"MultiPolygon","coordinates":[[[[205272.18,1680571.04],[205277.82,1680575.97],[205270.9,1680583.83],[205257.99,1680572.58],[205267.04,1680562.33],[205274.3,1680568.65],[205272.18,1680571.04]]]]}},{"type":"Feature","properties":{"building":"yes","height":6,"heightSource":"default"},"geometry":{"type":"MultiPolygon","coordinates":[[[[205234.3,1680588.39],[205237.42,1680585.35],[205233.91,1680581.8],[205242.55,1680573.39],[205252.18,1680583.14],[205240.42,1680594.61],[205234.3,1680588.39]]]]}},{"type":"Feature","properties":{"building":"yes","height":6,"heightSource":"default"},"geometry":{"type":"MultiPolygon","coordinates":[[[[205209.42,1680582.66],[205216.48,1680577.68],[205225.74,1680590.66],[205218.68,1680595.63],[205209.42,1680582.66]]]]}},{"type":"Feature","properties":{"building":"yes","height":6,"heightSource":"default"},"geometry":{"type":"MultiPolygon","coordinates":[[[[205193.85,1680568.89],[205206.09,1680563.49],[205212.22,1680577.21],[205199.98,1680582.62],[205193.85,1680568.89]]]]}},{"type":"Feature","properties":{"building":"yes","height":6,"heightSource":"default"},"geometry":{"type":"MultiPolygon","coordinates":[[[[205179.33,1680536.13],[205174.03,1680539.08],[205169.14,1680530.39],[205174.46,1680527.44],[205179.33,1680536.13]]]]}},{"type":"Feature","properties":{"building":"yes","height":6,"heightSource":"default"},"geometry":{"type":"MultiPolygon","coordinates":[[[[205153.53,1680565.1],[205158.46,1680568.69],[205155.6,1680572.57],[205150.67,1680568.98],[205153.53,1680565.1]]]]}},{"type":"Feature","properties":{"building":"yes","height":6,"heightSource":"default"},"geometry":{"type":"MultiPolygon","coordinates":[[[[205204.93,1680507.96],[205209.13,1680505.26],[205213.11,1680511.37],[205208.91,1680514.07],[205204.93,1680507.96]]]]}},{"type":"Feature","properties":{"building":"yes","height":6,"heightSource":"default"},"geometry":{"type":"MultiPolygon","coordinates":[[[[205203.69,1680512.79],[205198.46,1680515.79],[205196.07,1680511.68],[205201.29,1680508.68],[205203.69,1680512.79]]]]}},{"type":"Feature","properties":{"building":"yes","height":6,"heightSource":"default"},"geometry":{"type":"MultiPolygon","coordinates":[[[[205182.12,1680500.42],[205186.52,1680508.42],[205169.06,1680517.89],[205163.57,1680507.88],[205171.41,1680503.63],[205172.5,1680505.63],[205182.12,1680500.42]]]]}},{"type":"Feature","properties":{"building":"yes","height":6,"heightSource":"default"},"geometry":{"type":"MultiPolygon","coordinates":[[[[205176.72,1680472.38],[205179.52,1680476.07],[205183.59,1680473],[205191.29,1680483.13],[205181.66,1680490.37],[205176.9,1680484.11],[205171.43,1680488.22],[205165.69,1680480.67],[205176.72,1680472.38]]]]}},{"type":"Feature","properties":{"building":"yes","height":6,"heightSource":"default"},"geometry":{"type":"MultiPolygon","coordinates":[[[[205164.9,1680464.93],[205171.3,1680459.24],[205177.9,1680466.58],[205171.5,1680472.26],[205164.9,1680464.93]]]]}},{"type":"Feature","properties":{"building":"yes","height":6,"heightSource":"default"},"geometry":{"type":"MultiPolygon","coordinates":[[[[205142.26,1680480.92],[205139.54,1680475.3],[205154.17,1680468.32],[205156.38,1680472.89],[205154.37,1680473.85],[205157.3,1680479.94],[205148.1,1680484.33],[205145.68,1680479.29],[205142.26,1680480.92]]]]}},{"type":"Feature","properties":{"building":"yes","height":6,"heightSource":"default"},"geometry":{"type":"MultiPolygon","coordinates":[[[[205068.04,1680472.08],[205080.98,1680459.77],[205087.4,1680466.43],[205074.46,1680478.75],[205068.04,1680472.08]]]]}},{"type":"Feature","properties":{"building":"yes","height":6,"heightSource":"default"},"geometry":{"type":"MultiPolygon","coordinates":[[[[205101.8,1680480.84],[205093.2,1680487.59],[205085.55,1680477.99],[205094.15,1680471.23],[205101.8,1680480.84]]]]}},{"type":"Feature","properties":{"building":"yes","height":6,"heightSource":"default"},"geometry":{"type":"MultiPolygon","coordinates":[[[[205075.72,1680490.71],[205080.75,1680486.76],[205084.65,1680491.68],[205079.62,1680495.61],[205075.72,1680490.71]]]]}},{"type":"Feature","properties":{"building":"yes","height":6,"heightSource":"default"},"geometry":{"type":"MultiPolygon","coordinates":[[[[205077.59,1680453.68],[205068.98,1680460.45],[205061.34,1680450.83],[205069.93,1680444.08],[205077.59,1680453.68]]]]}},{"type":"Feature","properties":{"building":"yes","height":6,"heightSource":"default"},"geometry":{"type":"MultiPolygon","coordinates":[[[[205054.04,1680524.57],[205045.44,1680531.33],[205037.78,1680521.72],[205046.39,1680514.97],[205054.04,1680524.57]]]]}},{"type":"Feature","properties":{"building":"yes","height":6,"heightSource":"default"},"geometry":{"type":"MultiPolygon","coordinates":[[[[205065.5,1680535.76],[205056.9,1680542.52],[205049.25,1680532.9],[205057.84,1680526.14],[205065.5,1680535.76]]]]}},{"type":"Feature","properties":{"building":"yes","height":6,"heightSource":"default"},"geometry":{"type":"MultiPolygon","coordinates":[[[[205084.19,1680419.15],[205090.76,1680411.69],[205100.54,1680420.2],[205093.95,1680427.65],[205084.19,1680419.15]]]]}},{"type":"Feature","properties":{"building":"yes","height":6,"heightSource":"default"},"geometry":{"type":"MultiPolygon","coordinates":[[[[205076.11,1680424.97],[205084.54,1680420.31],[205089.6,1680429.35],[205081.17,1680434],[205076.11,1680424.97]]]]}},{"type":"Feature","properties":{"building":"yes","height":6,"heightSource":"default"},"geometry":{"type":"MultiPolygon","coordinates":[[[[205080.12,1680409.65],[205086.05,1680414.25],[205081.89,1680419.53],[205075.96,1680414.91],[205080.12,1680409.65]]]]}},{"type":"Feature","properties":{"building":"yes","height":6,"heightSource":"default"},"geometry":{"type":"MultiPolygon","coordinates":[[[[205063.99,1680402.52],[205068.8,1680406.13],[205066.53,1680409.11],[205076.15,1680416.35],[205070.31,1680424.02],[205055.88,1680413.16],[205063.99,1680402.52]]]]}},{"type":"Feature","properties":{"building":"yes","height":6,"heightSource":"default"},"geometry":{"type":"MultiPolygon","coordinates":[[[[205146.47,1680398.65],[205148.29,1680381.96],[205155.7,1680382.75],[205153.87,1680399.44],[205146.47,1680398.65]]]]}},{"type":"Feature","properties":{"building":"yes","height":6,"heightSource":"default"},"geometry":{"type":"MultiPolygon","coordinates":[[[[205105.13,1680401.95],[205105.46,1680408.52],[205091.06,1680409.25],[205090.73,1680402.68],[205105.13,1680401.95]]]]}},{"type":"Feature","properties":{"building":"yes","height":6,"heightSource":"default"},"geometry":{"type":"MultiPolygon","coordinates":[[[[205110.4,1680383.7],[205108.95,1680396.56],[205095.59,1680395.07],[205097.04,1680382.2],[205110.4,1680383.7]]]]}},{"type":"Feature","properties":{"building":"yes","height":6,"heightSource":"default"},"geometry":{"type":"MultiPolygon","coordinates":[[[[205073.62,1680388.01],[205076.01,1680376.04],[205096.49,1680380.08],[205094.11,1680392.05],[205073.62,1680388.01]]]]}},{"type":"Feature","properties":{"building":"yes","height":6,"heightSource":"default"},"geometry":{"type":"MultiPolygon","coordinates":[[[[205417.19,1680196.77],[205417.04,1680206.67],[205404.92,1680206.49],[205405.22,1680187.71],[205409.83,1680187.77],[205409.77,1680191.78],[205415.25,1680191.87],[205415.17,1680196.74],[205417.19,1680196.77]]]]}},{"type":"Feature","properties":{"building":"yes","height":6,"heightSource":"default"},"geometry":{"type":"MultiPolygon","coordinates":[[[[205377.51,1680178.67],[205404.47,1680181.39],[205402.1,1680204.5],[205393.95,1680203.68],[205395.11,1680192.35],[205376.3,1680190.45],[205377.51,1680178.67]]]]}},{"type":"Feature","properties":{"building":"yes","height":6,"heightSource":"default"},"geometry":{"type":"MultiPolygon","coordinates":[[[[205360.67,1680177.25],[205373.06,1680177.56],[205372.58,1680196.33],[205360.2,1680196.02],[205360.67,1680177.25]]]]}},{"type":"Feature","properties":{"building":"yes","height":6,"heightSource":"default"},"geometry":{"type":"MultiPolygon","coordinates":[[[[205339.36,1680206.87],[205339.3,1680212.6],[205334.98,1680212.56],[205335.04,1680206.83],[205339.36,1680206.87]]]]}},{"type":"Feature","properties":{"building":"yes","height":6,"heightSource":"default"},"geometry":{"type":"MultiPolygon","coordinates":[[[[205340.3,1680198.37],[205340.24,1680204.1],[205335.92,1680204.06],[205335.97,1680198.32],[205340.3,1680198.37]]]]}},{"type":"Feature","properties":{"building":"yes","height":6,"heightSource":"default"},"geometry":{"type":"MultiPolygon","coordinates":[[[[205343,1680191.02],[205342.95,1680196.76],[205338.61,1680196.72],[205338.67,1680190.99],[205343,1680191.02]]]]}},{"type":"Feature","properties":{"building":"yes","height":6,"heightSource":"default"},"geometry":{"type":"MultiPolygon","coordinates":[[[[205314.37,1680180.95],[205314.31,1680186.69],[205309.98,1680186.64],[205310.03,1680180.91],[205314.37,1680180.95]]]]}},{"type":"Feature","properties":{"building":"yes","height":6,"heightSource":"default"},"geometry":{"type":"MultiPolygon","coordinates":[[[[205316.72,1680172.71],[205316.66,1680178.44],[205312.33,1680178.4],[205312.39,1680172.67],[205316.72,1680172.71]]]]}},{"type":"Feature","properties":{"building":"yes","height":6,"heightSource":"default"},"geometry":{"type":"MultiPolygon","coordinates":[[[[205293.77,1680195.57],[205302.86,1680195.78],[205301.9,1680237.75],[205292.81,1680237.54],[205293.77,1680195.57]]]]}},{"type":"Feature","properties":{"building":"yes","height":6,"heightSource":"default"},"geometry":{"type":"MultiPolygon","coordinates":[[[[205365.98,1680247.53],[205364.03,1680261.7],[205347.08,1680259.4],[205347.84,1680253.94],[205316.47,1680249.67],[205318.32,1680236.19],[205340.36,1680239.19],[205339.7,1680243.96],[205365.98,1680247.53]]]]}},{"type":"Feature","properties":{"building":"yes","height":6,"heightSource":"default"},"geometry":{"type":"MultiPolygon","coordinates":[[[[205356.7,1680280.27],[205368.5,1680279.58],[205368.98,1680287.75],[205357.19,1680288.44],[205356.7,1680280.27]]]]}},{"type":"Feature","properties":{"building":"yes","height":6,"heightSource":"default"},"geometry":{"type":"MultiPolygon","coordinates":[[[[205352.29,1680282.22],[205351.89,1680292.23],[205342.68,1680291.87],[205343.08,1680281.86],[205352.29,1680282.22]]]]}},{"type":"Feature","properties":{"building":"yes","height":6,"heightSource":"default"},"geometry":{"type":"MultiPolygon","coordinates":[[[[205260.98,1680301.34],[205270.08,1680298.29],[205272.48,1680305.39],[205263.38,1680308.44],[205260.98,1680301.34]]]]}},{"type":"Feature","properties":{"building":"yes","height":6,"heightSource":"default"},"geometry":{"type":"MultiPolygon","coordinates":[[[[205255.39,1680289.34],[205265.82,1680285.47],[205268.38,1680292.3],[205257.96,1680296.16],[205255.39,1680289.34]]]]}},{"type":"Feature","properties":{"building":"yes","height":6,"heightSource":"default"},"geometry":{"type":"MultiPolygon","coordinates":[[[[205269.41,1680277.12],[205261.05,1680281.28],[205256.52,1680272.28],[205264.87,1680268.12],[205269.41,1680277.12]]]]}},{"type":"Feature","properties":{"building":"yes","height":6,"heightSource":"default"},"geometry":{"type":"MultiPolygon","coordinates":[[[[205269.88,1680203.96],[205284.84,1680203.16],[205285.33,1680212.19],[205270.35,1680212.99],[205269.88,1680203.96]]]]}},{"type":"Feature","properties":{"building":"yes","height":6,"heightSource":"default"},"geometry":{"type":"MultiPolygon","coordinates":[[[[205268.22,1680193.97],[205268.05,1680189.67],[205279.12,1680189.22],[205279.61,1680201.24],[205264.79,1680201.84],[205264.48,1680194.11],[205268.22,1680193.97]]]]}},{"type":"Feature","properties":{"building":"yes","height":6,"heightSource":"default"},"geometry":{"type":"MultiPolygon","coordinates":[[[[205265.72,1680187.56],[205259.54,1680187.76],[205258.91,1680168.01],[205271.01,1680167.61],[205271.12,1680171.05],[205275.73,1680170.9],[205276.15,1680183.79],[205265.62,1680184.13],[205265.72,1680187.56]]]]}},{"type":"Feature","properties":{"building":"yes","height":6,"heightSource":"default"},"geometry":{"type":"MultiPolygon","coordinates":[[[[205276.38,1680176.65],[205285.03,1680176.4],[205285.28,1680185.45],[205276.63,1680185.69],[205276.38,1680176.65]]]]}},{"type":"Feature","properties":{"building":"yes","height":6,"heightSource":"default"},"geometry":{"type":"MultiPolygon","coordinates":[[[[205286.04,1680182.48],[205301,1680181.68],[205301.49,1680190.7],[205286.52,1680191.5],[205286.04,1680182.48]]]]}},{"type":"Feature","properties":{"building":"yes","height":6,"heightSource":"default"},"geometry":{"type":"MultiPolygon","coordinates":[[[[205289.2,1680171.34],[205304.16,1680170.54],[205304.65,1680179.57],[205289.68,1680180.37],[205289.2,1680171.34]]]]}},{"type":"Feature","properties":{"building":"yes","height":6,"heightSource":"default"},"geometry":{"type":"MultiPolygon","coordinates":[[[[205239.1,1680169.52],[205254.07,1680168.72],[205254.55,1680177.74],[205239.59,1680178.54],[205239.1,1680169.52]]]]}},{"type":"Feature","properties":{"building":"yes","height":6,"heightSource":"default"},"geometry":{"type":"MultiPolygon","coordinates":[[[[205238.59,1680159.55],[205253.56,1680158.74],[205254.04,1680167.77],[205239.08,1680168.56],[205238.59,1680159.55]]]]}},{"type":"Feature","properties":{"building":"yes","height":6,"heightSource":"default"},"geometry":{"type":"MultiPolygon","coordinates":[[[[205222.95,1680173.3],[205237.92,1680172.5],[205238.4,1680181.52],[205223.44,1680182.31],[205222.95,1680173.3]]]]}},{"type":"Feature","properties":{"building":"yes","height":6,"heightSource":"default"},"geometry":{"type":"MultiPolygon","coordinates":[[[[205223.7,1680161.37],[205238.66,1680160.56],[205239.15,1680169.59],[205224.19,1680170.39],[205223.7,1680161.37]]]]}},{"type":"Feature","properties":{"building":"yes","height":6,"heightSource":"default"},"geometry":{"type":"MultiPolygon","coordinates":[[[[205264.62,1680221.25],[205275.13,1680250.65],[205258.41,1680256.55],[205255.62,1680248.74],[205257.3,1680248.15],[205251.5,1680231.93],[205246.48,1680233.7],[205244.55,1680228.34],[205264.62,1680221.25]]]]}},{"type":"Feature","properties":{"building":"yes","height":6,"heightSource":"default"},"geometry":{"type":"MultiPolygon","coordinates":[[[[205243.59,1680260.78],[205231.22,1680260.2],[205231.6,1680252.47],[205243.96,1680253.07],[205243.59,1680260.78]]]]}},{"type":"Feature","properties":{"building":"yes","height":6,"heightSource":"default"},"geometry":{"type":"MultiPolygon","coordinates":[[[[205207.9,1680254.6],[205226.64,1680254.93],[205226.41,1680268.11],[205207.67,1680267.78],[205207.9,1680254.6]]]]}},{"type":"Feature","properties":{"building":"yes","height":6,"heightSource":"default"},"geometry":{"type":"MultiPolygon","coordinates":[[[[205196.7,1680258.69],[205203.34,1680258.7],[205203.32,1680268],[205196.68,1680267.99],[205196.7,1680258.69]]]]}},{"type":"Feature","properties":{"building":"yes","height":6,"heightSource":"default"},"geometry":{"type":"MultiPolygon","coordinates":[[[[205165.45,1680283.9],[205156.54,1680283.45],[205157.53,1680264.45],[205166.45,1680264.92],[205165.45,1680283.9]]]]}},{"type":"Feature","properties":{"building":"yes","height":6,"heightSource":"default"},"geometry":{"type":"MultiPolygon","coordinates":[[[[205138.35,1680293.96],[205138.48,1680282.93],[205151.46,1680283.08],[205151.33,1680294.11],[205138.35,1680293.96]]]]}},{"type":"Feature","properties":{"building":"yes","height":6,"heightSource":"default"},"geometry":{"type":"MultiPolygon","coordinates":[[[[205133.05,1680341.26],[205135.12,1680333.82],[205143.4,1680336.1],[205141.33,1680343.53],[205133.05,1680341.26]]]]}},{"type":"Feature","properties":{"building":"yes","height":6,"heightSource":"default"},"geometry":{"type":"MultiPolygon","coordinates":[[[[205093.85,1680323.31],[205091.76,1680333.92],[205084,1680332.43],[205086.07,1680321.81],[205093.85,1680323.31]]]]}},{"type":"Feature","properties":{"building":"yes","height":6,"heightSource":"default"},"geometry":{"type":"MultiPolygon","coordinates":[[[[205040.12,1680326.73],[205054.83,1680326.52],[205054.75,1680321.37],[205061.68,1680321.28],[205061.93,1680339.34],[205040.29,1680339.63],[205040.12,1680326.73]]]]}},{"type":"Feature","properties":{"building":"yes","height":6,"heightSource":"default"},"geometry":{"type":"MultiPolygon","coordinates":[[[[205042.45,1680345.58],[205066.24,1680344.9],[205066.9,1680367.52],[205047.59,1680368.09],[205047.09,1680351.18],[205042.62,1680351.32],[205042.45,1680345.58]]]]}},{"type":"Feature","properties":{"building":"yes","height":6,"heightSource":"default"},"geometry":{"type":"MultiPolygon","coordinates":[[[[205049.94,1680369.14],[205066.66,1680368.5],[205067.01,1680377.65],[205050.29,1680378.29],[205049.94,1680369.14]]]]}},{"type":"Feature","properties":{"building":"yes","height":6,"heightSource":"default"},"geometry":{"type":"MultiPolygon","coordinates":[[[[205214.98,1680162.39],[205214.98,1680157.67],[205220.87,1680157.65],[205220.87,1680162.38],[205214.98,1680162.39]]]]}},{"type":"Feature","properties":{"building":"yes","height":6,"heightSource":"default"},"geometry":{"type":"MultiPolygon","coordinates":[[[[205214.43,1680168.87],[205214.41,1680164.16],[205220.31,1680164.14],[205220.32,1680168.87],[205214.43,1680168.87]]]]}},{"type":"Feature","properties":{"building":"yes","height":6,"heightSource":"default"},"geometry":{"type":"MultiPolygon","coordinates":[[[[205216.34,1680180.28],[205216.33,1680175.56],[205222.22,1680175.54],[205222.23,1680180.27],[205216.34,1680180.28]]]]}},{"type":"Feature","properties":{"building":"yes","height":6,"heightSource":"default"},"geometry":{"type":"MultiPolygon","coordinates":[[[[205238.56,1680183.04],[205239.43,1680191.27],[205242.29,1680190.97],[205243.05,1680198.07],[205229.63,1680199.49],[205227.99,1680184.17],[205238.56,1680183.04]]]]}},{"type":"Feature","properties":{"building":"yes","height":6,"heightSource":"default"},"geometry":{"type":"MultiPolygon","coordinates":[[[[205248.14,1680193.6],[205248.14,1680188.88],[205254.02,1680188.87],[205254.03,1680193.59],[205248.14,1680193.6]]]]}},{"type":"Feature","properties":{"building":"yes","height":6,"heightSource":"default"},"geometry":{"type":"MultiPolygon","coordinates":[[[[205247.35,1680185.7],[205247.35,1680180.98],[205253.24,1680180.97],[205253.25,1680185.69],[205247.35,1680185.7]]]]}},{"type":"Feature","properties":{"building":"yes","height":6,"heightSource":"default"},"geometry":{"type":"MultiPolygon","coordinates":[[[[205255.74,1680205.09],[205255.26,1680219.52],[205245.18,1680219.2],[205245.66,1680204.76],[205255.74,1680205.09]]]]}},{"type":"Feature","properties":{"building":"yes","height":6,"heightSource":"default"},"geometry":{"type":"MultiPolygon","coordinates":[[[[205243.13,1680217.99],[205232.34,1680218.34],[205232.15,1680212.32],[205242.93,1680211.97],[205243.13,1680217.99]]]]}},{"type":"Feature","properties":{"building":"yes","height":6,"heightSource":"default"},"geometry":{"type":"MultiPolygon","coordinates":[[[[205242.69,1680209.99],[205231.9,1680210.35],[205231.7,1680204.34],[205242.5,1680203.98],[205242.69,1680209.99]]]]}},{"type":"Feature","properties":{"building":"yes","height":6,"heightSource":"default"},"geometry":{"type":"MultiPolygon","coordinates":[[[[205218.81,1680213.97],[205227.46,1680214.12],[205227.29,1680222.72],[205218.64,1680222.56],[205218.81,1680213.97]]]]}},{"type":"Feature","properties":{"building":"yes","height":6,"heightSource":"default"},"geometry":{"type":"MultiPolygon","coordinates":[[[[205207.56,1680234.99],[205209.91,1680226.49],[205214.72,1680227.81],[205212.36,1680236.3],[205207.56,1680234.99]]]]}},{"type":"Feature","properties":{"building":"yes","height":6,"heightSource":"default"},"geometry":{"type":"MultiPolygon","coordinates":[[[[205179.72,1680226.87],[205181.9,1680213.49],[205196.61,1680215.85],[205195.65,1680221.7],[205204.34,1680223.09],[205203.13,1680230.62],[205179.72,1680226.87]]]]}},{"type":"Feature","properties":{"building":"yes","height":6,"heightSource":"default"},"geometry":{"type":"MultiPolygon","coordinates":[[[[205213.99,1680206.61],[205204.49,1680207],[205203.85,1680192.4],[205213.36,1680192.01],[205213.99,1680206.61]]]]}},{"type":"Feature","properties":{"building":"yes","height":6,"heightSource":"default"},"geometry":{"type":"MultiPolygon","coordinates":[[[[205226.59,1680197],[205217.09,1680197.41],[205216.46,1680182.81],[205225.97,1680182.4],[205226.59,1680197]]]]}},{"type":"Feature","properties":{"building":"yes","height":6,"heightSource":"default"},"geometry":{"type":"MultiPolygon","coordinates":[[[[205205.26,1680182.66],[205214.18,1680182.24],[205214.48,1680188.53],[205205.56,1680188.96],[205205.26,1680182.66]]]]}},{"type":"Feature","properties":{"building":"yes","height":6,"heightSource":"default"},"geometry":{"type":"MultiPolygon","coordinates":[[[[205213.79,1680180.21],[205204.17,1680180.72],[205203.12,1680160.69],[205212.74,1680160.19],[205213.79,1680180.21]]]]}},{"type":"Feature","properties":{"building":"yes","height":6,"heightSource":"default"},"geometry":{"type":"MultiPolygon","coordinates":[[[[205181.44,1680153.62],[205199.72,1680153.87],[205199.52,1680168.04],[205181.24,1680167.8],[205181.44,1680153.62]]]]}},{"type":"Feature","properties":{"building":"yes","height":6,"heightSource":"default"},"geometry":{"type":"MultiPolygon","coordinates":[[[[205181.64,1680183.17],[205181.63,1680178.44],[205187.52,1680178.44],[205187.53,1680183.16],[205181.64,1680183.17]]]]}},{"type":"Feature","properties":{"building":"yes","height":6,"heightSource":"default"},"geometry":{"type":"MultiPolygon","coordinates":[[[[205185.74,1680174.36],[205185.74,1680169.63],[205191.63,1680169.63],[205191.63,1680174.34],[205185.74,1680174.36]]]]}},{"type":"Feature","properties":{"building":"yes","height":6,"heightSource":"default"},"geometry":{"type":"MultiPolygon","coordinates":[[[[205189.41,1680187.66],[205189.21,1680195.68],[205182.02,1680195.51],[205182.21,1680187.49],[205189.41,1680187.66]]]]}},{"type":"Feature","properties":{"building":"yes","height":6,"heightSource":"default"},"geometry":{"type":"MultiPolygon","coordinates":[[[[205199.58,1680195.36],[205193.83,1680195.11],[205194.15,1680187.81],[205199.9,1680188.06],[205199.58,1680195.36]]]]}},{"type":"Feature","properties":{"building":"yes","height":6,"heightSource":"default"},"geometry":{"type":"MultiPolygon","coordinates":[[[[205153.21,1680199.04],[205155,1680184.96],[205167.31,1680186.51],[205165.51,1680200.59],[205153.21,1680199.04]]]]}},{"type":"Feature","properties":{"building":"yes","height":6,"heightSource":"default"},"geometry":{"type":"MultiPolygon","coordinates":[[[[205140.62,1680186.83],[205144.44,1680171.62],[205155.65,1680174.41],[205151.84,1680189.6],[205140.62,1680186.83]]]]}},{"type":"Feature","properties":{"building":"yes","height":6,"heightSource":"default"},"geometry":{"type":"MultiPolygon","coordinates":[[[[205159.56,1680153.47],[205167.05,1680153.68],[205166.77,1680163.41],[205159.29,1680163.21],[205159.56,1680153.47]]]]}},{"type":"Feature","properties":{"building":"yes","height":6,"heightSource":"default"},"geometry":{"type":"MultiPolygon","coordinates":[[[[205145.36,1680167.24],[205147.28,1680149.7],[205156.39,1680150.68],[205154.47,1680168.22],[205145.36,1680167.24]]]]}},{"type":"Feature","properties":{"building":"yes","height":6,"heightSource":"default"},"geometry":{"type":"MultiPolygon","coordinates":[[[[205136.02,1680152.33],[205144.5,1680153.48],[205143.21,1680162.76],[205134.74,1680161.59],[205136.02,1680152.33]]]]}},{"type":"Feature","properties":{"building":"yes","height":6,"heightSource":"default"},"geometry":{"type":"MultiPolygon","coordinates":[[[[205119.85,1680147.98],[205130.65,1680149.79],[205125.5,1680179.97],[205117.23,1680178.58],[205118.13,1680173.29],[205112.53,1680172.36],[205113.8,1680164.98],[205116.87,1680165.5],[205119.85,1680147.98]]]]}},{"type":"Feature","properties":{"building":"yes","height":6,"heightSource":"default"},"geometry":{"type":"MultiPolygon","coordinates":[[[[205094.7,1680166.29],[205071.94,1680163.83],[205074.14,1680143.75],[205096.91,1680146.21],[205094.7,1680166.29]]]]}},{"type":"Feature","properties":{"building":"yes","height":6,"heightSource":"default"},"geometry":{"type":"MultiPolygon","coordinates":[[[[205119.42,1680180.34],[205118.2,1680190.51],[205099.17,1680188.26],[205100.78,1680174.85],[205116.12,1680176.66],[205115.73,1680179.91],[205119.42,1680180.34]]]]}},{"type":"Feature","properties":{"building":"yes","height":6,"heightSource":"default"},"geometry":{"type":"MultiPolygon","coordinates":[[[[205101.71,1680213.7],[205129.56,1680221.18],[205126.27,1680233.29],[205108.32,1680228.46],[205109.59,1680223.81],[205103.28,1680222.11],[205102.26,1680225.84],[205091.55,1680222.96],[205093.36,1680216.3],[205100.47,1680218.22],[205101.71,1680213.7]]]]}},{"type":"Feature","properties":{"building":"yes","height":6,"heightSource":"default"},"geometry":{"type":"MultiPolygon","coordinates":[[[[205126.35,1680251.5],[205127.55,1680243.09],[205138.84,1680244.68],[205137.64,1680253.1],[205126.35,1680251.5]]]]}},{"type":"Feature","properties":{"building":"yes","height":6,"heightSource":"default"},"geometry":{"type":"MultiPolygon","coordinates":[[[[205118.73,1680249.22],[205119.63,1680241.45],[205125.32,1680242.11],[205124.41,1680249.88],[205118.73,1680249.22]]]]}},{"type":"Feature","properties":{"building":"yes","height":6,"heightSource":"default"},"geometry":{"type":"MultiPolygon","coordinates":[[[[205093.5,1680244.09],[205096.55,1680232.3],[205118.66,1680237.94],[205115.6,1680249.74],[205093.5,1680244.09]]]]}},{"type":"Feature","properties":{"building":"yes","height":6,"heightSource":"default"},"geometry":{"type":"MultiPolygon","coordinates":[[[[205104.62,1680247.95],[205100.2,1680262.46],[205089.53,1680259.25],[205093.96,1680244.74],[205104.62,1680247.95]]]]}},{"type":"Feature","properties":{"building":"yes","height":6,"heightSource":"default"},"geometry":{"type":"MultiPolygon","coordinates":[[[[205076.08,1680277.56],[205076.56,1680266.98],[205074.25,1680266.87],[205074.62,1680258.87],[205089.73,1680259.55],[205088.88,1680278.13],[205076.08,1680277.56]]]]}},{"type":"Feature","properties":{"building":"yes","height":6,"heightSource":"default"},"geometry":{"type":"MultiPolygon","coordinates":[[[[205098.13,1680278.56],[205102.32,1680262.5],[205109.47,1680264.34],[205105.29,1680280.4],[205098.13,1680278.56]]]]}},{"type":"Feature","properties":{"building":"yes","height":6,"heightSource":"default"},"geometry":{"type":"MultiPolygon","coordinates":[[[[205061.66,1680253.19],[205067.84,1680253.62],[205067.37,1680260.31],[205061.2,1680259.89],[205061.66,1680253.19]]]]}},{"type":"Feature","properties":{"building":"yes","height":6,"heightSource":"default"},"geometry":{"type":"MultiPolygon","coordinates":[[[[205060,1680250.87],[205060.46,1680240.87],[205071.27,1680241.36],[205070.8,1680251.37],[205060,1680250.87]]]]}},{"type":"Feature","properties":{"building":"yes","height":6,"heightSource":"default"},"geometry":{"type":"MultiPolygon","coordinates":[[[[205047.77,1680232.12],[205057.57,1680232.28],[205057.43,1680240.87],[205047.63,1680240.72],[205047.77,1680232.12]]]]}},{"type":"Feature","properties":{"building":"yes","height":6,"heightSource":"default"},"geometry":{"type":"MultiPolygon","coordinates":[[[[205050.52,1680217.68],[205059.92,1680218.68],[205058.58,1680231.14],[205049.18,1680230.14],[205050.52,1680217.68]]]]}},{"type":"Feature","properties":{"building":"yes","height":6,"heightSource":"default"},"geometry":{"type":"MultiPolygon","coordinates":[[[[205106.77,1680170.98],[205098.42,1680170.78],[205098.97,1680147.59],[205107.32,1680147.78],[205106.77,1680170.98]]]]}},{"type":"Feature","properties":{"building":"yes","height":6,"heightSource":"default"},"geometry":{"type":"MultiPolygon","coordinates":[[[[205055.11,1680284.6],[205057.07,1680276.19],[205064.71,1680277.94],[205062.76,1680286.35],[205055.11,1680284.6]]]]}},{"type":"Feature","properties":{"building":"yes","height":6,"heightSource":"default"},"geometry":{"type":"MultiPolygon","coordinates":[[[[205058.09,1680313.77],[205060.05,1680305.36],[205067.69,1680307.12],[205065.73,1680315.52],[205058.09,1680313.77]]]]}},{"type":"Feature","properties":{"building":"yes","height":6,"heightSource":"default"},"geometry":{"type":"MultiPolygon","coordinates":[[[[205046.01,1680433.81],[205052.85,1680426.62],[205060.39,1680433.69],[205053.55,1680440.88],[205046.01,1680433.81]]]]}},{"type":"Feature","properties":{"building":"yes","height":6,"heightSource":"default"},"geometry":{"type":"MultiPolygon","coordinates":[[[[205033.57,1680421.13],[205021.99,1680417.88],[205025.45,1680405.71],[205037.02,1680408.96],[205033.57,1680421.13]]]]}},{"type":"Feature","properties":{"building":"yes","height":6,"heightSource":"default"},"geometry":{"type":"MultiPolygon","coordinates":[[[[205025.68,1680425.67],[205020.27,1680432.86],[205012.39,1680427.01],[205017.8,1680419.81],[205025.68,1680425.67]]]]}},{"type":"Feature","properties":{"building":"yes","height":6,"heightSource":"default"},"geometry":{"type":"MultiPolygon","coordinates":[[[[205005.15,1680396.19],[205007.06,1680383.9],[205022.52,1680386.26],[205022.72,1680385],[205041.27,1680387.83],[205039.17,1680401.39],[205005.15,1680396.19]]]]}},{"type":"Feature","properties":{"building":"yes","height":6,"heightSource":"default"},"geometry":{"type":"MultiPolygon","coordinates":[[[[205025.12,1680369.91],[205034.33,1680370.15],[205034.06,1680380.17],[205024.84,1680379.92],[205025.12,1680369.91]]]]}},{"type":"Feature","properties":{"building":"yes","height":6,"heightSource":"default"},"geometry":{"type":"MultiPolygon","coordinates":[[[[205035.86,1680363.37],[205035.76,1680369.39],[205021.06,1680369.17],[205021.16,1680363.16],[205035.86,1680363.37]]]]}},{"type":"Feature","properties":{"building":"yes","height":6,"heightSource":"default"},"geometry":{"type":"MultiPolygon","coordinates":[[[[205017.15,1680356],[205017.14,1680345.11],[205031.85,1680345.11],[205031.85,1680355.99],[205017.15,1680356]]]]}},{"type":"Feature","properties":{"building":"yes","height":6,"heightSource":"default"},"geometry":{"type":"MultiPolygon","coordinates":[[[[205014.26,1680356.06],[205007.34,1680356],[205007.45,1680344.25],[205014.37,1680344.32],[205014.26,1680356.06]]]]}},{"type":"Feature","properties":{"building":"yes","height":6,"heightSource":"default"},"geometry":{"type":"MultiPolygon","coordinates":[[[[204998.84,1680346.34],[205006.05,1680346.44],[205005.91,1680355.9],[204998.71,1680355.8],[204998.84,1680346.34]]]]}},{"type":"Feature","properties":{"building":"yes","height":6,"heightSource":"default"},"geometry":{"type":"MultiPolygon","coordinates":[[[[205003.68,1680376.96],[205003.94,1680365.37],[205006.97,1680365.44],[205007.11,1680359.43],[205018.92,1680359.69],[205018.52,1680377.3],[205003.68,1680376.96]]]]}},{"type":"Feature","properties":{"building":"yes","height":6,"heightSource":"default"},"geometry":{"type":"MultiPolygon","coordinates":[[[[204983.77,1680381.72],[204997.36,1680384.31],[204995.23,1680395.34],[204981.64,1680392.75],[204983.77,1680381.72]]]]}},{"type":"Feature","properties":{"building":"yes","height":6,"heightSource":"default"},"geometry":{"type":"MultiPolygon","coordinates":[[[[204993.73,1680414.45],[204982.42,1680410.04],[204986.85,1680398.79],[204998.17,1680403.19],[204993.73,1680414.45]]]]}},{"type":"Feature","properties":{"building":"yes","height":6,"heightSource":"default"},"geometry":{"type":"MultiPolygon","coordinates":[[[[205008.47,1680413.99],[205005.59,1680420.23],[205000.26,1680417.79],[205003.14,1680411.55],[205008.47,1680413.99]]]]}},{"type":"Feature","properties":{"building":"yes","height":6,"heightSource":"default"},"geometry":{"type":"MultiPolygon","coordinates":[[[[205003.48,1680419.72],[205001.41,1680422.97],[204996.1,1680419.63],[204998.16,1680416.38],[205003.48,1680419.72]]]]}},{"type":"Feature","properties":{"building":"yes","height":6,"heightSource":"default"},"geometry":{"type":"MultiPolygon","coordinates":[[[[204999.8,1680442.31],[204993.93,1680451.3],[204980.86,1680442.86],[204986.74,1680433.86],[204999.8,1680442.31]]]]}},{"type":"Feature","properties":{"building":"yes","height":6,"heightSource":"default"},"geometry":{"type":"MultiPolygon","coordinates":[[[[204966.68,1680328.53],[204966.58,1680343.72],[204955.62,1680343.65],[204955.72,1680328.46],[204966.68,1680328.53]]]]}},{"type":"Feature","properties":{"building":"yes","height":6,"heightSource":"default"},"geometry":{"type":"MultiPolygon","coordinates":[[[[204991.02,1680343.9],[204983.39,1680343.81],[204983.55,1680330.5],[204991.18,1680330.59],[204991.02,1680343.9]]]]}},{"type":"Feature","properties":{"building":"yes","height":6,"heightSource":"default"},"geometry":{"type":"MultiPolygon","coordinates":[[[[204982.39,1680346.45],[204990.62,1680346.54],[204990.5,1680355.28],[204982.29,1680355.19],[204982.39,1680346.45]]]]}},{"type":"Feature","properties":{"building":"yes","height":6,"heightSource":"default"},"geometry":{"type":"MultiPolygon","coordinates":[[[[205755.05,1680831.91],[205755.19,1680827.43],[205757.67,1680827.5],[205757.53,1680831.99],[205755.05,1680831.91]]]]}},{"type":"Feature","properties":{"building":"yes","height":6,"heightSource":"default"},"geometry":{"type":"MultiPolygon","coordinates":[[[[205657.38,1680902.6],[205657.22,1680897.1],[205659.92,1680897.02],[205659.97,1680898.64],[205661.68,1680898.59],[205661.8,1680902.47],[205657.38,1680902.6]]]]}},{"type":"Feature","properties":{"building":"yes","height":6,"heightSource":"default"},"geometry":{"type":"MultiPolygon","coordinates":[[[[205977.39,1680063.32],[205975.93,1680068.81],[205966.9,1680066.45],[205968.35,1680060.95],[205977.39,1680063.32]]]]}},{"type":"Feature","properties":{"building":"yes","height":6,"heightSource":"default"},"geometry":{"type":"MultiPolygon","coordinates":[[[[204978.02,1680368.98],[204969.24,1680369.17],[204969.1,1680362.87],[204977.89,1680362.68],[204978.02,1680368.98]]]]}},{"type":"Feature","properties":{"building":"yes","height":6,"heightSource":"default"},"geometry":{"type":"MultiPolygon","coordinates":[[[[204981.56,1680360.14],[204972.78,1680360.33],[204972.65,1680354.03],[204981.43,1680353.85],[204981.56,1680360.14]]]]}},{"type":"Feature","properties":{"building":"yes","height":6,"heightSource":"default"},"geometry":{"type":"MultiPolygon","coordinates":[[[[204974.64,1680350.29],[204967.59,1680350.13],[204967.72,1680344.39],[204974.78,1680344.56],[204974.64,1680350.29]]]]}},{"type":"Feature","properties":{"building":"yes","height":6,"heightSource":"default"},"geometry":{"type":"MultiPolygon","coordinates":[[[[204982.12,1680324.78],[204982.26,1680317.61],[204989.9,1680317.75],[204989.77,1680324.92],[204982.12,1680324.78]]]]}},{"type":"Feature","properties":{"building":"yes","height":6,"heightSource":"default"},"geometry":{"type":"MultiPolygon","coordinates":[[[[205021.71,1680319.09],[205007.29,1680319.5],[205007.49,1680326.23],[204997.97,1680326.51],[204997.59,1680312.9],[205021.5,1680312.22],[205021.71,1680319.09]]]]}},{"type":"Feature","properties":{"building":"yes","height":6,"heightSource":"default"},"geometry":{"type":"MultiPolygon","coordinates":[[[[205009.58,1680320.21],[205014.76,1680319.91],[205015.07,1680325.34],[205009.89,1680325.64],[205009.58,1680320.21]]]]}},{"type":"Feature","properties":{"building":"yes","height":6,"heightSource":"default"},"geometry":{"type":"MultiPolygon","coordinates":[[[[205031.8,1680319.67],[205032.64,1680327.91],[205023.08,1680328.87],[205022.23,1680320.63],[205031.8,1680319.67]]]]}},{"type":"Feature","properties":{"building":"yes","height":6,"heightSource":"default"},"geometry":{"type":"MultiPolygon","coordinates":[[[[205028.48,1680301.5],[205016.54,1680302.04],[205016.06,1680291.73],[205028.01,1680291.19],[205028.48,1680301.5]]]]}},{"type":"Feature","properties":{"building":"yes","height":6,"heightSource":"default"},"geometry":{"type":"MultiPolygon","coordinates":[[[[205008.25,1680292.16],[205014.59,1680291.91],[205014.94,1680300.65],[205008.6,1680300.89],[205008.25,1680292.16]]]]}},{"type":"Feature","properties":{"building":"yes","height":6,"heightSource":"default"},"geometry":{"type":"MultiPolygon","coordinates":[[[[205007.58,1680304.47],[204996.78,1680304.44],[204996.81,1680291.26],[205007.61,1680291.28],[205007.58,1680304.47]]]]}},{"type":"Feature","properties":{"building":"yes","height":6,"heightSource":"default"},"geometry":{"type":"MultiPolygon","coordinates":[[[[204988.21,1680290.19],[204994.11,1680289.98],[204994.35,1680296.85],[204988.46,1680297.06],[204988.21,1680290.19]]]]}},{"type":"Feature","properties":{"building":"yes","height":6,"heightSource":"default"},"geometry":{"type":"MultiPolygon","coordinates":[[[[204988.88,1680297.92],[204994.78,1680297.71],[204995.03,1680304.59],[204989.13,1680304.79],[204988.88,1680297.92]]]]}},{"type":"Feature","properties":{"building":"yes","height":6,"heightSource":"default"},"geometry":{"type":"MultiPolygon","coordinates":[[[[204961.2,1680303.76],[204961.3,1680288.86],[204987.54,1680289.04],[204987.44,1680303.94],[204961.2,1680303.76]]]]}},{"type":"Feature","properties":{"building":"yes","height":6,"heightSource":"default"},"geometry":{"type":"MultiPolygon","coordinates":[[[[204958.94,1680314.85],[204959.23,1680305.11],[204976.92,1680305.61],[204976.65,1680315.35],[204958.94,1680314.85]]]]}},{"type":"Feature","properties":{"building":"yes","height":6,"heightSource":"default"},"geometry":{"type":"MultiPolygon","coordinates":[[[[204979.15,1680277.33],[204990.84,1680277.08],[204991.02,1680285.39],[204979.34,1680285.65],[204979.15,1680277.33]]]]}},{"type":"Feature","properties":{"building":"yes","height":6,"heightSource":"default"},"geometry":{"type":"MultiPolygon","coordinates":[[[[205009.26,1680260.15],[205020.38,1680260.07],[205020.44,1680271.4],[205009.33,1680271.47],[205009.26,1680260.15]]]]}},{"type":"Feature","properties":{"building":"yes","height":6,"heightSource":"default"},"geometry":{"type":"MultiPolygon","coordinates":[[[[205020.64,1680271.27],[205024.3,1680270.69],[205025.08,1680275.58],[205021.42,1680276.16],[205020.64,1680271.27]]]]}},{"type":"Feature","properties":{"building":"yes","height":6,"heightSource":"default"},"geometry":{"type":"MultiPolygon","coordinates":[[[[205020.76,1680290.37],[205005.2,1680289.94],[205005.58,1680276.19],[205021.13,1680276.62],[205020.76,1680290.37]]]]}},{"type":"Feature","properties":{"building":"yes","height":6,"heightSource":"default"},"geometry":{"type":"MultiPolygon","coordinates":[[[[205009.09,1680269.66],[205002.18,1680269.9],[205001.83,1680260.45],[205008.75,1680260.21],[205009.09,1680269.66]]]]}},{"type":"Feature","properties":{"building":"yes","height":6,"heightSource":"default"},"geometry":{"type":"MultiPolygon","coordinates":[[[[205001.02,1680257.53],[205001.79,1680273.68],[204994.72,1680274.02],[204993.95,1680257.86],[205001.02,1680257.53]]]]}},{"type":"Feature","properties":{"building":"yes","height":6,"heightSource":"default"},"geometry":{"type":"MultiPolygon","coordinates":[[[[204993.47,1680273.93],[204988.43,1680274.32],[204987.81,1680266.04],[204992.85,1680265.66],[204993.47,1680273.93]]]]}},{"type":"Feature","properties":{"building":"yes","height":6,"heightSource":"default"},"geometry":{"type":"MultiPolygon","coordinates":[[[[204955,1680253.19],[204946.08,1680252.86],[204946.32,1680246.56],[204955.24,1680246.9],[204955,1680253.19]]]]}},{"type":"Feature","properties":{"building":"yes","height":6,"heightSource":"default"},"geometry":{"type":"MultiPolygon","coordinates":[[[[204955.06,1680245.92],[204946.14,1680245.59],[204946.38,1680239.3],[204955.31,1680239.63],[204955.06,1680245.92]]]]}},{"type":"Feature","properties":{"building":"yes","height":6,"heightSource":"default"},"geometry":{"type":"MultiPolygon","coordinates":[[[[204954.71,1680238.29],[204945.79,1680237.96],[204946.02,1680231.66],[204954.95,1680231.99],[204954.71,1680238.29]]]]}},{"type":"Feature","properties":{"building":"yes","height":6,"heightSource":"default"},"geometry":{"type":"MultiPolygon","coordinates":[[[[204944.33,1680228.31],[204944.73,1680206.82],[204956.1,1680207.02],[204955.7,1680228.51],[204944.33,1680228.31]]]]}},{"type":"Feature","properties":{"building":"yes","height":6,"heightSource":"default"},"geometry":{"type":"MultiPolygon","coordinates":[[[[204967.7,1680218.6],[204958.78,1680218.27],[204959.01,1680211.98],[204967.94,1680212.31],[204967.7,1680218.6]]]]}},{"type":"Feature","properties":{"building":"yes","height":6,"heightSource":"default"},"geometry":{"type":"MultiPolygon","coordinates":[[[[204990.97,1680243.43],[204996.15,1680243.68],[204995.68,1680253.4],[204990.5,1680253.15],[204990.97,1680243.43]]]]}},{"type":"Feature","properties":{"building":"yes","height":6,"heightSource":"default"},"geometry":{"type":"MultiPolygon","coordinates":[[[[204990.93,1680221.26],[205001.01,1680221.56],[205000.34,1680242.31],[204990.26,1680241.99],[204990.93,1680221.26]]]]}},{"type":"Feature","properties":{"building":"yes","height":6,"heightSource":"default"},"geometry":{"type":"MultiPolygon","coordinates":[[[[204978.41,1680221.07],[204988.49,1680221.37],[204987.84,1680242.12],[204977.75,1680241.81],[204978.41,1680221.07]]]]}},{"type":"Feature","properties":{"building":"yes","height":6,"heightSource":"default"},"geometry":{"type":"MultiPolygon","coordinates":[[[[204967.82,1680214.33],[204977.9,1680214.64],[204977.24,1680235.38],[204967.16,1680235.06],[204967.82,1680214.33]]]]}},{"type":"Feature","properties":{"building":"yes","height":6,"heightSource":"default"},"geometry":{"type":"MultiPolygon","coordinates":[[[[205014.4,1680225.01],[205029.79,1680225.48],[205029.43,1680236.93],[205034.78,1680237.09],[205034.67,1680240.53],[205013.94,1680239.9],[205014.4,1680225.01]]]]}},{"type":"Feature","properties":{"building":"yes","height":6,"heightSource":"default"},"geometry":{"type":"MultiPolygon","coordinates":[[[[205023.86,1680222.44],[205024.23,1680213.86],[205034.87,1680214.3],[205034.51,1680222.88],[205023.86,1680222.44]]]]}},{"type":"Feature","properties":{"building":"yes","height":6,"heightSource":"default"},"geometry":{"type":"MultiPolygon","coordinates":[[[[205055.93,1680207.12],[205063.49,1680209.53],[205062.07,1680213.93],[205054.51,1680211.52],[205055.93,1680207.12]]]]}},{"type":"Feature","properties":{"building":"yes","height":6,"heightSource":"default"},"geometry":{"type":"MultiPolygon","coordinates":[[[[205015.35,1680200.32],[205022.9,1680202.72],[205021.49,1680207.12],[205013.93,1680204.72],[205015.35,1680200.32]]]]}},{"type":"Feature","properties":{"building":"yes","height":6,"heightSource":"default"},"geometry":{"type":"MultiPolygon","coordinates":[[[[205013.72,1680206.82],[205021.28,1680209.22],[205019.86,1680213.62],[205012.3,1680211.22],[205013.72,1680206.82]]]]}},{"type":"Feature","properties":{"building":"yes","height":6,"heightSource":"default"},"geometry":{"type":"MultiPolygon","coordinates":[[[[205033.82,1680189.38],[205045,1680192.29],[205044.08,1680195.77],[205048.65,1680196.97],[205046.12,1680206.59],[205030.36,1680202.48],[205033.82,1680189.38]]]]}},{"type":"Feature","properties":{"building":"yes","height":6,"heightSource":"default"},"geometry":{"type":"MultiPolygon","coordinates":[[[[205037,1680186.05],[205039.39,1680177.89],[205047.6,1680180.28],[205045.2,1680188.44],[205037,1680186.05]]]]}},{"type":"Feature","properties":{"building":"yes","height":6,"heightSource":"default"},"geometry":{"type":"MultiPolygon","coordinates":[[[[205040.2,1680172.78],[205040.41,1680160.74],[205054.08,1680160.98],[205053.87,1680173],[205040.2,1680172.78]]]]}},{"type":"Feature","properties":{"building":"yes","height":6,"heightSource":"default"},"geometry":{"type":"MultiPolygon","coordinates":[[[[205051.97,1680142.27],[205060.89,1680142.63],[205060.23,1680158.65],[205043.54,1680157.96],[205044.05,1680145.53],[205051.82,1680145.84],[205051.97,1680142.27]]]]}},{"type":"Feature","properties":{"building":"yes","height":6,"heightSource":"default"},"geometry":{"type":"MultiPolygon","coordinates":[[[[205028.13,1680164.71],[205029.57,1680154.33],[205020.36,1680153.07],[205022.44,1680138.04],[205043.8,1680140.96],[205042.74,1680148.54],[205038.22,1680147.92],[205038.46,1680146.25],[205036.48,1680145.97],[205035.87,1680150.32],[205042.21,1680151.19],[205040.11,1680166.36],[205028.13,1680164.71]]]]}},{"type":"Feature","properties":{"building":"yes","height":6,"heightSource":"default"},"geometry":{"type":"MultiPolygon","coordinates":[[[[205018.79,1680150.25],[205016.62,1680164.21],[205020.84,1680164.87],[205019.28,1680174.92],[205001.28,1680172.17],[205005.01,1680148.14],[205018.79,1680150.25]]]]}},{"type":"Feature","properties":{"building":"yes","height":6,"heightSource":"default"},"geometry":{"type":"MultiPolygon","coordinates":[[[[204997.27,1680185.72],[205000.25,1680172.37],[205016.03,1680175.85],[205014.71,1680181.71],[205010.17,1680180.72],[205008.51,1680188.2],[204997.27,1680185.72]]]]}},{"type":"Feature","properties":{"building":"yes","height":6,"heightSource":"default"},"geometry":{"type":"MultiPolygon","coordinates":[[[[205010.24,1680134.67],[205017.45,1680134.86],[205017.13,1680147.32],[205009.93,1680147.13],[205010.24,1680134.67]]]]}},{"type":"Feature","properties":{"building":"yes","height":6,"heightSource":"default"},"geometry":{"type":"MultiPolygon","coordinates":[[[[205006.07,1680134.54],[205005.14,1680151.38],[204980.02,1680150],[204980.96,1680133.16],[205006.07,1680134.54]]]]}},{"type":"Feature","properties":{"building":"yes","height":6,"heightSource":"default"},"geometry":{"type":"MultiPolygon","coordinates":[[[[204997.75,1680154.39],[204997.36,1680166.83],[204978.94,1680166.27],[204979.32,1680153.83],[204997.75,1680154.39]]]]}},{"type":"Feature","properties":{"building":"yes","height":6,"heightSource":"default"},"geometry":{"type":"MultiPolygon","coordinates":[[[[204995.77,1680169.14],[204995.54,1680182.03],[204982.57,1680181.81],[204982.71,1680174.06],[204977.24,1680173.97],[204977.32,1680168.82],[204995.77,1680169.14]]]]}},{"type":"Feature","properties":{"building":"yes","height":6,"heightSource":"default"},"geometry":{"type":"MultiPolygon","coordinates":[[[[204981.89,1680192.32],[204982.9,1680183.56],[204994.27,1680184.85],[204993.26,1680193.61],[204981.89,1680192.32]]]]}},{"type":"Feature","properties":{"building":"yes","height":6,"heightSource":"default"},"geometry":{"type":"MultiPolygon","coordinates":[[[[204957.19,1680185.71],[204961.11,1680187.11],[204958.87,1680193.3],[204954.95,1680191.9],[204957.19,1680185.71]]]]}},{"type":"Feature","properties":{"building":"yes","height":6,"heightSource":"default"},"geometry":{"type":"MultiPolygon","coordinates":[[[[204957.58,1680171.68],[204957.64,1680165.24],[204962.66,1680165.29],[204962.6,1680171.73],[204957.58,1680171.68]]]]}},{"type":"Feature","properties":{"building":"yes","height":6,"heightSource":"default"},"geometry":{"type":"MultiPolygon","coordinates":[[[[204960.73,1680151.95],[204971.62,1680152.81],[204971.11,1680159.07],[204960.24,1680158.21],[204960.73,1680151.95]]]]}},{"type":"Feature","properties":{"building":"yes","height":6,"heightSource":"default"},"geometry":{"type":"MultiPolygon","coordinates":[[[[204959.31,1680130.53],[204975.33,1680130.99],[204974.86,1680146.87],[204958.86,1680146.41],[204959.31,1680130.53]]]]}},{"type":"Feature","properties":{"building":"yes","height":6,"heightSource":"default"},"geometry":{"type":"MultiPolygon","coordinates":[[[[204941.91,1680130.02],[204956.61,1680131.99],[204954.12,1680150.25],[204939.41,1680148.27],[204941.91,1680130.02]]]]}},{"type":"Feature","properties":{"building":"yes","height":6,"heightSource":"default"},"geometry":{"type":"MultiPolygon","coordinates":[[[[204927.99,1680170.95],[204928.08,1680174.38],[204921.33,1680174.58],[204921.24,1680171.15],[204927.99,1680170.95]]]]}},{"type":"Feature","properties":{"building":"yes","height":6,"heightSource":"default"},"geometry":{"type":"MultiPolygon","coordinates":[[[[204927.77,1680169.83],[204920.15,1680170.02],[204919.96,1680162.57],[204927.58,1680162.38],[204927.77,1680169.83]]]]}},{"type":"Feature","properties":{"building":"yes","height":6,"heightSource":"default"},"geometry":{"type":"MultiPolygon","coordinates":[[[[204916.04,1680177.27],[204910.16,1680177.17],[204910.34,1680166.7],[204916.24,1680166.8],[204916.04,1680177.27]]]]}},{"type":"Feature","properties":{"building":"yes","height":6,"heightSource":"default"},"geometry":{"type":"MultiPolygon","coordinates":[[[[204914.18,1680165.6],[204903.98,1680166.03],[204903.22,1680147.7],[204916.59,1680147.16],[204916.87,1680153.9],[204913.7,1680154.02],[204914.18,1680165.6]]]]}},{"type":"Feature","properties":{"building":"yes","height":6,"heightSource":"default"},"geometry":{"type":"MultiPolygon","coordinates":[[[[204918.41,1680148.24],[204926.19,1680148.45],[204926.06,1680153.03],[204918.29,1680152.83],[204918.41,1680148.24]]]]}},{"type":"Feature","properties":{"building":"yes","height":6,"heightSource":"default"},"geometry":{"type":"MultiPolygon","coordinates":[[[[204902.38,1680129.67],[204918.8,1680130.13],[204918.46,1680142.15],[204902.04,1680141.7],[204902.38,1680129.67]]]]}},{"type":"Feature","properties":{"building":"yes","height":6,"heightSource":"default"},"geometry":{"type":"MultiPolygon","coordinates":[[[[204919.49,1680131.65],[204935.91,1680132.1],[204935.58,1680144.13],[204919.16,1680143.67],[204919.49,1680131.65]]]]}},{"type":"Feature","properties":{"building":"yes","height":6,"heightSource":"default"},"geometry":{"type":"MultiPolygon","coordinates":[[[[204997.09,1680196.24],[204999.14,1680189.12],[205011.36,1680192.61],[205009.3,1680199.73],[204997.09,1680196.24]]]]}},{"type":"Feature","properties":{"building":"yes","height":6,"heightSource":"default"},"geometry":{"type":"MultiPolygon","coordinates":[[[[204874.16,1680170.9],[204875.76,1680156.05],[204883.29,1680156.85],[204881.68,1680171.7],[204874.16,1680170.9]]]]}},{"type":"Feature","properties":{"building":"yes","height":6,"heightSource":"default"},"geometry":{"type":"MultiPolygon","coordinates":[[[[204876.18,1680138.12],[204876.55,1680124.5],[204885.77,1680124.74],[204885.4,1680138.36],[204876.18,1680138.12]]]]}},{"type":"Feature","properties":{"building":"yes","height":6,"heightSource":"default"},"geometry":{"type":"MultiPolygon","coordinates":[[[[204855.36,1680122.98],[204864.79,1680123.85],[204863.67,1680135.48],[204854.25,1680134.61],[204855.36,1680122.98]]]]}},{"type":"Feature","properties":{"building":"yes","height":6,"heightSource":"default"},"geometry":{"type":"MultiPolygon","coordinates":[[[[204852.72,1680129.01],[204852.16,1680140.89],[204840.83,1680140.37],[204841.38,1680128.49],[204852.72,1680129.01]]]]}},{"type":"Feature","properties":{"building":"yes","height":6,"heightSource":"default"},"geometry":{"type":"MultiPolygon","coordinates":[[[[204860.15,1680165.48],[204849.6,1680165.37],[204849.65,1680161.07],[204846.07,1680161.03],[204846.16,1680152.15],[204860.29,1680152.3],[204860.15,1680165.48]]]]}},{"type":"Feature","properties":{"building":"yes","height":6,"heightSource":"default"},"geometry":{"type":"MultiPolygon","coordinates":[[[[204854.25,1680176.12],[204847.16,1680176.01],[204847.26,1680168.98],[204854.35,1680169.09],[204854.25,1680176.12]]]]}},{"type":"Feature","properties":{"building":"yes","height":6,"heightSource":"default"},"geometry":{"type":"MultiPolygon","coordinates":[[[[204827.4,1680166.17],[204825.7,1680175.16],[204816.09,1680173.38],[204817.78,1680164.38],[204827.4,1680166.17]]]]}},{"type":"Feature","properties":{"building":"yes","height":6,"heightSource":"default"},"geometry":{"type":"MultiPolygon","coordinates":[[[[204824.79,1680142.47],[204822.8,1680151.9],[204812.45,1680149.75],[204814.43,1680140.32],[204824.79,1680142.47]]]]}},{"type":"Feature","properties":{"building":"yes","height":6,"heightSource":"default"},"geometry":{"type":"MultiPolygon","coordinates":[[[[204808.48,1680133.66],[204811.48,1680117.34],[204832.64,1680121.18],[204829.64,1680137.51],[204808.48,1680133.66]]]]}},{"type":"Feature","properties":{"building":"yes","height":6,"heightSource":"default"},"geometry":{"type":"MultiPolygon","coordinates":[[[[204790.16,1680152.9],[204791.49,1680147.51],[204787.43,1680146.51],[204789.42,1680138.43],[204805.7,1680142.39],[204802.36,1680155.87],[204790.16,1680152.9]]]]}},{"type":"Feature","properties":{"building":"yes","height":6,"heightSource":"default"},"geometry":{"type":"MultiPolygon","coordinates":[[[[204790.99,1680133.68],[204793.51,1680119.97],[204802.15,1680121.53],[204799.62,1680135.25],[204790.99,1680133.68]]]]}},{"type":"Feature","properties":{"building":"yes","height":6,"heightSource":"default"},"geometry":{"type":"MultiPolygon","coordinates":[[[[204801.44,1680169.03],[204802.54,1680161.47],[204811.57,1680162.76],[204810.47,1680170.33],[204801.44,1680169.03]]]]}},{"type":"Feature","properties":{"building":"yes","height":6,"heightSource":"default"},"geometry":{"type":"MultiPolygon","coordinates":[[[[204788.26,1680171.52],[204785.28,1680179.71],[204770.92,1680174.55],[204773.88,1680166.38],[204788.26,1680171.52]]]]}},{"type":"Feature","properties":{"building":"yes","height":6,"heightSource":"default"},"geometry":{"type":"MultiPolygon","coordinates":[[[[204791.95,1680172.68],[204801.71,1680173.23],[204801.14,1680183.5],[204791.37,1680182.96],[204791.95,1680172.68]]]]}},{"type":"Feature","properties":{"building":"yes","height":6,"heightSource":"default"},"geometry":{"type":"MultiPolygon","coordinates":[[[[204797.29,1680195.42],[204799.66,1680184.97],[204809.79,1680187.24],[204807.4,1680197.69],[204797.29,1680195.42]]]]}},{"type":"Feature","properties":{"building":"yes","height":6,"heightSource":"default"},"geometry":{"type":"MultiPolygon","coordinates":[[[[204785.83,1680191.7],[204788.43,1680182.73],[204798.78,1680185.68],[204796.19,1680194.64],[204785.83,1680191.7]]]]}},{"type":"Feature","properties":{"building":"yes","height":6,"heightSource":"default"},"geometry":{"type":"MultiPolygon","coordinates":[[[[204776.14,1680188.1],[204777.36,1680181.46],[204786.83,1680183.16],[204785.61,1680189.81],[204776.14,1680188.1]]]]}},{"type":"Feature","properties":{"building":"yes","height":6,"heightSource":"default"},"geometry":{"type":"MultiPolygon","coordinates":[[[[204769.84,1680187.99],[204783.71,1680191.6],[204782.02,1680198.01],[204768.14,1680194.41],[204769.84,1680187.99]]]]}},{"type":"Feature","properties":{"building":"yes","height":6,"heightSource":"default"},"geometry":{"type":"MultiPolygon","coordinates":[[[[204773.23,1680212.93],[204773.62,1680218.35],[204767.72,1680218.78],[204767.33,1680213.36],[204773.23,1680212.93]]]]}},{"type":"Feature","properties":{"building":"yes","height":6,"heightSource":"default"},"geometry":{"type":"MultiPolygon","coordinates":[[[[204795.98,1680226.27],[204791.37,1680226.21],[204791.42,1680222.49],[204796.04,1680222.55],[204795.98,1680226.27]]]]}},{"type":"Feature","properties":{"building":"yes","height":6,"heightSource":"default"},"geometry":{"type":"MultiPolygon","coordinates":[[[[204765.77,1680205.56],[204765.46,1680211.56],[204761.27,1680211.35],[204761.58,1680205.34],[204765.77,1680205.56]]]]}},{"type":"Feature","properties":{"building":"yes","height":6,"heightSource":"default"},"geometry":{"type":"MultiPolygon","coordinates":[[[[204809.79,1680204.31],[204808.1,1680209.61],[204802.36,1680207.8],[204804.05,1680202.51],[204809.79,1680204.31]]]]}},{"type":"Feature","properties":{"building":"yes","height":6,"heightSource":"default"},"geometry":{"type":"MultiPolygon","coordinates":[[[[204799.07,1680239.46],[204798.42,1680230.61],[204810.2,1680229.75],[204810.84,1680238.6],[204799.07,1680239.46]]]]}},{"type":"Feature","properties":{"building":"yes","height":6,"heightSource":"default"},"geometry":{"type":"MultiPolygon","coordinates":[[[[204858.41,1680316.24],[204865,1680311.3],[204872.77,1680321.56],[204866.18,1680326.49],[204858.41,1680316.24]]]]}},{"type":"Feature","properties":{"building":"yes","height":6,"heightSource":"default"},"geometry":{"type":"MultiPolygon","coordinates":[[[[204848.53,1680308.34],[204854.62,1680301.49],[204863.68,1680309.44],[204857.59,1680316.29],[204848.53,1680308.34]]]]}},{"type":"Feature","properties":{"building":"yes","height":6,"heightSource":"default"},"geometry":{"type":"MultiPolygon","coordinates":[[[[204813.03,1680240.62],[204813.28,1680247.33],[204797.56,1680247.91],[204797.31,1680241.21],[204813.03,1680240.62]]]]}},{"type":"Feature","properties":{"building":"yes","height":6,"heightSource":"default"},"geometry":{"type":"MultiPolygon","coordinates":[[[[204837.31,1680238.73],[204827.39,1680240.92],[204829.36,1680249.81],[204822.19,1680251.38],[204818.09,1680232.89],[204835.19,1680229.15],[204837.31,1680238.73]]]]}},{"type":"Feature","properties":{"building":"yes","height":6,"heightSource":"default"},"geometry":{"type":"MultiPolygon","coordinates":[[[[204833.49,1680224.84],[204815.06,1680229.61],[204812.76,1680220.85],[204831.19,1680216.08],[204833.49,1680224.84]]]]}},{"type":"Feature","properties":{"building":"yes","height":6,"heightSource":"default"},"geometry":{"type":"MultiPolygon","coordinates":[[[[204756.23,1680162.55],[204764.2,1680148.29],[204773.16,1680153.25],[204765.18,1680167.51],[204756.23,1680162.55]]]]}},{"type":"Feature","properties":{"building":"yes","height":6,"heightSource":"default"},"geometry":{"type":"MultiPolygon","coordinates":[[[[204731.27,1680149.44],[204735.57,1680137.05],[204752.87,1680142.97],[204748.58,1680155.37],[204731.27,1680149.44]]]]}},{"type":"Feature","properties":{"building":"yes","height":6,"heightSource":"default"},"geometry":{"type":"MultiPolygon","coordinates":[[[[204767.85,1680116.14],[204782.55,1680118.11],[204779.39,1680141.43],[204764.69,1680139.46],[204767.85,1680116.14]]]]}},{"type":"Feature","properties":{"building":"yes","height":6,"heightSource":"default"},"geometry":{"type":"MultiPolygon","coordinates":[[[[204739.77,1680137.85],[204740.89,1680129.7],[204745.24,1680130.28],[204747.96,1680110.33],[204764.92,1680112.61],[204761.1,1680140.7],[204739.77,1680137.85]]]]}},{"type":"Feature","properties":{"building":"yes","height":6,"heightSource":"default"},"geometry":{"type":"MultiPolygon","coordinates":[[[[204712.31,1680125.35],[204713.9,1680105.73],[204740.25,1680107.85],[204738.97,1680123.49],[204718.07,1680121.81],[204717.75,1680125.79],[204712.31,1680125.35]]]]}},{"type":"Feature","properties":{"building":"yes","height":6,"heightSource":"default"},"geometry":{"type":"MultiPolygon","coordinates":[[[[204707.03,1680144.71],[204704.25,1680137.94],[204709.32,1680135.88],[204712.1,1680142.66],[204707.03,1680144.71]]]]}},{"type":"Feature","properties":{"building":"yes","height":6,"heightSource":"default"},"geometry":{"type":"MultiPolygon","coordinates":[[[[204681.18,1680394.87],[204683.44,1680387.58],[204690.65,1680389.78],[204688.38,1680397.08],[204681.18,1680394.87]]]]}},{"type":"Feature","properties":{"building":"yes","height":6,"heightSource":"default"},"geometry":{"type":"MultiPolygon","coordinates":[[[[205336.63,1680153.81],[205352.48,1680155.87],[205351.31,1680164.75],[205335.45,1680162.69],[205336.63,1680153.81]]]]}},{"type":"Feature","properties":{"building":"yes","height":6,"heightSource":"default"},"geometry":{"type":"MultiPolygon","coordinates":[[[[205337.41,1680143.04],[205353.27,1680145.1],[205352.09,1680153.98],[205336.24,1680151.91],[205337.41,1680143.04]]]]}},{"type":"Feature","properties":{"building":"yes","height":6,"heightSource":"default"},"geometry":{"type":"MultiPolygon","coordinates":[[[[205334.01,1680128.18],[205349.86,1680130.25],[205348.7,1680139.13],[205332.84,1680137.06],[205334.01,1680128.18]]]]}},{"type":"Feature","properties":{"building":"yes","height":6,"heightSource":"default"},"geometry":{"type":"MultiPolygon","coordinates":[[[[205334.28,1680117.41],[205350.13,1680119.47],[205348.96,1680128.35],[205333.1,1680126.29],[205334.28,1680117.41]]]]}},{"type":"Feature","properties":{"building":"yes","height":6,"heightSource":"default"},"geometry":{"type":"MultiPolygon","coordinates":[[[[205336.27,1680105.28],[205352.12,1680107.34],[205350.95,1680116.22],[205335.1,1680114.16],[205336.27,1680105.28]]]]}},{"type":"Feature","properties":{"building":"yes","height":6,"heightSource":"default"},"geometry":{"type":"MultiPolygon","coordinates":[[[[205376.34,1680074.97],[205376.81,1680083.26],[205369.61,1680083.66],[205369.15,1680075.37],[205376.34,1680074.97]]]]}},{"type":"Feature","properties":{"building":"yes","height":6,"heightSource":"default"},"geometry":{"type":"MultiPolygon","coordinates":[[[[205375.67,1680105.59],[205376.13,1680113.88],[205368.94,1680114.28],[205368.47,1680105.99],[205375.67,1680105.59]]]]}},{"type":"Feature","properties":{"building":"yes","height":6,"heightSource":"default"},"geometry":{"type":"MultiPolygon","coordinates":[[[[205353.94,1680097.12],[205353.45,1680088.25],[205395.92,1680085.93],[205396.4,1680094.79],[205353.94,1680097.12]]]]}},{"type":"Feature","properties":{"building":"yes","height":6,"heightSource":"default"},"geometry":{"type":"MultiPolygon","coordinates":[[[[205340.47,1680090.22],[205341.39,1680098.73],[205334.43,1680099.48],[205333.5,1680090.97],[205340.47,1680090.22]]]]}},{"type":"Feature","properties":{"building":"yes","height":6,"heightSource":"default"},"geometry":{"type":"MultiPolygon","coordinates":[[[[205351.06,1680089.15],[205351.99,1680097.65],[205345.02,1680098.4],[205344.09,1680089.9],[205351.06,1680089.15]]]]}},{"type":"Feature","properties":{"building":"yes","height":6,"heightSource":"default"},"geometry":{"type":"MultiPolygon","coordinates":[[[[205342.95,1680070.11],[205342.38,1680065.01],[205360.81,1680062.98],[205362.07,1680074.33],[205341.81,1680076.55],[205341.12,1680070.31],[205342.95,1680070.11]]]]}},{"type":"Feature","properties":{"building":"yes","height":6,"heightSource":"default"},"geometry":{"type":"MultiPolygon","coordinates":[[[[205358.75,1680046.23],[205371.98,1680045.42],[205372.85,1680059.72],[205363.95,1680060.26],[205363.66,1680055.69],[205359.34,1680055.95],[205358.75,1680046.23]]]]}},{"type":"Feature","properties":{"building":"yes","height":6,"heightSource":"default"},"geometry":{"type":"MultiPolygon","coordinates":[[[[205372.53,1680030.75],[205373.93,1680041.78],[205357.16,1680043.88],[205355.76,1680032.87],[205372.53,1680030.75]]]]}},{"type":"Feature","properties":{"building":"yes","height":6,"heightSource":"default"},"geometry":{"type":"MultiPolygon","coordinates":[[[[205342.48,1680032.21],[205354.57,1680031.63],[205355.19,1680044.38],[205343.1,1680044.95],[205342.48,1680032.21]]]]}},{"type":"Feature","properties":{"building":"yes","height":6,"heightSource":"default"},"geometry":{"type":"MultiPolygon","coordinates":[[[[205334.12,1679997.21],[205343.34,1679996.76],[205343.84,1680007.06],[205334.62,1680007.51],[205334.12,1679997.21]]]]}},{"type":"Feature","properties":{"building":"yes","height":6,"heightSource":"default"},"geometry":{"type":"MultiPolygon","coordinates":[[[[205348.22,1679995.29],[205357.43,1679994.86],[205357.93,1680005.15],[205348.71,1680005.6],[205348.22,1679995.29]]]]}},{"type":"Feature","properties":{"building":"yes","height":6,"heightSource":"default"},"geometry":{"type":"MultiPolygon","coordinates":[[[[205360.54,1679941.37],[205356.54,1679955.68],[205344,1679952.23],[205348,1679937.9],[205360.54,1679941.37]]]]}},{"type":"Feature","properties":{"building":"yes","height":6,"heightSource":"default"},"geometry":{"type":"MultiPolygon","coordinates":[[[[205353.38,1679922.11],[205371.26,1679926.3],[205368.36,1679938.49],[205350.48,1679934.28],[205353.38,1679922.11]]]]}},{"type":"Feature","properties":{"building":"yes","height":6,"heightSource":"default"},"geometry":{"type":"MultiPolygon","coordinates":[[[[205322.04,1679951.52],[205318.25,1679950.57],[205321.14,1679939.12],[205336.02,1679942.82],[205331.88,1679959.23],[205320.79,1679956.47],[205322.04,1679951.52]]]]}},{"type":"Feature","properties":{"building":"yes","height":6,"heightSource":"default"},"geometry":{"type":"MultiPolygon","coordinates":[[[[205342.58,1679923.92],[205340.24,1679938.13],[205324.44,1679935.56],[205326.78,1679921.36],[205342.58,1679923.92]]]]}},{"type":"Feature","properties":{"building":"yes","height":6,"heightSource":"default"},"geometry":{"type":"MultiPolygon","coordinates":[[[[205350.71,1679966.68],[205350.39,1679977.27],[205337.89,1679976.9],[205338.22,1679966.31],[205350.71,1679966.68]]]]}},{"type":"Feature","properties":{"building":"yes","height":6,"heightSource":"default"},"geometry":{"type":"MultiPolygon","coordinates":[[[[205324.56,1679971.45],[205310.05,1679970.92],[205310.38,1679962.05],[205324.89,1679962.59],[205324.56,1679971.45]]]]}},{"type":"Feature","properties":{"building":"yes","height":6,"heightSource":"default"},"geometry":{"type":"MultiPolygon","coordinates":[[[[205311.83,1679990.36],[205324.5,1679989.86],[205325.22,1680007.89],[205312.54,1680008.4],[205311.83,1679990.36]]]]}},{"type":"Feature","properties":{"building":"yes","height":6,"heightSource":"default"},"geometry":{"type":"MultiPolygon","coordinates":[[[[205421.25,1679875.75],[205422.54,1679866.19],[205432.72,1679867.54],[205431.43,1679877.1],[205421.25,1679875.75]]]]}},{"type":"Feature","properties":{"building":"yes","height":6,"heightSource":"default"},"geometry":{"type":"MultiPolygon","coordinates":[[[[205418.69,1679854.25],[205409.6,1679889.79],[205396.28,1679886.43],[205405.37,1679850.89],[205418.69,1679854.25]]]]}},{"type":"Feature","properties":{"building":"yes","height":6,"heightSource":"default"},"geometry":{"type":"MultiPolygon","coordinates":[[[[205371.09,1679891.82],[205387.24,1679891.89],[205387.2,1679901.91],[205376.35,1679901.87],[205376.34,1679904.61],[205371.04,1679904.59],[205371.09,1679891.82]]]]}},{"type":"Feature","properties":{"building":"yes","height":6,"heightSource":"default"},"geometry":{"type":"MultiPolygon","coordinates":[[[[205379.44,1679863.59],[205375.8,1679877.2],[205301.16,1679857.51],[205304.79,1679843.9],[205379.44,1679863.59]]]]}},{"type":"Feature","properties":{"building":"yes","height":6,"heightSource":"default"},"geometry":{"type":"MultiPolygon","coordinates":[[[[205398.97,1679827.53],[205403.25,1679809.38],[205428.6,1679815.26],[205424.33,1679833.42],[205398.97,1679827.53]]]]}},{"type":"Feature","properties":{"building":"yes","height":6,"heightSource":"default"},"geometry":{"type":"MultiPolygon","coordinates":[[[[205322.29,1679804.21],[205324.29,1679793.43],[205389.95,1679805.51],[205388.66,1679812.43],[205385.32,1679811.82],[205384.59,1679815.68],[205322.29,1679804.21]]]]}},{"type":"Feature","properties":{"building":"yes","height":6,"heightSource":"default"},"geometry":{"type":"MultiPolygon","coordinates":[[[[205392.08,1679813.24],[205392.6,1679809.01],[205392.42,1679808.98],[205393.12,1679803.35],[205404.36,1679804.71],[205403.45,1679812.04],[205399.2,1679811.53],[205398.89,1679814.06],[205392.08,1679813.24]]]]}},{"type":"Feature","properties":{"building":"yes","height":6,"heightSource":"default"},"geometry":{"type":"MultiPolygon","coordinates":[[[[205426.54,1679772.84],[205439.5,1679773.32],[205439.14,1679783.05],[205426.18,1679782.57],[205426.54,1679772.84]]]]}},{"type":"Feature","properties":{"building":"yes","height":6,"heightSource":"default"},"geometry":{"type":"MultiPolygon","coordinates":[[[[205412.98,1679784.57],[205425.93,1679785.05],[205425.56,1679794.78],[205412.61,1679794.3],[205412.98,1679784.57]]]]}},{"type":"Feature","properties":{"building":"yes","height":6,"heightSource":"default"},"geometry":{"type":"MultiPolygon","coordinates":[[[[205397.01,1679738.49],[205409.97,1679738.97],[205409.59,1679748.69],[205396.64,1679748.21],[205397.01,1679738.49]]]]}},{"type":"Feature","properties":{"building":"yes","height":6,"heightSource":"default"},"geometry":{"type":"MultiPolygon","coordinates":[[[[205441.17,1679825.83],[205436.21,1679824.81],[205439.3,1679810.01],[205444.27,1679811.05],[205441.17,1679825.83]]]]}},{"type":"Feature","properties":{"building":"yes","height":6,"heightSource":"default"},"geometry":{"type":"MultiPolygon","coordinates":[[[[205451.65,1679731.92],[205453.33,1679722.92],[205463.9,1679724.87],[205462.21,1679733.87],[205451.65,1679731.92]]]]}},{"type":"Feature","properties":{"building":"yes","height":6,"heightSource":"default"},"geometry":{"type":"MultiPolygon","coordinates":[[[[205451.94,1679721.59],[205449.75,1679735.26],[205437.13,1679733.27],[205439.3,1679719.6],[205451.94,1679721.59]]]]}},{"type":"Feature","properties":{"building":"yes","height":6,"heightSource":"default"},"geometry":{"type":"MultiPolygon","coordinates":[[[[205452.34,1679720.09],[205452.38,1679715.38],[205459.77,1679715.44],[205459.73,1679720.14],[205452.34,1679720.09]]]]}},{"type":"Feature","properties":{"building":"yes","height":6,"heightSource":"default"},"geometry":{"type":"MultiPolygon","coordinates":[[[[205489.14,1679701.74],[205495.35,1679704.18],[205491.59,1679713.66],[205485.38,1679711.22],[205489.14,1679701.74]]]]}},{"type":"Feature","properties":{"building":"yes","height":6,"heightSource":"default"},"geometry":{"type":"MultiPolygon","coordinates":[[[[205447.27,1679684.97],[205445.29,1679692.14],[205437.81,1679690.09],[205439.8,1679682.93],[205447.27,1679684.97]]]]}},{"type":"Feature","properties":{"building":"yes","height":6,"heightSource":"default"},"geometry":{"type":"MultiPolygon","coordinates":[[[[205298.72,1679793.24],[205300.36,1679779.12],[205313.43,1679780.62],[205311.79,1679794.73],[205298.72,1679793.24]]]]}},{"type":"Feature","properties":{"building":"yes","height":6,"heightSource":"default"},"geometry":{"type":"MultiPolygon","coordinates":[[[[205302.78,1679764.84],[205289.52,1679764.6],[205289.91,1679743.4],[205303.17,1679743.64],[205302.78,1679764.84]]]]}},{"type":"Feature","properties":{"building":"yes","height":6,"heightSource":"default"},"geometry":{"type":"MultiPolygon","coordinates":[[[[205319.31,1679742.2],[205323,1679733.13],[205334.09,1679737.59],[205330.4,1679746.65],[205319.31,1679742.2]]]]}},{"type":"Feature","properties":{"building":"yes","height":6,"heightSource":"default"},"geometry":{"type":"MultiPolygon","coordinates":[[[[205339.99,1679788.55],[205319.72,1679784.3],[205325.29,1679746.48],[205344.45,1679749.22],[205339.99,1679788.55]]]]}},{"type":"Feature","properties":{"building":"yes","height":6,"heightSource":"default"},"geometry":{"type":"MultiPolygon","coordinates":[[[[205381.56,1679795.2],[205390.56,1679796.59],[205389.42,1679803.85],[205380.43,1679802.47],[205381.56,1679795.2]]]]}},{"type":"Feature","properties":{"building":"yes","height":6,"heightSource":"default"},"geometry":{"type":"MultiPolygon","coordinates":[[[[205459.7,1679651.97],[205466.48,1679648.66],[205470.84,1679657.5],[205464.05,1679660.8],[205459.7,1679651.97]]]]}},{"type":"Feature","properties":{"building":"yes","height":6,"heightSource":"default"},"geometry":{"type":"MultiPolygon","coordinates":[[[[205474.11,1679687.88],[205463,1679688.29],[205462.74,1679681.71],[205473.86,1679681.29],[205474.11,1679687.88]]]]}},{"type":"Feature","properties":{"building":"yes","height":6,"heightSource":"default"},"geometry":{"type":"MultiPolygon","coordinates":[[[[205454.97,1679672.63],[205464.76,1679672.19],[205464.98,1679677.06],[205455.19,1679677.49],[205454.97,1679672.63]]]]}},{"type":"Feature","properties":{"building":"yes","height":6,"heightSource":"default"},"geometry":{"type":"MultiPolygon","coordinates":[[[[205283.28,1679482.22],[205282.9,1679485.77],[205291.17,1679486.63],[205290.08,1679496.96],[205272.86,1679495.16],[205274.32,1679481.29],[205283.28,1679482.22]]]]}},{"type":"Feature","properties":{"building":"yes","height":6,"heightSource":"default"},"geometry":{"type":"MultiPolygon","coordinates":[[[[205285.23,1679480.98],[205285.78,1679475.02],[205291.94,1679475.58],[205291.38,1679481.54],[205285.23,1679480.98]]]]}},{"type":"Feature","properties":{"building":"yes","height":6,"heightSource":"default"},"geometry":{"type":"MultiPolygon","coordinates":[[[[205244.92,1679606.47],[205254.43,1679606.15],[205254.75,1679615.89],[205245.23,1679616.2],[205244.92,1679606.47]]]]}},{"type":"Feature","properties":{"building":"yes","height":6,"heightSource":"default"},"geometry":{"type":"MultiPolygon","coordinates":[[[[205221.28,1679609.66],[205230.79,1679609.34],[205231.12,1679619.08],[205221.6,1679619.39],[205221.28,1679609.66]]]]}},{"type":"Feature","properties":{"building":"yes","height":6,"heightSource":"default"},"geometry":{"type":"MultiPolygon","coordinates":[[[[205257.15,1679577.82],[205266.65,1679577.51],[205266.98,1679587.25],[205257.47,1679587.56],[205257.15,1679577.82]]]]}},{"type":"Feature","properties":{"building":"yes","height":6,"heightSource":"default"},"geometry":{"type":"MultiPolygon","coordinates":[[[[205256.68,1679561.87],[205266.18,1679561.56],[205266.51,1679571.3],[205257,1679571.61],[205256.68,1679561.87]]]]}},{"type":"Feature","properties":{"building":"yes","height":6,"heightSource":"default"},"geometry":{"type":"MultiPolygon","coordinates":[[[[205281.55,1679592.01],[205291.06,1679591.7],[205291.38,1679601.44],[205281.86,1679601.75],[205281.55,1679592.01]]]]}},{"type":"Feature","properties":{"building":"yes","height":6,"heightSource":"default"},"geometry":{"type":"MultiPolygon","coordinates":[[[[205281.7,1679603.97],[205291.21,1679603.67],[205291.53,1679613.41],[205282.01,1679613.71],[205281.7,1679603.97]]]]}},{"type":"Feature","properties":{"building":"yes","height":6,"heightSource":"default"},"geometry":{"type":"MultiPolygon","coordinates":[[[[205282.04,1679638.72],[205277.14,1679638.89],[205277.26,1679642.45],[205273.1,1679642.6],[205272.46,1679623.4],[205281.51,1679623.1],[205282.04,1679638.72]]]]}},{"type":"Feature","properties":{"building":"yes","height":6,"heightSource":"default"},"geometry":{"type":"MultiPolygon","coordinates":[[[[205221.89,1679639.43],[205222.21,1679631.43],[205229.98,1679631.74],[205229.65,1679639.75],[205221.89,1679639.43]]]]}},{"type":"Feature","properties":{"building":"yes","height":6,"heightSource":"default"},"geometry":{"type":"MultiPolygon","coordinates":[[[[205233.07,1679661.43],[205242.87,1679661.61],[205242.4,1679688.25],[205236.18,1679688.14],[205236.26,1679683.12],[205232.68,1679683.05],[205233.07,1679661.43]]]]}},{"type":"Feature","properties":{"building":"yes","height":6,"heightSource":"default"},"geometry":{"type":"MultiPolygon","coordinates":[[[[205285.45,1679701.01],[205286.2,1679681.27],[205296,1679681.63],[205295.23,1679701.37],[205285.45,1679701.01]]]]}},{"type":"Feature","properties":{"building":"yes","height":6,"heightSource":"default"},"geometry":{"type":"MultiPolygon","coordinates":[[[[205322.66,1679692.81],[205321.55,1679702.7],[205313.02,1679701.78],[205314.12,1679691.88],[205322.66,1679692.81]]]]}},{"type":"Feature","properties":{"building":"yes","height":6,"heightSource":"default"},"geometry":{"type":"MultiPolygon","coordinates":[[[[205228.39,1679715.13],[205228.53,1679702.82],[205236.03,1679702.9],[205236.04,1679702.32],[205246.42,1679702.45],[205246.27,1679715.34],[205228.39,1679715.13]]]]}},{"type":"Feature","properties":{"building":"yes","height":6,"heightSource":"default"},"geometry":{"type":"MultiPolygon","coordinates":[[[[205204.45,1679719.05],[205213.96,1679718.74],[205214.28,1679728.48],[205204.77,1679728.78],[205204.45,1679719.05]]]]}},{"type":"Feature","properties":{"building":"yes","height":6,"heightSource":"default"},"geometry":{"type":"MultiPolygon","coordinates":[[[[205234.33,1679752.59],[205224.25,1679752.33],[205224.39,1679747.17],[205222.07,1679747.11],[205222.5,1679731.23],[205234.89,1679731.55],[205234.33,1679752.59]]]]}},{"type":"Feature","properties":{"building":"yes","height":6,"heightSource":"default"},"geometry":{"type":"MultiPolygon","coordinates":[[[[205249.63,1679781.43],[205250.16,1679754.37],[205259.09,1679754.55],[205258.57,1679781.59],[205249.63,1679781.43]]]]}},{"type":"Feature","properties":{"building":"yes","height":6,"heightSource":"default"},"geometry":{"type":"MultiPolygon","coordinates":[[[[205265.54,1679764.84],[205281.23,1679767.41],[205279.42,1679778.28],[205272.98,1679777.22],[205272.59,1679779.57],[205263.34,1679778.06],[205265.54,1679764.84]]]]}},{"type":"Feature","properties":{"building":"yes","height":6,"heightSource":"default"},"geometry":{"type":"MultiPolygon","coordinates":[[[[205107.46,1679588.64],[205116.96,1679588.33],[205117.29,1679598.07],[205107.77,1679598.38],[205107.46,1679588.64]]]]}},{"type":"Feature","properties":{"building":"yes","height":6,"heightSource":"default"},"geometry":{"type":"MultiPolygon","coordinates":[[[[205109.96,1679747.9],[205110.2,1679735.87],[205119.71,1679736.04],[205119.48,1679748.08],[205109.96,1679747.9]]]]}},{"type":"Feature","properties":{"building":"yes","height":6,"heightSource":"default"},"geometry":{"type":"MultiPolygon","coordinates":[[[[205112.68,1679716.25],[205109.11,1679726.91],[205088.18,1679719.96],[205091.76,1679709.31],[205112.68,1679716.25]]]]}},{"type":"Feature","properties":{"building":"yes","height":6,"heightSource":"default"},"geometry":{"type":"MultiPolygon","coordinates":[[[[205443.91,1679829.28],[205442.14,1679840.15],[205432.61,1679838.63],[205434.37,1679827.76],[205443.91,1679829.28]]]]}},{"type":"Feature","properties":{"building":"yes","height":6,"heightSource":"default"},"geometry":{"type":"MultiPolygon","coordinates":[[[[205304.09,1679824.47],[205316.54,1679827.77],[205314.03,1679837.11],[205301.59,1679833.82],[205304.09,1679824.47]]]]}},{"type":"Feature","properties":{"building":"yes","height":6,"heightSource":"default"},"geometry":{"type":"MultiPolygon","coordinates":[[[[205292.04,1679829.49],[205298.67,1679829.53],[205298.6,1679842.7],[205291.96,1679842.66],[205292.04,1679829.49]]]]}},{"type":"Feature","properties":{"building":"yes","height":6,"heightSource":"default"},"geometry":{"type":"MultiPolygon","coordinates":[[[[205279.54,1679807.65],[205300.3,1679812.96],[205296.59,1679827.31],[205275.83,1679821.99],[205279.54,1679807.65]]]]}},{"type":"Feature","properties":{"building":"yes","height":6,"heightSource":"default"},"geometry":{"type":"MultiPolygon","coordinates":[[[[205277.98,1679830.93],[205277.75,1679843.82],[205262.07,1679843.54],[205262.31,1679830.65],[205277.98,1679830.93]]]]}},{"type":"Feature","properties":{"building":"yes","height":6,"heightSource":"default"},"geometry":{"type":"MultiPolygon","coordinates":[[[[205238.6,1679817.78],[205241.98,1679801.31],[205266.55,1679806.29],[205263.18,1679822.75],[205238.6,1679817.78]]]]}},{"type":"Feature","properties":{"building":"yes","height":6,"heightSource":"default"},"geometry":{"type":"MultiPolygon","coordinates":[[[[205245.11,1679833.76],[205244.87,1679846.66],[205229.2,1679846.38],[205229.44,1679833.48],[205245.11,1679833.76]]]]}},{"type":"Feature","properties":{"building":"yes","height":6,"heightSource":"default"},"geometry":{"type":"MultiPolygon","coordinates":[[[[205261.61,1679835.16],[205261.38,1679848.05],[205245.71,1679847.77],[205245.94,1679834.88],[205261.61,1679835.16]]]]}},{"type":"Feature","properties":{"building":"yes","height":6,"heightSource":"default"},"geometry":{"type":"MultiPolygon","coordinates":[[[[205258.1,1679821.12],[205257.87,1679834.01],[205242.2,1679833.73],[205242.43,1679820.84],[205258.1,1679821.12]]]]}},{"type":"Feature","properties":{"building":"yes","height":6,"heightSource":"default"},"geometry":{"type":"MultiPolygon","coordinates":[[[[205223.02,1679813.66],[205222.78,1679826.56],[205207.12,1679826.28],[205207.36,1679813.39],[205223.02,1679813.66]]]]}},{"type":"Feature","properties":{"building":"yes","height":6,"heightSource":"default"},"geometry":{"type":"MultiPolygon","coordinates":[[[[205285.65,1679917.49],[205286.15,1679927.5],[205278.56,1679927.89],[205278.06,1679917.87],[205285.65,1679917.49]]]]}},{"type":"Feature","properties":{"building":"yes","height":6,"heightSource":"default"},"geometry":{"type":"MultiPolygon","coordinates":[[[[205287.19,1679902.48],[205287.7,1679912.48],[205280.11,1679912.86],[205279.61,1679902.85],[205287.19,1679902.48]]]]}},{"type":"Feature","properties":{"building":"yes","height":6,"heightSource":"default"},"geometry":{"type":"MultiPolygon","coordinates":[[[[205285.01,1679874.43],[205283.81,1679886.04],[205276.41,1679885.29],[205277.59,1679873.67],[205285.01,1679874.43]]]]}},{"type":"Feature","properties":{"building":"yes","height":6,"heightSource":"default"},"geometry":{"type":"MultiPolygon","coordinates":[[[[205270.44,1679870.85],[205277.3,1679872.36],[205275.78,1679879.17],[205268.92,1679877.67],[205270.44,1679870.85]]]]}},{"type":"Feature","properties":{"building":"yes","height":6,"heightSource":"default"},"geometry":{"type":"MultiPolygon","coordinates":[[[[205286.51,1679857.9],[205285.29,1679869.93],[205271.42,1679868.56],[205272.64,1679856.53],[205286.51,1679857.9]]]]}},{"type":"Feature","properties":{"building":"yes","height":6,"heightSource":"default"},"geometry":{"type":"MultiPolygon","coordinates":[[[[205255.39,1679860.49],[205253.61,1679881.23],[205241.32,1679880.19],[205243.1,1679859.43],[205255.39,1679860.49]]]]}},{"type":"Feature","properties":{"building":"yes","height":6,"heightSource":"default"},"geometry":{"type":"MultiPolygon","coordinates":[[[[205241.71,1679862.93],[205238.33,1679880.59],[205228.06,1679878.65],[205231.44,1679860.99],[205241.71,1679862.93]]]]}},{"type":"Feature","properties":{"building":"yes","height":6,"heightSource":"default"},"geometry":{"type":"MultiPolygon","coordinates":[[[[205226.79,1679858.64],[205227.59,1679850.14],[205243.69,1679851.63],[205242.88,1679860.15],[205226.79,1679858.64]]]]}},{"type":"Feature","properties":{"building":"yes","height":6,"heightSource":"default"},"geometry":{"type":"MultiPolygon","coordinates":[[[[205268.46,1679882.62],[205256.53,1679882.64],[205256.51,1679868.31],[205268.44,1679868.3],[205268.46,1679882.62]]]]}},{"type":"Feature","properties":{"building":"yes","height":6,"heightSource":"default"},"geometry":{"type":"MultiPolygon","coordinates":[[[[205268.91,1679891.13],[205269.19,1679889.46],[205278.7,1679891.03],[205276.19,1679906.07],[205262.74,1679903.85],[205264.99,1679890.49],[205268.91,1679891.13]]]]}},{"type":"Feature","properties":{"building":"yes","height":6,"heightSource":"default"},"geometry":{"type":"MultiPolygon","coordinates":[[[[205248.82,1679889.06],[205256.64,1679889.72],[205255.26,1679905.92],[205247.44,1679905.27],[205248.82,1679889.06]]]]}},{"type":"Feature","properties":{"building":"yes","height":6,"heightSource":"default"},"geometry":{"type":"MultiPolygon","coordinates":[[[[205247.85,1679887.71],[205247.44,1679900.31],[205238.22,1679900.01],[205238.63,1679887.42],[205247.85,1679887.71]]]]}},{"type":"Feature","properties":{"building":"yes","height":6,"heightSource":"default"},"geometry":{"type":"MultiPolygon","coordinates":[[[[205225.26,1679888.6],[205235.45,1679889.46],[205234.19,1679904.39],[205223.99,1679903.55],[205225.26,1679888.6]]]]}},{"type":"Feature","properties":{"building":"yes","height":6,"heightSource":"default"},"geometry":{"type":"MultiPolygon","coordinates":[[[[205260.3,1679917.14],[205271.45,1679918.11],[205269.96,1679935.03],[205258.81,1679934.06],[205260.3,1679917.14]]]]}},{"type":"Feature","properties":{"building":"yes","height":6,"heightSource":"default"},"geometry":{"type":"MultiPolygon","coordinates":[[[[205279.49,1679950.48],[205280.17,1679943.67],[205269.61,1679942.64],[205270.78,1679930.73],[205279.63,1679931.59],[205279.66,1679931.31],[205289.36,1679932.26],[205287.48,1679951.25],[205279.49,1679950.48]]]]}},{"type":"Feature","properties":{"building":"yes","height":6,"heightSource":"default"},"geometry":{"type":"MultiPolygon","coordinates":[[[[205257.31,1679935.88],[205268.43,1679937.36],[205266.65,1679950.57],[205255.53,1679949.09],[205257.31,1679935.88]]]]}},{"type":"Feature","properties":{"building":"yes","height":6,"heightSource":"default"},"geometry":{"type":"MultiPolygon","coordinates":[[[[205241.86,1679908.31],[205261.6,1679910],[205260.98,1679916.95],[205254.13,1679916.36],[205252.49,1679935.11],[205250.78,1679934.97],[205249.44,1679950.47],[205237.71,1679949.46],[205238.99,1679934.68],[205231.56,1679934.05],[205232.64,1679921.54],[205240.65,1679922.23],[205241.86,1679908.31]]]]}},{"type":"Feature","properties":{"building":"yes","height":6,"heightSource":"default"},"geometry":{"type":"MultiPolygon","coordinates":[[[[205227.53,1679918.67],[205227.38,1679931.98],[205217.77,1679931.88],[205217.91,1679918.57],[205227.53,1679918.67]]]]}},{"type":"Feature","properties":{"building":"yes","height":6,"heightSource":"default"},"geometry":{"type":"MultiPolygon","coordinates":[[[[205263.1,1679908.01],[205273.53,1679909.11],[205272.7,1679916.75],[205262.27,1679915.65],[205263.1,1679908.01]]]]}},{"type":"Feature","properties":{"building":"yes","height":6,"heightSource":"default"},"geometry":{"type":"MultiPolygon","coordinates":[[[[205266.7,1679969.82],[205266.11,1679998.46],[205250.66,1679998.15],[205251.24,1679969.51],[205266.7,1679969.82]]]]}},{"type":"Feature","properties":{"building":"yes","height":6,"heightSource":"default"},"geometry":{"type":"MultiPolygon","coordinates":[[[[205232.48,1679997.77],[205231.66,1679974.44],[205243.01,1679974.06],[205243.83,1679997.38],[205232.48,1679997.77]]]]}},{"type":"Feature","properties":{"building":"yes","height":6,"heightSource":"default"},"geometry":{"type":"MultiPolygon","coordinates":[[[[205225.7,1680004.18],[205263.02,1680004.31],[205262.97,1680015.77],[205225.66,1680015.64],[205225.7,1680004.18]]]]}},{"type":"Feature","properties":{"building":"yes","height":6,"heightSource":"default"},"geometry":{"type":"MultiPolygon","coordinates":[[[[205241.35,1679967.47],[205235.63,1679966.95],[205236.46,1679957.87],[205247.42,1679958.85],[205246.85,1679965.24],[205241.59,1679964.76],[205241.35,1679967.47]]]]}},{"type":"Feature","properties":{"building":"yes","height":6,"heightSource":"default"},"geometry":{"type":"MultiPolygon","coordinates":[[[[205231.62,1679956.86],[205231.37,1679966.02],[205221.17,1679965.74],[205221.43,1679956.58],[205231.62,1679956.86]]]]}},{"type":"Feature","properties":{"building":"yes","height":6,"heightSource":"default"},"geometry":{"type":"MultiPolygon","coordinates":[[[[205216.88,1679974.12],[205209.13,1679975.75],[205208.2,1679971.36],[205215.94,1679969.72],[205216.88,1679974.12]]]]}},{"type":"Feature","properties":{"building":"yes","height":6,"heightSource":"default"},"geometry":{"type":"MultiPolygon","coordinates":[[[[205214.51,1679976.66],[205223.15,1679976.93],[205221.9,1680017],[205213.26,1680016.74],[205214.51,1679976.66]]]]}},{"type":"Feature","properties":{"building":"yes","height":6,"heightSource":"default"},"geometry":{"type":"MultiPolygon","coordinates":[[[[205169.82,1679990.84],[205180.57,1679991.83],[205179.55,1680002.89],[205198.12,1680004.58],[205196.5,1680022.18],[205167.18,1680019.52],[205169.82,1679990.84]]]]}},{"type":"Feature","properties":{"building":"yes","height":6,"heightSource":"default"},"geometry":{"type":"MultiPolygon","coordinates":[[[[205158.57,1679993.04],[205157.89,1680018.81],[205148.67,1680018.57],[205149.35,1679992.8],[205158.57,1679993.04]]]]}},{"type":"Feature","properties":{"building":"yes","height":6,"heightSource":"default"},"geometry":{"type":"MultiPolygon","coordinates":[[[[205159.52,1679983.3],[205157.62,1679988.95],[205153.49,1679987.57],[205155.4,1679981.92],[205159.52,1679983.3]]]]}},{"type":"Feature","properties":{"building":"yes","height":6,"heightSource":"default"},"geometry":{"type":"MultiPolygon","coordinates":[[[[205174.19,1679982.69],[205174.04,1679988.13],[205167.7,1679987.95],[205167.86,1679982.51],[205174.19,1679982.69]]]]}},{"type":"Feature","properties":{"building":"yes","height":6,"heightSource":"default"},"geometry":{"type":"MultiPolygon","coordinates":[[[[205199.78,1679955.81],[205199.66,1679966.98],[205188.12,1679966.87],[205188.23,1679955.7],[205194.18,1679955.75],[205194.28,1679946.74],[205204.66,1679946.84],[205204.56,1679955.86],[205199.78,1679955.81]]]]}},{"type":"Feature","properties":{"building":"yes","height":6,"heightSource":"default"},"geometry":{"type":"MultiPolygon","coordinates":[[[[205180.88,1679946.93],[205191.24,1679946.37],[205191.71,1679955.1],[205185.96,1679955.4],[205186.51,1679965.55],[205181.91,1679965.8],[205180.88,1679946.93]]]]}},{"type":"Feature","properties":{"building":"yes","height":6,"heightSource":"default"},"geometry":{"type":"MultiPolygon","coordinates":[[[[205184.14,1679944.46],[205183.76,1679934.72],[205192.98,1679934.38],[205193.36,1679944.12],[205184.14,1679944.46]]]]}},{"type":"Feature","properties":{"building":"yes","height":6,"heightSource":"default"},"geometry":{"type":"MultiPolygon","coordinates":[[[[205198.52,1679923.29],[205205.43,1679923.01],[205206.18,1679941.33],[205199.26,1679941.61],[205198.52,1679923.29]]]]}},{"type":"Feature","properties":{"building":"yes","height":6,"heightSource":"default"},"geometry":{"type":"MultiPolygon","coordinates":[[[[205196.02,1679910.15],[205205.8,1679909.54],[205206.43,1679919.55],[205196.65,1679920.16],[205196.02,1679910.15]]]]}},{"type":"Feature","properties":{"building":"yes","height":6,"heightSource":"default"},"geometry":{"type":"MultiPolygon","coordinates":[[[[205201.37,1679885.23],[205209.72,1679885.5],[205209.46,1679893.66],[205201.11,1679893.4],[205201.37,1679885.23]]]]}},{"type":"Feature","properties":{"building":"yes","height":6,"heightSource":"default"},"geometry":{"type":"MultiPolygon","coordinates":[[[[205295.38,1680096.8],[205316.14,1680096.95],[205315.7,1680155.69],[205306.19,1680155.62],[205306.22,1680150.76],[205299.59,1680150.71],[205299.57,1680153.29],[205291.78,1680153.23],[205291.9,1680138.04],[205295.07,1680138.06],[205295.38,1680096.8]]]]}},{"type":"Feature","properties":{"building":"yes","height":6,"heightSource":"default"},"geometry":{"type":"MultiPolygon","coordinates":[[[[205256.41,1680103.18],[205268.52,1680103.38],[205268.66,1680095.08],[205276.85,1680095.22],[205276.69,1680104.39],[205288.1,1680104.58],[205287.85,1680119.19],[205275.75,1680118.98],[205275.81,1680115.26],[205268.6,1680115.13],[205268.55,1680118.58],[205256.14,1680118.37],[205256.41,1680103.18]]]]}},{"type":"Feature","properties":{"building":"yes","height":6,"heightSource":"default"},"geometry":{"type":"MultiPolygon","coordinates":[[[[205254.14,1680126.5],[205269.01,1680126.09],[205269.51,1680144.01],[205262.01,1680144.21],[205261.71,1680133.45],[205254.34,1680133.66],[205254.14,1680126.5]]]]}},{"type":"Feature","properties":{"building":"yes","height":6,"heightSource":"default"},"geometry":{"type":"MultiPolygon","coordinates":[[[[205253.79,1680139.71],[205241.4,1680139.43],[205241.52,1680133.71],[205253.91,1680133.98],[205253.79,1680139.71]]]]}},{"type":"Feature","properties":{"building":"yes","height":6,"heightSource":"default"},"geometry":{"type":"MultiPolygon","coordinates":[[[[205211.27,1680142.26],[205211.5,1680128.51],[205216.69,1680128.6],[205216.77,1680124.02],[205224.85,1680124.15],[205224.75,1680129.88],[205219.84,1680129.79],[205219.76,1680134.67],[205228.12,1680134.81],[205227.98,1680142.55],[205211.27,1680142.26]]]]}},{"type":"Feature","properties":{"building":"yes","height":6,"heightSource":"default"},"geometry":{"type":"MultiPolygon","coordinates":[[[[205206.45,1680120.73],[205207.05,1680097.53],[205216.16,1680097.76],[205216.06,1680101.48],[205244.12,1680102.22],[205244.24,1680097.63],[205252.89,1680097.85],[205252.18,1680124.77],[205243.41,1680124.54],[205243.49,1680121.68],[205206.45,1680120.73]]]]}},{"type":"Feature","properties":{"building":"yes","height":6,"heightSource":"default"},"geometry":{"type":"MultiPolygon","coordinates":[[[[205232.36,1680084.07],[205232.37,1680071.59],[205256.72,1680071.62],[205256.73,1680062.03],[205268.84,1680062.04],[205268.83,1680072.36],[205292.77,1680072.38],[205292.75,1680084.84],[205269.39,1680084.81],[205269.39,1680089.69],[205256.29,1680089.67],[205256.3,1680084.1],[205232.36,1680084.07]]]]}},{"type":"Feature","properties":{"building":"yes","height":6,"heightSource":"default"},"geometry":{"type":"MultiPolygon","coordinates":[[[[205303.37,1680075.46],[205303.36,1680064.12],[205308.95,1680064.12],[205308.97,1680075.46],[205303.37,1680075.46]]]]}},{"type":"Feature","properties":{"building":"yes","height":6,"heightSource":"default"},"geometry":{"type":"MultiPolygon","coordinates":[[[[205314.67,1680041.31],[205315.31,1680061.8],[205298.31,1680062.34],[205297.66,1680041.85],[205314.67,1680041.31]]]]}},{"type":"Feature","properties":{"building":"yes","height":6,"heightSource":"default"},"geometry":{"type":"MultiPolygon","coordinates":[[[[205213.12,1680054.08],[205225.22,1680054.32],[205224.87,1680072.94],[205212.76,1680072.7],[205213.12,1680054.08]]]]}},{"type":"Feature","properties":{"building":"yes","height":6,"heightSource":"default"},"geometry":{"type":"MultiPolygon","coordinates":[[[[205226.74,1680033.25],[205226.57,1680052.16],[205220.79,1680052.11],[205220.97,1680033.2],[205226.74,1680033.25]]]]}},{"type":"Feature","properties":{"building":"yes","height":6,"heightSource":"default"},"geometry":{"type":"MultiPolygon","coordinates":[[[[205217.19,1680033.95],[205217.66,1680044.82],[205206.43,1680045.32],[205205.96,1680034.44],[205217.19,1680033.95]]]]}},{"type":"Feature","properties":{"building":"yes","height":6,"heightSource":"default"},"geometry":{"type":"MultiPolygon","coordinates":[[[[205198.75,1680082.44],[205198.97,1680068.69],[205210.79,1680068.87],[205210.57,1680082.63],[205198.75,1680082.44]]]]}},{"type":"Feature","properties":{"building":"yes","height":6,"heightSource":"default"},"geometry":{"type":"MultiPolygon","coordinates":[[[[205178.75,1680078.39],[205192.88,1680077.84],[205193.19,1680086.15],[205179.08,1680086.69],[205178.75,1680078.39]]]]}},{"type":"Feature","properties":{"building":"yes","height":6,"heightSource":"default"},"geometry":{"type":"MultiPolygon","coordinates":[[[[205197.47,1680070.27],[205178.18,1680071.24],[205177.63,1680060.36],[205196.92,1680059.4],[205197.47,1680070.27]]]]}},{"type":"Feature","properties":{"building":"yes","height":6,"heightSource":"default"},"geometry":{"type":"MultiPolygon","coordinates":[[[[205160.02,1680076.88],[205169.18,1680077.64],[205168.23,1680089.02],[205159.07,1680088.26],[205160.02,1680076.88]]]]}},{"type":"Feature","properties":{"building":"yes","height":6,"heightSource":"default"},"geometry":{"type":"MultiPolygon","coordinates":[[[[205157.16,1680127.27],[205138.99,1680127.12],[205139.14,1680109.92],[205157.31,1680110.08],[205157.16,1680127.27]]]]}},{"type":"Feature","properties":{"building":"yes","height":6,"heightSource":"default"},"geometry":{"type":"MultiPolygon","coordinates":[[[[205158.24,1680107.77],[205140.07,1680107.62],[205140.22,1680090.42],[205158.39,1680090.57],[205158.24,1680107.77]]]]}},{"type":"Feature","properties":{"building":"yes","height":6,"heightSource":"default"},"geometry":{"type":"MultiPolygon","coordinates":[[[[205179.17,1680135.54],[205179.65,1680116.65],[205189.16,1680116.89],[205188.94,1680125.2],[205191.82,1680125.26],[205191.66,1680131.85],[205187.91,1680131.76],[205187.81,1680135.77],[205179.17,1680135.54]]]]}},{"type":"Feature","properties":{"building":"yes","height":6,"heightSource":"default"},"geometry":{"type":"MultiPolygon","coordinates":[[[[205176.22,1680112.88],[205176.4,1680105.88],[205191.95,1680106.28],[205191.71,1680115.86],[205181.79,1680115.61],[205181.85,1680113.03],[205176.22,1680112.88]]]]}},{"type":"Feature","properties":{"building":"yes","height":6,"heightSource":"default"},"geometry":{"type":"MultiPolygon","coordinates":[[[[205143.02,1680082.28],[205144.86,1680069.38],[205155.87,1680070.92],[205154.03,1680083.82],[205143.02,1680082.28]]]]}},{"type":"Feature","properties":{"building":"yes","height":6,"heightSource":"default"},"geometry":{"type":"MultiPolygon","coordinates":[[[[205142.66,1680049.03],[205152.29,1680048.85],[205152.53,1680061.75],[205142.89,1680061.93],[205142.66,1680049.03]]]]}},{"type":"Feature","properties":{"building":"yes","height":6,"heightSource":"default"},"geometry":{"type":"MultiPolygon","coordinates":[[[[205156.04,1680062.21],[205155.49,1680049.04],[205164.13,1680048.68],[205164.68,1680061.85],[205156.04,1680062.21]]]]}},{"type":"Feature","properties":{"building":"yes","height":6,"heightSource":"default"},"geometry":{"type":"MultiPolygon","coordinates":[[[[205163.9,1680044.01],[205154.68,1680044.36],[205154.45,1680038.64],[205163.68,1680038.28],[205163.9,1680044.01]]]]}},{"type":"Feature","properties":{"building":"yes","height":6,"heightSource":"default"},"geometry":{"type":"MultiPolygon","coordinates":[[[[205181.45,1680034.58],[205181.09,1680045.46],[205168.02,1680045.02],[205168.38,1680034.16],[205181.45,1680034.58]]]]}},{"type":"Feature","properties":{"building":"yes","height":6,"heightSource":"default"},"geometry":{"type":"MultiPolygon","coordinates":[[[[205117.59,1680034.45],[205126.81,1680034.75],[205126.95,1680030.45],[205132.6,1680030.63],[205131.52,1680063.54],[205116.66,1680063.07],[205117.59,1680034.45]]]]}},{"type":"Feature","properties":{"building":"yes","height":6,"heightSource":"default"},"geometry":{"type":"MultiPolygon","coordinates":[[[[205100.68,1680036],[205116.54,1680036.2],[205116.17,1680064.57],[205100.31,1680064.37],[205100.68,1680036]]]]}},{"type":"Feature","properties":{"building":"yes","height":6,"heightSource":"default"},"geometry":{"type":"MultiPolygon","coordinates":[[[[205087.19,1680033.3],[205096.53,1680033.48],[205095.91,1680067.71],[205086.57,1680067.54],[205087.19,1680033.3]]]]}},{"type":"Feature","properties":{"building":"yes","height":6,"heightSource":"default"},"geometry":{"type":"MultiPolygon","coordinates":[[[[205130.92,1680074.1],[205129.71,1680096.66],[205133.44,1680096.86],[205131.47,1680133.7],[205065.95,1680130.24],[205066.88,1680112.82],[205090.45,1680114.07],[205091.29,1680098.22],[205090.14,1680098.16],[205091.54,1680072.03],[205130.92,1680074.1]]]]}},{"type":"Feature","properties":{"building":"yes","height":6,"heightSource":"default"},"geometry":{"type":"MultiPolygon","coordinates":[[[[205064.16,1680116.8],[205063.16,1680128.45],[205008.14,1680123.78],[205009.22,1680111.14],[205024.49,1680112.44],[205024.92,1680107.46],[205047.23,1680109.35],[205046.72,1680115.32],[205064.16,1680116.8]]]]}},{"type":"Feature","properties":{"building":"yes","height":6,"heightSource":"default"},"geometry":{"type":"MultiPolygon","coordinates":[[[[205023.31,1680080.49],[205047.7,1680082.01],[205047.87,1680079.45],[205060.21,1680080.22],[205060.02,1680083.21],[205077.53,1680084.31],[205076.62,1680098.72],[204990.9,1680093.37],[204991.88,1680077.96],[205010.43,1680079.12],[205010.59,1680076.56],[205023.5,1680077.36],[205023.31,1680080.49]]]]}},{"type":"Feature","properties":{"building":"yes","height":6,"heightSource":"default"},"geometry":{"type":"MultiPolygon","coordinates":[[[[204988.29,1680069.53],[205070.85,1680074.17],[205073.48,1680031.96],[204992.62,1680026.19],[204988.29,1680069.53]]]]}},{"type":"Feature","properties":{"building":"yes","height":6,"heightSource":"default"},"geometry":{"type":"MultiPolygon","coordinates":[[[[204982.6,1680022.75],[204982.54,1680018.16],[204987.73,1680018.1],[204987.79,1680022.68],[204982.6,1680022.75]]]]}},{"type":"Feature","properties":{"building":"yes","height":6,"heightSource":"default"},"geometry":{"type":"MultiPolygon","coordinates":[[[[205000.72,1680032.2],[204989.19,1680032.07],[204989.33,1680020.04],[205000.86,1680020.17],[205000.72,1680032.2]]]]}},{"type":"Feature","properties":{"building":"yes","height":6,"heightSource":"default"},"geometry":{"type":"MultiPolygon","coordinates":[[[[204898.56,1680114.11],[204899.47,1680099.56],[204999.94,1680105.78],[204999.03,1680120.33],[204898.56,1680114.11]]]]}},{"type":"Feature","properties":{"building":"yes","height":6,"heightSource":"default"},"geometry":{"type":"MultiPolygon","coordinates":[[[[204898.81,1680088.09],[204897.83,1680016.44],[204905.61,1680016.33],[204906.61,1680087.98],[204898.81,1680088.09]]]]}},{"type":"Feature","properties":{"building":"yes","height":6,"heightSource":"default"},"geometry":{"type":"MultiPolygon","coordinates":[[[[204916.16,1680088.63],[204915.16,1680016.98],[204922.94,1680016.87],[204923.94,1680088.52],[204916.16,1680088.63]]]]}},{"type":"Feature","properties":{"building":"yes","height":6,"heightSource":"default"},"geometry":{"type":"MultiPolygon","coordinates":[[[[204874.06,1680012.77],[204889.33,1680012.36],[204889.84,1680030.84],[204892.32,1680030.78],[204892.67,1680043.22],[204889.78,1680043.3],[204890.45,1680067.66],[204893.33,1680067.57],[204893.69,1680080.47],[204890.8,1680080.55],[204891.3,1680098.59],[204876.42,1680099],[204874.06,1680012.77]]]]}},{"type":"Feature","properties":{"building":"yes","height":6,"heightSource":"default"},"geometry":{"type":"MultiPolygon","coordinates":[[[[204893.76,1680101.47],[204893.61,1680111.65],[204875.45,1680111.41],[204875.59,1680101.22],[204893.76,1680101.47]]]]}},{"type":"Feature","properties":{"building":"yes","height":6,"heightSource":"default"},"geometry":{"type":"MultiPolygon","coordinates":[[[[204950.55,1680035.04],[204950.71,1680021.29],[204974.82,1680021.57],[204974.66,1680035.33],[204950.55,1680035.04]]]]}},{"type":"Feature","properties":{"building":"yes","height":6,"heightSource":"default"},"geometry":{"type":"MultiPolygon","coordinates":[[[[205138.35,1679997.98],[205144.7,1679998.04],[205144.57,1680010.07],[205138.22,1680010.01],[205138.35,1679997.98]]]]}},{"type":"Feature","properties":{"building":"yes","height":6,"heightSource":"default"},"geometry":{"type":"MultiPolygon","coordinates":[[[[205135.88,1679998.92],[205133.27,1680015.68],[205122.87,1680014.09],[205125.48,1679997.32],[205135.88,1679998.92]]]]}},{"type":"Feature","properties":{"building":"yes","height":6,"heightSource":"default"},"geometry":{"type":"MultiPolygon","coordinates":[[[[205128.26,1679989.94],[205128.53,1679980.77],[205137.28,1679981.03],[205137,1679990.19],[205128.26,1679989.94]]]]}},{"type":"Feature","properties":{"building":"yes","height":6,"heightSource":"default"},"geometry":{"type":"MultiPolygon","coordinates":[[[[205109.15,1679986.52],[205120.1,1679986.76],[205119.83,1679998.93],[205108.88,1679998.69],[205109.15,1679986.52]]]]}},{"type":"Feature","properties":{"building":"yes","height":6,"heightSource":"default"},"geometry":{"type":"MultiPolygon","coordinates":[[[[205116.68,1680002.44],[205121.01,1680002.53],[205120.77,1680014.27],[205110.68,1680014.07],[205110.88,1680003.76],[205116.65,1680003.87],[205116.68,1680002.44]]]]}},{"type":"Feature","properties":{"building":"yes","height":6,"heightSource":"default"},"geometry":{"type":"MultiPolygon","coordinates":[[[[205097.94,1680000.89],[205101.57,1680000.78],[205101.92,1680011.95],[205098.28,1680012.06],[205097.94,1680000.89]]]]}},{"type":"Feature","properties":{"building":"yes","height":6,"heightSource":"default"},"geometry":{"type":"MultiPolygon","coordinates":[[[[205082.04,1679950.83],[205094.61,1679950.31],[205095.01,1679959.9],[205082.44,1679960.42],[205082.04,1679950.83]]]]}},{"type":"Feature","properties":{"building":"yes","height":6,"heightSource":"default"},"geometry":{"type":"MultiPolygon","coordinates":[[[[205085.89,1679938.57],[205098.45,1679938.04],[205098.85,1679947.64],[205086.29,1679948.16],[205085.89,1679938.57]]]]}},{"type":"Feature","properties":{"building":"yes","height":6,"heightSource":"default"},"geometry":{"type":"MultiPolygon","coordinates":[[[[205097.82,1679951.32],[205110.39,1679950.79],[205110.79,1679960.39],[205098.22,1679960.91],[205097.82,1679951.32]]]]}},{"type":"Feature","properties":{"building":"yes","height":6,"heightSource":"default"},"geometry":{"type":"MultiPolygon","coordinates":[[[[205092.7,1679969.87],[205105.27,1679969.34],[205105.68,1679978.93],[205093.11,1679979.46],[205092.7,1679969.87]]]]}},{"type":"Feature","properties":{"building":"yes","height":6,"heightSource":"default"},"geometry":{"type":"MultiPolygon","coordinates":[[[[205110.79,1679971.91],[205123.36,1679971.38],[205123.76,1679980.97],[205111.2,1679981.49],[205110.79,1679971.91]]]]}},{"type":"Feature","properties":{"building":"yes","height":6,"heightSource":"default"},"geometry":{"type":"MultiPolygon","coordinates":[[[[205161.57,1679883.7],[205173.68,1679883.26],[205174.35,1679901.59],[205162.25,1679902.03],[205161.57,1679883.7]]]]}},{"type":"Feature","properties":{"building":"yes","height":6,"heightSource":"default"},"geometry":{"type":"MultiPolygon","coordinates":[[[[205185.89,1679902.89],[205187.06,1679912.8],[205177.65,1679913.89],[205176.5,1679903.98],[205185.89,1679902.89]]]]}},{"type":"Feature","properties":{"building":"yes","height":6,"heightSource":"default"},"geometry":{"type":"MultiPolygon","coordinates":[[[[205194.44,1679916.43],[205194,1679927.01],[205186.53,1679926.71],[205186.96,1679916.13],[205194.44,1679916.43]]]]}},{"type":"Feature","properties":{"building":"yes","height":6,"heightSource":"default"},"geometry":{"type":"MultiPolygon","coordinates":[[[[205183.37,1679925.74],[205178.63,1679926.27],[205177.38,1679915.37],[205182.13,1679914.83],[205183.37,1679925.74]]]]}},{"type":"Feature","properties":{"building":"yes","height":6,"heightSource":"default"},"geometry":{"type":"MultiPolygon","coordinates":[[[[205166.08,1679914.49],[205165.9,1679931.11],[205148.49,1679930.93],[205148.62,1679919.62],[205154.78,1679919.68],[205154.83,1679914.37],[205166.08,1679914.49]]]]}},{"type":"Feature","properties":{"building":"yes","height":6,"heightSource":"default"},"geometry":{"type":"MultiPolygon","coordinates":[[[[205168.27,1679947.27],[205164.63,1679947.2],[205164.48,1679954.64],[205156.59,1679954.49],[205157.01,1679933.58],[205168.54,1679933.81],[205168.27,1679947.27]]]]}},{"type":"Feature","properties":{"building":"yes","height":6,"heightSource":"default"},"geometry":{"type":"MultiPolygon","coordinates":[[[[205197.71,1679867.23],[205213.56,1679869.64],[205212.22,1679878.3],[205196.37,1679875.9],[205197.71,1679867.23]]]]}},{"type":"Feature","properties":{"building":"yes","height":6,"heightSource":"default"},"geometry":{"type":"MultiPolygon","coordinates":[[[[205214.88,1679862.35],[205213.44,1679867.85],[205206.62,1679866.07],[205208.07,1679860.58],[205214.88,1679862.35]]]]}},{"type":"Feature","properties":{"building":"yes","height":6,"heightSource":"default"},"geometry":{"type":"MultiPolygon","coordinates":[[[[205201.38,1679850.52],[205210.91,1679852.1],[205208.99,1679863.5],[205199.47,1679861.93],[205201.38,1679850.52]]]]}},{"type":"Feature","properties":{"building":"yes","height":6,"heightSource":"default"},"geometry":{"type":"MultiPolygon","coordinates":[[[[205192.45,1679864.32],[205194.11,1679851.21],[205198.75,1679851.78],[205197.09,1679864.89],[205192.45,1679864.32]]]]}},{"type":"Feature","properties":{"building":"yes","height":6,"heightSource":"default"},"geometry":{"type":"MultiPolygon","coordinates":[[[[205205.72,1679851.02],[205193.12,1679849.53],[205194.76,1679835.86],[205207.37,1679837.35],[205205.72,1679851.02]]]]}},{"type":"Feature","properties":{"building":"yes","height":6,"heightSource":"default"},"geometry":{"type":"MultiPolygon","coordinates":[[[[205185.28,1679838.2],[205191.51,1679838.29],[205191.4,1679846.31],[205185.16,1679846.23],[205185.28,1679838.2]]]]}},{"type":"Feature","properties":{"building":"yes","height":6,"heightSource":"default"},"geometry":{"type":"MultiPolygon","coordinates":[[[[205186.77,1679873.5],[205195.8,1679875.08],[205194.33,1679883.4],[205185.3,1679881.81],[205186.77,1679873.5]]]]}},{"type":"Feature","properties":{"building":"yes","height":6,"heightSource":"default"},"geometry":{"type":"MultiPolygon","coordinates":[[[[205170.18,1679878.02],[205171.17,1679867.52],[205183.73,1679868.69],[205184.21,1679863.73],[205191.16,1679864.37],[205190.48,1679871.61],[205185.05,1679871.11],[205184.28,1679879.34],[205170.18,1679878.02]]]]}},{"type":"Feature","properties":{"building":"yes","height":6,"heightSource":"default"},"geometry":{"type":"MultiPolygon","coordinates":[[[[205160.17,1679866.48],[205168.3,1679868.47],[205166.64,1679875.2],[205158.5,1679873.22],[205160.17,1679866.48]]]]}},{"type":"Feature","properties":{"building":"yes","height":6,"heightSource":"default"},"geometry":{"type":"MultiPolygon","coordinates":[[[[205163.25,1679859.28],[205163.6,1679851.27],[205170.51,1679851.57],[205170.16,1679859.57],[205163.25,1679859.28]]]]}},{"type":"Feature","properties":{"building":"yes","height":6,"heightSource":"default"},"geometry":{"type":"MultiPolygon","coordinates":[[[[205164.21,1679846.19],[205164.49,1679842.49],[205160.76,1679842.22],[205161.09,1679837.94],[205172.26,1679838.77],[205171.66,1679846.74],[205164.21,1679846.19]]]]}},{"type":"Feature","properties":{"building":"yes","height":6,"heightSource":"default"},"geometry":{"type":"MultiPolygon","coordinates":[[[[205173.14,1679824.66],[205173.61,1679832.23],[205166.25,1679832.7],[205165.77,1679825.12],[205173.14,1679824.66]]]]}},{"type":"Feature","properties":{"building":"yes","height":6,"heightSource":"default"},"geometry":{"type":"MultiPolygon","coordinates":[[[[205166.35,1679816.66],[205167.51,1679809.25],[205176.68,1679810.67],[205175.52,1679818.08],[205166.35,1679816.66]]]]}},{"type":"Feature","properties":{"building":"yes","height":6,"heightSource":"default"},"geometry":{"type":"MultiPolygon","coordinates":[[[[205168.68,1679790.02],[205183.28,1679792.61],[205181.16,1679804.4],[205166.56,1679801.8],[205168.68,1679790.02]]]]}},{"type":"Feature","properties":{"building":"yes","height":6,"heightSource":"default"},"geometry":{"type":"MultiPolygon","coordinates":[[[[205105.67,1679792.53],[205115.02,1679792.54],[205115,1679800.14],[205105.67,1679800.12],[205105.67,1679792.53]]]]}},{"type":"Feature","properties":{"building":"yes","height":6,"heightSource":"default"},"geometry":{"type":"MultiPolygon","coordinates":[[[[205148.34,1679781.15],[205157.67,1679781.15],[205157.67,1679788.75],[205148.33,1679788.75],[205148.34,1679781.15]]]]}},{"type":"Feature","properties":{"building":"yes","height":6,"heightSource":"default"},"geometry":{"type":"MultiPolygon","coordinates":[[[[205147.4,1679799.75],[205156.74,1679799.76],[205156.72,1679807.35],[205147.39,1679807.35],[205147.4,1679799.75]]]]}},{"type":"Feature","properties":{"building":"yes","height":6,"heightSource":"default"},"geometry":{"type":"MultiPolygon","coordinates":[[[[205145.02,1679814.54],[205154.35,1679814.56],[205154.35,1679822.16],[205145.02,1679822.14],[205145.02,1679814.54]]]]}},{"type":"Feature","properties":{"building":"yes","height":6,"heightSource":"default"},"geometry":{"type":"MultiPolygon","coordinates":[[[[205152.48,1679829.65],[205150.27,1679848.28],[205140.33,1679847.13],[205142.52,1679828.49],[205152.48,1679829.65]]]]}},{"type":"Feature","properties":{"building":"yes","height":6,"heightSource":"default"},"geometry":{"type":"MultiPolygon","coordinates":[[[[205150.42,1679852.81],[205149.91,1679859.94],[205140.17,1679859.24],[205140.67,1679852.13],[205150.42,1679852.81]]]]}},{"type":"Feature","properties":{"building":"yes","height":6,"heightSource":"default"},"geometry":{"type":"MultiPolygon","coordinates":[[[[205137.93,1679865.95],[205146.95,1679866.38],[205146.61,1679873.23],[205137.6,1679872.81],[205137.93,1679865.95]]]]}},{"type":"Feature","properties":{"building":"yes","height":6,"heightSource":"default"},"geometry":{"type":"MultiPolygon","coordinates":[[[[205126.76,1679877.4],[205127.78,1679871.87],[205138.08,1679873.73],[205137.06,1679879.27],[205126.76,1679877.4]]]]}},{"type":"Feature","properties":{"building":"yes","height":6,"heightSource":"default"},"geometry":{"type":"MultiPolygon","coordinates":[[[[205117.96,1679855.53],[205130.87,1679861.86],[205127.28,1679869.08],[205114.37,1679862.75],[205117.96,1679855.53]]]]}},{"type":"Feature","properties":{"building":"yes","height":6,"heightSource":"default"},"geometry":{"type":"MultiPolygon","coordinates":[[[[205101.94,1679831.22],[205111.29,1679831.23],[205111.27,1679838.83],[205101.94,1679838.81],[205101.94,1679831.22]]]]}},{"type":"Feature","properties":{"building":"yes","height":6,"heightSource":"default"},"geometry":{"type":"MultiPolygon","coordinates":[[[[205102.86,1679825.77],[205103.73,1679818.73],[205112.92,1679819.84],[205112.04,1679826.89],[205102.86,1679825.77]]]]}},{"type":"Feature","properties":{"building":"yes","height":6,"heightSource":"default"},"geometry":{"type":"MultiPolygon","coordinates":[[[[205103.83,1679806.91],[205114.2,1679807.18],[205114.03,1679814.05],[205103.65,1679813.78],[205103.83,1679806.91]]]]}},{"type":"Feature","properties":{"building":"yes","height":6,"heightSource":"default"},"geometry":{"type":"MultiPolygon","coordinates":[[[[205105.23,1679790.78],[205103.99,1679783.08],[205113.58,1679781.56],[205114.81,1679789.25],[205105.23,1679790.78]]]]}},{"type":"Feature","properties":{"building":"yes","height":6,"heightSource":"default"},"geometry":{"type":"MultiPolygon","coordinates":[[[[205106.49,1679770.56],[205116.59,1679770.37],[205116.75,1679779.25],[205106.67,1679779.45],[205106.49,1679770.56]]]]}},{"type":"Feature","properties":{"building":"yes","height":6,"heightSource":"default"},"geometry":{"type":"MultiPolygon","coordinates":[[[[205085.12,1679767.64],[205095.61,1679768.92],[205094.62,1679776.82],[205084.13,1679775.52],[205085.12,1679767.64]]]]}},{"type":"Feature","properties":{"building":"yes","height":6,"heightSource":"default"},"geometry":{"type":"MultiPolygon","coordinates":[[[[205094.12,1679779.6],[205094.13,1679787.2],[205084.03,1679787.22],[205084.02,1679779.62],[205094.12,1679779.6]]]]}},{"type":"Feature","properties":{"building":"yes","height":6,"heightSource":"default"},"geometry":{"type":"MultiPolygon","coordinates":[[[[205091.61,1679799.94],[205082.97,1679799.58],[205083.3,1679792.14],[205091.93,1679792.51],[205091.61,1679799.94]]]]}},{"type":"Feature","properties":{"building":"yes","height":6,"heightSource":"default"},"geometry":{"type":"MultiPolygon","coordinates":[[[[205083.49,1679804.81],[205092.42,1679805.06],[205092.14,1679814.22],[205083.22,1679813.97],[205083.49,1679804.81]]]]}},{"type":"Feature","properties":{"building":"yes","height":6,"heightSource":"default"},"geometry":{"type":"MultiPolygon","coordinates":[[[[205083.2,1679817.59],[205092.42,1679817.87],[205092.17,1679825.17],[205082.97,1679824.89],[205083.2,1679817.59]]]]}},{"type":"Feature","properties":{"building":"yes","height":6,"heightSource":"default"},"geometry":{"type":"MultiPolygon","coordinates":[[[[205082.01,1679798.91],[205082.46,1679809.79],[205062.88,1679810.6],[205062.18,1679793.86],[205075.43,1679793.31],[205075.67,1679799.18],[205082.01,1679798.91]]]]}},{"type":"Feature","properties":{"building":"yes","height":6,"heightSource":"default"},"geometry":{"type":"MultiPolygon","coordinates":[[[[205059.69,1679759.59],[205059.44,1679774.64],[205048.2,1679774.46],[205048.45,1679759.41],[205059.69,1679759.59]]]]}},{"type":"Feature","properties":{"building":"yes","height":6,"heightSource":"default"},"geometry":{"type":"MultiPolygon","coordinates":[[[[205039.76,1679771.59],[205045.13,1679771.63],[205045.12,1679772.91],[205049.57,1679772.94],[205049.34,1679810.34],[205039.54,1679810.29],[205039.76,1679771.59]]]]}},{"type":"Feature","properties":{"building":"yes","height":6,"heightSource":"default"},"geometry":{"type":"MultiPolygon","coordinates":[[[[205016.59,1679807.73],[205019.43,1679781.42],[205037.94,1679783.39],[205035.09,1679809.7],[205016.59,1679807.73]]]]}},{"type":"Feature","properties":{"building":"yes","height":6,"heightSource":"default"},"geometry":{"type":"MultiPolygon","coordinates":[[[[205036.18,1679764.05],[205035.86,1679776.95],[205027.79,1679776.75],[205027.9,1679772.45],[205021.17,1679772.29],[205021.47,1679759.83],[205029.94,1679760.03],[205029.85,1679763.9],[205036.18,1679764.05]]]]}},{"type":"Feature","properties":{"building":"yes","height":6,"heightSource":"default"},"geometry":{"type":"MultiPolygon","coordinates":[[[[205006.08,1679789.62],[205017.59,1679790.24],[205016.68,1679806.65],[205005.19,1679806.03],[205006.08,1679789.62]]]]}},{"type":"Feature","properties":{"building":"yes","height":6,"heightSource":"default"},"geometry":{"type":"MultiPolygon","coordinates":[[[[204993.12,1679789.73],[204993.25,1679786.87],[204998.61,1679787.11],[204997.81,1679804.41],[204986.13,1679803.88],[204986.8,1679789.44],[204993.12,1679789.73]]]]}},{"type":"Feature","properties":{"building":"yes","height":6,"heightSource":"default"},"geometry":{"type":"MultiPolygon","coordinates":[[[[204987.46,1679764.88],[204998,1679765.2],[204997.54,1679780.65],[204986.98,1679780.34],[204987.46,1679764.88]]]]}},{"type":"Feature","properties":{"building":"yes","height":6,"heightSource":"default"},"geometry":{"type":"MultiPolygon","coordinates":[[[[204968.57,1679767.76],[204973.64,1679767.55],[204973.36,1679760.55],[204980.1,1679760.27],[204980.8,1679777.74],[204968.99,1679778.22],[204968.57,1679767.76]]]]}},{"type":"Feature","properties":{"building":"yes","height":6,"heightSource":"default"},"geometry":{"type":"MultiPolygon","coordinates":[[[[204967.01,1679774.8],[204960.38,1679774.82],[204960.35,1679762.49],[204966.98,1679762.47],[204967.01,1679774.8]]]]}},{"type":"Feature","properties":{"building":"yes","height":6,"heightSource":"default"},"geometry":{"type":"MultiPolygon","coordinates":[[[[204965.58,1679806.74],[204955.94,1679812.71],[204949.94,1679803.14],[204959.58,1679797.17],[204965.58,1679806.74]]]]}},{"type":"Feature","properties":{"building":"yes","height":6,"heightSource":"default"},"geometry":{"type":"MultiPolygon","coordinates":[[[[204964.75,1679813.19],[204978.77,1679806.33],[204987.73,1679824.46],[204970.2,1679833.02],[204964,1679820.47],[204967.51,1679818.77],[204964.75,1679813.19]]]]}},{"type":"Feature","properties":{"building":"yes","height":6,"heightSource":"default"},"geometry":{"type":"MultiPolygon","coordinates":[[[[205149.1,1679889.79],[205138.51,1679889.29],[205131.56,1679947.7],[205143.86,1679948.4],[205149.1,1679889.79]]]]}},{"type":"Feature","properties":{"building":"yes","height":6,"heightSource":"default"},"geometry":{"type":"MultiPolygon","coordinates":[[[[205114.86,1679904.98],[205122.06,1679904.69],[205122.49,1679915.28],[205115.29,1679915.57],[205114.86,1679904.98]]]]}},{"type":"Feature","properties":{"building":"yes","height":6,"heightSource":"default"},"geometry":{"type":"MultiPolygon","coordinates":[[[[205108.18,1679883.79],[205098.5,1679880.36],[205103.59,1679866.19],[205113.27,1679869.62],[205108.18,1679883.79]]]]}},{"type":"Feature","properties":{"building":"yes","height":6,"heightSource":"default"},"geometry":{"type":"MultiPolygon","coordinates":[[[[205096.94,1679884.72],[205109.62,1679885.18],[205109.12,1679898.62],[205103.36,1679898.42],[205103.51,1679894.13],[205096.61,1679893.87],[205096.94,1679884.72]]]]}},{"type":"Feature","properties":{"building":"yes","height":6,"heightSource":"default"},"geometry":{"type":"MultiPolygon","coordinates":[[[[205095.08,1679900.56],[205110.93,1679900.68],[205110.79,1679919.31],[205104.84,1679919.26],[205104.92,1679907.8],[205095.02,1679907.72],[205095.08,1679900.56]]]]}},{"type":"Feature","properties":{"building":"yes","height":6,"heightSource":"default"},"geometry":{"type":"MultiPolygon","coordinates":[[[[204999.7,1679818.35],[205029.57,1679822.98],[205031.67,1679813.71],[205000.62,1679809.44],[204999.7,1679818.35]]]]}},{"type":"Feature","properties":{"building":"yes","height":6,"heightSource":"default"},"geometry":{"type":"MultiPolygon","coordinates":[[[[205028.88,1679843.62],[204997.12,1679851.23],[204995.07,1679843.28],[205000.63,1679837.95],[205030.55,1679833.83],[205028.88,1679843.62]]]]}},{"type":"Feature","properties":{"building":"yes","height":6,"heightSource":"default"},"geometry":{"type":"MultiPolygon","coordinates":[[[[204989.23,1679859.59],[205004.1,1679854.54],[205006,1679860.07],[204997.61,1679862.92],[204998.85,1679866.53],[204992.36,1679868.74],[204989.23,1679859.59]]]]}},{"type":"Feature","properties":{"building":"yes","height":6,"heightSource":"default"},"geometry":{"type":"MultiPolygon","coordinates":[[[[205022.55,1679863.23],[205005.86,1679868.59],[205003.32,1679860.77],[205008.73,1679859.03],[205007.12,1679854.08],[205018.4,1679850.46],[205022.55,1679863.23]]]]}},{"type":"Feature","properties":{"building":"yes","height":6,"heightSource":"default"},"geometry":{"type":"MultiPolygon","coordinates":[[[[205025.54,1679877.47],[205011.04,1679882.43],[205007.12,1679871.11],[205021.63,1679866.14],[205025.54,1679877.47]]]]}},{"type":"Feature","properties":{"building":"yes","height":6,"heightSource":"default"},"geometry":{"type":"MultiPolygon","coordinates":[[[[205017.94,1679890.02],[205021.66,1679895.2],[205012.96,1679901.36],[205009.25,1679896.18],[205017.94,1679890.02]]]]}},{"type":"Feature","properties":{"building":"yes","height":6,"heightSource":"default"},"geometry":{"type":"MultiPolygon","coordinates":[[[[205057.77,1679860.36],[205052.65,1679882.94],[205036.88,1679879.4],[205041.32,1679859.82],[205046.42,1679860.96],[205047.11,1679857.97],[205057.77,1679860.36]]]]}},{"type":"Feature","properties":{"building":"yes","height":6,"heightSource":"default"},"geometry":{"type":"MultiPolygon","coordinates":[[[[205048.89,1679854.45],[205050.92,1679842.93],[205061.8,1679844.83],[205059.78,1679856.34],[205048.89,1679854.45]]]]}},{"type":"Feature","properties":{"building":"yes","height":6,"heightSource":"default"},"geometry":{"type":"MultiPolygon","coordinates":[[[[205062.22,1679827.6],[205058.44,1679842.35],[205047.54,1679839.6],[205051.32,1679824.84],[205062.22,1679827.6]]]]}},{"type":"Feature","properties":{"building":"yes","height":6,"heightSource":"default"},"geometry":{"type":"MultiPolygon","coordinates":[[[[205061.36,1679833.28],[205066.12,1679834.33],[205064.07,1679843.59],[205059.3,1679842.55],[205061.36,1679833.28]]]]}},{"type":"Feature","properties":{"building":"yes","height":6,"heightSource":"default"},"geometry":{"type":"MultiPolygon","coordinates":[[[[205093.49,1679870.16],[205090.82,1679877.8],[205084.51,1679875.62],[205087.17,1679867.98],[205093.49,1679870.16]]]]}},{"type":"Feature","properties":{"building":"yes","height":6,"heightSource":"default"},"geometry":{"type":"MultiPolygon","coordinates":[[[[205093.13,1679884.05],[205091.53,1679895.56],[205078.92,1679893.84],[205078.89,1679894.12],[205064.47,1679892.15],[205065.79,1679882.6],[205085.29,1679885.27],[205085.6,1679883.01],[205093.13,1679884.05]]]]}},{"type":"Feature","properties":{"building":"yes","height":6,"heightSource":"default"},"geometry":{"type":"MultiPolygon","coordinates":[[[[205089.8,1679914.26],[205086.11,1679913.16],[205085.74,1679914.34],[205073.88,1679910.81],[205077.79,1679897.84],[205093.35,1679902.47],[205089.8,1679914.26]]]]}},{"type":"Feature","properties":{"building":"yes","height":6,"heightSource":"default"},"geometry":{"type":"MultiPolygon","coordinates":[[[[205063.84,1679908.37],[205070.99,1679908.97],[205070.27,1679917.5],[205063.12,1679916.9],[205063.84,1679908.37]]]]}},{"type":"Feature","properties":{"building":"yes","height":6,"heightSource":"default"},"geometry":{"type":"MultiPolygon","coordinates":[[[[205073.76,1679895.23],[205070.96,1679908.2],[205056.75,1679905.17],[205059.57,1679892.2],[205073.76,1679895.23]]]]}},{"type":"Feature","properties":{"building":"yes","height":6,"heightSource":"default"},"geometry":{"type":"MultiPolygon","coordinates":[[[[205060.86,1679934.26],[205048.26,1679941.01],[205044.02,1679933.18],[205056.62,1679926.44],[205060.86,1679934.26]]]]}},{"type":"Feature","properties":{"building":"yes","height":6,"heightSource":"default"},"geometry":{"type":"MultiPolygon","coordinates":[[[[205049.31,1679943.84],[205056.23,1679940.34],[205059.63,1679946.98],[205052.72,1679950.49],[205049.31,1679943.84]]]]}},{"type":"Feature","properties":{"building":"yes","height":6,"heightSource":"default"},"geometry":{"type":"MultiPolygon","coordinates":[[[[205065.79,1679935.89],[205069,1679948.6],[205062.1,1679950.33],[205058.88,1679937.62],[205065.79,1679935.89]]]]}},{"type":"Feature","properties":{"building":"yes","height":6,"heightSource":"default"},"geometry":{"type":"MultiPolygon","coordinates":[[[[205094.41,1679933.11],[205083.49,1679932.57],[205083.71,1679928.14],[205094.64,1679928.68],[205094.41,1679933.11]]]]}},{"type":"Feature","properties":{"building":"yes","height":6,"heightSource":"default"},"geometry":{"type":"MultiPolygon","coordinates":[[[[205109.41,1679934.3],[205096.32,1679934.32],[205096.3,1679921.71],[205109.38,1679921.68],[205109.41,1679934.3]]]]}},{"type":"Feature","properties":{"building":"yes","height":6,"heightSource":"default"},"geometry":{"type":"MultiPolygon","coordinates":[[[[205034.58,1679549.17],[205043.39,1679543.76],[205037.59,1679532.99],[205028.24,1679538.31],[205034.58,1679549.17]]]]}},{"type":"Feature","properties":{"building":"yes","height":6,"heightSource":"default"},"geometry":{"type":"MultiPolygon","coordinates":[[[[205015.21,1679542.62],[205024.01,1679537.2],[205018.21,1679526.43],[205008.87,1679531.75],[205015.21,1679542.62]]]]}},{"type":"Feature","properties":{"building":"yes","height":6,"heightSource":"default"},"geometry":{"type":"MultiPolygon","coordinates":[[[[205027.54,1679536.84],[205036.34,1679531.41],[205030.54,1679520.64],[205021.19,1679525.97],[205027.54,1679536.84]]]]}},{"type":"Feature","properties":{"building":"yes","height":6,"heightSource":"default"},"geometry":{"type":"MultiPolygon","coordinates":[[[[205018.39,1679523.66],[205027.2,1679518.25],[205021.39,1679507.48],[205012.05,1679512.8],[205018.39,1679523.66]]]]}},{"type":"Feature","properties":{"building":"yes","height":6,"heightSource":"default"},"geometry":{"type":"MultiPolygon","coordinates":[[[[205005.44,1679531.38],[205014.25,1679525.95],[205008.44,1679515.18],[204999.1,1679520.51],[205005.44,1679531.38]]]]}},{"type":"Feature","properties":{"building":"yes","height":6,"heightSource":"default"},"geometry":{"type":"MultiPolygon","coordinates":[[[[204858.96,1679591.68],[204867.61,1679586.9],[204871.68,1679594.18],[204863.03,1679598.96],[204858.96,1679591.68]]]]}},{"type":"Feature","properties":{"building":"yes","height":6,"heightSource":"default"},"geometry":{"type":"MultiPolygon","coordinates":[[[[204885.88,1679571.85],[204894.94,1679565.84],[204899.24,1679572.25],[204890.17,1679578.25],[204885.88,1679571.85]]]]}},{"type":"Feature","properties":{"building":"yes","height":6,"heightSource":"default"},"geometry":{"type":"MultiPolygon","coordinates":[[[[204935.89,1679572.28],[204921.05,1679574.94],[204918.36,1679560.07],[204927.32,1679558.46],[204927.69,1679560.54],[204933.58,1679559.49],[204935.89,1679572.28]]]]}},{"type":"Feature","properties":{"building":"yes","height":6,"heightSource":"default"},"geometry":{"type":"MultiPolygon","coordinates":[[[[204928.49,1679648.12],[204939.88,1679660.51],[204934.96,1679664.98],[204923.55,1679652.6],[204928.49,1679648.12]]]]}},{"type":"Feature","properties":{"building":"yes","height":6,"heightSource":"default"},"geometry":{"type":"MultiPolygon","coordinates":[[[[204834.58,1679634.59],[204845.99,1679646.98],[204841.06,1679651.45],[204829.66,1679639.07],[204834.58,1679634.59]]]]}},{"type":"Feature","properties":{"building":"yes","height":6,"heightSource":"default"},"geometry":{"type":"MultiPolygon","coordinates":[[[[204847.31,1679669.16],[204850.01,1679667.46],[204843.66,1679657.44],[204851.45,1679652.56],[204856.03,1679659.8],[204859.78,1679657.46],[204865.09,1679665.82],[204850.85,1679674.74],[204847.31,1679669.16]]]]}},{"type":"Feature","properties":{"building":"yes","height":6,"heightSource":"default"},"geometry":{"type":"MultiPolygon","coordinates":[[[[204924.39,1679665.38],[204950.18,1679701.03],[204923.89,1679719.81],[204895.48,1679680.53],[204901.43,1679676.28],[204900.32,1679674.76],[204917.01,1679662.83],[204920.75,1679667.98],[204924.39,1679665.38]]]]}},{"type":"Feature","properties":{"building":"yes","height":6,"heightSource":"default"},"geometry":{"type":"MultiPolygon","coordinates":[[[[205005.64,1679690.06],[205005.03,1679706.08],[205016.25,1679706.5],[205015.84,1679717.22],[205007.78,1679716.92],[205007.7,1679719.07],[204988.7,1679718.35],[204988.89,1679713.49],[204973.34,1679712.9],[204974.26,1679688.87],[205005.64,1679690.06]]]]}},{"type":"Feature","properties":{"building":"yes","height":6,"heightSource":"default"},"geometry":{"type":"MultiPolygon","coordinates":[[[[205006.12,1679722.54],[205005.64,1679746.45],[204991.8,1679746.18],[204992.29,1679722.26],[205006.12,1679722.54]]]]}},{"type":"Feature","properties":{"building":"yes","height":6,"heightSource":"default"},"geometry":{"type":"MultiPolygon","coordinates":[[[[204980.36,1679720.21],[204980.04,1679743.12],[204967.47,1679742.96],[204967.79,1679720.03],[204980.36,1679720.21]]]]}},{"type":"Feature","properties":{"building":"yes","height":6,"heightSource":"default"},"geometry":{"type":"MultiPolygon","coordinates":[[[[204911.09,1679734.99],[204924.09,1679727.55],[204929.49,1679736.87],[204916.5,1679744.31],[204911.09,1679734.99]]]]}},{"type":"Feature","properties":{"building":"yes","height":6,"heightSource":"default"},"geometry":{"type":"MultiPolygon","coordinates":[[[[205065.76,1679990.95],[205065.51,1680008.72],[205054.85,1680008.57],[205055.05,1679993.53],[205059.66,1679993.6],[205059.7,1679990.87],[205065.76,1679990.95]]]]}},{"type":"Feature","properties":{"building":"yes","height":6,"heightSource":"default"},"geometry":{"type":"MultiPolygon","coordinates":[[[[205042.33,1679982.75],[205042.57,1679969.14],[205050.93,1679969.29],[205050.69,1679982.89],[205042.33,1679982.75]]]]}},{"type":"Feature","properties":{"building":"yes","height":6,"heightSource":"default"},"geometry":{"type":"MultiPolygon","coordinates":[[[[205042.64,1680001.71],[205042.98,1679983.94],[205052.5,1679984.12],[205052.15,1680001.89],[205042.64,1680001.71]]]]}},{"type":"Feature","properties":{"building":"yes","height":6,"heightSource":"default"},"geometry":{"type":"MultiPolygon","coordinates":[[[[205031.41,1680003.55],[205031.75,1679985.8],[205041.26,1679985.97],[205040.92,1680003.73],[205031.41,1680003.55]]]]}},{"type":"Feature","properties":{"building":"yes","height":6,"heightSource":"default"},"geometry":{"type":"MultiPolygon","coordinates":[[[[205014.5,1679990.05],[205023.72,1679990.18],[205023.52,1680004.22],[205014.3,1680004.09],[205014.5,1679990.05]]]]}},{"type":"Feature","properties":{"building":"yes","height":6,"heightSource":"default"},"geometry":{"type":"MultiPolygon","coordinates":[[[[205016.6,1679982.31],[205017.78,1679978.37],[205013.65,1679977.16],[205015.73,1679970.2],[205020.12,1679971.49],[205021.56,1679966.64],[205028.17,1679968.58],[205023.46,1679984.33],[205016.6,1679982.31]]]]}},{"type":"Feature","properties":{"building":"yes","height":6,"heightSource":"default"},"geometry":{"type":"MultiPolygon","coordinates":[[[[204999.11,1679976.96],[205013.33,1679980.17],[205010.11,1679994.31],[204999.17,1679991.84],[205001.19,1679983],[204997.9,1679982.26],[204999.11,1679976.96]]]]}},{"type":"Feature","properties":{"building":"yes","height":6,"heightSource":"default"},"geometry":{"type":"MultiPolygon","coordinates":[[[[204993.47,1679992.97],[205005.78,1679994.46],[205004.78,1680002.64],[204992.47,1680001.14],[204993.47,1679992.97]]]]}},{"type":"Feature","properties":{"building":"yes","height":6,"heightSource":"default"},"geometry":{"type":"MultiPolygon","coordinates":[[[[204971.65,1680001.77],[204971.2,1679992.04],[204979.84,1679991.63],[204980.3,1680001.36],[204971.65,1680001.77]]]]}},{"type":"Feature","properties":{"building":"yes","height":6,"heightSource":"default"},"geometry":{"type":"MultiPolygon","coordinates":[[[[204980.8,1679983.41],[204980.35,1679973.69],[204988.98,1679973.28],[204989.43,1679983.01],[204980.8,1679983.41]]]]}},{"type":"Feature","properties":{"building":"yes","height":6,"heightSource":"default"},"geometry":{"type":"MultiPolygon","coordinates":[[[[204995.14,1679949.59],[205007.69,1679956.28],[205005.61,1679960.15],[205009.17,1679962.04],[205002.43,1679974.54],[204986.32,1679965.97],[204995.14,1679949.59]]]]}},{"type":"Feature","properties":{"building":"yes","height":6,"heightSource":"default"},"geometry":{"type":"MultiPolygon","coordinates":[[[[204982.62,1679957.46],[204982.99,1679963.03],[204978.22,1679963.35],[204977.83,1679957.78],[204982.62,1679957.46]]]]}},{"type":"Feature","properties":{"building":"yes","height":6,"heightSource":"default"},"geometry":{"type":"MultiPolygon","coordinates":[[[[204963.8,1679937.41],[204966.6,1679929.06],[204991.25,1679937.21],[204988.46,1679945.57],[204963.8,1679937.41]]]]}},{"type":"Feature","properties":{"building":"yes","height":6,"heightSource":"default"},"geometry":{"type":"MultiPolygon","coordinates":[[[[204976.55,1679916.71],[204980.38,1679908.14],[204986.61,1679910.89],[204987.68,1679908.51],[204993.67,1679911.14],[204988.77,1679922.1],[204976.55,1679916.71]]]]}},{"type":"Feature","properties":{"building":"yes","height":6,"heightSource":"default"},"geometry":{"type":"MultiPolygon","coordinates":[[[[204961.08,1679877.29],[204964.93,1679880.57],[204969.01,1679875.82],[204974.88,1679880.82],[204979.96,1679874.92],[204987.1,1679881],[204975.96,1679893.93],[204967.23,1679886.5],[204937.07,1679921.52],[204928.94,1679914.61],[204961.08,1679877.29]]]]}},{"type":"Feature","properties":{"building":"yes","height":6,"heightSource":"default"},"geometry":{"type":"MultiPolygon","coordinates":[[[[204935.75,1679898.52],[204937.5,1679889.85],[204942.66,1679890.88],[204940.9,1679899.54],[204935.75,1679898.52]]]]}},{"type":"Feature","properties":{"building":"yes","height":6,"heightSource":"default"},"geometry":{"type":"MultiPolygon","coordinates":[[[[204965.06,1679914.79],[204962.62,1679921.48],[204953.89,1679918.34],[204956.34,1679911.65],[204965.06,1679914.79]]]]}},{"type":"Feature","properties":{"building":"yes","height":6,"heightSource":"default"},"geometry":{"type":"MultiPolygon","coordinates":[[[[204948.21,1679935.48],[204933.8,1679935.13],[204934.13,1679921.96],[204948.53,1679922.3],[204948.21,1679935.48]]]]}},{"type":"Feature","properties":{"building":"yes","height":6,"heightSource":"default"},"geometry":{"type":"MultiPolygon","coordinates":[[[[204948.97,1679936.53],[204948.55,1679945.1],[204942.23,1679944.8],[204941.81,1679953.09],[204935.78,1679952.79],[204936.61,1679935.93],[204948.97,1679936.53]]]]}},{"type":"Feature","properties":{"building":"yes","height":6,"heightSource":"default"},"geometry":{"type":"MultiPolygon","coordinates":[[[[204915.53,1679958],[204920.71,1679957.8],[204920.44,1679950.93],[204933.11,1679950.44],[204933.56,1679961.6],[204915.7,1679962.3],[204915.53,1679958]]]]}},{"type":"Feature","properties":{"building":"yes","height":6,"heightSource":"default"},"geometry":{"type":"MultiPolygon","coordinates":[[[[204935.04,1679975.04],[204945.42,1679975.09],[204945.37,1679986.97],[204934.99,1679986.92],[204935.04,1679975.04]]]]}},{"type":"Feature","properties":{"building":"yes","height":6,"heightSource":"default"},"geometry":{"type":"MultiPolygon","coordinates":[[[[204961.68,1679987.57],[204950.45,1679987.92],[204950.13,1679977.73],[204961.38,1679977.4],[204961.68,1679987.57]]]]}},{"type":"Feature","properties":{"building":"yes","height":6,"heightSource":"default"},"geometry":{"type":"MultiPolygon","coordinates":[[[[204964.27,1679990.41],[204964.32,1679974.23],[204975.09,1679974.25],[204975.06,1679990.44],[204964.27,1679990.41]]]]}},{"type":"Feature","properties":{"building":"yes","height":6,"heightSource":"default"},"geometry":{"type":"MultiPolygon","coordinates":[[[[204965.65,1679970.87],[204965.95,1679962.57],[204974.4,1679962.88],[204974.11,1679971.16],[204965.65,1679970.87]]]]}},{"type":"Feature","properties":{"building":"yes","height":6,"heightSource":"default"},"geometry":{"type":"MultiPolygon","coordinates":[[[[204955.69,1679966.48],[204956.63,1679959.16],[204964.28,1679960.14],[204963.34,1679967.46],[204955.69,1679966.48]]]]}},{"type":"Feature","properties":{"building":"yes","height":6,"heightSource":"default"},"geometry":{"type":"MultiPolygon","coordinates":[[[[204925.9,1680000.53],[204906.93,1679999.56],[204908.48,1679969.7],[204915.38,1679970.05],[204915.15,1679974.48],[204927.22,1679975.11],[204925.9,1680000.53]]]]}},{"type":"Feature","properties":{"building":"yes","height":6,"heightSource":"default"},"geometry":{"type":"MultiPolygon","coordinates":[[[[204832.48,1679752.84],[204854.19,1679755.97],[204852.91,1679764.66],[204831.21,1679761.52],[204832.48,1679752.84]]]]}},{"type":"Feature","properties":{"building":"yes","height":6,"heightSource":"default"},"geometry":{"type":"MultiPolygon","coordinates":[[[[204831.95,1679777.26],[204832.01,1679772.81],[204837.48,1679772.86],[204837.51,1679769.99],[204841.83,1679770.04],[204841.76,1679777.36],[204831.95,1679777.26]]]]}},{"type":"Feature","properties":{"building":"yes","height":6,"heightSource":"default"},"geometry":{"type":"MultiPolygon","coordinates":[[[[204816.51,1679815.82],[204819.29,1679786.48],[204856.42,1679789.94],[204853.64,1679819.29],[204816.51,1679815.82]]]]}},{"type":"Feature","properties":{"building":"yes","height":6,"heightSource":"default"},"geometry":{"type":"MultiPolygon","coordinates":[[[[204791.16,1679826.36],[204830.49,1679830.36],[204830.77,1679827.69],[204842.07,1679828.84],[204841.68,1679832.53],[204857.64,1679834.15],[204855.47,1679855.11],[204843.51,1679853.9],[204843.91,1679849.93],[204839.07,1679849.43],[204838.69,1679853.12],[204827.57,1679851.98],[204827.98,1679848.01],[204823.43,1679847.55],[204823.07,1679850.95],[204811.67,1679849.79],[204812.31,1679843.56],[204804.62,1679842.78],[204804.3,1679845.9],[204794.61,1679844.9],[204795.02,1679840.94],[204789.71,1679840.4],[204791.16,1679826.36]]]]}},{"type":"Feature","properties":{"building":"yes","height":6,"heightSource":"default"},"geometry":{"type":"MultiPolygon","coordinates":[[[[204833.06,1679876.35],[204844.3,1679876.41],[204844.23,1679887.6],[204832.99,1679887.53],[204833.06,1679876.35]]]]}},{"type":"Feature","properties":{"building":"yes","height":6,"heightSource":"default"},"geometry":{"type":"MultiPolygon","coordinates":[[[[204849.2,1679880.37],[204860.45,1679880.43],[204860.38,1679891.61],[204849.13,1679891.54],[204849.2,1679880.37]]]]}},{"type":"Feature","properties":{"building":"yes","height":6,"heightSource":"default"},"geometry":{"type":"MultiPolygon","coordinates":[[[[204875.88,1679889.12],[204875.27,1679894.91],[204864.43,1679893.78],[204865.06,1679887.99],[204875.88,1679889.12]]]]}},{"type":"Feature","properties":{"building":"yes","height":6,"heightSource":"default"},"geometry":{"type":"MultiPolygon","coordinates":[[[[204861.61,1679905.02],[204873.53,1679904.81],[204873.92,1679927.91],[204855.36,1679928.22],[204855.22,1679920.04],[204847.43,1679920.16],[204847.25,1679909.56],[204861.67,1679909.31],[204861.61,1679905.02]]]]}},{"type":"Feature","properties":{"building":"yes","height":6,"heightSource":"default"},"geometry":{"type":"MultiPolygon","coordinates":[[[[204801.85,1679892.73],[204802.2,1679881],[204821.78,1679881.55],[204821.44,1679893.3],[204801.85,1679892.73]]]]}},{"type":"Feature","properties":{"building":"yes","height":6,"heightSource":"default"},"geometry":{"type":"MultiPolygon","coordinates":[[[[204787.66,1679849.66],[204787.39,1679855.09],[204781.46,1679854.8],[204781.72,1679849.37],[204787.66,1679849.66]]]]}},{"type":"Feature","properties":{"building":"yes","height":6,"heightSource":"default"},"geometry":{"type":"MultiPolygon","coordinates":[[[[204879.29,1679853.18],[204879.03,1679858.61],[204873.09,1679858.32],[204873.36,1679852.89],[204879.29,1679853.18]]]]}},{"type":"Feature","properties":{"building":"yes","height":6,"heightSource":"default"},"geometry":{"type":"MultiPolygon","coordinates":[[[[204766,1679872.1],[204788.59,1679874.49],[204788.43,1679876.06],[204798.96,1679877.17],[204796.74,1679897.84],[204799.03,1679898.07],[204797,1679917.04],[204803.26,1679917.7],[204802.55,1679924.33],[204779.1,1679921.86],[204779.65,1679916.63],[204769.22,1679915.53],[204769.46,1679913.27],[204752.37,1679911.46],[204754.5,1679891.66],[204763.79,1679892.64],[204766,1679872.1]]]]}},{"type":"Feature","properties":{"building":"yes","height":6,"heightSource":"default"},"geometry":{"type":"MultiPolygon","coordinates":[[[[204683.5,1679911.22],[204690.2,1679896.01],[204710.9,1679905.01],[204704.19,1679920.23],[204683.5,1679911.22]]]]}},{"type":"Feature","properties":{"building":"yes","height":6,"heightSource":"default"},"geometry":{"type":"MultiPolygon","coordinates":[[[[204690.32,1679892.88],[204706.31,1679866.65],[204718.16,1679873.79],[204702.19,1679900.02],[204690.32,1679892.88]]]]}},{"type":"Feature","properties":{"building":"yes","height":6,"heightSource":"default"},"geometry":{"type":"MultiPolygon","coordinates":[[[[204708.29,1679863.71],[204719.83,1679846.18],[204730.84,1679853.34],[204719.32,1679870.87],[204708.29,1679863.71]]]]}},{"type":"Feature","properties":{"building":"yes","height":6,"heightSource":"default"},"geometry":{"type":"MultiPolygon","coordinates":[[[[204668.14,1679876.55],[204686,1679886.67],[204677.12,1679902.13],[204659.26,1679892.02],[204668.14,1679876.55]]]]}},{"type":"Feature","properties":{"building":"yes","height":6,"heightSource":"default"},"geometry":{"type":"MultiPolygon","coordinates":[[[[204781.97,1679769.67],[204779.1,1679776.61],[204767.07,1679771.71],[204769.94,1679764.76],[204781.97,1679769.67]]]]}},{"type":"Feature","properties":{"building":"yes","height":6,"heightSource":"default"},"geometry":{"type":"MultiPolygon","coordinates":[[[[204762.06,1679770.43],[204772.11,1679775.19],[204767.5,1679784.8],[204757.45,1679780.06],[204762.06,1679770.43]]]]}},{"type":"Feature","properties":{"building":"yes","height":6,"heightSource":"default"},"geometry":{"type":"MultiPolygon","coordinates":[[[[204768.34,1679758.18],[204769.94,1679750.21],[204777.13,1679751.63],[204775.54,1679759.61],[204768.34,1679758.18]]]]}},{"type":"Feature","properties":{"building":"yes","height":6,"heightSource":"default"},"geometry":{"type":"MultiPolygon","coordinates":[[[[204754.6,1679756.16],[204756.2,1679748.19],[204763.39,1679749.61],[204761.8,1679757.59],[204754.6,1679756.16]]]]}},{"type":"Feature","properties":{"building":"yes","height":6,"heightSource":"default"},"geometry":{"type":"MultiPolygon","coordinates":[[[[204754.28,1679763.44],[204752.67,1679772.01],[204744.6,1679770.53],[204746.2,1679761.96],[204754.28,1679763.44]]]]}},{"type":"Feature","properties":{"building":"yes","height":6,"heightSource":"default"},"geometry":{"type":"MultiPolygon","coordinates":[[[[204739.39,1679775.32],[204741.63,1679770.33],[204749.61,1679773.88],[204747.37,1679778.86],[204739.39,1679775.32]]]]}},{"type":"Feature","properties":{"building":"yes","height":6,"heightSource":"default"},"geometry":{"type":"MultiPolygon","coordinates":[[[[204713.63,1679780.4],[204725.05,1679785.09],[204720.14,1679796.88],[204714.51,1679794.56],[204712.17,1679800.16],[204706.39,1679797.77],[204713.63,1679780.4]]]]}},{"type":"Feature","properties":{"building":"yes","height":6,"heightSource":"default"},"geometry":{"type":"MultiPolygon","coordinates":[[[[204728.52,1679756.79],[204738.57,1679761.55],[204733.96,1679771.16],[204723.91,1679766.41],[204728.52,1679756.79]]]]}},{"type":"Feature","properties":{"building":"yes","height":6,"heightSource":"default"},"geometry":{"type":"MultiPolygon","coordinates":[[[[204723,1679768.54],[204733.05,1679773.3],[204728.44,1679782.91],[204718.39,1679778.17],[204723,1679768.54]]]]}},{"type":"Feature","properties":{"building":"yes","height":6,"heightSource":"default"},"geometry":{"type":"MultiPolygon","coordinates":[[[[204707.77,1679746.77],[204717.68,1679749.9],[204713.66,1679762.5],[204703.74,1679759.37],[204707.77,1679746.77]]]]}},{"type":"Feature","properties":{"building":"yes","height":6,"heightSource":"default"},"geometry":{"type":"MultiPolygon","coordinates":[[[[204771.61,1679830.07],[204769.46,1679841.4],[204761.13,1679839.85],[204763.27,1679828.52],[204771.61,1679830.07]]]]}},{"type":"Feature","properties":{"building":"yes","height":6,"heightSource":"default"},"geometry":{"type":"MultiPolygon","coordinates":[[[[204770.3,1679815.17],[204779.62,1679818.78],[204775.6,1679829.04],[204766.28,1679825.43],[204770.3,1679815.17]]]]}},{"type":"Feature","properties":{"building":"yes","height":6,"heightSource":"default"},"geometry":{"type":"MultiPolygon","coordinates":[[[[204707.7,1679828.79],[204715.62,1679815.1],[204726.17,1679821.12],[204718.25,1679834.81],[204707.7,1679828.79]]]]}},{"type":"Feature","properties":{"building":"yes","height":6,"heightSource":"default"},"geometry":{"type":"MultiPolygon","coordinates":[[[[204696.9,1679811.51],[204703.15,1679814.71],[204700.42,1679819.98],[204694.16,1679816.77],[204696.9,1679811.51]]]]}},{"type":"Feature","properties":{"building":"yes","height":6,"heightSource":"default"},"geometry":{"type":"MultiPolygon","coordinates":[[[[204685.04,1679827.14],[204681.62,1679832.95],[204677.57,1679830.6],[204680.99,1679824.79],[204685.04,1679827.14]]]]}},{"type":"Feature","properties":{"building":"yes","height":6,"heightSource":"default"},"geometry":{"type":"MultiPolygon","coordinates":[[[[204631.95,1679863.45],[204644.4,1679849.93],[204651.7,1679856.56],[204639.25,1679870.08],[204631.95,1679863.45]]]]}},{"type":"Feature","properties":{"building":"yes","height":6,"heightSource":"default"},"geometry":{"type":"MultiPolygon","coordinates":[[[[204668.42,1679850.25],[204672.92,1679854.28],[204661.67,1679866.69],[204657.16,1679862.66],[204668.42,1679850.25]]]]}},{"type":"Feature","properties":{"building":"yes","height":6,"heightSource":"default"},"geometry":{"type":"MultiPolygon","coordinates":[[[[204675.13,1679842.59],[204685.7,1679847.33],[204679.1,1679861.86],[204673.38,1679859.3],[204676.28,1679852.91],[204671.42,1679850.73],[204675.13,1679842.59]]]]}},{"type":"Feature","properties":{"building":"yes","height":6,"heightSource":"default"},"geometry":{"type":"MultiPolygon","coordinates":[[[[204654.95,1679839.11],[204669.44,1679825.51],[204678.33,1679834.84],[204663.85,1679848.46],[204654.95,1679839.11]]]]}},{"type":"Feature","properties":{"building":"yes","height":6,"heightSource":"default"},"geometry":{"type":"MultiPolygon","coordinates":[[[[204656.47,1679842.41],[204653.05,1679848.22],[204648.99,1679845.87],[204652.41,1679840.05],[204656.47,1679842.41]]]]}},{"type":"Feature","properties":{"building":"yes","height":6,"heightSource":"default"},"geometry":{"type":"MultiPolygon","coordinates":[[[[204665.38,1679759.44],[204676.29,1679753.46],[204681.45,1679762.74],[204670.54,1679768.73],[204665.38,1679759.44]]]]}},{"type":"Feature","properties":{"building":"yes","height":6,"heightSource":"default"},"geometry":{"type":"MultiPolygon","coordinates":[[[[204649.6,1679771.69],[204660.5,1679765.7],[204665.67,1679774.99],[204654.76,1679780.97],[204649.6,1679771.69]]]]}},{"type":"Feature","properties":{"building":"yes","height":6,"heightSource":"default"},"geometry":{"type":"MultiPolygon","coordinates":[[[[204658.19,1679782.7],[204669.1,1679776.71],[204674.26,1679786],[204663.35,1679791.98],[204658.19,1679782.7]]]]}},{"type":"Feature","properties":{"building":"yes","height":6,"heightSource":"default"},"geometry":{"type":"MultiPolygon","coordinates":[[[[204643.01,1679790.7],[204653.91,1679784.71],[204659.07,1679793.99],[204648.17,1679799.99],[204643.01,1679790.7]]]]}},{"type":"Feature","properties":{"building":"yes","height":6,"heightSource":"default"},"geometry":{"type":"MultiPolygon","coordinates":[[[[204638.34,1679768.13],[204634.05,1679773.23],[204617.07,1679759.15],[204624.93,1679749.8],[204629.3,1679753.42],[204633.93,1679747.9],[204644.87,1679756.98],[204636.66,1679766.73],[204638.34,1679768.13]]]]}},{"type":"Feature","properties":{"building":"yes","height":6,"heightSource":"default"},"geometry":{"type":"MultiPolygon","coordinates":[[[[204644.08,1679800.23],[204637.44,1679810.96],[204630.46,1679806.7],[204637.1,1679795.96],[204644.08,1679800.23]]]]}},{"type":"Feature","properties":{"building":"yes","height":6,"heightSource":"default"},"geometry":{"type":"MultiPolygon","coordinates":[[[[204632.45,1679832.09],[204626.6,1679827.61],[204634.06,1679818],[204650.54,1679830.63],[204635.95,1679849.43],[204625.32,1679841.28],[204632.45,1679832.09]]]]}},{"type":"Feature","properties":{"building":"yes","height":6,"heightSource":"default"},"geometry":{"type":"MultiPolygon","coordinates":[[[[204624.72,1679812.18],[204631.25,1679809.08],[204633.96,1679814.73],[204627.42,1679817.82],[204624.72,1679812.18]]]]}},{"type":"Feature","properties":{"building":"yes","height":6,"heightSource":"default"},"geometry":{"type":"MultiPolygon","coordinates":[[[[204609.47,1679808.15],[204614.99,1679813.29],[204607.37,1679821.37],[204601.84,1679816.24],[204609.47,1679808.15]]]]}},{"type":"Feature","properties":{"building":"yes","height":6,"heightSource":"default"},"geometry":{"type":"MultiPolygon","coordinates":[[[[204590.71,1679808.47],[204597.97,1679801.03],[204604.3,1679807.12],[204597.03,1679814.56],[204590.71,1679808.47]]]]}},{"type":"Feature","properties":{"building":"yes","height":6,"heightSource":"default"},"geometry":{"type":"MultiPolygon","coordinates":[[[[204590.2,1679795.15],[204596.22,1679800.56],[204589.69,1679807.72],[204583.67,1679802.32],[204590.2,1679795.15]]]]}},{"type":"Feature","properties":{"building":"yes","height":6,"heightSource":"default"},"geometry":{"type":"MultiPolygon","coordinates":[[[[204596.93,1679818.23],[204587.82,1679827.74],[204582.98,1679823.16],[204580,1679826.28],[204573.77,1679820.39],[204578.19,1679815.78],[204574.3,1679812.11],[204581.98,1679804.09],[204596.93,1679818.23]]]]}},{"type":"Feature","properties":{"building":"yes","height":6,"heightSource":"default"},"geometry":{"type":"MultiPolygon","coordinates":[[[[204598.92,1679816.7],[204608.47,1679822.76],[204604.5,1679828.93],[204617.91,1679837.44],[204607.91,1679852.99],[204584.95,1679838.42],[204598.92,1679816.7]]]]}},{"type":"Feature","properties":{"building":"yes","height":6,"heightSource":"default"},"geometry":{"type":"MultiPolygon","coordinates":[[[[204605.14,1679855.12],[204617.32,1679838.86],[204633.94,1679851.14],[204621.76,1679867.41],[204605.14,1679855.12]]]]}},{"type":"Feature","properties":{"building":"yes","height":6,"heightSource":"default"},"geometry":{"type":"MultiPolygon","coordinates":[[[[204559.77,1679748.79],[204566.35,1679754.22],[204554.21,1679768.69],[204547.65,1679763.25],[204559.77,1679748.79]]]]}},{"type":"Feature","properties":{"building":"yes","height":6,"heightSource":"default"},"geometry":{"type":"MultiPolygon","coordinates":[[[[204550.26,1679693.72],[204567.75,1679706.44],[204543.64,1679739.17],[204526.15,1679726.44],[204550.26,1679693.72]]]]}},{"type":"Feature","properties":{"building":"yes","height":6,"heightSource":"default"},"geometry":{"type":"MultiPolygon","coordinates":[[[[204427.74,1679753.65],[204423.76,1679756.99],[204420.59,1679753.27],[204417.37,1679755.99],[204412.05,1679749.74],[204408.31,1679752.89],[204372.24,1679710.49],[204383.19,1679701.29],[204427.74,1679753.65]]]]}},{"type":"Feature","properties":{"building":"yes","height":6,"heightSource":"default"},"geometry":{"type":"MultiPolygon","coordinates":[[[[204382.86,1679701.15],[204371.97,1679709.93],[204366.42,1679703.14],[204377.3,1679694.35],[204382.86,1679701.15]]]]}},{"type":"Feature","properties":{"building":"yes","height":6,"heightSource":"default"},"geometry":{"type":"MultiPolygon","coordinates":[[[[204423.97,1679691.67],[204431.28,1679684.82],[204441.19,1679695.24],[204433.88,1679702.1],[204423.97,1679691.67]]]]}},{"type":"Feature","properties":{"building":"yes","height":6,"heightSource":"default"},"geometry":{"type":"MultiPolygon","coordinates":[[[[204444.11,1679680.21],[204449.02,1679685.07],[204444.95,1679689.13],[204440.04,1679684.27],[204444.11,1679680.21]]]]}},{"type":"Feature","properties":{"building":"yes","height":6,"heightSource":"default"},"geometry":{"type":"MultiPolygon","coordinates":[[[[204419.45,1679698.22],[204426.36,1679706.57],[204418.21,1679713.25],[204411.28,1679704.9],[204419.45,1679698.22]]]]}},{"type":"Feature","properties":{"building":"yes","height":6,"heightSource":"default"},"geometry":{"type":"MultiPolygon","coordinates":[[[[204409.22,1679690.59],[204416.14,1679698.93],[204407.98,1679705.61],[204401.06,1679697.27],[204409.22,1679690.59]]]]}},{"type":"Feature","properties":{"building":"yes","height":6,"heightSource":"default"},"geometry":{"type":"MultiPolygon","coordinates":[[[[204399.59,1679679.8],[204406.5,1679688.15],[204398.34,1679694.82],[204391.42,1679686.48],[204399.59,1679679.8]]]]}},{"type":"Feature","properties":{"building":"yes","height":6,"heightSource":"default"},"geometry":{"type":"MultiPolygon","coordinates":[[[[204413.7,1679663.93],[204420.63,1679672.27],[204412.46,1679678.95],[204405.54,1679670.61],[204413.7,1679663.93]]]]}},{"type":"Feature","properties":{"building":"yes","height":6,"heightSource":"default"},"geometry":{"type":"MultiPolygon","coordinates":[[[[204424.8,1679673.49],[204431.72,1679681.84],[204423.55,1679688.52],[204416.64,1679680.17],[204424.8,1679673.49]]]]}},{"type":"Feature","properties":{"building":"yes","height":6,"heightSource":"default"},"geometry":{"type":"MultiPolygon","coordinates":[[[[204441.74,1679665],[204448.47,1679657.92],[204454.87,1679663.94],[204448.13,1679671.02],[204441.74,1679665]]]]}},{"type":"Feature","properties":{"building":"yes","height":6,"heightSource":"default"},"geometry":{"type":"MultiPolygon","coordinates":[[[[204437.99,1679645.35],[204443.3,1679653.33],[204446.53,1679651.2],[204449.79,1679656.1],[204428.01,1679670.41],[204419.45,1679657.52],[204437.99,1679645.35]]]]}},{"type":"Feature","properties":{"building":"yes","height":6,"heightSource":"default"},"geometry":{"type":"MultiPolygon","coordinates":[[[[204474.36,1679655.31],[204463.7,1679664.14],[204459.98,1679659.71],[204470.62,1679650.87],[204474.36,1679655.31]]]]}},{"type":"Feature","properties":{"building":"yes","height":6,"heightSource":"default"},"geometry":{"type":"MultiPolygon","coordinates":[[[[204466.3,1679635.61],[204480.32,1679649.2],[204475.33,1679654.28],[204464.1,1679643.38],[204461.39,1679646.13],[204458.61,1679643.45],[204466.3,1679635.61]]]]}},{"type":"Feature","properties":{"building":"yes","height":6,"heightSource":"default"},"geometry":{"type":"MultiPolygon","coordinates":[[[[204476.72,1679633.05],[204472.66,1679637.55],[204454.48,1679621.35],[204464.21,1679610.56],[204491.15,1679634.56],[204485.48,1679640.85],[204476.72,1679633.05]]]]}},{"type":"Feature","properties":{"building":"yes","height":6,"heightSource":"default"},"geometry":{"type":"MultiPolygon","coordinates":[[[[204494.15,1679606.54],[204487.28,1679616.23],[204477.34,1679609.28],[204484.21,1679599.59],[204494.15,1679606.54]]]]}},{"type":"Feature","properties":{"building":"yes","height":6,"heightSource":"default"},"geometry":{"type":"MultiPolygon","coordinates":[[[[204454.04,1679634.63],[204459.8,1679641.35],[204448.39,1679651],[204442.62,1679644.3],[204454.04,1679634.63]]]]}},{"type":"Feature","properties":{"building":"yes","height":6,"heightSource":"default"},"geometry":{"type":"MultiPolygon","coordinates":[[[[204868.29,1679721.52],[204874.09,1679727.9],[204866.24,1679734.97],[204860.43,1679728.59],[204868.29,1679721.52]]]]}},{"type":"Feature","properties":{"building":"yes","height":6,"heightSource":"default"},"geometry":{"type":"MultiPolygon","coordinates":[[[[204863.05,1679713.27],[204855.92,1679721.95],[204849.25,1679716.53],[204856.38,1679707.85],[204863.05,1679713.27]]]]}},{"type":"Feature","properties":{"building":"yes","height":6,"heightSource":"default"},"geometry":{"type":"MultiPolygon","coordinates":[[[[204840.92,1679726.1],[204847.45,1679719.02],[204854.1,1679725.09],[204847.57,1679732.16],[204840.92,1679726.1]]]]}},{"type":"Feature","properties":{"building":"yes","height":6,"heightSource":"default"},"geometry":{"type":"MultiPolygon","coordinates":[[[[204835.44,1679725.88],[204842.45,1679730.65],[204838.04,1679737.03],[204831.03,1679732.27],[204835.44,1679725.88]]]]}},{"type":"Feature","properties":{"building":"yes","height":6,"heightSource":"default"},"geometry":{"type":"MultiPolygon","coordinates":[[[[204835.4,1679711.41],[204832.03,1679722.38],[204828.88,1679721.42],[204826.48,1679729.27],[204815.17,1679725.85],[204820.93,1679707.04],[204835.4,1679711.41]]]]}},{"type":"Feature","properties":{"building":"yes","height":6,"heightSource":"default"},"geometry":{"type":"MultiPolygon","coordinates":[[[[204813.76,1679727.82],[204820.77,1679732.6],[204816.38,1679738.99],[204809.36,1679734.21],[204813.76,1679727.82]]]]}},{"type":"Feature","properties":{"building":"yes","height":6,"heightSource":"default"},"geometry":{"type":"MultiPolygon","coordinates":[[[[204799.42,1679725.15],[204807.47,1679726.37],[204806.09,1679735.32],[204798.04,1679734.09],[204799.42,1679725.15]]]]}},{"type":"Feature","properties":{"building":"yes","height":6,"heightSource":"default"},"geometry":{"type":"MultiPolygon","coordinates":[[[[204812.34,1679718.79],[204810.35,1679724.7],[204806.48,1679723.41],[204808.47,1679717.5],[204812.34,1679718.79]]]]}},{"type":"Feature","properties":{"building":"yes","height":6,"heightSource":"default"},"geometry":{"type":"MultiPolygon","coordinates":[[[[204819.4,1679705.79],[204816,1679713.61],[204808.51,1679710.39],[204811.91,1679702.58],[204819.4,1679705.79]]]]}},{"type":"Feature","properties":{"building":"yes","height":6,"heightSource":"default"},"geometry":{"type":"MultiPolygon","coordinates":[[[[204813.23,1679689.34],[204809.81,1679698.65],[204802.47,1679695.99],[204805.89,1679686.67],[204813.23,1679689.34]]]]}},{"type":"Feature","properties":{"building":"yes","height":6,"heightSource":"default"},"geometry":{"type":"MultiPolygon","coordinates":[[[[204803.93,1679701.81],[204800.34,1679710.98],[204795.86,1679709.25],[204796.58,1679707.41],[204790.59,1679705.1],[204794.81,1679694.3],[204800.8,1679696.6],[204799.44,1679700.08],[204803.93,1679701.81]]]]}},{"type":"Feature","properties":{"building":"yes","height":6,"heightSource":"default"},"geometry":{"type":"MultiPolygon","coordinates":[[[[204796.57,1679709.5],[204791.51,1679735.4],[204783.75,1679733.9],[204788.81,1679708.01],[204796.57,1679709.5]]]]}},{"type":"Feature","properties":{"building":"yes","height":6,"heightSource":"default"},"geometry":{"type":"MultiPolygon","coordinates":[[[[204782.99,1679700.16],[204780.91,1679711.08],[204771.19,1679709.26],[204773.27,1679698.32],[204782.99,1679700.16]]]]}},{"type":"Feature","properties":{"building":"yes","height":6,"heightSource":"default"},"geometry":{"type":"MultiPolygon","coordinates":[[[[204782.77,1679693.44],[204788.29,1679680.34],[204798.54,1679684.61],[204793.03,1679697.71],[204782.77,1679693.44]]]]}},{"type":"Feature","properties":{"building":"yes","height":6,"heightSource":"default"},"geometry":{"type":"MultiPolygon","coordinates":[[[[204819.62,1679665.47],[204811.73,1679671.09],[204806.22,1679663.44],[204814.12,1679657.82],[204819.62,1679665.47]]]]}},{"type":"Feature","properties":{"building":"yes","height":6,"heightSource":"default"},"geometry":{"type":"MultiPolygon","coordinates":[[[[204812.06,1679647.94],[204816.72,1679652.81],[204807.08,1679661.93],[204802.42,1679657.06],[204812.06,1679647.94]]]]}},{"type":"Feature","properties":{"building":"yes","height":6,"heightSource":"default"},"geometry":{"type":"MultiPolygon","coordinates":[[[[204789.01,1679671.79],[204791.76,1679672.38],[204792.64,1679668.27],[204800.62,1679669.96],[204797.98,1679682.27],[204787.25,1679680],[204789.01,1679671.79]]]]}},{"type":"Feature","properties":{"building":"yes","height":6,"heightSource":"default"},"geometry":{"type":"MultiPolygon","coordinates":[[[[204760.02,1679685.25],[204764.48,1679675.59],[204776.33,1679680.99],[204771.87,1679690.64],[204760.02,1679685.25]]]]}},{"type":"Feature","properties":{"building":"yes","height":6,"heightSource":"default"},"geometry":{"type":"MultiPolygon","coordinates":[[[[204757.59,1679676.52],[204755.9,1679684.15],[204747.51,1679682.31],[204749.2,1679674.68],[204757.59,1679676.52]]]]}},{"type":"Feature","properties":{"building":"yes","height":6,"heightSource":"default"},"geometry":{"type":"MultiPolygon","coordinates":[[[[204718.98,1679648.96],[204744.08,1679659.12],[204734.54,1679682.37],[204747.24,1679687.5],[204741.96,1679700.36],[204704.18,1679685.05],[204718.98,1679648.96]]]]}},{"type":"Feature","properties":{"building":"yes","height":6,"heightSource":"default"},"geometry":{"type":"MultiPolygon","coordinates":[[[[204738.94,1679730.42],[204740.13,1679715.91],[204736.52,1679715.63],[204737.55,1679703.11],[204758.04,1679704.76],[204755.83,1679731.78],[204738.94,1679730.42]]]]}},{"type":"Feature","properties":{"building":"yes","height":6,"heightSource":"default"},"geometry":{"type":"MultiPolygon","coordinates":[[[[204710.88,1679708.59],[204714.67,1679697.14],[204726.34,1679700.96],[204722.55,1679712.4],[204710.88,1679708.59]]]]}},{"type":"Feature","properties":{"building":"yes","height":6,"heightSource":"default"},"geometry":{"type":"MultiPolygon","coordinates":[[[[204721.32,1679720.98],[204725.1,1679709.55],[204736.77,1679713.35],[204732.98,1679724.8],[204721.32,1679720.98]]]]}},{"type":"Feature","properties":{"building":"yes","height":6,"heightSource":"default"},"geometry":{"type":"MultiPolygon","coordinates":[[[[204781.16,1679734.28],[204761.57,1679730.15],[204765.33,1679712.57],[204784.92,1679716.7],[204781.16,1679734.28]]]]}},{"type":"Feature","properties":{"building":"yes","height":6,"heightSource":"default"},"geometry":{"type":"MultiPolygon","coordinates":[[[[204683.01,1679675.35],[204697.32,1679682.78],[204678.35,1679718.89],[204664.03,1679711.47],[204683.01,1679675.35]]]]}},{"type":"Feature","properties":{"building":"yes","height":6,"heightSource":"default"},"geometry":{"type":"MultiPolygon","coordinates":[[[[204800.33,1679633.45],[204802.98,1679643.39],[204793.41,1679645.91],[204790.75,1679635.97],[204800.33,1679633.45]]]]}},{"type":"Feature","properties":{"building":"yes","height":6,"heightSource":"default"},"geometry":{"type":"MultiPolygon","coordinates":[[[[204779.27,1679646.8],[204783.55,1679641.3],[204793.39,1679648.85],[204789.1,1679654.35],[204779.27,1679646.8]]]]}},{"type":"Feature","properties":{"building":"yes","height":6,"heightSource":"default"},"geometry":{"type":"MultiPolygon","coordinates":[[[[204782.42,1679625.99],[204788.72,1679630.96],[204777.17,1679645.38],[204770.88,1679640.41],[204782.42,1679625.99]]]]}},{"type":"Feature","properties":{"building":"yes","height":6,"heightSource":"default"},"geometry":{"type":"MultiPolygon","coordinates":[[[[204781.19,1679606.34],[204771.91,1679621.03],[204763.08,1679615.52],[204772.35,1679600.83],[204781.19,1679606.34]]]]}},{"type":"Feature","properties":{"building":"yes","height":6,"heightSource":"default"},"geometry":{"type":"MultiPolygon","coordinates":[[[[204758.19,1679626.46],[204764.46,1679630.01],[204760.51,1679636.88],[204754.24,1679633.34],[204758.19,1679626.46]]]]}},{"type":"Feature","properties":{"building":"yes","height":6,"heightSource":"default"},"geometry":{"type":"MultiPolygon","coordinates":[[[[204769.28,1679644.7],[204765.46,1679651.1],[204754.24,1679644.48],[204758.08,1679638.09],[204769.28,1679644.7]]]]}},{"type":"Feature","properties":{"building":"yes","height":6,"heightSource":"default"},"geometry":{"type":"MultiPolygon","coordinates":[[[[204753.12,1679637.65],[204749.3,1679644.04],[204738.09,1679637.42],[204741.92,1679631.03],[204753.12,1679637.65]]]]}},{"type":"Feature","properties":{"building":"yes","height":6,"heightSource":"default"},"geometry":{"type":"MultiPolygon","coordinates":[[[[204755.69,1679617.61],[204746.42,1679632.3],[204737.59,1679626.79],[204746.87,1679612.1],[204755.69,1679617.61]]]]}},{"type":"Feature","properties":{"building":"yes","height":6,"heightSource":"default"},"geometry":{"type":"MultiPolygon","coordinates":[[[[204752.45,1679598.66],[204743.18,1679613.36],[204734.35,1679607.86],[204743.63,1679593.15],[204752.45,1679598.66]]]]}},{"type":"Feature","properties":{"building":"yes","height":6,"heightSource":"default"},"geometry":{"type":"MultiPolygon","coordinates":[[[[204757.45,1679577.85],[204748.17,1679592.54],[204739.35,1679587.04],[204748.62,1679572.35],[204757.45,1679577.85]]]]}},{"type":"Feature","properties":{"building":"yes","height":6,"heightSource":"default"},"geometry":{"type":"MultiPolygon","coordinates":[[[[204619.05,1679687.54],[204628.67,1679672.43],[204653.19,1679687.85],[204643.57,1679702.95],[204619.05,1679687.54]]]]}},{"type":"Feature","properties":{"building":"yes","height":6,"heightSource":"default"},"geometry":{"type":"MultiPolygon","coordinates":[[[[204620.36,1679662.22],[204613.19,1679678.12],[204594.33,1679669.71],[204601.5,1679653.82],[204620.36,1679662.22]]]]}},{"type":"Feature","properties":{"building":"yes","height":6,"heightSource":"default"},"geometry":{"type":"MultiPolygon","coordinates":[[[[204608.09,1679651.32],[204622.29,1679622.51],[204636.86,1679629.59],[204622.67,1679658.41],[204608.09,1679651.32]]]]}},{"type":"Feature","properties":{"building":"yes","height":6,"heightSource":"default"},"geometry":{"type":"MultiPolygon","coordinates":[[[[204577.74,1679627.05],[204564.68,1679641.27],[204555.35,1679632.81],[204568.41,1679618.59],[204577.74,1679627.05]]]]}},{"type":"Feature","properties":{"building":"yes","height":6,"heightSource":"default"},"geometry":{"type":"MultiPolygon","coordinates":[[[[204570.65,1679612.76],[204582.62,1679599.52],[204591.46,1679607.41],[204579.5,1679620.64],[204570.65,1679612.76]]]]}},{"type":"Feature","properties":{"building":"yes","height":6,"heightSource":"default"},"geometry":{"type":"MultiPolygon","coordinates":[[[[204572.99,1679582.89],[204581.35,1679589.35],[204571.58,1679601.84],[204557.88,1679591.25],[204564.46,1679582.83],[204569.8,1679586.96],[204572.99,1679582.89]]]]}},{"type":"Feature","properties":{"building":"yes","height":6,"heightSource":"default"},"geometry":{"type":"MultiPolygon","coordinates":[[[[204544,1679607.52],[204549.52,1679612.46],[204541.25,1679621.6],[204535.73,1679616.66],[204544,1679607.52]]]]}},{"type":"Feature","properties":{"building":"yes","height":6,"heightSource":"default"},"geometry":{"type":"MultiPolygon","coordinates":[[[[204543.63,1679599.2],[204533.88,1679610.24],[204524.68,1679602.21],[204523.95,1679602.15],[204507.49,1679587.78],[204507.74,1679584.88],[204493.25,1679572.25],[204493.73,1679566.59],[204497.17,1679562.69],[204493.23,1679562.35],[204494.03,1679552.97],[204509.19,1679554.24],[204508.51,1679562.13],[204505.24,1679565.83],[204508.28,1679566.09],[204526.31,1679581.81],[204526.13,1679583.93],[204543.63,1679599.2]]]]}},{"type":"Feature","properties":{"building":"yes","height":6,"heightSource":"default"},"geometry":{"type":"MultiPolygon","coordinates":[[[[204593.04,1679554.91],[204577.88,1679555.32],[204577.22,1679531.08],[204592.37,1679530.66],[204593.04,1679554.91]]]]}},{"type":"Feature","properties":{"building":"yes","height":6,"heightSource":"default"},"geometry":{"type":"MultiPolygon","coordinates":[[[[204636.05,1679562.49],[204651.29,1679568.54],[204644.86,1679584.53],[204629.63,1679578.48],[204636.05,1679562.49]]]]}},{"type":"Feature","properties":{"building":"yes","height":6,"heightSource":"default"},"geometry":{"type":"MultiPolygon","coordinates":[[[[204524.55,1679493.19],[204552.95,1679492.1],[204553.51,1679506.6],[204525.11,1679507.69],[204524.55,1679493.19]]]]}},{"type":"Feature","properties":{"building":"yes","height":6,"heightSource":"default"},"geometry":{"type":"MultiPolygon","coordinates":[[[[204577.89,1679490.39],[204577.55,1679505.29],[204561.57,1679504.93],[204561.92,1679490.03],[204577.89,1679490.39]]]]}},{"type":"Feature","properties":{"building":"yes","height":6,"heightSource":"default"},"geometry":{"type":"MultiPolygon","coordinates":[[[[204560.58,1679558.86],[204542.29,1679557.23],[204545.77,1679518.6],[204564.06,1679520.22],[204560.58,1679558.86]]]]}},{"type":"Feature","properties":{"building":"yes","height":6,"heightSource":"default"},"geometry":{"type":"MultiPolygon","coordinates":[[[[204542.54,1679572.79],[204544.37,1679559.3],[204557.38,1679561.06],[204555.54,1679574.53],[204542.54,1679572.79]]]]}},{"type":"Feature","properties":{"building":"yes","height":6,"heightSource":"default"},"geometry":{"type":"MultiPolygon","coordinates":[[[[204560.68,1679408.14],[204563.56,1679409.04],[204561.82,1679414.49],[204549.67,1679410.68],[204554.55,1679395.37],[204563.83,1679398.27],[204560.68,1679408.14]]]]}},{"type":"Feature","properties":{"building":"yes","height":6,"heightSource":"default"},"geometry":{"type":"MultiPolygon","coordinates":[[[[204528.43,1679400.57],[204535.1,1679382.91],[204545.92,1679386.95],[204539.25,1679404.61],[204528.43,1679400.57]]]]}},{"type":"Feature","properties":{"building":"yes","height":6,"heightSource":"default"},"geometry":{"type":"MultiPolygon","coordinates":[[[[204499.1,1679451.43],[204505.16,1679451.53],[204505.05,1679457.16],[204508.52,1679457.22],[204508.42,1679462.66],[204498.92,1679462.51],[204499.1,1679451.43]]]]}},{"type":"Feature","properties":{"building":"yes","height":6,"heightSource":"default"},"geometry":{"type":"MultiPolygon","coordinates":[[[[204499.87,1679464.22],[204520.61,1679463.32],[204520.98,1679471.51],[204500.23,1679472.42],[204499.87,1679464.22]]]]}},{"type":"Feature","properties":{"building":"yes","height":6,"heightSource":"default"},"geometry":{"type":"MultiPolygon","coordinates":[[[[204533.01,1679459.3],[204542.17,1679461.65],[204540.64,1679467.54],[204531.48,1679465.19],[204533.01,1679459.3]]]]}},{"type":"Feature","properties":{"building":"yes","height":6,"heightSource":"default"},"geometry":{"type":"MultiPolygon","coordinates":[[[[204501.66,1679475.97],[204525.13,1679475.22],[204525.67,1679491.95],[204502.19,1679492.69],[204501.66,1679475.97]]]]}},{"type":"Feature","properties":{"building":"yes","height":6,"heightSource":"default"},"geometry":{"type":"MultiPolygon","coordinates":[[[[204497.86,1679502.62],[204497.68,1679495.56],[204510.93,1679495.21],[204511.12,1679502.26],[204497.86,1679502.62]]]]}},{"type":"Feature","properties":{"building":"yes","height":6,"heightSource":"default"},"geometry":{"type":"MultiPolygon","coordinates":[[[[204497.69,1679528.94],[204501.16,1679507.58],[204519.11,1679510.47],[204515.63,1679531.83],[204497.69,1679528.94]]]]}},{"type":"Feature","properties":{"building":"yes","height":6,"heightSource":"default"},"geometry":{"type":"MultiPolygon","coordinates":[[[[204493.02,1679550.47],[204493.89,1679545.58],[204492.06,1679545.26],[204493.37,1679537.94],[204503.69,1679539.76],[204504.19,1679536.99],[204513.27,1679538.59],[204510.6,1679553.56],[204493.02,1679550.47]]]]}},{"type":"Feature","properties":{"building":"yes","height":6,"heightSource":"default"},"geometry":{"type":"MultiPolygon","coordinates":[[[[204429.08,1679300.56],[204425.74,1679320.2],[204392.45,1679314.61],[204395.78,1679294.98],[204429.08,1679300.56]]]]}},{"type":"Feature","properties":{"building":"yes","height":6,"heightSource":"default"},"geometry":{"type":"MultiPolygon","coordinates":[[[[204473.31,1679322.64],[204473.94,1679336.48],[204454.65,1679337.35],[204454.02,1679323.51],[204473.31,1679322.64]]]]}},{"type":"Feature","properties":{"building":"yes","height":6,"heightSource":"default"},"geometry":{"type":"MultiPolygon","coordinates":[[[[204458.21,1679302.37],[204465.98,1679301.98],[204466.58,1679314],[204458.81,1679314.38],[204458.21,1679302.37]]]]}},{"type":"Feature","properties":{"building":"yes","height":6,"heightSource":"default"},"geometry":{"type":"MultiPolygon","coordinates":[[[[204384.28,1679280.21],[204431.9,1679275.79],[204430.02,1679244.89],[204382.07,1679248.48],[204384.28,1679280.21]]]]}},{"type":"Feature","properties":{"building":"yes","height":6,"heightSource":"default"},"geometry":{"type":"MultiPolygon","coordinates":[[[[204816.88,1679029.15],[204816.93,1679009.78],[204830.77,1679009.82],[204830.72,1679029.18],[204816.88,1679029.15]]]]}},{"type":"Feature","properties":{"building":"yes","height":6,"heightSource":"default"},"geometry":{"type":"MultiPolygon","coordinates":[[[[204787.46,1679041.69],[204787.68,1679027.37],[204809.3,1679027.69],[204809.08,1679042.01],[204787.46,1679041.69]]]]}},{"type":"Feature","properties":{"building":"yes","height":6,"heightSource":"default"},"geometry":{"type":"MultiPolygon","coordinates":[[[[204860.66,1679064.9],[204866.83,1679064.66],[204867.13,1679072.39],[204860.96,1679072.63],[204860.66,1679064.9]]]]}},{"type":"Feature","properties":{"building":"yes","height":6,"heightSource":"default"},"geometry":{"type":"MultiPolygon","coordinates":[[[[204856.68,1679046.19],[204856.73,1679026.82],[204870.57,1679026.86],[204870.52,1679046.22],[204856.68,1679046.19]]]]}},{"type":"Feature","properties":{"building":"yes","height":6,"heightSource":"default"},"geometry":{"type":"MultiPolygon","coordinates":[[[[204878.55,1679076.3],[204878.6,1679056.94],[204892.44,1679056.97],[204892.39,1679076.33],[204878.55,1679076.3]]]]}},{"type":"Feature","properties":{"building":"yes","height":6,"heightSource":"default"},"geometry":{"type":"MultiPolygon","coordinates":[[[[204841.72,1679072.72],[204841.77,1679053.37],[204855.62,1679053.39],[204855.58,1679072.76],[204841.72,1679072.72]]]]}},{"type":"Feature","properties":{"building":"yes","height":6,"heightSource":"default"},"geometry":{"type":"MultiPolygon","coordinates":[[[[204813.35,1679066.7],[204813.49,1679071.57],[204809.75,1679071.67],[204809.6,1679066.8],[204813.35,1679066.7]]]]}},{"type":"Feature","properties":{"building":"yes","height":6,"heightSource":"default"},"geometry":{"type":"MultiPolygon","coordinates":[[[[204820.68,1679066.89],[204820.83,1679071.76],[204817.07,1679071.86],[204816.93,1679066.99],[204820.68,1679066.89]]]]}},{"type":"Feature","properties":{"building":"yes","height":6,"heightSource":"default"},"geometry":{"type":"MultiPolygon","coordinates":[[[[204826.94,1679067.24],[204827.09,1679072.11],[204823.35,1679072.22],[204823.2,1679067.35],[204826.94,1679067.24]]]]}},{"type":"Feature","properties":{"building":"yes","height":6,"heightSource":"default"},"geometry":{"type":"MultiPolygon","coordinates":[[[[204833.82,1679067.59],[204833.97,1679072.46],[204830.21,1679072.57],[204830.07,1679067.7],[204833.82,1679067.59]]]]}},{"type":"Feature","properties":{"building":"yes","height":6,"heightSource":"default"},"geometry":{"type":"MultiPolygon","coordinates":[[[[204840.53,1679068.21],[204840.67,1679073.07],[204836.93,1679073.18],[204836.78,1679068.31],[204840.53,1679068.21]]]]}},{"type":"Feature","properties":{"building":"yes","height":6,"heightSource":"default"},"geometry":{"type":"MultiPolygon","coordinates":[[[[204807.93,1679058.35],[204808.39,1679070.37],[204798.88,1679070.74],[204798.43,1679058.71],[204807.93,1679058.35]]]]}},{"type":"Feature","properties":{"building":"yes","height":6,"heightSource":"default"},"geometry":{"type":"MultiPolygon","coordinates":[[[[204785.56,1679054.78],[204785.3,1679071.39],[204768.71,1679071.14],[204768.98,1679054.52],[204785.56,1679054.78]]]]}},{"type":"Feature","properties":{"building":"yes","height":6,"heightSource":"default"},"geometry":{"type":"MultiPolygon","coordinates":[[[[204668.97,1679043.36],[204671.86,1679043.31],[204671.68,1679031.56],[204689.56,1679031.29],[204689.83,1679048.77],[204669.06,1679049.08],[204668.97,1679043.36]]]]}},{"type":"Feature","properties":{"building":"yes","height":6,"heightSource":"default"},"geometry":{"type":"MultiPolygon","coordinates":[[[[204683.37,1679013.47],[204675.31,1679013.82],[204674.82,1679002.94],[204682.88,1679002.59],[204683.37,1679013.47]]]]}},{"type":"Feature","properties":{"building":"yes","height":6,"heightSource":"default"},"geometry":{"type":"MultiPolygon","coordinates":[[[[204609.22,1679006.88],[204609.19,1678998.29],[204615.82,1678998.26],[204615.86,1679006.85],[204609.22,1679006.88]]]]}},{"type":"Feature","properties":{"building":"yes","height":6,"heightSource":"default"},"geometry":{"type":"MultiPolygon","coordinates":[[[[204617.96,1679008.02],[204617.92,1678999.43],[204624.56,1678999.4],[204624.59,1679007.99],[204617.96,1679008.02]]]]}},{"type":"Feature","properties":{"building":"yes","height":6,"heightSource":"default"},"geometry":{"type":"MultiPolygon","coordinates":[[[[204625.98,1679008.03],[204625.95,1678999.43],[204632.58,1678999.4],[204632.61,1679008],[204625.98,1679008.03]]]]}},{"type":"Feature","properties":{"building":"yes","height":6,"heightSource":"default"},"geometry":{"type":"MultiPolygon","coordinates":[[[[204633.37,1679008.68],[204633.33,1679000.07],[204639.97,1679000.05],[204640,1679008.65],[204633.37,1679008.68]]]]}},{"type":"Feature","properties":{"building":"yes","height":6,"heightSource":"default"},"geometry":{"type":"MultiPolygon","coordinates":[[[[204642.34,1679008.03],[204642.3,1678999.43],[204648.94,1678999.4],[204648.97,1679008.01],[204642.34,1679008.03]]]]}},{"type":"Feature","properties":{"building":"yes","height":6,"heightSource":"default"},"geometry":{"type":"MultiPolygon","coordinates":[[[[204759.71,1679550.41],[204772.7,1679541.6],[204782.17,1679555.4],[204791.81,1679548.86],[204814.42,1679581.79],[204791.8,1679597.13],[204759.71,1679550.41]]]]}},{"type":"Feature","properties":{"building":"yes","height":6,"heightSource":"default"},"geometry":{"type":"MultiPolygon","coordinates":[[[[204818.64,1679562.87],[204821.75,1679561.28],[204818.22,1679554.44],[204829.71,1679548.58],[204840.49,1679569.46],[204825.87,1679576.91],[204818.64,1679562.87]]]]}},{"type":"Feature","properties":{"building":"yes","height":6,"heightSource":"default"},"geometry":{"type":"MultiPolygon","coordinates":[[[[204804.15,1679542.2],[204813.55,1679534.89],[204819.77,1679542.8],[204810.37,1679550.1],[204804.15,1679542.2]]]]}},{"type":"Feature","properties":{"building":"yes","height":6,"heightSource":"default"},"geometry":{"type":"MultiPolygon","coordinates":[[[[204888.25,1679511.16],[204883.06,1679511.4],[204883.3,1679516.7],[204872.94,1679517.17],[204872.28,1679502.58],[204887.83,1679501.87],[204888.25,1679511.16]]]]}},{"type":"Feature","properties":{"building":"yes","height":6,"heightSource":"default"},"geometry":{"type":"MultiPolygon","coordinates":[[[[204866.65,1679493.76],[204867.08,1679480.32],[204872.85,1679480.5],[204872.41,1679493.95],[204866.65,1679493.76]]]]}},{"type":"Feature","properties":{"building":"yes","height":6,"heightSource":"default"},"geometry":{"type":"MultiPolygon","coordinates":[[[[204919.32,1679489.06],[204920.34,1679479.15],[204932.04,1679480.34],[204931,1679490.25],[204919.32,1679489.06]]]]}},{"type":"Feature","properties":{"building":"yes","height":6,"heightSource":"default"},"geometry":{"type":"MultiPolygon","coordinates":[[[[205006.13,1679208.57],[205017.46,1679208.7],[205017.61,1679195.56],[205006.29,1679195.42],[205006.13,1679208.57]]]]}},{"type":"Feature","properties":{"building":"yes","height":6,"heightSource":"default"},"geometry":{"type":"MultiPolygon","coordinates":[[[[205009.04,1679223.43],[205015.87,1679224.05],[205016.43,1679217.95],[205009.59,1679217.34],[205009.04,1679223.43]]]]}},{"type":"Feature","properties":{"building":"yes","height":6,"heightSource":"default"},"geometry":{"type":"MultiPolygon","coordinates":[[[[204987.6,1679220.66],[204994.43,1679221.27],[204994.99,1679215.19],[204988.16,1679214.57],[204987.6,1679220.66]]]]}},{"type":"Feature","properties":{"building":"yes","height":6,"heightSource":"default"},"geometry":{"type":"MultiPolygon","coordinates":[[[[204988.08,1679205.93],[204994.9,1679206.54],[204995.46,1679200.45],[204988.63,1679199.84],[204988.08,1679205.93]]]]}},{"type":"Feature","properties":{"building":"yes","height":6,"heightSource":"default"},"geometry":{"type":"MultiPolygon","coordinates":[[[[204988.6,1679195.25],[204995.42,1679195.86],[204995.98,1679189.77],[204989.16,1679189.16],[204988.6,1679195.25]]]]}},{"type":"Feature","properties":{"building":"yes","height":6,"heightSource":"default"},"geometry":{"type":"MultiPolygon","coordinates":[[[[204772.52,1679532.43],[204767.96,1679534.95],[204766.17,1679531.77],[204757.96,1679536.3],[204751.56,1679524.82],[204767.32,1679516.13],[204773.28,1679526.82],[204770.3,1679528.46],[204772.52,1679532.43]]]]}},{"type":"Feature","properties":{"building":"yes","height":6,"heightSource":"default"},"geometry":{"type":"MultiPolygon","coordinates":[[[[204757.42,1679487.19],[204738.3,1679501.04],[204733.92,1679495.07],[204753.04,1679481.22],[204757.42,1679487.19]]]]}},{"type":"Feature","properties":{"building":"yes","height":6,"heightSource":"default"},"geometry":{"type":"MultiPolygon","coordinates":[[[[204740.33,1679501.15],[204746.47,1679498.22],[204748.62,1679502.68],[204742.49,1679505.6],[204740.33,1679501.15]]]]}},{"type":"Feature","properties":{"building":"yes","height":6,"heightSource":"default"},"geometry":{"type":"MultiPolygon","coordinates":[[[[204726.09,1679498.59],[204721.12,1679501.47],[204718.58,1679497.17],[204723.57,1679494.28],[204726.09,1679498.59]]]]}},{"type":"Feature","properties":{"building":"yes","height":6,"heightSource":"default"},"geometry":{"type":"MultiPolygon","coordinates":[[[[204718.35,1679473.06],[204728.69,1679465.46],[204736.15,1679475.46],[204725.81,1679483.07],[204718.35,1679473.06]]]]}},{"type":"Feature","properties":{"building":"yes","height":6,"heightSource":"default"},"geometry":{"type":"MultiPolygon","coordinates":[[[[204729.1,1679452.46],[204733.01,1679458.23],[204721.81,1679465.73],[204717.9,1679459.97],[204729.1,1679452.46]]]]}},{"type":"Feature","properties":{"building":"yes","height":6,"heightSource":"default"},"geometry":{"type":"MultiPolygon","coordinates":[[[[204719.4,1679466.58],[204704.64,1679474.58],[204699.03,1679464.37],[204706.73,1679460.18],[204702.82,1679453.07],[204713.01,1679447.54],[204718.56,1679457.63],[204715.43,1679459.33],[204719.4,1679466.58]]]]}},{"type":"Feature","properties":{"building":"yes","height":6,"heightSource":"default"},"geometry":{"type":"MultiPolygon","coordinates":[[[[204697.21,1679429.57],[204707.87,1679440.06],[204695.73,1679452.25],[204692.23,1679448.81],[204689.92,1679451.13],[204685.83,1679447.1],[204690.16,1679442.75],[204687.1,1679439.73],[204697.21,1679429.57]]]]}},{"type":"Feature","properties":{"building":"yes","height":6,"heightSource":"default"},"geometry":{"type":"MultiPolygon","coordinates":[[[[204684.21,1679426.97],[204681.75,1679436.77],[204674.18,1679434.89],[204676.64,1679425.09],[204684.21,1679426.97]]]]}},{"type":"Feature","properties":{"building":"yes","height":6,"heightSource":"default"},"geometry":{"type":"MultiPolygon","coordinates":[[[[204652.14,1679404.68],[204649.71,1679414.06],[204635.96,1679410.53],[204638.39,1679401.16],[204652.14,1679404.68]]]]}},{"type":"Feature","properties":{"building":"yes","height":6,"heightSource":"default"},"geometry":{"type":"MultiPolygon","coordinates":[[[[204637.22,1679392.59],[204632.87,1679408.25],[204624.19,1679405.86],[204628.54,1679390.21],[204637.22,1679392.59]]]]}},{"type":"Feature","properties":{"building":"yes","height":6,"heightSource":"default"},"geometry":{"type":"MultiPolygon","coordinates":[[[[204653.9,1679398.69],[204652.6,1679404.1],[204643.63,1679401.97],[204644.93,1679396.56],[204653.9,1679398.69]]]]}},{"type":"Feature","properties":{"building":"yes","height":6,"heightSource":"default"},"geometry":{"type":"MultiPolygon","coordinates":[[[[204620.17,1679417.81],[204623.56,1679409.47],[204631.33,1679412.6],[204627.95,1679420.93],[204620.17,1679417.81]]]]}},{"type":"Feature","properties":{"building":"yes","height":6,"heightSource":"default"},"geometry":{"type":"MultiPolygon","coordinates":[[[[204600.82,1679433.9],[204604.21,1679425.56],[204611.99,1679428.69],[204608.6,1679437.02],[204600.82,1679433.9]]]]}},{"type":"Feature","properties":{"building":"yes","height":6,"heightSource":"default"},"geometry":{"type":"MultiPolygon","coordinates":[[[[204587.24,1679391.05],[204595.18,1679378.8],[204607.3,1679386.58],[204599.35,1679398.81],[204587.24,1679391.05]]]]}},{"type":"Feature","properties":{"building":"yes","height":6,"heightSource":"default"},"geometry":{"type":"MultiPolygon","coordinates":[[[[204579.76,1679368.25],[204586.74,1679371.11],[204583.4,1679379.16],[204576.41,1679376.29],[204579.76,1679368.25]]]]}},{"type":"Feature","properties":{"building":"yes","height":6,"heightSource":"default"},"geometry":{"type":"MultiPolygon","coordinates":[[[[204524.06,1679327.9],[204535.87,1679328.21],[204534.97,1679362.28],[204523.16,1679361.98],[204524.06,1679327.9]]]]}},{"type":"Feature","properties":{"building":"yes","height":6,"heightSource":"default"},"geometry":{"type":"MultiPolygon","coordinates":[[[[204513.94,1679310.07],[204515.13,1679352.08],[204496.39,1679352.61],[204495.2,1679310.6],[204513.94,1679310.07]]]]}},{"type":"Feature","properties":{"building":"yes","height":6,"heightSource":"default"},"geometry":{"type":"MultiPolygon","coordinates":[[[[204715.1,1679301.42],[204728,1679304.79],[204726.37,1679310.93],[204713.47,1679307.56],[204715.1,1679301.42]]]]}},{"type":"Feature","properties":{"building":"yes","height":6,"heightSource":"default"},"geometry":{"type":"MultiPolygon","coordinates":[[[[204725,1679296.82],[204723.77,1679301.53],[204694.01,1679293.84],[204695.24,1679289.14],[204725,1679296.82]]]]}},{"type":"Feature","properties":{"building":"yes","height":6,"heightSource":"default"},"geometry":{"type":"MultiPolygon","coordinates":[[[[204726.77,1679294.42],[204708.82,1679290.15],[204712.27,1679275.82],[204743.95,1679283.36],[204740.17,1679299.03],[204726.44,1679295.76],[204726.77,1679294.42]]]]}},{"type":"Feature","properties":{"building":"yes","height":6,"heightSource":"default"},"geometry":{"type":"MultiPolygon","coordinates":[[[[204667.56,1679282.75],[204671.55,1679264.88],[204700.46,1679271.25],[204698.67,1679279.31],[204695.38,1679278.59],[204693.19,1679288.39],[204667.56,1679282.75]]]]}},{"type":"Feature","properties":{"building":"yes","height":6,"heightSource":"default"},"geometry":{"type":"MultiPolygon","coordinates":[[[[204715.75,1679268.49],[204726.05,1679269.38],[204725.53,1679275.34],[204715.23,1679274.46],[204715.75,1679268.49]]]]}},{"type":"Feature","properties":{"building":"yes","height":6,"heightSource":"default"},"geometry":{"type":"MultiPolygon","coordinates":[[[[204765.17,1679251.94],[204761.94,1679285.13],[204745.09,1679283.5],[204745.46,1679279.82],[204739.18,1679279.21],[204743.16,1679238.38],[204761.99,1679240.19],[204760.89,1679251.53],[204765.17,1679251.94]]]]}},{"type":"Feature","properties":{"building":"yes","height":6,"heightSource":"default"},"geometry":{"type":"MultiPolygon","coordinates":[[[[204757.58,1679214.15],[204803.82,1679216.84],[204802.28,1679242.82],[204769.25,1679240.9],[204769.72,1679233.06],[204756.51,1679232.3],[204757.58,1679214.15]]]]}},{"type":"Feature","properties":{"building":"yes","height":6,"heightSource":"default"},"geometry":{"type":"MultiPolygon","coordinates":[[[[204822.85,1679233.48],[204834.99,1679234.62],[204836.34,1679220.51],[204824.2,1679219.37],[204822.85,1679233.48]]]]}},{"type":"Feature","properties":{"building":"yes","height":6,"heightSource":"default"},"geometry":{"type":"MultiPolygon","coordinates":[[[[204824.78,1679171.95],[204832.83,1679172.4],[204832.41,1679179.82],[204824.36,1679179.38],[204824.78,1679171.95]]]]}},{"type":"Feature","properties":{"building":"yes","height":6,"heightSource":"default"},"geometry":{"type":"MultiPolygon","coordinates":[[[[204848.86,1679117.1],[204856.91,1679117.56],[204856.49,1679124.98],[204848.45,1679124.53],[204848.86,1679117.1]]]]}},{"type":"Feature","properties":{"building":"yes","height":6,"heightSource":"default"},"geometry":{"type":"MultiPolygon","coordinates":[[[[204834.49,1679110.49],[204845.44,1679110.69],[204845.16,1679125.59],[204834.2,1679125.38],[204834.49,1679110.49]]]]}},{"type":"Feature","properties":{"building":"yes","height":6,"heightSource":"default"},"geometry":{"type":"MultiPolygon","coordinates":[[[[204831.8,1679124.02],[204821.29,1679123.71],[204821.56,1679114.71],[204832.06,1679115.01],[204831.8,1679124.02]]]]}},{"type":"Feature","properties":{"building":"yes","height":6,"heightSource":"default"},"geometry":{"type":"MultiPolygon","coordinates":[[[[204779.31,1679118.57],[204761.18,1679119.5],[204760.65,1679109.49],[204778.79,1679108.55],[204779.31,1679118.57]]]]}},{"type":"Feature","properties":{"building":"yes","height":6,"heightSource":"default"},"geometry":{"type":"MultiPolygon","coordinates":[[[[204723.32,1679117.87],[204714.74,1679117.17],[204715.17,1679112.05],[204723.75,1679112.76],[204723.32,1679117.87]]]]}},{"type":"Feature","properties":{"building":"yes","height":6,"heightSource":"default"},"geometry":{"type":"MultiPolygon","coordinates":[[[[204697.91,1679111.46],[204705.11,1679111.69],[204704.96,1679115.99],[204697.76,1679115.75],[204697.91,1679111.46]]]]}},{"type":"Feature","properties":{"building":"yes","height":6,"heightSource":"default"},"geometry":{"type":"MultiPolygon","coordinates":[[[[204691.02,1679082.36],[204691.02,1679091.69],[204695.34,1679091.69],[204695.35,1679101.44],[204690.31,1679101.43],[204690.31,1679110.72],[204676.89,1679110.73],[204676.89,1679094.85],[204671.12,1679094.84],[204671.13,1679082.35],[204691.02,1679082.36]]]]}},{"type":"Feature","properties":{"building":"yes","height":6,"heightSource":"default"},"geometry":{"type":"MultiPolygon","coordinates":[[[[204623.42,1679014.96],[204621.26,1679023.76],[204605.4,1679019.93],[204607.56,1679011.12],[204623.42,1679014.96]]]]}},{"type":"Feature","properties":{"building":"yes","height":6,"heightSource":"default"},"geometry":{"type":"MultiPolygon","coordinates":[[[[204604.89,1679076.21],[204604.18,1679059.61],[204618.02,1679059.02],[204618.71,1679075.64],[204604.89,1679076.21]]]]}},{"type":"Feature","properties":{"building":"yes","height":6,"heightSource":"default"},"geometry":{"type":"MultiPolygon","coordinates":[[[[204578.88,1679099.5],[204578.38,1679087.65],[204599.98,1679086.73],[204600.49,1679098.59],[204578.88,1679099.5]]]]}},{"type":"Feature","properties":{"building":"yes","height":6,"heightSource":"default"},"geometry":{"type":"MultiPolygon","coordinates":[[[[204589.85,1679070.99],[204589.45,1679079.39],[204578.39,1679078.87],[204579.15,1679063.15],[204593.08,1679063.81],[204592.72,1679071.13],[204589.85,1679070.99]]]]}},{"type":"Feature","properties":{"building":"yes","height":6,"heightSource":"default"},"geometry":{"type":"MultiPolygon","coordinates":[[[[204594.42,1679050.88],[204591.88,1679061.73],[204578.79,1679058.72],[204581.31,1679047.87],[204594.42,1679050.88]]]]}},{"type":"Feature","properties":{"building":"yes","height":6,"heightSource":"default"},"geometry":{"type":"MultiPolygon","coordinates":[[[[204577.32,1679045.75],[204575.35,1679059.67],[204566.6,1679058.45],[204568.57,1679044.53],[204577.32,1679045.75]]]]}},{"type":"Feature","properties":{"building":"yes","height":6,"heightSource":"default"},"geometry":{"type":"MultiPolygon","coordinates":[[[[204562.39,1679059.61],[204575.16,1679061.14],[204573.79,1679072.42],[204561.02,1679070.89],[204562.39,1679059.61]]]]}},{"type":"Feature","properties":{"building":"yes","height":6,"heightSource":"default"},"geometry":{"type":"MultiPolygon","coordinates":[[[[204565.08,1679072.4],[204575.45,1679073.67],[204573.99,1679085.51],[204563.61,1679084.25],[204565.08,1679072.4]]]]}},{"type":"Feature","properties":{"building":"yes","height":6,"heightSource":"default"},"geometry":{"type":"MultiPolygon","coordinates":[[[[204546.05,1679080.32],[204546.07,1679072.58],[204555,1679072.62],[204554.98,1679080.35],[204546.05,1679080.32]]]]}},{"type":"Feature","properties":{"building":"yes","height":6,"heightSource":"default"},"geometry":{"type":"MultiPolygon","coordinates":[[[[204559.93,1679067.05],[204545.95,1679066.66],[204546.3,1679054.35],[204560.29,1679054.74],[204559.93,1679067.05]]]]}},{"type":"Feature","properties":{"building":"yes","height":6,"heightSource":"default"},"geometry":{"type":"MultiPolygon","coordinates":[[[[204559.04,1679044.32],[204557.23,1679052.99],[204548.95,1679051.29],[204550.77,1679042.62],[204559.04,1679044.32]]]]}},{"type":"Feature","properties":{"building":"yes","height":6,"heightSource":"default"},"geometry":{"type":"MultiPolygon","coordinates":[[[[204535.15,1679034.6],[204548.8,1679037.03],[204540.69,1679082.01],[204527.02,1679079.58],[204535.15,1679034.6]]]]}},{"type":"Feature","properties":{"building":"yes","height":6,"heightSource":"default"},"geometry":{"type":"MultiPolygon","coordinates":[[[[204590.8,1679008.62],[204586.19,1679008.47],[204586.64,1678994.16],[204591.24,1678994.3],[204590.8,1679008.62]]]]}},{"type":"Feature","properties":{"building":"yes","height":6,"heightSource":"default"},"geometry":{"type":"MultiPolygon","coordinates":[[[[204584.26,1678997.47],[204582.82,1679008.85],[204571.49,1679007.43],[204572.93,1678996.06],[204584.26,1678997.47]]]]}},{"type":"Feature","properties":{"building":"yes","height":6,"heightSource":"default"},"geometry":{"type":"MultiPolygon","coordinates":[[[[204571.71,1679012.69],[204582.36,1679013],[204582.1,1679021.76],[204571.45,1679021.45],[204571.71,1679012.69]]]]}},{"type":"Feature","properties":{"building":"yes","height":6,"heightSource":"default"},"geometry":{"type":"MultiPolygon","coordinates":[[[[204579.03,1679025.71],[204577.3,1679035.12],[204566,1679033.08],[204567.72,1679023.67],[204579.03,1679025.71]]]]}},{"type":"Feature","properties":{"building":"yes","height":6,"heightSource":"default"},"geometry":{"type":"MultiPolygon","coordinates":[[[[204559.41,1679025.29],[204559.16,1679026.79],[204547.27,1679024.83],[204549.95,1679008.69],[204566.6,1679011.41],[204564.16,1679026.07],[204559.41,1679025.29]]]]}},{"type":"Feature","properties":{"building":"yes","height":6,"heightSource":"default"},"geometry":{"type":"MultiPolygon","coordinates":[[[[204557.14,1678989.97],[204557.34,1678971.92],[204573.08,1678972.09],[204572.87,1678990.14],[204557.14,1678989.97]]]]}},{"type":"Feature","properties":{"building":"yes","height":6,"heightSource":"default"},"geometry":{"type":"MultiPolygon","coordinates":[[[[204587.78,1678972.47],[204587.47,1678991.08],[204581.12,1678990.98],[204581.18,1678987.83],[204574.83,1678987.72],[204575.1,1678972.26],[204587.78,1678972.47]]]]}},{"type":"Feature","properties":{"building":"yes","height":6,"heightSource":"default"},"geometry":{"type":"MultiPolygon","coordinates":[[[[204588.28,1678973.26],[204612.48,1678973.79],[204612.2,1678986.4],[204587.98,1678985.85],[204588.28,1678973.26]]]]}},{"type":"Feature","properties":{"building":"yes","height":6,"heightSource":"default"},"geometry":{"type":"MultiPolygon","coordinates":[[[[204617.68,1678986.96],[204617.31,1678978.95],[204631.42,1678978.31],[204631.79,1678986.32],[204617.68,1678986.96]]]]}},{"type":"Feature","properties":{"building":"yes","height":6,"heightSource":"default"},"geometry":{"type":"MultiPolygon","coordinates":[[[[204634.18,1678987.24],[204633.81,1678979.23],[204647.93,1678978.59],[204648.28,1678986.6],[204634.18,1678987.24]]]]}},{"type":"Feature","properties":{"building":"yes","height":6,"heightSource":"default"},"geometry":{"type":"MultiPolygon","coordinates":[[[[204682.46,1678989.91],[204674.4,1678990.27],[204673.91,1678979.39],[204681.97,1678979.03],[204682.46,1678989.91]]]]}},{"type":"Feature","properties":{"building":"yes","height":6,"heightSource":"default"},"geometry":{"type":"MultiPolygon","coordinates":[[[[204717.03,1678994],[204708.97,1678994.35],[204708.48,1678983.47],[204716.54,1678983.12],[204717.03,1678994]]]]}},{"type":"Feature","properties":{"building":"yes","height":6,"heightSource":"default"},"geometry":{"type":"MultiPolygon","coordinates":[[[[204737.37,1678992.81],[204729.31,1678993.17],[204728.81,1678982.29],[204736.88,1678981.93],[204737.37,1678992.81]]]]}},{"type":"Feature","properties":{"building":"yes","height":6,"heightSource":"default"},"geometry":{"type":"MultiPolygon","coordinates":[[[[204753.57,1678993.01],[204745.5,1678993.36],[204745.01,1678982.48],[204753.07,1678982.13],[204753.57,1678993.01]]]]}},{"type":"Feature","properties":{"building":"yes","height":6,"heightSource":"default"},"geometry":{"type":"MultiPolygon","coordinates":[[[[204760.96,1678953.02],[204752.9,1678953.37],[204752.41,1678942.49],[204760.47,1678942.14],[204760.96,1678953.02]]]]}},{"type":"Feature","properties":{"building":"yes","height":6,"heightSource":"default"},"geometry":{"type":"MultiPolygon","coordinates":[[[[204771.5,1678950.49],[204763.44,1678950.85],[204762.95,1678939.97],[204771.01,1678939.61],[204771.5,1678950.49]]]]}},{"type":"Feature","properties":{"building":"yes","height":6,"heightSource":"default"},"geometry":{"type":"MultiPolygon","coordinates":[[[[204811.98,1678955.43],[204803.91,1678955.79],[204803.42,1678944.91],[204811.48,1678944.55],[204811.98,1678955.43]]]]}},{"type":"Feature","properties":{"building":"yes","height":6,"heightSource":"default"},"geometry":{"type":"MultiPolygon","coordinates":[[[[204811.1,1678971.13],[204803.04,1678971.49],[204802.54,1678960.61],[204810.61,1678960.25],[204811.1,1678971.13]]]]}},{"type":"Feature","properties":{"building":"yes","height":6,"heightSource":"default"},"geometry":{"type":"MultiPolygon","coordinates":[[[[204800.65,1678959.83],[204792.59,1678960.18],[204792.1,1678949.3],[204800.16,1678948.95],[204800.65,1678959.83]]]]}},{"type":"Feature","properties":{"building":"yes","height":6,"heightSource":"default"},"geometry":{"type":"MultiPolygon","coordinates":[[[[204826.97,1678998.46],[204818.91,1678998.82],[204818.42,1678987.94],[204826.48,1678987.58],[204826.97,1678998.46]]]]}},{"type":"Feature","properties":{"building":"yes","height":6,"heightSource":"default"},"geometry":{"type":"MultiPolygon","coordinates":[[[[204556.66,1678937.04],[204551.18,1678936.86],[204551.34,1678932.28],[204556.81,1678932.47],[204556.66,1678937.04]]]]}},{"type":"Feature","properties":{"building":"yes","height":6,"heightSource":"default"},"geometry":{"type":"MultiPolygon","coordinates":[[[[204530.1,1678954.65],[204525.94,1678954.52],[204526.33,1678942.77],[204530.49,1678942.91],[204530.1,1678954.65]]]]}},{"type":"Feature","properties":{"building":"yes","height":6,"heightSource":"default"},"geometry":{"type":"MultiPolygon","coordinates":[[[[204543.45,1678996.79],[204525.86,1678996.67],[204526.04,1678970.98],[204543.63,1678971.1],[204543.45,1678996.79]]]]}},{"type":"Feature","properties":{"building":"yes","height":6,"heightSource":"default"},"geometry":{"type":"MultiPolygon","coordinates":[[[[204535.28,1679009.28],[204543.94,1679011.43],[204540.9,1679023.53],[204532.24,1679021.39],[204535.28,1679009.28]]]]}},{"type":"Feature","properties":{"building":"yes","height":6,"heightSource":"default"},"geometry":{"type":"MultiPolygon","coordinates":[[[[204533.98,1679002.84],[204532.37,1679016.78],[204526.69,1679016.13],[204528.3,1679002.19],[204533.98,1679002.84]]]]}},{"type":"Feature","properties":{"building":"yes","height":6,"heightSource":"default"},"geometry":{"type":"MultiPolygon","coordinates":[[[[204518.54,1679040.2],[204522.39,1679027.98],[204531.29,1679030.75],[204527.43,1679042.96],[204518.54,1679040.2]]]]}},{"type":"Feature","properties":{"building":"yes","height":6,"heightSource":"default"},"geometry":{"type":"MultiPolygon","coordinates":[[[[204499.18,1679018.03],[204498.84,1679028.89],[204480.4,1679028.33],[204480.91,1679012.3],[204492.55,1679012.66],[204492.39,1679017.81],[204499.18,1679018.03]]]]}},{"type":"Feature","properties":{"building":"yes","height":6,"heightSource":"default"},"geometry":{"type":"MultiPolygon","coordinates":[[[[204479.41,1679030.96],[204498.13,1679031.53],[204497.7,1679045.26],[204478.98,1679044.69],[204479.41,1679030.96]]]]}},{"type":"Feature","properties":{"building":"yes","height":6,"heightSource":"default"},"geometry":{"type":"MultiPolygon","coordinates":[[[[204508.55,1679035.43],[204508.9,1679041.43],[204501.88,1679041.85],[204501.52,1679035.84],[204508.55,1679035.43]]]]}},{"type":"Feature","properties":{"building":"yes","height":6,"heightSource":"default"},"geometry":{"type":"MultiPolygon","coordinates":[[[[204493.38,1679047.49],[204493.73,1679053.5],[204486.7,1679053.91],[204486.35,1679047.91],[204493.38,1679047.49]]]]}},{"type":"Feature","properties":{"building":"yes","height":6,"heightSource":"default"},"geometry":{"type":"MultiPolygon","coordinates":[[[[204492.59,1679059.3],[204492.94,1679065.3],[204485.92,1679065.71],[204485.56,1679059.71],[204492.59,1679059.3]]]]}},{"type":"Feature","properties":{"building":"yes","height":6,"heightSource":"default"},"geometry":{"type":"MultiPolygon","coordinates":[[[[204478.93,1679077.8],[204479.06,1679068.92],[204500.97,1679069.26],[204500.83,1679078.15],[204478.93,1679077.8]]]]}},{"type":"Feature","properties":{"building":"yes","height":6,"heightSource":"default"},"geometry":{"type":"MultiPolygon","coordinates":[[[[204479.26,1679079.05],[204494.83,1679078.74],[204494.99,1679086.87],[204498.17,1679086.81],[204498.36,1679096.26],[204479.61,1679096.63],[204479.26,1679079.05]]]]}},{"type":"Feature","properties":{"building":"yes","height":6,"heightSource":"default"},"geometry":{"type":"MultiPolygon","coordinates":[[[[204318.05,1679083.22],[204334.19,1679083.66],[204333.82,1679096.83],[204325.46,1679096.61],[204325.41,1679098.32],[204317.64,1679098.11],[204318.05,1679083.22]]]]}},{"type":"Feature","properties":{"building":"yes","height":6,"heightSource":"default"},"geometry":{"type":"MultiPolygon","coordinates":[[[[204313.58,1679081.53],[204314.23,1679099.11],[204304.01,1679099.49],[204303.37,1679081.9],[204313.58,1679081.53]]]]}},{"type":"Feature","properties":{"building":"yes","height":6,"heightSource":"default"},"geometry":{"type":"MultiPolygon","coordinates":[[[[204293.89,1679092.92],[204297.41,1679093.39],[204296.34,1679101.15],[204292.81,1679100.67],[204293.89,1679092.92]]]]}},{"type":"Feature","properties":{"building":"yes","height":6,"heightSource":"default"},"geometry":{"type":"MultiPolygon","coordinates":[[[[204271.27,1679078.79],[204285.39,1679078.44],[204285.81,1679095.17],[204271.68,1679095.52],[204271.27,1679078.79]]]]}},{"type":"Feature","properties":{"building":"yes","height":6,"heightSource":"default"},"geometry":{"type":"MultiPolygon","coordinates":[[[[204267.32,1679112.92],[204253.55,1679114.01],[204252.36,1679099.19],[204250.36,1679099.35],[204249.85,1679093.07],[204251.58,1679092.93],[204250.15,1679074.98],[204264.2,1679073.87],[204267.32,1679112.92]]]]}},{"type":"Feature","properties":{"building":"yes","height":6,"heightSource":"default"},"geometry":{"type":"MultiPolygon","coordinates":[[[[204239.53,1679099.05],[204245.26,1679110.3],[204231.87,1679117.04],[204226.14,1679105.81],[204239.53,1679099.05]]]]}},{"type":"Feature","properties":{"building":"yes","height":6,"heightSource":"default"},"geometry":{"type":"MultiPolygon","coordinates":[[[[204232.54,1679075.98],[204240.54,1679074.23],[204244.68,1679092.87],[204236.67,1679094.62],[204232.54,1679075.98]]]]}},{"type":"Feature","properties":{"building":"yes","height":6,"heightSource":"default"},"geometry":{"type":"MultiPolygon","coordinates":[[[[204220.09,1679095.97],[204229.69,1679088.34],[204237.22,1679097.72],[204227.61,1679105.34],[204220.09,1679095.97]]]]}},{"type":"Feature","properties":{"building":"yes","height":6,"heightSource":"default"},"geometry":{"type":"MultiPolygon","coordinates":[[[[204222.48,1679080.99],[204225.88,1679089.92],[204212.69,1679094.88],[204209.3,1679085.95],[204222.48,1679080.99]]]]}},{"type":"Feature","properties":{"building":"yes","height":6,"heightSource":"default"},"geometry":{"type":"MultiPolygon","coordinates":[[[[204464.61,1679138.16],[204459.63,1679139.19],[204458.75,1679135.06],[204463.74,1679134.02],[204464.61,1679138.16]]]]}},{"type":"Feature","properties":{"building":"yes","height":6,"heightSource":"default"},"geometry":{"type":"MultiPolygon","coordinates":[[[[204445.82,1679114.57],[204465.12,1679113.68],[204465.75,1679127.12],[204446.45,1679128.02],[204445.82,1679114.57]]]]}},{"type":"Feature","properties":{"building":"yes","height":6,"heightSource":"default"},"geometry":{"type":"MultiPolygon","coordinates":[[[[204424.64,1679116.61],[204443.93,1679115.71],[204444.57,1679129.16],[204425.27,1679130.06],[204424.64,1679116.61]]]]}},{"type":"Feature","properties":{"building":"yes","height":6,"heightSource":"default"},"geometry":{"type":"MultiPolygon","coordinates":[[[[204461.29,1679106.47],[204449.78,1679107],[204449.36,1679097.85],[204460.87,1679097.32],[204461.29,1679106.47]]]]}},{"type":"Feature","properties":{"building":"yes","height":6,"heightSource":"default"},"geometry":{"type":"MultiPolygon","coordinates":[[[[204459.53,1679084.3],[204459.76,1679092.5],[204448.24,1679092.84],[204448.01,1679084.62],[204459.53,1679084.3]]]]}},{"type":"Feature","properties":{"building":"yes","height":6,"heightSource":"default"},"geometry":{"type":"MultiPolygon","coordinates":[[[[204438.6,1679094.53],[204424.36,1679095.13],[204424.04,1679087.69],[204438.28,1679087.09],[204438.6,1679094.53]]]]}},{"type":"Feature","properties":{"building":"yes","height":6,"heightSource":"default"},"geometry":{"type":"MultiPolygon","coordinates":[[[[204417.7,1679110.98],[204407.92,1679111.53],[204407.31,1679100.66],[204417.1,1679100.12],[204417.7,1679110.98]]]]}},{"type":"Feature","properties":{"building":"yes","height":6,"heightSource":"default"},"geometry":{"type":"MultiPolygon","coordinates":[[[[204421.41,1679113.85],[204421.98,1679123.56],[204411.91,1679124.15],[204411.34,1679114.43],[204421.41,1679113.85]]]]}},{"type":"Feature","properties":{"building":"yes","height":6,"heightSource":"default"},"geometry":{"type":"MultiPolygon","coordinates":[[[[204400.5,1679122.94],[204400.08,1679115.5],[204410.15,1679114.94],[204410.57,1679122.38],[204400.5,1679122.94]]]]}},{"type":"Feature","properties":{"building":"yes","height":6,"heightSource":"default"},"geometry":{"type":"MultiPolygon","coordinates":[[[[204394.49,1679124.8],[204394.42,1679133.29],[204388.65,1679133.24],[204388.73,1679124.75],[204394.49,1679124.8]]]]}},{"type":"Feature","properties":{"building":"yes","height":6,"heightSource":"default"},"geometry":{"type":"MultiPolygon","coordinates":[[[[204369.82,1679106.61],[204369.44,1679088.85],[204383.86,1679088.54],[204384.24,1679106.31],[204369.82,1679106.61]]]]}},{"type":"Feature","properties":{"building":"yes","height":6,"heightSource":"default"},"geometry":{"type":"MultiPolygon","coordinates":[[[[204370.47,1679109.48],[204374.94,1679109.16],[204375.27,1679113.72],[204370.8,1679114.05],[204370.47,1679109.48]]]]}},{"type":"Feature","properties":{"building":"yes","height":6,"heightSource":"default"},"geometry":{"type":"MultiPolygon","coordinates":[[[[204381.49,1679081.49],[204369.63,1679083.3],[204367.91,1679072.08],[204379.76,1679070.27],[204381.49,1679081.49]]]]}},{"type":"Feature","properties":{"building":"yes","height":6,"heightSource":"default"},"geometry":{"type":"MultiPolygon","coordinates":[[[[204405.98,1679054.26],[204406.16,1679057.98],[204410.48,1679057.77],[204410.91,1679066.64],[204398.82,1679067.23],[204398.2,1679054.63],[204405.98,1679054.26]]]]}},{"type":"Feature","properties":{"building":"yes","height":6,"heightSource":"default"},"geometry":{"type":"MultiPolygon","coordinates":[[[[204425.01,1679053.4],[204426.09,1679064.48],[204431.08,1679064],[204431.87,1679071.95],[204419.15,1679073.19],[204417.89,1679060.4],[204420.31,1679060.17],[204419.69,1679053.91],[204425.01,1679053.4]]]]}},{"type":"Feature","properties":{"building":"yes","height":6,"heightSource":"default"},"geometry":{"type":"MultiPolygon","coordinates":[[[[204446.38,1679069.84],[204445.63,1679054.39],[204461.17,1679053.63],[204461.93,1679069.08],[204446.38,1679069.84]]]]}},{"type":"Feature","properties":{"building":"yes","height":6,"heightSource":"default"},"geometry":{"type":"MultiPolygon","coordinates":[[[[204444.29,1679036.38],[204460.14,1679035.69],[204460.85,1679052.02],[204445,1679052.69],[204444.29,1679036.38]]]]}},{"type":"Feature","properties":{"building":"yes","height":6,"heightSource":"default"},"geometry":{"type":"MultiPolygon","coordinates":[[[[204457.59,1679022.88],[204458.24,1679033.06],[204453.22,1679033.38],[204452.57,1679023.2],[204457.59,1679022.88]]]]}},{"type":"Feature","properties":{"building":"yes","height":6,"heightSource":"default"},"geometry":{"type":"MultiPolygon","coordinates":[[[[204437.31,1679021.3],[204448.23,1679020.62],[204448.87,1679030.91],[204437.94,1679031.58],[204437.31,1679021.3]]]]}},{"type":"Feature","properties":{"building":"yes","height":6,"heightSource":"default"},"geometry":{"type":"MultiPolygon","coordinates":[[[[204446.73,1679006.3],[204457.66,1679005.63],[204458.3,1679015.92],[204447.37,1679016.59],[204446.73,1679006.3]]]]}},{"type":"Feature","properties":{"building":"yes","height":6,"heightSource":"default"},"geometry":{"type":"MultiPolygon","coordinates":[[[[204443.37,1679038.65],[204432.61,1679040.15],[204430.7,1679026.63],[204436.93,1679025.76],[204438.32,1679035.61],[204442.85,1679034.99],[204443.37,1679038.65]]]]}},{"type":"Feature","properties":{"building":"yes","height":6,"heightSource":"default"},"geometry":{"type":"MultiPolygon","coordinates":[[[[204440.88,1679046.19],[204440.73,1679055.65],[204441.88,1679055.67],[204441.77,1679062.53],[204435.42,1679062.44],[204435.69,1679046.11],[204440.88,1679046.19]]]]}},{"type":"Feature","properties":{"building":"yes","height":6,"heightSource":"default"},"geometry":{"type":"MultiPolygon","coordinates":[[[[204396.99,1679033.62],[204397.79,1679039.83],[204388.98,1679040.95],[204388.19,1679034.74],[204396.99,1679033.62]]]]}},{"type":"Feature","properties":{"building":"yes","height":6,"heightSource":"default"},"geometry":{"type":"MultiPolygon","coordinates":[[[[204391.68,1679020.98],[204393.34,1679028.98],[204386.4,1679030.4],[204384.74,1679022.4],[204391.68,1679020.98]]]]}},{"type":"Feature","properties":{"building":"yes","height":6,"heightSource":"default"},"geometry":{"type":"MultiPolygon","coordinates":[[[[204390.13,1679020.23],[204379.45,1679022.76],[204377.66,1679015.24],[204388.34,1679012.72],[204390.13,1679020.23]]]]}},{"type":"Feature","properties":{"building":"yes","height":6,"heightSource":"default"},"geometry":{"type":"MultiPolygon","coordinates":[[[[204385.71,1679006.92],[204387.06,1679012.33],[204380.65,1679013.93],[204379.28,1679008.52],[204385.71,1679006.92]]]]}},{"type":"Feature","properties":{"building":"yes","height":6,"heightSource":"default"},"geometry":{"type":"MultiPolygon","coordinates":[[[[204392.29,1679049.54],[204393.05,1679065.56],[204386.01,1679065.89],[204385.78,1679061.03],[204381.75,1679061.22],[204381.22,1679050.06],[204392.29,1679049.54]]]]}},{"type":"Feature","properties":{"building":"yes","height":6,"heightSource":"default"},"geometry":{"type":"MultiPolygon","coordinates":[[[[204290.08,1679145.53],[204277.7,1679145.02],[204278.31,1679130.16],[204290.69,1679130.66],[204290.08,1679145.53]]]]}},{"type":"Feature","properties":{"building":"yes","height":6,"heightSource":"default"},"geometry":{"type":"MultiPolygon","coordinates":[[[[204306.38,1679127.11],[204306.22,1679136.86],[204294.4,1679136.66],[204294.64,1679121.88],[204303,1679122.02],[204302.92,1679127.06],[204306.38,1679127.11]]]]}},{"type":"Feature","properties":{"building":"yes","height":6,"heightSource":"default"},"geometry":{"type":"MultiPolygon","coordinates":[[[[204314.9,1679117.48],[204315.25,1679134.67],[204308.9,1679134.81],[204308.56,1679117.61],[204314.9,1679117.48]]]]}},{"type":"Feature","properties":{"building":"yes","height":6,"heightSource":"default"},"geometry":{"type":"MultiPolygon","coordinates":[[[[204358.14,1679160.66],[204362.55,1679161.56],[204364.94,1679150.05],[204380.94,1679153.33],[204378.61,1679164.56],[204375.02,1679163.83],[204373.89,1679169.32],[204357.05,1679165.86],[204358.14,1679160.66]]]]}},{"type":"Feature","properties":{"building":"yes","height":6,"heightSource":"default"},"geometry":{"type":"MultiPolygon","coordinates":[[[[204346.76,1679162.99],[204331.32,1679156.65],[204338,1679140.59],[204353.44,1679146.93],[204346.76,1679162.99]]]]}},{"type":"Feature","properties":{"building":"yes","height":6,"heightSource":"default"},"geometry":{"type":"MultiPolygon","coordinates":[[[[204382.24,1679177.54],[204382.57,1679164.66],[204391.21,1679164.88],[204390.89,1679177.76],[204382.24,1679177.54]]]]}},{"type":"Feature","properties":{"building":"yes","height":6,"heightSource":"default"},"geometry":{"type":"MultiPolygon","coordinates":[[[[204396.45,1679149.63],[204396.31,1679158.23],[204390.12,1679158.13],[204390.25,1679149.53],[204396.45,1679149.63]]]]}},{"type":"Feature","properties":{"building":"yes","height":6,"heightSource":"default"},"geometry":{"type":"MultiPolygon","coordinates":[[[[204417.43,1679150.6],[204429.22,1679149.92],[204429.86,1679160.78],[204418.06,1679161.46],[204417.43,1679150.6]]]]}},{"type":"Feature","properties":{"building":"yes","height":6,"heightSource":"default"},"geometry":{"type":"MultiPolygon","coordinates":[[[[204437.65,1679166.55],[204429.57,1679166.82],[204429.38,1679160.8],[204437.44,1679160.53],[204437.65,1679166.55]]]]}},{"type":"Feature","properties":{"building":"yes","height":6,"heightSource":"default"},"geometry":{"type":"MultiPolygon","coordinates":[[[[204441.76,1679150.91],[204432.25,1679151.13],[204432.02,1679141.39],[204441.53,1679141.17],[204441.76,1679150.91]]]]}},{"type":"Feature","properties":{"building":"yes","height":6,"heightSource":"default"},"geometry":{"type":"MultiPolygon","coordinates":[[[[204468.27,1679173.08],[204461.36,1679173.07],[204461.36,1679167.33],[204468.29,1679167.34],[204468.27,1679173.08]]]]}},{"type":"Feature","properties":{"building":"yes","height":6,"heightSource":"default"},"geometry":{"type":"MultiPolygon","coordinates":[[[[204311.14,1679263.61],[204346.62,1679274.14],[204334.24,1679315.3],[204298.76,1679304.76],[204311.14,1679263.61]]]]}},{"type":"Feature","properties":{"building":"yes","height":6,"heightSource":"default"},"geometry":{"type":"MultiPolygon","coordinates":[[[[204731.48,1679214.94],[204730.48,1679226.88],[204656.09,1679220.7],[204657.1,1679208.77],[204731.48,1679214.94]]]]}},{"type":"Feature","properties":{"building":"yes","height":6,"heightSource":"default"},"geometry":{"type":"MultiPolygon","coordinates":[[[[204626.86,1679215.39],[204626.74,1679218.54],[204614.65,1679218.07],[204615.33,1679201.18],[204654.47,1679202.73],[204653.93,1679216.46],[204626.86,1679215.39]]]]}},{"type":"Feature","properties":{"building":"yes","height":6,"heightSource":"default"},"geometry":{"type":"MultiPolygon","coordinates":[[[[204655.73,1679194.1],[204655.54,1679200.39],[204627.89,1679199.54],[204628.08,1679193.25],[204655.73,1679194.1]]]]}},{"type":"Feature","properties":{"building":"yes","height":6,"heightSource":"default"},"geometry":{"type":"MultiPolygon","coordinates":[[[[204637.85,1679175.48],[204652.7,1679176.86],[204652.1,1679183.21],[204637.25,1679181.84],[204637.85,1679175.48]]]]}},{"type":"Feature","properties":{"building":"yes","height":6,"heightSource":"default"},"geometry":{"type":"MultiPolygon","coordinates":[[[[205015.18,1679142.87],[205005.53,1679157.69],[205000.58,1679154.51],[204999.15,1679156.71],[204991.29,1679151.65],[205002.39,1679134.63],[205015.18,1679142.87]]]]}},{"type":"Feature","properties":{"building":"yes","height":6,"heightSource":"default"},"geometry":{"type":"MultiPolygon","coordinates":[[[[204937.37,1679119.45],[204948.21,1679119.58],[204949.59,1679069.42],[204938.28,1679084.85],[204937.37,1679119.45]]]]}},{"type":"Feature","properties":{"building":"yes","height":6,"heightSource":"default"},"geometry":{"type":"MultiPolygon","coordinates":[[[[204915.18,1679142.21],[204926.96,1679142.86],[204929.12,1679058.37],[204921.25,1679050.1],[204915.18,1679142.21]]]]}},{"type":"Feature","properties":{"building":"yes","height":6,"heightSource":"default"},"geometry":{"type":"MultiPolygon","coordinates":[[[[204915.86,1678954.25],[204908.01,1678969.07],[204899.04,1678964.39],[204906.89,1678949.57],[204915.86,1678954.25]]]]}},{"type":"Feature","properties":{"building":"yes","height":6,"heightSource":"default"},"geometry":{"type":"MultiPolygon","coordinates":[[[[204896.94,1678940.83],[204906.26,1678944.97],[204899.56,1678959.82],[204890.25,1678955.68],[204896.94,1678940.83]]]]}},{"type":"Feature","properties":{"building":"yes","height":6,"heightSource":"default"},"geometry":{"type":"MultiPolygon","coordinates":[[[[204892.23,1678914.5],[204897.73,1678916.94],[204895.38,1678922.17],[204889.89,1678919.74],[204892.23,1678914.5]]]]}},{"type":"Feature","properties":{"building":"yes","height":6,"heightSource":"default"},"geometry":{"type":"MultiPolygon","coordinates":[[[[204602.01,1678825.07],[204602,1678841.01],[204560.46,1678840.97],[204560.49,1678825.02],[204602.01,1678825.07]]]]}},{"type":"Feature","properties":{"building":"yes","height":6,"heightSource":"default"},"geometry":{"type":"MultiPolygon","coordinates":[[[[204543.72,1678841.05],[204544.5,1678806.1],[204556.5,1678806.37],[204555.7,1678841.32],[204543.72,1678841.05]]]]}},{"type":"Feature","properties":{"building":"yes","height":6,"heightSource":"default"},"geometry":{"type":"MultiPolygon","coordinates":[[[[204507.27,1678804.46],[204507.07,1678814.1],[204497.85,1678813.91],[204498.05,1678804.27],[204507.27,1678804.46]]]]}},{"type":"Feature","properties":{"building":"yes","height":6,"heightSource":"default"},"geometry":{"type":"MultiPolygon","coordinates":[[[[204493.25,1678774.58],[204509.21,1678774.64],[204509.14,1678791.55],[204493.18,1678791.49],[204493.25,1678774.58]]]]}},{"type":"Feature","properties":{"building":"yes","height":6,"heightSource":"default"},"geometry":{"type":"MultiPolygon","coordinates":[[[[204510.14,1678766.28],[204509.44,1678773.76],[204495.91,1678772.54],[204496.6,1678765.05],[204510.14,1678766.28]]]]}},{"type":"Feature","properties":{"building":"yes","height":6,"heightSource":"default"},"geometry":{"type":"MultiPolygon","coordinates":[[[[204488.63,1678770.53],[204490.05,1678764.58],[204495.22,1678765.8],[204493.79,1678771.76],[204488.63,1678770.53]]]]}},{"type":"Feature","properties":{"building":"yes","height":6,"heightSource":"default"},"geometry":{"type":"MultiPolygon","coordinates":[[[[204495.24,1678975.98],[204496.58,1679003.62],[204479.47,1679004.44],[204478.87,1678992.14],[204476.12,1678992.27],[204475.38,1678976.92],[204495.24,1678975.98]]]]}},{"type":"Feature","properties":{"building":"yes","height":6,"heightSource":"default"},"geometry":{"type":"MultiPolygon","coordinates":[[[[204485.91,1678919.18],[204482.16,1678919.16],[204482.25,1678907.12],[204505.62,1678907.3],[204505.35,1678940.65],[204485.74,1678940.49],[204485.91,1678919.18]]]]}},{"type":"Feature","properties":{"building":"yes","height":6,"heightSource":"default"},"geometry":{"type":"MultiPolygon","coordinates":[[[[204483.75,1678892.99],[204484.85,1678885.03],[204495.59,1678886.5],[204494.49,1678894.46],[204483.75,1678892.99]]]]}},{"type":"Feature","properties":{"building":"yes","height":6,"heightSource":"default"},"geometry":{"type":"MultiPolygon","coordinates":[[[[204489.06,1678897.68],[204493.1,1678897.78],[204493.01,1678901.39],[204488.98,1678901.3],[204489.06,1678897.68]]]]}},{"type":"Feature","properties":{"building":"yes","height":6,"heightSource":"default"},"geometry":{"type":"MultiPolygon","coordinates":[[[[204505.61,1678695.49],[204517.85,1678698],[204514.04,1678716.37],[204515.42,1678716.66],[204513.15,1678727.63],[204499.53,1678724.83],[204505.61,1678695.49]]]]}},{"type":"Feature","properties":{"building":"yes","height":6,"heightSource":"default"},"geometry":{"type":"MultiPolygon","coordinates":[[[[204496.6,1678726.81],[204512.84,1678729.53],[204511.32,1678738.43],[204495.09,1678735.71],[204496.6,1678726.81]]]]}},{"type":"Feature","properties":{"building":"yes","height":6,"heightSource":"default"},"geometry":{"type":"MultiPolygon","coordinates":[[[[204524.23,1678729.25],[204528.61,1678730.21],[204529.73,1678725.21],[204546.91,1678728.98],[204543.73,1678743.25],[204522.17,1678738.52],[204524.23,1678729.25]]]]}},{"type":"Feature","properties":{"building":"yes","height":6,"heightSource":"default"},"geometry":{"type":"MultiPolygon","coordinates":[[[[204545.24,1678744.81],[204543.85,1678751.87],[204529.89,1678749.17],[204531.28,1678742.11],[204545.24,1678744.81]]]]}},{"type":"Feature","properties":{"building":"yes","height":6,"heightSource":"default"},"geometry":{"type":"MultiPolygon","coordinates":[[[[204528.34,1678717.04],[204543.81,1678717.37],[204543.7,1678722.23],[204521.21,1678721.76],[204521.47,1678710.02],[204528.49,1678710.16],[204528.34,1678717.04]]]]}},{"type":"Feature","properties":{"building":"yes","height":6,"heightSource":"default"},"geometry":{"type":"MultiPolygon","coordinates":[[[[204529.79,1678711.03],[204532.12,1678700.99],[204552.06,1678705.54],[204549.73,1678715.59],[204529.79,1678711.03]]]]}},{"type":"Feature","properties":{"building":"yes","height":6,"heightSource":"default"},"geometry":{"type":"MultiPolygon","coordinates":[[[[204534.55,1678679.91],[204532.95,1678688.78],[204511.21,1678684.91],[204512.81,1678676.04],[204534.55,1678679.91]]]]}},{"type":"Feature","properties":{"building":"yes","height":6,"heightSource":"default"},"geometry":{"type":"MultiPolygon","coordinates":[[[[204515.29,1678656.18],[204544.01,1678662.43],[204540.75,1678677.16],[204512.04,1678670.9],[204515.29,1678656.18]]]]}},{"type":"Feature","properties":{"building":"yes","height":6,"heightSource":"default"},"geometry":{"type":"MultiPolygon","coordinates":[[[[204545.82,1678651.34],[204543.7,1678659.55],[204516.18,1678652.57],[204518.29,1678644.35],[204545.82,1678651.34]]]]}},{"type":"Feature","properties":{"building":"yes","height":6,"heightSource":"default"},"geometry":{"type":"MultiPolygon","coordinates":[[[[204548.83,1678653.84],[204549.95,1678645.7],[204565.31,1678647.79],[204564.19,1678655.93],[204548.83,1678653.84]]]]}},{"type":"Feature","properties":{"building":"yes","height":6,"heightSource":"default"},"geometry":{"type":"MultiPolygon","coordinates":[[[[204514.78,1678632.5],[204516.11,1678626.5],[204525.43,1678628.54],[204524.11,1678634.54],[204514.78,1678632.5]]]]}},{"type":"Feature","properties":{"building":"yes","height":6,"heightSource":"default"},"geometry":{"type":"MultiPolygon","coordinates":[[[[204527.94,1678630.86],[204547.81,1678631.46],[204547.54,1678640.34],[204527.67,1678639.73],[204527.94,1678630.86]]]]}},{"type":"Feature","properties":{"building":"yes","height":6,"heightSource":"default"},"geometry":{"type":"MultiPolygon","coordinates":[[[[204450.07,1678815.72],[204448.4,1678859.1],[204434,1678858.56],[204435.67,1678815.17],[204450.07,1678815.72]]]]}},{"type":"Feature","properties":{"building":"yes","height":6,"heightSource":"default"},"geometry":{"type":"MultiPolygon","coordinates":[[[[204415.94,1678842.51],[204415.81,1678846.52],[204398.52,1678846.02],[204398.65,1678842.01],[204415.94,1678842.51]]]]}},{"type":"Feature","properties":{"building":"yes","height":6,"heightSource":"default"},"geometry":{"type":"MultiPolygon","coordinates":[[[[204423.77,1678828.2],[204423.65,1678832.21],[204406.37,1678831.71],[204406.49,1678827.7],[204423.77,1678828.2]]]]}},{"type":"Feature","properties":{"building":"yes","height":6,"heightSource":"default"},"geometry":{"type":"MultiPolygon","coordinates":[[[[204397.45,1678814.46],[204414.86,1678813.89],[204415.26,1678826.11],[204397.85,1678826.67],[204397.45,1678814.46]]]]}},{"type":"Feature","properties":{"building":"yes","height":6,"heightSource":"default"},"geometry":{"type":"MultiPolygon","coordinates":[[[[204422.53,1678817.94],[204422.8,1678813.66],[204431.12,1678814.17],[204430.85,1678818.45],[204422.53,1678817.94]]]]}},{"type":"Feature","properties":{"building":"yes","height":6,"heightSource":"default"},"geometry":{"type":"MultiPolygon","coordinates":[[[[204123.22,1678949.07],[204115.32,1678959.81],[204107.2,1678953.91],[204115.1,1678943.17],[204123.22,1678949.07]]]]}},{"type":"Feature","properties":{"building":"yes","height":6,"heightSource":"default"},"geometry":{"type":"MultiPolygon","coordinates":[[[[204153.62,1678921.11],[204163.17,1678928.72],[204136.91,1678961.26],[204127.35,1678953.64],[204153.62,1678921.11]]]]}},{"type":"Feature","properties":{"building":"yes","height":6,"heightSource":"default"},"geometry":{"type":"MultiPolygon","coordinates":[[[[204118.16,1678937.31],[204111.43,1678931.57],[204117.49,1678924.55],[204133.74,1678938.43],[204124.8,1678948.78],[204115.27,1678940.65],[204118.16,1678937.31]]]]}},{"type":"Feature","properties":{"building":"yes","height":6,"heightSource":"default"},"geometry":{"type":"MultiPolygon","coordinates":[[[[204119.79,1678918.96],[204115.66,1678929.31],[204110.45,1678927.26],[204114.58,1678916.91],[204119.79,1678918.96]]]]}},{"type":"Feature","properties":{"building":"yes","height":6,"heightSource":"default"},"geometry":{"type":"MultiPolygon","coordinates":[[[[204104.95,1678929.71],[204095.78,1678923.51],[204104.3,1678911.09],[204113.46,1678917.3],[204104.95,1678929.71]]]]}},{"type":"Feature","properties":{"building":"yes","height":6,"heightSource":"default"},"geometry":{"type":"MultiPolygon","coordinates":[[[[204088.61,1678913.29],[204095.91,1678918.15],[204088.51,1678929.14],[204081.21,1678924.28],[204088.61,1678913.29]]]]}},{"type":"Feature","properties":{"building":"yes","height":6,"heightSource":"default"},"geometry":{"type":"MultiPolygon","coordinates":[[[[204134.54,1678888.07],[204124.77,1678899.01],[204116.25,1678891.5],[204126.03,1678880.56],[204134.54,1678888.07]]]]}},{"type":"Feature","properties":{"building":"yes","height":6,"heightSource":"default"},"geometry":{"type":"MultiPolygon","coordinates":[[[[204105.61,1678849.89],[204102.25,1678854.67],[204095.52,1678850.02],[204098.87,1678845.22],[204105.61,1678849.89]]]]}},{"type":"Feature","properties":{"building":"yes","height":6,"heightSource":"default"},"geometry":{"type":"MultiPolygon","coordinates":[[[[204065.57,1678859.49],[204071.84,1678847.69],[204080.12,1678852.05],[204073.85,1678863.84],[204065.57,1678859.49]]]]}},{"type":"Feature","properties":{"building":"yes","height":6,"heightSource":"default"},"geometry":{"type":"MultiPolygon","coordinates":[[[[204070.4,1678844.22],[204067.1,1678850.48],[204059.91,1678846.74],[204063.2,1678840.48],[204070.4,1678844.22]]]]}},{"type":"Feature","properties":{"building":"yes","height":6,"heightSource":"default"},"geometry":{"type":"MultiPolygon","coordinates":[[[[204055.56,1678855.98],[204060.56,1678848.2],[204065.84,1678851.55],[204060.84,1678859.33],[204055.56,1678855.98]]]]}},{"type":"Feature","properties":{"building":"yes","height":6,"heightSource":"default"},"geometry":{"type":"MultiPolygon","coordinates":[[[[204074.07,1678836.47],[204071.2,1678842.14],[204066.63,1678839.85],[204069.52,1678834.18],[204074.07,1678836.47]]]]}},{"type":"Feature","properties":{"building":"yes","height":6,"heightSource":"default"},"geometry":{"type":"MultiPolygon","coordinates":[[[[204079.71,1678826.94],[204077.44,1678833.11],[204071.01,1678830.79],[204073.28,1678824.6],[204079.71,1678826.94]]]]}},{"type":"Feature","properties":{"building":"yes","height":6,"heightSource":"default"},"geometry":{"type":"MultiPolygon","coordinates":[[[[204056.53,1678840.39],[204054.09,1678847.41],[204048.03,1678845.34],[204050.46,1678838.31],[204056.53,1678840.39]]]]}},{"type":"Feature","properties":{"building":"yes","height":6,"heightSource":"default"},"geometry":{"type":"MultiPolygon","coordinates":[[[[204042.41,1678845.91],[204051.7,1678851.02],[204046.6,1678860.18],[204037.31,1678855.07],[204042.41,1678845.91]]]]}},{"type":"Feature","properties":{"building":"yes","height":6,"heightSource":"default"},"geometry":{"type":"MultiPolygon","coordinates":[[[[204035.33,1678873.84],[204027.73,1678867.73],[204037.64,1678855.54],[204045.25,1678861.64],[204035.33,1678873.84]]]]}},{"type":"Feature","properties":{"building":"yes","height":6,"heightSource":"default"},"geometry":{"type":"MultiPolygon","coordinates":[[[[204054.46,1678875.2],[204063.55,1678881.84],[204055.36,1678892.9],[204046.29,1678886.26],[204054.46,1678875.2]]]]}},{"type":"Feature","properties":{"building":"yes","height":6,"heightSource":"default"},"geometry":{"type":"MultiPolygon","coordinates":[[[[204037.11,1678881.06],[204043.05,1678867.55],[204050.27,1678870.69],[204044.34,1678884.2],[204037.11,1678881.06]]]]}},{"type":"Feature","properties":{"building":"yes","height":6,"heightSource":"default"},"geometry":{"type":"MultiPolygon","coordinates":[[[[204071.9,1678896.72],[204066.47,1678905.74],[204059.51,1678901.61],[204064.93,1678892.59],[204071.9,1678896.72]]]]}},{"type":"Feature","properties":{"building":"yes","height":6,"heightSource":"default"},"geometry":{"type":"MultiPolygon","coordinates":[[[[204072.96,1678882.01],[204082.83,1678887.91],[204076.64,1678898.16],[204066.76,1678892.25],[204072.96,1678882.01]]]]}},{"type":"Feature","properties":{"building":"yes","height":6,"heightSource":"default"},"geometry":{"type":"MultiPolygon","coordinates":[[[[204027.72,1678831.53],[204020.55,1678849.2],[204011.42,1678845.53],[204018.59,1678827.87],[204027.72,1678831.53]]]]}},{"type":"Feature","properties":{"building":"yes","height":6,"heightSource":"default"},"geometry":{"type":"MultiPolygon","coordinates":[[[[204039.13,1678831.03],[204035.84,1678837.08],[204031.04,1678834.5],[204034.33,1678828.45],[204039.13,1678831.03]]]]}},{"type":"Feature","properties":{"building":"yes","height":6,"heightSource":"default"},"geometry":{"type":"MultiPolygon","coordinates":[[[[204050.85,1678819.98],[204049.16,1678828.81],[204041.65,1678827.38],[204043.36,1678818.56],[204050.85,1678819.98]]]]}},{"type":"Feature","properties":{"building":"yes","height":6,"heightSource":"default"},"geometry":{"type":"MultiPolygon","coordinates":[[[[204018.04,1678824.03],[204019.78,1678812.27],[204030.49,1678813.84],[204029.9,1678817.75],[204033,1678818.21],[204031.84,1678826.05],[204018.04,1678824.03]]]]}},{"type":"Feature","properties":{"building":"yes","height":6,"heightSource":"default"},"geometry":{"type":"MultiPolygon","coordinates":[[[[204033.63,1678811.34],[204035.9,1678797.56],[204043.93,1678798.86],[204041.65,1678812.65],[204033.63,1678811.34]]]]}},{"type":"Feature","properties":{"building":"yes","height":6,"heightSource":"default"},"geometry":{"type":"MultiPolygon","coordinates":[[[[204028.99,1678808.15],[204018.96,1678806.34],[204021.04,1678794.99],[204031.06,1678796.8],[204028.99,1678808.15]]]]}},{"type":"Feature","properties":{"building":"yes","height":6,"heightSource":"default"},"geometry":{"type":"MultiPolygon","coordinates":[[[[204020.47,1678778.2],[204036.33,1678778.52],[204036.04,1678792.55],[204020.18,1678792.23],[204020.47,1678778.2]]]]}},{"type":"Feature","properties":{"building":"yes","height":6,"heightSource":"default"},"geometry":{"type":"MultiPolygon","coordinates":[[[[204016.73,1678766.76],[204026.23,1678767.14],[204025.85,1678776.45],[204016.35,1678776.07],[204016.73,1678766.76]]]]}},{"type":"Feature","properties":{"building":"yes","height":6,"heightSource":"default"},"geometry":{"type":"MultiPolygon","coordinates":[[[[204035.54,1678767.2],[204042.38,1678746.64],[204120.11,1678770.33],[204112.79,1678790.22],[204035.54,1678767.2]]]]}},{"type":"Feature","properties":{"building":"yes","height":6,"heightSource":"default"},"geometry":{"type":"MultiPolygon","coordinates":[[[[204086.3,1678808.3],[204094.2,1678809.43],[204092.8,1678819.09],[204084.91,1678817.96],[204086.3,1678808.3]]]]}},{"type":"Feature","properties":{"building":"yes","height":6,"heightSource":"default"},"geometry":{"type":"MultiPolygon","coordinates":[[[[204098.79,1678810.66],[204109.63,1678810.88],[204109.48,1678818.05],[204098.64,1678817.82],[204098.79,1678810.66]]]]}},{"type":"Feature","properties":{"building":"yes","height":6,"heightSource":"default"},"geometry":{"type":"MultiPolygon","coordinates":[[[[204128.17,1678818.55],[204118.5,1678820.17],[204117.49,1678814.18],[204122.37,1678813.36],[204122.23,1678812.53],[204127.01,1678811.73],[204128.17,1678818.55]]]]}},{"type":"Feature","properties":{"building":"yes","height":6,"heightSource":"default"},"geometry":{"type":"MultiPolygon","coordinates":[[[[204130.83,1678809.7],[204139.42,1678808.82],[204140.05,1678815.07],[204131.48,1678815.94],[204130.83,1678809.7]]]]}},{"type":"Feature","properties":{"building":"yes","height":6,"heightSource":"default"},"geometry":{"type":"MultiPolygon","coordinates":[[[[204121.61,1678812.69],[204115.12,1678812.24],[204115.64,1678804.7],[204122.13,1678805.15],[204121.61,1678812.69]]]]}},{"type":"Feature","properties":{"building":"yes","height":6,"heightSource":"default"},"geometry":{"type":"MultiPolygon","coordinates":[[[[204094.13,1678786.34],[204109.67,1678790.51],[204106.35,1678802.75],[204090.82,1678798.58],[204094.13,1678786.34]]]]}},{"type":"Feature","properties":{"building":"yes","height":6,"heightSource":"default"},"geometry":{"type":"MultiPolygon","coordinates":[[[[204077.54,1678782.84],[204088.52,1678785.21],[204085.95,1678796.95],[204074.97,1678794.57],[204077.54,1678782.84]]]]}},{"type":"Feature","properties":{"building":"yes","height":6,"heightSource":"default"},"geometry":{"type":"MultiPolygon","coordinates":[[[[204156.61,1678814.62],[204146.86,1678817.15],[204143.18,1678803.14],[204152.94,1678800.61],[204156.61,1678814.62]]]]}},{"type":"Feature","properties":{"building":"yes","height":6,"heightSource":"default"},"geometry":{"type":"MultiPolygon","coordinates":[[[[204126.52,1678827.29],[204134.93,1678826.5],[204135.31,1678830.48],[204140.75,1678829.97],[204141.43,1678837.07],[204127.58,1678838.38],[204126.52,1678827.29]]]]}},{"type":"Feature","properties":{"building":"yes","height":6,"heightSource":"default"},"geometry":{"type":"MultiPolygon","coordinates":[[[[204153.57,1678827.14],[204144.54,1678828.1],[204143.89,1678822.02],[204152.93,1678821.06],[204153.57,1678827.14]]]]}},{"type":"Feature","properties":{"building":"yes","height":6,"heightSource":"default"},"geometry":{"type":"MultiPolygon","coordinates":[[[[204115.02,1678795.12],[204130.86,1678799.49],[204135.76,1678781.92],[204119.92,1678777.55],[204115.02,1678795.12]]]]}},{"type":"Feature","properties":{"building":"yes","height":6,"heightSource":"default"},"geometry":{"type":"MultiPolygon","coordinates":[[[[204131.28,1678796.07],[204132.46,1678777.07],[204155.82,1678778.51],[204154.64,1678797.5],[204131.28,1678796.07]]]]}},{"type":"Feature","properties":{"building":"yes","height":6,"heightSource":"default"},"geometry":{"type":"MultiPolygon","coordinates":[[[[204119.66,1678858.55],[204125.9,1678862.35],[204119.03,1678873.53],[204112.78,1678869.73],[204119.66,1678858.55]]]]}},{"type":"Feature","properties":{"building":"yes","height":6,"heightSource":"default"},"geometry":{"type":"MultiPolygon","coordinates":[[[[204151.21,1678884.37],[204165.1,1678881.3],[204167,1678889.79],[204153.11,1678892.86],[204151.21,1678884.37]]]]}},{"type":"Feature","properties":{"building":"yes","height":6,"heightSource":"default"},"geometry":{"type":"MultiPolygon","coordinates":[[[[204150.88,1678896.02],[204150.86,1678895.61],[204165.84,1678894.94],[204166.19,1678902.67],[204154.67,1678903.18],[204154.55,1678900.61],[204146.78,1678900.95],[204146.56,1678896.21],[204150.88,1678896.02]]]]}},{"type":"Feature","properties":{"building":"yes","height":6,"heightSource":"default"},"geometry":{"type":"MultiPolygon","coordinates":[[[[204181.46,1678908.52],[204174.71,1678910.32],[204172.32,1678901.47],[204179.06,1678899.67],[204181.46,1678908.52]]]]}},{"type":"Feature","properties":{"building":"yes","height":6,"heightSource":"default"},"geometry":{"type":"MultiPolygon","coordinates":[[[[204171.44,1678901.05],[204173.45,1678911.89],[204167.18,1678913.04],[204165.18,1678902.2],[204171.44,1678901.05]]]]}},{"type":"Feature","properties":{"building":"yes","height":6,"heightSource":"default"},"geometry":{"type":"MultiPolygon","coordinates":[[[[204174.84,1678920.1],[204174.45,1678912.94],[204199.78,1678911.59],[204200.17,1678918.74],[204174.84,1678920.1]]]]}},{"type":"Feature","properties":{"building":"yes","height":6,"heightSource":"default"},"geometry":{"type":"MultiPolygon","coordinates":[[[[204205.13,1678939.28],[204191.61,1678938.71],[204192.12,1678926.87],[204205.64,1678927.44],[204205.13,1678939.28]]]]}},{"type":"Feature","properties":{"building":"yes","height":6,"heightSource":"default"},"geometry":{"type":"MultiPolygon","coordinates":[[[[204246.53,1678820.16],[204242.46,1678826.81],[204237.98,1678824.12],[204242.05,1678817.45],[204246.53,1678820.16]]]]}},{"type":"Feature","properties":{"building":"yes","height":6,"heightSource":"default"},"geometry":{"type":"MultiPolygon","coordinates":[[[[204268.36,1678835.99],[204256.6,1678848.97],[204247.63,1678840.95],[204259.39,1678827.97],[204268.36,1678835.99]]]]}},{"type":"Feature","properties":{"building":"yes","height":6,"heightSource":"default"},"geometry":{"type":"MultiPolygon","coordinates":[[[[204238.53,1678830.31],[204234.47,1678836.96],[204229.99,1678834.27],[204234.06,1678827.61],[204238.53,1678830.31]]]]}},{"type":"Feature","properties":{"building":"yes","height":6,"heightSource":"default"},"geometry":{"type":"MultiPolygon","coordinates":[[[[204265.74,1678849.96],[204275.09,1678841.87],[204281.6,1678849.28],[204272.23,1678857.37],[204265.74,1678849.96]]]]}},{"type":"Feature","properties":{"building":"yes","height":6,"heightSource":"default"},"geometry":{"type":"MultiPolygon","coordinates":[[[[204279.95,1678862.94],[204285.78,1678853.84],[204294.74,1678859.52],[204292.14,1678863.57],[204295.6,1678865.76],[204292.36,1678870.8],[204279.95,1678862.94]]]]}},{"type":"Feature","properties":{"building":"yes","height":6,"heightSource":"default"},"geometry":{"type":"MultiPolygon","coordinates":[[[[204369.56,1678832.97],[204372.44,1678832.82],[204373.17,1678846.37],[204359.65,1678847.09],[204358.53,1678826.21],[204369.17,1678825.64],[204369.56,1678832.97]]]]}},{"type":"Feature","properties":{"building":"yes","height":6,"heightSource":"default"},"geometry":{"type":"MultiPolygon","coordinates":[[[[204353.01,1678845.49],[204342.64,1678845.94],[204341.99,1678831.06],[204352.37,1678830.61],[204353.01,1678845.49]]]]}},{"type":"Feature","properties":{"building":"yes","height":6,"heightSource":"default"},"geometry":{"type":"MultiPolygon","coordinates":[[[[204351.63,1678818.42],[204351.05,1678807.09],[204366.3,1678806.31],[204367.19,1678823.65],[204347.91,1678824.64],[204347.6,1678818.63],[204351.63,1678818.42]]]]}},{"type":"Feature","properties":{"building":"yes","height":6,"heightSource":"default"},"geometry":{"type":"MultiPolygon","coordinates":[[[[204346.58,1678794.11],[204347.51,1678803.97],[204342.36,1678804.44],[204341.43,1678794.6],[204346.58,1678794.11]]]]}},{"type":"Feature","properties":{"building":"yes","height":6,"heightSource":"default"},"geometry":{"type":"MultiPolygon","coordinates":[[[[204330.92,1678779.94],[204320.48,1678782.92],[204318.11,1678774.67],[204328.53,1678771.7],[204330.92,1678779.94]]]]}},{"type":"Feature","properties":{"building":"yes","height":6,"heightSource":"default"},"geometry":{"type":"MultiPolygon","coordinates":[[[[204322.72,1678772.7],[204313.32,1678773.22],[204312.94,1678766.36],[204322.33,1678765.83],[204322.72,1678772.7]]]]}},{"type":"Feature","properties":{"building":"yes","height":6,"heightSource":"default"},"geometry":{"type":"MultiPolygon","coordinates":[[[[204328.37,1678738.87],[204350.28,1678735.78],[204354.84,1678767.76],[204332.93,1678770.84],[204328.37,1678738.87]]]]}},{"type":"Feature","properties":{"building":"yes","height":6,"heightSource":"default"},"geometry":{"type":"MultiPolygon","coordinates":[[[[204353.99,1678677.25],[204361.45,1678676.76],[204364.04,1678715.78],[204356.56,1678716.28],[204353.99,1678677.25]]]]}},{"type":"Feature","properties":{"building":"yes","height":6,"heightSource":"default"},"geometry":{"type":"MultiPolygon","coordinates":[[[[204357.71,1678723.36],[204361.73,1678723.52],[204361.48,1678730.2],[204357.45,1678730.05],[204357.71,1678723.36]]]]}},{"type":"Feature","properties":{"building":"yes","height":6,"heightSource":"default"},"geometry":{"type":"MultiPolygon","coordinates":[[[[204335.3,1678726.52],[204318.89,1678727.38],[204318.1,1678712.22],[204312.34,1678712.52],[204311.71,1678700.79],[204333.88,1678699.64],[204335.3,1678726.52]]]]}},{"type":"Feature","properties":{"building":"yes","height":6,"heightSource":"default"},"geometry":{"type":"MultiPolygon","coordinates":[[[[204331.21,1678677.76],[204332.45,1678691.71],[204327.3,1678692.16],[204328.04,1678700.42],[204292.22,1678703.56],[204291.64,1678697.13],[204268.44,1678699.17],[204267.04,1678683.39],[204331.21,1678677.76]]]]}},{"type":"Feature","properties":{"building":"yes","height":6,"heightSource":"default"},"geometry":{"type":"MultiPolygon","coordinates":[[[[204255.86,1678649.71],[204279.38,1678647.8],[204282.1,1678681.16],[204266.32,1678682.43],[204264.93,1678665.33],[204257.18,1678665.96],[204255.86,1678649.71]]]]}},{"type":"Feature","properties":{"building":"yes","height":6,"heightSource":"default"},"geometry":{"type":"MultiPolygon","coordinates":[[[[204281.98,1678655.82],[204288.6,1678655.55],[204289.18,1678669.29],[204282.56,1678669.57],[204281.98,1678655.82]]]]}},{"type":"Feature","properties":{"building":"yes","height":6,"heightSource":"default"},"geometry":{"type":"MultiPolygon","coordinates":[[[[204261.39,1678706.87],[204242.41,1678708.74],[204237.33,1678657.71],[204233.61,1678658.08],[204231.91,1678641.03],[204236.6,1678640.56],[204236.02,1678634.76],[204244.2,1678633.95],[204245.29,1678644.87],[204255.12,1678643.9],[204261.39,1678706.87]]]]}},{"type":"Feature","properties":{"building":"yes","height":6,"heightSource":"default"},"geometry":{"type":"MultiPolygon","coordinates":[[[[204268.06,1678710.2],[204269.38,1678718.72],[204260.36,1678720.11],[204259.03,1678711.59],[204268.06,1678710.2]]]]}},{"type":"Feature","properties":{"building":"yes","height":6,"heightSource":"default"},"geometry":{"type":"MultiPolygon","coordinates":[[[[204273.67,1678712.01],[204306.64,1678709.27],[204308.19,1678727.79],[204275.22,1678730.53],[204273.67,1678712.01]]]]}},{"type":"Feature","properties":{"building":"yes","height":6,"heightSource":"default"},"geometry":{"type":"MultiPolygon","coordinates":[[[[204259.47,1678714.53],[204261.02,1678733.79],[204227.93,1678736.43],[204226.38,1678717.17],[204259.47,1678714.53]]]]}},{"type":"Feature","properties":{"building":"yes","height":6,"heightSource":"default"},"geometry":{"type":"MultiPolygon","coordinates":[[[[204283.58,1678735.69],[204284,1678743.41],[204273.64,1678743.97],[204273.22,1678736.25],[204283.58,1678735.69]]]]}},{"type":"Feature","properties":{"building":"yes","height":6,"heightSource":"default"},"geometry":{"type":"MultiPolygon","coordinates":[[[[204313.64,1678758.95],[204311.03,1678741.53],[204323.76,1678739.65],[204326.98,1678761.3],[204315.29,1678763.01],[204316.34,1678770.04],[204304.75,1678771.75],[204303.07,1678760.51],[204313.64,1678758.95]]]]}},{"type":"Feature","properties":{"building":"yes","height":6,"heightSource":"default"},"geometry":{"type":"MultiPolygon","coordinates":[[[[204290.03,1678755.03],[204300.85,1678754.38],[204301.31,1678762.11],[204290.49,1678762.74],[204290.03,1678755.03]]]]}},{"type":"Feature","properties":{"building":"yes","height":6,"heightSource":"default"},"geometry":{"type":"MultiPolygon","coordinates":[[[[204288.24,1678708.09],[204271.54,1678708.82],[204271.16,1678700.23],[204287.87,1678699.5],[204288.24,1678708.09]]]]}},{"type":"Feature","properties":{"building":"yes","height":6,"heightSource":"default"},"geometry":{"type":"MultiPolygon","coordinates":[[[[204221.76,1678694.66],[204233.48,1678694.66],[204233.48,1678708.71],[204221.75,1678708.7],[204221.76,1678694.66]]]]}},{"type":"Feature","properties":{"building":"yes","height":6,"heightSource":"default"},"geometry":{"type":"MultiPolygon","coordinates":[[[[204208.46,1678706.18],[204216.53,1678706.32],[204216.24,1678721.96],[204217.97,1678721.99],[204217.87,1678726.98],[204203.17,1678726.71],[204203.33,1678718.11],[204200.45,1678718.06],[204200.55,1678712.62],[204208.34,1678712.77],[204208.46,1678706.18]]]]}},{"type":"Feature","properties":{"building":"yes","height":6,"heightSource":"default"},"geometry":{"type":"MultiPolygon","coordinates":[[[[204172.17,1678691.03],[204173.73,1678683.18],[204189.06,1678686.2],[204189.74,1678682.79],[204199.33,1678684.69],[204197.73,1678692.66],[204207.97,1678694.69],[204205.11,1678708.99],[204191,1678706.2],[204193.2,1678695.2],[204172.17,1678691.03]]]]}},{"type":"Feature","properties":{"building":"yes","height":6,"heightSource":"default"},"geometry":{"type":"MultiPolygon","coordinates":[[[[204201.13,1678691.06],[204204.15,1678676.95],[204202.67,1678676.64],[204204.54,1678667.88],[204213.9,1678669.86],[204209.01,1678692.72],[204201.13,1678691.06]]]]}},{"type":"Feature","properties":{"building":"yes","height":6,"heightSource":"default"},"geometry":{"type":"MultiPolygon","coordinates":[[[[204185.72,1678665.5],[204197.89,1678667.67],[204196.42,1678675.82],[204184.25,1678673.66],[204185.72,1678665.5]]]]}},{"type":"Feature","properties":{"building":"yes","height":6,"heightSource":"default"},"geometry":{"type":"MultiPolygon","coordinates":[[[[204157.9,1678687.68],[204163.38,1678660.76],[204173.33,1678662.76],[204167.85,1678689.68],[204157.9,1678687.68]]]]}},{"type":"Feature","properties":{"building":"yes","height":6,"heightSource":"default"},"geometry":{"type":"MultiPolygon","coordinates":[[[[204148.98,1678677.12],[204146.39,1678685.47],[204135.11,1678682.01],[204137.69,1678673.66],[204148.98,1678677.12]]]]}},{"type":"Feature","properties":{"building":"yes","height":6,"heightSource":"default"},"geometry":{"type":"MultiPolygon","coordinates":[[[[204138.85,1678661.44],[204140.72,1678655.76],[204152.04,1678659.43],[204147.51,1678673.25],[204139.46,1678670.65],[204142.13,1678662.5],[204138.85,1678661.44]]]]}},{"type":"Feature","properties":{"building":"yes","height":6,"heightSource":"default"},"geometry":{"type":"MultiPolygon","coordinates":[[[[204116.88,1678650.6],[204114.01,1678664.9],[204105.72,1678663.25],[204108.58,1678648.96],[204112.73,1678649.78],[204116.88,1678650.6]]]]}},{"type":"Feature","properties":{"building":"yes","height":6,"heightSource":"default"},"geometry":{"type":"MultiPolygon","coordinates":[[[[204138.01,1678611.27],[204130.36,1678645.01],[204113.39,1678641.2],[204114.77,1678635.1],[204121.62,1678636.63],[204127.88,1678609],[204138.01,1678611.27]]]]}},{"type":"Feature","properties":{"building":"yes","height":6,"heightSource":"default"},"geometry":{"type":"MultiPolygon","coordinates":[[[[204114.25,1678634.52],[204117.3,1678619.7],[204122,1678620.66],[204118.94,1678635.48],[204114.25,1678634.52]]]]}},{"type":"Feature","properties":{"building":"yes","height":6,"heightSource":"default"},"geometry":{"type":"MultiPolygon","coordinates":[[[[204148.04,1678642.38],[204151.78,1678614.67],[204160.83,1678615.88],[204157.09,1678643.58],[204148.04,1678642.38]]]]}},{"type":"Feature","properties":{"building":"yes","height":6,"heightSource":"default"},"geometry":{"type":"MultiPolygon","coordinates":[[[[204148.82,1678643.64],[204156.19,1678644.56],[204155.16,1678652.73],[204147.79,1678651.81],[204148.82,1678643.64]]]]}},{"type":"Feature","properties":{"building":"yes","height":6,"heightSource":"default"},"geometry":{"type":"MultiPolygon","coordinates":[[[[204166.85,1678655.33],[204171.03,1678633.11],[204177.59,1678634.32],[204173.42,1678656.55],[204166.85,1678655.33]]]]}},{"type":"Feature","properties":{"building":"yes","height":6,"heightSource":"default"},"geometry":{"type":"MultiPolygon","coordinates":[[[[204220.94,1678644.92],[204188.79,1678638.84],[204192.74,1678620.83],[204224.88,1678626.39],[204220.94,1678644.92]]]]}},{"type":"Feature","properties":{"building":"yes","height":6,"heightSource":"default"},"geometry":{"type":"MultiPolygon","coordinates":[[[[204220.98,1678654.88],[204227.8,1678656.67],[204225.07,1678666.92],[204218.25,1678665.14],[204220.98,1678654.88]]]]}},{"type":"Feature","properties":{"building":"yes","height":6,"heightSource":"default"},"geometry":{"type":"MultiPolygon","coordinates":[[[[204096.32,1678602.69],[204106.68,1678605.08],[204100.43,1678631.93],[204090.05,1678629.55],[204096.32,1678602.69]]]]}},{"type":"Feature","properties":{"building":"yes","height":6,"heightSource":"default"},"geometry":{"type":"MultiPolygon","coordinates":[[[[204090.07,1678582.97],[204090.22,1678545.71],[204103.78,1678545.76],[204103.62,1678583.02],[204090.07,1678582.97]]]]}},{"type":"Feature","properties":{"building":"yes","height":6,"heightSource":"default"},"geometry":{"type":"MultiPolygon","coordinates":[[[[204103.48,1678543.06],[204090.79,1678543.12],[204090.6,1678505.57],[204103.29,1678505.51],[204103.48,1678543.06]]]]}},{"type":"Feature","properties":{"building":"yes","height":6,"heightSource":"default"},"geometry":{"type":"MultiPolygon","coordinates":[[[[204114.56,1678529.1],[204110.34,1678529.13],[204110.29,1678522.38],[204114.9,1678522.34],[204114.86,1678516.6],[204137.36,1678516.42],[204137.46,1678528.34],[204125.8,1678528.43],[204126.01,1678554.51],[204114.76,1678554.61],[204114.56,1678529.1]]]]}},{"type":"Feature","properties":{"building":"yes","height":6,"heightSource":"default"},"geometry":{"type":"MultiPolygon","coordinates":[[[[204164.16,1678593.24],[204149.17,1678593.12],[204149.41,1678563.2],[204144.23,1678563.15],[204144.45,1678536.92],[204147.33,1678536.94],[204147.62,1678503.41],[204165.2,1678503.56],[204164.86,1678545.11],[204168.03,1678545.14],[204167.88,1678562.61],[204164.42,1678562.59],[204164.16,1678593.24]]]]}},{"type":"Feature","properties":{"building":"yes","height":6,"heightSource":"default"},"geometry":{"type":"MultiPolygon","coordinates":[[[[204117.62,1678489.61],[204117.64,1678465.82],[204163.79,1678465.86],[204163.77,1678489.65],[204117.62,1678489.61]]]]}},{"type":"Feature","properties":{"building":"yes","height":6,"heightSource":"default"},"geometry":{"type":"MultiPolygon","coordinates":[[[[204191.82,1678422.55],[204202.74,1678424.69],[204198.72,1678444.95],[204187.8,1678442.8],[204191.82,1678422.55]]]]}},{"type":"Feature","properties":{"building":"yes","height":6,"heightSource":"default"},"geometry":{"type":"MultiPolygon","coordinates":[[[[204197,1678392.98],[204208.11,1678395.45],[204204.49,1678411.51],[204193.38,1678409.03],[204197,1678392.98]]]]}},{"type":"Feature","properties":{"building":"yes","height":6,"heightSource":"default"},"geometry":{"type":"MultiPolygon","coordinates":[[[[204179.52,1678407.05],[204183.29,1678387.88],[204192.87,1678389.74],[204189.11,1678408.9],[204179.52,1678407.05]]]]}},{"type":"Feature","properties":{"building":"yes","height":6,"heightSource":"default"},"geometry":{"type":"MultiPolygon","coordinates":[[[[204168.08,1678395.49],[204179.73,1678396.87],[204178.27,1678409],[204166.62,1678407.62],[204168.08,1678395.49]]]]}},{"type":"Feature","properties":{"building":"yes","height":6,"heightSource":"default"},"geometry":{"type":"MultiPolygon","coordinates":[[[[204162.32,1678391.48],[204158.77,1678404.21],[204149.96,1678401.77],[204153.51,1678389.05],[204162.32,1678391.48]]]]}},{"type":"Feature","properties":{"building":"yes","height":6,"heightSource":"default"},"geometry":{"type":"MultiPolygon","coordinates":[[[[204056.38,1678412.73],[204076.35,1678416.86],[204074.31,1678426.6],[204071.16,1678425.95],[204070.04,1678431.28],[204053.22,1678427.81],[204056.38,1678412.73]]]]}},{"type":"Feature","properties":{"building":"yes","height":6,"heightSource":"default"},"geometry":{"type":"MultiPolygon","coordinates":[[[[204047.88,1678334.21],[204067.16,1678338.27],[204064.06,1678352.77],[204050.72,1678349.97],[204051.92,1678344.36],[204045.99,1678343.12],[204047.88,1678334.21]]]]}},{"type":"Feature","properties":{"building":"yes","height":6,"heightSource":"default"},"geometry":{"type":"MultiPolygon","coordinates":[[[[204116.78,1678331.13],[204123.49,1678331.7],[204122.64,1678341.65],[204115.94,1678341.09],[204116.78,1678331.13]]]]}},{"type":"Feature","properties":{"building":"yes","height":6,"heightSource":"default"},"geometry":{"type":"MultiPolygon","coordinates":[[[[204119.08,1678346.82],[204118.52,1678352.06],[204113.26,1678351.51],[204113.83,1678346.26],[204119.08,1678346.82]]]]}},{"type":"Feature","properties":{"building":"yes","height":6,"heightSource":"default"},"geometry":{"type":"MultiPolygon","coordinates":[[[[204109.15,1678303.05],[204119.32,1678303.89],[204118.26,1678316.41],[204110.82,1678315.78],[204111.27,1678310.54],[204108.54,1678310.31],[204109.15,1678303.05]]]]}},{"type":"Feature","properties":{"building":"yes","height":6,"heightSource":"default"},"geometry":{"type":"MultiPolygon","coordinates":[[[[204114.95,1678296.92],[204114.54,1678300.01],[204108.03,1678299.15],[204109.93,1678284.81],[204118.83,1678285.97],[204117.34,1678297.23],[204114.95,1678296.92]]]]}},{"type":"Feature","properties":{"building":"yes","height":6,"heightSource":"default"},"geometry":{"type":"MultiPolygon","coordinates":[[[[204107.93,1678282.14],[204111.04,1678268.39],[204117.46,1678269.81],[204114.36,1678283.57],[204107.93,1678282.14]]]]}},{"type":"Feature","properties":{"building":"yes","height":6,"heightSource":"default"},"geometry":{"type":"MultiPolygon","coordinates":[[[[204113.48,1678266.56],[204106.88,1678264.85],[204110.53,1678250.94],[204117.14,1678252.65],[204113.48,1678266.56]]]]}},{"type":"Feature","properties":{"building":"yes","height":6,"heightSource":"default"},"geometry":{"type":"MultiPolygon","coordinates":[[[[204062.23,1678262.13],[204060.46,1678278.56],[204050.5,1678277.49],[204052.27,1678261.07],[204062.23,1678262.13]]]]}},{"type":"Feature","properties":{"building":"yes","height":6,"heightSource":"default"},"geometry":{"type":"MultiPolygon","coordinates":[[[[204019.41,1678281.99],[204021.55,1678272.45],[204036.74,1678275.81],[204034.61,1678285.35],[204019.41,1678281.99]]]]}},{"type":"Feature","properties":{"building":"yes","height":6,"heightSource":"default"},"geometry":{"type":"MultiPolygon","coordinates":[[[[203994.36,1678280],[203996.49,1678270.47],[204011.69,1678273.83],[204009.55,1678283.36],[203994.36,1678280]]]]}},{"type":"Feature","properties":{"building":"yes","height":6,"heightSource":"default"},"geometry":{"type":"MultiPolygon","coordinates":[[[[203993.33,1678259.88],[203993.93,1678251.75],[204025.46,1678254.04],[204024.86,1678262.16],[203993.33,1678259.88]]]]}},{"type":"Feature","properties":{"building":"yes","height":6,"heightSource":"default"},"geometry":{"type":"MultiPolygon","coordinates":[[[[204053.11,1678237.19],[204055.99,1678238.08],[204054,1678244.48],[204051.11,1678243.58],[204053.11,1678237.19]]]]}},{"type":"Feature","properties":{"building":"yes","height":6,"heightSource":"default"},"geometry":{"type":"MultiPolygon","coordinates":[[[[204016.55,1678681.85],[204008.75,1678701.63],[203983.13,1678691.65],[203990.93,1678671.88],[204016.55,1678681.85]]]]}},{"type":"Feature","properties":{"building":"yes","height":6,"heightSource":"default"},"geometry":{"type":"MultiPolygon","coordinates":[[[[203961.31,1678730.64],[203958.26,1678737.93],[203950.44,1678734.7],[203953.48,1678727.4],[203961.31,1678730.64]]]]}},{"type":"Feature","properties":{"building":"yes","height":6,"heightSource":"default"},"geometry":{"type":"MultiPolygon","coordinates":[[[[203977.05,1678647.26],[203983.87,1678650.11],[203982.03,1678654.47],[203987.16,1678656.61],[203982.34,1678668],[203970.39,1678663.02],[203977.05,1678647.26]]]]}},{"type":"Feature","properties":{"building":"yes","height":6,"heightSource":"default"},"geometry":{"type":"MultiPolygon","coordinates":[[[[204422.29,1678807.79],[204408.49,1678808.69],[204407.6,1678795.16],[204421.38,1678794.26],[204422.29,1678807.79]]]]}},{"type":"Feature","properties":{"building":"yes","height":6,"heightSource":"default"},"geometry":{"type":"MultiPolygon","coordinates":[[[[204447.63,1678793],[204448.06,1678805.79],[204431.63,1678806.33],[204431.5,1678802.43],[204435.25,1678802.3],[204434.96,1678793.42],[204447.63,1678793]]]]}},{"type":"Feature","properties":{"building":"yes","height":6,"heightSource":"default"},"geometry":{"type":"MultiPolygon","coordinates":[[[[204450.79,1678781.31],[204451.12,1678792.49],[204435.74,1678792.94],[204435.4,1678781.77],[204450.79,1678781.31]]]]}},{"type":"Feature","properties":{"building":"yes","height":6,"heightSource":"default"},"geometry":{"type":"MultiPolygon","coordinates":[[[[204453.92,1678748.94],[204455.1,1678771.82],[204457,1678771.73],[204457.44,1678780.31],[204437.69,1678781.32],[204436.83,1678764.72],[204439.42,1678764.59],[204438.67,1678749.71],[204453.92,1678748.94]]]]}},{"type":"Feature","properties":{"building":"yes","height":6,"heightSource":"default"},"geometry":{"type":"MultiPolygon","coordinates":[[[[204452.46,1678726.9],[204453.59,1678748.74],[204429.13,1678749.99],[204428,1678728.16],[204452.46,1678726.9]]]]}},{"type":"Feature","properties":{"building":"yes","height":6,"heightSource":"default"},"geometry":{"type":"MultiPolygon","coordinates":[[[[204457.44,1678731.65],[204467.64,1678731.72],[204467.61,1678736.77],[204457.41,1678736.7],[204457.44,1678731.65]]]]}},{"type":"Feature","properties":{"building":"yes","height":6,"heightSource":"default"},"geometry":{"type":"MultiPolygon","coordinates":[[[[204430.29,1678717.29],[204442.66,1678716.56],[204443.21,1678725.81],[204430.84,1678726.54],[204430.29,1678717.29]]]]}},{"type":"Feature","properties":{"building":"yes","height":6,"heightSource":"default"},"geometry":{"type":"MultiPolygon","coordinates":[[[[204471.06,1678727.83],[204460.98,1678727.58],[204461.22,1678718.13],[204471.31,1678718.38],[204471.06,1678727.83]]]]}},{"type":"Feature","properties":{"building":"yes","height":6,"heightSource":"default"},"geometry":{"type":"MultiPolygon","coordinates":[[[[204465.55,1678715.27],[204453.64,1678714.87],[204454.08,1678701.99],[204465.99,1678702.4],[204465.55,1678715.27]]]]}},{"type":"Feature","properties":{"building":"yes","height":6,"heightSource":"default"},"geometry":{"type":"MultiPolygon","coordinates":[[[[204467.15,1678703.73],[204467.4,1678692.86],[204479.21,1678693.12],[204478.96,1678704.01],[204467.15,1678703.73]]]]}},{"type":"Feature","properties":{"building":"yes","height":6,"heightSource":"default"},"geometry":{"type":"MultiPolygon","coordinates":[[[[204468.15,1678713.32],[204468.78,1678708.83],[204472.83,1678709.4],[204472.2,1678713.89],[204468.15,1678713.32]]]]}},{"type":"Feature","properties":{"building":"yes","height":6,"heightSource":"default"},"geometry":{"type":"MultiPolygon","coordinates":[[[[204442.63,1678704.08],[204448.52,1678704.65],[204447.84,1678711.46],[204441.95,1678710.88],[204442.63,1678704.08]]]]}},{"type":"Feature","properties":{"building":"yes","height":6,"heightSource":"default"},"geometry":{"type":"MultiPolygon","coordinates":[[[[204460.45,1678676.92],[204456.14,1678692.41],[204447.87,1678690.13],[204452.17,1678674.64],[204460.45,1678676.92]]]]}},{"type":"Feature","properties":{"building":"yes","height":6,"heightSource":"default"},"geometry":{"type":"MultiPolygon","coordinates":[[[[204483.23,1678671.83],[204461.62,1678671.38],[204461.83,1678661.36],[204483.45,1678661.8],[204483.23,1678671.83]]]]}},{"type":"Feature","properties":{"building":"yes","height":6,"heightSource":"default"},"geometry":{"type":"MultiPolygon","coordinates":[[[[204438.04,1678693.34],[204442.49,1678677.41],[204447.82,1678678.88],[204443.39,1678694.8],[204438.04,1678693.34]]]]}},{"type":"Feature","properties":{"building":"yes","height":6,"heightSource":"default"},"geometry":{"type":"MultiPolygon","coordinates":[[[[204437.28,1678690.77],[204435.44,1678696.89],[204430.53,1678695.44],[204432.37,1678689.31],[204437.28,1678690.77]]]]}},{"type":"Feature","properties":{"building":"yes","height":6,"heightSource":"default"},"geometry":{"type":"MultiPolygon","coordinates":[[[[204415.19,1678662.51],[204416.35,1678687.12],[204405.7,1678687.61],[204404.54,1678663.01],[204415.19,1678662.51]]]]}},{"type":"Feature","properties":{"building":"yes","height":6,"heightSource":"default"},"geometry":{"type":"MultiPolygon","coordinates":[[[[204404.89,1678702.39],[204391.98,1678703.36],[204390.99,1678690.35],[204385.43,1678690.76],[204383.39,1678664.14],[204399.57,1678662.91],[204400.18,1678670.9],[204401.8,1678670.77],[204402.92,1678685.43],[204403.59,1678685.38],[204404.89,1678702.39]]]]}},{"type":"Feature","properties":{"building":"yes","height":6,"heightSource":"default"},"geometry":{"type":"MultiPolygon","coordinates":[[[[204466.19,1678626.07],[204466.11,1678640.11],[204448.05,1678640.01],[204448.13,1678625.97],[204466.19,1678626.07]]]]}},{"type":"Feature","properties":{"building":"yes","height":6,"heightSource":"default"},"geometry":{"type":"MultiPolygon","coordinates":[[[[204487.73,1678626.75],[204487.66,1678640.79],[204469.6,1678640.7],[204469.67,1678626.65],[204487.73,1678626.75]]]]}},{"type":"Feature","properties":{"building":"yes","height":6,"heightSource":"default"},"geometry":{"type":"MultiPolygon","coordinates":[[[[204423.43,1678643.73],[204401.61,1678643.48],[204401.84,1678626.1],[204430.95,1678626.45],[204430.97,1678625.2],[204443.55,1678625.35],[204443.31,1678644.27],[204423.42,1678644.02],[204423.43,1678643.73]]]]}},{"type":"Feature","properties":{"building":"yes","height":6,"heightSource":"default"},"geometry":{"type":"MultiPolygon","coordinates":[[[[204398.52,1678628.74],[204399.34,1678645.62],[204385.52,1678646.28],[204384.7,1678629.4],[204398.52,1678628.74]]]]}},{"type":"Feature","properties":{"building":"yes","height":6,"heightSource":"default"},"geometry":{"type":"MultiPolygon","coordinates":[[[[204374,1678634.69],[204381.19,1678634.23],[204381.97,1678646.24],[204374.78,1678646.69],[204374,1678634.69]]]]}},{"type":"Feature","properties":{"building":"yes","height":6,"heightSource":"default"},"geometry":{"type":"MultiPolygon","coordinates":[[[[204368.52,1678624.88],[204377.81,1678622.87],[204379.73,1678631.66],[204370.44,1678633.66],[204368.52,1678624.88]]]]}},{"type":"Feature","properties":{"building":"yes","height":6,"heightSource":"default"},"geometry":{"type":"MultiPolygon","coordinates":[[[[204445.29,1678615.58],[204427.14,1678611.49],[204431.18,1678593.82],[204449.34,1678597.92],[204445.29,1678615.58]]]]}},{"type":"Feature","properties":{"building":"yes","height":6,"heightSource":"default"},"geometry":{"type":"MultiPolygon","coordinates":[[[[204455.66,1678584.15],[204481.73,1678584.22],[204481.69,1678601.52],[204471.3,1678601.5],[204471.32,1678598.92],[204455.63,1678598.87],[204455.66,1678584.15]]]]}},{"type":"Feature","properties":{"building":"yes","height":6,"heightSource":"default"},"geometry":{"type":"MultiPolygon","coordinates":[[[[204491.45,1678571.51],[204491.12,1678583.82],[204468.07,1678583.21],[204468.4,1678570.9],[204491.45,1678571.51]]]]}},{"type":"Feature","properties":{"building":"yes","height":6,"heightSource":"default"},"geometry":{"type":"MultiPolygon","coordinates":[[[[204463.9,1678564.18],[204463.87,1678576.8],[204456.96,1678576.78],[204456.97,1678564.17],[204463.9,1678564.18]]]]}},{"type":"Feature","properties":{"building":"yes","height":6,"heightSource":"default"},"geometry":{"type":"MultiPolygon","coordinates":[[[[204414.11,1678576.9],[204427.66,1678577.06],[204427.46,1678593.11],[204419.96,1678593.02],[204420.04,1678586.72],[204413.99,1678586.65],[204414.11,1678576.9]]]]}},{"type":"Feature","properties":{"building":"yes","height":6,"heightSource":"default"},"geometry":{"type":"MultiPolygon","coordinates":[[[[204396.51,1678576.04],[204408.9,1678575.58],[204409.15,1678582.18],[204396.75,1678582.62],[204396.51,1678576.04]]]]}},{"type":"Feature","properties":{"building":"yes","height":6,"heightSource":"default"},"geometry":{"type":"MultiPolygon","coordinates":[[[[204394.55,1678569.79],[204418.29,1678568.99],[204418.47,1678574.14],[204394.72,1678574.95],[204394.55,1678569.79]]]]}},{"type":"Feature","properties":{"building":"yes","height":6,"heightSource":"default"},"geometry":{"type":"MultiPolygon","coordinates":[[[[204381.21,1678580.58],[204367.48,1678588.1],[204362.21,1678578.57],[204375.94,1678571.06],[204381.21,1678580.58]]]]}},{"type":"Feature","properties":{"building":"yes","height":6,"heightSource":"default"},"geometry":{"type":"MultiPolygon","coordinates":[[[[204355.41,1678566.7],[204369.92,1678561.74],[204372.95,1678570.5],[204358.45,1678575.45],[204355.41,1678566.7]]]]}},{"type":"Feature","properties":{"building":"yes","height":6,"heightSource":"default"},"geometry":{"type":"MultiPolygon","coordinates":[[[[204383.27,1678539.63],[204389.14,1678552.92],[204380.96,1678556.48],[204375.1,1678543.19],[204383.27,1678539.63]]]]}},{"type":"Feature","properties":{"building":"yes","height":6,"heightSource":"default"},"geometry":{"type":"MultiPolygon","coordinates":[[[[204349.12,1678542.32],[204362.61,1678538.19],[204364.59,1678544.6],[204351.09,1678548.73],[204349.12,1678542.32]]]]}},{"type":"Feature","properties":{"building":"yes","height":6,"heightSource":"default"},"geometry":{"type":"MultiPolygon","coordinates":[[[[204357.62,1678538.66],[204354.52,1678528.36],[204366.74,1678524.72],[204369.85,1678535.02],[204357.62,1678538.66]]]]}},{"type":"Feature","properties":{"building":"yes","height":6,"heightSource":"default"},"geometry":{"type":"MultiPolygon","coordinates":[[[[204459.31,1678538.54],[204457.03,1678544.2],[204444.16,1678539.11],[204446.42,1678533.44],[204459.31,1678538.54]]]]}},{"type":"Feature","properties":{"building":"yes","height":6,"heightSource":"default"},"geometry":{"type":"MultiPolygon","coordinates":[[[[204467.87,1678540.07],[204478.28,1678544.31],[204476.52,1678548.56],[204466.11,1678544.31],[204467.87,1678540.07]]]]}},{"type":"Feature","properties":{"building":"yes","height":6,"heightSource":"default"},"geometry":{"type":"MultiPolygon","coordinates":[[[[204485.33,1678528],[204483.89,1678533.02],[204468.23,1678528.55],[204469.68,1678523.54],[204485.33,1678528]]]]}},{"type":"Feature","properties":{"building":"yes","height":6,"heightSource":"default"},"geometry":{"type":"MultiPolygon","coordinates":[[[[204481.25,1678510.51],[204484.26,1678496.16],[204508.24,1678501.13],[204505.23,1678515.47],[204481.25,1678510.51]]]]}},{"type":"Feature","properties":{"building":"yes","height":6,"heightSource":"default"},"geometry":{"type":"MultiPolygon","coordinates":[[[[204495.68,1678490.53],[204471.63,1678490.37],[204471.73,1678475.19],[204495.79,1678475.34],[204495.68,1678490.53]]]]}},{"type":"Feature","properties":{"building":"yes","height":6,"heightSource":"default"},"geometry":{"type":"MultiPolygon","coordinates":[[[[204513.85,1678483.82],[204522.78,1678486.02],[204520.88,1678493.56],[204511.95,1678491.35],[204513.85,1678483.82]]]]}},{"type":"Feature","properties":{"building":"yes","height":6,"heightSource":"default"},"geometry":{"type":"MultiPolygon","coordinates":[[[[204480.03,1678502.1],[204477.51,1678511.94],[204471.95,1678510.54],[204474.46,1678500.71],[204480.03,1678502.1]]]]}},{"type":"Feature","properties":{"building":"yes","height":6,"heightSource":"default"},"geometry":{"type":"MultiPolygon","coordinates":[[[[204459.99,1678495.27],[204460.99,1678491.12],[204467.36,1678492.65],[204464.93,1678502.64],[204452.71,1678499.71],[204454.12,1678493.87],[204459.99,1678495.27]]]]}},{"type":"Feature","properties":{"building":"yes","height":6,"heightSource":"default"},"geometry":{"type":"MultiPolygon","coordinates":[[[[204486.7,1678455.57],[204481.3,1678456.23],[204480.47,1678449.73],[204485.89,1678449.06],[204486.7,1678455.57]]]]}},{"type":"Feature","properties":{"building":"yes","height":6,"heightSource":"default"},"geometry":{"type":"MultiPolygon","coordinates":[[[[204514.77,1678424.95],[204517.6,1678398.34],[204535.67,1678400.24],[204532.83,1678426.85],[204514.77,1678424.95]]]]}},{"type":"Feature","properties":{"building":"yes","height":6,"heightSource":"default"},"geometry":{"type":"MultiPolygon","coordinates":[[[[204527.68,1678386.9],[204536.33,1678388.45],[204534.25,1678399.98],[204525.6,1678398.44],[204527.68,1678386.9]]]]}},{"type":"Feature","properties":{"building":"yes","height":6,"heightSource":"default"},"geometry":{"type":"MultiPolygon","coordinates":[[[[204508.09,1678363.71],[204516.92,1678366.31],[204514.33,1678374.97],[204505.5,1678372.37],[204508.09,1678363.71]]]]}},{"type":"Feature","properties":{"building":"yes","height":6,"heightSource":"default"},"geometry":{"type":"MultiPolygon","coordinates":[[[[204587.45,1678386.96],[204599.59,1678389.46],[204597.36,1678400.15],[204585.22,1678397.66],[204587.45,1678386.96]]]]}},{"type":"Feature","properties":{"building":"yes","height":6,"heightSource":"default"},"geometry":{"type":"MultiPolygon","coordinates":[[[[204605.94,1678401.83],[204607.53,1678395.17],[204615.15,1678396.96],[204613.57,1678403.62],[204605.94,1678401.83]]]]}},{"type":"Feature","properties":{"building":"yes","height":6,"heightSource":"default"},"geometry":{"type":"MultiPolygon","coordinates":[[[[204607.56,1678393.54],[204609.99,1678382.35],[204619.61,1678384.4],[204617.19,1678395.6],[204607.56,1678393.54]]]]}},{"type":"Feature","properties":{"building":"yes","height":6,"heightSource":"default"},"geometry":{"type":"MultiPolygon","coordinates":[[[[204631.36,1678391.22],[204628.6,1678401.64],[204619.46,1678399.24],[204622.22,1678388.83],[204631.36,1678391.22]]]]}},{"type":"Feature","properties":{"building":"yes","height":6,"heightSource":"default"},"geometry":{"type":"MultiPolygon","coordinates":[[[[204636.65,1678393.58],[204644.4,1678395.11],[204644.45,1678394.83],[204653.32,1678396.58],[204651.11,1678407.58],[204634.51,1678404.3],[204636.65,1678393.58]]]]}},{"type":"Feature","properties":{"building":"yes","height":6,"heightSource":"default"},"geometry":{"type":"MultiPolygon","coordinates":[[[[204625.38,1678367.89],[204632.47,1678335.29],[204671.1,1678343.58],[204664,1678376.19],[204625.38,1678367.89]]]]}},{"type":"Feature","properties":{"building":"yes","height":6,"heightSource":"default"},"geometry":{"type":"MultiPolygon","coordinates":[[[[204659.25,1678325.5],[204658.56,1678335.47],[204652.82,1678335.08],[204653.52,1678325.11],[204659.25,1678325.5]]]]}},{"type":"Feature","properties":{"building":"yes","height":6,"heightSource":"default"},"geometry":{"type":"MultiPolygon","coordinates":[[[[204567.35,1678611.76],[204560.76,1678610.09],[204566.42,1678587.99],[204573.01,1678589.65],[204567.35,1678611.76]]]]}},{"type":"Feature","properties":{"building":"yes","height":6,"heightSource":"default"},"geometry":{"type":"MultiPolygon","coordinates":[[[[204555.68,1678623.97],[204567.03,1678624.28],[204566.78,1678633.16],[204555.42,1678632.84],[204555.68,1678623.97]]]]}},{"type":"Feature","properties":{"building":"yes","height":6,"heightSource":"default"},"geometry":{"type":"MultiPolygon","coordinates":[[[[204537.57,1678569.72],[204558.75,1678573.95],[204557.14,1678581.93],[204535.96,1678577.7],[204537.57,1678569.72]]]]}},{"type":"Feature","properties":{"building":"yes","height":6,"heightSource":"default"},"geometry":{"type":"MultiPolygon","coordinates":[[[[204403.2,1678525.92],[204387.19,1678520.36],[204390.06,1678512.21],[204406.07,1678517.78],[204403.2,1678525.92]]]]}},{"type":"Feature","properties":{"building":"yes","height":6,"heightSource":"default"},"geometry":{"type":"MultiPolygon","coordinates":[[[[204419.54,1678483.4],[204416.69,1678493.45],[204398.58,1678488.4],[204401.42,1678478.33],[204419.54,1678483.4]]]]}},{"type":"Feature","properties":{"building":"yes","height":6,"heightSource":"default"},"geometry":{"type":"MultiPolygon","coordinates":[[[[204365.63,1678463.01],[204372.55,1678457.5],[204377.38,1678463.48],[204370.47,1678469],[204365.63,1678463.01]]]]}},{"type":"Feature","properties":{"building":"yes","height":6,"heightSource":"default"},"geometry":{"type":"MultiPolygon","coordinates":[[[[204332.99,1678466.42],[204343.72,1678463.43],[204342.99,1678460.86],[204351.58,1678458.46],[204356.07,1678474.35],[204336.77,1678479.75],[204332.99,1678466.42]]]]}},{"type":"Feature","properties":{"building":"yes","height":6,"heightSource":"default"},"geometry":{"type":"MultiPolygon","coordinates":[[[[204336.43,1678484.45],[204339.54,1678492.27],[204328.75,1678496.51],[204325.65,1678488.68],[204336.43,1678484.45]]]]}},{"type":"Feature","properties":{"building":"yes","height":6,"heightSource":"default"},"geometry":{"type":"MultiPolygon","coordinates":[[[[204336.71,1678425.07],[204318.79,1678433.64],[204314.93,1678425.67],[204332.85,1678417.11],[204336.71,1678425.07]]]]}},{"type":"Feature","properties":{"building":"yes","height":6,"heightSource":"default"},"geometry":{"type":"MultiPolygon","coordinates":[[[[204330.6,1678417.41],[204310.65,1678425.61],[204307.24,1678417.39],[204327.18,1678409.19],[204330.6,1678417.41]]]]}},{"type":"Feature","properties":{"building":"yes","height":6,"heightSource":"default"},"geometry":{"type":"MultiPolygon","coordinates":[[[[204350.38,1678413.79],[204353.78,1678418.88],[204349.55,1678421.68],[204346.15,1678416.59],[204350.38,1678413.79]]]]}},{"type":"Feature","properties":{"building":"yes","height":6,"heightSource":"default"},"geometry":{"type":"MultiPolygon","coordinates":[[[[204332.03,1678388.37],[204326.92,1678396.15],[204320.78,1678392.16],[204325.89,1678384.39],[204332.03,1678388.37]]]]}},{"type":"Feature","properties":{"building":"yes","height":6,"heightSource":"default"},"geometry":{"type":"MultiPolygon","coordinates":[[[[204388.84,1678345.92],[204381.86,1678353.87],[204368.25,1678342.08],[204375.24,1678334.13],[204388.84,1678345.92]]]]}},{"type":"Feature","properties":{"building":"yes","height":6,"heightSource":"default"},"geometry":{"type":"MultiPolygon","coordinates":[[[[204381.95,1678362.67],[204386.85,1678367.67],[204382.07,1678372.3],[204377.17,1678367.31],[204381.95,1678362.67]]]]}},{"type":"Feature","properties":{"building":"yes","height":6,"heightSource":"default"},"geometry":{"type":"MultiPolygon","coordinates":[[[[204268.15,1678325.55],[204264.21,1678315.23],[204277.65,1678310.16],[204279.03,1678313.79],[204283.59,1678312.07],[204285.56,1678317.26],[204282.13,1678318.56],[204284.53,1678324.85],[204276.67,1678327.82],[204274.85,1678323.02],[204268.15,1678325.55]]]]}},{"type":"Feature","properties":{"building":"yes","height":6,"heightSource":"default"},"geometry":{"type":"MultiPolygon","coordinates":[[[[204270.8,1678279.42],[204270.64,1678284.86],[204267.02,1678284.75],[204266.63,1678297.92],[204252.51,1678297.5],[204253.01,1678281.18],[204260.78,1678281.42],[204260.85,1678279.13],[204270.8,1678279.42]]]]}},{"type":"Feature","properties":{"building":"yes","height":6,"heightSource":"default"},"geometry":{"type":"MultiPolygon","coordinates":[[[[204261,1678244.22],[204258.3,1678261.72],[204245.36,1678259.75],[204248.87,1678236.94],[204256.19,1678238.06],[204255.37,1678243.37],[204261,1678244.22]]]]}},{"type":"Feature","properties":{"building":"yes","height":6,"heightSource":"default"},"geometry":{"type":"MultiPolygon","coordinates":[[[[204263,1678216.77],[204262.39,1678219.19],[204270.79,1678221.26],[204267.48,1678234.45],[204250.42,1678230.22],[204254.33,1678214.63],[204263,1678216.77]]]]}},{"type":"Feature","properties":{"building":"yes","height":6,"heightSource":"default"},"geometry":{"type":"MultiPolygon","coordinates":[[[[204207.73,1678205.25],[204206.35,1678211.52],[204213.49,1678213.07],[204212.21,1678218.91],[204196.56,1678215.52],[204199.21,1678203.41],[204207.73,1678205.25]]]]}},{"type":"Feature","properties":{"building":"yes","height":6,"heightSource":"default"},"geometry":{"type":"MultiPolygon","coordinates":[[[[204189.04,1678218.19],[204187.86,1678234.43],[204177.82,1678233.72],[204179.01,1678217.48],[204189.04,1678218.19]]]]}},{"type":"Feature","properties":{"building":"yes","height":6,"heightSource":"default"},"geometry":{"type":"MultiPolygon","coordinates":[[[[204175.71,1678208.63],[204177.34,1678192.76],[204194.16,1678194.47],[204193.23,1678203.52],[204185.82,1678202.78],[204185.12,1678209.58],[204175.71,1678208.63]]]]}},{"type":"Feature","properties":{"building":"yes","height":6,"heightSource":"default"},"geometry":{"type":"MultiPolygon","coordinates":[[[[204201.03,1678187.31],[204218.11,1678192.28],[204215.13,1678202.39],[204198.05,1678197.42],[204201.03,1678187.31]]]]}},{"type":"Feature","properties":{"building":"yes","height":6,"heightSource":"default"},"geometry":{"type":"MultiPolygon","coordinates":[[[[204109.53,1678223.46],[204110.65,1678212.99],[204123.33,1678214.34],[204122.21,1678224.8],[204109.53,1678223.46]]]]}},{"type":"Feature","properties":{"building":"yes","height":6,"heightSource":"default"},"geometry":{"type":"MultiPolygon","coordinates":[[[[204077.31,1678164.93],[204087.88,1678166.48],[204088.77,1678160.47],[204094.97,1678161.37],[204093.17,1678173.54],[204089.65,1678173.02],[204088.29,1678182.27],[204075.03,1678180.34],[204077.31,1678164.93]]]]}},{"type":"Feature","properties":{"building":"yes","height":6,"heightSource":"default"},"geometry":{"type":"MultiPolygon","coordinates":[[[[204028.34,1678182.12],[204046.36,1678184.79],[204044.19,1678199.34],[204026.16,1678196.68],[204028.34,1678182.12]]]]}},{"type":"Feature","properties":{"building":"yes","height":6,"heightSource":"default"},"geometry":{"type":"MultiPolygon","coordinates":[[[[204012.9,1678167.42],[204027.82,1678170.76],[204023.75,1678188.71],[204008.84,1678185.38],[204012.9,1678167.42]]]]}},{"type":"Feature","properties":{"building":"yes","height":6,"heightSource":"default"},"geometry":{"type":"MultiPolygon","coordinates":[[[[203989,1678162.41],[203994.11,1678145.66],[204000.42,1678147.56],[204003.28,1678138.14],[203999.6,1678137.04],[204002.15,1678128.66],[204014.27,1678132.3],[204003.75,1678166.83],[203989,1678162.41]]]]}},{"type":"Feature","properties":{"building":"yes","height":6,"heightSource":"default"},"geometry":{"type":"MultiPolygon","coordinates":[[[[203980.6,1678124.75],[204000.54,1678127.39],[203998.92,1678139.48],[203978.98,1678136.84],[203980.6,1678124.75]]]]}},{"type":"Feature","properties":{"building":"yes","height":6,"heightSource":"default"},"geometry":{"type":"MultiPolygon","coordinates":[[[[203957.58,1678135.5],[203961.32,1678119.49],[203971,1678121.73],[203967.27,1678137.72],[203957.58,1678135.5]]]]}},{"type":"Feature","properties":{"building":"yes","height":6,"heightSource":"default"},"geometry":{"type":"MultiPolygon","coordinates":[[[[204489.18,1678271.45],[204477.24,1678272.04],[204476.7,1678261.18],[204488.63,1678260.57],[204489.18,1678271.45]]]]}},{"type":"Feature","properties":{"building":"yes","height":6,"heightSource":"default"},"geometry":{"type":"MultiPolygon","coordinates":[[[[204473.01,1678280.71],[204466.11,1678281.13],[204465.17,1678265.98],[204472.07,1678265.57],[204473.01,1678280.71]]]]}},{"type":"Feature","properties":{"building":"yes","height":6,"heightSource":"default"},"geometry":{"type":"MultiPolygon","coordinates":[[[[204457.36,1678266.69],[204464,1678266.44],[204464.62,1678283.05],[204457.99,1678283.29],[204457.36,1678266.69]]]]}},{"type":"Feature","properties":{"building":"yes","height":6,"heightSource":"default"},"geometry":{"type":"MultiPolygon","coordinates":[[[[204446.78,1678266.14],[204454.86,1678265.92],[204455.17,1678277.96],[204447.1,1678278.17],[204446.78,1678266.14]]]]}},{"type":"Feature","properties":{"building":"yes","height":6,"heightSource":"default"},"geometry":{"type":"MultiPolygon","coordinates":[[[[204445.98,1678281.97],[204438.21,1678282.38],[204437.65,1678272.09],[204445.42,1678271.67],[204445.98,1678281.97]]]]}},{"type":"Feature","properties":{"building":"yes","height":6,"heightSource":"default"},"geometry":{"type":"MultiPolygon","coordinates":[[[[204430.49,1678267.25],[204434.19,1678277.12],[204427.05,1678279.76],[204423.36,1678269.88],[204430.49,1678267.25]]]]}},{"type":"Feature","properties":{"building":"yes","height":6,"heightSource":"default"},"geometry":{"type":"MultiPolygon","coordinates":[[[[204489.35,1678224.05],[204499.73,1678224.21],[204499.4,1678247.13],[204489.02,1678246.98],[204489.35,1678224.05]]]]}},{"type":"Feature","properties":{"building":"yes","height":6,"heightSource":"default"},"geometry":{"type":"MultiPolygon","coordinates":[[[[204476.72,1678239.57],[204468.07,1678239.92],[204467.65,1678229.61],[204476.3,1678229.27],[204476.72,1678239.57]]]]}},{"type":"Feature","properties":{"building":"yes","height":6,"heightSource":"default"},"geometry":{"type":"MultiPolygon","coordinates":[[[[204466.43,1678230.77],[204466.85,1678238.31],[204460.52,1678238.66],[204460.1,1678231.12],[204466.43,1678230.77]]]]}},{"type":"Feature","properties":{"building":"yes","height":6,"heightSource":"default"},"geometry":{"type":"MultiPolygon","coordinates":[[[[204435.1,1678228.58],[204441.72,1678228.63],[204441.66,1678236.08],[204435.03,1678236.02],[204435.1,1678228.58]]]]}},{"type":"Feature","properties":{"building":"yes","height":6,"heightSource":"default"},"geometry":{"type":"MultiPolygon","coordinates":[[[[204427.62,1678205.35],[204439.14,1678205.73],[204438.67,1678220.04],[204427.14,1678219.66],[204427.62,1678205.35]]]]}},{"type":"Feature","properties":{"building":"yes","height":6,"heightSource":"default"},"geometry":{"type":"MultiPolygon","coordinates":[[[[204466.65,1678189],[204476.92,1678190.01],[204475.45,1678204.76],[204465.18,1678203.75],[204466.65,1678189]]]]}},{"type":"Feature","properties":{"building":"yes","height":6,"heightSource":"default"},"geometry":{"type":"MultiPolygon","coordinates":[[[[204491.66,1678179.31],[204490.19,1678196.08],[204480.75,1678195.26],[204482.22,1678178.5],[204491.66,1678179.31]]]]}},{"type":"Feature","properties":{"building":"yes","height":6,"heightSource":"default"},"geometry":{"type":"MultiPolygon","coordinates":[[[[204508.26,1678166.79],[204506.81,1678182.4],[204497.52,1678181.55],[204498.98,1678165.93],[204508.26,1678166.79]]]]}},{"type":"Feature","properties":{"building":"yes","height":6,"heightSource":"default"},"geometry":{"type":"MultiPolygon","coordinates":[[[[204505.91,1678139.1],[204505.64,1678144.24],[204489.83,1678143.43],[204490.1,1678138.28],[204505.91,1678139.1]]]]}},{"type":"Feature","properties":{"building":"yes","height":6,"heightSource":"default"},"geometry":{"type":"MultiPolygon","coordinates":[[[[204510.85,1678126.86],[204509.31,1678138.38],[204484.7,1678135.16],[204486.34,1678122.78],[204503.61,1678125.04],[204503.49,1678125.89],[204510.85,1678126.86]]]]}},{"type":"Feature","properties":{"building":"yes","height":6,"heightSource":"default"},"geometry":{"type":"MultiPolygon","coordinates":[[[[204423.53,1678176.71],[204423.4,1678181.58],[204418.93,1678181.46],[204419.05,1678176.6],[204423.53,1678176.71]]]]}},{"type":"Feature","properties":{"building":"yes","height":6,"heightSource":"default"},"geometry":{"type":"MultiPolygon","coordinates":[[[[204441.08,1678192.33],[204442.27,1678184.01],[204453.99,1678185.65],[204452.8,1678193.96],[204441.08,1678192.33]]]]}},{"type":"Feature","properties":{"building":"yes","height":6,"heightSource":"default"},"geometry":{"type":"MultiPolygon","coordinates":[[[[204433.64,1678150.51],[204435.33,1678140.78],[204447.62,1678142.88],[204447.85,1678141.59],[204460.57,1678143.76],[204458.67,1678154.78],[204433.64,1678150.51]]]]}},{"type":"Feature","properties":{"building":"yes","height":6,"heightSource":"default"},"geometry":{"type":"MultiPolygon","coordinates":[[[[204458.9,1678132.47],[204459.9,1678122.45],[204468.17,1678123.25],[204467.18,1678133.27],[204458.9,1678132.47]]]]}},{"type":"Feature","properties":{"building":"yes","height":6,"heightSource":"default"},"geometry":{"type":"MultiPolygon","coordinates":[[[[204450.55,1678131.8],[204452.02,1678123.08],[204459.59,1678124.35],[204458.1,1678133.07],[204450.55,1678131.8]]]]}},{"type":"Feature","properties":{"building":"yes","height":6,"heightSource":"default"},"geometry":{"type":"MultiPolygon","coordinates":[[[[204439.32,1678128.37],[204440.65,1678120.29],[204449.62,1678121.75],[204448.29,1678129.82],[204439.32,1678128.37]]]]}},{"type":"Feature","properties":{"building":"yes","height":6,"heightSource":"default"},"geometry":{"type":"MultiPolygon","coordinates":[[[[204428.7,1678124.62],[204431.4,1678116.68],[204440.17,1678119.62],[204437.47,1678127.56],[204428.7,1678124.62]]]]}},{"type":"Feature","properties":{"building":"yes","height":6,"heightSource":"default"},"geometry":{"type":"MultiPolygon","coordinates":[[[[204418.54,1678121.33],[204420.43,1678113.19],[204429.44,1678115.23],[204427.56,1678123.39],[204418.54,1678121.33]]]]}},{"type":"Feature","properties":{"building":"yes","height":6,"heightSource":"default"},"geometry":{"type":"MultiPolygon","coordinates":[[[[204409.63,1678111.9],[204418.96,1678113.61],[204417.37,1678122.17],[204408.04,1678120.46],[204409.63,1678111.9]]]]}},{"type":"Feature","properties":{"building":"yes","height":6,"heightSource":"default"},"geometry":{"type":"MultiPolygon","coordinates":[[[[204397.76,1678119.5],[204398.99,1678110.8],[204408.45,1678112.13],[204407.22,1678120.83],[204397.76,1678119.5]]]]}},{"type":"Feature","properties":{"building":"yes","height":6,"heightSource":"default"},"geometry":{"type":"MultiPolygon","coordinates":[[[[204470.66,1678087.38],[204469.86,1678092.89],[204465.07,1678092.2],[204465.87,1678086.69],[204470.66,1678087.38]]]]}},{"type":"Feature","properties":{"building":"yes","height":6,"heightSource":"default"},"geometry":{"type":"MultiPolygon","coordinates":[[[[204473.64,1678110.34],[204471.34,1678118.25],[204465.24,1678116.5],[204467.53,1678108.59],[204473.64,1678110.34]]]]}},{"type":"Feature","properties":{"building":"yes","height":6,"heightSource":"default"},"geometry":{"type":"MultiPolygon","coordinates":[[[[204458.61,1678113.83],[204460.4,1678106.24],[204466.12,1678107.59],[204464.32,1678115.16],[204458.61,1678113.83]]]]}},{"type":"Feature","properties":{"building":"yes","height":6,"heightSource":"default"},"geometry":{"type":"MultiPolygon","coordinates":[[[[204457.67,1678105.38],[204456.87,1678112.44],[204451.04,1678111.78],[204451.84,1678104.72],[204457.67,1678105.38]]]]}},{"type":"Feature","properties":{"building":"yes","height":6,"heightSource":"default"},"geometry":{"type":"MultiPolygon","coordinates":[[[[204444.6,1678110.02],[204445.03,1678102.78],[204451.06,1678103.14],[204450.62,1678110.37],[204444.6,1678110.02]]]]}},{"type":"Feature","properties":{"building":"yes","height":6,"heightSource":"default"},"geometry":{"type":"MultiPolygon","coordinates":[[[[204436.71,1678108.07],[204437.45,1678100.41],[204443.45,1678100.98],[204442.7,1678108.65],[204436.71,1678108.07]]]]}},{"type":"Feature","properties":{"building":"yes","height":6,"heightSource":"default"},"geometry":{"type":"MultiPolygon","coordinates":[[[[204430.17,1678098.27],[204430.92,1678090.61],[204436.91,1678091.19],[204436.16,1678098.85],[204430.17,1678098.27]]]]}},{"type":"Feature","properties":{"building":"yes","height":6,"heightSource":"default"},"geometry":{"type":"MultiPolygon","coordinates":[[[[204422.74,1678100.86],[204423.49,1678093.2],[204429.48,1678093.77],[204428.73,1678101.43],[204422.74,1678100.86]]]]}},{"type":"Feature","properties":{"building":"yes","height":6,"heightSource":"default"},"geometry":{"type":"MultiPolygon","coordinates":[[[[204414.23,1678099.77],[204414.97,1678092.11],[204420.97,1678092.68],[204420.21,1678100.35],[204414.23,1678099.77]]]]}},{"type":"Feature","properties":{"building":"yes","height":6,"heightSource":"default"},"geometry":{"type":"MultiPolygon","coordinates":[[[[204460.17,1678091.22],[204458.11,1678100.59],[204437.94,1678096.2],[204439.63,1678088.56],[204435.64,1678087.69],[204436.91,1678081.96],[204457.77,1678086.51],[204456.88,1678090.51],[204460.17,1678091.22]]]]}},{"type":"Feature","properties":{"building":"yes","height":6,"heightSource":"default"},"geometry":{"type":"MultiPolygon","coordinates":[[[[204365.07,1678138.39],[204353.68,1678138.16],[204353.92,1678126.7],[204365.3,1678126.93],[204365.07,1678138.39]]]]}},{"type":"Feature","properties":{"building":"yes","height":6,"heightSource":"default"},"geometry":{"type":"MultiPolygon","coordinates":[[[[204352.26,1678136.8],[204345.41,1678136.16],[204346.52,1678124.53],[204353.38,1678125.17],[204352.26,1678136.8]]]]}},{"type":"Feature","properties":{"building":"yes","height":6,"heightSource":"default"},"geometry":{"type":"MultiPolygon","coordinates":[[[[204375.7,1678141.04],[204368.85,1678140.39],[204369.97,1678128.75],[204376.83,1678129.41],[204375.7,1678141.04]]]]}},{"type":"Feature","properties":{"building":"yes","height":6,"heightSource":"default"},"geometry":{"type":"MultiPolygon","coordinates":[[[[204327.29,1678148.27],[204320.43,1678147.62],[204321.55,1678135.98],[204328.4,1678136.64],[204327.29,1678148.27]]]]}},{"type":"Feature","properties":{"building":"yes","height":6,"heightSource":"default"},"geometry":{"type":"MultiPolygon","coordinates":[[[[204331.09,1678165.61],[204324.24,1678164.97],[204325.35,1678153.34],[204332.2,1678153.98],[204331.09,1678165.61]]]]}},{"type":"Feature","properties":{"building":"yes","height":6,"heightSource":"default"},"geometry":{"type":"MultiPolygon","coordinates":[[[[204294.64,1678183.57],[204312.5,1678184.11],[204312.01,1678200.41],[204301.2,1678200.1],[204301.33,1678195.92],[204294.28,1678195.71],[204294.64,1678183.57]]]]}},{"type":"Feature","properties":{"building":"yes","height":6,"heightSource":"default"},"geometry":{"type":"MultiPolygon","coordinates":[[[[204284.94,1678182.78],[204283.8,1678196.43],[204274.08,1678195.63],[204275.21,1678181.97],[204284.94,1678182.78]]]]}},{"type":"Feature","properties":{"building":"yes","height":6,"heightSource":"default"},"geometry":{"type":"MultiPolygon","coordinates":[[[[204248.41,1678186.11],[204249.86,1678171.06],[204257.71,1678171.82],[204258.03,1678168.42],[204286.3,1678171.09],[204285.27,1678181.76],[204273.13,1678180.61],[204272.39,1678188.38],[204248.41,1678186.11]]]]}},{"type":"Feature","properties":{"building":"yes","height":6,"heightSource":"default"},"geometry":{"type":"MultiPolygon","coordinates":[[[[204287.33,1678155.85],[204280.48,1678155.21],[204281.6,1678143.57],[204288.44,1678144.22],[204287.33,1678155.85]]]]}},{"type":"Feature","properties":{"building":"yes","height":6,"heightSource":"default"},"geometry":{"type":"MultiPolygon","coordinates":[[[[204272.87,1678151.71],[204266.02,1678151.06],[204267.13,1678139.42],[204273.99,1678140.08],[204272.87,1678151.71]]]]}},{"type":"Feature","properties":{"building":"yes","height":6,"heightSource":"default"},"geometry":{"type":"MultiPolygon","coordinates":[[[[204184.87,1678140.75],[204191.48,1678140.32],[204191.79,1678144.89],[204198.12,1678144.47],[204199.17,1678160.47],[204186.24,1678161.32],[204184.87,1678140.75]]]]}},{"type":"Feature","properties":{"building":"yes","height":6,"heightSource":"default"},"geometry":{"type":"MultiPolygon","coordinates":[[[[204184.23,1678128.65],[204191.92,1678129.94],[204190.65,1678137.44],[204182.95,1678136.16],[204184.23,1678128.65]]]]}},{"type":"Feature","properties":{"building":"yes","height":6,"heightSource":"default"},"geometry":{"type":"MultiPolygon","coordinates":[[[[204049.68,1678117.75],[204050.26,1678107.75],[204056.43,1678108.11],[204055.86,1678118.1],[204049.68,1678117.75]]]]}},{"type":"Feature","properties":{"building":"yes","height":6,"heightSource":"default"},"geometry":{"type":"MultiPolygon","coordinates":[[[[204026.81,1678101.32],[204028.74,1678086.97],[204047.98,1678089.52],[204044.97,1678111.89],[204037.91,1678110.94],[204038.98,1678102.92],[204026.81,1678101.32]]]]}},{"type":"Feature","properties":{"building":"yes","height":6,"heightSource":"default"},"geometry":{"type":"MultiPolygon","coordinates":[[[[203977.1,1678109.67],[203978.7,1678100.22],[203984.86,1678101.25],[203986.02,1678094.42],[203995.26,1678095.97],[203992.99,1678109.32],[203989.49,1678108.73],[203988.99,1678111.66],[203977.1,1678109.67]]]]}},{"type":"Feature","properties":{"building":"yes","height":6,"heightSource":"default"},"geometry":{"type":"MultiPolygon","coordinates":[[[[203961.33,1678106.89],[203964.79,1678091.97],[203969.16,1678092.97],[203970.11,1678088.9],[203979.12,1678090.97],[203974.72,1678109.96],[203961.33,1678106.89]]]]}},{"type":"Feature","properties":{"building":"yes","height":6,"heightSource":"default"},"geometry":{"type":"MultiPolygon","coordinates":[[[[203984.7,1678069.22],[203982.49,1678080.98],[203963.59,1678077.46],[203965.8,1678065.71],[203984.7,1678069.22]]]]}},{"type":"Feature","properties":{"building":"yes","height":6,"heightSource":"default"},"geometry":{"type":"MultiPolygon","coordinates":[[[[203917.66,1678103.36],[203931.27,1678107.36],[203929.94,1678111.82],[203932.31,1678112.52],[203929.58,1678121.71],[203913.59,1678117],[203917.66,1678103.36]]]]}},{"type":"Feature","properties":{"building":"yes","height":6,"heightSource":"default"},"geometry":{"type":"MultiPolygon","coordinates":[[[[204604.42,1677984.44],[204602.04,1677998.46],[204591.82,1677996.74],[204594.19,1677982.73],[204604.42,1677984.44]]]]}},{"type":"Feature","properties":{"building":"yes","height":6,"heightSource":"default"},"geometry":{"type":"MultiPolygon","coordinates":[[[[204611.09,1678003.12],[204640.26,1678010],[204643.09,1677998.2],[204613.92,1677991.3],[204611.09,1678003.12]]]]}},{"type":"Feature","properties":{"building":"yes","height":6,"heightSource":"default"},"geometry":{"type":"MultiPolygon","coordinates":[[[[204584.4,1678011.47],[204587.25,1678012.13],[204588.34,1678007.53],[204599.11,1678010.06],[204595.44,1678025.49],[204581.83,1678022.3],[204584.4,1678011.47]]]]}},{"type":"Feature","properties":{"building":"yes","height":6,"heightSource":"default"},"geometry":{"type":"MultiPolygon","coordinates":[[[[204571.86,1678004.36],[204579.92,1678004.7],[204579.41,1678016.54],[204571.35,1678016.19],[204571.86,1678004.36]]]]}},{"type":"Feature","properties":{"building":"yes","height":6,"heightSource":"default"},"geometry":{"type":"MultiPolygon","coordinates":[[[[204564.59,1678003.78],[204562.6,1678016.34],[204550.67,1678014.47],[204552.35,1678003.86],[204554.72,1678004.23],[204556.23,1677994.75],[204561,1677995.49],[204560.74,1677997.17],[204577.04,1677999.71],[204576.1,1678005.58],[204564.59,1678003.78]]]]}},{"type":"Feature","properties":{"building":"yes","height":6,"heightSource":"default"},"geometry":{"type":"MultiPolygon","coordinates":[[[[204580.04,1677988.66],[204581.19,1677979.17],[204590.12,1677980.24],[204588.61,1677992.66],[204582.52,1677991.92],[204581.95,1677996.62],[204574.14,1677995.67],[204575.05,1677988.07],[204580.04,1677988.66]]]]}},{"type":"Feature","properties":{"building":"yes","height":6,"heightSource":"default"},"geometry":{"type":"MultiPolygon","coordinates":[[[[204574.73,1677978.11],[204572.13,1677991.93],[204566.57,1677990.9],[204565.99,1677993.94],[204558.77,1677992.59],[204561.8,1677976.56],[204565.13,1677977.18],[204566.17,1677971.67],[204571.18,1677972.59],[204570.29,1677977.29],[204574.73,1677978.11]]]]}},{"type":"Feature","properties":{"building":"yes","height":6,"heightSource":"default"},"geometry":{"type":"MultiPolygon","coordinates":[[[[204544.79,1677987.17],[204547.33,1677973.63],[204551.65,1677974.43],[204552.43,1677970.29],[204557.71,1677971.26],[204556.57,1677977.35],[204558.64,1677977.73],[204555.5,1677994.48],[204547.86,1677993.07],[204548.83,1677987.93],[204544.79,1677987.17]]]]}},{"type":"Feature","properties":{"building":"yes","height":6,"heightSource":"default"},"geometry":{"type":"MultiPolygon","coordinates":[[[[204538.95,1678011.89],[204540.85,1677996.68],[204549.07,1677997.69],[204547.16,1678012.91],[204538.95,1678011.89]]]]}},{"type":"Feature","properties":{"building":"yes","height":6,"heightSource":"default"},"geometry":{"type":"MultiPolygon","coordinates":[[[[204526.71,1677988.63],[204538.66,1677991.51],[204533.81,1678011.31],[204521.87,1678008.42],[204526.71,1677988.63]]]]}},{"type":"Feature","properties":{"building":"yes","height":6,"heightSource":"default"},"geometry":{"type":"MultiPolygon","coordinates":[[[[204542.89,1677977.42],[204538.9,1677976.97],[204538.26,1677982.74],[204525.89,1677981.36],[204527.37,1677968.26],[204533.76,1677968.96],[204534.2,1677965],[204544.16,1677966.11],[204542.89,1677977.42]]]]}},{"type":"Feature","properties":{"building":"yes","height":6,"heightSource":"default"},"geometry":{"type":"MultiPolygon","coordinates":[[[[204517.33,1677979.65],[204519.4,1677963.13],[204527.62,1677964.14],[204525.55,1677980.67],[204517.33,1677979.65]]]]}},{"type":"Feature","properties":{"building":"yes","height":6,"heightSource":"default"},"geometry":{"type":"MultiPolygon","coordinates":[[[[204500.62,1677963.39],[204498.63,1677972.38],[204485.3,1677969.48],[204487.29,1677960.48],[204500.62,1677963.39]]]]}},{"type":"Feature","properties":{"building":"yes","height":6,"heightSource":"default"},"geometry":{"type":"MultiPolygon","coordinates":[[[[204507.16,1677987.54],[204519.59,1677988.75],[204517.84,1678006.43],[204507.28,1678005.4],[204508.13,1677996.8],[204506.26,1677996.61],[204507.16,1677987.54]]]]}},{"type":"Feature","properties":{"building":"yes","height":6,"heightSource":"default"},"geometry":{"type":"MultiPolygon","coordinates":[[[[204532.47,1678022.14],[204544.91,1678024.97],[204540.9,1678042.36],[204528.46,1678039.52],[204532.47,1678022.14]]]]}},{"type":"Feature","properties":{"building":"yes","height":6,"heightSource":"default"},"geometry":{"type":"MultiPolygon","coordinates":[[[[204543.74,1678044.61],[204549.65,1678027.52],[204556.34,1678029.79],[204552.89,1678039.75],[204560.08,1678042.2],[204557.61,1678049.35],[204543.74,1678044.61]]]]}},{"type":"Feature","properties":{"building":"yes","height":6,"heightSource":"default"},"geometry":{"type":"MultiPolygon","coordinates":[[[[204531.03,1678040.8],[204540.43,1678042.98],[204539.13,1678048.5],[204529.73,1678046.32],[204531.03,1678040.8]]]]}},{"type":"Feature","properties":{"building":"yes","height":6,"heightSource":"default"},"geometry":{"type":"MultiPolygon","coordinates":[[[[204618.57,1678092.61],[204596.97,1678088.37],[204602.38,1678061.13],[204623.99,1678065.36],[204618.57,1678092.61]]]]}},{"type":"Feature","properties":{"building":"yes","height":6,"heightSource":"default"},"geometry":{"type":"MultiPolygon","coordinates":[[[[204719.83,1678048],[204728.72,1678032.58],[204741.65,1678039.95],[204732.76,1678055.37],[204719.83,1678048]]]]}},{"type":"Feature","properties":{"building":"yes","height":6,"heightSource":"default"},"geometry":{"type":"MultiPolygon","coordinates":[[[[204685.44,1678024.65],[204692.67,1678014.17],[204715.42,1678029.67],[204708.19,1678040.15],[204685.44,1678024.65]]]]}},{"type":"Feature","properties":{"building":"yes","height":6,"heightSource":"default"},"geometry":{"type":"MultiPolygon","coordinates":[[[[204473.69,1677998.51],[204475.96,1677991.21],[204478.43,1677991.97],[204481.04,1677983.63],[204488.25,1677985.86],[204489.31,1677982.46],[204492.98,1677983.59],[204490.95,1677990.11],[204496.99,1677991.96],[204495.03,1677998.22],[204486.38,1677995.56],[204484.43,1678001.82],[204473.69,1677998.51]]]]}},{"type":"Feature","properties":{"building":"yes","height":6,"heightSource":"default"},"geometry":{"type":"MultiPolygon","coordinates":[[[[204442.96,1677973.65],[204445.99,1677953.21],[204459.24,1677955.15],[204458.49,1677960.18],[204463,1677960.85],[204461.17,1677973.17],[204451.74,1677971.79],[204451.29,1677974.87],[204442.96,1677973.65]]]]}},{"type":"Feature","properties":{"building":"yes","height":6,"heightSource":"default"},"geometry":{"type":"MultiPolygon","coordinates":[[[[204498.6,1677948.66],[204502.95,1677923.07],[204516.94,1677925.41],[204516.19,1677929.86],[204540.54,1677933.94],[204536.95,1677955.08],[204498.6,1677948.66]]]]}},{"type":"Feature","properties":{"building":"yes","height":6,"heightSource":"default"},"geometry":{"type":"MultiPolygon","coordinates":[[[[204548.83,1677908.12],[204543.66,1677932.18],[204534.84,1677930.31],[204535.73,1677926.22],[204512.9,1677921.36],[204515.98,1677907.04],[204539.64,1677912.07],[204540.85,1677906.43],[204548.83,1677908.12]]]]}},{"type":"Feature","properties":{"building":"yes","height":6,"heightSource":"default"},"geometry":{"type":"MultiPolygon","coordinates":[[[[204556.11,1677909.8],[204572.4,1677914.04],[204567.04,1677934.36],[204560.05,1677932.54],[204558.99,1677936.55],[204549.7,1677934.13],[204556.11,1677909.8]]]]}},{"type":"Feature","properties":{"building":"yes","height":6,"heightSource":"default"},"geometry":{"type":"MultiPolygon","coordinates":[[[[204544.48,1677958.21],[204548.9,1677937.7],[204558.68,1677939.79],[204559.41,1677936.4],[204566.28,1677937.87],[204560.97,1677962.46],[204552.3,1677960.61],[204553.4,1677955.53],[204548.72,1677954.53],[204547.78,1677958.91],[204544.48,1677958.21]]]]}},{"type":"Feature","properties":{"building":"yes","height":6,"heightSource":"default"},"geometry":{"type":"MultiPolygon","coordinates":[[[[204599.16,1677928.54],[204597.76,1677944.75],[204581.74,1677943.38],[204582.51,1677934.45],[204586.51,1677934.8],[204587.14,1677927.52],[204599.16,1677928.54]]]]}},{"type":"Feature","properties":{"building":"yes","height":6,"heightSource":"default"},"geometry":{"type":"MultiPolygon","coordinates":[[[[204561.03,1677904.23],[204567.86,1677872.81],[204577.76,1677874.95],[204575.14,1677886.96],[204580.64,1677888.15],[204576.42,1677907.53],[204561.03,1677904.23]]]]}},{"type":"Feature","properties":{"building":"yes","height":6,"heightSource":"default"},"geometry":{"type":"MultiPolygon","coordinates":[[[[204528.21,1677871.2],[204531.42,1677864.81],[204539.68,1677868.91],[204536.48,1677875.29],[204528.21,1677871.2]]]]}},{"type":"Feature","properties":{"building":"yes","height":6,"heightSource":"default"},"geometry":{"type":"MultiPolygon","coordinates":[[[[204549.07,1677811.71],[204552.86,1677808.97],[204555.55,1677812.62],[204551.75,1677815.38],[204549.07,1677811.71]]]]}},{"type":"Feature","properties":{"building":"yes","height":6,"heightSource":"default"},"geometry":{"type":"MultiPolygon","coordinates":[[[[204540.95,1677785.31],[204551.78,1677795.03],[204544.12,1677803.46],[204533.29,1677793.73],[204540.95,1677785.31]]]]}},{"type":"Feature","properties":{"building":"yes","height":6,"heightSource":"default"},"geometry":{"type":"MultiPolygon","coordinates":[[[[204526.29,1677778.66],[204527.28,1677776.2],[204534.32,1677778.99],[204529.18,1677791.78],[204516.69,1677786.83],[204520.85,1677776.49],[204526.29,1677778.66]]]]}},{"type":"Feature","properties":{"building":"yes","height":6,"heightSource":"default"},"geometry":{"type":"MultiPolygon","coordinates":[[[[204574.29,1677762.7],[204573.14,1677764.98],[204567.99,1677762.43],[204574.98,1677748.53],[204584.95,1677753.46],[204579.1,1677765.1],[204574.29,1677762.7]]]]}},{"type":"Feature","properties":{"building":"yes","height":6,"heightSource":"default"},"geometry":{"type":"MultiPolygon","coordinates":[[[[204575.06,1677746.52],[204577.37,1677741.39],[204593.39,1677748.49],[204591.09,1677753.63],[204575.06,1677746.52]]]]}},{"type":"Feature","properties":{"building":"yes","height":6,"heightSource":"default"},"geometry":{"type":"MultiPolygon","coordinates":[[[[204589.47,1677743.7],[204591.93,1677738.61],[204599.05,1677742.02],[204596.59,1677747.11],[204589.47,1677743.7]]]]}},{"type":"Feature","properties":{"building":"yes","height":6,"heightSource":"default"},"geometry":{"type":"MultiPolygon","coordinates":[[[[204509.3,1677728.63],[204492.07,1677733.64],[204488.25,1677720.66],[204493.85,1677719.03],[204495.05,1677723.1],[204506.68,1677719.72],[204509.3,1677728.63]]]]}},{"type":"Feature","properties":{"building":"yes","height":6,"heightSource":"default"},"geometry":{"type":"MultiPolygon","coordinates":[[[[204505.14,1677707.94],[204506.15,1677714.39],[204489.21,1677717],[204488.2,1677710.56],[204505.14,1677707.94]]]]}},{"type":"Feature","properties":{"building":"yes","height":6,"heightSource":"default"},"geometry":{"type":"MultiPolygon","coordinates":[[[[204499.12,1677699.95],[204494.6,1677701.3],[204496.28,1677706.84],[204489.11,1677708.98],[204482.97,1677688.66],[204496.25,1677684.69],[204499.4,1677695.16],[204497.81,1677695.63],[204499.12,1677699.95]]]]}},{"type":"Feature","properties":{"building":"yes","height":6,"heightSource":"default"},"geometry":{"type":"MultiPolygon","coordinates":[[[[204464.39,1677716.14],[204473.91,1677716.28],[204473.75,1677726.88],[204464.24,1677726.74],[204464.39,1677716.14]]]]}},{"type":"Feature","properties":{"building":"yes","height":6,"heightSource":"default"},"geometry":{"type":"MultiPolygon","coordinates":[[[[204464.87,1677752.39],[204464.1,1677737.13],[204482.81,1677736.18],[204483.59,1677751.46],[204464.87,1677752.39]]]]}},{"type":"Feature","properties":{"building":"yes","height":6,"heightSource":"default"},"geometry":{"type":"MultiPolygon","coordinates":[[[[204446.26,1677743.75],[204446.27,1677734.3],[204461.27,1677734.31],[204461.26,1677743.76],[204446.26,1677743.75]]]]}},{"type":"Feature","properties":{"building":"yes","height":6,"heightSource":"default"},"geometry":{"type":"MultiPolygon","coordinates":[[[[204427.22,1677783.07],[204429.79,1677793.67],[204410.11,1677798.39],[204407.53,1677787.79],[204427.22,1677783.07]]]]}},{"type":"Feature","properties":{"building":"yes","height":6,"heightSource":"default"},"geometry":{"type":"MultiPolygon","coordinates":[[[[204419.17,1677771.56],[204412.56,1677771.25],[204412.92,1677763.25],[204419.54,1677763.54],[204419.17,1677771.56]]]]}},{"type":"Feature","properties":{"building":"yes","height":6,"heightSource":"default"},"geometry":{"type":"MultiPolygon","coordinates":[[[[203972.44,1677954.92],[203974.16,1677945.93],[203982.34,1677947.47],[203980.64,1677956.45],[203972.44,1677954.92]]]]}},{"type":"Feature","properties":{"building":"yes","height":6,"heightSource":"default"},"geometry":{"type":"MultiPolygon","coordinates":[[[[203986.36,1677975.28],[203986.74,1677966.7],[203997.1,1677967.16],[203996.71,1677975.74],[203986.36,1677975.28]]]]}},{"type":"Feature","properties":{"building":"yes","height":6,"heightSource":"default"},"geometry":{"type":"MultiPolygon","coordinates":[[[[203987.06,1677965.96],[203987.45,1677957.38],[203997.8,1677957.84],[203997.41,1677966.41],[203987.06,1677965.96]]]]}},{"type":"Feature","properties":{"building":"yes","height":6,"heightSource":"default"},"geometry":{"type":"MultiPolygon","coordinates":[[[[203987.71,1677952.99],[203988.1,1677944.42],[203998.46,1677944.87],[203998.08,1677953.45],[203987.71,1677952.99]]]]}},{"type":"Feature","properties":{"building":"yes","height":6,"heightSource":"default"},"geometry":{"type":"MultiPolygon","coordinates":[[[[204030.68,1677973.18],[204030.99,1677965.75],[204042.49,1677966.21],[204042.02,1677977.94],[204034.25,1677977.63],[204034.42,1677973.33],[204030.68,1677973.18]]]]}},{"type":"Feature","properties":{"building":"yes","height":6,"heightSource":"default"},"geometry":{"type":"MultiPolygon","coordinates":[[[[204020.06,1677966.94],[204021.33,1677961.22],[204026.82,1677962.42],[204025.55,1677968.14],[204020.06,1677966.94]]]]}},{"type":"Feature","properties":{"building":"yes","height":6,"heightSource":"default"},"geometry":{"type":"MultiPolygon","coordinates":[[[[204018.38,1677957.21],[204016.44,1677972.13],[204004.7,1677970.64],[204006.62,1677955.72],[204018.38,1677957.21]]]]}},{"type":"Feature","properties":{"building":"yes","height":6,"heightSource":"default"},"geometry":{"type":"MultiPolygon","coordinates":[[[[204020.28,1677935.26],[204020.33,1677924.25],[204031.58,1677924.29],[204031.53,1677935.31],[204020.28,1677935.26]]]]}},{"type":"Feature","properties":{"building":"yes","height":6,"heightSource":"default"},"geometry":{"type":"MultiPolygon","coordinates":[[[[204010.5,1677926.12],[204010.74,1677913.38],[204016.78,1677913.49],[204016.56,1677926.23],[204010.5,1677926.12]]]]}},{"type":"Feature","properties":{"building":"yes","height":6,"heightSource":"default"},"geometry":{"type":"MultiPolygon","coordinates":[[[[204003.38,1677909.47],[203984.94,1677909.29],[203985,1677901.68],[204003.46,1677901.86],[204003.38,1677909.47]]]]}},{"type":"Feature","properties":{"building":"yes","height":6,"heightSource":"default"},"geometry":{"type":"MultiPolygon","coordinates":[[[[203980.52,1677892.62],[203981.65,1677882.44],[203997.43,1677884.15],[203996.3,1677894.34],[203980.52,1677892.62]]]]}},{"type":"Feature","properties":{"building":"yes","height":6,"heightSource":"default"},"geometry":{"type":"MultiPolygon","coordinates":[[[[204021.74,1677890.31],[204023.35,1677880.69],[204037.07,1677882.95],[204035.47,1677892.56],[204021.74,1677890.31]]]]}},{"type":"Feature","properties":{"building":"yes","height":6,"heightSource":"default"},"geometry":{"type":"MultiPolygon","coordinates":[[[[204011.01,1677852.88],[204010.98,1677862.34],[203998.12,1677862.3],[203998.16,1677852.85],[204011.01,1677852.88]]]]}},{"type":"Feature","properties":{"building":"yes","height":6,"heightSource":"default"},"geometry":{"type":"MultiPolygon","coordinates":[[[[204003.97,1677866.88],[204003.94,1677876.34],[203991.07,1677876.3],[203991.1,1677866.84],[204003.97,1677866.88]]]]}},{"type":"Feature","properties":{"building":"yes","height":6,"heightSource":"default"},"geometry":{"type":"MultiPolygon","coordinates":[[[[203988,1677794.68],[204000.48,1677801.57],[203997.38,1677807.11],[203984.91,1677800.23],[203988,1677794.68]]]]}},{"type":"Feature","properties":{"building":"yes","height":6,"heightSource":"default"},"geometry":{"type":"MultiPolygon","coordinates":[[[[204018.44,1677827.71],[204018.18,1677836.88],[203997.27,1677836.29],[203997.53,1677827.13],[204018.44,1677827.71]]]]}},{"type":"Feature","properties":{"building":"yes","height":6,"heightSource":"default"},"geometry":{"type":"MultiPolygon","coordinates":[[[[203957.41,1677858.84],[203957.78,1677843.8],[203975.23,1677844.22],[203975.07,1677850.95],[203970.59,1677850.85],[203970.38,1677859.15],[203957.41,1677858.84]]]]}},{"type":"Feature","properties":{"building":"yes","height":6,"heightSource":"default"},"geometry":{"type":"MultiPolygon","coordinates":[[[[203958.54,1677874.26],[203958.22,1677884],[203939.05,1677883.35],[203939.38,1677873.63],[203958.54,1677874.26]]]]}},{"type":"Feature","properties":{"building":"yes","height":6,"heightSource":"default"},"geometry":{"type":"MultiPolygon","coordinates":[[[[203945.1,1677887.73],[203957.77,1677887.33],[203958.12,1677897.92],[203945.44,1677898.33],[203945.1,1677887.73]]]]}},{"type":"Feature","properties":{"building":"yes","height":6,"heightSource":"default"},"geometry":{"type":"MultiPolygon","coordinates":[[[[203950.84,1677901.65],[203959.35,1677901.94],[203959.03,1677911.52],[203954.77,1677911.38],[203950.51,1677911.24],[203950.84,1677901.65]]]]}},{"type":"Feature","properties":{"building":"yes","height":6,"heightSource":"default"},"geometry":{"type":"MultiPolygon","coordinates":[[[[203939.3,1677921.6],[203957.46,1677921.91],[203957.3,1677930.8],[203939.14,1677930.48],[203939.3,1677921.6]]]]}},{"type":"Feature","properties":{"building":"yes","height":6,"heightSource":"default"},"geometry":{"type":"MultiPolygon","coordinates":[[[[203916.75,1677913.57],[203911.31,1677913.09],[203911.94,1677905.99],[203929.1,1677907.49],[203928.31,1677916.3],[203925.46,1677916.05],[203924.95,1677921.72],[203916.09,1677920.96],[203916.75,1677913.57]]]]}},{"type":"Feature","properties":{"building":"yes","height":6,"heightSource":"default"},"geometry":{"type":"MultiPolygon","coordinates":[[[[203932.61,1677899.01],[203925.99,1677898.87],[203926.09,1677893.99],[203932.72,1677894.13],[203932.61,1677899.01]]]]}},{"type":"Feature","properties":{"building":"yes","height":6,"heightSource":"default"},"geometry":{"type":"MultiPolygon","coordinates":[[[[203904.79,1677870.59],[203913.12,1677871.05],[203912.72,1677878.04],[203904.39,1677877.58],[203904.79,1677870.59]]]]}},{"type":"Feature","properties":{"building":"yes","height":6,"heightSource":"default"},"geometry":{"type":"MultiPolygon","coordinates":[[[[203887.76,1677900.51],[203897.55,1677900.02],[203898.19,1677912.75],[203888.41,1677913.24],[203887.76,1677900.51]]]]}},{"type":"Feature","properties":{"building":"yes","height":6,"heightSource":"default"},"geometry":{"type":"MultiPolygon","coordinates":[[[[203878.07,1677881.89],[203877.81,1677900.65],[203867.71,1677900.51],[203867.98,1677881.74],[203878.07,1677881.89]]]]}},{"type":"Feature","properties":{"building":"yes","height":6,"heightSource":"default"},"geometry":{"type":"MultiPolygon","coordinates":[[[[203864.06,1677913.77],[203851.38,1677913.58],[203851.52,1677904.12],[203857.85,1677904.21],[203857.92,1677900.49],[203864.25,1677900.59],[203864.06,1677913.77]]]]}},{"type":"Feature","properties":{"building":"yes","height":6,"heightSource":"default"},"geometry":{"type":"MultiPolygon","coordinates":[[[[203834.06,1677884.36],[203840.86,1677884.11],[203840.94,1677886.69],[203846.54,1677886.5],[203846.96,1677897.96],[203834.56,1677898.39],[203834.06,1677884.36]]]]}},{"type":"Feature","properties":{"building":"yes","height":6,"heightSource":"default"},"geometry":{"type":"MultiPolygon","coordinates":[[[[203842.82,1677899.77],[203850.31,1677899.61],[203850.5,1677907.64],[203842.99,1677907.8],[203842.82,1677899.77]]]]}},{"type":"Feature","properties":{"building":"yes","height":6,"heightSource":"default"},"geometry":{"type":"MultiPolygon","coordinates":[[[[203852.96,1677875.08],[203860.18,1677875.95],[203858.99,1677885.68],[203851.77,1677884.81],[203852.96,1677875.08]]]]}},{"type":"Feature","properties":{"building":"yes","height":6,"heightSource":"default"},"geometry":{"type":"MultiPolygon","coordinates":[[[[203293.15,1677642.15],[203304.75,1677641.41],[203305.42,1677651.7],[203293.82,1677652.44],[203293.15,1677642.15]]]]}},{"type":"Feature","properties":{"building":"yes","height":6,"heightSource":"default"},"geometry":{"type":"MultiPolygon","coordinates":[[[[203296.14,1677680.06],[203288.38,1677679.65],[203288.68,1677674.12],[203296.44,1677674.52],[203296.14,1677680.06]]]]}},{"type":"Feature","properties":{"building":"yes","height":6,"heightSource":"default"},"geometry":{"type":"MultiPolygon","coordinates":[[[[203279.15,1677652.38],[203269.06,1677652.51],[203268.98,1677646.77],[203279.08,1677646.65],[203279.15,1677652.38]]]]}},{"type":"Feature","properties":{"building":"yes","height":6,"heightSource":"default"},"geometry":{"type":"MultiPolygon","coordinates":[[[[203310.18,1677725.73],[203310.63,1677732.88],[203303.16,1677733.35],[203302.7,1677726.2],[203310.18,1677725.73]]]]}},{"type":"Feature","properties":{"building":"yes","height":6,"heightSource":"default"},"geometry":{"type":"MultiPolygon","coordinates":[[[[203291.26,1677732.51],[203282.33,1677732.44],[203282.39,1677724.98],[203291.33,1677725.06],[203291.26,1677732.51]]]]}},{"type":"Feature","properties":{"building":"yes","height":6,"heightSource":"default"},"geometry":{"type":"MultiPolygon","coordinates":[[[[203297.62,1677717.88],[203288.68,1677717.8],[203288.75,1677710.35],[203297.69,1677710.44],[203297.62,1677717.88]]]]}},{"type":"Feature","properties":{"building":"yes","height":6,"heightSource":"default"},"geometry":{"type":"MultiPolygon","coordinates":[[[[203294.37,1677747.22],[203314.48,1677741.83],[203317.35,1677752.38],[203297.22,1677757.77],[203294.37,1677747.22]]]]}},{"type":"Feature","properties":{"building":"yes","height":6,"heightSource":"default"},"geometry":{"type":"MultiPolygon","coordinates":[[[[203657.79,1679124.94],[203659.4,1679123.66],[203656.48,1679120.01],[203667.47,1679111.35],[203679.81,1679126.81],[203667.21,1679136.74],[203657.79,1679124.94]]]]}},{"type":"Feature","properties":{"building":"yes","height":6,"heightSource":"default"},"geometry":{"type":"MultiPolygon","coordinates":[[[[203667.85,1679111.95],[203672.7,1679107.4],[203686.31,1679121.71],[203681.47,1679126.27],[203667.85,1679111.95]]]]}},{"type":"Feature","properties":{"building":"yes","height":6,"heightSource":"default"},"geometry":{"type":"MultiPolygon","coordinates":[[[[203743.72,1679206.41],[203735.43,1679200.89],[203744.15,1679187.93],[203752.45,1679193.44],[203743.72,1679206.41]]]]}},{"type":"Feature","properties":{"building":"yes","height":6,"heightSource":"default"},"geometry":{"type":"MultiPolygon","coordinates":[[[[203724.91,1679183.73],[203716.6,1679178.21],[203725.33,1679165.24],[203733.63,1679170.77],[203724.91,1679183.73]]]]}},{"type":"Feature","properties":{"building":"yes","height":6,"heightSource":"default"},"geometry":{"type":"MultiPolygon","coordinates":[[[[203835.57,1679286.56],[203829.63,1679295.93],[203818.99,1679289.25],[203824.92,1679279.9],[203835.57,1679286.56]]]]}},{"type":"Feature","properties":{"building":"yes","height":6,"heightSource":"default"},"geometry":{"type":"MultiPolygon","coordinates":[[[[203825.71,1679297.28],[203819.49,1679305.25],[203811.65,1679299.2],[203809.65,1679301.76],[203804.39,1679297.71],[203812.62,1679287.18],[203825.71,1679297.28]]]]}},{"type":"Feature","properties":{"building":"yes","height":6,"heightSource":"default"},"geometry":{"type":"MultiPolygon","coordinates":[[[[203802.19,1679306.73],[203814.42,1679315.09],[203807.41,1679325.21],[203795.19,1679316.85],[203802.19,1679306.73]]]]}},{"type":"Feature","properties":{"building":"yes","height":6,"heightSource":"default"},"geometry":{"type":"MultiPolygon","coordinates":[[[[203830.07,1679308.54],[203843.98,1679291.56],[203853.59,1679299.33],[203839.69,1679316.33],[203830.07,1679308.54]]]]}},{"type":"Feature","properties":{"building":"yes","height":6,"heightSource":"default"},"geometry":{"type":"MultiPolygon","coordinates":[[[[203847.91,1679336.31],[203853.29,1679324.84],[203871.67,1679333.35],[203866.29,1679344.82],[203847.91,1679336.31]]]]}},{"type":"Feature","properties":{"building":"yes","height":6,"heightSource":"default"},"geometry":{"type":"MultiPolygon","coordinates":[[[[203880.49,1679341.01],[203890.81,1679345.2],[203883.22,1679363.64],[203865.65,1679356.51],[203875.25,1679333.18],[203882.5,1679336.12],[203880.49,1679341.01]]]]}},{"type":"Feature","properties":{"building":"yes","height":6,"heightSource":"default"},"geometry":{"type":"MultiPolygon","coordinates":[[[[203835.38,1679369.53],[203837.71,1679363.58],[203846.93,1679367.17],[203844.59,1679373.1],[203835.38,1679369.53]]]]}},{"type":"Feature","properties":{"building":"yes","height":6,"heightSource":"default"},"geometry":{"type":"MultiPolygon","coordinates":[[[[203829.32,1679373.18],[203825.61,1679383.9],[203813.54,1679379.77],[203817.25,1679369.06],[203829.32,1679373.18]]]]}},{"type":"Feature","properties":{"building":"yes","height":6,"heightSource":"default"},"geometry":{"type":"MultiPolygon","coordinates":[[[[203804.19,1679343.3],[203815.44,1679346.57],[203811.73,1679359.19],[203800.48,1679355.94],[203804.19,1679343.3]]]]}},{"type":"Feature","properties":{"building":"yes","height":6,"heightSource":"default"},"geometry":{"type":"MultiPolygon","coordinates":[[[[203783.64,1679363.83],[203785.79,1679357.74],[203802.27,1679363.5],[203800.11,1679369.59],[203783.64,1679363.83]]]]}},{"type":"Feature","properties":{"building":"yes","height":6,"heightSource":"default"},"geometry":{"type":"MultiPolygon","coordinates":[[[[203789.64,1679392.66],[203778.5,1679387],[203782.51,1679379.22],[203793.64,1679384.87],[203789.64,1679392.66]]]]}},{"type":"Feature","properties":{"building":"yes","height":6,"heightSource":"default"},"geometry":{"type":"MultiPolygon","coordinates":[[[[203777.16,1679373.55],[203783.22,1679376.84],[203777.56,1679387.15],[203771.49,1679383.86],[203777.16,1679373.55]]]]}},{"type":"Feature","properties":{"building":"yes","height":6,"heightSource":"default"},"geometry":{"type":"MultiPolygon","coordinates":[[[[203746.78,1679360.28],[203756.56,1679363.14],[203753.01,1679375.09],[203743.23,1679372.23],[203746.78,1679360.28]]]]}},{"type":"Feature","properties":{"building":"yes","height":6,"heightSource":"default"},"geometry":{"type":"MultiPolygon","coordinates":[[[[203752.14,1679353.02],[203757.67,1679340.99],[203766.45,1679344.97],[203760.93,1679357],[203752.14,1679353.02]]]]}},{"type":"Feature","properties":{"building":"yes","height":6,"heightSource":"default"},"geometry":{"type":"MultiPolygon","coordinates":[[[[203765.78,1679324.87],[203774.07,1679328.33],[203769.78,1679338.52],[203761.49,1679335.06],[203765.78,1679324.87]]]]}},{"type":"Feature","properties":{"building":"yes","height":6,"heightSource":"default"},"geometry":{"type":"MultiPolygon","coordinates":[[[[203725.65,1679347.64],[203732.71,1679349.61],[203730.77,1679356.49],[203723.72,1679354.53],[203725.65,1679347.64]]]]}},{"type":"Feature","properties":{"building":"yes","height":6,"heightSource":"default"},"geometry":{"type":"MultiPolygon","coordinates":[[[[203728.31,1679359.85],[203724.33,1679373.86],[203712.22,1679370.47],[203716.2,1679356.44],[203728.31,1679359.85]]]]}},{"type":"Feature","properties":{"building":"yes","height":6,"heightSource":"default"},"geometry":{"type":"MultiPolygon","coordinates":[[[[203735.23,1679389.95],[203740.62,1679377.05],[203746.73,1679379.57],[203745.05,1679383.6],[203748.36,1679384.95],[203744.67,1679393.84],[203735.23,1679389.95]]]]}},{"type":"Feature","properties":{"building":"yes","height":6,"heightSource":"default"},"geometry":{"type":"MultiPolygon","coordinates":[[[[203713.8,1679391.38],[203711.83,1679398.55],[203705.14,1679396.73],[203707.12,1679389.56],[203713.8,1679391.38]]]]}},{"type":"Feature","properties":{"building":"yes","height":6,"heightSource":"default"},"geometry":{"type":"MultiPolygon","coordinates":[[[[203701.65,1679403.89],[203703,1679397.6],[203710.57,1679399.2],[203709.22,1679405.5],[203701.65,1679403.89]]]]}},{"type":"Feature","properties":{"building":"yes","height":6,"heightSource":"default"},"geometry":{"type":"MultiPolygon","coordinates":[[[[203726.97,1679422.21],[203723.66,1679444.62],[203709.86,1679442.6],[203713.17,1679420.2],[203726.97,1679422.21]]]]}},{"type":"Feature","properties":{"building":"yes","height":6,"heightSource":"default"},"geometry":{"type":"MultiPolygon","coordinates":[[[[203738.74,1679417.46],[203737.6,1679422.79],[203733.07,1679421.83],[203734.2,1679416.51],[203738.74,1679417.46]]]]}},{"type":"Feature","properties":{"building":"yes","height":6,"heightSource":"default"},"geometry":{"type":"MultiPolygon","coordinates":[[[[203748.47,1679473.67],[203752.06,1679458.07],[203773.38,1679462.9],[203773.97,1679460.32],[203783.81,1679462.55],[203779.63,1679480.75],[203748.47,1679473.67]]]]}},{"type":"Feature","properties":{"building":"yes","height":6,"heightSource":"default"},"geometry":{"type":"MultiPolygon","coordinates":[[[[203775.59,1679442.53],[203773.92,1679455.48],[203757.2,1679453.36],[203758.87,1679440.42],[203775.59,1679442.53]]]]}},{"type":"Feature","properties":{"building":"yes","height":6,"heightSource":"default"},"geometry":{"type":"MultiPolygon","coordinates":[[[[203808.95,1679438.77],[203799.6,1679438.44],[203800,1679426.71],[203809.36,1679427.04],[203808.95,1679438.77]]]]}},{"type":"Feature","properties":{"building":"yes","height":6,"heightSource":"default"},"geometry":{"type":"MultiPolygon","coordinates":[[[[203834.61,1679442],[203833.85,1679451.39],[203816.67,1679450],[203817.43,1679440.61],[203834.61,1679442]]]]}},{"type":"Feature","properties":{"building":"yes","height":6,"heightSource":"default"},"geometry":{"type":"MultiPolygon","coordinates":[[[[203814.12,1679459.47],[203824.5,1679459.61],[203824.41,1679465.63],[203828.46,1679465.68],[203828.28,1679478.57],[203813.86,1679478.37],[203814.12,1679459.47]]]]}},{"type":"Feature","properties":{"building":"yes","height":6,"heightSource":"default"},"geometry":{"type":"MultiPolygon","coordinates":[[[[203890.62,1679456.33],[203904.16,1679455.87],[203905,1679480.65],[203891.46,1679481.1],[203890.62,1679456.33]]]]}},{"type":"Feature","properties":{"building":"yes","height":6,"heightSource":"default"},"geometry":{"type":"MultiPolygon","coordinates":[[[[203884.22,1679470.14],[203884.7,1679481.01],[203872.32,1679481.56],[203871.84,1679470.69],[203884.22,1679470.14]]]]}},{"type":"Feature","properties":{"building":"yes","height":6,"heightSource":"default"},"geometry":{"type":"MultiPolygon","coordinates":[[[[203882.14,1679461.66],[203882.45,1679468.1],[203869.63,1679468.73],[203869.31,1679462.29],[203882.14,1679461.66]]]]}},{"type":"Feature","properties":{"building":"yes","height":6,"heightSource":"default"},"geometry":{"type":"MultiPolygon","coordinates":[[[[203860.36,1679480.75],[203860.31,1679469.43],[203869.25,1679469.38],[203869.31,1679480.71],[203860.36,1679480.75]]]]}},{"type":"Feature","properties":{"building":"yes","height":6,"heightSource":"default"},"geometry":{"type":"MultiPolygon","coordinates":[[[[203870.59,1679461.8],[203862.04,1679460.95],[203861.14,1679469.73],[203850.88,1679468.69],[203852.44,1679453.26],[203862.71,1679454.28],[203864.25,1679439.12],[203872.81,1679439.98],[203870.59,1679461.8]]]]}},{"type":"Feature","properties":{"building":"yes","height":6,"heightSource":"default"},"geometry":{"type":"MultiPolygon","coordinates":[[[[203898.17,1679448.12],[203890.68,1679448.43],[203890.42,1679441.98],[203897.9,1679441.68],[203898.17,1679448.12]]]]}},{"type":"Feature","properties":{"building":"yes","height":6,"heightSource":"default"},"geometry":{"type":"MultiPolygon","coordinates":[[[[203881.72,1679448.13],[203881.52,1679440.68],[203887.86,1679440.51],[203888.06,1679447.96],[203881.72,1679448.13]]]]}},{"type":"Feature","properties":{"building":"yes","height":6,"heightSource":"default"},"geometry":{"type":"MultiPolygon","coordinates":[[[[203891.87,1679432.21],[203892.53,1679415.48],[203898.87,1679415.73],[203898.73,1679419.44],[203907.06,1679419.77],[203906.55,1679432.79],[203891.87,1679432.21]]]]}},{"type":"Feature","properties":{"building":"yes","height":6,"heightSource":"default"},"geometry":{"type":"MultiPolygon","coordinates":[[[[203937.72,1679434.93],[203937.59,1679441.37],[203922.88,1679441.05],[203923.03,1679434.61],[203937.72,1679434.93]]]]}},{"type":"Feature","properties":{"building":"yes","height":6,"heightSource":"default"},"geometry":{"type":"MultiPolygon","coordinates":[[[[203923.88,1679433.35],[203924.05,1679421.32],[203932.55,1679421.43],[203932.38,1679433.47],[203923.88,1679433.35]]]]}},{"type":"Feature","properties":{"building":"yes","height":6,"heightSource":"default"},"geometry":{"type":"MultiPolygon","coordinates":[[[[203943.55,1679426.88],[203939.24,1679421.8],[203947.92,1679414.52],[203952.23,1679419.6],[203943.55,1679426.88]]]]}},{"type":"Feature","properties":{"building":"yes","height":6,"heightSource":"default"},"geometry":{"type":"MultiPolygon","coordinates":[[[[203928.7,1679420.21],[203928.9,1679411.18],[203937.4,1679411.36],[203937.22,1679420.38],[203928.7,1679420.21]]]]}},{"type":"Feature","properties":{"building":"yes","height":6,"heightSource":"default"},"geometry":{"type":"MultiPolygon","coordinates":[[[[203927.85,1679397.1],[203939.33,1679397.8],[203938.81,1679406.08],[203927.33,1679405.38],[203927.85,1679397.1]]]]}},{"type":"Feature","properties":{"building":"yes","height":6,"heightSource":"default"},"geometry":{"type":"MultiPolygon","coordinates":[[[[203942.61,1679446.08],[203961.98,1679444.67],[203963.65,1679467.49],[203957.21,1679467.96],[203957.01,1679465.4],[203949.69,1679465.93],[203950.36,1679475.2],[203942.47,1679475.78],[203941.45,1679461.65],[203947.6,1679461.21],[203947.06,1679453.78],[203943.19,1679454.06],[203942.61,1679446.08]]]]}},{"type":"Feature","properties":{"building":"yes","height":6,"heightSource":"default"},"geometry":{"type":"MultiPolygon","coordinates":[[[[203934.52,1679464.8],[203934.94,1679477.7],[203920.66,1679478.16],[203920.54,1679474.28],[203925.72,1679474.12],[203925.43,1679465.1],[203934.52,1679464.8]]]]}},{"type":"Feature","properties":{"building":"yes","height":6,"heightSource":"default"},"geometry":{"type":"MultiPolygon","coordinates":[[[[203923.56,1679443.16],[203935.07,1679443.59],[203934.67,1679454.17],[203923.16,1679453.75],[203923.56,1679443.16]]]]}},{"type":"Feature","properties":{"building":"yes","height":6,"heightSource":"default"},"geometry":{"type":"MultiPolygon","coordinates":[[[[204003.22,1679477.25],[204008.06,1679497.98],[203983.9,1679503.55],[203979.06,1679482.81],[204003.22,1679477.25]]]]}},{"type":"Feature","properties":{"building":"yes","height":6,"heightSource":"default"},"geometry":{"type":"MultiPolygon","coordinates":[[[[204022.28,1679508.97],[204028.92,1679502.59],[204035.42,1679509.27],[204028.77,1679515.65],[204022.28,1679508.97]]]]}},{"type":"Feature","properties":{"building":"yes","height":6,"heightSource":"default"},"geometry":{"type":"MultiPolygon","coordinates":[[[[204031.27,1679520.15],[204040.41,1679530.21],[204029.64,1679539.87],[204020.5,1679529.81],[204031.27,1679520.15]]]]}},{"type":"Feature","properties":{"building":"yes","height":6,"heightSource":"default"},"geometry":{"type":"MultiPolygon","coordinates":[[[[204020.06,1679532.1],[204026.76,1679538.47],[204014.1,1679551.65],[204007.38,1679545.29],[204020.06,1679532.1]]]]}},{"type":"Feature","properties":{"building":"yes","height":6,"heightSource":"default"},"geometry":{"type":"MultiPolygon","coordinates":[[[[203999.08,1679554.53],[204003.12,1679547],[204012.26,1679551.85],[204008.22,1679559.37],[203999.08,1679554.53]]]]}},{"type":"Feature","properties":{"building":"yes","height":6,"heightSource":"default"},"geometry":{"type":"MultiPolygon","coordinates":[[[[204026.43,1679571.43],[204032.25,1679556.71],[204044.57,1679561.52],[204038.76,1679576.23],[204026.43,1679571.43]]]]}},{"type":"Feature","properties":{"building":"yes","height":6,"heightSource":"default"},"geometry":{"type":"MultiPolygon","coordinates":[[[[204032.87,1679550.58],[204047.85,1679536.85],[204053.24,1679542.65],[204038.25,1679556.37],[204032.87,1679550.58]]]]}},{"type":"Feature","properties":{"building":"yes","height":6,"heightSource":"default"},"geometry":{"type":"MultiPolygon","coordinates":[[[[204065.63,1679543.07],[204059.05,1679552.4],[204052.35,1679547.73],[204058.93,1679538.4],[204065.63,1679543.07]]]]}},{"type":"Feature","properties":{"building":"yes","height":6,"heightSource":"default"},"geometry":{"type":"MultiPolygon","coordinates":[[[[204052.65,1679553.68],[204065.4,1679555.69],[204063.56,1679567.26],[204050.8,1679565.25],[204052.65,1679553.68]]]]}},{"type":"Feature","properties":{"building":"yes","height":6,"heightSource":"default"},"geometry":{"type":"MultiPolygon","coordinates":[[[[204209.13,1679722.82],[204200.36,1679729.26],[204191.74,1679717.66],[204200.51,1679711.22],[204209.13,1679722.82]]]]}},{"type":"Feature","properties":{"building":"yes","height":6,"heightSource":"default"},"geometry":{"type":"MultiPolygon","coordinates":[[[[204166.16,1679669.99],[204157.39,1679676.44],[204148.76,1679664.83],[204157.53,1679658.4],[204166.16,1679669.99]]]]}},{"type":"Feature","properties":{"building":"yes","height":6,"heightSource":"default"},"geometry":{"type":"MultiPolygon","coordinates":[[[[204123.06,1679701.61],[204129.8,1679691.09],[204141.19,1679698.3],[204134.44,1679708.82],[204123.06,1679701.61]]]]}},{"type":"Feature","properties":{"building":"yes","height":6,"heightSource":"default"},"geometry":{"type":"MultiPolygon","coordinates":[[[[204123.64,1679711.21],[204117.7,1679721.91],[204107.16,1679716.12],[204113.1,1679705.43],[204123.64,1679711.21]]]]}},{"type":"Feature","properties":{"building":"yes","height":6,"heightSource":"default"},"geometry":{"type":"MultiPolygon","coordinates":[[[[204139.3,1679729.72],[204149.82,1679730.88],[204148.49,1679742.76],[204137.96,1679741.59],[204139.3,1679729.72]]]]}},{"type":"Feature","properties":{"building":"yes","height":6,"heightSource":"default"},"geometry":{"type":"MultiPolygon","coordinates":[[[[204179.9,1679758.74],[204164.21,1679753.03],[204167.09,1679745.24],[204182.77,1679750.94],[204179.9,1679758.74]]]]}},{"type":"Feature","properties":{"building":"yes","height":6,"heightSource":"default"},"geometry":{"type":"MultiPolygon","coordinates":[[[[204232.89,1679796.54],[204228.73,1679808.52],[204217.18,1679804.56],[204221.36,1679792.58],[204232.89,1679796.54]]]]}},{"type":"Feature","properties":{"building":"yes","height":6,"heightSource":"default"},"geometry":{"type":"MultiPolygon","coordinates":[[[[204214.83,1679779.17],[204223.68,1679783.68],[204213.31,1679803.74],[204204.47,1679799.24],[204214.83,1679779.17]]]]}},{"type":"Feature","properties":{"building":"yes","height":6,"heightSource":"default"},"geometry":{"type":"MultiPolygon","coordinates":[[[[204250.36,1679824.8],[204244.15,1679838.42],[204234.01,1679833.86],[204240.21,1679820.23],[204250.36,1679824.8]]]]}},{"type":"Feature","properties":{"building":"yes","height":6,"heightSource":"default"},"geometry":{"type":"MultiPolygon","coordinates":[[[[204225.52,1679839.01],[204231.12,1679827.98],[204235.69,1679830.26],[204233.09,1679835.4],[204242.24,1679839.96],[204239.25,1679845.87],[204225.52,1679839.01]]]]}},{"type":"Feature","properties":{"building":"yes","height":6,"heightSource":"default"},"geometry":{"type":"MultiPolygon","coordinates":[[[[204205.93,1679813.78],[204210.53,1679804.53],[204224.58,1679811.43],[204219.98,1679820.68],[204205.93,1679813.78]]]]}},{"type":"Feature","properties":{"building":"yes","height":6,"heightSource":"default"},"geometry":{"type":"MultiPolygon","coordinates":[[[[204204.33,1679813.74],[204213.04,1679819.92],[204206.97,1679828.39],[204198.25,1679822.21],[204204.33,1679813.74]]]]}},{"type":"Feature","properties":{"building":"yes","height":6,"heightSource":"default"},"geometry":{"type":"MultiPolygon","coordinates":[[[[204188.2,1679841.88],[204188.45,1679824.57],[204201.43,1679824.75],[204201.18,1679842.06],[204188.2,1679841.88]]]]}},{"type":"Feature","properties":{"building":"yes","height":6,"heightSource":"default"},"geometry":{"type":"MultiPolygon","coordinates":[[[[204205.49,1679775.08],[204202.2,1679794.72],[204193.14,1679793.22],[204196.42,1679773.58],[204205.49,1679775.08]]]]}},{"type":"Feature","properties":{"building":"yes","height":6,"heightSource":"default"},"geometry":{"type":"MultiPolygon","coordinates":[[[[204175.54,1679796.17],[204178.53,1679779.55],[204186.89,1679781.04],[204181.69,1679809.85],[204172.95,1679808.29],[204173.57,1679804.85],[204168.55,1679803.95],[204170.12,1679795.2],[204175.54,1679796.17]]]]}},{"type":"Feature","properties":{"building":"yes","height":6,"heightSource":"default"},"geometry":{"type":"MultiPolygon","coordinates":[[[[204160.57,1679817.13],[204162.19,1679808.57],[204178.14,1679811.56],[204176.5,1679820.12],[204160.57,1679817.13]]]]}},{"type":"Feature","properties":{"building":"yes","height":6,"heightSource":"default"},"geometry":{"type":"MultiPolygon","coordinates":[[[[204160.38,1679824.28],[204174.14,1679826.94],[204172.05,1679837.68],[204158.28,1679835.03],[204160.38,1679824.28]]]]}},{"type":"Feature","properties":{"building":"yes","height":6,"heightSource":"default"},"geometry":{"type":"MultiPolygon","coordinates":[[[[204134.93,1679819.41],[204146.26,1679822.97],[204144.02,1679829.97],[204132.69,1679826.42],[204134.93,1679819.41]]]]}},{"type":"Feature","properties":{"building":"yes","height":6,"heightSource":"default"},"geometry":{"type":"MultiPolygon","coordinates":[[[[204125.64,1679798.21],[204137.46,1679798.37],[204137.23,1679815.85],[204125.41,1679815.69],[204125.64,1679798.21]]]]}},{"type":"Feature","properties":{"building":"yes","height":6,"heightSource":"default"},"geometry":{"type":"MultiPolygon","coordinates":[[[[204153.7,1679795.32],[204153.35,1679807.22],[204140.49,1679806.83],[204140.86,1679794.94],[204153.7,1679795.32]]]]}},{"type":"Feature","properties":{"building":"yes","height":6,"heightSource":"default"},"geometry":{"type":"MultiPolygon","coordinates":[[[[204157.89,1679783.94],[204155.42,1679794.21],[204142.64,1679791.17],[204145.12,1679780.89],[204157.89,1679783.94]]]]}},{"type":"Feature","properties":{"building":"yes","height":6,"heightSource":"default"},"geometry":{"type":"MultiPolygon","coordinates":[[[[204131.69,1679793.08],[204134.84,1679777.41],[204142.31,1679778.89],[204139.17,1679794.55],[204131.69,1679793.08]]]]}},{"type":"Feature","properties":{"building":"yes","height":6,"heightSource":"default"},"geometry":{"type":"MultiPolygon","coordinates":[[[[204131.85,1679769.79],[204134.33,1679760.74],[204146.64,1679764.06],[204144.16,1679773.11],[204131.85,1679769.79]]]]}},{"type":"Feature","properties":{"building":"yes","height":6,"heightSource":"default"},"geometry":{"type":"MultiPolygon","coordinates":[[[[204148.07,1679761.91],[204153.81,1679763.43],[204152.49,1679768.35],[204146.75,1679766.83],[204148.07,1679761.91]]]]}},{"type":"Feature","properties":{"building":"yes","height":6,"heightSource":"default"},"geometry":{"type":"MultiPolygon","coordinates":[[[[204146.76,1679760.47],[204148.43,1679751.64],[204154.28,1679752.73],[204152.59,1679761.56],[204146.76,1679760.47]]]]}},{"type":"Feature","properties":{"building":"yes","height":6,"heightSource":"default"},"geometry":{"type":"MultiPolygon","coordinates":[[[[204116.46,1679722.75],[204122.29,1679725.8],[204119.92,1679730.26],[204114.09,1679727.2],[204116.46,1679722.75]]]]}},{"type":"Feature","properties":{"building":"yes","height":6,"heightSource":"default"},"geometry":{"type":"MultiPolygon","coordinates":[[[[204100.59,1679814.45],[204085.62,1679813.98],[204085.95,1679803.67],[204100.93,1679804.15],[204100.59,1679814.45]]]]}},{"type":"Feature","properties":{"building":"yes","height":6,"heightSource":"default"},"geometry":{"type":"MultiPolygon","coordinates":[[[[204127.19,1679829.29],[204126.09,1679834.05],[204119.81,1679832.62],[204120.92,1679827.86],[204127.19,1679829.29]]]]}},{"type":"Feature","properties":{"building":"yes","height":6,"heightSource":"default"},"geometry":{"type":"MultiPolygon","coordinates":[[[[204126.69,1679835.99],[204137.91,1679840.3],[204134.63,1679848.74],[204123.4,1679844.42],[204126.69,1679835.99]]]]}},{"type":"Feature","properties":{"building":"yes","height":6,"heightSource":"default"},"geometry":{"type":"MultiPolygon","coordinates":[[[[204113.39,1679841.81],[204114.96,1679833.22],[204122.38,1679834.56],[204120.81,1679843.14],[204113.39,1679841.81]]]]}},{"type":"Feature","properties":{"building":"yes","height":6,"heightSource":"default"},"geometry":{"type":"MultiPolygon","coordinates":[[[[204110.55,1679851.33],[204112.35,1679843.45],[204130.41,1679847.51],[204126.76,1679863.54],[204113.9,1679860.66],[204115.75,1679852.5],[204110.55,1679851.33]]]]}},{"type":"Feature","properties":{"building":"yes","height":6,"heightSource":"default"},"geometry":{"type":"MultiPolygon","coordinates":[[[[204131.91,1679850.69],[204135.27,1679852.35],[204132.74,1679857.37],[204129.39,1679855.69],[204131.91,1679850.69]]]]}},{"type":"Feature","properties":{"building":"yes","height":6,"heightSource":"default"},"geometry":{"type":"MultiPolygon","coordinates":[[[[204120.09,1679876.96],[204124.48,1679865.37],[204130.51,1679867.61],[204126.12,1679879.22],[204120.09,1679876.96]]]]}},{"type":"Feature","properties":{"building":"yes","height":6,"heightSource":"default"},"geometry":{"type":"MultiPolygon","coordinates":[[[[204116.51,1679887.32],[204119.15,1679878.07],[204129.25,1679880.91],[204126.61,1679890.17],[204116.51,1679887.32]]]]}},{"type":"Feature","properties":{"building":"yes","height":6,"heightSource":"default"},"geometry":{"type":"MultiPolygon","coordinates":[[[[204103.2,1679864.02],[204115.79,1679866.12],[204113.3,1679880.85],[204100.7,1679878.75],[204103.2,1679864.02]]]]}},{"type":"Feature","properties":{"building":"yes","height":6,"heightSource":"default"},"geometry":{"type":"MultiPolygon","coordinates":[[[[204086.46,1679859.83],[204095.96,1679859.4],[204096.39,1679868.55],[204086.89,1679868.99],[204086.46,1679859.83]]]]}},{"type":"Feature","properties":{"building":"yes","height":6,"heightSource":"default"},"geometry":{"type":"MultiPolygon","coordinates":[[[[204100.89,1679899],[204092.05,1679896.3],[204095,1679886.8],[204103.83,1679889.5],[204100.89,1679899]]]]}},{"type":"Feature","properties":{"building":"yes","height":6,"heightSource":"default"},"geometry":{"type":"MultiPolygon","coordinates":[[[[204072.83,1679907.74],[204079.53,1679883.27],[204091.84,1679886.61],[204088.46,1679898.96],[204086.14,1679898.34],[204082.83,1679910.45],[204072.83,1679907.74]]]]}},{"type":"Feature","properties":{"building":"yes","height":6,"heightSource":"default"},"geometry":{"type":"MultiPolygon","coordinates":[[[[204102.04,1679915.07],[204103.4,1679915.38],[204101.91,1679921.6],[204091.03,1679919.02],[204095.4,1679900.91],[204104.91,1679903.17],[204102.04,1679915.07]]]]}},{"type":"Feature","properties":{"building":"yes","height":6,"heightSource":"default"},"geometry":{"type":"MultiPolygon","coordinates":[[[[204399.6,1679951.71],[204385.76,1679964.53],[204374.99,1679953.05],[204388.83,1679940.23],[204399.6,1679951.71]]]]}},{"type":"Feature","properties":{"building":"yes","height":6,"heightSource":"default"},"geometry":{"type":"MultiPolygon","coordinates":[[[[204430.52,1679969.56],[204433.69,1679974.48],[204429.89,1679976.88],[204426.73,1679971.96],[204430.52,1679969.56]]]]}},{"type":"Feature","properties":{"building":"yes","height":6,"heightSource":"default"},"geometry":{"type":"MultiPolygon","coordinates":[[[[204454.29,1680028.33],[204443.99,1680036.08],[204437.12,1680027.07],[204447.43,1680019.32],[204454.29,1680028.33]]]]}},{"type":"Feature","properties":{"building":"yes","height":6,"heightSource":"default"},"geometry":{"type":"MultiPolygon","coordinates":[[[[204430.93,1679998.6],[204440.21,1680011.26],[204431.78,1680017.37],[204422.49,1680004.72],[204430.93,1679998.6]]]]}},{"type":"Feature","properties":{"building":"yes","height":6,"heightSource":"default"},"geometry":{"type":"MultiPolygon","coordinates":[[[[204413.58,1679992.8],[204420.38,1680006.61],[204405.96,1680013.63],[204399.16,1679999.82],[204413.58,1679992.8]]]]}},{"type":"Feature","properties":{"building":"yes","height":6,"heightSource":"default"},"geometry":{"type":"MultiPolygon","coordinates":[[[[204416.28,1679983.59],[204411.17,1679985.81],[204405.46,1679972.85],[204410.57,1679970.63],[204416.28,1679983.59]]]]}},{"type":"Feature","properties":{"building":"yes","height":6,"heightSource":"default"},"geometry":{"type":"MultiPolygon","coordinates":[[[[204388.47,1679983.47],[204391.37,1679992.64],[204380.74,1679995.96],[204377.83,1679986.8],[204388.47,1679983.47]]]]}},{"type":"Feature","properties":{"building":"yes","height":6,"heightSource":"default"},"geometry":{"type":"MultiPolygon","coordinates":[[[[204377.26,1680008.75],[204385.09,1680003.53],[204392.89,1680015.09],[204385.07,1680020.3],[204377.26,1680008.75]]]]}},{"type":"Feature","properties":{"building":"yes","height":6,"heightSource":"default"},"geometry":{"type":"MultiPolygon","coordinates":[[[[204376.32,1680030.17],[204382.19,1680035.53],[204376.65,1680041.53],[204370.78,1680036.17],[204376.32,1680030.17]]]]}},{"type":"Feature","properties":{"building":"yes","height":6,"heightSource":"default"},"geometry":{"type":"MultiPolygon","coordinates":[[[[204365.33,1680021.99],[204373.09,1680028.84],[204366.64,1680036.08],[204358.87,1680029.24],[204365.33,1680021.99]]]]}},{"type":"Feature","properties":{"building":"yes","height":6,"heightSource":"default"},"geometry":{"type":"MultiPolygon","coordinates":[[[[204368.99,1680037.31],[204374.25,1680044.49],[204367.02,1680049.72],[204361.76,1680042.54],[204368.99,1680037.31]]]]}},{"type":"Feature","properties":{"building":"yes","height":6,"heightSource":"default"},"geometry":{"type":"MultiPolygon","coordinates":[[[[204354.48,1680052.8],[204361.1,1680045.11],[204367.2,1680050.28],[204360.58,1680057.98],[204354.48,1680052.8]]]]}},{"type":"Feature","properties":{"building":"yes","height":6,"heightSource":"default"},"geometry":{"type":"MultiPolygon","coordinates":[[[[204360.83,1680041.37],[204354.63,1680048.51],[204348.19,1680042.99],[204354.41,1680035.85],[204360.83,1680041.37]]]]}},{"type":"Feature","properties":{"building":"yes","height":6,"heightSource":"default"},"geometry":{"type":"MultiPolygon","coordinates":[[[[204348.28,1680027.71],[204354.8,1680033.63],[204346.7,1680042.43],[204340.19,1680036.5],[204348.28,1680027.71]]]]}},{"type":"Feature","properties":{"building":"yes","height":6,"heightSource":"default"},"geometry":{"type":"MultiPolygon","coordinates":[[[[204355.22,1680009.82],[204348,1680013.06],[204341.53,1679998.85],[204348.76,1679995.6],[204355.22,1680009.82]]]]}},{"type":"Feature","properties":{"building":"yes","height":6,"heightSource":"default"},"geometry":{"type":"MultiPolygon","coordinates":[[[[204317.49,1680026.57],[204315.71,1680000.3],[204329.21,1679999.39],[204331.58,1680034.23],[204321.81,1680034.89],[204321.23,1680026.32],[204317.49,1680026.57]]]]}},{"type":"Feature","properties":{"building":"yes","height":6,"heightSource":"default"},"geometry":{"type":"MultiPolygon","coordinates":[[[[204333.95,1680042.22],[204324.06,1680044.87],[204322.25,1680038.17],[204332.13,1680035.52],[204333.95,1680042.22]]]]}},{"type":"Feature","properties":{"building":"yes","height":6,"heightSource":"default"},"geometry":{"type":"MultiPolygon","coordinates":[[[[204306.75,1680059.09],[204316.02,1680057.51],[204318.08,1680069.51],[204308.82,1680071.09],[204306.75,1680059.09]]]]}},{"type":"Feature","properties":{"building":"yes","height":6,"heightSource":"default"},"geometry":{"type":"MultiPolygon","coordinates":[[[[204290.85,1680042.43],[204298.34,1680040.91],[204300.37,1680050.84],[204295.77,1680051.77],[204294.81,1680047.08],[204291.92,1680047.66],[204290.85,1680042.43]]]]}},{"type":"Feature","properties":{"building":"yes","height":6,"heightSource":"default"},"geometry":{"type":"MultiPolygon","coordinates":[[[[204312.06,1680012.64],[204302.58,1680013.15],[204302.04,1680003.24],[204311.53,1680002.74],[204312.06,1680012.64]]]]}},{"type":"Feature","properties":{"building":"yes","height":6,"heightSource":"default"},"geometry":{"type":"MultiPolygon","coordinates":[[[[204278.95,1680050.75],[204288.85,1680051.15],[204288.48,1680060.3],[204278.58,1680059.9],[204278.95,1680050.75]]]]}},{"type":"Feature","properties":{"building":"yes","height":6,"heightSource":"default"},"geometry":{"type":"MultiPolygon","coordinates":[[[[204282.44,1680075.87],[204277.54,1680075.78],[204277.69,1680066.34],[204296.72,1680066.64],[204296.53,1680078.09],[204282.41,1680077.87],[204282.44,1680075.87]]]]}},{"type":"Feature","properties":{"building":"yes","height":6,"heightSource":"default"},"geometry":{"type":"MultiPolygon","coordinates":[[[[204281.2,1680095.86],[204280.92,1680086.29],[204301.39,1680085.69],[204301.67,1680095.26],[204281.2,1680095.86]]]]}},{"type":"Feature","properties":{"building":"yes","height":6,"heightSource":"default"},"geometry":{"type":"MultiPolygon","coordinates":[[[[204285.48,1680103.8],[204273.37,1680104.24],[204273.18,1680099.09],[204285.28,1680098.65],[204285.48,1680103.8]]]]}},{"type":"Feature","properties":{"building":"yes","height":6,"heightSource":"default"},"geometry":{"type":"MultiPolygon","coordinates":[[[[204292.6,1680114.46],[204292.34,1680125.91],[204272.45,1680125.47],[204272.71,1680114.01],[204292.6,1680114.46]]]]}},{"type":"Feature","properties":{"building":"yes","height":6,"heightSource":"default"},"geometry":{"type":"MultiPolygon","coordinates":[[[[204300.45,1680118.02],[204309.22,1680118.12],[204309.09,1680128.44],[204300.33,1680128.33],[204300.45,1680118.02]]]]}},{"type":"Feature","properties":{"building":"yes","height":6,"heightSource":"default"},"geometry":{"type":"MultiPolygon","coordinates":[[[[204283.97,1680135.68],[204284.22,1680144.28],[204270.68,1680144.67],[204270.43,1680136.08],[204283.97,1680135.68]]]]}},{"type":"Feature","properties":{"building":"yes","height":6,"heightSource":"default"},"geometry":{"type":"MultiPolygon","coordinates":[[[[204271.14,1680156.02],[204265.13,1680155.52],[204265.72,1680148.42],[204271.73,1680148.92],[204271.14,1680156.02]]]]}},{"type":"Feature","properties":{"building":"yes","height":6,"heightSource":"default"},"geometry":{"type":"MultiPolygon","coordinates":[[[[204285.08,1680158.17],[204294.44,1680159.7],[204292.5,1680171.39],[204283.14,1680169.87],[204285.08,1680158.17]]]]}},{"type":"Feature","properties":{"building":"yes","height":6,"heightSource":"default"},"geometry":{"type":"MultiPolygon","coordinates":[[[[204508.89,1680066.46],[204522.26,1680073.12],[204513.7,1680090.12],[204500.32,1680083.47],[204508.89,1680066.46]]]]}},{"type":"Feature","properties":{"building":"yes","height":6,"heightSource":"default"},"geometry":{"type":"MultiPolygon","coordinates":[[[[204509.08,1680097.31],[204507.78,1680102.1],[204498.14,1680099.51],[204499.45,1680094.72],[204509.08,1680097.31]]]]}},{"type":"Feature","properties":{"building":"yes","height":6,"heightSource":"default"},"geometry":{"type":"MultiPolygon","coordinates":[[[[204500.14,1680106.16],[204511.63,1680108.74],[204510.09,1680115.53],[204498.59,1680112.97],[204500.14,1680106.16]]]]}},{"type":"Feature","properties":{"building":"yes","height":6,"heightSource":"default"},"geometry":{"type":"MultiPolygon","coordinates":[[[[204467.8,1680103.55],[204467.73,1680111.86],[204458.5,1680111.78],[204458.58,1680103.47],[204467.8,1680103.55]]]]}},{"type":"Feature","properties":{"building":"yes","height":6,"heightSource":"default"},"geometry":{"type":"MultiPolygon","coordinates":[[[[204471.09,1680066.84],[204470.44,1680058.28],[204474.73,1680057.95],[204474.29,1680052.15],[204495.07,1680050.57],[204496.17,1680064.93],[204471.09,1680066.84]]]]}},{"type":"Feature","properties":{"building":"yes","height":6,"heightSource":"default"},"geometry":{"type":"MultiPolygon","coordinates":[[[[204508.38,1680052.37],[204511.04,1680058.77],[204505.45,1680061.07],[204502.78,1680054.68],[204508.38,1680052.37]]]]}},{"type":"Feature","properties":{"building":"yes","height":6,"heightSource":"default"},"geometry":{"type":"MultiPolygon","coordinates":[[[[204479.2,1680070.15],[204479.37,1680076.27],[204473.03,1680076.45],[204472.86,1680070.32],[204479.2,1680070.15]]]]}},{"type":"Feature","properties":{"building":"yes","height":6,"heightSource":"default"},"geometry":{"type":"MultiPolygon","coordinates":[[[[204471.28,1680076.81],[204465.09,1680078.49],[204463.64,1680073.23],[204469.84,1680071.56],[204471.28,1680076.81]]]]}},{"type":"Feature","properties":{"building":"yes","height":6,"heightSource":"default"},"geometry":{"type":"MultiPolygon","coordinates":[[[[204457.99,1680029.24],[204467.33,1680024.11],[204475.77,1680039.28],[204466.43,1680044.42],[204457.99,1680029.24]]]]}},{"type":"Feature","properties":{"building":"yes","height":6,"heightSource":"default"},"geometry":{"type":"MultiPolygon","coordinates":[[[[204460.71,1680039.45],[204446.08,1680045.78],[204443,1680038.75],[204457.64,1680032.42],[204460.71,1680039.45]]]]}},{"type":"Feature","properties":{"building":"yes","height":6,"heightSource":"default"},"geometry":{"type":"MultiPolygon","coordinates":[[[[204475.98,1680014.9],[204479.62,1680020.04],[204475.35,1680023.04],[204471.7,1680017.9],[204475.98,1680014.9]]]]}},{"type":"Feature","properties":{"building":"yes","height":6,"heightSource":"default"},"geometry":{"type":"MultiPolygon","coordinates":[[[[204267.33,1679948.93],[204264.16,1679959.71],[204253.31,1679956.56],[204256.47,1679945.78],[204267.33,1679948.93]]]]}},{"type":"Feature","properties":{"building":"yes","height":6,"heightSource":"default"},"geometry":{"type":"MultiPolygon","coordinates":[[[[204247.83,1679973.26],[204251.32,1679961.75],[204260.28,1679964.44],[204256.78,1679975.95],[204247.83,1679973.26]]]]}},{"type":"Feature","properties":{"building":"yes","height":6,"heightSource":"default"},"geometry":{"type":"MultiPolygon","coordinates":[[[[204229.36,1679936.61],[204223.94,1679954.71],[204212.49,1679951.33],[204217.92,1679933.22],[204229.36,1679936.61]]]]}},{"type":"Feature","properties":{"building":"yes","height":6,"heightSource":"default"},"geometry":{"type":"MultiPolygon","coordinates":[[[[204204.3,1679935.05],[204212.98,1679937.51],[204210.4,1679946.49],[204201.72,1679944.03],[204204.3,1679935.05]]]]}},{"type":"Feature","properties":{"building":"yes","height":6,"heightSource":"default"},"geometry":{"type":"MultiPolygon","coordinates":[[[[204185.82,1679937.79],[204190.79,1679923.33],[204202.79,1679927.39],[204197.82,1679941.86],[204185.82,1679937.79]]]]}},{"type":"Feature","properties":{"building":"yes","height":6,"heightSource":"default"},"geometry":{"type":"MultiPolygon","coordinates":[[[[204208.77,1679904.7],[204205.73,1679919.39],[204198.37,1679917.89],[204201.41,1679903.2],[204208.77,1679904.7]]]]}},{"type":"Feature","properties":{"building":"yes","height":6,"heightSource":"default"},"geometry":{"type":"MultiPolygon","coordinates":[[[[204173.67,1679932.93],[204176.37,1679922.78],[204185.5,1679925.18],[204182.8,1679935.32],[204173.67,1679932.93]]]]}},{"type":"Feature","properties":{"building":"yes","height":6,"heightSource":"default"},"geometry":{"type":"MultiPolygon","coordinates":[[[[204164.75,1679940.5],[204151.63,1679937.77],[204156.52,1679914.62],[204169.64,1679917.35],[204164.75,1679940.5]]]]}},{"type":"Feature","properties":{"building":"yes","height":6,"heightSource":"default"},"geometry":{"type":"MultiPolygon","coordinates":[[[[204179.94,1679899.43],[204179.31,1679911.87],[204171.74,1679911.49],[204172.37,1679899.05],[204179.94,1679899.43]]]]}},{"type":"Feature","properties":{"building":"yes","height":6,"heightSource":"default"},"geometry":{"type":"MultiPolygon","coordinates":[[[[204189.31,1679859.77],[204189.23,1679874.1],[204178.56,1679874.03],[204178.64,1679859.7],[204189.31,1679859.77]]]]}},{"type":"Feature","properties":{"building":"yes","height":6,"heightSource":"default"},"geometry":{"type":"MultiPolygon","coordinates":[[[[204160.08,1679870.07],[204170.32,1679870.59],[204169.64,1679883.73],[204159.39,1679883.21],[204160.08,1679870.07]]]]}},{"type":"Feature","properties":{"building":"yes","height":6,"heightSource":"default"},"geometry":{"type":"MultiPolygon","coordinates":[[[[204147.02,1679877.53],[204149.71,1679864.82],[204159.72,1679866.91],[204157.02,1679879.63],[204147.02,1679877.53]]]]}},{"type":"Feature","properties":{"building":"yes","height":6,"heightSource":"default"},"geometry":{"type":"MultiPolygon","coordinates":[[[[204168.51,1679900.88],[204166.98,1679908.29],[204156.49,1679906.14],[204158.02,1679898.74],[204168.51,1679900.88]]]]}},{"type":"Feature","properties":{"building":"yes","height":6,"heightSource":"default"},"geometry":{"type":"MultiPolygon","coordinates":[[[[204137.49,1679910.69],[204140.01,1679898.04],[204151.08,1679900.2],[204148.56,1679912.87],[204137.49,1679910.69]]]]}},{"type":"Feature","properties":{"building":"yes","height":6,"heightSource":"default"},"geometry":{"type":"MultiPolygon","coordinates":[[[[204131.24,1679929.37],[204136.58,1679912.35],[204146.27,1679915.35],[204144.8,1679920.03],[204151.86,1679922.23],[204147.99,1679934.57],[204131.24,1679929.37]]]]}},{"type":"Feature","properties":{"building":"yes","height":6,"heightSource":"default"},"geometry":{"type":"MultiPolygon","coordinates":[[[[204254.2,1680008.95],[204250.46,1680018.1],[204239.38,1680013.61],[204245.85,1679997.86],[204260.52,1680003.8],[204257.8,1680010.4],[204254.2,1680008.95]]]]}},{"type":"Feature","properties":{"building":"yes","height":6,"heightSource":"default"},"geometry":{"type":"MultiPolygon","coordinates":[[[[204218.87,1679980.15],[204228.51,1679982.17],[204226.32,1679992.57],[204216.67,1679990.55],[204218.87,1679980.15]]]]}},{"type":"Feature","properties":{"building":"yes","height":6,"heightSource":"default"},"geometry":{"type":"MultiPolygon","coordinates":[[[[204205.39,1679988.14],[204206.94,1679976.31],[204216,1679977.49],[204214.45,1679989.31],[204205.39,1679988.14]]]]}},{"type":"Feature","properties":{"building":"yes","height":6,"heightSource":"default"},"geometry":{"type":"MultiPolygon","coordinates":[[[[204135.19,1679956.1],[204133,1679961.84],[204119.7,1679956.83],[204125.12,1679942.61],[204134.5,1679946.14],[204131.27,1679954.62],[204135.19,1679956.1]]]]}},{"type":"Feature","properties":{"building":"yes","height":6,"heightSource":"default"},"geometry":{"type":"MultiPolygon","coordinates":[[[[204135.21,1679964.11],[204138.84,1679965.29],[204137.36,1679969.79],[204133.72,1679968.61],[204135.21,1679964.11]]]]}},{"type":"Feature","properties":{"building":"yes","height":6,"heightSource":"default"},"geometry":{"type":"MultiPolygon","coordinates":[[[[204146.99,1679989.51],[204148.96,1679983.59],[204157.14,1679986.26],[204155.18,1679992.19],[204146.99,1679989.51]]]]}},{"type":"Feature","properties":{"building":"yes","height":6,"heightSource":"default"},"geometry":{"type":"MultiPolygon","coordinates":[[[[204176.92,1680004.62],[204177.42,1680001.38],[204182.95,1680002.22],[204182.16,1680007.25],[204185.09,1680007.69],[204184.25,1680013.16],[204172.43,1680011.36],[204173.55,1680004.1],[204176.92,1680004.62]]]]}},{"type":"Feature","properties":{"building":"yes","height":6,"heightSource":"default"},"geometry":{"type":"MultiPolygon","coordinates":[[[[204140.73,1680006.04],[204150.6,1680007.46],[204148,1680025.24],[204138.13,1680023.81],[204140.73,1680006.04]]]]}},{"type":"Feature","properties":{"building":"yes","height":6,"heightSource":"default"},"geometry":{"type":"MultiPolygon","coordinates":[[[[204214.95,1680017.6],[204216.2,1680012.31],[204221.1,1680013.44],[204219.86,1680018.75],[204214.95,1680017.6]]]]}},{"type":"Feature","properties":{"building":"yes","height":6,"heightSource":"default"},"geometry":{"type":"MultiPolygon","coordinates":[[[[204210.12,1680038.8],[204210.29,1680043.39],[204213.46,1680043.27],[204213.79,1680052.72],[204204,1680053.07],[204203.49,1680039.04],[204210.12,1680038.8]]]]}},{"type":"Feature","properties":{"building":"yes","height":6,"heightSource":"default"},"geometry":{"type":"MultiPolygon","coordinates":[[[[204224.27,1680050.94],[204215.93,1680051.42],[204215.22,1680039.42],[204223.56,1680038.93],[204224.27,1680050.94]]]]}},{"type":"Feature","properties":{"building":"yes","height":6,"heightSource":"default"},"geometry":{"type":"MultiPolygon","coordinates":[[[[204187.74,1680044.63],[204197.07,1680044.24],[204197.48,1680053.68],[204188.15,1680054.08],[204187.74,1680044.63]]]]}},{"type":"Feature","properties":{"building":"yes","height":6,"heightSource":"default"},"geometry":{"type":"MultiPolygon","coordinates":[[[[204185.41,1680032.94],[204193.17,1680033.3],[204192.92,1680038.45],[204185.16,1680038.08],[204185.41,1680032.94]]]]}},{"type":"Feature","properties":{"building":"yes","height":6,"heightSource":"default"},"geometry":{"type":"MultiPolygon","coordinates":[[[[204257.36,1680040.48],[204257.61,1680050.8],[204245.33,1680051.1],[204245.08,1680040.78],[204257.36,1680040.48]]]]}},{"type":"Feature","properties":{"building":"yes","height":6,"heightSource":"default"},"geometry":{"type":"MultiPolygon","coordinates":[[[[204245.33,1680027.08],[204257.87,1680025.16],[204259.59,1680036.26],[204247.07,1680038.18],[204245.33,1680027.08]]]]}},{"type":"Feature","properties":{"building":"yes","height":6,"heightSource":"default"},"geometry":{"type":"MultiPolygon","coordinates":[[[[204233.06,1680034.25],[204239.57,1680033.99],[204239.32,1680027.81],[204243.35,1680027.65],[204243.74,1680037.26],[204239.42,1680037.44],[204239.94,1680050.32],[204233.71,1680050.57],[204233.06,1680034.25]]]]}},{"type":"Feature","properties":{"building":"yes","height":6,"heightSource":"default"},"geometry":{"type":"MultiPolygon","coordinates":[[[[204237.19,1680080.68],[204248.72,1680080.92],[204248.52,1680089.97],[204236.99,1680089.73],[204237.19,1680080.68]]]]}},{"type":"Feature","properties":{"building":"yes","height":6,"heightSource":"default"},"geometry":{"type":"MultiPolygon","coordinates":[[[[204218.84,1680074.71],[204230.36,1680074.95],[204230.18,1680084],[204218.65,1680083.76],[204218.84,1680074.71]]]]}},{"type":"Feature","properties":{"building":"yes","height":6,"heightSource":"default"},"geometry":{"type":"MultiPolygon","coordinates":[[[[204203.55,1680067.53],[204215.08,1680067.78],[204214.88,1680076.83],[204203.35,1680076.57],[204203.55,1680067.53]]]]}},{"type":"Feature","properties":{"building":"yes","height":6,"heightSource":"default"},"geometry":{"type":"MultiPolygon","coordinates":[[[[204125.66,1680038.51],[204136.72,1680038.77],[204136.23,1680059.39],[204125.17,1680059.13],[204125.66,1680038.51]]]]}},{"type":"Feature","properties":{"building":"yes","height":6,"heightSource":"default"},"geometry":{"type":"MultiPolygon","coordinates":[[[[204116.06,1679991.6],[204127.4,1679995.54],[204122.43,1680009.67],[204111.08,1680005.71],[204116.06,1679991.6]]]]}},{"type":"Feature","properties":{"building":"yes","height":6,"heightSource":"default"},"geometry":{"type":"MultiPolygon","coordinates":[[[[204100.27,1680018.66],[204100.6,1680009.5],[204113.55,1680009.96],[204113.23,1680019.12],[204100.27,1680018.66]]]]}},{"type":"Feature","properties":{"building":"yes","height":6,"heightSource":"default"},"geometry":{"type":"MultiPolygon","coordinates":[[[[204110.39,1680035.95],[204093.96,1680035.76],[204094.04,1680028.03],[204089.72,1680027.97],[204089.81,1680020.53],[204110.57,1680020.76],[204110.39,1680035.95]]]]}},{"type":"Feature","properties":{"building":"yes","height":6,"heightSource":"default"},"geometry":{"type":"MultiPolygon","coordinates":[[[[204086.57,1680030.87],[204090.32,1680030.98],[204090.2,1680034.83],[204086.46,1680034.71],[204086.57,1680030.87]]]]}},{"type":"Feature","properties":{"building":"yes","height":6,"heightSource":"default"},"geometry":{"type":"MultiPolygon","coordinates":[[[[204055.54,1680067.63],[204060.76,1680058.69],[204069.11,1680063.51],[204063.89,1680072.45],[204055.54,1680067.63]]]]}},{"type":"Feature","properties":{"building":"yes","height":6,"heightSource":"default"},"geometry":{"type":"MultiPolygon","coordinates":[[[[204062.67,1680078.64],[204066.66,1680079.03],[204066,1680085.99],[204062,1680085.61],[204062.67,1680078.64]]]]}},{"type":"Feature","properties":{"building":"yes","height":6,"heightSource":"default"},"geometry":{"type":"MultiPolygon","coordinates":[[[[204048.23,1680093.53],[204050.69,1680088.81],[204057.24,1680092.16],[204054.8,1680096.89],[204048.23,1680093.53]]]]}},{"type":"Feature","properties":{"building":"yes","height":6,"heightSource":"default"},"geometry":{"type":"MultiPolygon","coordinates":[[[[204100.03,1679938.53],[204114.21,1679942.15],[204110.27,1679957.42],[204101.47,1679955.17],[204100.02,1679960.81],[204091.83,1679958.72],[204095.22,1679945.58],[204098.02,1679946.29],[204100.03,1679938.53]]]]}},{"type":"Feature","properties":{"building":"yes","height":6,"heightSource":"default"},"geometry":{"type":"MultiPolygon","coordinates":[[[[204099.42,1679964.42],[204096.92,1679974.38],[204086.26,1679971.72],[204088.77,1679961.78],[204099.42,1679964.42]]]]}},{"type":"Feature","properties":{"building":"yes","height":6,"heightSource":"default"},"geometry":{"type":"MultiPolygon","coordinates":[[[[204085.87,1679960.68],[204084.16,1679970.11],[204068.28,1679967.26],[204069.99,1679957.85],[204085.87,1679960.68]]]]}},{"type":"Feature","properties":{"building":"yes","height":6,"heightSource":"default"},"geometry":{"type":"MultiPolygon","coordinates":[[[[204086.51,1679938.03],[204087.78,1679930.23],[204095.08,1679931.39],[204093.81,1679939.2],[204086.51,1679938.03]]]]}},{"type":"Feature","properties":{"building":"yes","height":6,"heightSource":"default"},"geometry":{"type":"MultiPolygon","coordinates":[[[[204067.03,1679939.82],[204069.08,1679931.15],[204080.98,1679933.93],[204078.92,1679942.6],[204067.03,1679939.82]]]]}},{"type":"Feature","properties":{"building":"yes","height":6,"heightSource":"default"},"geometry":{"type":"MultiPolygon","coordinates":[[[[204124.35,1679921.86],[204116.39,1679919.57],[204115.24,1679923.52],[204109.24,1679921.79],[204113.78,1679906.25],[204127.73,1679910.27],[204124.35,1679921.86]]]]}},{"type":"Feature","properties":{"building":"yes","height":6,"heightSource":"default"},"geometry":{"type":"MultiPolygon","coordinates":[[[[204106.89,1679903.02],[204112.87,1679905.45],[204110.13,1679912.03],[204104.17,1679909.59],[204106.89,1679903.02]]]]}},{"type":"Feature","properties":{"building":"yes","height":6,"heightSource":"default"},"geometry":{"type":"MultiPolygon","coordinates":[[[[204052.53,1679737.79],[204052.74,1679727.19],[204068.89,1679727.5],[204068.67,1679738.1],[204052.53,1679737.79]]]]}},{"type":"Feature","properties":{"building":"yes","height":6,"heightSource":"default"},"geometry":{"type":"MultiPolygon","coordinates":[[[[204067.52,1679712.08],[204067.4,1679722.68],[204057.88,1679722.57],[204058.02,1679711.97],[204067.52,1679712.08]]]]}},{"type":"Feature","properties":{"building":"yes","height":6,"heightSource":"default"},"geometry":{"type":"MultiPolygon","coordinates":[[[[204065.05,1679755.32],[204060.6,1679770.3],[204053.98,1679768.36],[204058.43,1679753.39],[204065.05,1679755.32]]]]}},{"type":"Feature","properties":{"building":"yes","height":6,"heightSource":"default"},"geometry":{"type":"MultiPolygon","coordinates":[[[[204065.41,1679780.46],[204065.54,1679772.03],[204075.05,1679772.16],[204074.92,1679780.6],[204065.41,1679780.46]]]]}},{"type":"Feature","properties":{"building":"yes","height":6,"heightSource":"default"},"geometry":{"type":"MultiPolygon","coordinates":[[[[204026.98,1679775.96],[204029.76,1679761.91],[204041.56,1679764.22],[204038.78,1679778.26],[204026.98,1679775.96]]]]}},{"type":"Feature","properties":{"building":"yes","height":6,"heightSource":"default"},"geometry":{"type":"MultiPolygon","coordinates":[[[[204007.9,1679762.23],[204013.89,1679763.65],[204014.27,1679762.03],[204023.8,1679764.29],[204020.49,1679778.08],[204004.98,1679774.41],[204007.9,1679762.23]]]]}},{"type":"Feature","properties":{"building":"yes","height":6,"heightSource":"default"},"geometry":{"type":"MultiPolygon","coordinates":[[[[204004.93,1679758.92],[204004.37,1679772.64],[203993.72,1679772.22],[203994.28,1679758.48],[204004.93,1679758.92]]]]}},{"type":"Feature","properties":{"building":"yes","height":6,"heightSource":"default"},"geometry":{"type":"MultiPolygon","coordinates":[[[[203988.41,1679755.58],[203988.29,1679771.34],[203977.62,1679771.26],[203977.75,1679755.5],[203988.41,1679755.58]]]]}},{"type":"Feature","properties":{"building":"yes","height":6,"heightSource":"default"},"geometry":{"type":"MultiPolygon","coordinates":[[[[203965.15,1679769.09],[203965.12,1679760.65],[203973.09,1679760.61],[203973.12,1679769.06],[203965.15,1679769.09]]]]}},{"type":"Feature","properties":{"building":"yes","height":6,"heightSource":"default"},"geometry":{"type":"MultiPolygon","coordinates":[[[[203975.41,1679741.55],[203975.84,1679749.84],[203968.06,1679750.23],[203967.64,1679741.94],[203975.41,1679741.55]]]]}},{"type":"Feature","properties":{"building":"yes","height":6,"heightSource":"default"},"geometry":{"type":"MultiPolygon","coordinates":[[[[203957.72,1679743.23],[203964.99,1679743.77],[203964.51,1679750.32],[203957.23,1679749.78],[203957.72,1679743.23]]]]}},{"type":"Feature","properties":{"building":"yes","height":6,"heightSource":"default"},"geometry":{"type":"MultiPolygon","coordinates":[[[[203949.55,1679752.21],[203950.08,1679765.38],[203937.98,1679765.85],[203937.45,1679752.68],[203949.55,1679752.21]]]]}},{"type":"Feature","properties":{"building":"yes","height":6,"heightSource":"default"},"geometry":{"type":"MultiPolygon","coordinates":[[[[203948.81,1679747],[203937.58,1679746.6],[203937.92,1679737.45],[203949.14,1679737.85],[203948.81,1679747]]]]}},{"type":"Feature","properties":{"building":"yes","height":6,"heightSource":"default"},"geometry":{"type":"MultiPolygon","coordinates":[[[[204067.53,1679825.33],[204057.83,1679825.24],[204057.95,1679812.92],[204067.66,1679813.02],[204067.53,1679825.33]]]]}},{"type":"Feature","properties":{"building":"yes","height":6,"heightSource":"default"},"geometry":{"type":"MultiPolygon","coordinates":[[[[204049.56,1679834.99],[204037.18,1679834.68],[204037.42,1679825.24],[204049.81,1679825.54],[204049.56,1679834.99]]]]}},{"type":"Feature","properties":{"building":"yes","height":6,"heightSource":"default"},"geometry":{"type":"MultiPolygon","coordinates":[[[[204064.11,1679839.99],[204058.67,1679840.42],[204058.24,1679834.99],[204063.69,1679834.57],[204064.11,1679839.99]]]]}},{"type":"Feature","properties":{"building":"yes","height":6,"heightSource":"default"},"geometry":{"type":"MultiPolygon","coordinates":[[[[204069.44,1679862.64],[204057.8,1679862.42],[204058.13,1679844.78],[204069.77,1679845],[204069.44,1679862.64]]]]}},{"type":"Feature","properties":{"building":"yes","height":6,"heightSource":"default"},"geometry":{"type":"MultiPolygon","coordinates":[[[[204046.84,1679875.86],[204048.33,1679864.31],[204058.71,1679865.64],[204057.51,1679874.92],[204052.52,1679874.29],[204052.23,1679876.54],[204046.84,1679875.86]]]]}},{"type":"Feature","properties":{"building":"yes","height":6,"heightSource":"default"},"geometry":{"type":"MultiPolygon","coordinates":[[[[204052.1,1679886.29],[204051.62,1679901.45],[204043.26,1679901.19],[204043.75,1679886.03],[204052.1,1679886.29]]]]}},{"type":"Feature","properties":{"building":"yes","height":6,"heightSource":"default"},"geometry":{"type":"MultiPolygon","coordinates":[[[[204052.05,1679878.85],[204051.83,1679883.71],[204042.16,1679883.28],[204042.38,1679878.43],[204052.05,1679878.85]]]]}},{"type":"Feature","properties":{"building":"yes","height":6,"heightSource":"default"},"geometry":{"type":"MultiPolygon","coordinates":[[[[204438.29,1679619.56],[204444.58,1679613.16],[204434.24,1679605.09],[204412.89,1679590.89],[204406.93,1679598.84],[204421.24,1679608.2],[204429.38,1679614.14],[204438.29,1679619.56]]]]}},{"type":"Feature","properties":{"building":"roof","height":6,"heightSource":"default"},"geometry":{"type":"MultiPolygon","coordinates":[[[[209860.5,1673269.75],[209855.14,1673272.88],[209857.48,1673276.83],[209862.82,1673273.71],[209860.5,1673269.75]]]]}},{"type":"Feature","properties":{"building":"yes","height":3.2,"heightSource":"inferred"},"geometry":{"type":"MultiPolygon","coordinates":[[[[209859.9,1673266.48],[209865.14,1673274.96],[209884.99,1673262.82],[209879.74,1673254.35],[209859.9,1673266.48]]]]}},{"type":"Feature","properties":{"building":"commercial","height":3.2,"heightSource":"inferred"},"geometry":{"type":"MultiPolygon","coordinates":[[[[210196.45,1674022.71],[210187.7,1674033.23],[210197.87,1674046.48],[210208.36,1674038.53],[210203.67,1674032.3],[210196.45,1674022.71]]]]}},{"type":"Feature","properties":{"building":"roof","height":6,"heightSource":"default"},"geometry":{"type":"MultiPolygon","coordinates":[[[[210214.4,1674008.73],[210196.45,1674022.71],[210203.67,1674032.3],[210221.87,1674018.25],[210214.4,1674008.73]]]]}},{"type":"Feature","properties":{"building":"yes","height":6,"heightSource":"default"},"geometry":{"type":"MultiPolygon","coordinates":[[[[210179.14,1674185.65],[210144.26,1674171.72],[210121.81,1674227.24],[210156.68,1674241.17],[210179.14,1674185.65]]]]}}]}